iteration,temperature
0,594172.3455231406
1,593098.9988599918
2,592027.5911512017
3,590958.1188941334
4,589890.5785924768
5,588824.966756238
6,587761.2799017277
7,586699.5145515493
8,585639.6672345885
9,584581.7344860012
10,583525.7128472023
11,582471.5988658546
12,581419.3890958573
13,580369.0800973349
14,579320.668436626
15,578274.1506862716
16,577229.5234250047
17,576186.7832377384
18,575145.9267155551
19,574106.9504556953
20,573069.8510615461
21,572034.625142631
22,571001.2693145978
23,569969.7801992083
24,568940.1544243266
25,567912.3886239087
26,566886.4794379912
27,565862.42351268
28,564840.2175001401
29,563819.8580585839
30,562801.341852261
31,561784.6655514464
32,560769.8258324303
33,559756.8193775071
34,558745.6428749644
35,557736.2930190724
36,556728.7665100727
37,555723.0600541682
38,554719.1703635114
39,553717.0941561946
40,552716.8281562383
41,551718.3690935813
42,550721.7137040695
43,549726.8587294451
44,548733.8009173367
45,547742.5370212477
46,546753.0638005463
47,545765.378020455
48,544779.4764520394
49,543795.3558721984
50,542813.0130636528
51,541832.4448149358
52,540853.6479203817
53,539876.619180116
54,538901.3554000441
55,537927.8533918419
56,536956.1099729444
57,535986.1219665362
58,535017.8862015405
59,534051.3995126089
60,533086.658740111
61,532123.6607301243
62,531162.4023344237
63,530202.8804104711
64,529245.0918214053
65,528289.0334360319
66,527334.7021288126
67,526382.0947798552
68,525431.2082749038
69,524482.039505328
70,523534.5853681132
71,522588.84276584996
72,521644.80860672443
73,520702.479804508
74,519761.853278547
75,518822.925953753
76,517885.69476059254
77,516950.1566350771
78,516016.30851875315
79,515084.1473586922
80,514153.67010748055
81,513224.8737232097
82,512297.7551694662
83,511372.31141532166
84,510448.539435323
85,509526.43620948243
86,508605.99872326775
87,507687.2239675923
88,506770.10893880524
89,505854.65063868166
90,504940.8460744128
91,504028.69225859636
92,503118.18620922655
93,502209.32494968455
94,501302.1055087286
95,500396.52492048434
96,499492.58022443525
97,498590.2684654127
98,497689.5866935866
99,496790.5319644555
100,495893.10133883706
101,494997.2918828585
102,494103.1006679469
103,493210.52477081976
104,492319.5612734753
105,491430.20726318297
106,490542.45983247395
107,489656.31607913174
108,488771.7731061824
109,487888.82802188536
110,487007.4779397239
111,486127.71997839544
112,485249.55126180267
113,484372.96891904355
114,483497.97008440236
115,482624.5518973401
116,481752.7115024852
117,480882.4460496243
118,480013.7526936927
119,479146.62859476527
120,478281.07091804704
121,477417.076833864
122,476554.64351765375
123,475693.7681499565
124,474834.4479164055
125,473976.6800077182
126,473120.4616196868
127,472265.7899531692
128,471412.66221407976
129,470561.0756133804
130,469711.0273670712
131,468862.5146961814
132,468015.5348267604
133,467170.0849898686
134,466326.1624215684
135,465483.764362915
136,464642.8880599477
137,463803.5307636806
138,462965.68973009364
139,462129.36222012393
140,461294.54549965647
141,460461.2368395153
142,459629.4335154545
143,458799.13280814973
144,457970.3320031886
145,457143.0283910624
146,456317.2192671569
147,455492.90193174384
148,454670.0736899717
149,453848.7318518572
150,453028.8737322764
151,452210.4966509558
152,451393.59793246386
153,450578.174906202
154,449764.224906396
155,448951.7452720872
156,448140.73334712395
157,447331.18648015265
158,446523.10202460946
159,445716.47733871127
160,444911.3097854473
161,444107.59673257044
162,443305.33555258857
163,442504.5236227561
164,441705.1583250653
165,440907.2370462376
166,440110.7571777155
167,439315.7161156534
168,438522.1112609097
169,437729.940019038
170,436939.1998002785
171,436149.8880195499
172,435362.0020964405
173,434575.5394552003
174,433790.497524732
175,433006.87373858306
176,432224.665534937
177,431443.8703566052
178,430664.4856510185
179,429886.5088702189
180,429109.93747085106
181,428334.7689141542
182,427561.0006659537
183,426788.63019665267
184,426017.654981224
185,425248.07249920187
186,424479.88023467356
187,423713.0756762713
188,422947.65631716384
189,422183.61965504865
190,421420.9631921433
191,420659.68443517754
192,419899.7808953852
193,419141.25008849584
194,418384.0895347268
195,417628.2967587751
196,416873.86928980914
197,416120.8046614609
198,415369.1004118177
199,414618.7540834142
200,413869.7632232244
201,413122.1253826535
202,412375.83811753005
203,411630.8989880979
204,410887.30555900815
205,410145.0553993113
206,409404.14608244924
207,408664.57518624736
208,407926.34029290656
209,407189.43898899545
210,406453.86886544235
211,405719.62751752743
212,404986.712544875
213,404255.1215514454
214,403524.8521455274
215,402795.9019397303
216,402068.26855097606
217,401341.9496004916
218,400616.94271380105
219,399893.2455207178
220,399170.85565533704
221,398449.7707560277
222,397729.98846542503
223,397011.50643042265
224,396294.32230216503
225,395578.43373603973
226,394863.83839166973
227,394150.5339329058
228,393438.518027819
229,392727.78834869264
230,392018.34257201524
231,391310.17837847245
232,390603.2934529397
233,389897.6854844747
234,389193.3521663096
235,388490.29119584383
236,387788.5002746362
237,387087.9771083976
238,386388.71940698347
239,385690.7248843863
240,384993.99125872814
241,384298.5162522532
242,383604.2975913203
243,382911.33300639555
244,382219.6202320448
245,381529.1570069263
246,380839.9410737835
247,380151.97017943725
248,379465.2420747788
249,378779.7545147623
250,378095.50525839743
251,377412.49206874217
252,376730.7127128955
253,376050.16496198985
254,375370.8465911842
255,374692.75537965656
256,374015.8891105967
257,373340.24557119893
258,372665.822552655
259,371992.6178501468
260,371320.629262839
261,370649.85459387203
262,369980.2916503549
263,369311.938243358
264,368644.79218790575
265,367978.8513029699
266,367314.11341146193
267,366650.5763402262
268,365988.2379200328
269,365327.09598557046
270,364667.14837543934
271,364008.3929321442
272,363350.8275020872
273,362694.4499355608
274,362039.2580867409
275,361385.2498136797
276,360732.4229782988
277,360080.775446382
278,359430.3050875686
279,358781.00977534626
280,358132.8873870441
281,357485.93580382573
282,356840.1529106824
283,356195.5365964259
284,355552.0847536821
285,354909.79527888336
286,354268.6660722623
287,353628.69503784453
288,352989.8800834421
289,352352.21912064636
290,351715.71006482135
291,351080.35083509696
292,350446.13935436204
293,349813.0735492576
294,349181.1513501701
295,348550.37069122476
296,347920.7295102786
297,347292.2257489139
298,346664.8573524313
299,346038.62226984324
300,345413.5184538672
301,344789.54386091884
302,344166.6964511056
303,343544.9741882199
304,342924.3750397324
305,342304.89697678544
306,341686.53797418653
307,341069.29601040145
308,340453.1690675479
309,339838.1551313887
310,339224.2521913254
311,338611.4582403916
312,337999.77127524634
313,337389.18929616763
314,336779.7103070459
315,336171.3323153774
316,335564.0533322579
317,334957.8713723759
318,334352.7844540064
319,333748.7905990042
320,333145.8878327975
321,332544.0741843816
322,331943.3476863123
323,331343.7063746994
324,330745.1482892006
325,330147.6714730147
326,329551.2739728753
327,328955.9538390448
328,328361.70912530733
329,327768.5378889631
330,327176.43819082156
331,326585.40809519525
332,325995.44566989347
333,325406.5489862159
334,324818.7161189463
335,324231.9451463464
336,323646.23415014934
337,323061.58121555357
338,322477.9844312165
339,321895.4418892483
340,321313.9516852058
341,320733.511918086
342,320154.1206903199
343,319575.77610776655
344,318998.4762797066
345,318422.21931883617
346,317847.00334126083
347,317272.8264664892
348,316699.68681742693
349,316127.58252037066
350,315556.51170500176
351,314986.47250438016
352,314417.4630549384
353,313849.4814964756
354,313282.52597215096
355,312716.5946284783
356,312151.6856153194
357,311587.7970858785
358,311024.92719669576
359,310463.07410764165
360,309902.23598191066
361,309342.4109860154
362,308783.5972897806
363,308225.7930663372
364,307668.99649211613
365,307113.20574684266
366,306558.4190135303
367,306004.6344784748
368,305451.8503312483
369,304900.0647646935
370,304349.27597491746
371,303799.4821612861
372,303250.681526418
373,302702.8722761786
374,302156.0526196745
375,301610.2207692473
376,301065.374940468
377,300521.5133521312
378,299978.634226249
379,299436.7357880455
380,298895.81626595074
381,298355.8738915951
382,297816.90689980343
383,297278.91352858924
384,296741.8920191491
385,296205.84061585664
386,295670.7575662571
387,295136.64112106134
388,294603.4895341403
389,294071.3010625192
390,293540.0739663719
391,293009.8065090151
392,292480.49695690285
393,291952.1435796207
394,291424.7446498801
395,290898.2984435129
396,290372.8032394654
397,289848.2573197931
398,289324.6589696548
399,288802.00647730706
400,288280.29813409864
401,287759.532234465
402,287239.70707592246
403,286720.82095906296
404,286202.87218754826
405,285685.85906810453
406,285169.7799105167
407,284654.63302762306
408,284140.41673530964
409,283627.1293525048
410,283114.7692011737
411,282603.3346063127
412,282092.823895944
413,281583.23540111026
414,281074.567455869
415,280566.8183972871
416,280059.98656543554
417,279554.07030338387
418,279049.0679571948
419,278544.9778759189
420,278041.79841158894
421,277539.5279192148
422,277038.16475677793
423,276537.70728522603
424,276038.1538684676
425,275539.5028733668
426,275041.75266973785
427,274544.9016303399
428,274048.94813087163
429,273553.89054996596
430,273059.7272691847
431,272566.4566730134
432,272074.0771488558
433,271582.58708702883
434,271091.9848807573
435,270602.26892616844
436,270113.4376222869
437,269625.4893710294
438,269138.42257719964
439,268652.2356484828
440,268166.92699544056
441,267682.4950315059
442,267198.93817297777
443,266716.2548390162
444,266234.4434516367
445,265753.5024357055
446,265273.4302189342
447,264794.2252318747
448,264315.8859079139
449,263838.4106832689
450,263361.79799698165
451,262886.04629091383
452,262411.1540097419
453,261937.11960095193
454,261463.94151483456
455,260991.61820447986
456,260520.14812577236
457,260049.52973738598
458,259579.76150077896
459,259110.84188018885
460,258642.7693426275
461,258175.542357876
462,257709.15939847977
463,257243.61893974346
464,256778.91945972608
465,256315.0594392359
466,255852.03736182553
467,255389.85171378704
468,254928.50098414693
469,254467.98366466118
470,254008.29824981035
471,253549.4432367947
472,253091.4171255292
473,252634.21841863866
474,252177.8456214528
475,251722.29724200148
476,251267.57179100966
477,250813.66778189267
478,250360.58373075124
479,249908.31815636673
480,249456.86958019627
481,249006.2365263679
482,248556.4175216757
483,248107.41109557514
484,247659.21578017808
485,247211.83011024812
486,246765.2526231957
487,246319.4818590734
488,245874.51636057105
489,245430.35467301117
490,244986.99534434403
491,244544.43692514295
492,244102.67796859957
493,243661.71703051918
494,243221.55266931592
495,242782.18344600807
496,242343.6079242134
497,241905.82467014441
498,241468.83225260372
499,241032.6292429793
500,240597.2142152399
501,240162.58574593024
502,239728.74241416654
503,239295.68280163177
504,238863.405492571
505,238431.90907378684
506,238001.1921346347
507,237571.25326701836
508,237142.0910653852
509,236713.70412672168
510,236286.09105054877
511,235859.2504389173
512,235433.1808964035
513,235007.8810301043
514,234583.34944963286
515,234159.58476711408
516,233736.58559717995
517,233314.35055696504
518,232892.87826610205
519,232472.16734671727
520,232052.216423426
521,231633.02412332813
522,231214.58907600367
523,230796.90991350822
524,230379.9852703685
525,229963.81378357785
526,229548.39409259195
527,229133.72483932413
528,228719.8046681411
529,228306.63222585843
530,227894.2061617362
531,227482.52512747448
532,227071.5877772091
533,226661.39276750697
534,226251.93875736202
535,225843.22440819055
536,225435.24838382695
537,225028.0093505194
538,224621.5059769254
539,224215.73693410747
540,223810.7008955288
541,223406.39653704892
542,223002.82253691932
543,222599.97757577922
544,222197.8603366512
545,221796.46950493692
546,221395.80376841273
547,220995.86181722555
548,220596.64234388844
549,220198.14404327638
550,219800.365612622
551,219403.30575151133
552,219006.96316187957
553,218611.33654800677
554,218216.4246165137
555,217822.22607635747
556,217428.7396388275
557,217035.96401754118
558,216643.89792843966
559,216252.54008978372
560,215861.88922214956
561,215471.94404842457
562,215082.7032938032
563,214694.1656857828
564,214306.3299541594
565,213919.1948310236
566,213532.7590507565
567,213147.02135002537
568,212761.98046777977
569,212377.63514524716
570,211993.984125929
571,211611.02615559657
572,211228.7599822868
573,210847.18435629827
574,210466.29803018708
575,210086.0997587628
576,209706.5882990844
577,209327.7624104561
578,208949.62085442347
579,208572.16239476923
580,208195.38579750928
581,207819.28983088868
582,207443.8732653776
583,207069.1348736673
584,206695.07343066612
585,206321.68771349548
586,205948.97650148586
587,205576.93857617283
588,205205.5727212931
589,204834.87772278045
590,204464.85236876187
591,204095.4954495535
592,203726.80575765675
593,203358.7820877543
594,202991.42323670627
595,202624.72800354604
596,202258.69518947662
597,201893.32359786658
598,201528.61203424606
599,201164.55930630307
600,200801.1642238794
601,200438.4255989669
602,200076.34224570336
603,199714.91298036894
604,199354.13662138203
605,198994.01198929554
606,198634.53790679298
607,198275.71319868465
608,197917.53669190378
609,197560.00721550267
610,197203.12360064892
611,196846.88468062156
612,196491.2892908072
613,196136.33626869638
614,195782.0244538796
615,195428.35268804355
616,195075.31981496746
617,194722.92468051915
618,194371.16613265136
619,194020.04302139793
620,193669.55419887006
621,193319.69851925262
622,192970.4748388003
623,192621.8820158339
624,192273.91891073663
625,191926.5843859504
626,191579.87730597204
627,191233.7965373496
628,190888.34094867873
629,190543.5094105988
630,190199.30079578946
631,189855.7139789667
632,189512.74783687934
633,189170.40124830528
634,188828.6730940479
635,188487.56225693232
636,188147.0676218018
637,187807.1880755141
638,187467.9225069378
639,187129.26980694867
640,186791.22886842614
641,186453.79858624956
642,186116.97785729458
643,185780.7655804297
644,185445.16065651248
645,185110.1619883861
646,184775.76848087567
647,184441.97904078467
648,184108.79257689143
649,183776.2079999455
650,183444.22422266414
651,183112.84015972872
652,182782.05472778116
653,182451.86684542047
654,182122.27543319916
655,181793.2794136197
656,181464.877711131
657,181137.06925212493
658,180809.85296493277
659,180483.22777982173
660,180157.19262899147
661,179831.74644657053
662,179506.88816861296
663,179182.61673309474
664,178858.93107991037
665,178535.83015086935
666,178213.31288969284
667,177891.37824201002
668,177570.02515535482
669,177249.25257916236
670,176929.0594647656
671,176609.44476539185
672,176290.40743615935
673,175971.9464340739
674,175654.06071802543
675,175336.74924878456
676,175020.01098899925
677,174703.84490319138
678,174388.2499577534
679,174073.22512094493
680,173758.76936288938
681,173444.88165557053
682,173131.56097282932
683,172818.80629036034
684,172506.61658570854
685,172194.99083826595
686,171883.9280292682
687,171573.42714179136
688,171263.48716074845
689,170954.10707288625
690,170645.28586678195
691,170337.0225328398
692,170029.3160632878
693,169722.16545217458
694,169415.56969536585
695,169109.52779054127
696,168804.03873719118
697,168499.1015366133
698,168194.71519190943
699,167890.87870798225
700,167587.59109153203
701,167284.8513510534
702,166982.65849683207
703,166681.0115409417
704,166379.9094972405
705,166079.35138136818
706,165779.3362107426
707,165479.86300455665
708,165180.930783775
709,164882.5385711309
710,164584.68539112297
711,164287.37027001206
712,163990.592235818
713,163694.35031831654
714,163398.643549036
715,163103.47096125426
716,162808.83158999553
717,162514.7244720272
718,162221.14864585674
719,161928.10315172843
720,161635.58703162035
721,161343.59932924126
722,161052.13909002734
723,160761.20536113917
724,160470.79719145864
725,160180.91363158572
726,159891.55373383546
727,159602.7165522349
728,159314.40114251987
729,159026.60656213204
730,158739.33187021574
731,158452.57612761488
732,158166.33839686998
733,157880.617742215
734,157595.41322957433
735,157310.72392655973
736,157026.54890246727
737,156742.8872282743
738,156459.73797663645
739,156177.10022188447
740,155894.97304002137
741,155613.3555087193
742,155332.24670731655
743,155051.6457168145
744,154771.55161987472
745,154491.96350081594
746,154212.88044561094
747,153934.3015418837
748,153656.22587890638
749,153378.6525475963
750,153101.58064051304
751,152825.00925185537
752,152548.9374774584
753,152273.3644147906
754,151998.2891629507
755,151723.71082266502
756,151449.6284962843
757,151176.04128778086
758,150902.94830274562
759,150630.34864838526
760,150358.24143351926
761,150086.62576857695
762,149815.50076559462
763,149544.86553821267
764,149274.71920167262
765,149005.0608728143
766,148735.8896700729
767,148467.20471347618
768,148199.0051246415
769,147931.29002677294
770,147664.05854465853
771,147397.3098046673
772,147131.04293474648
773,146865.2570644186
774,146599.9513247787
775,146335.12484849142
776,146070.77676978824
777,145806.9062244646
778,145543.51234987707
779,145280.5942849406
780,145018.1511701256
781,144756.1821474552
782,144494.68636050244
783,144233.66295438743
784,143973.11107577462
785,143713.02987286996
786,143453.4184954181
787,143194.2760946997
788,142935.6018235285
789,142677.39483624877
790,142419.65428873233
791,142162.3793383759
792,141905.56914409835
793,141649.2228663379
794,141393.33966704938
795,141137.9187097016
796,140882.95915927444
797,140628.46018225624
798,140374.42094664104
799,140120.84062192586
800,139867.718379108
801,139615.05339068233
802,139362.84483063853
803,139111.09187445845
804,138859.79369911342
805,138608.9494830615
806,138358.55840624485
807,138108.61965008703
808,137859.1323974903
809,137610.095832833
810,137361.50914196688
811,137113.37151221433
812,136865.68213236588
813,136618.44019267743
814,136371.64488486768
815,136125.29540211547
816,135879.39093905708
817,135633.93069178367
818,135388.9138578386
819,135144.3396362149
820,134900.20722735248
821,134656.51583313572
822,134413.26465689074
823,134170.45290338277
824,133928.07977881364
825,133686.1444908191
826,133444.64624846634
827,133203.58426225127
828,132962.95774409606
829,132722.76590734645
830,132483.00796676928
831,132243.68313854985
832,132004.79064028943
833,131766.3296910026
834,131528.29951111483
835,131290.6993224598
836,131053.52834827694
837,130816.78581320884
838,130580.47094329876
839,130344.58296598807
840,130109.12111011375
841,129874.08460590584
842,129639.47268498492
843,129405.28458035966
844,129171.51952642422
845,128938.17675895583
846,128705.25551511222
847,128472.75503342919
848,128240.67455381807
849,128009.01331756327
850,127777.77056731979
851,127546.94554711075
852,127316.53750232488
853,127086.5456797141
854,126856.96932739104
855,126627.80769482658
856,126399.06003284741
857,126170.72559363354
858,125942.80363071592
859,125715.29339897394
860,125488.19415463303
861,125261.50515526222
862,125035.22565977168
863,124809.35492841035
864,124583.89222276352
865,124358.83680575035
866,124134.18794162154
867,123909.94489595685
868,123686.1069356628
869,123462.67332897014
870,123239.64334543158
871,123017.01625591934
872,122794.79133262277
873,122572.96784904598
874,122351.54508000547
875,122130.52230162775
876,121909.89879134696
877,121689.67382790256
878,121469.84669133689
879,121250.41666299291
880,121031.38302551176
881,120812.7450628305
882,120594.50206017969
883,120376.6533040811
884,120159.19808234539
885,119942.13568406973
886,119725.4653996355
887,119509.18652070602
888,119293.29834022415
889,119077.80015241003
890,118862.69125275876
891,118647.9709380381
892,118433.63850628615
893,118219.69325680911
894,118006.13449017894
895,117792.96150823106
896,117580.17361406214
897,117367.77011202772
898,117155.75030774003
899,116944.11350806568
900,116732.8590211234
901,116521.98615628174
902,116311.49422415688
903,116101.38253661033
904,115891.65040674669
905,115682.29714891141
906,115473.32207868855
907,115264.72451289852
908,115056.50376959589
909,114848.65916806711
910,114641.19002882834
911,114434.09567362316
912,114227.37542542043
913,114021.028608412
914,113815.05454801056
915,113609.45257084742
916,113404.22200477029
917,113199.36217884108
918,112994.87242333376
919,112790.75206973209
920,112587.00045072749
921,112383.61690021685
922,112180.60075330034
923,111977.95134627925
924,111775.66801665381
925,111573.75010312103
926,111372.19694557252
927,111171.00788509236
928,110970.18226395494
929,110769.71942562278
930,110569.61871474444
931,110369.87947715232
932,110170.50105986054
933,109971.48281106283
934,109772.82408013038
935,109574.52421760968
936,109376.58257522047
937,109178.99850585357
938,108981.77136356875
939,108784.90050359268
940,108588.38528231675
941,108392.22505729504
942,108196.41918724215
943,108000.96703203113
944,107805.8679526914
945,107611.12131140669
946,107416.72647151287
947,107222.68279749593
948,107028.98965498988
949,106835.64641077472
950,106642.65243277428
951,106450.00709005426
952,106257.70975282008
953,106065.75979241489
954,105874.15658131744
955,105682.8994931401
956,105491.98790262676
957,105301.42118565083
958,105111.1987192132
959,104921.3198814401
960,104731.78405158123
961,104542.59061000761
962,104353.7389382096
963,104165.22841879487
964,103977.05843548638
965,103789.22837312038
966,103601.73761764436
967,103414.58555611511
968,103227.77157669664
969,103041.29506865823
970,102855.15542237242
971,102669.35202931301
972,102483.88428205308
973,102298.751574263
974,102113.95330070845
975,101929.48885724843
976,101745.35764083332
977,101561.55904950284
978,101378.09248238416
979,101194.95733968989
980,101012.15302271614
981,100829.67893384054
982,100647.53447652029
983,100465.71905529025
984,100284.23207576093
985,100103.0729446166
986,99922.2410696133
987,99741.73585957698
988,99561.55672440148
989,99381.70307504667
990,99202.17432353647
991,99022.96988295697
992,98844.08916745448
993,98665.53159223366
994,98487.29657355555
995,98309.38352873569
996,98131.79187614222
997,97954.52103519397
998,97777.57042635858
999,97600.93947115057
1000,97424.62759212947
1001,97248.63421289796
1002,97072.9587580999
1003,96897.60065341859
1004,96722.55932557471
1005,96547.83420232462
1006,96373.42471245838
1007,96199.33028579793
1008,96025.5503531952
1009,95852.08434653026
1010,95678.93169870948
1011,95506.09184366366
1012,95333.56421634615
1013,95161.34825273106
1014,94989.44338981138
1015,94817.84906559715
1016,94646.56471911364
1017,94475.58979039945
1018,94304.92372050475
1019,94134.56595148945
1020,93964.51592642131
1021,93794.77308937423
1022,93625.33688542628
1023,93456.20676065805
1024,93287.38216215072
1025,93118.8625379843
1026,92950.64733723583
1027,92782.73600997755
1028,92615.12800727515
1029,92447.82278118593
1030,92280.819784757
1031,92114.11847202356
1032,91947.71829800705
1033,91781.61871871339
1034,91615.8191911312
1035,91450.31917323005
1036,91285.11812395861
1037,91120.21550324302
1038,90955.61077198495
1039,90791.30339205998
1040,90627.2928263158
1041,90463.57853857038
1042,90300.15999361034
1043,90137.03665718914
1044,89974.20799602527
1045,89811.67347780065
1046,89649.43257115876
1047,89487.48474570295
1048,89325.82947199476
1049,89164.46622155207
1050,89003.39446684747
1051,88842.61368130652
1052,88682.12333930601
1053,88521.92291617222
1054,88362.01188817926
1055,88202.38973254731
1056,88043.05592744092
1057,87884.00995196734
1058,87725.25128617478
1059,87566.77941105072
1060,87408.5938085202
1061,87250.69396144418
1062,87093.07935361775
1063,86935.74946976855
1064,86778.703795555
1065,86621.9418175647
1066,86465.46302331267
1067,86309.26690123972
1068,86153.3529407108
1069,85997.72063201325
1070,85842.36946635523
1071,85687.29893586398
1072,85532.50853358419
1073,85377.99775347636
1074,85223.76609041513
1075,85069.81304018761
1076,84916.13809949176
1077,84762.74076593472
1078,84609.6205380312
1079,84456.77691520182
1080,84304.20939777145
1081,84151.91748696764
1082,83999.90068491892
1083,83848.15849465321
1084,83696.6904200962
1085,83545.4959660697
1086,83394.57463829005
1087,83243.9259433665
1088,83093.54938879957
1089,82943.44448297945
1090,82793.61073518444
1091,82644.04765557928
1092,82494.7547552136
1093,82345.73154602025
1094,82196.97754081381
1095,82048.49225328889
1096,81900.27519801863
1097,81752.32589045304
1098,81604.64384691748
1099,81457.228584611
1100,81310.07962160488
1101,81163.19647684091
1102,81016.57867012994
1103,80870.22572215024
1104,80724.13715444595
1105,80578.31248942556
1106,80432.75125036025
1107,80287.45296138241
1108,80142.4171474841
1109,79997.64333451541
1110,79853.13104918298
1111,79708.87981904845
1112,79564.88917252689
1113,79421.15863888526
1114,79277.68774824087
1115,79134.4760315599
1116,78991.52302065576
1117,78848.82824818765
1118,78706.39124765899
1119,78564.21155341592
1120,78422.28870064576
1121,78280.62222537548
1122,78139.21166447022
1123,77998.05655563172
1124,77857.15643739687
1125,77716.51084913618
1126,77576.11933105222
1127,77435.98142417823
1128,77296.0966703765
1129,77156.46461233695
1130,77017.0847935756
1131,76877.95675843311
1132,76739.08005207324
1133,76600.45422048142
1134,76462.07881046322
1135,76323.95336964288
1136,76186.07744646186
1137,76048.45059017732
1138,75911.07235086068
1139,75773.94227939613
1140,75637.05992747916
1141,75500.42484761513
1142,75364.03659311775
1143,75227.89471810768
1144,75091.998777511
1145,74956.34832705784
1146,74820.94292328086
1147,74685.78212351384
1148,74550.86548589019
1149,74416.19256934155
1150,74281.76293359636
1151,74147.57613917833
1152,74013.6317474051
1153,73879.92932038679
1154,73746.4684210245
1155,73613.24861300898
1156,73480.26946081914
1157,73347.5305297206
1158,73215.03138576436
1159,73082.7715957853
1160,72950.75072740082
1161,72818.96834900937
1162,72687.42402978911
1163,72556.1173396964
1164,72425.04784946452
1165,72294.21513060216
1166,72163.61875539206
1167,72033.25829688965
1168,71903.13332892158
1169,71773.24342608439
1170,71643.58816374307
1171,71514.16711802971
1172,71384.97986584209
1173,71256.02598484232
1174,71127.3050534554
1175,70998.81665086797
1176,70870.56035702677
1177,70742.5357526374
1178,70614.74241916287
1179,70487.17993882226
1180,70359.84789458937
1181,70232.74587019134
1182,70105.87345010726
1183,69979.23021956687
1184,69852.81576454917
1185,69726.62967178106
1186,69600.671528736
1187,69474.94092363266
1188,69349.4374454336
1189,69224.16068384389
1190,69099.11022930975
1191,68974.28567301728
1192,68849.68660689106
1193,68725.31262359285
1194,68601.16331652025
1195,68477.23827980537
1196,68353.53710831351
1197,68230.05939764182
1198,68106.80474411797
1199,67983.77274479886
1200,67860.96299746931
1201,67738.3751006407
1202,67616.00865354968
1203,67493.86325615688
1204,67371.93850914558
1205,67250.23401392039
1206,67128.74937260598
1207,67007.48418804575
1208,66886.43806380058
1209,66765.61060414747
1210,66645.00141407827
1211,66524.61009929843
1212,66404.43626622565
1213,66284.47952198861
1214,66164.73947442573
1215,66045.21573208383
1216,65925.90790421687
1217,65806.8156007847
1218,65687.93843245172
1219,65569.27601058567
1220,65450.82794725636
1221,65332.59385523434
1222,65214.5733479897
1223,65096.766039690774
1224,64979.17154520287
1225,64861.78948008704
1226,64744.619460598806
1227,64627.6611036869
1228,64510.91402699203
1229,64394.377848845616
1230,64278.05218826854
1231,64161.93666496992
1232,64046.03089934584
1233,63930.334512478126
1234,63814.8471261331
1235,63699.56836276036
1236,63584.49784549151
1237,63469.635198138974
1238,63354.98004519472
1239,63240.532011829084
1240,63126.290723889484
1241,63012.255807899244
1242,62898.42689105636
1243,62784.803601232285
1244,62671.38556697068
1245,62558.172417486254
1246,62445.163782663505
1247,62332.35929305554
1248,62219.758579882844
1249,62107.3612750321
1250,61995.16701105496
1251,61883.17542116687
1252,61771.386139245835
1253,61659.79879983127
1254,61548.41303812275
1255,61437.22848997887
1256,61326.244791916026
1257,61215.461581107214
1258,61104.878495380886
1259,60994.49517321972
1260,60884.31125375948
1261,60774.326376787794
1262,60664.54018274301
1263,60554.952312713016
1264,60445.56240843404
1265,60336.370112289515
1266,60227.37506730888
1267,60118.57691716644
1268,60009.97530618018
1269,59901.569879310606
1270,59793.360282159585
1271,59685.346160969195
1272,59577.527162620565
1273,59469.90293463271
1274,59362.47312516139
1275,59255.23738299797
1276,59148.19535756823
1277,59041.346698931266
1278,58934.69105777833
1279,58828.22808543167
1280,58721.957433843425
1281,58615.87875559445
1282,58509.99170389321
1283,58404.29593257462
1284,58298.79109609894
1285,58193.47684955063
1286,58088.352848637216
1287,57983.41874968819
1288,57878.67420965386
1289,57774.11888610423
1290,57669.75243722791
1291,57565.57452183095
1292,57461.58479933578
1293,57357.782929780056
1294,57254.16857381556
1295,57150.74139270708
1296,57047.501048331345
1297,56944.44720317587
1298,56841.579520337866
1299,56738.89766352316
1300,56636.401297045064
1301,56534.09008582331
1302,56431.96369538292
1303,56330.02179185315
1304,56228.26404196636
1305,56126.69011305696
1306,56025.2996730603
1307,55924.09239051158
1308,55823.06793454479
1309,55722.22597489162
1310,55621.56618188035
1311,55521.088226434826
1312,55420.79178007334
1313,55320.67651490758
1314,55220.74210364155
1315,55120.98821957048
1316,55021.4145365798
1317,54922.02072914406
1318,54822.806472325836
1319,54723.77144177469
1320,54624.915313726124
1321,54526.2377650005
1322,54427.738473001984
1323,54329.41711571751
1324,54231.273371715695
1325,54133.30692014583
1326,54035.517440736796
1327,53937.90461379603
1328,53840.46812020849
1329,53743.20764143558
1330,53646.122859514166
1331,53549.21345705546
1332,53452.47911724405
1333,53355.919523836834
1334,53259.534361161976
1335,53163.3233141179
1336,53067.286068172245
1337,52971.42230936084
1338,52875.73172428666
1339,52780.21400011885
1340,52684.86882459166
1341,52589.69588600341
1342,52494.694873215514
1343,52399.86547565145
1344,52305.20738329574
1345,52210.720286692915
1346,52116.40387694655
1347,52022.2578457182
1348,51928.28188522645
1349,51834.47568824586
1350,51740.838948105986
1351,51647.37135869036
1352,51554.07261443552
1353,51460.942410329975
1354,51367.980441913234
1355,51275.18640527479
1356,51182.55999705315
1357,51090.10091443481
1358,50997.808855153315
1359,50905.683517488214
1360,50813.72460026412
1361,50721.93180284969
1362,50630.30482515668
1363,50538.84336763892
1364,50447.547131291365
1365,50356.41581764912
1366,50265.44912878644
1367,50174.646767315775
1368,50084.0084363868
1369,49993.53383968543
1370,49903.222681432846
1371,49813.074666384564
1372,49723.08949982944
1373,49633.2668875887
1374,49543.60653601501
1375,49454.10815199148
1376,49364.77144293073
1377,49275.59611677393
1378,49186.581881989834
1379,49097.72844757385
1380,49009.03552304705
1381,48920.502818455265
1382,48832.1300443681
1383,48743.91691187802
1384,48655.86313259937
1385,48567.968418667464
1386,48480.23248273763
1387,48392.65503798427
1388,48305.235798099915
1389,48217.974477294316
1390,48130.87079029348
1391,48043.924452338746
1392,47957.13517918587
1393,47870.50268710407
1394,47784.026692875115
1395,47697.706913792405
1396,47611.54306766002
1397,47525.53487279183
1398,47439.68204801056
1399,47353.98431264685
1400,47268.441386538376
1401,47183.05299002891
1402,47097.81884396741
1403,47012.738669707105
1404,46927.81218910459
1405,46843.03912451892
1406,46758.41919881068
1407,46673.952135341126
1408,46589.63765797121
1409,46505.475491060744
1410,46421.465359467475
1411,46337.60698854616
1412,46253.90010414772
1413,46170.34443261827
1414,46086.93970079833
1415,46003.685636021815
1416,45920.581966115235
1417,45837.62841939675
1418,45754.824724675316
1419,45672.17061124977
1420,45589.66580890797
1421,45507.310047925894
1422,45425.103059066765
1423,45343.04457358018
1424,45261.1343232012
1425,45179.37204014952
1426,45097.757457128566
1427,45016.2903073246
1428,44934.97032440589
1429,44853.79724252183
1430,44772.770796302044
1431,44691.89072085553
1432,44611.15675176983
1433,44530.56862511011
1434,44450.126077418325
1435,44369.82884571236
1436,44289.67666748518
1437,44209.669280703936
1438,44129.80642380914
1439,44050.0878357138
1440,43970.51325580256
1441,43891.082423930864
1442,43811.79508042409
1443,43732.650966076704
1444,43653.64982215143
1445,43574.79139037836
1446,43496.07541295418
1447,43417.50163254126
1448,43339.06979226683
1449,43260.77963572219
1450,43182.630906961786
1451,43104.62335050244
1452,43026.7567113225
1453,42949.030734860986
1454,42871.44516701677
1455,42793.99975414776
1456,42716.694243070044
1457,42639.52838105709
1458,42562.5019158389
1459,42485.61459560118
1460,42408.86616898455
1461,42332.25638508367
1462,42255.78499344647
1463,42179.45174407331
1464,42103.256387416164
1465,42027.198674377796
1466,41951.278356310955
1467,41875.495185017564
1468,41799.848912747904
1469,41724.33929219981
1470,41648.96607651784
1471,41573.729019292514
1472,41498.62787455945
1473,41423.66239679862
1474,41348.8323409335
1475,41274.137462330276
1476,41199.57751679707
1477,41125.15226058313
1478,41050.86145037801
1479,40976.70484331082
1480,40902.68219694938
1481,40828.79326929947
1482,40755.03781880402
1483,40681.41560434231
1484,40607.92638522921
1485,40534.56992121437
1486,40461.345972481446
1487,40388.2542996473
1488,40315.29466376124
1489,40242.466826304226
1490,40169.77054918809
1491,40097.20559475477
1492,40024.77172577551
1493,39952.4687054501
1494,39880.2962974061
1495,39808.25426569807
1496,39736.3423748068
1497,39664.56038963853
1498,39592.908075524174
1499,39521.38519821859
1500,39449.991523899764
1501,39378.72681916809
1502,39307.59085104559
1503,39236.58338697514
1504,39165.704194819715
1505,39094.95304286165
1506,39024.32969980186
1507,38953.8339347591
1508,38883.46551726919
1509,38813.22421728429
1510,38743.109805172106
1511,38673.12205171519
1512,38603.260728110145
1513,38533.52560596692
1514,38463.91645730802
1515,38394.433054567795
1516,38325.07517059168
1517,38255.84257863544
1518,38186.73505236446
1519,38117.752365853
1520,38048.894293583406
1521,37980.160610445455
1522,37911.55109173555
1523,37843.06551315601
1524,37774.70365081436
1525,37706.46528122255
1526,37638.35018129627
1527,37570.3581283542
1528,37502.48890011728
1529,37434.74227470798
1530,37367.1180306496
1531,37299.61594686552
1532,37232.23580267847
1533,37164.97737780985
1534,37097.84045237898
1535,37030.82480690236
1536,36963.930222293
1537,36897.156479859674
1538,36830.50336130622
1539,36763.9706487308
1540,36697.558124625226
1541,36631.265571874224
1542,36565.092773754724
1543,36499.03951393516
1544,36433.10557647476
1545,36367.29074582284
1546,36301.594806818095
1547,36236.01754468791
1548,36170.55874504762
1549,36105.218193899884
1550,36039.995677633895
1551,35974.89098302474
1552,35909.903897232696
1553,35845.034207802506
1554,35780.28170266272
1555,35715.646170124994
1556,35651.127398883364
1557,35586.7251780136
1558,35522.43929697249
1559,35458.26954559716
1560,35394.21571410439
1561,35330.27759308993
1562,35266.45497352779
1563,35202.747646769596
1564,35139.155404543875
1565,35075.6780389554
1566,35012.31534248448
1567,34949.06710798632
1568,34885.9331286903
1569,34822.91319819935
1570,34760.00711048922
1571,34697.214659907855
1572,34634.53564117469
1573,34571.969849379995
1574,34509.5170799842
1575,34447.177128817224
1576,34384.949792077816
1577,34322.83486633287
1578,34260.83214851679
1579,34198.94143593081
1580,34137.162526242304
1581,34075.49521748418
1582,34013.939308054185
1583,33952.49459671424
1584,33891.1608825898
1585,33829.9379651692
1586,33768.825644302975
1587,33707.82372020323
1588,33646.93199344298
1589,33586.1502649555
1590,33525.47833603365
1591,33464.91600832927
1592,33404.4630838525
1593,33344.11936497113
1594,33283.88465440997
1595,33223.75875525021
1596,33163.74147092875
1597,33103.83260523758
1598,33044.031962323126
1599,32984.33934668563
1600,32924.754563178474
1601,32865.27741700758
1602,32805.90771373075
1603,32746.645259257035
1604,32687.489859846115
1605,32628.441322107643
1606,32569.499453000626
1607,32510.664059832794
1608,32451.93495025996
1609,32393.311932285407
1610,32334.794814259243
1611,32276.383404877794
1612,32218.077513182958
1613,32159.876948561592
1614,32101.781520744895
1615,32043.79103980777
1616,31985.905316168217
1617,31928.124160586704
1618,31870.447384165553
1619,31812.874798348323
1620,31755.40621491919
1621,31698.041446002335
1622,31640.78030406133
1623,31583.622601898518
1624,31526.56815265441
1625,31469.616769807075
1626,31412.76826717152
1627,31356.022458899086
1628,31299.379159476848
1629,31242.838183726995
1630,31186.39934680624
1631,31130.0624642052
1632,31073.827351747797
1633,31017.69382559067
1634,30961.661702222562
1635,30905.730798463712
1636,30849.900931465272
1637,30794.1719187087
1638,30738.543578005167
1639,30683.01572749496
1640,30627.588185646888
1641,30572.260771257686
1642,30517.03330345143
1643,30461.905601678936
1644,30406.877485717177
1645,30351.948775668687
1646,30297.119291960982
1647,30242.388855345966
1648,30187.757286899345
1649,30133.224408020047
1650,30078.790040429634
1651,30024.45400617172
1652,29970.216127611387
1653,29916.076227434613
1654,29862.03412864768
1655,29808.089654576605
1656,29754.24262886656
1657,29700.49287548129
1658,29646.840218702546
1659,29593.2844831295
1660,29539.82549367819
1661,29486.46307558092
1662,29433.19705438572
1663,29380.02725595575
1664,29326.95350646874
1665,29273.97563241643
1666,29221.09346060399
1667,29168.306818149456
1668,29115.615532483174
1669,29063.01943134723
1670,29010.51834279488
1671,28958.112095189997
1672,28905.800517206513
1673,28853.583437827845
1674,28801.46068634635
1675,28749.432092362753
1676,28697.49748578561
1677,28645.65669683073
1678,28593.909556020633
1679,28542.255894183992
1680,28490.695542455083
1681,28439.22833227323
1682,28387.85409538225
1683,28336.572663829913
1684,28285.383869967387
1685,28234.287546448686
1686,28183.283526230134
1687,28132.371642569808
1688,28081.551729026993
1689,28030.82361946165
1690,27980.187148033863
1691,27929.642149203293
1692,27879.18845772865
1693,27828.82590866714
1694,27778.55433737393
1695,27728.37357950162
1696,27678.283470999682
1697,27628.28384811395
1698,27578.374547386073
1699,27528.55540565297
1700,27478.826260046317
1701,27429.186947992
1702,27379.63730720959
1703,27330.177175711808
1704,27280.806391804
1705,27231.524794083605
1706,27182.332221439636
1707,27133.228513052134
1708,27084.213508391662
1709,27035.28704721877
1710,26986.448969583475
1711,26937.699115824737
1712,26889.037326569935
1713,26840.463442734348
1714,26791.977305520635
1715,26743.578756418316
1716,26695.267637203255
1717,26647.04378993714
1718,26598.90705696696
1719,26550.857280924512
1720,26502.89430472586
1721,26455.017971570844
1722,26407.228124942543
1723,26359.524608606785
1724,26311.90726661163
1725,26264.375943286854
1726,26216.930483243446
1727,26169.570731373104
1728,26122.29653284771
1729,26075.107733118854
1730,26028.00417791729
1731,25980.98571325247
1732,25934.052185412016
1733,25887.203440961224
1734,25840.439326742566
1735,25793.759689875184
1736,25747.164377754394
1737,25700.65323805119
1738,25654.22611871173
1739,25607.88286795686
1740,25561.623334281612
1741,25515.447366454697
1742,25469.35481351802
1743,25423.34552478619
1744,25377.41934984601
1745,25331.57613855602
1746,25285.815741045964
1747,25240.13800771633
1748,25194.542789237847
1749,25149.029936551004
1750,25103.599300865557
1751,25058.250733660047
1752,25012.984086681314
1753,24967.799211944006
1754,24922.695961730104
1755,24877.674188588433
1756,24832.733745334182
1757,24787.87448504843
1758,24743.096261077648
1759,24698.398927033235
1760,24653.78233679104
1761,24609.246344490868
1762,24564.790804536024
1763,24520.41557159282
1764,24476.120500590114
1765,24431.90544671882
1766,24387.770265431453
1767,24343.714812441638
1768,24299.738943723652
1769,24255.84251551195
1770,24212.02538430069
1771,24168.28740684327
1772,24124.628440151846
1773,24081.04834149689
1774,24037.546968406707
1775,23994.12417866696
1776,23950.779830320225
1777,23907.513781665515
1778,23864.32589125782
1779,23821.216017907645
1780,23778.184020680546
1781,23735.229758896676
1782,23692.353092130314
1783,23649.553880209412
1784,23606.831983215143
1785,23564.18726148143
1786,23521.619575594505
1787,23479.128786392437
1788,23436.71475496469
1789,23394.37734265166
1790,23352.116411044226
1791,23309.931821983304
1792,23267.82343755938
1793,23225.791120112066
1794,23183.834732229665
1795,23141.954136748696
1796,23100.14919675346
1797,23058.419775575592
1798,23016.76573679361
1799,22975.186944232482
1800,22933.683261963153
1801,22892.254554302133
1802,22850.90068581103
1803,22809.621521296114
1804,22768.416925807887
1805,22727.286764640623
1806,22686.230903331936
1807,22645.249207662346
1808,22604.341543654828
1809,22563.507777574385
1810,22522.747775927608
1811,22482.06140546223
1812,22441.44853316671
1813,22400.909026269775
1814,22360.442752240007
1815,22320.049578785398
1816,22279.729373852915
1817,22239.482005628077
1818,22199.30734253452
1819,22159.20525323357
1820,22119.175606623798
1821,22079.21827184062
1822,22039.333118255843
1823,21999.520015477257
1824,21959.77883334819
1825,21920.1094419471
1826,21880.511711587136
1827,21840.985512815725
1828,21801.530716414145
1829,21762.1471933971
1830,21722.834815012306
1831,21683.593452740053
1832,21644.422978292805
1833,21605.32326361477
1834,21566.294180881483
1835,21527.33560249939
1836,21488.447401105423
1837,21449.629449566597
1838,21410.881620979588
1839,21372.20378867031
1840,21333.595826193516
1841,21295.05760733237
1842,21256.589006098042
1843,21218.189896729305
1844,21179.8601536921
1845,21141.599651679153
1846,21103.408265609545
1847,21065.285870628308
1848,21027.232342106025
1849,20989.247555638412
1850,20951.331387045924
1851,20913.48371237333
1852,20875.704407889323
1853,20837.993350086115
1854,20800.350415679026
1855,20762.775481606084
1856,20725.268425027625
1857,20687.82912332589
1858,20650.45745410462
1859,20613.153295188666
1860,20575.916524623575
1861,20538.747020675204
1862,20501.64466182932
1863,20464.609326791193
1864,20427.640894485216
1865,20390.73924405449
1866,20353.904254860445
1867,20317.135806482438
1868,20280.43377871736
1869,20243.798051579248
1870,20207.22850529888
1871,20170.7250203234
1872,20134.287477315913
1873,20097.915757155108
1874,20061.60974093485
1875,20025.36930996382
1876,19989.194345765092
1877,19953.084730075774
1878,19917.040344846606
1879,19881.061072241584
1880,19845.146794637563
1881,19809.297394623885
1882,19773.512755001986
1883,19737.792758785017
1884,19702.137289197464
1885,19666.546229674757
1886,19631.019463862896
1887,19595.556875618073
1888,19560.158349006284
1889,19524.823768302962
1890,19489.553017992585
1891,19454.345982768307
1892,19419.20254753158
1893,19384.122597391768
1894,19349.106017665796
1895,19314.152693877746
1896,19279.2625117585
1897,19244.435357245366
1898,19209.67111648169
1899,19174.96967581651
1900,19140.330921804154
1901,19105.754741203902
1902,19071.241020979585
1903,19036.789648299233
1904,19002.400510534702
1905,18968.07349526131
1906,18933.808490257456
1907,18899.605383504273
1908,18865.46406318524
1909,18831.384417685844
1910,18797.36633559318
1911,18763.409705695616
1912,18729.51441698242
1913,18695.680358643393
1914,18661.907420068506
1915,18628.195490847553
1916,18594.54446076977
1917,18560.954219823485
1918,18527.424658195763
1919,18493.955666272035
1920,18460.547134635748
1921,18427.198954068008
1922,18393.911015547215
1923,18360.683210248717
1924,18327.515429544444
1925,18294.407565002566
1926,18261.35950838712
1927,18228.371151657673
1928,18195.442386968964
1929,18162.57310667054
1930,18129.76320330643
1931,18097.01256961476
1932,18064.32109852743
1933,18031.688683169756
1934,17999.11521686011
1935,17966.60059310959
1936,17934.144705621653
1937,17901.74744829178
1938,17869.408715207122
1939,17837.12840064616
1940,17804.906399078358
1941,17772.74260516381
1942,17740.63691375291
1943,17708.589219885995
1944,17676.59941879301
1945,17644.667405893157
1946,17612.793076794565
1947,17580.976327293938
1948,17549.217053376222
1949,17517.515151214262
1950,17485.87051716846
1951,17454.283047786437
1952,17422.7526398027
1953,17391.279190138303
1954,17359.862595900497
1955,17328.502754382414
1956,17297.19956306272
1957,17265.95291960528
1958,17234.76272185882
1959,17203.62886785661
1960,17172.551255816103
1961,17141.52978413863
1962,17110.56435140905
1963,17079.65485639543
1964,17048.8011980487
1965,17018.00327550233
1966,16987.260988072016
1967,16956.574235255317
1968,16925.942916731357
1969,16895.36693236048
1970,16864.846182183934
1971,16834.38056642353
1972,16803.96998548133
1973,16773.61433993931
1974,16743.313530559048
1975,16713.067458281384
1976,16682.876024226112
1977,16652.739129691643
1978,16622.65667615469
1979,16592.62856526994
1980,16562.654698869745
1981,16532.734978963785
1982,16502.86930773876
1983,16473.057587558065
1984,16443.29972096147
1985,16413.595610664797
1986,16383.94515955962
1987,16354.348270712926
1988,16324.804847366811
1989,16295.314792938158
1990,16265.878011018323
1991,16236.494405372823
1992,16207.163879941018
1993,16177.886338835793
1994,16148.661686343254
1995,16119.489826922405
1996,16090.370665204846
1997,16061.304105994453
1998,16032.29005426707
1999,16003.3284151702
2000,15974.419094022687
2001,15945.56199631442
2002,15916.757027706013
2003,15888.0040940285
2004,15859.303101283025
2005,15830.65395564054
2006,15802.056563441496
2007,15773.510831195532
2008,15745.016665581175
2009,15716.573973445536
2010,15688.182661804
2011,15659.842637839924
2012,15631.553808904335
2013,15603.316082515626
2014,15575.129366359257
2015,15546.993568287446
2016,15518.908596318874
2017,15490.87435863838
2018,15462.89076359667
2019,15434.957719710002
2020,15407.075135659901
2021,15379.242920292852
2022,15351.460982620007
2023,15323.729231816882
2024,15296.047577223067
2025,15268.415928341927
2026,15240.834194840301
2027,15213.302286548214
2028,15185.820113458578
2029,15158.3875857269
2030,15131.004613670984
2031,15103.671107770646
2032,15076.386978667413
2033,15049.152137164236
2034,15021.966494225193
2035,14994.829960975207
2036,14967.742448699746
2037,14940.703868844537
2038,14913.714133015279
2039,14886.77315297735
2040,14859.88084065552
2041,14833.037108133663
2042,14806.24186765447
2043,14779.49503161916
2044,14752.7965125872
2045,14726.14622327601
2046,14699.544076560684
2047,14672.989985473703
2048,14646.483863204652
2049,14620.025623099935
2050,14593.615178662489
2051,14567.252443551508
2052,14540.937331582156
2053,14514.669756725287
2054,14488.44963310716
2055,14462.276875009164
2056,14436.151396867534
2057,14410.07311327307
2058,14384.041938970866
2059,14358.057788860018
2060,14332.120577993359
2061,14306.23022157717
2062,14280.386634970915
2063,14254.589733686951
2064,14228.839433390262
2065,14203.135649898177
2066,14177.4782991801
2067,14151.867297357232
2068,14126.302560702297
2069,14100.784005639269
2070,14075.311548743097
2071,14049.885106739433
2072,14024.504596504366
2073,13999.16993506414
2074,13973.881039594888
2075,13948.63782742236
2076,13923.440216021658
2077,13898.288123016955
2078,13873.181466181239
2079,13848.120163436033
2080,13823.104132851133
2081,13798.133292644337
2082,13773.207561181182
2083,13748.326856974669
2084,13723.491098685006
2085,13698.70020511934
2086,13673.954095231482
2087,13649.252688121655
2088,13624.595903036223
2089,13599.983659367426
2090,13575.415876653122
2091,13550.892474576516
2092,13526.413372965904
2093,13501.97849179441
2094,13477.587751179723
2095,13453.241071383833
2096,13428.938372812774
2097,13404.679576016366
2098,13380.46460168795
2099,13356.293370664132
2100,13332.165803924523
2101,13308.081822591479
2102,13284.041347929848
2103,13260.044301346708
2104,13236.090604391113
2105,13212.180178753832
2106,13188.3129462671
2107,13164.488828904357
2108,13140.707748779996
2109,13116.969628149105
2110,13093.274389407215
2111,13069.62195509005
2112,13046.012247873263
2113,13022.445190572194
2114,12998.920706141615
2115,12975.438717675474
2116,12951.999148406649
2117,12928.601921706693
2118,12905.246961085586
2119,12881.934190191481
2120,12858.663532810462
2121,12835.434912866287
2122,12812.248254420143
2123,12789.103481670396
2124,12766.000518952347
2125,12742.93929073798
2126,12719.919721635719
2127,12696.941736390178
2128,12674.005259881917
2129,12651.110217127194
2130,12628.256533277727
2131,12605.44413362044
2132,12582.672943577223
2133,12559.94288870469
2134,12537.253894693935
2135,12514.605887370282
2136,12491.998792693053
2137,12469.432536755323
2138,12446.907045783671
2139,12424.42224613795
2140,12401.978064311037
2141,12379.574426928597
2142,12357.211260748845
2143,12334.888492662301
2144,12312.606049691558
2145,12290.363858991033
2146,12268.161847846743
2147,12245.999943676055
2148,12223.878074027454
2149,12201.796166580307
2150,12179.754149144623
2151,12157.751949660822
2152,12135.789496199493
2153,12113.866716961165
2154,12091.98354027607
2155,12070.139894603904
2156,12048.335708533605
2157,12026.570910783103
2158,12004.845430199102
2159,11983.159195756842
2160,11961.512136559862
2161,11939.904181839776
2162,11918.335260956035
2163,11896.805303395702
2164,11875.314238773217
2165,11853.861996830166
2166,11832.44850743506
2167,11811.073700583094
2168,11789.737506395926
2169,11768.439855121447
2170,11747.18067713355
2171,11725.959902931905
2172,11704.777463141732
2173,11683.633288513574
2174,11662.527309923069
2175,11641.459458370726
2176,11620.429664981699
2177,11599.43786100556
2178,11578.483977816077
2179,11557.567946910987
2180,11536.689699911774
2181,11515.849168563447
2182,11495.046284734311
2183,11474.28098041575
2184,11453.553187722002
2185,11432.862838889938
2186,11412.20986627884
2187,11391.59420237018
2188,11371.015779767398
2189,11350.474531195689
2190,11329.970389501768
2191,11309.503287653666
2192,11289.073158740503
2193,11268.679935972268
2194,11248.323552679607
2195,11228.003942313599
2196,11207.72103844554
2197,11187.474774766728
2198,11167.265085088246
2199,11147.091903340743
2200,11126.95516357422
2201,11106.85479995781
2202,11086.790746779572
2203,11066.76293844627
2204,11046.771309483158
2205,11026.815794533766
2206,11006.89632835969
2207,10987.012845840372
2208,10967.165281972899
2209,10947.353571871778
2210,10927.577650768728
2211,10907.837454012471
2212,10888.13291706852
2213,10868.463975518966
2214,10848.830565062264
2215,10829.232621513032
2216,10809.670080801836
2217,10790.142878974975
2218,10770.650952194286
2219,10751.194236736921
2220,10731.772668995145
2221,10712.38618547613
2222,10693.034722801745
2223,10673.718217708347
2224,10654.436607046575
2225,10635.189827781149
2226,10615.977816990655
2227,10596.800511867346
2228,10577.657849716934
2229,10558.549767958386
2230,10539.476204123719
2231,10520.437095857795
2232,10501.432380918117
2233,10482.461997174629
2234,10463.525882609509
2235,10444.623975316967
2236,10425.756213503042
2237,10406.922535485404
2238,10388.122879693148
2239,10369.357184666595
2240,10350.625389057088
2241,10331.927431626797
2242,10313.26325124851
2243,10294.632786905446
2244,10276.035977691043
2245,10257.472762808766
2246,10238.943081571906
2247,10220.446873403382
2248,10201.984077835541
2249,10183.554634509966
2250,10165.158483177273
2251,10146.795563696913
2252,10128.465816036982
2253,10110.16918027402
2254,10091.905596592818
2255,10073.675005286217
2256,10055.47734675492
2257,10037.31256150729
2258,10019.18059015916
2259,10001.08137343364
2260,9983.01485216092
2261,9964.98096727808
2262,9946.979659828887
2263,9929.010870963617
2264,9911.074541938855
2265,9893.1706141173
2266,9875.29902896758
2267,9857.459728064056
2268,9839.652653086632
2269,9821.877745820566
2270,9804.134948156277
2271,9786.424202089158
2272,9768.745449719383
2273,9751.09863325172
2274,9733.483694995344
2275,9715.900577363644
2276,9698.349222874034
2277,9680.829574147772
2278,9663.341573909767
2279,9645.885164988393
2280,9628.4602903153
2281,9611.066892925235
2282,9593.704915955845
2283,9576.374302647495
2284,9559.07499634309
2285,9541.80694048788
2286,9524.57007862928
2287,9507.36435441668
2288,9490.189711601271
2289,9473.046094035852
2290,9455.933445674647
2291,9438.851710573132
2292,9421.800832887835
2293,9404.78075687617
2294,9387.791426896241
2295,9370.832787406674
2296,9353.904782966425
2297,9337.0073582346
2298,9320.140457970276
2299,9303.304027032324
2300,9286.49801037922
2301,9269.722353068877
2302,9252.977000258452
2303,9236.261897204175
2304,9219.57698926117
2305,9202.922221883273
2306,9186.297540622854
2307,9169.702891130644
2308,9153.138219155553
2309,9136.603470544489
2310,9120.09859124219
2311,9103.62352729104
2312,9087.178224830895
2313,9070.762630098909
2314,9054.376689429355
2315,9038.02034925345
2316,9021.69355609918
2317,9005.396256591132
2318,8989.128397450304
2319,8972.889925493948
2320,8956.680787635383
2321,8940.50093088383
2322,8924.350302344237
2323,8908.2288492171
2324,8892.136518798296
2325,8876.073258478913
2326,8860.039015745073
2327,8844.03373817776
2328,8828.057373452655
2329,8812.109869339956
2330,8796.191173704216
2331,8780.301234504162
2332,8764.439999792541
2333,8748.607417715933
2334,8732.803436514592
2335,8717.028004522272
2336,8701.28107016606
2337,8685.56258196621
2338,8669.872488535966
2339,8654.210738581409
2340,8638.577280901272
2341,8622.972064386786
2342,8607.395038021503
2343,8591.84615088114
2344,8576.3253521334
2345,8560.832591037819
2346,8545.367816945587
2347,8529.930979299394
2348,8514.522027633257
2349,8499.140911572358
2350,8483.787580832879
2351,8468.461985221838
2352,8453.164074636925
2353,8437.893799066336
2354,8422.651108588612
2355,8407.435953372475
2356,8392.248283676665
2357,8377.088049849777
2358,8361.9552023301
2359,8346.849691645453
2360,8331.771468413026
2361,8316.720483339215
2362,8301.696687219464
2363,8286.700030938102
2364,8271.730465468185
2365,8256.787941871331
2366,8241.872411297567
2367,8226.983824985162
2368,8212.122134260473
2369,8197.287290537784
2370,8182.479245319146
2371,8167.697950194218
2372,8152.943356840113
2373,8138.215417021235
2374,8123.514082589126
2375,8108.839305482304
2376,8094.191037726107
2377,8079.5692314325415
2378,8064.973838800118
2379,8050.404812113698
2380,8035.862103744341
2381,8021.345666149144
2382,8006.855451871088
2383,7992.391413538886
2384,7977.953503866822
2385,7963.5416756546
2386,7949.155881787191
2387,7934.796075234675
2388,7920.4622090520925
2389,7906.154236379285
2390,7891.872110440747
2391,7877.615784545469
2392,7863.385212086789
2393,7849.180346542236
2394,7835.001141473382
2395,7820.847550525685
2396,7806.719527428342
2397,7792.617025994138
2398,7778.540000119291
2399,7764.4884037833035
2400,7750.462191048812
2401,7736.461316061439
2402,7722.485733049638
2403,7708.535396324549
2404,7694.6102602798455
2405,7680.710279391588
2406,7666.835408218074
2407,7652.985601399689
2408,7639.160813658757
2409,7625.360999799398
2410,7611.586114707373
2411,7597.836113349941
2412,7584.110950775712
2413,7570.410582114497
2414,7556.734962577163
2415,7543.084047455489
2416,7529.457792122014
2417,7515.856152029897
2418,7502.279082712769
2419,7488.726539784587
2420,7475.198478939487
2421,7461.694855951647
2422,7448.215626675132
2423,7434.760747043758
2424,7421.330173070943
2425,7407.923860849564
2426,7394.541766551818
2427,7381.18384642907
2428,7367.85005681172
2429,7354.540354109051
2430,7341.254694809094
2431,7327.99303547848
2432,7314.755332762303
2433,7301.541543383973
2434,7288.351624145079
2435,7275.185531925246
2436,7262.043223681994
2437,7248.9246564505975
2438,7235.829787343944
2439,7222.758573552395
2440,7209.710972343647
2441,7196.686941062589
2442,7183.686437131165
2443,7170.709418048235
2444,7157.755841389437
2445,7144.825664807042
2446,7131.918846029825
2447,7119.03534286292
2448,7106.1751131876845
2449,7093.338114961562
2450,7080.524306217943
2451,7067.7336450660305
2452,7054.9660896907
2453,7042.221598352365
2454,7029.500129386838
2455,7016.801641205199
2456,7004.126092293655
2457,6991.473441213407
2458,6978.84364660051
2459,6966.236667165745
2460,6953.652461694478
2461,6941.090989046529
2462,6928.552208156035
2463,6916.036078031316
2464,6903.542557754743
2465,6891.071606482603
2466,6878.6231834449645
2467,6866.197247945545
2468,6853.79375936158
2469,6841.412677143685
2470,6829.053960815729
2471,6816.717569974699
2472,6804.403464290566
2473,6792.11160350616
2474,6779.841947437028
2475,6767.5944559713125
2476,6755.369089069616
2477,6743.1658067648705
2478,6730.984569162204
2479,6718.8253364388165
2480,6706.688068843844
2481,6694.572726698231
2482,6682.479270394602
2483,6670.407660397128
2484,6658.357857241402
2485,6646.329821534306
2486,6634.323513953885
2487,6622.338895249218
2488,6610.375926240287
2489,6598.434567817854
2490,6586.514780943327
2491,6574.616526648638
2492,6562.739766036111
2493,6550.884460278339
2494,6539.050570618054
2495,6527.238058368001
2496,6515.4468849108125
2497,6503.677011698882
2498,6491.928400254236
2499,6480.201012168412
2500,6468.494809102328
2501,6456.809752786163
2502,6445.145805019226
2503,6433.502927669836
2504,6421.881082675193
2505,6410.280232041259
2506,6398.700337842628
2507,6387.1413622224045
2508,6375.603267392081
2509,6364.086015631413
2510,6352.589569288297
2511,6341.1138907786435
2512,6329.65894258626
2513,6318.224687262725
2514,6306.811087427263
2515,6295.41810576663
2516,6284.045705034983
2517,6272.693848053764
2518,6261.362497711574
2519,6250.051616964058
2520,6238.7611688337765
2521,6227.49111641009
2522,6216.241422849036
2523,6205.012051373209
2524,6193.8029652716405
2525,6182.614127899677
2526,6171.445502678866
2527,6160.29705309683
2528,6149.1687427071465
2529,6138.060535129238
2530,6126.972394048242
2531,6115.9042832149
2532,6104.856166445435
2533,6093.828007621434
2534,6082.819770689733
2535,6071.831419662292
2536,6060.862918616087
2537,6049.914231692983
2538,6038.985323099623
2539,6028.07615710731
2540,6017.186698051887
2541,6006.316910333626
2542,5995.466758417106
2543,5984.636206831099
2544,5973.825220168455
2545,5963.033763085987
2546,5952.261800304351
2547,5941.5092966079355
2548,5930.776216844744
2549,5920.0625259262815
2550,5909.368188827437
2551,5898.693170586372
2552,5888.037436304404
2553,5877.400951145895
2554,5866.783680338136
2555,5856.185589171232
2556,5845.606642997991
2557,5835.04680723381
2558,5824.50604735656
2559,5813.984328906476
2560,5803.4816174860425
2561,5792.997878759882
2562,5782.533078454642
2563,5772.087182358885
2564,5761.6601563229715
2565,5751.251966258956
2566,5740.862578140467
2567,5730.491958002604
2568,5720.140071941822
2569,5709.806886115818
2570,5699.492366743428
2571,5689.196480104509
2572,5678.919192539834
2573,5668.660470450979
2574,5658.4202803002145
2575,5648.198588610396
2576,5637.995361964851
2577,5627.810567007277
2578,5617.644170441627
2579,5607.496139031999
2580,5597.366439602532
2581,5587.255039037299
2582,5577.16190428019
2583,5567.087002334813
2584,5557.030300264382
2585,5546.991765191609
2586,5536.971364298598
2587,5526.969064826736
2588,5516.984834076589
2589,5507.018639407793
2590,5497.070448238945
2591,5487.1402280475
2592,5477.227946369666
2593,5467.333570800292
2594,5457.457068992768
2595,5447.598408658914
2596,5437.757557568881
2597,5427.934483551037
2598,5418.129154491872
2599,5408.341538335884
2600,5398.571603085479
2601,5388.819316800866
2602,5379.084647599949
2603,5369.367563658229
2604,5359.668033208696
2605,5349.986024541724
2606,5340.32150600497
2607,5330.67444600327
2608,5321.044812998534
2609,5311.432575509647
2610,5301.83770211236
2611,5292.260161439192
2612,5282.699922179328
2613,5273.156953078509
2614,5263.631222938941
2615,5254.122700619187
2616,5244.631355034062
2617,5235.157155154538
2618,5225.700070007639
2619,5216.26006867634
2620,5206.837120299466
2621,5197.4311940715925
2622,5188.042259242943
2623,5178.670285119289
2624,5169.3152410618495
2625,5159.977096487192
2626,5150.655820867131
2627,5141.35138372863
2628,5132.063754653698
2629,5122.792903279296
2630,5113.538799297233
2631,5104.301412454068
2632,5095.080712551012
2633,5085.876669443829
2634,5076.689253042738
2635,5067.518433312312
2636,5058.364180271383
2637,5049.226463992942
2638,5040.105254604043
2639,5031.000522285703
2640,5021.912237272806
2641,5012.840369854006
2642,5003.7848903716285
2643,4994.745769221575
2644,4985.722976853224
2645,4976.716483769339
2646,4967.726260525966
2647,4958.75227773234
2648,4949.794506050793
2649,4940.852916196649
2650,4931.927478938138
2651,4923.018165096293
2652,4914.12494554486
2653,4905.247791210198
2654,4896.386673071186
2655,4887.541562159132
2656,4878.7124295576705
2657,4869.899246402675
2658,4861.101983882159
2659,4852.320613236186
2660,4843.555105756769
2661,4834.805432787784
2662,4826.071565724874
2663,4817.353476015351
2664,4808.6511351581075
2665,4799.964514703524
2666,4791.293586253372
2667,4782.638321460724
2668,4773.998692029859
2669,4765.374669716171
2670,4756.76622632608
2671,4748.173333716931
2672,4739.595963796912
2673,4731.034088524954
2674,4722.487679910648
2675,4713.956710014142
2676,4705.441150946062
2677,4696.940974867412
2678,4688.456153989485
2679,4679.986660573776
2680,4671.532466931887
2681,4663.093545425437
2682,4654.669868465973
2683,4646.261408514882
2684,4637.868138083293
2685,4629.490029731997
2686,4621.127056071352
2687,4612.779189761192
2688,4604.446403510742
2689,4596.128670078526
2690,4587.825962272278
2691,4579.538252948854
2692,4571.265515014144
2693,4563.00772142298
2694,4554.764845179051
2695,4546.536859334815
2696,4538.323736991409
2697,4530.125451298559
2698,4521.941975454499
2699,4513.773282705876
2700,4505.619346347668
2701,4497.480139723093
2702,4489.355636223524
2703,4481.245809288401
2704,4473.150632405143
2705,4465.070079109067
2706,4457.004122983293
2707,4448.952737658665
2708,4440.915896813659
2709,4432.893574174303
2710,4424.885743514084
2711,4416.89237865387
2712,4408.913453461817
2713,4400.9489418532885
2714,4392.99881779077
2715,4385.06305528378
2716,4377.14162838879
2717,4369.234511209136
2718,4361.341677894937
2719,4353.463102643005
2720,4345.598759696769
2721,4337.748623346182
2722,4329.912667927644
2723,4322.090867823915
2724,4314.2831974640285
2725,4306.489631323214
2726,4298.710143922809
2727,4290.944709830178
2728,4283.193303658628
2729,4275.455900067325
2730,4267.732473761213
2731,4260.022999490931
2732,4252.327452052729
2733,4244.645806288387
2734,4236.978037085131
2735,4229.324119375554
2736,4221.684028137531
2737,4214.057738394139
2738,4206.445225213574
2739,4198.846463709071
2740,4191.261429038821
2741,4183.690096405891
2742,4176.132441058145
2743,4168.588438288155
2744,4161.058063433132
2745,4153.541291874835
2746,4146.038099039498
2747,4138.548460397743
2748,4131.072351464506
2749,4123.609747798953
2750,4116.160625004402
2751,4108.724958728242
2752,4101.302724661854
2753,4093.8938985405316
2754,4086.4984561434017
2755,4079.1163732933446
2756,4071.747625856916
2757,4064.3921897442674
2758,4057.0500409090682
2759,4049.7211553484253
2760,4042.4055091028067
2761,4035.103078255962
2762,4027.8138389348446
2763,4020.537767309533
2764,4013.2748395931544
2765,4006.025032041805
2766,3998.7883209544734
2767,3991.564682672964
2768,3984.354093581818
2769,3977.156530108236
2770,3969.971968722004
2771,3962.8003859354126
2772,3955.6417583031825
2773,3948.4960624223872
2774,3941.363274932377
2775,3934.243372514701
2776,3927.136331893034
2777,3920.0421298330966
2778,3912.960743142582
2779,3905.892148671079
2780,3898.8363233099976
2781,3891.793243992491
2782,3884.7628876933827
2783,3877.7452314290895
2784,3870.7402522575476
2785,3863.7479272781366
2786,3856.768233631605
2787,3849.801148499997
2788,3842.846649106574
2789,3835.904712715745
2790,3828.9753166329883
2791,3822.058438204779
2792,3815.1540548185158
2793,3808.2621439024447
2794,3801.3826829255877
2795,3794.515649397668
2796,3787.661020869036
2797,3780.818774930596
2798,3773.988889213735
2799,3767.171341390246
2800,3760.366109172259
2801,3753.5731703121633
2802,3746.79250260254
2803,3740.0240838760865
2804,3733.2678920055437
2805,3726.5239049036245
2806,3719.7921005229423
2807,3713.0724568559376
2808,3706.364951934807
2809,3699.66956383143
2810,3692.9862706572994
2811,3686.315050563448
2812,3679.6558817403784
2813,3673.0087424179906
2814,3666.3736108655116
2815,3659.750465391424
2816,3653.139284343395
2817,3646.5400461082063
2818,3639.9527291116824
2819,3633.377311818621
2820,3626.813772732722
2821,3620.2620903965176
2822,3613.722243391302
2823,3607.194210337061
2824,3600.677969892403
2825,3594.173500754488
2826,3587.68078165896
2827,3581.199791379874
2828,3574.730508729631
2829,3568.272912558905
2830,3561.826981756576
2831,3555.3926952496604
2832,3548.970032003241
2833,3542.558971020401
2834,3536.159491342152
2835,3529.771572047368
2836,3523.395192252716
2837,3517.030331112587
2838,3510.676967819031
2839,3504.335081601683
2840,3498.004651727703
2841,3491.6856575017
2842,3485.3780782656713
2843,3479.0818933989303
2844,3472.7970823180417
2845,3466.5236244767525
2846,3460.2614993659263
2847,3454.0106865134753
2848,3447.7711654842938
2849,3441.542915880191
2850,3435.325917339824
2851,3429.120149538633
2852,3422.925592188773
2853,3416.742225039048
2854,3410.5700278748454
2855,3404.408980518069
2856,3398.259062827073
2857,3392.1202546965983
2858,3385.992536057703
2859,3379.8758868777
2860,3373.7702871600904
2861,3367.6757169444977
2862,3361.5921563066036
2863,3355.5195853580813
2864,3349.4579842465323
2865,3343.40733315542
2866,3337.367612304006
2867,3331.338801947284
2868,3325.3208823759173
2869,3319.313833916173
2870,3313.317636929857
2871,3307.3322718142526
2872,3301.3577190020533
2873,3295.3939589612996
2874,3289.440972195317
2875,3283.49873924265
2876,3277.5672406769995
2877,3271.646457107159
2878,3265.736369176953
2879,3259.836957565169
2880,3253.9482029855003
2881,3248.0700861864784
2882,3242.2025879514126
2883,3236.3456890983257
2884,3230.4993704798926
2885,3224.6636129833764
2886,3218.838397530567
2887,3213.023705077718
2888,3207.219516615485
2889,3201.4258131688625
2890,3195.6425757971233
2891,3189.869785593755
2892,3184.1074236863997
2893,3178.3554712367913
2894,3172.6139094406944
2895,3166.8827195278423
2896,3161.1618827618763
2897,3155.451380440284
2898,3149.751193894338
2899,3144.0613044890356
2900,3138.3816936230373
2901,3132.712342728606
2902,3127.0532332715466
2903,3121.404346751145
2904,3115.765664700108
2905,3110.137168684503
2906,3104.518840303697
2907,3098.9106611902967
2908,3093.3126130100895
2909,3087.7246774619825
2910,3082.1468362779433
2911,3076.5790712229386
2912,3071.0213640948773
2913,3065.473696724549
2914,3059.936050975565
2915,3054.4084087443
2916,3048.8907519598306
2917,3043.3830625838796
2918,3037.885322610754
2919,3032.397514067288
2920,3026.9196190127823
2921,3021.4516195389483
2922,3015.9934977698467
2923,3010.5452358618313
2924,3005.106816003489
2925,2999.6782204155816
2926,2994.2594313509903
2927,2988.850431094654
2928,2983.4512019635135
2929,2978.0617263064537
2930,2972.6819865042453
2931,2967.311964969487
2932,2961.9516441465485
2933,2956.601006511514
2934,2951.260034572122
2935,2945.9287108677117
2936,2940.6070179691633
2937,2935.294938478842
2938,2929.9924550305423
2939,2924.699550289428
2940,2919.416206951979
2941,2914.1424077459324
2942,2908.8781354302278
2943,2903.6233727949493
2944,2898.37810266127
2945,2893.1423078813964
2946,2887.915971338511
2947,2882.699075946718
2948,2877.4916046509857
2949,2872.2935404270916
2950,2867.104866281567
2951,2861.9255652516413
2952,2856.7556204051866
2953,2851.5950148406614
2954,2846.4437316870567
2955,2841.30175410384
2956,2836.1690652809
2957,2831.045648438494
2958,2825.931486827189
2959,2820.82656372781
2960,2815.7308624513844
2961,2810.644366339088
2962,2805.5670587621894
2963,2800.4989231219965
2964,2795.4399428498023
2965,2790.3901014068297
2966,2785.349382284179
2967,2780.3177690027724
2968,2775.295245113302
2969,2770.2817941961735
2970,2765.277399861455
2971,2760.282045748821
2972,2755.2957155275017
2973,2750.318392896227
2974,2745.350061583175
2975,2740.390705345918
2976,2735.4403079713693
2977,2730.4988532757307
2978,2725.566325104439
2979,2720.642707332114
2980,2715.7279838625045
2981,2710.822138628438
2982,2705.9251555917654
2983,2701.0370187433095
2984,2696.157712102814
2985,2691.28721971889
2986,2686.425525668964
2987,2681.5726140592255
2988,2676.728469024576
2989,2671.8930747285767
2990,2667.066415363396
2991,2662.2484751497595
2992,2657.4392383368963
2993,2652.638689202489
2994,2647.846812052622
2995,2643.0635912217303
2996,2638.2890110725475
2997,2633.5230559960555
2998,2628.7657104114337
2999,2624.0169587660066
3000,2619.2767855351944
3001,2614.545175222462
3002,2609.8221123592684
3003,2605.107581505015
3004,2600.4015672469964
3005,2595.7040542003497
3006,2591.015027008004
3007,2586.3344703406297
3008,2581.66236889659
3009,2576.9987074018895
3010,2572.3434706101243
3011,2567.6966433024327
3012,2563.058210287445
3013,2558.4281564012344
3014,2553.8064665072666
3015,2549.1931254963515
3016,2544.5881182865924
3017,2539.9914298233375
3018,2535.403045079131
3019,2530.8229490536637
3020,2526.2511267737227
3021,2521.6875632931446
3022,2517.1322436927658
3023,2512.5851530803725
3024,2508.046276590653
3025,2503.515599385151
3026,2498.9931066522126
3027,2494.4787836069427
3028,2489.972615491153
3029,2485.4745875733165
3030,2480.984685148517
3031,2476.5028935384025
3032,2472.029198091137
3033,2467.563584181352
3034,2463.106037210099
3035,2458.6565426048032
3036,2454.2150858192126
3037,2449.7816523333536
3038,2445.3562276534817
3039,2440.9387973120356
3040,2436.5293468675877
3041,2432.1278619047994
3042,2427.7343280343725
3043,2423.348730893002
3044,2418.97105614333
3045,2414.601289473898
3046,2410.239416599101
3047,2405.88542325914
3048,2401.539295219977
3049,2397.2010182732843
3050,2392.8705782364036
3051,2388.547960952296
3052,2384.233152289496
3053,2379.9261381420674
3054,2375.626904429555
3055,2371.335437096939
3056,2367.0517221145906
3057,2362.775745478223
3058,2358.5074932088496
3059,2354.2469513527344
3060,2349.9941059813495
3061,2345.748943191328
3062,2341.5114491044187
3063,2337.2816098674407
3064,2333.0594116522384
3065,2328.844840655636
3066,2324.6378830993926
3067,2320.438525230158
3068,2316.246753319426
3069,2312.0625536634893
3070,2307.885912583398
3071,2303.716816424911
3072,2299.5552515584536
3073,2295.401204379072
3074,2291.25466130639
3075,2287.115608784563
3076,2282.984033282234
3077,2278.859921292491
3078,2274.743259332821
3079,2270.634033945066
3080,2266.5322316953816
3081,2262.4378391741884
3082,2258.350842996133
3083,2254.2712298000406
3084,2250.1989862488736
3085,2246.1340990296867
3086,2242.0765548535846
3087,2238.0263404556767
3088,2233.983442595036
3089,2229.947848054654
3090,2225.919543641398
3091,2221.8985161859687
3092,2217.884752542856
3093,2213.878239590297
3094,2209.878964230233
3095,2205.886913388266
3096,2201.902074013615
3097,2197.9244330790775
3098,2193.9539775809817
3099,2189.9906945391476
3100,2186.0345709968424
3101,2182.0855940207402
3102,2178.1437507008777
3103,2174.2090281506134
3104,2170.2814135065846
3105,2166.360893928666
3106,2162.447456599927
3107,2158.541088726591
3108,2154.6417775379923
3109,2150.7495102865346
3110,2146.86427424765
3111,2142.9860567197566
3112,2139.114845024218
3113,2135.2506265053007
3114,2131.3933885301335
3115,2127.5431184886656
3116,2123.699803793626
3117,2119.863431880482
3118,2116.0339902073983
3119,2112.2114662551953
3120,2108.39584752731
3121,2104.587121549752
3122,2100.7852758710665
3123,2096.9902980622905
3124,2093.2021757169146
3125,2089.42089645084
3126,2085.6464479023393
3127,2081.8788177320166
3128,2078.117993622767
3129,2074.3639632797344
3130,2070.6167144302744
3131,2066.8762348239115
3132,2063.142512232301
3133,2059.415534449188
3134,2055.6952892903664
3135,2051.9817645936423
3136,2048.274948218791
3137,2044.574828047519
3138,2040.8813919834242
3139,2037.1946279519557
3140,2033.5145239003748
3141,2029.8410677977156
3142,2026.1742476347458
3143,2022.5140514239272
3144,2018.8604671993764
3145,2015.2134830168263
3146,2011.573086953586
3147,2007.9392671085025
3148,2004.3120116019222
3149,2000.6913085756512
3150,1997.077146192917
3151,1993.46951263833
3152,1989.8683961178438
3153,1986.2737848587183
3154,1982.68566710948
3155,1979.1040311398835
3156,1975.5288652408747
3157,1971.96015772455
3158,1968.397896924121
3159,1964.8420711938732
3160,1961.292668909131
3161,1957.7496784662173
3162,1954.2130882824174
3163,1950.6828867959396
3164,1947.1590624658782
3165,1943.6416037721758
3166,1940.1304992155856
3167,1936.6257373176334
3168,1933.1273066205804
3169,1929.635195687386
3170,1926.1493931016696
3171,1922.6698874676745
3172,1919.196667410229
3173,1915.7297215747114
3174,1912.2690386270106
3175,1908.8146072534903
3176,1905.3664161609522
3177,1901.9244540765983
3178,1898.4887097479943
3179,1895.0591719430336
3180,1891.6358294498991
3181,1888.218671077028
3182,1884.807685653074
3183,1881.4028620268718
3184,1878.0041890674001
3185,1874.6116556637455
3186,1871.2252507250655
3187,1867.844963180553
3188,1864.4707819793996
3189,1861.1026960907602
3190,1857.7406945037162
3191,1854.3847662272397
3192,1851.0349002901576
3193,1847.6910857411158
3194,1844.3533116485432
3195,1841.0215671006165
3196,1837.6958412052238
3197,1834.3761230899293
3198,1831.0624019019378
3199,1827.7546668080597
3200,1824.4529069946743
3201,1821.1571116676957
3202,1817.8672700525372
3203,1814.5833713940756
3204,1811.3054049566163
3205,1808.0333600238587
3206,1804.7672258988603
3207,1801.5069919040022
3208,1798.2526473809546
3209,1795.0041816906412
3210,1791.7615842132045
3211,1788.5248443479718
3212,1785.2939515134196
3213,1782.0688951471398
3214,1778.8496647058046
3215,1775.6362496651325
3216,1772.4286395198535
3217,1769.226823783675
3218,1766.030791989247
3219,1762.8405336881292
3220,1759.6560384507552
3221,1756.4772958663996
3222,1753.304295543143
3223,1750.1370271078392
3224,1746.9754802060804
3225,1743.8196445021633
3226,1740.6695096790559
3227,1737.5250654383633
3228,1734.3863015002944
3229,1731.253207603628
3230,1728.1257735056795
3231,1725.003988982267
3232,1721.8878438276781
3233,1718.777327854637
3234,1715.6724308942703
3235,1712.5731427960745
3236,1709.4794534278826
3237,1706.3913526758308
3238,1703.3088304443256
3239,1700.2318766560106
3240,1697.160481251734
3241,1694.0946341905149
3242,1691.0343254495117
3243,1687.9795450239883
3244,1684.9302829272815
3245,1681.886529190769
3246,1678.8482738638359
3247,1675.8155070138432
3248,1672.7882187260943
3249,1669.7663991038035
3250,1666.7500382680628
3251,1663.7391263578102
3252,1660.7336535297975
3253,1657.7336099585575
3254,1654.7389858363726
3255,1651.7497713732423
3256,1648.7659567968512
3257,1645.7875323525375
3258,1642.8144883032603
3259,1639.8468149295686
3260,1636.884502529569
3261,1633.9275414188944
3262,1630.9759219306718
3263,1628.029634415491
3264,1625.0886692413733
3265,1622.1530167937394
3266,1619.2226674753788
3267,1616.2976117064175
3268,1613.3778399242872
3269,1610.4633425836942
3270,1607.5541101565877
3271,1604.6501331321292
3272,1601.7514020166607
3273,1598.8579073336746
3274,1595.9696396237816
3275,1593.086589444681
3276,1590.2087473711288
3277,1587.3361039949075
3278,1584.4686499247948
3279,1581.6063757865338
3280,1578.7492722228012
3281,1575.8973298931778
3282,1573.0505394741172
3283,1570.2088916589155
3284,1567.372377157681
3285,1564.5409866973043
3286,1561.7147110214266
3287,1558.893540890411
3288,1556.0774670813114
3289,1553.2664803878422
3290,1550.4605716203491
3291,1547.6597316057782
3292,1544.8639511876465
3293,1542.0732212260118
3294,1539.2875325974424
3295,1536.506876194988
3296,1533.73124292815
3297,1530.9606237228509
3298,1528.195009521405
3299,1525.434391282489
3300,1522.678759981113
3301,1519.9281066085896
3302,1517.1824221725053
3303,1514.4416976966913
3304,1511.705924221194
3305,1508.975092802245
3306,1506.2491945122326
3307,1503.528220439673
3308,1500.8121616891801
3309,1498.1010093814368
3310,1495.3947546531663
3311,1492.693388657103
3312,1489.9969025619637
3313,1487.305287552418
3314,1484.6185348290603
3315,1481.9366356083808
3316,1479.2595811227368
3317,1476.5873626203238
3318,1473.919971365147
3319,1471.2573986369928
3320,1468.5996357314004
3321,1465.9466739596335
3322,1463.298504648651
3323,1460.65511914108
3324,1458.016508795186
3325,1455.3826649848459
3326,1452.7535790995194
3327,1450.1292425442205
3328,1447.5096467394897
3329,1444.894783121366
3330,1442.2846431413589
3331,1439.67921826642
3332,1437.0784999789164
3333,1434.4824797766007
3334,1431.8911491725853
3335,1429.3044996953136
3336,1426.7225228885322
3337,1424.145210311264
3338,1421.5725535377799
3339,1419.0045441575714
3340,1416.4411737753237
3341,1413.8824340108874
3342,1411.3283164992515
3343,1408.778812890516
3344,1406.233914849865
3345,1403.6936140575385
3346,1401.1579022088063
3347,1398.62677101394
3348,1396.1002121981865
3349,1393.5782175017403
3350,1391.0607786797173
3351,1388.547887502127
3352,1386.0395357538466
3353,1383.5357152345932
3354,1381.0364177588972
3355,1378.541635156076
3356,1376.0513592702068
3357,1373.5655819601004
3358,1371.084295099274
3359,1368.6074905759249
3360,1366.1351602929042
3361,1363.6672961676902
3362,1361.203890132362
3363,1358.7449341335725
3364,1356.2904201325234
3365,1353.8403401049377
3366,1351.3946860410338
3367,1348.9534499454996
3368,1346.5166238374663
3369,1344.084199750482
3370,1341.656169732486
3371,1339.2325258457824
3372,1336.8132601670147
3373,1334.3983647871396
3374,1331.9878318114008
3375,1329.5816533593038
3376,1327.17982156459
3377,1324.7823285752104
3378,1322.389166553301
3379,1320.000327675156
3380,1317.6158041312033
3381,1315.235588125978
3382,1312.8596718780975
3383,1310.488047620236
3384,1308.1207075990992
3385,1305.7576440753985
3386,1303.398849323826
3387,1301.0443156330296
3388,1298.6940353055868
3389,1296.3480006579807
3390,1294.0062040205744
3391,1291.6686377375852
3392,1289.335294167061
3393,1287.006165680854
3394,1284.681244664597
3395,1282.360523517677
3396,1280.0439946532115
3397,1277.7316504980236
3398,1275.4234834926167
3399,1273.1194860911503
3400,1270.819650761415
3401,1268.5239699848082
3402,1266.2324362563093
3403,1263.945042084455
3404,1261.6617799913154
3405,1259.3826425124685
3406,1257.107622196977
3407,1254.8367116073632
3408,1252.569903319585
3409,1250.3071899230113
3410,1248.048564020398
3411,1245.7940182278644
3412,1243.5435451748676
3413,1241.2971375041798
3414,1239.0547878718635
3415,1236.8164889472475
3416,1234.5822334129039
3417,1232.3520139646225
3418,1230.1258233113886
3419,1227.9036541753578
3420,1225.6854992918331
3421,1223.471351409241
3422,1221.2612032891072
3423,1219.055047706034
3424,1216.8528774476756
3425,1214.6546853147152
3426,1212.4604641208412
3427,1210.2702066927236
3428,1208.083905869991
3429,1205.9015545052068
3430,1203.7231454638459
3431,1201.5486716242713
3432,1199.3781258777112
3433,1197.2115011282353
3434,1195.0487902927318
3435,1192.8899863008842
3436,1190.7350820951483
3437,1188.584070630729
3438,1186.4369448755574
3439,1184.2936978102678
3440,1182.1543224281743
3441,1180.0188117352488
3442,1177.8871587500971
3443,1175.759356503937
3444,1173.635398040575
3445,1171.5152764163834
3446,1169.398984700278
3447,1167.2865159736957
3448,1165.177863330571
3449,1163.0730198773138
3450,1160.9719787327874
3451,1158.8747330282856
3452,1156.7812759075098
3453,1154.6916005265473
3454,1152.6057000538485
3455,1150.523567670205
3456,1148.4451965687265
3457,1146.3705799548195
3458,1144.2997110461645
3459,1142.2325830726936
3460,1140.1691892765693
3461,1138.1095229121618
3462,1136.0535772460264
3463,1134.0013455568828
3464,1131.9528211355919
3465,1129.9079972851346
3466,1127.8668673205896
3467,1125.8294245691118
3468,1123.79566236991
3469,1121.7655740742255
3470,1119.7391530453103
3471,1117.7163926584058
3472,1115.6972863007202
3473,1113.6818273714077
3474,1111.6700092815465
3475,1109.6618254541177
3476,1107.657269323983
3477,1105.656334337864
3478,1103.659013954321
3479,1101.6653016437301
3480,1099.6751908882638
3481,1097.6886751818683
3482,1095.705748030243
3483,1093.7264029508185
3484,1091.7506334727364
3485,1089.7784331368273
3486,1087.8097954955902
3487,1085.844714113171
3488,1083.883182565342
3489,1081.9251944394803
3490,1079.9707433345473
3491,1078.0198228610675
3492,1076.072426641108
3493,1074.1285483082568
3494,1072.188181507603
3495,1070.2513198957156
3496,1068.3179571406224
3497,1066.38808692179
3498,1064.4617029301025
3499,1062.5387988678413
3500,1060.619368448664
3501,1058.703405397585
3502,1056.790903450953
3503,1054.8818563564328
3504,1052.9762578729833
3505,1051.0741017708378
3506,1049.175381831483
3507,1047.2800918476396
3508,1045.388225623241
3509,1043.4997769734136
3510,1041.614739724457
3511,1039.7331077138228
3512,1037.8548747900952
3513,1035.9800348129704
3514,1034.1085816532373
3515,1032.2405091927562
3516,1030.3758113244405
3517,1028.5144819522352
3518,1026.6565149910973
3519,1024.801904366977
3520,1022.9506440167961
3521,1021.1027278884299
3522,1019.2581499406859
3523,1017.4169041432854
3524,1015.5789844768425
3525,1013.7443849328455
3526,1011.9130995136368
3527,1010.085122232393
3528,1008.260447113106
3529,1006.4390681905629
3530,1004.6209795103267
3531,1002.8061751287169
3532,1000.99464911279
3533,999.18639554032
3534,997.3814084997792
3535,995.579682090319
3536,993.7812104217502
3537,991.985987614524
3538,990.1940077997127
3539,988.4052651189909
3540,986.6197537246156
3541,984.8374677794078
3542,983.0584014567328
3543,981.2825489404818
3544,979.5099044250522
3545,977.7404621153294
3546,975.974216226667
3547,974.2111609848686
3548,972.4512906261684
3549,970.6945993972129
3550,968.9410815550415
3551,967.1907313670681
3552,965.4435431110625
3553,963.699511075131
3554,961.9586295576986
3555,960.2208928674897
3556,958.4862953235099
3557,956.7548312550272
3558,955.0264950015535
3559,953.3012809128261
3560,951.5791833487895
3561,949.8601966795763
3562,948.1443152854897
3563,946.4315335569843
3564,944.721845894648
3565,943.0152467091842
3566,941.3117304213929
3567,939.6112914621526
3568,937.9139242724024
3569,936.2196233031233
3570,934.5283830153206
3571,932.8401978800056
3572,931.1550623781773
3573,929.4729710008045
3574,927.793918248808
3575,926.1178986330425
3576,924.4449066742784
3577,922.7749369031841
3578,921.1079838603083
3579,919.4440420960618
3580,917.7831061707
3581,916.1251706543046
3582,914.4702301267668
3583,912.8182791777683
3584,911.169312406765
3585,909.5233244229682
3586,907.8803098453276
3587,906.2402633025133
3588,904.6031794328989
3589,902.9690528845431
3590,901.3378783151729
3591,899.709650392166
3592,898.084363792533
3593,896.4620132029004
3594,894.8425933194928
3595,893.2260988481163
3596,891.6125245041404
3597,890.0018650124812
3598,888.3941151075838
3599,886.7892695334058
3600,885.1873230433989
3601,883.5882704004931
3602,881.9921063770786
3603,880.398825754989
3604,878.8084233254847
3605,877.220893889235
3606,875.6362322563017
3607,874.0544332461221
3608,872.475491687492
3609,870.8994024185486
3610,869.3261602867539
3611,867.7557601488776
3612,866.1881968709805
3613,864.6234653283977
3614,863.0615604057218
3615,861.5024769967861
3616,859.9462100046478
3617,858.3927543415718
3618,856.8421049290138
3619,855.2942566976033
3620,853.7492045871277
3621,852.2069435465153
3622,850.667468533819
3623,849.1307745162
3624,847.5968564699107
3625,846.0657093802789
3626,844.5373282416912
3627,843.0117080575765
3628,841.4888438403898
3629,839.9687306115961
3630,838.4513634016538
3631,836.9367372499984
3632,835.4248472050265
3633,833.9156883240797
3634,832.4092556734283
3635,830.9055443282551
3636,829.4045493726393
3637,827.9062658995406
3638,826.4106890107829
3639,824.9178138170387
3640,823.4276354378127
3641,821.940149001426
3642,820.4553496450002
3643,818.9732325144414
3644,817.4937927644246
3645,816.0170255583776
3646,814.542926068465
3647,813.0714894755732
3648,811.6027109692936
3649,810.1365857479078
3650,808.6731090183712
3651,807.2122759962976
3652,805.754081905944
3653,804.298521980194
3654,802.8455914605432
3655,801.3952855970832
3656,799.9475996484861
3657,798.5025288819887
3658,797.0600685733777
3659,795.6202140069738
3660,794.1829604756161
3661,792.7483032806474
3662,791.3162377318981
3663,789.8867591476715
3664,788.4598628547277
3665,787.0355441882693
3666,785.6137984919255
3667,784.1946211177369
3668,782.7780074261406
3669,781.3639527859546
3670,779.9524525743632
3671,778.5435021769016
3672,777.1370969874408
3673,775.7332324081725
3674,774.3319038495943
3675,772.9331067304942
3676,771.5368364779363
3677,770.1430885272455
3678,768.7518583219924
3679,767.3631413139786
3680,765.9769329632221
3681,764.5932287379418
3682,763.2120241145433
3683,761.8333145776038
3684,760.4570956198575
3685,759.0833627421807
3686,757.7121114535772
3687,756.3433372711636
3688,754.9770357201546
3689,753.6132023338486
3690,752.2518326536125
3691,750.8929222288679
3692,749.5364666170759
3693,748.1824613837231
3694,746.8309021023067
3695,745.4817843543203
3696,744.1351037292393
3697,742.7908558245064
3698,741.4490362455174
3699,740.109640605607
3700,738.7726645260337
3701,737.4381036359666
3702,736.1059535724702
3703,734.7762099804903
3704,733.4488685128402
3705,732.1239248301863
3706,730.8013746010334
3707,729.4812135017113
3708,728.1634372163602
3709,726.8480414369167
3710,725.5350218630997
3711,724.2243742023966
3712,722.9160941700487
3713,721.6101774890378
3714,720.3066198900718
3715,719.005417111571
3716,717.7065648996539
3717,716.4100590081237
3718,715.1158951984538
3719,713.8240692397748
3720,712.5345769088598
3721,711.2474139901111
3722,709.9625762755463
3723,708.6800595647845
3724,707.3998596650327
3725,706.121972391072
3726,704.8463935652436
3727,703.5731190174359
3728,702.3021445850703
3729,701.0334661130876
3730,699.7670794539346
3731,698.5029804675504
3732,697.241165021353
3733,695.9816289902259
3734,694.7243682565041
3735,693.4693787099613
3736,692.2166562477961
3737,690.9661967746183
3738,689.7179962024363
3739,688.472050450643
3740,687.2283554460029
3741,685.9869071226384
3742,684.7477014220169
3743,683.5107342929374
3744,682.2760016915171
3745,681.0434995811784
3746,679.8132239326355
3747,678.5851707238816
3748,677.359335940175
3749,676.1357155740269
3750,674.9143056251876
3751,673.6951021006337
3752,672.4781010145551
3753,671.2632983883422
3754,670.0506902505718
3755,668.8402726369957
3756,667.6320415905265
3757,666.4259931612252
3758,665.2221234062881
3759,664.0204283900343
3760,662.8209041838924
3761,661.6235468663876
3762,660.4283525231293
3763,659.235317246798
3764,658.0444371371326
3765,656.8557083009176
3766,655.6691268519706
3767,654.4846889111293
3768,653.3023906062389
3769,652.1222280721395
3770,650.9441974506534
3771,649.7682948905727
3772,648.5945165476465
3773,647.4228585845683
3774,646.2533171709634
3775,645.0858884833768
3776,643.9205687052602
3777,642.7573540269597
3778,641.5962406457036
3779,640.4372247655895
3780,639.2803025975722
3781,638.1254703594516
3782,636.9727242758593
3783,635.8220605782475
3784,634.6734755048758
3785,633.5269653007995
3786,632.3825262178567
3787,631.2401545146568
3788,630.0998464565674
3789,628.961598315703
3790,627.825406370912
3791,626.6912669077651
3792,625.559176218543
3793,624.4291306022242
3794,623.3011263644727
3795,622.1751598176264
3796,621.0512272806848
3797,619.9293250792969
3798,618.8094495457492
3799,617.6915970189539
3800,616.5757638444367
3801,615.461946374325
3802,614.3501409673358
3803,613.2403439887643
3804,612.1325518104711
3805,611.0267608108713
3806,609.9229673749221
3807,608.821167894111
3808,607.7213587664442
3809,606.6235363964347
3810,605.5276971950908
3811,604.433837579904
3812,603.3419539748375
3813,602.2520428103143
3814,601.1641005232058
3815,600.0781235568201
3816,598.9941083608902
3817,597.9120513915627
3818,596.8319491113857
3819,595.7537979892978
3820,594.6775945006164
3821,593.6033351270256
3822,592.5310163565657
3823,591.460634683621
3824,590.3921866089086
3825,589.3256686394667
3826,588.2610772886437
3827,587.1984090760863
3828,586.1376605277283
3829,585.0788281757792
3830,584.0219085587132
3831,582.9668982212573
3832,581.9137937143804
3833,580.862591595282
3834,579.8132884273806
3835,578.7658807803031
3836,577.720365229873
3837,576.6767383580994
3838,575.6349967531662
3839,574.5951370094201
3840,573.5571557273603
3841,572.5210495136267
3842,571.4868149809897
3843,570.4544487483382
3844,569.423947440669
3845,568.3953076890758
3846,567.3685261307379
3847,566.3435994089095
3848,565.3205241729087
3849,564.2992970781062
3850,563.2799147859149
3851,562.2623739637786
3852,561.2466712851613
3853,560.232803429536
3854,559.2207670823746
3855,558.2105589351359
3856,557.2021756852557
3857,556.195614036136
3858,555.1908706971337
3859,554.1879423835502
3860,553.1868258166204
3861,552.1875177235024
3862,551.1900148372664
3863,550.1943138968841
3864,549.2004116472182
3865,548.2083048390117
3866,547.2179902288772
3867,546.2294645792863
3868,545.2427246585592
3869,544.2577672408537
3870,543.2745891061553
3871,542.293187040266
3872,541.3135578347944
3873,540.3356982871447
3874,539.3596052005065
3875,538.3852753838444
3876,537.4127056518873
3877,536.4418928251183
3878,535.4728337297641
3879,534.5055251977848
3880,533.5399640668631
3881,532.5761471803947
3882,531.6140713874773
3883,530.6537335429007
3884,529.6951305071362
3885,528.7382591463269
3886,527.7831163322766
3887,526.8296989424402
3888,525.8780038599137
3889,524.9280279734234
3890,523.9797681773157
3891,523.0332213715476
3892,522.0883844616761
3893,521.1452543588482
3894,520.2038279797907
3895,519.2641022468002
3896,518.3260740877332
3897,517.3897404359957
3898,516.4550982305334
3899,515.5221444158218
3900,514.5908759418559
3901,513.6612897641405
3902,512.7333828436801
3903,511.80715214696914
3904,510.8825946459818
3905,509.95970731816226
3906,509.0384871464149
3907,508.11893111909444
3908,507.2010362299958
3909,506.28479947834455
3910,505.3702178687871
3911,504.4572884113808
3912,503.5460081215841
3913,502.6363740202471
3914,501.7283831336014
3915,500.8220324932508
3916,499.91731913616115
3917,499.01424010465104
3918,498.11279244638195
3919,497.21297321434855
3920,496.3147794668693
3921,495.41820826757663
3922,494.52325668540726
3923,493.6299217945929
3924,492.73820067465056
3925,491.84809041037283
3926,490.9595880918186
3927,490.07269081430337
3928,489.1873956783899
3929,488.30369978987864
3930,487.42160025979825
3931,486.54109420439625
3932,485.66217874512944
3933,484.7848510086547
3934,483.90910812681943
3935,483.03494723665216
3936,482.16236548035334
3937,481.2913600052859
3938,480.42192796396597
3939,479.5540665140534
3940,478.6877728183427
3941,477.82304404475366
3942,476.95987736632213
3943,476.09826996119074
3944,475.2382190125996
3945,474.37972170887724
3946,473.5227752434314
3947,472.6673768147397
3948,471.8135236263407
3949,470.9612128868246
3950,470.1104418098241
3951,469.26120761400546
3952,468.4135075230592
3953,467.5673387656912
3954,466.72269857561355
3955,465.87958419153546
3956,465.03799285715434
3957,464.19792182114674
3958,463.35936833715937
3959,462.52232966380006
3960,461.6868030646289
3961,460.85278580814924
3962,460.02027516779873
3963,459.1892684219404
3964,458.3597628538539
3965,457.53175575172645
3966,456.70524440864403
3967,455.8802261225826
3968,455.0566981963991
3969,454.23465793782293
3970,453.4141026594468
3971,452.59502967871816
3972,451.7774363179304
3973,450.96131990421395
3974,450.14667776952786
3975,449.33350725065077
3976,448.52180568917225
3977,447.71157043148435
3978,446.9027988287725
3979,446.0954882370074
3980,445.2896360169358
3981,444.4852395340723
3982,443.6822961586906
3983,442.88080326581473
3984,442.0807582352108
3985,441.28215845137817
3986,440.485001303541
3987,439.6892841856398
3988,438.8950044963226
3989,438.1021596389369
3990,437.31074702152074
3991,436.5207640567945
3992,435.73220816215246
3993,434.94507675965417
3994,434.1593672760161
3995,433.3750771426033
3996,432.5922037954209
3997,431.81074467510587
3998,431.03069722691845
3999,430.25205890073397
4000,429.4748271510344
4001,428.6989994369001
4002,427.9245732220016
4003,427.151545974591
4004,426.379915167494
4005,425.60967827810157
4006,424.84083278836164
4007,424.07337618477084
4008,423.3073059583663
4009,422.5426196047177
4010,421.77931462391854
4011,421.0173885205786
4012,420.2568388038153
4013,419.49766298724575
4014,418.7398585889786
4015,417.98342313160606
4016,417.2283541421955
4017,416.4746491522816
4018,415.72230569785825
4019,414.9713213193704
4020,414.22169356170616
4021,413.4734199741886
4022,412.72649811056783
4023,411.9809255290131
4024,411.23669979210473
4025,410.493818466826
4026,409.7522791245554
4027,409.0120793410586
4028,408.27321669648063
4029,407.5356887753378
4030,406.79949316650993
4031,406.0646274632324
4032,405.3310892630883
4033,404.5988761680006
4034,403.86798578422423
4035,403.13841572233844
4036,402.41016359723875
4037,401.6832270281293
4038,400.9576036385151
4039,400.2332910561941
4040,399.5102869132496
4041,398.78858884604244
4042,398.0681944952032
4043,397.3491015056247
4044,396.63130752645395
4045,395.91481021108484
4046,395.19960721715023
4047,394.48569620651443
4048,393.7730748452654
4049,393.06174080370727
4050,392.3516917563527
4051,391.6429253819151
4052,390.9354393633014
4053,390.22923138760405
4054,389.52429914609377
4055,388.82064033421193
4056,388.1182526515629
4057,387.4171338019067
4058,386.7172814931513
4059,386.01869343734535
4060,385.3213673506705
4061,384.6253009534341
4062,383.93049197006155
4063,383.23693812908914
4064,382.54463716315627
4065,381.8535868089984
4066,381.16378480743936
4067,380.47522890338416
4068,379.78791684581154
4069,379.10184638776656
4070,378.4170152863533
4071,377.73342130272766
4072,377.0510622020897
4073,376.36993575367677
4074,375.69003973075587
4075,375.0113719106165
4076,374.33393007456345
4077,373.6577120079094
4078,372.9827154999679
4079,372.3089383440459
4080,371.6363783374366
4081,370.9650332814125
4082,370.2949009812178
4083,369.6259792460615
4084,368.9582658891102
4085,368.29175872748084
4086,367.62645558223375
4087,366.96235427836535
4088,366.2994526448012
4089,365.63774851438865
4090,364.9772397238901
4091,364.31792411397555
4092,363.65979952921595
4093,363.00286381807575
4094,362.3471148329062
4095,361.6925504299381
4096,361.03916846927484
4097,360.38696681488557
4098,359.735943334598
4099,359.08609590009155
4100,358.4374223868903
4101,357.7899206743562
4102,357.1435886456819
4103,356.49842418788415
4104,355.85442519179657
4105,355.21158955206295
4106,354.5699151671304
4107,353.92939993924216
4108,353.29004177443124
4109,352.65183858251316
4110,352.01478827707933
4111,351.3788887754901
4112,350.7441379988681
4113,350.1105338720913
4114,349.4780743237863
4115,348.8467572863216
4116,348.21658069580064
4117,347.58754249205543
4118,346.9596406186394
4119,346.33287302282093
4120,345.7072376555766
4121,345.08273247158434
4122,344.459355429217
4123,343.83710449053547
4124,343.21597762128215
4125,342.59597279087416
4126,341.9770879723968
4127,341.359321142597
4128,340.7426702818765
4129,340.12713337428534
4130,339.5127084075154
4131,338.8993933728936
4132,338.28718626537545
4133,337.6760850835386
4134,337.0660878295761
4135,336.4571925092899
4136,335.84939713208445
4137,335.2426997109601
4138,334.6370982625067
4139,334.0325908068969
4140,333.42917536787996
4141,332.8268499727751
4142,332.22561265246514
4143,331.6254614413899
4144,331.02639437754004
4145,330.42840950245045
4146,329.83150486119393
4147,329.2356785023747
4148,328.64092847812213
4149,328.04725284408437
4150,327.45464965942193
4151,326.8631169868014
4152,326.272652892389
4153,325.68325544584434
4154,325.0949227203142
4155,324.50765279242603
4156,323.9214437422819
4157,323.33629365345195
4158,322.7522006129684
4159,322.1691627113191
4160,321.5871780424412
4161,321.00624470371537
4162,320.42636079595906
4163,319.8475244234206
4164,319.26973369377293
4165,318.69298671810725
4166,318.1172816109272
4167,317.54261649014234
4168,316.96898947706217
4169,316.39639869639007
4170,315.8248422762169
4171,315.25431834801515
4172,314.68482504663274
4173,314.11636051028677
4174,313.5489228805577
4175,312.98251030238316
4176,312.4171209240518
4177,311.85275289719726
4178,311.28940437679233
4179,310.7270735211426
4180,310.1657584918807
4181,309.6054574539601
4182,309.0461685756494
4183,308.4878900285259
4184,307.93061998747
4185,307.37435663065907
4186,306.81909813956156
4187,306.264842698931
4188,305.71158849679995
4189,305.15933372447444
4190,304.6080765765277
4191,304.0578152507944
4192,303.50854794836476
4193,302.9602728735787
4194,302.41298823401974
4195,301.8666922405095
4196,301.32138310710167
4197,300.77705905107604
4198,300.23371829293296
4199,299.6913590563872
4200,299.1499795683626
4201,298.6095780589856
4202,298.0701527615802
4203,297.5317019126615
4204,296.9942237519306
4205,296.4577165222682
4206,295.9221784697293
4207,295.3876078435374
4208,294.85400289607855
4209,294.3213618828958
4210,293.78968306268365
4211,293.258964697282
4212,292.7292050516708
4213,292.20040239396417
4214,291.67255499540477
4215,291.1456611303583
4216,290.6197190763076
4217,290.09472711384734
4218,289.57068352667807
4219,289.0475866016008
4220,288.5254346285114
4221,288.00422590039494
4222,287.48395871332013
4223,286.96463136643376
4224,286.4462421619552
4225,285.9287894051707
4226,285.41227140442794
4227,284.8966864711306
4228,284.3820329197326
4229,283.8683090677328
4230,283.3555132356695
4231,282.8436437471147
4232,282.3326989286689
4233,281.8226771099555
4234,281.31357662361546
4235,280.80539580530154
4236,280.2981329936733
4237,279.7917865303913
4238,279.2863547601118
4239,278.78183603048154
4240,278.27822869213196
4241,277.7755310986741
4242,277.2737416066932
4243,276.7728585757431
4244,276.2728803683412
4245,275.7738053499628
4246,275.275631889036
4247,274.7783583569362
4248,274.28198312798094
4249,273.78650457942433
4250,273.291921091452
4251,272.79823104717576
4252,272.30543283262807
4253,271.81352483675715
4254,271.3225054514214
4255,270.8323730713843
4256,270.3431260943091
4257,269.85476292075367
4258,269.3672819541651
4259,268.8806816008746
4260,268.3949602700924
4261,267.9101163739022
4262,267.42614832725644
4263,266.94305454797075
4264,266.4608334567189
4265,265.97948347702766
4266,265.4990030352717
4267,265.0193905606683
4268,264.54064448527225
4269,264.0627632439709
4270,263.5857452744788
4271,263.1095890173328
4272,262.6342929158867
4273,262.15985541630647
4274,261.6862749675649
4275,261.2135500214367
4276,260.7416790324933
4277,260.2706604580981
4278,259.800492758401
4279,259.3311743963336
4280,258.8627038376042
4281,258.39507955069274
4282,257.9283000068457
4283,257.46236368007123
4284,256.9972690471342
4285,256.533014587551
4286,256.0695987835848
4287,255.60702012024052
4288,255.14527708525975
4289,254.684368169116
4290,254.22429186500963
4291,253.76504666886296
4292,253.3066310793154
4293,252.84904359771846
4294,252.39228272813097
4295,251.936346977314
4296,251.48123485472618
4297,251.0269448725187
4298,250.5734755455305
4299,250.1208253912834
4300,249.66899292997724
4301,249.21797668448505
4302,248.76777518034825
4303,248.31838694577178
4304,247.86981051161933
4305,247.42204441140854
4306,246.97508718130615
4307,246.52893736012328
4308,246.0835934893106
4309,245.6390541129536
4310,245.1953177777678
4311,244.75238303309405
4312,244.31024843089372
4313,243.86891252574404
4314,243.42837387483326
4315,242.98863103795608
4316,242.54968257750883
4317,242.11152705848485
4318,241.6741630484697
4319,241.23758911763656
4320,240.80180383874156
4321,240.36680578711903
4322,239.93259354067695
4323,239.4991656798922
4324,239.066520787806
4325,238.63465745001926
4326,238.20357425468788
4327,237.77326979251825
4328,237.34374265676254
4329,236.9149914432142
4330,236.48701475020331
4331,236.05981117859199
4332,235.63337933176982
4333,235.20771781564932
4334,234.7828252386614
4335,234.35870021175072
4336,233.93534134837125
4337,233.51274726448167
4338,233.0909165785409
4339,232.66984791150355
4340,232.24953988681537
4341,231.82999113040884
4342,231.41120027069866
4343,230.99316593857716
4344,230.57588676740997
4345,230.15936139303145
4346,229.74358845374027
4347,229.32856659029497
4348,228.91429444590952
4349,228.5007706662488
4350,228.0879938994243
4351,227.67596279598962
4352,227.26467600893608
4353,226.8541321936883
4354,226.44433000809977
4355,226.03526811244862
4356,225.62694516943307
4357,225.21935984416712
4358,224.81251080417616
4359,224.40639671939266
4360,224.00101626215184
4361,223.5963681071872
4362,223.19245093162638
4363,222.78926341498664
4364,222.3868042391707
4365,221.9850720884623
4366,221.58406564952202
4367,221.18378361138295
4368,220.78422466544632
4369,220.38538750547733
4370,219.98727082760078
4371,219.58987333029697
4372,219.19319371439724
4373,218.79723068307987
4374,218.40198294186578
4375,218.0074491986143
4376,217.613628163519
4377,217.22051854910336
4378,216.8281190702167
4379,216.43642844402984
4380,216.04544539003106
4381,215.65516863002176
4382,215.26559688811236
4383,214.87672889071814
4384,214.48856336655504
4385,214.10109904663557
4386,213.71433466426453
4387,213.32826895503499
4388,212.94290065682412
4389,212.55822850978905
4390,212.17425125636277
4391,211.79096764125
4392,211.40837641142315
4393,211.02647631611808
4394,210.64526610683015
4395,210.2647445373101
4396,209.88491036355992
4397,209.5057623438289
4398,209.12729923860945
4399,208.7495198106331
4400,208.37242282486645
4401,207.99600704850715
4402,207.62027125097984
4403,207.24521420393216
4404,206.8708346812307
4405,206.49713145895697
4406,206.12410331540354
4407,205.75174903106983
4408,205.38006738865832
4409,205.0090571730704
4410,204.6387171714026
4411,204.26904617294235
4412,203.90004296916433
4413,203.5317063537263
4414,203.16403512246524
4415,202.79702807339336
4416,202.43068400669426
4417,202.06500172471894
4418,201.69998003198188
4419,201.3356177351572
4420,200.97191364307466
4421,200.60886656671585
4422,200.24647531921025
4423,199.88473871583136
4424,199.5236555739929
4425,199.1632247132448
4426,198.8034449552695
4427,198.44431512387797
4428,198.0858340450059
4429,197.72800054670992
4430,197.3708134591637
4431,197.01427161465418
4432,196.65837384757768
4433,196.30311899443615
4434,195.94850589383336
4435,195.59453338647108
4436,195.2412003151453
4437,194.88850552474247
4438,194.5364478622357
4439,194.18502617668094
4440,193.83423931921334
4441,193.48408614304338
4442,193.1345655034532
4443,192.78567625779277
4444,192.4374172654763
4445,192.08978738797833
4446,191.74278548883015
4447,191.39641043361598
4448,191.05066108996937
4449,190.7055363275694
4450,190.36103501813704
4451,190.01715603543147
4452,189.67389825524634
4453,189.33126055540615
4454,188.98924181576254
4455,188.64784091819067
4456,188.30705674658554
4457,187.96688818685834
4458,187.62733412693282
4459,187.28839345674166
4460,186.9500650682228
4461,186.6123478553159
4462,186.27524071395857
4463,185.93874254208296
4464,185.60285223961202
4465,185.2675687084559
4466,184.9328908525085
4467,184.5988175776437
4468,184.26534779171192
4469,183.93248040453645
4470,183.60021432791
4471,183.26854847559105
4472,182.93748176330033
4473,182.60701310871727
4474,182.27714143147645
4475,181.94786565316411
4476,181.6191846973146
4477,181.29109748940687
4478,180.96360295686088
4479,180.63670002903422
4480,180.31038763721853
4481,179.98466471463604
4482,179.65953019643604
4483,179.33498301969146
4484,179.01102212339535
4485,178.6876464484574
4486,178.3648549377005
4487,178.04264653585733
4488,177.72102018956684
4489,177.39997484737083
4490,177.0795094597105
4491,176.75962297892303
4492,176.44031435923822
4493,176.12158255677494
4494,175.8034265295378
4495,175.48584523741374
4496,175.16883764216863
4497,174.85240270744384
4498,174.5365393987529
4499,174.22124668347806
4500,173.906523530867
4501,173.59236891202937
4502,173.27878179993348
4503,172.96576116940295
4504,172.65330599711328
4505,172.34141526158862
4506,172.03008794319834
4507,171.71932302415374
4508,171.4091194885047
4509,171.09947632213638
4510,170.7903925127659
4511,170.481867049939
4512,170.1738989250268
4513,169.86648713122244
4514,169.5596306635378
4515,169.2533285188003
4516,168.9475796956494
4517,168.64238319453366
4518,168.33773801770715
4519,168.03364316922637
4520,167.73009765494692
4521,167.42710048252036
4522,167.1246506613908
4523,166.8227472027918
4524,166.52138911974302
4525,166.22057542704712
4526,165.92030514128646
4527,165.6205772808199
4528,165.3213908657796
4529,165.02274491806776
4530,164.72463846135355
4531,164.42707052106977
4532,164.13004012440976
4533,163.83354630032423
4534,163.53758807951797
4535,163.24216449444685
4536,162.9472745793145
4537,162.65291737006922
4538,162.35909190440086
4539,162.06579722173763
4540,161.77303236324298
4541,161.48079637181243
4542,161.18908829207052
4543,160.89790717036757
4544,160.60725205477667
4545,160.31712199509047
4546,160.02751604281823
4547,159.73843325118253
4548,159.4498726751163
4549,159.16183337125966
4550,158.8743143979569
4551,158.5873148152534
4552,158.30083368489244
4553,158.01487007031227
4554,157.72942303664303
4555,157.4444916507036
4556,157.16007498099867
4557,156.8761720977156
4558,156.5927820727214
4559,156.30990397955978
4560,156.02753689344797
4561,155.74567989127385
4562,155.4643320515928
4563,155.1834924546248
4564,154.90316018225136
4565,154.6233343180125
4566,154.34401394710383
4567,154.0651981563735
4568,153.78688603431922
4569,153.5090766710853
4570,153.23176915845963
4571,152.9549625898708
4572,152.67865606038507
4573,152.4028486667034
4574,152.1275395071585
4575,151.85272768171197
4576,151.57841229195125
4577,151.30459244108673
4578,151.0312672339488
4579,150.75843577698495
4580,150.48609717825684
4581,150.21425054743736
4582,149.94289499580773
4583,149.67202963625462
4584,149.40165358326726
4585,149.13176595293444
4586,148.86236586294177
4587,148.5934524325687
4588,148.32502478268566
4589,148.0570820357512
4590,147.78962331580905
4591,147.5226477484854
4592,147.25615446098595
4593,146.990142582093
4594,146.72461124216272
4595,146.45955957312228
4596,146.1949867084669
4597,145.93089178325715
4598,145.6672739341161
4599,145.40413229922646
4600,145.14146601832775
4601,144.87927423271353
4602,144.61755608522856
4603,144.35631072026604
4604,144.09553728376477
4605,143.8352349232064
4606,143.5754027876126
4607,143.31604002754227
4608,143.05714579508884
4609,142.7987192438774
4610,142.540759529062
4611,142.28326580732286
4612,142.02623723686364
4613,141.76967297740865
4614,141.51357219020014
4615,141.2579340379955
4616,141.0027576850646
4617,140.74804229718703
4618,140.4937870416493
4619,140.2399910872423
4620,139.9866536042583
4621,139.73377376448855
4622,139.48135074122033
4623,139.22938370923438
4624,138.97787184480217
4625,138.72681432568316
4626,138.47621033112222
4627,138.2260590418468
4628,137.97635964006437
4629,137.72711130945973
4630,137.47831323519225
4631,137.22996460389334
4632,136.9820646036637
4633,136.7346124240707
4634,136.48760725614568
4635,136.24104829238144
4636,135.9949347267294
4637,135.74926575459716
4638,135.5040405728457
4639,135.25925837978687
4640,135.01491837518077
4641,134.77101976023306
4642,134.5275617375924
4643,134.28454351134786
4644,134.04196428702622
4645,133.79982327158947
4646,133.55811967343223
4647,133.31685270237907
4648,133.076021569682
4649,132.83562548801788
4650,132.5956636714858
4651,132.35613533560456
4652,132.11703969731013
4653,131.878375974953
4654,131.6401433882957
4655,131.40234115851024
4656,131.1649685081755
4657,130.92802466127478
4658,130.6915088431932
4659,130.4554202807152
4660,130.219758202022
4661,129.98452183668908
4662,129.74971041568367
4663,129.51532317136218
4664,129.28135933746776
4665,129.04781814912778
4666,128.81469884285133
4667,128.58200065652667
4668,128.34972282941882
4669,128.11786460216703
4670,127.88642521678227
4671,127.65540391664483
4672,127.42479994650176
4673,127.19461255246448
4674,126.96484098200625
4675,126.73548448395975
4676,126.5065423085146
4677,126.27801370721492
4678,126.04989793295691
4679,125.82219423998636
4680,125.59490188389621
4681,125.36802012162418
4682,125.14154821145029
4683,124.91548541299441
4684,124.68983098721394
4685,124.46458419640126
4686,124.23974430418144
4687,124.01531057550974
4688,123.79128227666928
4689,123.56765867526858
4690,123.34443904023921
4691,123.12162264183338
4692,122.89920875162156
4693,122.67719664249007
4694,122.45558558863878
4695,122.23437486557866
4696,122.0135637501294
4697,121.79315152041717
4698,121.5731374558721
4699,121.35352083722603
4700,121.13430094651011
4701,120.91547706705248
4702,120.69704848347592
4703,120.47901448169553
4704,120.26137434891632
4705,120.04412737363096
4706,119.82727284561744
4707,119.61081005593672
4708,119.39473829693044
4709,119.17905686221857
4710,118.96376504669716
4711,118.74886214653597
4712,118.53434745917622
4713,118.32022028332824
4714,118.10647991896926
4715,117.89312566734101
4716,117.68015683094755
4717,117.46757271355293
4718,117.25537262017887
4719,117.0435558571026
4720,116.8321217318545
4721,116.62106955321586
4722,116.41039863121664
4723,116.2001082771332
4724,115.99019780348604
4725,115.78066652403758
4726,115.5715137537899
4727,115.36273880898247
4728,115.15434100708997
4729,114.94631966682
4730,114.73867410811094
4731,114.53140365212963
4732,114.32450762126919
4733,114.11798533914684
4734,113.91183613060163
4735,113.70605932169227
4736,113.5006542396949
4737,113.29562021310093
4738,113.09095657161481
4739,112.88666264615185
4740,112.68273776883602
4741,112.4791812729978
4742,112.27599249317198
4743,112.07317076509547
4744,111.87071542570514
4745,111.66862581313568
4746,111.46690126671739
4747,111.26554112697403
4748,111.0645447356207
4749,110.86391143556166
4750,110.66364057088818
4751,110.46373148687638
4752,110.26418352998515
4753,110.06499604785394
4754,109.86616838930068
4755,109.66769990431965
4756,109.46958994407927
4757,109.27183786092013
4758,109.07444300835273
4759,108.87740474105546
4760,108.68072241487242
4761,108.48439538681139
4762,108.28842301504164
4763,108.09280465889194
4764,107.89753967884835
4765,107.70262743655222
4766,107.50806729479805
4767,107.31385861753142
4768,107.12000076984694
4769,106.92649311798611
4770,106.73333502933532
4771,106.54052587242374
4772,106.34806501692127
4773,106.15595183363645
4774,105.96418569451447
4775,105.77276597263503
4776,105.58169204221035
4777,105.39096327858311
4778,105.20057905822443
4779,105.01053875873177
4780,104.82084175882694
4781,104.6314874383541
4782,104.44247517827763
4783,104.25380436068023
4784,104.06547436876082
4785,103.87748458683252
4786,103.68983440032072
4787,103.50252319576094
4788,103.31555036079696
4789,103.12891528417872
4790,102.94261735576036
4791,102.75665596649824
4792,102.57103050844891
4793,102.38574037476715
4794,102.200784959704
4795,102.01616365860471
4796,101.83187586790687
4797,101.64792098513834
4798,101.46429840891534
4799,101.28100753894046
4800,101.0980477760007
4801,100.91541852196549
4802,100.73311917978481
4803,100.55114915348713
4804,100.36950784817755
4805,100.1881946700358
4806,100.00720902631434
4807,99.8265503253364
4808,99.64621797649403
4809,99.46621139024622
4810,99.2865299781169
4811,99.10717315269311
4812,98.92814032762297
4813,98.74943091761385
4814,98.57104433843041
4815,98.39298000689273
4816,98.21523734087435
4817,98.03781575930043
4818,97.86071468214578
4819,97.68393353043304
4820,97.5074717262307
4821,97.3313286926513
4822,97.15550385384948
4823,96.97999663502013
4824,96.8048064623965
4825,96.6299327632483
4826,96.45537496587991
4827,96.2811324996284
4828,96.10720479486173
4829,95.93359128297688
4830,95.76029139639799
4831,95.5873045685745
4832,95.4146302339793
4833,95.24226782810688
4834,95.07021678747148
4835,94.89847654960526
4836,94.72704655305645
4837,94.55592623738751
4838,94.38511504317333
4839,94.21461241199934
4840,94.04441778645976
4841,93.87453061015572
4842,93.70495032769345
4843,93.53567638468252
4844,93.36670822773391
4845,93.19804530445835
4846,93.02968706346438
4847,92.86163295435662
4848,92.69388242773398
4849,92.52643493518782
4850,92.35928992930018
4851,92.19244686364196
4852,92.0259051927712
4853,91.85966437223125
4854,91.69372385854898
4855,91.52808310923302
4856,91.36274158277202
4857,91.19769873863281
4858,91.03295403725869
4859,90.86850694006765
4860,90.70435690945057
4861,90.54050340876954
4862,90.37694590235604
4863,90.21368385550923
4864,90.05071673449416
4865,89.88804400654006
4866,89.72566513983858
4867,89.5635796035421
4868,89.40178686776188
4869,89.24028640356649
4870,89.0790776829799
4871,88.9181601789799
4872,88.75753336549633
4873,88.59719671740932
4874,88.43714971054762
4875,88.27739182168686
4876,88.1179225285479
4877,87.95874130979502
4878,87.79984764503429
4879,87.64124101481187
4880,87.48292090061226
4881,87.32488678485664
4882,87.1671381509012
4883,87.00967448303538
4884,86.85249526648028
4885,86.69559998738688
4886,86.53898813283445
4887,86.38265919082878
4888,86.2266126503006
4889,86.07084800110383
4890,85.91536473401398
4891,85.76016234072642
4892,85.60524031385478
4893,85.45059814692922
4894,85.29623533439488
4895,85.1421513716101
4896,84.98834575484486
4897,84.8348179812791
4898,84.68156754900112
4899,84.52859395700584
4900,84.37589670519326
4901,84.22347529436678
4902,84.07132922623158
4903,83.919458003393
4904,83.76786112935488
4905,83.61653810851797
4906,83.4654884461783
4907,83.31471164852556
4908,83.16420722264148
4909,83.01397467649824
4910,82.86401351895682
4911,82.71432325976546
4912,82.564903409558
4913,82.41575347985228
4914,82.26687298304859
4915,82.11826143242803
4916,81.96991834215095
4917,81.82184322725533
4918,81.67403560365524
4919,81.5264949881392
4920,81.37922089836867
4921,81.23221285287639
4922,81.08547037106487
4923,80.9389929732048
4924,80.7927801804335
4925,80.64683151475327
4926,80.50114649902997
4927,80.35572465699133
4928,80.21056551322546
4929,80.0656685931793
4930,79.92103342315703
4931,79.77665953031853
4932,79.63254644267786
4933,79.48869368910172
4934,79.34510079930787
4935,79.2017673038636
4936,79.05869273418425
4937,78.9158766225316
4938,78.7733185020124
4939,78.63101790657682
4940,78.48897437101692
4941,78.34718743096515
4942,78.20565662289282
4943,78.06438148410857
4944,77.92336155275687
4945,77.78259636781654
4946,77.64208546909919
4947,77.50182839724775
4948,77.36182469373496
4949,77.22207390086186
4950,77.08257556175631
4951,76.9433292203715
4952,76.80433442148441
4953,76.66559071069443
4954,76.52709763442174
4955,76.38885473990591
4956,76.25086157520442
4957,76.11311768919116
4958,75.97562263155494
4959,75.83837595279806
4960,75.7013772042348
4961,75.56462593798999
4962,75.4281217069975
4963,75.29186406499885
4964,75.15585256654165
4965,75.02008676697825
4966,74.88456622246422
4967,74.74929048995689
4968,74.61425912721398
4969,74.47947169279206
4970,74.34492774604516
4971,74.21062684712331
4972,74.07656855697113
4973,73.94275243732635
4974,73.80917805071842
4975,73.67584496046705
4976,73.54275273068082
4977,73.40990092625569
4978,73.27728911287365
4979,73.14491685700123
4980,73.01278372588817
4981,72.8808892875659
4982,72.74923311084625
4983,72.61781476531989
4984,72.48663382135507
4985,72.35568985009611
4986,72.22498242346208
4987,72.09451111414533
4988,71.96427549561014
4989,71.83427514209127
4990,71.70450962859266
4991,71.57497853088596
4992,71.44568142550916
4993,71.31661788976525
4994,71.18778750172078
4995,71.05918984020448
4996,70.93082448480597
4997,70.80269101587426
4998,70.67478901451649
4999,70.54711806259648
5000,70.41967774273341
5001,70.29246763830044
5002,70.16548733342333
5003,70.03873641297913
5004,69.91221446259478
5005,69.78592106864573
5006,69.6598558182547
5007,69.53401829929018
5008,69.40840810036521
5009,69.28302481083595
5010,69.1578680208004
5011,69.032937321097
5012,68.90823230330334
5013,68.7837525597348
5014,68.65949768344322
5015,68.5354672682156
5016,68.41166090857273
5017,68.28807819976787
5018,68.16471873778544
5019,68.04158211933971
5020,67.91866794187347
5021,67.79597580355669
5022,67.67350530328525
5023,67.5512560406796
5024,67.42922761608347
5025,67.30741963056252
5026,67.1858316859031
5027,67.06446338461089
5028,66.94331432990965
5029,66.8223841257399
5030,66.7016723767576
5031,66.5811786883329
5032,66.46090266654882
5033,66.34084391819998
5034,66.22100205079131
5035,66.10137667253677
5036,65.98196739235806
5037,65.86277381988334
5038,65.74379556544598
5039,65.62503224008323
5040,65.50648345553502
5041,65.38814882424263
5042,65.27002795934747
5043,65.15212047468977
5044,65.03442598480736
5045,64.91694410493437
5046,64.79967445100003
5047,64.68261663962734
5048,64.56577028813187
5049,64.4491350145205
5050,64.33271043749014
5051,64.21649617642653
5052,64.10049185140296
5053,63.98469708317906
5054,63.86911149319951
5055,63.75373470359287
5056,63.638566337170275
5057,63.52360601742426
5058,63.40885336852749
5059,63.29430801533155
5060,63.179969583365725
5061,63.06583769883574
5062,62.9519119886226
5063,62.83819208028129
5064,62.724677602039634
5065,62.61136818279704
5066,62.498263452123275
5067,62.385363040257296
5068,62.272666578106005
5069,62.16017369724305
5070,62.04788402990765
5071,61.93579720900333
5072,61.82391286809679
5073,61.71223064141666
5074,61.600750163852325
5075,61.48947107095273
5076,61.378392998925186
5077,61.26751558463416
5078,61.15683846560014
5079,61.046361279998386
5080,60.9360836666578
5081,60.82600526505972
5082,60.716125715336744
5083,60.60644465827155
5084,60.49696173529573
5085,60.38767658848861
5086,60.27858886057609
5087,60.16969819492948
5088,60.061004235564305
5089,59.95250662713917
5090,59.84420501495459
5091,59.73609904495182
5092,59.62818836371172
5093,59.52047261845358
5094,59.41295145703397
5095,59.3056245279456
5096,59.19849148031615
5097,59.09155196390715
5098,58.98480562911281
5099,58.878252126958905
5100,58.77189110910159
5101,58.6657222278263
5102,58.559745136046615
5103,58.453959487303095
5104,58.34836493576217
5105,58.242961136215
5106,58.13774774407635
5107,58.03272441538347
5108,57.927890806794956
5109,57.82324657558964
5110,57.71879137966547
5111,57.61452487753837
5112,57.51044672834116
5113,57.40655659182241
5114,57.30285412834534
5115,57.19933899888671
5116,57.09601086503571
5117,56.99286938899286
5118,56.889914233568895
5119,56.78714506218367
5120,56.68456153886506
5121,56.58216332824785
5122,56.47995009557266
5123,56.37792150668483
5124,56.27607722803334
5125,56.17441692666971
5126,56.07294027024692
5127,55.97164692701832
5128,55.87053656583655
5129,55.76960885615245
5130,55.66886346801399
5131,55.56830007206516
5132,55.46791833954496
5133,55.367717942286234
5134,55.267698552714684
5135,55.16785984384774
5136,55.068201489293514
5137,54.96872316324974
5138,54.8694245405027
5139,54.770305296426145
5140,54.67136510698026
5141,54.5726036487106
5142,54.47402059874701
5143,54.3756156348026
5144,54.277388435172675
5145,54.179338678733686
5146,54.08146604494217
5147,53.98377021383372
5148,53.88625086602194
5149,53.78890768269737
5150,53.691740345626485
5151,53.59474853715062
5152,53.49793194018496
5153,53.401290238217484
5154,53.30482311530793
5155,53.20853025608679
5156,53.112411345754225
5157,53.0164660700791
5158,52.92069411539789
5159,52.825095168613736
5160,52.72966891719533
5161,52.63441504917597
5162,52.539333253152485
5163,52.44442321828426
5164,52.34968463429218
5165,52.25511719145766
5166,52.160720580621586
5167,52.06649449318334
5168,51.972438621099776
5169,51.8785526568842
5170,51.78483629360541
5171,51.691289224886624
5172,51.59791114490455
5173,51.504701748388335
5174,51.411660730618586
5175,51.31878778742637
5176,51.22608261519224
5177,51.1335449108452
5178,51.04117437186176
5179,50.9489706962649
5180,50.856933582623135
5181,50.76506273004949
5182,50.67335783820053
5183,50.58181860727538
5184,50.49044473801474
5185,50.399235931699906
5186,50.308191890151804
5187,50.21731231573
5188,50.12659691133174
5189,50.03604538039097
5190,49.94565742687738
5191,49.85543275529541
5192,49.76537107068331
5193,49.67547207861215
5194,49.585735485184905
5195,49.49616099703543
5196,49.406748321327555
5197,49.3174971657541
5198,49.22840723853591
5199,49.139478248420936
5200,49.05070990468326
5201,48.96210191712214
5202,48.87365399606107
5203,48.78536585234685
5204,48.69723719734859
5205,48.60926774295683
5206,48.52145720158255
5207,48.43380528615625
5208,48.34631171012701
5209,48.25897618746156
5210,48.17179843264333
5211,48.084778160671505
5212,47.99791508706014
5213,47.9112089278372
5214,47.82465939954361
5215,47.73826621923237
5216,47.65202910446761
5217,47.56594777332366
5218,47.48002194438414
5219,47.39425133674105
5220,47.30863566999382
5221,47.22317466424841
5222,47.137868040116416
5223,47.05271551871412
5224,46.967716821661604
5225,46.88287167108182
5226,46.798179789599715
5227,46.713640900341275
5228,46.629254726932665
5229,46.5450209934993
5230,46.46093942466496
5231,46.377009745550865
5232,46.2932316817748
5233,46.20960495945021
5234,46.12612930518531
5235,46.04280444608217
5236,45.95963010973586
5237,45.87660602423352
5238,45.79373191815348
5239,45.711007520564415
5240,45.6284325610244
5241,45.546006769580046
5242,45.46372987676565
5243,45.381601613602264
5244,45.299621711596856
5245,45.217789902741394
5246,45.13610591951201
5247,45.054569494868105
5248,44.97318036225146
5249,44.8919382555854
5250,44.810842909273894
5251,44.729894058200706
5252,44.64909143772852
5253,44.56843478369808
5254,44.48792383242731
5255,44.40755832071048
5256,44.327337985817316
5257,44.24726256549216
5258,44.1673317979531
5259,44.08754542189115
5260,44.007903176469334
5261,43.928404801321875
5262,43.84905003655335
5263,43.76983862273781
5264,43.690770300917954
5265,43.61184481260428
5266,43.53306189977423
5267,43.45442130487136
5268,43.37592277080447
5269,43.29756604094682
5270,43.21935085913522
5271,43.14127696966924
5272,43.06334411731038
5273,42.98555204728118
5274,42.907900505264465
5275,42.83038923740244
5276,42.753017990295916
5277,42.675786511003444
5278,42.598694547040516
5279,42.52174184637871
5280,42.4449281574449
5281,42.3682532291204
5282,42.29171681074016
5283,42.215318652091966
5284,42.13905850341558
5285,42.06293611540196
5286,41.986951239192415
5287,41.911103626377816
5288,41.83539302899777
5289,41.75981919953982
5290,41.684381890938624
5291,41.609080856575154
5292,41.53391585027589
5293,41.45888662631201
5294,41.383992939398595
5295,41.30923454469382
5296,41.23461119779816
5297,41.16012265475358
5298,41.085768672042754
5299,41.011549006588254
5300,40.93746341575176
5301,40.86351165733326
5302,40.78969348957029
5303,40.7160086711371
5304,40.64245696114388
5305,40.569038119135996
5306,40.49575190509317
5307,40.422598079428724
5308,40.34957640298876
5309,40.27668663705143
5310,40.20392854332609
5311,40.1313018839526
5312,40.058806421500485
5313,39.98644191896816
5314,39.914208139782204
5315,39.842104847796534
5316,39.77013180729166
5317,39.69828878297392
5318,39.62657553997468
5319,39.554991843849606
5320,39.48353746057787
5321,39.41221215656139
5322,39.34101569862406
5323,39.26994785401102
5324,39.19900839038785
5325,39.12819707583984
5326,39.05751367887123
5327,38.98695796840443
5328,38.916529713779305
5329,38.846228684752376
5330,38.7760546514961
5331,38.70600738459812
5332,38.63608665506047
5333,38.56629223429888
5334,38.49662389414201
5335,38.4270814068307
5336,38.35766454501722
5337,38.28837308176454
5338,38.21920679054557
5339,38.15016544524245
5340,38.08124882014578
5341,38.01245668995389
5342,37.94378882977213
5343,37.875245015112085
5344,37.80682502189089
5345,37.73852862643046
5346,37.670355605456784
5347,37.60230573609918
5348,37.53437879588959
5349,37.4665745627618
5350,37.398892815050786
5351,37.33133333149193
5352,37.26389589122033
5353,37.19658027377005
5354,37.12938625907344
5355,37.06231362746038
5356,36.99536215965757
5357,36.928531636787824
5358,36.86182184036935
5359,36.795232552315035
5360,36.728763554931724
5361,36.662414630919514
5362,36.59618556337106
5363,36.53007613577083
5364,36.46408613199443
5365,36.398215336307885
5366,36.33246353336693
5367,36.26683050821632
5368,36.20131604628911
5369,36.13591993340595
5370,36.07064195577441
5371,36.005481899988276
5372,35.94043955302681
5373,35.87551470225413
5374,35.81070713541843
5375,35.74601664065136
5376,35.68144300646728
5377,35.61698602176261
5378,35.55264547581508
5379,35.48842115828313
5380,35.424312859205145
5381,35.3603203689988
5382,35.296443478460375
5383,35.23268197876407
5384,35.16903566146131
5385,35.10550431848008
5386,35.04208774212424
5387,34.97878572507283
5388,34.91559806037943
5389,34.852524541471446
5390,34.78956496214945
5391,34.726719116586494
5392,34.66398679932747
5393,34.6013678052884
5394,34.538861929755775
5395,34.476468968385916
5396,34.41418871720426
5397,34.35202097260473
5398,34.28996553134904
5399,34.22802219056606
5400,34.16619074775112
5401,34.10447100076539
5402,34.04286274783518
5403,33.98136578755128
5404,33.91997991886836
5405,33.85870494110422
5406,33.79754065393922
5407,33.73648685741558
5408,33.675543351936724
5409,33.61470993826665
5410,33.55398641752926
5411,33.493372591207724
5412,33.432868261143824
5413,33.3724732295373
5414,33.312187298945204
5415,33.252010272281275
5416,33.19194195281528
5417,33.131982144172355
5418,33.07213065033239
5419,33.01238727562937
5420,32.952751824750756
5421,32.89322410273682
5422,32.833803914980024
5423,32.77449106722438
5424,32.71528536556482
5425,32.65618661644653
5426,32.5971946266644
5427,32.538309203362275
5428,32.479530154032425
5429,32.42085728651487
5430,32.36229040899675
5431,32.303829330011716
5432,32.24547385843929
5433,32.18722380350424
5434,32.12907897477597
5435,32.07103918216789
5436,32.01310423593677
5437,31.955273946682183
5438,31.897548125345814
5439,31.839926583210886
5440,31.782409131901527
5441,31.72499558338216
5442,31.667685749956885
5443,31.610479444268865
5444,31.553376479299722
5445,31.49637666836891
5446,31.439479825133116
5447,31.38268576358565
5448,31.325994298055832
5449,31.269405243208396
5450,31.212918414042868
5451,31.15653362589297
5452,31.100250694426016
5453,31.044069435642314
5454,30.98798966587455
5455,30.93201120178721
5456,30.876133860375955
5457,30.820357458967045
5458,30.764681815216726
5459,30.709106747110642
5460,30.65363207296324
5461,30.59825761141717
5462,30.542983181442704
5463,30.487808602337125
5464,30.432733693724156
5465,30.37775827555336
5466,30.322882168099554
5467,30.268105191962217
5468,30.21342716806491
5469,30.158847917654693
5470,30.104367262301526
5471,30.0499850238977
5472,29.99570102465725
5473,29.941515087115373
5474,29.88742703412785
5475,29.83343668887046
5476,29.779543874838414
5477,29.725748415845768
5478,29.67205013602485
5479,29.61844885982569
5480,29.564944412015436
5481,29.511536617677784
5482,29.45822530221242
5483,29.405010291334424
5484,29.351891411073726
5485,29.298868487774516
5486,29.245941348094693
5487,29.19310981900529
5488,29.140373727789903
5489,29.08773290204414
5490,29.035187169675048
5491,28.98273635890055
5492,28.93038029824889
5493,28.87811881655806
5494,28.825951742975263
5495,28.773878906956327
5496,28.721900138265166
5497,28.67001526697322
5498,28.618224123458894
5499,28.566526538407008
5500,28.51492234280824
5501,28.463411367958585
5502,28.411993445458787
5503,28.360668407213797
5504,28.30943608543222
5505,28.258296312625777
5506,28.20724892160874
5507,28.156293745497404
5508,28.105430617709523
5509,28.054659371963776
5510,28.003979842279232
5511,27.953391862974787
5512,27.902895268668633
5513,27.852489894277724
5514,27.802175575017223
5515,27.751952146399976
5516,27.701819444235962
5517,27.651777304631764
5518,27.60182556399003
5519,27.55196405900894
5520,27.50219262668168
5521,27.452511104295887
5522,27.40291932943314
5523,27.353417139968418
5524,27.30400437406957
5525,27.25468087019679
5526,27.20544646710208
5527,27.156301003828744
5528,27.107244319710833
5529,27.058276254372643
5530,27.009396647728177
5531,26.960605339980628
5532,26.91190217162185
5533,26.863286983431852
5534,26.81475961647826
5535,26.766319912115804
5536,26.717967711985807
5537,26.66970285801565
5538,26.62152519241827
5539,26.573434557691645
5540,26.525430796618263
5541,26.477513752264628
5542,26.429683267980728
5543,26.381939187399542
5544,26.334281354436513
5545,26.286709613289048
5546,26.239223808436005
5547,26.19182378463718
5548,26.144509386932803
5549,26.097280460643038
5550,26.05013685136747
5551,26.003078404984596
5552,25.95610496765133
5553,25.909216385802505
5554,25.86241250615035
5555,25.815693175684007
5556,25.76905824166903
5557,25.722507551646874
5558,25.67604095343441
5559,25.629658295123413
5560,25.583359425080083
5561,25.537144191944535
5562,25.491012444630307
5563,25.444964032323874
5564,25.398998804484144
5565,25.353116610841973
5566,25.30731730139967
5567,25.261600726430515
5568,25.215966736478254
5569,25.170415182356624
5570,25.124945915148864
5571,25.079558786207215
5572,25.03425364715245
5573,24.98903034987338
5574,24.94388874652638
5575,24.898828689534888
5576,24.853850031588937
5577,24.80895262564467
5578,24.76413632492386
5579,24.719400982913424
5580,24.67474645336495
5581,24.63017259029422
5582,24.585679247980725
5583,24.541266280967196
5584,24.496933544059132
5585,24.452680892324313
5586,24.408508181092333
5587,24.364415265954133
5588,24.320402002761515
5589,24.27646824762668
5590,24.232613856921763
5591,24.188838687278345
5592,24.145142595587007
5593,24.101525438996845
5594,24.057987074915008
5595,24.014527361006238
5596,23.971146155192393
5597,23.927843315651995
5598,23.884618700819757
5599,23.841472169386126
5600,23.798403580296817
5601,23.755412792752352
5602,23.712499666207602
5603,23.66966406037133
5604,23.626905835205722
5605,23.584224850925946
5606,23.541620967999677
5607,23.499094047146652
5608,23.456643949338215
5609,23.414270535796852
5610,23.37197366799575
5611,23.32975320765834
5612,23.287609016757834
5613,23.2455409575168
5614,23.203548892406676
5615,23.161632684147357
5616,23.119792195706715
5617,23.078027290300174
5618,23.036337831390245
5619,22.994723682686097
5620,22.953184708143095
5621,22.911720771962365
5622,22.87033173859035
5623,22.829017472718366
5624,22.787777839282153
5625,22.74661270346144
5626,22.705521930679506
5627,22.664505386602734
5628,22.62356293714018
5629,22.582694448443117
5630,22.541899786904626
5631,22.501178819159133
5632,22.460531412081988
5633,22.419957432789023
5634,22.379456748636116
5635,22.339029227218766
5636,22.298674736371655
5637,22.25839314416821
5638,22.218184318920184
5639,22.178048129177217
5640,22.13798444372641
5641,22.09799313159189
5642,22.05807406203439
5643,22.018227104550817
5644,21.978452128873826
5645,21.938749004971392
5646,21.899117603046392
5647,21.859557793536172
5648,21.820069447112132
5649,21.780652434679293
5650,21.741306627375884
5651,21.702031896572915
5652,21.662828113873758
5653,21.623695151113733
5654,21.584632880359678
5655,21.54564117390954
5656,21.506719904291955
5657,21.467868944265827
5658,21.42908816681992
5659,21.390377445172437
5660,21.3517366527706
5661,21.313165663290256
5662,21.27466435063544
5663,21.23623258893798
5664,21.197870252557074
5665,21.15957721607889
5666,21.12135335431615
5667,21.083198542307716
5668,21.0451126553182
5669,21.007095568837524
5670,20.969147158580547
5671,20.931267300486642
5672,20.893455870719283
5673,20.85571274566566
5674,20.818037801936256
5675,20.78043091636446
5676,20.742891966006145
5677,20.70542082813929
5678,20.668017380263557
5679,20.630681500099904
5680,20.593413065590177
5681,20.556211954896717
5682,20.51907804640196
5683,20.482011218708045
5684,20.445011350636396
5685,20.40807832122735
5686,20.371212009739757
5687,20.334412295650573
5688,20.297679058654474
5689,20.261012178663464
5690,20.22441153580648
5691,20.18787701042901
5692,20.151408483092677
5693,20.115005834574873
5694,20.078668945868362
5695,20.042397698180885
5696,20.00619197293478
5697,19.970051651766585
5698,19.933976616526664
5699,19.897966749278805
5700,19.86202193229985
5701,19.826142048079298
5702,19.790326979318927
5703,19.75457660893241
5704,19.718890820044933
5705,19.683269495992807
5706,19.64771252032309
5707,19.612219776793214
5708,19.576791149370596
5709,19.541426522232253
5710,19.506125779764442
5711,19.470888806562268
5712,19.435715487429306
5713,19.40060570737723
5714,19.36555935162544
5715,19.330576305600673
5716,19.295656454936648
5717,19.260799685473675
5718,19.226005883258292
5719,19.191274934542886
5720,19.156606725785327
5721,19.122001143648593
5722,19.0874580750004
5723,19.05297740691283
5724,19.018559026661972
5725,18.984202821727536
5726,18.9499086797925
5727,18.91567648874274
5728,18.881506136666662
5729,18.847397511854826
5730,18.8133505027996
5731,18.779364998194787
5732,18.74544088693525
5733,18.711578058116565
5734,18.677776401034652
5735,18.64403580518541
5736,18.610356160264367
5737,18.576737356166298
5738,18.54317928298489
5739,18.509681831012365
5740,18.47624489073913
5741,18.442868352853417
5742,18.40955210824092
5743,18.37629604798445
5744,18.34310006336357
5745,18.309964045854233
5746,18.27688788712845
5747,18.243871479053915
5748,18.210914713693658
5749,18.178017483305695
5750,18.145179680342668
5751,18.112401197451504
5752,18.079681927473057
5753,18.04702176344176
5754,18.01442059858527
5755,17.981878326324136
5756,17.94939484027142
5757,17.916970034232385
5758,17.88460380220412
5759,17.8522960383752
5760,17.82004663712536
5761,17.787855493025113
5762,17.755722500835443
5763,17.723647555507434
5764,17.69163055218194
5765,17.65967138618924
5766,17.627769953048684
5767,17.59592614846838
5768,17.564139868344817
5769,17.532411008762555
5770,17.500739465993863
5771,17.4691251364984
5772,17.437567916922852
5773,17.406067704100625
5774,17.37462439505148
5775,17.34323788698121
5776,17.311908077281302
5777,17.2806348635286
5778,17.24941814348497
5779,17.21825781509697
5780,17.18715377649551
5781,17.156105925995526
5782,17.125114162095638
5783,17.09417838347783
5784,17.063298489007103
5785,17.032474377731166
5786,17.001705948880087
5787,16.970993101865975
5788,16.94033573628264
5789,16.90973375190528
5790,16.87918704869013
5791,16.84869552677417
5792,16.81825908647476
5793,16.787877628289348
5794,16.757551052895113
5795,16.72727926114867
5796,16.697062154085724
5797,16.66689963292076
5798,16.636791599046713
5799,16.606737954034646
5800,16.57673859963343
5801,16.54679343776942
5802,16.516902370546145
5803,16.48706530024397
5804,16.457282129319793
5805,16.427552760406716
5806,16.39787709631373
5807,16.368255040025403
5808,16.338686494701548
5809,16.309171363676924
5810,16.279709550460908
5811,16.250300958737178
5812,16.220945492363413
5813,16.191643055370964
5814,16.16239355196454
5815,16.133196886521915
5816,16.104052963593585
5817,16.074961687902476
5818,16.04592296434363
5819,16.016936697983898
5820,15.988002794061607
5821,15.959121157986283
5822,15.930291695338317
5823,15.901514311868668
5824,15.872788913498551
5825,15.844115406319132
5826,15.815493696591215
5827,15.786923690744944
5828,15.758405295379491
5829,15.729938417262753
5830,15.701522963331048
5831,15.673158840688805
5832,15.64484595660827
5833,15.616584218529196
5834,15.588373534058542
5835,15.56021381097017
5836,15.532104957204545
5837,15.504046880868435
5838,15.476039490234607
5839,15.448082693741531
5840,15.420176399993078
5841,15.392320517758224
5842,15.364514955970746
5843,15.336759623728932
5844,15.30905443029528
5845,15.281399285096198
5846,15.253794097721713
5847,15.226238777925174
5848,15.198733235622957
5849,15.17127738089417
5850,15.14387112398036
5851,15.116514375285215
5852,15.08920704537428
5853,15.061949044974657
5854,15.034740284974715
5855,15.0075806764238
5856,14.980470130531943
5857,14.953408558669572
5858,14.92639587236722
5859,14.899431983315234
5860,14.872516803363489
5861,14.845650244521103
5862,14.818832218956143
5863,14.79206263899534
5864,14.765341417123803
5865,14.738668465984736
5866,14.712043698379144
5867,14.68546702726556
5868,14.658938365759747
5869,14.632457627134423
5870,14.606024724818978
5871,14.579639572399184
5872,14.553302083616918
5873,14.52701217236988
5874,14.500769752711307
5875,14.474574738849698
5876,14.44842704514853
5877,14.42232658612598
5878,14.396273276454638
5879,14.37026703096124
5880,14.344307764626386
5881,14.318395392584254
5882,14.29252983012233
5883,14.266710992681132
5884,14.240938795853928
5885,14.215213155386465
5886,14.189533987176691
5887,14.163901207274483
5888,14.138314731881366
5889,14.112774477350246
5890,14.087280360185133
5891,14.061832297040871
5892,14.03643020472286
5893,14.01107400018679
5894,13.985763600538364
5895,13.960498923033036
5896,13.935279885075728
5897,13.910106404220569
5898,13.884978398170622
5899,13.859895784777619
5900,13.834858482041685
5901,13.809866408111079
5902,13.784919481281916
5903,13.76001761999791
5904,13.7351607428501
5905,13.710348768576589
5906,13.685581616062276
5907,13.660859204338589
5908,13.636181452583223
5909,13.611548280119877
5910,13.586959606417985
5911,13.562415351092458
5912,13.537915433903418
5913,13.513459774755939
5914,13.489048293699781
5915,13.464680910929133
5916,13.440357546782344
5917,13.416078121741677
5918,13.391842556433033
5919,13.367650771625703
5920,13.343502688232103
5921,13.319398227307516
5922,13.29533731004984
5923,13.271319857799321
5924,13.247345792038303
5925,13.223415034390966
5926,13.199527506623076
5927,13.175683130641723
5928,13.151881828495071
5929,13.128123522372098
5930,13.104408134602346
5931,13.080735587655665
5932,13.057105804141958
5933,13.033518706810934
5934,13.009974218551847
5935,12.98647226239325
5936,12.96301276150274
5937,12.939595639186715
5938,12.916220818890109
5939,12.89288822419615
5940,12.869597778826115
5941,12.84634940663907
5942,12.82314303163163
5943,12.799978577937704
5944,12.776855969828251
5945,12.75377513171103
5946,12.730735988130357
5947,12.707738463766853
5948,12.6847824834372
5949,12.661867972093898
5950,12.638994854825013
5951,12.61616305685394
5952,12.593372503539154
5953,12.570623120373966
5954,12.54791483298628
5955,12.525247567138347
5956,12.502621248726532
5957,12.48003580378106
5958,12.45749115846578
5959,12.434987239077925
5960,12.412523972047865
5961,12.390101283938874
5962,12.367719101446884
5963,12.345377351400249
5964,12.323075960759503
5965,12.300814856617125
5966,12.278593966197295
5967,12.256413216855664
5968,12.234272536079107
5969,12.212171851485493
5970,12.190111090823446
5971,12.16809018197211
5972,12.14610905294091
5973,12.124167631869321
5974,12.102265847026631
5975,12.080403626811703
5976,12.05858089975275
5977,12.036797594507089
5978,12.01505363986092
5979,11.993348964729085
5980,11.97168349815484
5981,11.95005716930962
5982,11.928469907492808
5983,11.906921642131506
5984,11.885412302780303
5985,11.863941819121044
5986,11.8425101209626
5987,11.821117138240643
5988,11.799762801017406
5989,11.778447039481469
5990,11.757169783947518
5991,11.735930964856124
5992,11.714730512773516
5993,11.69356835839135
5994,11.672444432526486
5995,11.65135866612076
5996,11.630310990240758
5997,11.609301336077591
5998,11.588329634946671
5999,11.567395818287485
6000,11.546499817663374
6001,11.525641564761303
6002,11.504820991391645
6003,11.484038029487952
6004,11.463292611106736
6005,11.442584668427246
6006,11.421914133751248
6007,11.401280939502799
6008,11.380685018228032
6009,11.36012630259493
6010,11.339604725393109
6011,11.319120219533598
6012,11.29867271804862
6013,11.27826215409137
6014,11.257888460935803
6015,11.237551571976407
6016,11.217251420727994
6017,11.196987940825474
6018,11.17676106602365
6019,11.156570730196986
6020,11.136416867339403
6021,11.116299411564059
6022,11.096218297103134
6023,11.076173458307613
6024,11.056164829647075
6025,11.036192345709477
6026,11.016255941200939
6027,10.99635555094553
6028,10.97649110988506
6029,10.95666255307886
6030,10.936869815703577
6031,10.917112833052956
6032,10.897391540537633
6033,10.87770587368492
6034,10.8580557681386
6035,10.838441159658707
6036,10.818861984121325
6037,10.799318177518376
6038,10.779809675957408
6039,10.760336415661387
6040,10.740898332968493
6041,10.721495364331906
6042,10.702127446319599
6043,10.682794515614136
6044,10.66349650901246
6045,10.644233363425684
6046,10.625005015878893
6047,10.60581140351093
6048,10.586652463574199
6049,10.567528133434449
6050,10.548438350570578
6051,10.529383052574424
6052,10.510362177150567
6053,10.491375662116114
6054,10.47242344540051
6055,10.453505465045323
6056,10.434621659204046
6057,10.415771966141898
6058,10.396956324235617
6059,10.378174671973262
6060,10.359426947954011
6061,10.34071309088796
6062,10.322033039595919
6063,10.30338673300922
6064,10.28477411016951
6065,10.266195110228557
6066,10.247649672448047
6067,10.229137736199387
6068,10.210659240963508
6069,10.192214126330667
6070,10.173802332000246
6071,10.155423797780559
6072,10.137078463588653
6073,10.118766269450113
6074,10.100487155498865
6075,10.08224106197698
6076,10.064027929234479
6077,10.04584769772914
6078,10.027700308026299
6079,10.00958570079866
6080,9.991503816826096
6081,9.973454596995463
6082,9.955437982300401
6083,9.93745391384114
6084,9.919502332824312
6085,9.901583180562756
6086,9.883696398475328
6087,9.865841928086708
6088,9.848019711027206
6089,9.83022968903258
6090,9.812471803943835
6091,9.79474599770704
6092,9.777052212373134
6093,9.75939039009774
6094,9.741760473140976
6095,9.724162403867261
6096,9.706596124745133
6097,9.689061578347056
6098,9.671558707349238
6099,9.654087454531435
6100,9.636647762776771
6101,9.619239575071552
6102,9.601862834505072
6103,9.584517484269433
6104,9.567203467659361
6105,9.549920728072015
6106,9.532669209006807
6107,9.51544885406521
6108,9.498259606950583
6109,9.48110141146798
6110,9.463974211523972
6111,9.446877951126456
6112,9.42981257438448
6113,9.412778025508054
6114,9.395774248807971
6115,9.378801188695624
6116,9.361858789682826
6117,9.344946996381625
6118,9.328065753504125
6119,9.311215005862309
6120,9.294394698367848
6121,9.277604776031932
6122,9.260845183965088
6123,9.244115867376994
6124,9.227416771576305
6125,9.210747841970475
6126,9.194109024065579
6127,9.17750026346613
6128,9.160921505874901
6129,9.14437269709276
6130,9.127853783018473
6131,9.111364709648544
6132,9.09490542307703
6133,9.078475869495367
6134,9.062075995192195
6135,9.04570574655318
6136,9.029365070060837
6137,9.013053912294366
6138,8.99677221992946
6139,8.980519939738146
6140,8.964297018588605
6141,8.948103403444994
6142,8.931939041367283
6143,8.91580387951107
6144,8.89969786512742
6145,8.883620945562681
6146,8.867573068258322
6147,8.851554180750751
6148,8.835564230671157
6149,8.819603165745326
6150,8.803670933793475
6151,8.787767482730082
6152,8.771892760563718
6153,8.756046715396872
6154,8.740229295425783
6155,8.724440448940271
6156,8.708680124323571
6157,8.692948270052158
6158,8.677244834695584
6159,8.661569766916308
6160,8.645923015469528
6161,8.630304529203013
6162,8.614714257056935
6163,8.599152148063707
6164,8.58361815134781
6165,8.568112216125629
6166,8.552634291705289
6167,8.537184327486486
6168,8.521762272960325
6169,8.506368077709153
6170,8.491001691406394
6171,8.475663063816384
6172,8.460352144794207
6173,8.445068884285535
6174,8.429813232326456
6175,8.41458513904332
6176,8.39938455465257
6177,8.384211429460581
6178,8.369065713863497
6179,8.35394735834707
6180,8.338856313486493
6181,8.323792529946251
6182,8.308755958479946
6183,8.293746549930141
6184,8.278764255228202
6185,8.263809025394135
6186,8.248880811536425
6187,8.233979564851879
6188,8.219105236625465
6189,8.20425777823015
6190,8.189437141126747
6191,8.174643276863751
6192,8.159876137077182
6193,8.145135673490428
6194,8.130421837914087
6195,8.11573458224581
6196,8.101073858470142
6197,8.086439618658366
6198,8.071831814968343
6199,8.057250399644365
6200,8.042695325016988
6201,8.02816654350288
6202,8.013664007604671
6203,7.999187669910789
6204,7.98473748309531
6205,7.970313399917804
6206,7.955915373223174
6207,7.941543355941513
6208,7.927197301087938
6209,7.912877161762446
6210,7.898582891149756
6211,7.884314442519155
6212,7.870071769224349
6213,7.855854824703308
6214,7.841663562478114
6215,7.82749793615481
6216,7.813357899423246
6217,7.799243406056932
6218,7.785154409912881
6219,7.771090864931463
6220,7.757052725136255
6221,7.743039944633884
6222,7.729052477613883
6223,7.7150902783485416
6224,7.701153301192752
6225,7.687241500583864
6226,7.673354831041534
6227,7.659493247167576
6228,7.6456567036458125
6229,7.6318451552419315
6230,7.618058556803333
6231,7.604296863258981
6232,7.5905600296192635
6233,7.5768480109758345
6234,7.563160762501477
6235,7.54949823944995
6236,7.535860397155847
6237,7.522247191034446
6238,7.508658576581565
6239,7.495094509373418
6240,7.481554945066469
6241,7.468039839397285
6242,7.4545491481823944
6243,7.441082827318141
6244,7.427640832780538
6245,7.414223120625129
6246,7.400829646986841
6247,7.3874603680798385
6248,7.374115240197386
6249,7.360794219711702
6250,7.347497263073814
6251,7.334224326813422
6252,7.320975367538754
6253,7.307750341936419
6254,7.294549206771274
6255,7.2813719188862756
6256,7.268218435202343
6257,7.255088712718216
6258,7.241982708510314
6259,7.228900379732596
6260,7.2158416836164205
6261,7.202806577470406
6262,7.189795018680291
6263,7.1768069647087955
6264,7.163842373095479
6265,7.150901201456606
6266,7.137983407485005
6267,7.12508894894993
6268,7.1122177836969245
6269,7.09936986964768
6270,7.086545164799903
6271,7.073743627227172
6272,7.060965215078808
6273,7.04820988657973
6274,7.035477600030323
6275,7.022768313806303
6276,7.010081986358574
6277,6.997418576213099
6278,6.984778041970763
6279,6.972160342307236
6280,6.959565435972836
6281,6.946993281792401
6282,6.934443838665147
6283,6.921917065564538
6284,6.909412921538152
6285,6.896931365707544
6286,6.8844723572681135
6287,6.872035855488973
6288,6.859621819712815
6289,6.847230209355773
6290,6.8348609839073
6291,6.822514102930023
6292,6.810189526059622
6293,6.797887213004692
6294,6.785607123546613
6295,6.773349217539416
6296,6.761113454909657
6297,6.748899795656282
6298,6.736708199850496
6299,6.724538627635635
6300,6.712391039227033
6301,6.700265394911895
6302,6.688161655049164
6303,6.6760797800693945
6304,6.664019730474619
6305,6.651981466838223
6306,6.639964949804815
6307,6.627970140090095
6308,6.615996998480732
6309,6.604045485834228
6310,6.592115563078798
6311,6.580207191213237
6312,6.568320331306793
6313,6.556454944499041
6314,6.5446109919997575
6315,6.53278843508879
6316,6.520987235115933
6317,6.5092073535008
6318,6.4974487517327
6319,6.48571139137051
6320,6.473995234042546
6321,6.462300241446444
6322,6.450626375349032
6323,6.438973597586201
6324,6.4273418700627865
6325,6.415731154752442
6326,6.404141413697512
6327,6.3925726090089094
6328,6.381024702865995
6329,6.369497657516448
6330,6.357991435276148
6331,6.346505998529047
6332,6.33504130972705
6333,6.32359733138989
6334,6.312174026105009
6335,6.300771356527432
6336,6.289389285379643
6337,6.278027775451471
6338,6.2666867895999605
6339,6.2553662907492535
6340,6.2440662418904695
6341,6.232786606081581
6342,6.221527346447297
6343,6.210288426178937
6344,6.1990698085343166
6345,6.187871456837623
6346,6.176693334479298
6347,6.165535404915914
6348,6.154397631670062
6349,6.1432799783302245
6350,6.132182408550661
6351,6.121104886051287
6352,6.110047374617559
6353,6.09900983810035
6354,6.087992240415837
6355,6.076994545545381
6356,6.066016717535408
6357,6.055058720497294
6358,6.044120518607244
6359,6.033202076106179
6360,6.022303357299618
6361,6.011424326557559
6362,6.000564948314363
6363,5.9897251870686405
6364,5.978905007383134
6365,5.968104373884602
6366,5.957323251263701
6367,5.946561604274875
6368,5.935819397736235
6369,5.925096596529448
6370,5.914393165599622
6371,5.9037090699551875
6372,5.893044274667788
6373,5.882398744872162
6374,5.871772445766032
6375,5.861165342609988
6376,5.850577400727376
6377,5.840008585504184
6378,5.829458862388927
6379,5.818928196892538
6380,5.808416554588253
6381,5.7979239011114965
6382,5.787450202159772
6383,5.776995423492551
6384,5.766559530931155
6385,5.756142490358651
6386,5.745744267719736
6387,5.735364829020626
6388,5.725004140328946
6389,5.714662167773617
6390,5.704338877544748
6391,5.694034235893524
6392,5.683748209132095
6393,5.673480763633468
6394,5.663231865831394
6395,5.653001482220261
6396,5.642789579354982
6397,5.632596123850891
6398,5.6224210823836245
6399,5.612264421689022
6400,5.602126108563013
6401,5.592006109861506
6402,5.581904392500286
6403,5.571820923454902
6404,5.561755669760558
6405,5.551708598512011
6406,5.54167967686346
6407,5.531668872028434
6408,5.521676151279695
6409,5.511701481949121
6410,5.501744831427606
6411,5.49180616716495
6412,5.481885456669754
6413,5.4719826675093115
6414,5.4620977673095075
6415,5.452230723754707
6416,5.442381504587653
6417,5.432550077609359
6418,5.422736410679005
6419,5.412940471713832
6420,5.4031622286890375
6421,5.393401649637669
6422,5.383658702650522
6423,5.373933355876036
6424,5.364225577520187
6425,5.354535335846384
6426,5.344862599175371
6427,5.335207335885116
6428,5.325569514410712
6429,5.3159491032442725
6430,5.306346070934829
6431,5.296760386088227
6432,5.287192017367024
6433,5.27764093349039
6434,5.268107103233998
6435,5.25859049542993
6436,5.249091078966569
6437,5.239608822788502
6438,5.230143695896415
6439,5.220695667346993
6440,5.211264706252819
6441,5.201850781782273
6442,5.192453863159431
6443,5.183073919663963
6444,5.173710920631036
6445,5.16436483545121
6446,5.155035633570341
6447,5.1457232844894785
6448,5.136427757764768
6449,5.12714902300735
6450,5.117887049883262
6451,5.108641808113336
6452,5.099413267473105
6453,5.0902013977927005
6454,5.081006168956754
6455,5.071827550904298
6456,5.062665513628671
6457,5.0535200271774166
6458,5.044391061652185
6459,5.035278587208637
6460,5.026182574056348
6461,5.017102992458704
6462,5.008039812732814
6463,4.998993005249404
6464,4.989962540432727
6465,4.980948388760462
6466,4.971950520763617
6467,4.962968907026437
6468,4.954003518186305
6469,4.945054324933644
6470,4.936121298011827
6471,4.927204408217075
6472,4.918303626398366
6473,4.909418923457337
6474,4.90055027034819
6475,4.891697638077598
6476,4.882860997704608
6477,4.874040320340549
6478,4.865235577148934
6479,4.85644673934537
6480,4.847673778197461
6481,4.838916665024714
6482,4.830175371198447
6483,4.821449868141695
6484,4.812740127329114
6485,4.804046120286893
6486,4.795367818592654
6487,4.786705193875365
6488,4.7780582178152455
6489,4.769426862143672
6490,4.760811098643089
6491,4.752210899146911
6492,4.7436262355394385
6493,4.73505707975576
6494,4.726503403781661
6495,4.717965179653534
6496,4.709442379458289
6497,4.700934975333257
6498,4.692442939466102
6499,4.683966244094731
6500,4.675504861507202
6501,4.667058764041631
6502,4.658627924086107
6503,4.650212314078598
6504,4.6418119065068595
6505,4.63342667390835
6506,4.625056588870134
6507,4.6167016240288
6508,4.608361752070366
6509,4.600036945730191
6510,4.591727177792887
6511,4.583432421092228
6512,4.575152648511065
6513,4.566887832981234
6514,4.558637947483467
6515,4.550402965047306
6516,4.542182858751016
6517,4.5339776017214914
6518,4.525787167134175
6519,4.517611528212965
6520,4.509450658230131
6521,4.501304530506222
6522,4.493173118409986
6523,4.485056395358278
6524,4.4769543348159715
6525,4.468866910295879
6526,4.460794095358659
6527,4.45273586361273
6528,4.444692188714189
6529,4.4366630443667185
6530,4.428648404321507
6531,4.420648242377159
6532,4.412662532379612
6533,4.404691248222047
6534,4.396734363844809
6535,4.388791853235316
6536,4.380863690427978
6537,4.372949849504111
6538,4.365050304591851
6539,4.357165029866072
6540,4.349293999548297
6541,4.34143718790662
6542,4.333594569255617
6543,4.325766117956263
6544,4.317951808415851
6545,4.310151615087903
6546,4.302365512472091
6547,4.294593475114155
6548,4.286835477605812
6549,4.279091494584681
6550,4.271361500734198
6551,4.263645470783529
6552,4.255943379507493
6553,4.248255201726478
6554,4.2405809123063545
6555,4.2329204861584
6556,4.225273898239212
6557,4.217641123550629
6558,4.210022137139646
6559,4.202416914098336
6560,4.194825429563767
6561,4.187247658717919
6562,4.179683576787606
6563,4.172133159044395
6564,4.164596380804522
6565,4.157073217428813
6566,4.149563644322606
6567,4.142067636935664
6568,4.1345851707621035
6569,4.127116221340307
6570,4.119660764252847
6571,4.112218775126404
6572,4.104790229631689
6573,4.097375103483363
6574,4.089973372439955
6575,4.082585012303787
6576,4.0752099989208945
6577,4.067848308180944
6578,4.0604999160171555
6579,4.053164798406227
6580,4.045842931368252
6581,4.038534290966644
6582,4.031238853308055
6583,4.023956594542302
6584,4.0166874908622825
6585,4.009431518503904
6586,4.002188653746001
6587,3.9949588729102596
6588,3.9877421523611405
6589,3.9805384685057996
6590,3.9733477977940135
6591,3.9661701167181005
6592,3.959005401812845
6593,3.95185362965542
6594,3.944714776865311
6595,3.937588820104239
6596,3.9304757360760854
6597,3.923375501526814
6598,3.916288093244397
6599,3.9092134880587373
6600,3.902151662841594
6601,3.8951025945065063
6602,3.8880662600087184
6603,3.881042636345103
6604,3.874031700554088
6605,3.8670334297155797
6606,3.8600478009508885
6607,3.853074791422655
6608,3.8461143783347733
6609,3.839166538932319
6610,3.8322312505014717
6611,3.8253084903694448
6612,3.8183982359044073
6613,3.8115004645154125
6614,3.8046151536523225
6615,3.7977422808057364
6616,3.790881823506915
6617,3.784033759327707
6618,3.7771980658804782
6619,3.770374720818036
6620,3.763563701833556
6621,3.756764986660512
6622,3.7499785530726
6623,3.7432043788836675
6624,3.73644244194764
6625,3.729692720158449
6626,3.7229551914499592
6627,3.716229833795898
6628,3.709516625209781
6629,3.7028155437448422
6630,3.6961265674939616
6631,3.689449674589593
6632,3.682784843203693
6633,3.6761320515476497
6634,3.6694912778722117
6635,3.6628625004674165
6636,3.656245697662519
6637,3.6496408478259226
6638,3.643047929365107
6639,3.6364669207265563
6640,3.6298978003956925
6641,3.623340546896801
6642,3.6167951387929627
6643,3.6102615546859833
6644,3.603739773216324
6645,3.59722977306303
6646,3.590731532943663
6647,3.584245031614229
6648,3.5777702478691125
6649,3.571307160541003
6650,3.564855748500829
6651,3.5584159906576875
6652,3.551987865958775
6653,3.5455713533893194
6654,3.5391664319725105
6655,3.532773080769432
6656,3.5263912788789935
6657,3.52002100543786
6658,3.5136622396203863
6659,3.5073149606385474
6660,3.5009791477418717
6661,3.4946547802173717
6662,3.488341837389477
6663,3.482040298619967
6664,3.4757501433079034
6665,3.4694713508895623
6666,3.4632039008383666
6667,3.456947772664821
6668,3.450702945916442
6669,3.4444694001776948
6670,3.4382471150699216
6671,3.43203607025128
6672,3.4258362454166735
6673,3.4196476202976855
6674,3.413470174662514
6675,3.4073038883159046
6676,3.401148741099085
6677,3.395004712889698
6678,3.3888717836017377
6679,3.3827499331854822
6680,3.3766391416274284
6681,3.370539388950227
6682,3.364450655212617
6683,3.3583729205093604
6684,3.3523061649711763
6685,3.346250368764678
6686,3.340205512092306
6687,3.3341715751922654
6688,3.328148538338459
6689,3.322136381840424
6690,3.316135086043269
6691,3.3101446313276064
6692,3.304164998109491
6693,3.2981961668403557
6694,3.2922381180069458
6695,3.2862908321312574
6696,3.280354289770473
6697,3.2744284715168965
6698,3.268513357997892
6699,3.2626089298758196
6700,3.2567151678479713
6701,3.2508320526465084
6702,3.2449595650383998
6703,3.239097685825357
6704,3.2332463958437727
6705,3.227405675964658
6706,3.22157550709358
6707,3.2157558701705984
6708,3.2099467461702043
6709,3.204148116101257
6710,3.1983599610069233
6711,3.192582261964614
6712,3.186815000085923
6713,3.181058156516565
6714,3.1753117124363155
6715,3.1695756490589457
6716,3.163849947632165
6717,3.158134589437558
6718,3.1524295557905218
6719,3.146734828040208
6720,3.141050387569459
6721,3.13537621579475
6722,3.1297122941661244
6723,3.1240586041671365
6724,3.11841512731479
6725,3.112781845159476
6726,3.107158739284916
6727,3.101545791308098
6728,3.095942982879219
6729,3.090350295681623
6730,3.0847677114317444
6731,3.079195211879044
6732,3.073632778805952
6733,3.0680803940278087
6734,3.0625380393928032
6735,3.0570056967819155
6736,3.0514833481088566
6737,3.0459709753200097
6738,3.0404685603943715
6739,3.034976085343492
6740,3.0294935322114176
6741,3.02402088307463
6742,3.01855812004199
6743,3.0131052252546784
6744,3.0076621808861357
6745,3.0022289691420063
6746,2.996805572260079
6747,2.99139197251023
6748,2.9859881521943628
6749,2.9805940936463533
6750,2.9752097792319896
6751,2.969835191348915
6752,2.9644703124265717
6753,2.959115124926141
6754,2.9537696113404888
6755,2.9484337541941055
6756,2.943107536043051
6757,2.9377909394748976
6758,2.9324839471086706
6759,2.9271865415947946
6760,2.9218987056150354
6761,2.916620421882443
6762,2.9113516731412963
6763,2.9060924421670444
6764,2.9008427117662534
6765,2.8956024647765477
6766,2.890371684066555
6767,2.88515035253585
6768,2.879938453114899
6769,2.874735968765003
6770,2.8695428824782434
6771,2.864359177277425
6772,2.8591848362160217
6773,2.8540198423781202
6774,2.8488641788783657
6775,2.843717828861905
6776,2.8385807755043335
6777,2.8334530020116384
6778,2.8283344916201445
6779,2.82322522759646
6780,2.818125193237422
6781,2.813034371870039
6782,2.80795274685144
6783,2.802880301568819
6784,2.797817019439379
6785,2.7927628839102807
6786,2.7877178784585848
6787,2.7826819865912014
6788,2.7776551918448344
6789,2.772637477785928
6790,2.7676288280106127
6791,2.762629226144652
6792,2.757638655843388
6793,2.7526571007916902
6794,2.7476845447039
6795,2.7427209713237772
6796,2.7377663644244494
6797,2.732820707808356
6798,2.7278839853071974
6799,2.722956180781881
6800,2.718037278122469
6801,2.713127261248125
6802,2.7082261141070627
6803,2.7033338206764923
6804,2.6984503649625684
6805,2.6935757310003376
6806,2.6887099028536867
6807,2.683852864615291
6808,2.67900460040656
6809,2.674165094377589
6810,2.6693343307071054
6811,2.6645122936024155
6812,2.6596989672993554
6813,2.654894336062239
6814,2.650098384183805
6815,2.6453110959851673
6816,2.6405324558157623
6817,2.6357624480532995
6818,2.6310010571037084
6819,2.626248267401089
6820,2.6215040634076607
6821,2.616768429613711
6822,2.6120413505375444
6823,2.6073228107254334
6824,2.602612794751566
6825,2.5979112872179972
6826,2.5932182727545974
6827,2.588533736019002
6828,2.583857661696563
6829,2.5791900345002956
6830,2.574530839170832
6831,2.5698800604763696
6832,2.5652376832126205
6833,2.560603692202763
6834,2.5559780722973926
6835,2.5513608083744703
6836,2.546751885339275
6837,2.5421512881243538
6838,2.5375590016894716
6839,2.532975011021564
6840,2.5283993011346864
6841,2.5238318570699656
6842,2.5192726638955514
6843,2.5147217067065664
6844,2.5101789706250592
6845,2.505644440799955
6846,2.5011181024070055
6847,2.496599940648743
6848,2.4920899407544304
6849,2.4875880879800127
6850,2.48309436760807
6851,2.478608764947769
6852,2.4741312653348144
6853,2.469661854131401
6854,2.465200516726167
6855,2.460747238534145
6856,2.456302004996714
6857,2.4518648015815536
6858,2.447435613782595
6859,2.443014427119974
6860,2.438601227139983
6861,2.4341959994150257
6862,2.4297987295435677
6863,2.4254094031500903
6864,2.421028005885044
6865,2.4166545234248016
6866,2.4122889414716093
6867,2.4079312457535433
6868,2.4035814220244602
6869,2.3992394560639525
6870,2.3949053336773005
6871,2.3905790406954273
6872,2.3862605629748512
6873,2.3819498863976407
6874,2.3776469968713676
6875,2.3733518803290603
6876,2.36906452272916
6877,2.3647849100554716
6878,2.3605130283171216
6879,2.356248863548509
6880,2.3519924018092615
6881,2.3477436291841896
6882,2.3435025317832405
6883,2.339269095741454
6884,2.335043307218916
6885,2.3308251524007124
6886,2.326614617496887
6887,2.322411688742394
6888,2.3182163523970534
6889,2.3140285947455057
6890,2.309848402097168
6891,2.3056757607861895
6892,2.3015106571714057
6893,2.2973530776362936
6894,2.293203008588929
6895,2.2890604364619396
6896,2.2849253477124636
6897,2.2807977288221024
6898,2.2766775662968786
6899,2.2725648466671906
6900,2.2684595564877696
6901,2.2643616823376345
6902,2.260271210820049
6903,2.2561881285624774
6904,2.2521124222165407
6905,2.2480440784579736
6906,2.24398308398658
6907,2.2399294255261903
6908,2.2358830898246174
6909,2.231844063653614
6910,2.2278123338088296
6911,2.223787887109766
6912,2.2197707103997346
6913,2.215760790545815
6914,2.21175811443881
6915,2.207762668993204
6916,2.20377444114712
6917,2.1997934178622756
6918,2.195819586123943
6919,2.191852932940904
6920,2.187893445345409
6921,2.183941110393133
6922,2.179995915163136
6923,2.1760578467578173
6924,2.172126892302877
6925,2.168203038947271
6926,2.16428627386317
6927,2.160376584245918
6928,2.1564739573139904
6929,2.1525783803089507
6930,2.1486898404954107
6931,2.1448083251609886
6932,2.140933821616266
6933,2.137066317194748
6934,2.133205799252821
6935,2.129352255169712
6936,2.1255056723474457
6937,2.1216660382108055
6938,2.1178333402072913
6939,2.1140075658070785
6940,2.1101887025029766
6941,2.1063767378103893
6942,2.102571659267273
6943,2.098773454434096
6944,2.094982110893799
6945,2.0911976162517525
6946,2.087419958135718
6947,2.083649124195807
6948,2.0798851021044396
6949,2.076127879556306
6950,2.0723774442683256
6951,2.068633783979606
6952,2.0648968864514035
6953,2.061166739467084
6954,2.057443330832082
6955,2.0537266483738597
6956,2.05001667994187
6957,2.046313413407515
6958,2.0426168366641058
6959,2.038926937626824
6960,2.0352437042326827
6961,2.0315671244404854
6962,2.0278971862307875
6963,2.0242338776058575
6964,2.020577186589637
6965,2.0169271012277017
6966,2.013283609587223
6967,2.0096466997569276
6968,2.00601635984706
6969,2.002392577989343
6970,1.9987753423369388
6971,1.9951646410644104
6972,1.9915604623676828
6973,1.987962794464005
6974,1.9843716255919106
6975,1.9807869440111798
6976,1.9772087380028012
6977,1.9736369958689333
6978,1.970071705932866
6979,1.9665128565389831
6980,1.9629604360527233
6981,1.9594144328605427
6982,1.9558748353698772
6983,1.9523416320091036
6984,1.9488148112275026
6985,1.9452943614952207
6986,1.941780271303233
6987,1.9382725291633045
6988,1.9347711236079537
6989,1.9312760431904141
6990,1.927787276484598
6991,1.9243048120850579
6992,1.9208286386069497
6993,1.9173587446859959
6994,1.9138951189784479
6995,1.910437750161049
6996,1.9069866269309976
6997,1.90354173800591
6998,1.900103072123784
6999,1.896670618042961
7000,1.8932443645420909
7001,1.8898243004200936
7002,1.8864104144961238
7003,1.8830026956095338
7004,1.879601132619837
7005,1.8762057144066717
7006,1.872816429869765
7007,1.8694332679288954
7008,1.866056217523858
7009,1.8626852676144272
7010,1.8593204071803215
7011,1.855961625221167
7012,1.8526089107564614
7013,1.849262252825538
7014,1.8459216404875305
7015,1.8425870628213363
7016,1.839258508925582
7017,1.8359359679185863
7018,1.8326194289383255
7019,1.8293088811423979
7020,1.8260043137079878
7021,1.8227057158318307
7022,1.8194130767301775
7023,1.8161263856387595
7024,1.8128456318127535
7025,1.809570804526746
7026,1.8063018930746986
7027,1.803038886769913
7028,1.7997817749449958
7029,1.796530546951824
7030,1.7932851921615098
7031,1.790045699964366
7032,1.7868120597698713
7033,1.7835842610066361
7034,1.780362293122367
7035,1.7771461455838333
7036,1.7739358078768321
7037,1.7707312695061537
7038,1.7675325199955476
7039,1.7643395488876883
7040,1.761152345744141
7041,1.7579709001453274
7042,1.754795201690492
7043,1.7516252399976673
7044,1.7484610047036406
7045,1.7453024854639203
7046,1.7421496719527012
7047,1.7390025538628313
7048,1.735861120905778
7049,1.7327253628115946
7050,1.7295952693288867
7051,1.7264708302247784
7052,1.7233520352848792
7053,1.7202388743132504
7054,1.7171313371323715
7055,1.714029413583108
7056,1.7109330935246767
7057,1.7078423668346137
7058,1.7047572234087407
7059,1.7016776531611324
7060,1.698603646024083
7061,1.6955351919480737
7062,1.6924722809017398
7063,1.6894149028718377
7064,1.6863630478632123
7065,1.6833167058987644
7066,1.680275867019418
7067,1.6772405212840877
7068,1.6742106587696461
7069,1.671186269570892
7070,1.6681673438005167
7071,1.665153871589073
7072,1.6621458430849427
7073,1.6591432484543036
7074,1.6561460778810981
7075,1.653154321567001
7076,1.6501679697313871
7077,1.6471870126112995
7078,1.6442114404614179
7079,1.6412412435540262
7080,1.6382764121789812
7081,1.6353169366436808
7082,1.6323628072730318
7083,1.629414014409419
7084,1.6264705484126725
7085,1.6235323996600382
7086,1.620599558546144
7087,1.61767201548297
7088,1.6147497608998167
7089,1.6118327852432732
7090,1.608921078977187
7091,1.6060146325826319
7092,1.6031134365578772
7093,1.600217481418357
7094,1.5973267576966383
7095,1.5944412559423913
7096,1.5915609667223571
7097,1.5886858806203181
7098,1.5858159882370666
7099,1.582951280190374
7100,1.5800917471149603
7101,1.5772373796624635
7102,1.5743881685014092
7103,1.5715441043171796
7104,1.5687051778119836
7105,1.565871379704826
7106,1.5630427007314776
7107,1.560219131644444
7108,1.5574006632129367
7109,1.5545872862228418
7110,1.5517789914766906
7111,1.548975769793629
7112,1.5461776120093877
7113,1.5433845089762526
7114,1.540596451563034
7115,1.5378134306550375
7116,1.5350354371540342
7117,1.5322624619782308
7118,1.5294944960622396
7119,1.5267315303570492
7120,1.523973555829995
7121,1.5212205634647291
7122,1.518472544261192
7123,1.5157294892355815
7124,1.512991389420325
7125,1.5102582358640493
7126,1.507530019631551
7127,1.5048067318037683
7128,1.5020883634777509
7129,1.4993749057666315
7130,1.4966663497995967
7131,1.4939626867218574
7132,1.4912639076946208
7133,1.4885700038950607
7134,1.4858809665162889
7135,1.4831967867673266
7136,1.4805174558730754
7137,1.4778429650742888
7138,1.4751733056275438
7139,1.4725084688052115
7140,1.4698484458954293
7141,1.4671932282020723
7142,1.4645428070447248
7143,1.4618971737586517
7144,1.4592563196947705
7145,1.4566202362196228
7146,1.4539889147153462
7147,1.4513623465796461
7148,1.448740523225768
7149,1.4461234360824682
7150,1.443511076593987
7151,1.4409034362200202
7152,1.4383005064356915
7153,1.4357022787315246
7154,1.4331087446134145
7155,1.430519895602601
7156,1.4279357232356404
7157,1.4253562190643774
7158,1.4227813746559184
7159,1.420211181592603
7160,1.4176456314719776
7161,1.4150847159067668
7162,1.4125284265248463
7163,1.4099767549692164
7164,1.407429692897973
7165,1.404887231984282
7166,1.4023493639163511
7167,1.399816080397403
7168,1.3972873731456479
7169,1.394763233894257
7170,1.392243654391335
7171,1.3897286263998936
7172,1.3872181416978238
7173,1.3847121920778696
7174,1.3822107693476013
7175,1.3797138653293886
7176,1.377221471860373
7177,1.3747335807924426
7178,1.372250183992204
7179,1.3697712733409575
7180,1.3672968407346684
7181,1.364826878083942
7182,1.362361377313997
7183,1.3599003303646386
7184,1.3574437291902322
7185,1.3549915657596776
7186,1.3525438320563823
7187,1.3501005200782354
7188,1.3476616218375816
7189,1.3452271293611948
7190,1.3427970346902522
7191,1.3403713298803086
7192,1.3379500070012695
7193,1.3355330581373663
7194,1.3331204753871297
7195,1.330712250863364
7196,1.3283083766931214
7197,1.3259088450176764
7198,1.3235136479924996
7199,1.3211227777872327
7200,1.3187362265856628
7201,1.3163539865856961
7202,1.3139760499993334
7203,1.3116024090526437
7204,1.30923305598574
7205,1.3068679830527523
7206,1.304507182521804
7207,1.3021506466749855
7208,1.2997983678083291
7209,1.2974503382317841
7210,1.2951065502691916
7211,1.2927669962582593
7212,1.2904316685505366
7213,1.2881005595113892
7214,1.2857736615199749
7215,1.2834509669692178
7216,1.281132468265784
7217,1.2788181578300568
7218,1.2765080280961114
7219,1.2742020715116908
7220,1.2719002805381807
7221,1.269602647650585
7222,1.2673091653375015
7223,1.2650198261010963
7224,1.2627346224570806
7225,1.2604535469346856
7226,1.258176592076638
7227,1.2559037504391355
7228,1.2536350145918231
7229,1.2513703771177684
7230,1.249109830613437
7231,1.246853367688669
7232,1.2446009809666545
7233,1.2423526630839092
7234,1.240108406690251
7235,1.2378682044487752
7236,1.2356320490358312
7237,1.2333999331409982
7238,1.2311718494670612
7239,1.2289477907299875
7240,1.2267277496589026
7241,1.2245117189960666
7242,1.22229969149685
7243,1.2200916599297111
7244,1.2178876170761712
7245,1.2156875557307916
7246,1.2134914687011498
7247,1.211299348807816
7248,1.2091111888843302
7249,1.206926981777178
7250,1.2047467203457674
7251,1.2025703974624056
7252,1.200398006012276
7253,1.1982295388934143
7254,1.1960649890166857
7255,1.1939043493057615
7256,1.1917476126970963
7257,1.1895947721399043
7258,1.1874458205961371
7259,1.18530075104046
7260,1.1831595564602293
7261,1.1810222298554691
7262,1.1788887642388493
7263,1.1767591526356613
7264,1.1746333880837967
7265,1.1725114636337233
7266,1.1703933723484632
7267,1.1682791073035699
7268,1.1661686615871056
7269,1.1640620282996186
7270,1.1619592005541206
7271,1.1598601714760643
7272,1.1577649342033216
7273,1.1556734818861596
7274,1.1535858076872199
7275,1.1515019047814952
7276,1.149421766356307
7277,1.1473453856112843
7278,1.14527275575834
7279,1.1432038700216498
7280,1.1411387216376296
7281,1.1390773038549131
7282,1.1370196099343304
7283,1.1349656331488855
7284,1.1329153667837344
7285,1.1308688041361632
7286,1.1288259385155661
7287,1.1267867632434239
7288,1.1247512716532813
7289,1.122719457090726
7290,1.1206913129133667
7291,1.1186668324908111
7292,1.1166460092046446
7293,1.1146288364484083
7294,1.1126153076275775
7295,1.1106054161595407
7296,1.108599155473577
7297,1.1065965190108356
7298,1.1045975002243138
7299,1.102602092578836
7300,1.100610289551032
7301,1.0986220846293153
7302,1.0966374713138634
7303,1.0946564431165944
7304,1.0926789935611474
7305,1.0907051161828605
7306,1.0887348045287502
7307,1.0867680521574898
7308,1.0848048526393888
7309,1.0828451995563713
7310,1.0808890865019556
7311,1.0789365070812331
7312,1.0769874549108471
7313,1.0750419236189726
7314,1.0730999068452944
7315,1.0711613982409876
7316,1.0692263914686957
7317,1.0672948802025104
7318,1.0653668581279512
7319,1.063442318941944
7320,1.0615212563528014
7321,1.0596036640802011
7322,1.0576895358551666
7323,1.0557788654200455
7324,1.0538716465284899
7325,1.0519678729454351
7326,1.0500675384470808
7327,1.0481706368208685
7328,1.0462771618654636
7329,1.044387107390733
7330,1.0425004672177263
7331,1.040617235178655
7332,1.0387374051168723
7333,1.0368609708868535
7334,1.0349879263541752
7335,1.0331182653954958
7336,1.0312519818985348
7337,1.0293890697620538
7338,1.0275295228958357
7339,1.025673335220665
7340,1.0238205006683088
7341,1.0219710131814952
7342,1.0201248667138951
7343,1.0182820552301017
7344,1.0164425727056108
7345,1.0146064131268013
7346,1.0127735704909155
7347,1.0109440388060393
7348,1.0091178120910829
7349,1.0072948843757608
7350,1.0054752497005728
7351,1.0036589021167843
7352,1.0018458356864066
7353,1.000036044482178
7354,0.9982295225875442
7355,0.9964262640966383
7356,0.9946262631142627
7357,0.9928295137558691
7358,0.9910360101475393
7359,0.9892457464259659
7360,0.9874587167384336
7361,0.9856749152427996
7362,0.9838943361074749
7363,0.9821169735114048
7364,0.9803428216440502
7365,0.9785718747053683
7366,0.9768041269057941
7367,0.9750395724662211
7368,0.9732782056179823
7369,0.9715200206028318
7370,0.9697650116729257
7371,0.9680131730908031
7372,0.966264499129368
7373,0.9645189840718696
7374,0.9627766222118848
7375,0.9610374078532983
7376,0.9593013353102848
7377,0.9575683989072905
7378,0.9558385929790139
7379,0.9541119118703876
7380,0.9523883499365601
7381,0.9506679015428768
7382,0.9489505610648622
7383,0.9472363228882008
7384,0.9455251814087193
7385,0.9438171310323681
7386,0.9421121661752029
7387,0.9404102812633668
7388,0.9387114707330715
7389,0.9370157290305797
7390,0.9353230506121867
7391,0.933633429944202
7392,0.9319468615029317
7393,0.9302633397746602
7394,0.9285828592556321
7395,0.9269054144520343
7396,0.9252309998799781
7397,0.9235596100654813
7398,0.9218912395444498
7399,0.9202258828626608
7400,0.9185635345757438
7401,0.9169041892491634
7402,0.9152478414582016
7403,0.9135944857879399
7404,0.9119441168332415
7405,0.9102967291987338
7406,0.9086523174987908
7407,0.9070108763575153
7408,0.9053724004087215
7409,0.9037368842959173
7410,0.9021043226722868
7411,0.900474710200673
7412,0.8988480415535605
7413,0.8972243114130573
7414,0.8956035144708782
7415,0.8939856454283273
7416,0.8923706989962804
7417,0.890758669895168
7418,0.8891495528549579
7419,0.8875433426151378
7420,0.8859400339246984
7421,0.8843396215421163
7422,0.8827421002353365
7423,0.8811474647817554
7424,0.879555709968204
7425,0.8779668305909305
7426,0.8763808214555836
7427,0.8747976773771954
7428,0.8732173931801641
7429,0.8716399636982378
7430,0.870065383774497
7431,0.868493648261338
7432,0.8669247520204559
7433,0.8653586899228283
7434,0.8637954568486976
7435,0.8622350476875553
7436,0.8606774573381246
7437,0.859122680708344
7438,0.8575707127153503
7439,0.856021548285463
7440,0.8544751823541661
7441,0.852931609866093
7442,0.8513908257750092
7443,0.8498528250437961
7444,0.8483176026444343
7445,0.8467851535579876
7446,0.8452554727745858
7447,0.8437285552934093
7448,0.842204396122672
7449,0.8406829902796051
7450,0.8391643327904414
7451,0.8376484186903984
7452,0.836135243023662
7453,0.834624800843371
7454,0.8331170872116
7455,0.8316120971993443
7456,0.8301098258865027
7457,0.8286102683618625
7458,0.8271134197230824
7459,0.8256192750766772
7460,0.8241278295380016
7461,0.8226390782312339
7462,0.8211530162893609
7463,0.819669638854161
7464,0.8181889410761889
7465,0.8167109181147597
7466,0.8152355651379329
7467,0.8137628773224967
7468,0.8122928498539522
7469,0.8108254779264977
7470,0.8093607567430131
7471,0.8078986815150438
7472,0.8064392474627857
7473,0.804982449815069
7474,0.8035282838093426
7475,0.8020767446916592
7476,0.8006278277166591
7477,0.7991815281475547
7478,0.7977378412561156
7479,0.7962967623226523
7480,0.7948582866360016
7481,0.7934224094935105
7482,0.7919891262010214
7483,0.7905584320728563
7484,0.7891303224318017
7485,0.7877047926090934
7486,0.7862818379444011
7487,0.784861453785813
7488,0.783443635489821
7489,0.7820283784213052
7490,0.7806156779535189
7491,0.7792055294680733
7492,0.7777979283549227
7493,0.776392870012349
7494,0.7749903498469471
7495,0.7735903632736097
7496,0.7721929057155122
7497,0.7707979726040979
7498,0.7694055593790629
7499,0.7680156614883412
7500,0.7666282743880903
7501,0.7652433935426758
7502,0.7638610144246565
7503,0.7624811325147699
7504,0.7611037433019177
7505,0.7597288422831502
7506,0.7583564249636524
7507,0.756986486856729
7508,0.7556190234837894
7509,0.7542540303743338
7510,0.752891503065938
7511,0.7515314371042389
7512,0.75017382804292
7513,0.748818671443697
7514,0.7474659628763031
7515,0.7461156979184745
7516,0.7447678721559364
7517,0.7434224811823877
7518,0.7420795205994875
7519,0.7407389860168399
7520,0.7394008730519804
7521,0.7380651773303613
7522,0.7367318944853368
7523,0.7354010201581499
7524,0.734072549997917
7525,0.7327464796616147
7526,0.7314228048140644
7527,0.7301015211279195
7528,0.7287826242836501
7529,0.7274661099695297
7530,0.7261519738816203
7531,0.7248402117237592
7532,0.7235308192075444
7533,0.7222237920523205
7534,0.7209191259851652
7535,0.719616816740875
7536,0.7183168600619512
7537,0.717019251698586
7538,0.7157239874086491
7539,0.714431062957673
7540,0.7131404741188397
7541,0.7118522166729669
7542,0.7105662864084941
7543,0.7092826791214684
7544,0.7080013906155316
7545,0.7067224167019058
7546,0.7054457531993801
7547,0.7041713959342966
7548,0.7028993407405371
7549,0.7016295834595092
7550,0.700362119940133
7551,0.699096946038827
7552,0.6978340576194952
7553,0.6965734505535133
7554,0.6953151207197149
7555,0.6940590640043786
7556,0.692805276301214
7557,0.6915537535113488
7558,0.6903044915433151
7559,0.6890574863130358
7560,0.6878127337438116
7561,0.6865702297663079
7562,0.6853299703185407
7563,0.6840919513458642
7564,0.682856168800957
7565,0.6816226186438089
7566,0.6803912968417078
7567,0.6791621993692268
7568,0.6779353222082105
7569,0.6767106613477623
7570,0.6754882127842308
7571,0.6742679725211973
7572,0.6730499365694624
7573,0.6718341009470331
7574,0.6706204616791095
7575,0.6694090147980721
7576,0.6681997563434688
7577,0.6669926823620019
7578,0.665787788907515
7579,0.6645850720409803
7580,0.6633845278304857
7581,0.6621861523512221
7582,0.6609899416854703
7583,0.6597958919225881
7584,0.6586039991589979
7585,0.6574142594981737
7586,0.6562266690506284
7587,0.6550412239339012
7588,0.6538579202725445
7589,0.6526767541981119
7590,0.6514977218491449
7591,0.6503208193711607
7592,0.6491460429166394
7593,0.6479733886450114
7594,0.6468028527226453
7595,0.6456344313228344
7596,0.6444681206257853
7597,0.6433039168186045
7598,0.6421418160952868
7599,0.6409818146567018
7600,0.6398239087105825
7601,0.6386680944715123
7602,0.6375143681609128
7603,0.6363627260070315
7604,0.6352131642449292
7605,0.6340656791164684
7606,0.6329202668702998
7607,0.6317769237618514
7608,0.6306356460533151
7609,0.6294964300136354
7610,0.6283592719184966
7611,0.6272241680503108
7612,0.6260911146982057
7613,0.6249601081580126
7614,0.6238311447322544
7615,0.6227042207301332
7616,0.6215793324675182
7617,0.620456476266934
7618,0.6193356484575484
7619,0.6182168453751603
7620,0.6171000633621879
7621,0.6159852987676567
7622,0.6148725479471875
7623,0.6137618072629843
7624,0.612653073083823
7625,0.6115463417850389
7626,0.6104416097485151
7627,0.6093388733626709
7628,0.6082381290224494
7629,0.6071393731293064
7630,0.6060426020911982
7631,0.6049478123225698
7632,0.6038550002443436
7633,0.6027641622839074
7634,0.6016752948751027
7635,0.6005883944582132
7636,0.5995034574799529
7637,0.598420480393455
7638,0.5973394596582594
7639,0.5962603917403023
7640,0.5951832731119037
7641,0.5941081002517561
7642,0.5930348696449134
7643,0.5919635777827789
7644,0.5908942211630941
7645,0.5898267962899271
7646,0.5887612996736613
7647,0.5876977278309841
7648,0.586636077284875
7649,0.5855763445645948
7650,0.5845185262056741
7651,0.5834626187499019
7652,0.5824086187453141
7653,0.5813565227461827
7654,0.580306327313004
7655,0.5792580290124879
7656,0.5782116244175461
7657,0.5771671101072814
7658,0.5761244826669761
7659,0.5750837386880814
7660,0.5740448747682054
7661,0.573007887511103
7662,0.5719727735266638
7663,0.5709395294309018
7664,0.5699081518459438
7665,0.5688786374000189
7666,0.5678509827274467
7667,0.5668251844686273
7668,0.5658012392700292
7669,0.5647791437841795
7670,0.5637588946696518
7671,0.5627404885910562
7672,0.5617239222190279
7673,0.5607091922302165
7674,0.5596962953072753
7675,0.5586852281388497
7676,0.5576759874195674
7677,0.556668569850027
7678,0.5556629721367872
7679,0.5546591909923563
7680,0.5536572231351812
7681,0.5526570652896369
7682,0.5516587141860155
7683,0.550662166560516
7684,0.549667419155233
7685,0.5486744687181464
7686,0.5476833120031109
7687,0.5466939457698452
7688,0.5457063667839213
7689,0.544720571816754
7690,0.5437365576455908
7691,0.5427543210535005
7692,0.5417738588293634
7693,0.5407951677678603
7694,0.5398182446694626
7695,0.5388430863404213
7696,0.5378696895927569
7697,0.5368980512442488
7698,0.5359281681184248
7699,0.5349600370445511
7700,0.5339936548576214
7701,0.5330290183983472
7702,0.5320661245131468
7703,0.5311049700541356
7704,0.5301455518791152
7705,0.5291878668515636
7706,0.528231911840625
7707,0.5272776837210991
7708,0.526325179373431
7709,0.5253743956837016
7710,0.5244253295436164
7711,0.5234779778504964
7712,0.5225323375072674
7713,0.5215884054224494
7714,0.5206461785101477
7715,0.5197056536900417
7716,0.5187668278873755
7717,0.5178296980329475
7718,0.5168942610631005
7719,0.5159605139197116
7720,0.5150284535501825
7721,0.5140980769074289
7722,0.5131693809498713
7723,0.5122423626414245
7724,0.511317018951488
7725,0.5103933468549355
7726,0.5094713433321062
7727,0.5085510053687935
7728,0.5076323299562362
7729,0.5067153140911083
7730,0.5057999547755089
7731,0.504886249016953
7732,0.5039741938283613
7733,0.5030637862280504
7734,0.5021550232397233
7735,0.5012479018924595
7736,0.5003424192207054
7737,0.49943857226426464
7738,0.49853635806828805
7739,0.49763577368326445
7740,0.49673681616501075
7741,0.49583948257466254
7742,0.4949437699786641
7743,0.49404967544875933
7744,0.4931571960619817
7745,0.492266328900645
7746,0.4913770710523336
7747,0.49048941960989306
7748,0.4896033716714206
7749,0.48871892434025566
7750,0.48783607472497026
7751,0.48695481993935974
7752,0.4860751571024332
7753,0.48519708333840417
7754,0.48432059577668113
7755,0.4834456915518581
7756,0.48257236780370555
7757,0.48170062167716055
7758,0.48083045032231786
7759,0.4799618508944205
7760,0.4790948205538504
7761,0.478229356466119
7762,0.47736545580185835
7763,0.4765031157368115
7764,0.4756423334518234
7765,0.4747831061328317
7766,0.47392543097085754
7767,0.4730693051619963
7768,0.4722147259074086
7769,0.47136169041331094
7770,0.47051019589096676
7771,0.4696602395566772
7772,0.4688118186317719
7773,0.4679649303426003
7774,0.4671195719205221
7775,0.4662757406018986
7776,0.4654334336280833
7777,0.46459264824541324
7778,0.4637533817051998
7779,0.4629156312637197
7780,0.46207939418220606
7781,0.4612446677268396
7782,0.4604114491687394
7783,0.45957973578395417
7784,0.45874952485345344
7785,0.4579208136631185
7786,0.4570935995037335
7787,0.45626787967097676
7788,0.4554436514654118
7789,0.4546209121924786
7790,0.4537996591624846
7791,0.45297988969059627
7792,0.45216160109682996
7793,0.4513447907060434
7794,0.4505294558479267
7795,0.44971559385699394
7796,0.44890320207257417
7797,0.4480922778388029
7798,0.44728281850461327
7799,0.44647482142372746
7800,0.44566828395464814
7801,0.44486320346064967
7802,0.44405957730976947
7803,0.4432574028747996
7804,0.442456677533278
7805,0.44165739866748
7806,0.44085956366440965
7807,0.4400631699157914
7808,0.4392682148180614
7809,0.43847469577235887
7810,0.437682610184518
7811,0.43689195546505905
7812,0.4361027290291802
7813,0.43531492829674884
7814,0.4345285506922933
7815,0.43374359364499443
7816,0.4329600545886771
7817,0.43217793096180185
7818,0.43139722020745663
7819,0.43061791977334823
7820,0.42984002711179414
7821,0.42906353967971406
7822,0.42828845493862167
7823,0.4275147703546163
7824,0.42674248339837473
7825,0.42597159154514275
7826,0.4252020922747271
7827,0.4244339830714871
7828,0.42366726142432654
7829,0.42290192482668526
7830,0.42213797077653115
7831,0.42137539677635194
7832,0.420614200333147
7833,0.4198543789584192
7834,0.41909593016816676
7835,0.4183388514828752
7836,0.41758314042750905
7837,0.41682879453150395
7838,0.41607581132875854
7839,0.41532418835762636
7840,0.41457392316090774
7841,0.4138250132858419
7842,0.4130774562840989
7843,0.4123312497117715
7844,0.4115863911293673
7845,0.4108428781018008
7846,0.41010070819838534
7847,0.40935987899282517
7848,0.40862038806320755
7849,0.40788223299199483
7850,0.40714541136601656
7851,0.40640992077646154
7852,0.40567575881887
7853,0.40494292309312574
7854,0.4042114112034482
7855,0.4034812207583848
7856,0.40275234937080284
7857,0.4020247946578821
7858,0.40129855424110666
7859,0.4005736257462574
7860,0.39985000680340393
7861,0.39912769504689727
7862,0.3984066881153618
7863,0.3976869836516875
7864,0.39696857930302254
7865,0.39625147272076533
7866,0.3955356615605569
7867,0.3948211434822734
7868,0.3941079161500181
7869,0.39339597723211417
7870,0.3926853244010967
7871,0.3919759553337054
7872,0.3912678677108767
7873,0.3905610592177364
7874,0.389855527543592
7875,0.38915127038192515
7876,0.3884482854303841
7877,0.38774657039077637
7878,0.3870461229690608
7879,0.38634694087534055
7880,0.38564902182385524
7881,0.38495236353297363
7882,0.3842569637251862
7883,0.38356282012709764
7884,0.3828699304694194
7885,0.3821782924869624
7886,0.3814879039186293
7887,0.38079876250740763
7888,0.38011086600036187
7889,0.3794242121486265
7890,0.37873879870739835
7891,0.37805462343592944
7892,0.37737168409751964
7893,0.3766899784595093
7894,0.37600950429327196
7895,0.3753302593742071
7896,0.3746522414817328
7897,0.3739754483992786
7898,0.37329987791427804
7899,0.3726255278181617
7900,0.3719523959063499
7901,0.3712804799782452
7902,0.37060977783722565
7903,0.3699402872906374
7904,0.36927200614978734
7905,0.36860493222993634
7906,0.36793906335029186
7907,0.36727439733400086
7908,0.3666109320081426
7909,0.36594866520372177
7910,0.36528759475566114
7911,0.3646277185027947
7912,0.3639690342878604
7913,0.3633115399574933
7914,0.36265523336221833
7915,0.3620001123564433
7916,0.3613461747984521
7917,0.36069341855039744
7918,0.36004184147829393
7919,0.35939144145201124
7920,0.35874221634526693
7921,0.3580941640356196
7922,0.35744728240446205
7923,0.3568015693370141
7924,0.35615702272231603
7925,0.35551364045322126
7926,0.3548714204263898
7927,0.35423036054228124
7928,0.3535904587051479
7929,0.35295171282302795
7930,0.3523141208077386
7931,0.35167768057486937
7932,0.351042390043775
7933,0.350408247137569
7934,0.3497752497831166
7935,0.34914339591102794
7936,0.3485126834556517
7937,0.3478831103550678
7938,0.34725467455108117
7939,0.34662737398921456
7940,0.3460012066187022
7941,0.34537617039248286
7942,0.34475226326719327
7943,0.3441294832031614
7944,0.3435078281643998
7945,0.3428872961185989
7946,0.3422678850371205
7947,0.341649592894991
7948,0.3410324176708948
7949,0.34041635734716774
7950,0.3398014099097905
7951,0.339187573348382
7952,0.3385748456561928
7953,0.33796322483009855
7954,0.3373527088705935
7955,0.3367432957817839
7956,0.33613498357138155
7957,0.33552777025069713
7958,0.3349216538346339
7959,0.3343166323416811
7960,0.33371270379390733
7961,0.33310986621695443
7962,0.3325081176400308
7963,0.3319074560959049
7964,0.33130787962089897
7965,0.33070938625488255
7966,0.330111974041266
7967,0.3295156410269943
7968,0.3289203852625405
7969,0.32832620480189934
7970,0.3277330977025809
7971,0.3271410620256044
7972,0.32655009583549166
7973,0.32596019720026087
7974,0.3253713641914203
7975,0.3247835948839619
7976,0.32419688735635516
7977,0.32361123969054056
7978,0.32302664997192365
7979,0.32244311628936856
7980,0.3218606367351917
7981,0.3212792094051558
7982,0.32069883239846336
7983,0.3201195038177507
7984,0.31954122176908156
7985,0.31896398436194107
7986,0.31838778970922943
7987,0.31781263592725584
7988,0.3172385211357323
7989,0.3166654434577675
7990,0.3160934010198605
7991,0.31552239195189496
7992,0.3149524143871328
7993,0.31438346646220794
7994,0.3138155463171206
7995,0.3132486520952309
7996,0.3126827819432529
7997,0.31211793401124854
7998,0.3115541064526217
7999,0.3109912974241119
8000,0.31042950508578854
8001,0.3098687276010447
8002,0.30930896313659134
8003,0.308750209862451
8004,0.3081924659519521
8005,0.30763572958172286
8006,0.3070799989316853
8007,0.3065252721850494
8008,0.30597154752830696
8009,0.305418823151226
8010,0.30486709724684447
8011,0.30431636801146467
8012,0.30376663364464707
8013,0.3032178923492046
8014,0.30267014233119677
8015,0.3021233817999237
8016,0.3015776089679204
8017,0.30103282205095083
8018,0.3004890192680021
8019,0.29994619884127854
8020,0.29940435899619616
8021,0.2988634979613766
8022,0.2983236139686415
8023,0.29778470525300643
8024,0.2972467700526755
8025,0.2967098066090354
8026,0.29617381316664965
8027,0.29563878797325294
8028,0.2951047292797453
8029,0.29457163534018643
8030,0.29403950441179
8031,0.293508334754918
8032,0.292978124633075
8033,0.29244887231290234
8034,0.2919205760641728
8035,0.29139323415978463
8036,0.2908668448757559
8037,0.29034140649121926
8038,0.2898169172884158
8039,0.28929337555268975
8040,0.28877077957248276
8041,0.28824912763932836
8042,0.2877284180478464
8043,0.2872086490957373
8044,0.2866898190837767
8045,0.2861719263158099
8046,0.285654969098746
8047,0.2851389457425528
8048,0.28462385456025097
8049,0.2841096938679087
8050,0.283596461984636
8051,0.28308415723257957
8052,0.2825727779369168
8053,0.28206232242585083
8054,0.2815527890306046
8055,0.2810441760854158
8056,0.28053648192753117
8057,0.28002970489720114
8058,0.27952384333767444
8059,0.2790188955951926
8060,0.2785148600189847
8061,0.27801173496126164
8062,0.27750951877721125
8063,0.27700820982499247
8064,0.27650780646573025
8065,0.27600830706351
8066,0.2755097099853724
8067,0.275012013601308
8068,0.2745152162842519
8069,0.27401931641007843
8070,0.2735243123575957
8071,0.27303020250854065
8072,0.2725369852475734
8073,0.27204465896227215
8074,0.2715532220431279
8075,0.271062672883539
8076,0.2705730098798063
8077,0.27008423143112753
8078,0.26959633593959215
8079,0.26910932181017627
8080,0.2686231874507374
8081,0.26813793127200897
8082,0.2676535516875955
8083,0.26717004711396736
8084,0.26668741597045525
8085,0.26620565667924545
8086,0.26572476766537445
8087,0.2652447473567239
8088,0.2647655941840153
8089,0.26428730658080507
8090,0.26380988298347935
8091,0.26333332183124886
8092,0.26285762156614373
8093,0.2623827806330086
8094,0.26190879747949747
8095,0.2614356705560685
8096,0.260963398315979
8097,0.26049197921528044
8098,0.26002141171281345
8099,0.25955169427020264
8100,0.25908282535185156
8101,0.2586148034249378
8102,0.258147626959408
8103,0.25768129442797266
8104,0.2572158043061013
8105,0.2567511550720175
8106,0.2562873452066938
8107,0.25582437319384677
8108,0.25536223751993214
8109,0.25490093667413977
8110,0.25444046914838875
8111,0.2539808334373225
8112,0.2535220280383036
8113,0.2530640514514093
8114,0.25260690217942633
8115,0.2521505787278461
8116,0.2516950796048596
8117,0.251240403321353
8118,0.25078654839090225
8119,0.2503335133297686
8120,0.24988129665689354
8121,0.24942989689389405
8122,0.24897931256505776
8123,0.24852954219733808
8124,0.24808058432034943
8125,0.24763243746636243
8126,0.24718510017029907
8127,0.24673857096972795
8128,0.2462928484048595
8129,0.24584793101854116
8130,0.2454038173562527
8131,0.24496050596610136
8132,0.24451799539881724
8133,0.24407628420774843
8134,0.24363537094885634
8135,0.24319525418071097
8136,0.24275593246448623
8137,0.24231740436395516
8138,0.2418796684454853
8139,0.24144272327803404
8140,0.2410065674331438
8141,0.24057119948493752
8142,0.24013661801011385
8143,0.23970282158794265
8144,0.2392698088002602
8145,0.23883757823146468
8146,0.23840612846851147
8147,0.2379754581009086
8148,0.237545565720712
8149,0.23711644992252107
8150,0.23668810930347398
8151,0.2362605424632431
8152,0.23583374800403042
8153,0.23540772453056305
8154,0.23498247065008854
8155,0.23455798497237043
8156,0.23413426610968363
8157,0.23371131267680992
8158,0.2332891232910334
8159,0.23286769657213605
8160,0.2324470311423931
8161,0.23202712562656858
8162,0.23160797865191085
8163,0.23118958884814808
8164,0.23077195484748378
8165,0.2303550752845923
8166,0.2299389487966144
8167,0.22952357402315282
8168,0.22910894960626776
8169,0.2286950741904725
8170,0.22828194642272895
8171,0.2278695649524432
8172,0.22745792843146115
8173,0.22704703551406408
8174,0.22663688485696423
8175,0.2262274751193005
8176,0.2258188049626339
8177,0.22541087305094334
8178,0.2250036780506212
8179,0.2245972186304689
8180,0.22419149346169268
8181,0.22378650121789917
8182,0.22338224057509104
8183,0.22297871021166274
8184,0.22257590880839614
8185,0.2221738350484562
8186,0.2217724876173867
8187,0.22137186520310592
8188,0.2209719664959024
8189,0.22057279018843054
8190,0.22017433497570646
8191,0.21977659955510365
8192,0.21937958262634877
8193,0.21898328289151733
8194,0.21858769905502953
8195,0.21819282982364593
8196,0.21779867390646332
8197,0.21740523001491038
8198,0.21701249686274363
8199,0.21662047316604305
8200,0.21622915764320802
8201,0.21583854901495306
8202,0.21544864600430363
8203,0.21505944733659207
8204,0.21467095173945328
8205,0.21428315794282063
8206,0.21389606467892186
8207,0.2135096706822749
8208,0.2131239746896836
8209,0.21273897544023387
8210,0.2123546716752893
8211,0.21197106213848718
8212,0.2115881455757344
8213,0.2112059207352033
8214,0.21082438636732756
8215,0.21044354122479816
8216,0.21006338406255934
8217,0.2096839136378044
8218,0.20930512870997176
8219,0.20892702804074084
8220,0.20854961039402808
8221,0.20817287453598282
8222,0.20779681923498328
8223,0.20742144326163256
8224,0.20704674538875464
8225,0.20667272439139034
8226,0.20629937904679327
8227,0.2059267081344259
8228,0.20555471043595558
8229,0.2051833847352505
8230,0.2048127298183757
8231,0.20444274447358923
8232,0.20407342749133803
8233,0.20370477766425404
8234,0.20333679378715033
8235,0.202969474657017
8236,0.20260281907301741
8237,0.20223682583648414
8238,0.20187149375091512
8239,0.20150682162196967
8240,0.20114280825746472
8241,0.20077945246737075
8242,0.20041675306380802
8243,0.20005470886104262
8244,0.19969331867548262
8245,0.19933258132567422
8246,0.19897249563229785
8247,0.19861306041816432
8248,0.19825427450821098
8249,0.1978961367294979
8250,0.197538645911204
8251,0.19718180088462328
8252,0.1968256004831609
8253,0.19647004354232941
8254,0.19611512889974503
8255,0.1957608553951237
8256,0.19540722187027743
8257,0.1950542271691104
8258,0.19470187013761522
8259,0.19435014962386923
8260,0.19399906447803061
8261,0.1936486135523347
8262,0.1932987957010902
8263,0.1929496097806755
8264,0.19260105464953484
8265,0.19225312916817466
8266,0.19190583219915988
8267,0.1915591626071101
8268,0.1912131192586959
8269,0.19086770102263528
8270,0.19052290676968975
8271,0.19017873537266078
8272,0.1898351857063861
8273,0.18949225664773597
8274,0.1891499470756095
8275,0.1888082558709311
8276,0.1884671819166467
8277,0.1881267240977201
8278,0.18778688130112944
8279,0.18744765241586345
8280,0.1871090363329178
8281,0.18677103194529165
8282,0.18643363814798383
8283,0.1860968538379893
8284,0.18576067791429557
8285,0.18542510927787909
8286,0.18509014683170164
8287,0.18475578948070673
8288,0.1844220361318161
8289,0.184088885693926
8290,0.18375633707790384
8291,0.18342438919658435
8292,0.1830930409647663
8293,0.18276229129920876
8294,0.18243213911862766
8295,0.1821025833436922
8296,0.18177362289702137
8297,0.1814452567031804
8298,0.18111748368867722
8299,0.18079030278195898
8300,0.18046371291340857
8301,0.18013771301534107
8302,0.17981230202200033
8303,0.17948747886955538
8304,0.17916324249609705
8305,0.17883959184163448
8306,0.1785165258480916
8307,0.17819404345930376
8308,0.17787214362101417
8309,0.17755082528087052
8310,0.17723008738842155
8311,0.1769099288951136
8312,0.1765903487542871
8313,0.17627134592117338
8314,0.17595291935289095
8315,0.1756350680084423
8316,0.17531779084871046
8317,0.17500108683645554
8318,0.1746849549363114
8319,0.17436939411478222
8320,0.17405440334023917
8321,0.173739981582917
8322,0.1734261278149107
8323,0.17311284101017213
8324,0.17280012014450663
8325,0.17248796419556975
8326,0.1721763721428638
8327,0.17186534296773465
8328,0.17155487565336824
8329,0.1712449691847874
8330,0.17093562254884848
8331,0.17062683473423798
8332,0.17031860473146934
8333,0.17001093153287955
8334,0.16970381413262595
8335,0.16939725152668286
8336,0.16909124271283835
8337,0.1687857866906909
8338,0.1684808824616462
8339,0.16817652902891386
8340,0.16787272539750417
8341,0.16756947057422478
8342,0.16726676356767753
8343,0.16696460338825517
8344,0.16666298904813812
8345,0.16636191956129126
8346,0.16606139394346073
8347,0.16576141121217064
8348,0.16546197038671992
8349,0.1651630704881791
8350,0.1648647105393871
8351,0.164566889564948
8352,0.16426960659122797
8353,0.16397286064635194
8354,0.16367665076020052
8355,0.16338097596440676
8356,0.1630858352923531
8357,0.16279122777916805
8358,0.16249715246172317
8359,0.16220360837862988
8360,0.16191059457023624
8361,0.16161811007862395
8362,0.1613261539476051
8363,0.16103472522271914
8364,0.1607438229512297
8365,0.1604534461821214
8366,0.16016359396609697
8367,0.1598742653555739
8368,0.15958545940468147
8369,0.15929717516925768
8370,0.15900941170684607
8371,0.1587221680766927
8372,0.15843544333974305
8373,0.158149236558639
8374,0.15786354679771566
8375,0.15757837312299847
8376,0.15729371460219996
8377,0.15700957030471685
8378,0.15672593930162695
8379,0.15644282066568613
8380,0.15616021347132525
8381,0.15587811679464722
8382,0.15559652971342391
8383,0.15531545130709315
8384,0.15503488065675575
8385,0.15475481684517242
8386,0.15447525895676087
8387,0.15419620607759277
8388,0.15391765729539073
8389,0.15363961169952536
8390,0.15336206838101232
8391,0.15308502643250926
8392,0.15280848494831292
8393,0.15253244302435617
8394,0.15225689975820503
8395,0.1519818542490557
8396,0.15170730559773168
8397,0.1514332529066808
8398,0.15115969527997225
8399,0.15088663182329368
8400,0.1506140616439483
8401,0.15034198385085193
8402,0.15007039755453008
8403,0.14979930186711507
8404,0.14952869590234313
8405,0.14925857877555146
8406,0.14898894960367537
8407,0.14871980750524538
8408,0.14845115160038438
8409,0.1481829810108047
8410,0.14791529485980526
8411,0.1476480922722687
8412,0.1473813723746585
8413,0.14711513429501621
8414,0.14684937716295846
8415,0.14658410010967424
8416,0.14631930226792197
8417,0.14605498277202678
8418,0.1457911407578775
8419,0.14552777536292402
8420,0.14526488572617435
8421,0.14500247098819186
8422,0.14474053029109246
8423,0.14447906277854178
8424,0.14421806759575237
8425,0.14395754388948093
8426,0.14369749080802552
8427,0.14343790750122273
8428,0.14317879312044499
8429,0.14292014681859766
8430,0.1426619677501164
8431,0.1424042550709643
8432,0.14214700793862925
8433,0.141890225512121
8434,0.14163390695196856
8435,0.14137805142021745
8436,0.14112265808042682
8437,0.1408677260976669
8438,0.14061325463851615
8439,0.14035924287105855
8440,0.14010568996488096
8441,0.1398525950910703
8442,0.13959995742221085
8443,0.13934777613238167
8444,0.13909605039715375
8445,0.1388447793935874
8446,0.1385939623002295
8447,0.1383435982971109
8448,0.13809368656574367
8449,0.13784422628911844
8450,0.1375952166517017
8451,0.13734665683943323
8452,0.13709854603972332
8453,0.1368508834414502
8454,0.13660366823495732
8455,0.13635689961205077
8456,0.13611057676599664
8457,0.13586469889151828
8458,0.13561926518479378
8459,0.13537427484345327
8460,0.13512972706657636
8461,0.1348856210546895
8462,0.13464195600976325
8463,0.13439873113520992
8464,0.13415594563588074
8465,0.13391359871806335
8466,0.13367168958947923
8467,0.13343021745928102
8468,0.13318918153805004
8469,0.1329485810377936
8470,0.1327084151719426
8471,0.1324686831553487
8472,0.132229384204282
8473,0.13199051753642838
8474,0.1317520823708868
8475,0.13151407792816708
8476,0.131276503430187
8477,0.13103935810027
8478,0.13080264116314252
8479,0.13056635184493148
8480,0.1303304893731618
8481,0.13009505297675383
8482,0.12986004188602085
8483,0.1296254553326665
8484,0.1293912925497824
8485,0.12915755277184549
8486,0.1289242352347156
8487,0.128691339175633
8488,0.12845886383321578
8489,0.12822680844745749
8490,0.12799517225972457
8491,0.12776395451275388
8492,0.1275331544506503
8493,0.12730277131888415
8494,0.1270728043642888
8495,0.12684325283505818
8496,0.12661411598074432
8497,0.1263853930522549
8498,0.12615708330185083
8499,0.1259291859831437
8500,0.12570170035109354
8501,0.12547462566200615
8502,0.12524796117353085
8503,0.12502170614465796
8504,0.12479585983571641
8505,0.12457042150837129
8506,0.1243453904256215
8507,0.12412076585179725
8508,0.12389654705255776
8509,0.12367273329488877
8510,0.1234493238471002
8511,0.12322631797882369
8512,0.12300371496101033
8513,0.12278151406592815
8514,0.12255971456715982
8515,0.12233831573960026
8516,0.12211731685945423
8517,0.12189671720423402
8518,0.12167651605275705
8519,0.12145671268514353
8520,0.12123730638281412
8521,0.12101829642848752
8522,0.1207996821061782
8523,0.12058146270119402
8524,0.1203636375001339
8525,0.1201462057908855
8526,0.11992916686262285
8527,0.11971252000580408
8528,0.11949626451216908
8529,0.11928039967473716
8530,0.11906492478780478
8531,0.11884983914694322
8532,0.11863514204899626
8533,0.11842083279207793
8534,0.11820691067557018
8535,0.11799337500012057
8536,0.11778022506764003
8537,0.11756746018130058
8538,0.117355079645533
8539,0.11714308276602459
8540,0.11693146884971688
8541,0.11672023720480341
8542,0.11650938714072745
8543,0.11629891796817968
8544,0.11608882899909602
8545,0.11587911954665536
8546,0.11566978892527728
8547,0.11546083645061983
8548,0.1152522614395773
8549,0.11504406321027799
8550,0.11483624108208197
8551,0.11462879437557884
8552,0.11442172241258554
8553,0.11421502451614413
8554,0.11400870001051952
8555,0.11380274822119736
8556,0.11359716847488176
8557,0.1133919600994931
8558,0.11318712242416584
8559,0.11298265477924636
8560,0.1127785564962907
8561,0.11257482690806246
8562,0.11237146534853053
8563,0.11216847115286697
8564,0.11196584365744486
8565,0.11176358219983602
8566,0.111561686118809
8567,0.11136015475432677
8568,0.11115898744754465
8569,0.11095818354080816
8570,0.11075774237765082
8571,0.11055766330279201
8572,0.11035794566213489
8573,0.11015858880276418
8574,0.10995959207294409
8575,0.10976095482211615
8576,0.10956267640089709
8577,0.10936475616107673
8578,0.10916719345561586
8579,0.1089699876386441
8580,0.10877313806545784
8581,0.10857664409251805
8582,0.10838050507744827
8583,0.10818472037903244
8584,0.10798928935721286
8585,0.10779421137308802
8586,0.10759948578891058
8587,0.10740511196808529
8588,0.10721108927516683
8589,0.10701741707585782
8590,0.10682409473700671
8591,0.1066311216266057
8592,0.10643849711378868
8593,0.10624622056882918
8594,0.10605429136313832
8595,0.1058627088692627
8596,0.10567147246088243
8597,0.10548058151280902
8598,0.10529003540098335
8599,0.10509983350247364
8600,0.1049099751954734
8601,0.10472045985929944
8602,0.10453128687438976
8603,0.10434245562230161
8604,0.10415396548570942
8605,0.10396581584840278
8606,0.10377800609528447
8607,0.10359053561236836
8608,0.10340340378677751
8609,0.1032166100067421
8610,0.10303015366159743
8611,0.10284403414178196
8612,0.1026582508388353
8613,0.1024728031453962
8614,0.10228769045520059
8615,0.10210291216307958
8616,0.10191846766495752
8617,0.10173435635784996
8618,0.10155057763986174
8619,0.10136713091018498
8620,0.10118401556909716
8621,0.1010012310179591
8622,0.10081877665921306
8623,0.10063665189638075
8624,0.10045485613406141
8625,0.10027338877792981
8626,0.10009224923473438
8627,0.0999114369122952
8628,0.09973095121950214
8629,0.09955079156631284
8630,0.09937095736375087
8631,0.09919144802390373
8632,0.09901226295992095
8633,0.09883340158601221
8634,0.09865486331744537
8635,0.0984766475705446
8636,0.09829875376268844
8637,0.09812118131230795
8638,0.0979439296388847
8639,0.097766998162949
8640,0.09759038630607791
8641,0.09741409349089343
8642,0.09723811914106054
8643,0.09706246268128532
8644,0.09688712353731314
8645,0.09671210113592671
8646,0.09653739490494423
8647,0.09636300427321755
8648,0.09618892867063022
8649,0.09601516752809576
8650,0.09584172027755564
8651,0.09566858635197754
8652,0.09549576518535348
8653,0.09532325621269791
8654,0.09515105887004592
8655,0.09497917259445138
8656,0.09480759682398508
8657,0.09463633099773294
8658,0.09446537455579414
8659,0.09429472693927927
8660,0.09412438759030857
8661,0.09395435595201002
8662,0.09378463146851759
8663,0.09361521358496942
8664,0.09344610174750595
8665,0.09327729540326815
8666,0.09310879400039572
8667,0.09294059698802526
8668,0.09277270381628848
8669,0.09260511393631041
8670,0.09243782680020758
8671,0.09227084186108629
8672,0.09210415857304075
8673,0.0919377763911513
8674,0.09177169477148271
8675,0.09160591317108231
8676,0.09144043104797825
8677,0.09127524786117774
8678,0.09111036307066528
8679,0.09094577613740086
8680,0.09078148652331823
8681,0.09061749369132314
8682,0.0904537971052916
8683,0.09029039623006804
8684,0.09012729053146369
8685,0.08996447947625474
8686,0.08980196253218063
8687,0.08963973916794231
8688,0.08947780885320049
8689,0.08931617105857392
8690,0.08915482525563766
8691,0.08899377091692133
8692,0.08883300751590742
8693,0.08867253452702954
8694,0.08851235142567072
8695,0.08835245768816169
8696,0.08819285279177914
8697,0.0880335362147441
8698,0.08787450743622008
8699,0.08771576593631154
8700,0.08755731119606207
8701,0.08739914269745273
8702,0.08724125992340039
8703,0.08708366235775596
8704,0.08692634948530278
8705,0.08676932079175492
8706,0.08661257576375547
8707,0.08645611388887486
8708,0.08629993465560924
8709,0.08614403755337872
8710,0.0859884220725258
8711,0.08583308770431362
8712,0.08567803394092435
8713,0.08552326027545751
8714,0.08536876620192829
8715,0.08521455121526596
8716,0.08506061481131215
8717,0.08490695648681923
8718,0.08475357573944868
8719,0.08460047206776941
8720,0.08444764497125617
8721,0.08429509395028788
8722,0.084142818506146
8723,0.08399081814101288
8724,0.0838390923579702
8725,0.08368764066099728
8726,0.08353646255496948
8727,0.08338555754565657
8728,0.08323492513972115
8729,0.083084564844717
8730,0.08293447616908749
8731,0.08278465862216393
8732,0.08263511171416406
8733,0.08248583495619034
8734,0.08233682786022843
8735,0.08218808993914557
8736,0.08203962070668896
8737,0.08189141967748423
8738,0.08174348636703377
8739,0.08159582029171523
8740,0.0814484209687799
8741,0.08130128791635112
8742,0.08115442065342274
8743,0.0810078186998575
8744,0.08086148157638551
8745,0.08071540880460265
8746,0.08056959990696902
8747,0.08042405440680737
8748,0.08027877182830155
8749,0.08013375169649496
8750,0.07998899353728897
8751,0.07984449687744141
8752,0.07970026124456499
8753,0.07955628616712575
8754,0.07941257117444156
8755,0.07926911579668056
8756,0.0791259195648596
8757,0.07898298201084276
8758,0.07884030266733975
8759,0.07869788106790444
8760,0.0785557167469333
8761,0.07841380923966393
8762,0.07827215808217344
8763,0.07813076281137707
8764,0.07798962296502654
8765,0.07784873808170864
8766,0.07770810770084367
8767,0.07756773136268394
8768,0.07742760860831228
8769,0.07728773897964056
8770,0.07714812201940811
8771,0.07700875727118034
8772,0.07686964427934716
8773,0.07673078258912151
8774,0.07659217174653792
8775,0.07645381129845094
8776,0.07631570079253375
8777,0.07617783977727662
8778,0.07604022780198544
8779,0.07590286441678029
8780,0.07576574917259392
8781,0.0756288816211703
8782,0.07549226131506317
8783,0.07535588780763454
8784,0.07521976065305326
8785,0.07508387940629357
8786,0.07494824362313363
8787,0.07481285286015402
8788,0.07467770667473639
8789,0.07454280462506195
8790,0.07440814627011003
8791,0.07427373116965665
8792,0.07413955888427305
8793,0.07400562897532433
8794,0.07387194100496791
8795,0.0737384945361522
8796,0.07360528913261509
8797,0.07347232435888258
8798,0.07333959978026733
8799,0.07320711496286722
8800,0.073074869473564
8801,0.07294286288002179
8802,0.07281109475068574
8803,0.07267956465478057
8804,0.07254827216230915
8805,0.07241721684405115
8806,0.07228639827156162
8807,0.07215581601716956
8808,0.07202546965397652
8809,0.07189535875585527
8810,0.07176548289744833
8811,0.07163584165416659
8812,0.07150643460218799
8813,0.07137726131845605
8814,0.07124832138067853
8815,0.07111961436732607
8816,0.07099113985763075
8817,0.07086289743158476
8818,0.07073488666993902
8819,0.0706071071542018
8820,0.07047955846663737
8821,0.07035224019026459
8822,0.07022515190885563
8823,0.0700982932069345
8824,0.06997166366977581
8825,0.06984526288340329
8826,0.06971909043458854
8827,0.06959314591084964
8828,0.06946742890044978
8829,0.06934193899239595
8830,0.06921667577643757
8831,0.06909163884306517
8832,0.06896682778350904
8833,0.0688422421897379
8834,0.06871788165445755
8835,0.06859374577110955
8836,0.06846983413386988
8837,0.06834614633764766
8838,0.06822268197808375
8839,0.06809944065154949
8840,0.06797642195514535
8841,0.06785362548669963
8842,0.0677310508447671
8843,0.06760869762862778
8844,0.06748656543828555
8845,0.06736465387446683
8846,0.06724296253861935
8847,0.0671214910329108
8848,0.06700023896022755
8849,0.0668792059241733
8850,0.06675839152906786
8851,0.0666377953799458
8852,0.06651741708255518
8853,0.06639725624335627
8854,0.06627731246952025
8855,0.06615758536892791
8856,0.0660380745501684
8857,0.06591877962253795
8858,0.06579970019603855
8859,0.06568083588137673
8860,0.06556218628996224
8861,0.06544375103390683
8862,0.06532552972602293
8863,0.06520752197982241
8864,0.06508972740951532
8865,0.06497214563000864
8866,0.06485477625690496
8867,0.0647376189065013
8868,0.06462067319578782
8869,0.06450393874244657
8870,0.06438741516485023
8871,0.06427110208206088
8872,0.06415499911382876
8873,0.06403910588059099
8874,0.06392342200347037
8875,0.06380794710427412
8876,0.06369268080549266
8877,0.06357762273029835
8878,0.06346277250254427
8879,0.06334812974676302
8880,0.06323369408816543
8881,0.0631194651526394
8882,0.06300544256674864
8883,0.06289162595773144
8884,0.0627780149534995
8885,0.06266460918263662
8886,0.06255140827439763
8887,0.062438411858707035
8888,0.06232561956615789
8889,0.062213031028010554
8890,0.06210064587619151
8891,0.06198846374329215
8892,0.06187648426256757
8893,0.06176470706793537
8894,0.06165313179397446
8895,0.061541758075923894
8896,0.061430585549681616
8897,0.06131961385180332
8898,0.06120884261950124
8899,0.061098271490642994
8900,0.060987900103750346
8901,0.060877728097998074
8902,0.06076775511321276
8903,0.06065798078987163
8904,0.060548404769101366
8905,0.06043902669267695
8906,0.060329846203020475
8907,0.06022086294319998
8908,0.0601120765569283
8909,0.060003486688561876
8910,0.0598950929830996
8911,0.05978689508618166
8912,0.05967889264408839
8913,0.05957108530373909
8914,0.0594634727126909
8915,0.05935605451913762
8916,0.059248830371908576
8917,0.05914179992046747
8918,0.05903496281491123
8919,0.05892831870596888
8920,0.05882186724500037
8921,0.05871560808399546
8922,0.05860954087557258
8923,0.058503665272977685
8924,0.05839798093008313
8925,0.05829248750138653
8926,0.05818718464200964
8927,0.058082072007697216
8928,0.0579771492548159
8929,0.0578724160403531
8930,0.05776787202191585
8931,0.057663516857729705
8932,0.05755935020663762
8933,0.05745537172809884
8934,0.05735158108218779
8935,0.05724797792959293
8936,0.0571445619316157
8937,0.05704133275016936
8938,0.05693829004777792
8939,0.05683543348757505
8940,0.056732762733302904
8941,0.05663027744931111
8942,0.05652797730055562
8943,0.05642586195259764
8944,0.0563239310716025
8945,0.05622218432433862
8946,0.05612062137817636
8947,0.05601924190108698
8948,0.055918045561641525
8949,0.055817032029009755
8950,0.05571620097295907
8951,0.0556155520638534
8952,0.05551508497265217
8953,0.0554147993709092
8954,0.05531469493077162
8955,0.05521477132497881
8956,0.05511502822686135
8957,0.05501546531033993
8958,0.054916082249924274
8959,0.05481687872071211
8960,0.05471785439838807
8961,0.054619008959222656
8962,0.05452034208007118
8963,0.054421853438372685
8964,0.054323542712148926
8965,0.05422540958000328
8966,0.05412745372111972
8967,0.05402967481526176
8968,0.05393207254277141
8969,0.05383464658456812
8970,0.05373739662214776
8971,0.053640322337581536
8972,0.053543423413515014
8973,0.053446699533167025
8974,0.053350150380328656
8975,0.05325377563936221
8976,0.053157574995200185
8977,0.05306154813334422
8978,0.052965694739864094
8979,0.05287001450139668
8980,0.05277450710514493
8981,0.05267917223887686
8982,0.052584009590924505
8983,0.05248901885018292
8984,0.05239419970610916
8985,0.05229955184872126
8986,0.05220507496859722
8987,0.05211076875687401
8988,0.05201663290524654
8989,0.05192266710596665
8990,0.05182887105184213
8991,0.0517352444362357
8992,0.05164178695306399
8993,0.051548498296796565
8994,0.05145537816245492
8995,0.051362426245611485
8996,0.05126964224238862
8997,0.05117702584945762
8998,0.05108457676403774
8999,0.05099229468389519
9000,0.050900179307342155
9001,0.05080823033323581
9002,0.05071644746097732
9003,0.05062483039051087
9004,0.0505333788223227
9005,0.050442092457440094
9006,0.05035097099743042
9007,0.05026001414440015
9008,0.050169221600993893
9009,0.05007859307039341
9010,0.04998812825631666
9011,0.04989782686301682
9012,0.049807688595281306
9013,0.04971771315843085
9014,0.04962790025831849
9015,0.04953824960132863
9016,0.049448760894376095
9017,0.049359433844905126
9018,0.049270268160888475
9019,0.04918126355082643
9020,0.04909241972374584
9021,0.04900373638919921
9022,0.0489152132572637
9023,0.04882685003854023
9024,0.04873864644415249
9025,0.04865060218574601
9026,0.04856271697548723
9027,0.04847499052606254
9028,0.048387422550677364
9029,0.04830001276305519
9030,0.04821276087743667
9031,0.04812566660857866
9032,0.04803872967175327
9033,0.047951949782747014
9034,0.04786532665785977
9035,0.047778860013903954
9036,0.047692549568203506
9037,0.04760639503859304
9038,0.047520396143416875
9039,0.04743455260152813
9040,0.04734886413228781
9041,0.04726333045556387
9042,0.04717795129173032
9043,0.04709272636166631
9044,0.04700765538675519
9045,0.04692273808888364
9046,0.04683797419044072
9047,0.046753363414317003
9048,0.04666890548390363
9049,0.04658460012309143
9050,0.04650044705627002
9051,0.046416446008326874
9052,0.04633259670464647
9053,0.04624889887110935
9054,0.046165352234091246
9055,0.04608195652046219
9056,0.045998711457585585
9057,0.045915616773317375
9058,0.04583267219600509
9059,0.04574987745448701
9060,0.045667232278091247
9061,0.04558473639663487
9062,0.04550238954042302
9063,0.045420191440248045
9064,0.04533814182738858
9065,0.045256240433608715
9066,0.04517448699115708
9067,0.045092881232766
9068,0.04501142289165061
9069,0.04493011170150796
9070,0.04484894739651618
9071,0.0447679297113336
9072,0.04468705838109786
9073,0.044606333141425085
9074,0.04452575372840898
9075,0.04444531987861999
9076,0.04436503132910445
9077,0.044284887817383684
9078,0.04420488908145318
9079,0.04412503485978174
9080,0.0440453248913106
9081,0.04396575891545258
9082,0.043886336672091256
9083,0.04380705790158008
9084,0.04372792234474154
9085,0.04364892974286635
9086,0.04357007983771252
9087,0.043491372371504605
9088,0.043412807086932806
9089,0.043334383727152134
9090,0.0432561020357816
9091,0.043177961756903326
9092,0.04309996263506177
9093,0.04302210441526284
9094,0.042944386842973095
9095,0.04286680966411888
9096,0.04278937262508551
9097,0.04271207547271647
9098,0.04263491795431255
9099,0.042557899817631015
9100,0.04248102081088481
9101,0.04240428068274173
9102,0.042327679182323566
9103,0.042251216059205336
9104,0.042174891063414426
9105,0.042098703945429784
9106,0.04202265445618111
9107,0.04194674234704805
9108,0.04187096736985935
9109,0.04179532927689209
9110,0.04171982782087084
9111,0.04164446275496685
9112,0.04156923383279728
9113,0.041494140808424354
9114,0.041419183436354576
9115,0.041344361471537916
9116,0.04126967466936703
9117,0.04119512278567645
9118,0.04112070557674175
9119,0.04104642279927882
9120,0.04097227421044301
9121,0.04089825956782837
9122,0.04082437862946683
9123,0.04075063115382744
9124,0.040677016899815566
9125,0.04060353562677209
9126,0.04053018709447264
9127,0.040456971063126804
9128,0.04038388729337733
9129,0.04031093554629936
9130,0.040238115583399646
9131,0.040165427166615766
9132,0.04009287005831535
9133,0.04002044402129529
9134,0.03994814881878098
9135,0.03987598421442556
9136,0.03980394997230908
9137,0.03973204585693779
9138,0.039660271633243364
9139,0.03958862706658209
9140,0.03951711192273414
9141,0.0394457259679028
9142,0.03937446896871369
9143,0.039303340692214014
9144,0.039232340905871806
9145,0.03916146937757514
9146,0.039090725875631414
9147,0.03902011016876654
9148,0.03894962202612424
9149,0.038879261217265246
9150,0.0388090275121666
9151,0.03873892068122083
9152,0.03866894049523529
9153,0.03859908672543131
9154,0.03852935914344353
9155,0.03845975752131911
9156,0.038390281631517004
9157,0.038320931246907206
9158,0.03825170614077001
9159,0.038182606086795266
9160,0.038113630859081656
9161,0.03804478023213592
9162,0.03797605398087217
9163,0.03790745188061111
9164,0.0378389737070793
9165,0.03777061923640849
9166,0.037702388245134784
9167,0.037634280510197994
9168,0.03756629580894088
9169,0.03749843391910841
9170,0.03743069461884706
9171,0.037363077686704056
9172,0.0372955829016267
9173,0.037228210042961576
9174,0.037160958890453906
9175,0.03709382922424677
9176,0.03702682082488041
9177,0.036959933473291524
9178,0.03689316695081254
9179,0.03682652103917088
9180,0.036759995520488295
9181,0.0366935901772801
9182,0.03662730479245449
9183,0.03656113914931183
9184,0.03649509303154396
9185,0.036429166223233445
9186,0.0363633585088529
9187,0.0362976696732643
9188,0.03623209950171824
9189,0.036166647779853255
9190,0.03610131429369511
9191,0.036036098829656124
9192,0.03597100117453443
9193,0.03590602111551331
9194,0.03584115844016049
9195,0.03577641293642745
9196,0.03571178439264872
9197,0.035647272597541205
9198,0.03558287734020347
9199,0.035518598410115065
9200,0.035454435597135854
9201,0.035390388691505285
9202,0.03532645748384175
9203,0.03526264176514187
9204,0.03519894132677982
9205,0.03513535596050666
9206,0.03507188545844963
9207,0.03500852961311148
9208,0.034945288217369815
9209,0.03488216106447638
9210,0.034819147948056406
9211,0.034756248662107934
9212,0.03469346300100114
9213,0.03463079075947765
9214,0.03456823173264989
9215,0.034505785716000416
9216,0.034443452505381215
9217,0.034381231897013066
9218,0.034319123687484875
9219,0.034257127673752996
9220,0.03419524365314057
9221,0.034133471423336864
9222,0.03407181078239662
9223,0.03401026152873937
9224,0.03394882346114881
9225,0.03388749637877211
9226,0.03382628008111928
9227,0.0337651743680625
9228,0.03370417903983548
9229,0.0336432938970328
9230,0.033582518740609246
9231,0.033521853371879184
9232,0.033461297592515885
9233,0.0334008512045509
9234,0.033340514010373384
9235,0.033280285812729495
9236,0.0332201664147217
9237,0.033160155619808146
9238,0.03310025323180205
9239,0.03304045905487102
9240,0.03298077289353642
9241,0.03292119455267274
9242,0.03286172383750697
9243,0.032802360553617925
9244,0.032743104506935655
9245,0.03268395550374078
9246,0.032624913350663864
9247,0.03256597785468479
9248,0.03250714882313212
9249,0.032448426063682465
9250,0.03238980938435986
9251,0.03233129859353515
9252,0.03227289349992534
9253,0.03221459391259297
9254,0.03215639964094552
9255,0.03209831049473475
9256,0.032040326284056106
9257,0.03198244681934808
9258,0.0319246719113916
9259,0.03186700137130942
9260,0.03180943501056548
9261,0.03175197264096432
9262,0.03169461407465042
9263,0.03163735912410764
9264,0.03158020760215855
9265,0.03152315932196389
9266,0.03146621409702187
9267,0.03140937174116764
9268,0.03135263206857264
9269,0.031295994893743996
9270,0.03123946003152393
9271,0.03118302729708913
9272,0.031126696505950166
9273,0.031070467473950883
9274,0.031014340017267793
9275,0.030958313952409472
9276,0.030902389096215975
9277,0.030846565265858224
9278,0.030790842278837407
9279,0.0307352199529844
9280,0.030679698106459152
9281,0.0306242765577501
9282,0.03056895512567357
9283,0.030513733629373197
9284,0.03045861188831932
9285,0.030403589722308395
9286,0.030348666951462412
9287,0.0302938433962283
9288,0.030239118877377347
9289,0.030184493216004603
9290,0.03012996623352831
9291,0.030075537751689304
9292,0.03002120759255044
9293,0.02996697557849601
9294,0.029912841532231164
9295,0.02985880527678132
9296,0.029804866635491596
9297,0.029751025432026235
9298,0.029697281490368016
9299,0.029643634634817687
9300,0.02959008468999339
9301,0.02953663148083009
9302,0.029483274832578996
9303,0.02943001457080699
9304,0.02937685052139606
9305,0.029323782510542743
9306,0.029270810364757528
9307,0.029217933910864316
9308,0.02916515297599984
9309,0.0291124673876131
9310,0.029059876973464807
9311,0.02900738156162681
9312,0.028954980980481545
9313,0.02890267505872146
9314,0.02885046362534847
9315,0.028798346509673386
9316,0.02874632354131536
9317,0.028694394550201337
9318,0.028642559366565488
9319,0.028590817820948654
9320,0.0285391697441978
9321,0.028487614967465463
9322,0.028436153322209192
9323,0.028384784640190997
9324,0.02833350875347681
9325,0.02828232549443592
9326,0.028231234695740442
9327,0.028180236190364756
9328,0.028129329811584967
9329,0.028078515392978367
9330,0.028027792768422873
9331,0.027977161772096498
9332,0.02792662223847681
9333,0.027876174002340378
9334,0.02782581689876225
9335,0.02777555076311539
9336,0.027725375431070166
9337,0.027675290738593795
9338,0.027625296521949817
9339,0.027575392617697547
9340,0.027525578862691552
9341,0.02747585509408112
9342,0.027426221149309708
9343,0.02737667686611444
9344,0.02732722208252555
9345,0.02727785663686587
9346,0.027228580367750287
9347,0.027179393114085234
9348,0.027130294715068143
9349,0.027081285010186935
9350,0.027032363839219486
9351,0.026983531042233104
9352,0.026934786459584015
9353,0.02688612993191683
9354,0.026837561300164032
9355,0.026789080405545448
9356,0.026740687089567738
9357,0.02669238119402387
9358,0.02664416256099261
9359,0.026596031032838
9360,0.026547986452208842
9361,0.026500028662038193
9362,0.02645215750554284
9363,0.026404372826222794
9364,0.026356674467860775
9365,0.026309062274521698
9366,0.02626153609055218
9367,0.026214095760580005
9368,0.026166741129513643
9369,0.02611947204254172
9370,0.026072288345132533
9371,0.02602518988303352
9372,0.02597817650227078
9373,0.025931248049148554
9374,0.02588440437024873
9375,0.025837645312430345
9376,0.025790970722829067
9377,0.025744380448856713
9378,0.025697874338200744
9379,0.025651452238823768
9380,0.025605113998963036
9381,0.02555885946712996
9382,0.0255126884921096
9383,0.025466600922960197
9384,0.02542059660901264
9385,0.025374675399870004
9386,0.025328837145407058
9387,0.02528308169576975
9388,0.025237408901374745
9389,0.025191818612908923
9390,0.025146310681328884
9391,0.025100884957860475
9392,0.025055541293998295
9393,0.025010279541505212
9394,0.024965099552411878
9395,0.024920001179016247
9396,0.024874984273883086
9397,0.0248300486898435
9398,0.024785194279994444
9399,0.02474042089769826
9400,0.024695728396582167
9401,0.024651116630537814
9402,0.02460658545372078
9403,0.024562134720550112
9404,0.024517764285707837
9405,0.024473474004138497
9406,0.024429263731048666
9407,0.024385133321906484
9408,0.024341082632441183
9409,0.02429711151864261
9410,0.024253219836760768
9411,0.024209407443305325
9412,0.02416567419504517
9413,0.024122019949007922
9414,0.024078444562479488
9415,0.024034947893003568
9416,0.02399152979838121
9417,0.023948190136670336
9418,0.02390492876618528
9419,0.023861745545496332
9420,0.02381864033342926
9421,0.023775612989064856
9422,0.023732663371738485
9423,0.023689791341039608
9424,0.02364699675681134
9425,0.023604279479149975
9426,0.023561639368404545
9427,0.023519076285176348
9428,0.023476590090318505
9429,0.023434180644935496
9430,0.023391847810382713
9431,0.023349591448266004
9432,0.023307411420441213
9433,0.023265307589013746
9434,0.023223279816338104
9435,0.023181327965017436
9436,0.023139451897903097
9437,0.023097651478094193
9438,0.023055926568937138
9439,0.0230142770340252
9440,0.022972702737198064
9441,0.02293120354254138
9442,0.022889779314386325
9443,0.022848429917309152
9444,0.022807155216130755
9445,0.02276595507591622
9446,0.022724829361974386
9447,0.022683777939857413
9448,0.022642800675360324
9449,0.02260189743452059
9450,0.02256106808361767
9451,0.022520312489172585
9452,0.022479630517947484
9453,0.0224390220369452
9454,0.022398486913408823
9455,0.02235802501482126
9456,0.022317636208904805
9457,0.02227732036362071
9458,0.022237077347168743
9459,0.022196907027986768
9460,0.02215680927475031
9461,0.022116783956372118
9462,0.022076830942001757
9463,0.02203695010102516
9464,0.02199714130306421
9465,0.021957404417976313
9466,0.021917739315853974
9467,0.021878145867024364
9468,0.02183862394204891
9469,0.02179917341172286
9470,0.02175979414707486
9471,0.02172048601936655
9472,0.021681248900092123
9473,0.021642082660977904
9474,0.021602987173981954
9475,0.02156396231129363
9476,0.021525007945333165
9477,0.02148612394875127
9478,0.02144731019442871
9479,0.021408566555475874
9480,0.021369892905232377
9481,0.02133128911726664
9482,0.02129275506537548
9483,0.021254290623583687
9484,0.02121589566614363
9485,0.021177570067534828
9486,0.021139313702463552
9487,0.021101126445862407
9488,0.02106300817288993
9489,0.021024958758930172
9490,0.02098697807959231
9491,0.020949066010710213
9492,0.020911222428342063
9493,0.02087344720876993
9494,0.02083574022849938
9495,0.020798101364259063
9496,0.020760530493000313
9497,0.020723027491896747
9498,0.020685592238343865
9499,0.020648224609958642
9500,0.020610924484579136
9501,0.020573691740264088
9502,0.020536526255292512
9503,0.020499427908163313
9504,0.02046239657759488
9505,0.020425432142524694
9506,0.020388534482108926
9507,0.02035170347572205
9508,0.020314939002956445
9509,0.020278240943621996
9510,0.02024160917774571
9511,0.020205043585571326
9512,0.020168544047558905
9513,0.02013211044438446
9514,0.020095742656939558
9515,0.020059440566330924
9516,0.020023204053880066
9517,0.019987033001122874
9518,0.019950927289809243
9519,0.019914886801902676
9520,0.019878911419579908
9521,0.019843001025230518
9522,0.01980715550145654
9523,0.01977137473107208
9524,0.01973565859710294
9525,0.01970000698278623
9526,0.019664419771569984
9527,0.019628896847112786
9528,0.019593438093283386
9529,0.019558043394160316
9530,0.01952271263403152
9531,0.019487445697393965
9532,0.019452242468953274
9533,0.01941710283362334
9534,0.01938202667652596
9535,0.01934701388299045
9536,0.019312064338553273
9537,0.019277177928957667
9538,0.01924235454015327
9539,0.01920759405829574
9540,0.019172896369746405
9541,0.019138261361071864
9542,0.01910368891904363
9543,0.019069178930637764
9544,0.019034731283034494
9545,0.019000345863617856
9546,0.01896602255997532
9547,0.01893176125989742
9548,0.018897561851377406
9549,0.018863424222610847
9550,0.018829348261995286
9551,0.018795333858129877
9552,0.018761380899815012
9553,0.01872748927605196
9554,0.018693658876042497
9555,0.018659889589188565
9556,0.018626181305091888
9557,0.018592533913553623
9558,0.018558947304573994
9559,0.018525421368351933
9560,0.018491955995284727
9561,0.018458551075967656
9562,0.01842520650119363
9563,0.018391922161952845
9564,0.01835869794943241
9565,0.018325533755016006
9566,0.018292429470283516
9567,0.01825938498701069
9568,0.018226400197168775
9569,0.018193474992924168
9570,0.01816060926663806
9571,0.018127802910866093
9572,0.018095055818357998
9573,0.01806236788205725
9574,0.018029738995100714
9575,0.017997169050818305
9576,0.01796465794273263
9577,0.01793220556455864
9578,0.017899811810203288
9579,0.01786747657376518
9580,0.017835199749534233
9581,0.01780298123199131
9582,0.017770820915807905
9583,0.017738718695845774
9584,0.017706674467156607
9585,0.017674688124981672
9586,0.017642759564751486
9587,0.017610888682085463
9588,0.017579075372791575
9589,0.017547319532866014
9590,0.017515621058492848
9591,0.017483979846043687
9592,0.01745239579207734
9593,0.01742086879333948
9594,0.0173893987467623
9595,0.017357985549464185
9596,0.017326629098749366
9597,0.017295329292107597
9598,0.017264086027213806
9599,0.01723289920192777
9600,0.017201768714293773
9601,0.017170694462540284
9602,0.017139676345079617
9603,0.017108714260507595
9604,0.01707780810760323
9605,0.017046957785328377
9606,0.01701616319282742
9607,0.016985424229426935
9608,0.016954740794635347
9609,0.01692411278814263
9610,0.016893540109819954
9611,0.016863022659719375
9612,0.016832560338073493
9613,0.01680215304529514
9614,0.01677180068197704
9615,0.016741503148891505
9616,0.016711260346990085
9617,0.01668107217740326
9618,0.016650938541440116
9619,0.016620859340588018
9620,0.016590834476512294
9621,0.0165608638510559
9622,0.01653094736623912
9623,0.016501084924259224
9624,0.016471276427490165
9625,0.01644152177848225
9626,0.01641182087996183
9627,0.016382173634830965
9628,0.016352579946167133
9629,0.016323039717222886
9630,0.01629355285142555
9631,0.01626411925237691
9632,0.016234738823852887
9633,0.016205411469803224
9634,0.016176137094351176
9635,0.0161469156017932
9636,0.016117746896598627
9637,0.016088630883409373
9638,0.016059567467039605
9639,0.016030556552475442
9640,0.016001598044874638
9641,0.015972691849566283
9642,0.01594383787205048
9643,0.01591503601799804
9644,0.015886286193250186
9645,0.015857588303818223
9646,0.015828942255883247
9647,0.015800347955795838
9648,0.015771805310075743
9649,0.01574331422541158
9650,0.015714874608660532
9651,0.015686486366848034
9652,0.015658149407167483
9653,0.015629863636979924
9654,0.01560162896381375
9655,0.015573445295364401
9656,0.01554531253949406
9657,0.01551723060423135
9658,0.015489199397771044
9659,0.01546121882847375
9660,0.015433288804865624
9661,0.015405409235638061
9662,0.015377580029647404
9663,0.015349801095914642
9664,0.015322072343625114
9665,0.015294393682128211
9666,0.015266765020937082
9667,0.015239186269728333
9668,0.015211657338341742
9669,0.01518417813677995
9670,0.015156748575208177
9671,0.01512936856395393
9672,0.0151020380135067
9673,0.015074756834517675
9674,0.015047524937799452
9675,0.015020342234325738
9676,0.014993208635231063
9677,0.014966124051810487
9678,0.014939088395519315
9679,0.014912101577972802
9680,0.014885163510945865
9681,0.014858274106372799
9682,0.014831433276346983
9683,0.014804640933120597
9684,0.014777896989104335
9685,0.014751201356867114
9686,0.014724553949135792
9687,0.014697954678794886
9688,0.014671403458886277
9689,0.014644900202608939
9690,0.014618444823318644
9691,0.014592037234527684
9692,0.014565677349904587
9693,0.014539365083273836
9694,0.014513100348615585
9695,0.014486883060065382
9696,0.014460713131913881
9697,0.01443459047860657
9698,0.014408515014743484
9699,0.014382486655078934
9700,0.01435650531452122
9701,0.014330570908132358
9702,0.0143046833511278
9703,0.014278842558876159
9704,0.014253048446898928
9705,0.014227300930870209
9706,0.014201599926616435
9707,0.014175945350116096
9708,0.014150337117499462
9709,0.01412477514504831
9710,0.014099259349195647
9711,0.014073789646525448
9712,0.014048365953772367
9713,0.014022988187821479
9714,0.013997656265708001
9715,0.013972370104617023
9716,0.013947129621883233
9717,0.013921934734990656
9718,0.013896785361572373
9719,0.01387168141941026
9720,0.013846622826434717
9721,0.013821609500724398
9722,0.013796641360505945
9723,0.013771718324153718
9724,0.013746840310189534
9725,0.013722007237282393
9726,0.01369721902424822
9727,0.013672475590049592
9728,0.013647776853795479
9729,0.013623122734740974
9730,0.013598513152287035
9731,0.013573948025980219
9732,0.013549427275512416
9733,0.013524950820720591
9734,0.01350051858158652
9735,0.013476130478236528
9736,0.01345178643094123
9737,0.013427486360115265
9738,0.013403230186317042
9739,0.01337901783024848
9740,0.01335484921275474
9741,0.01333072425482398
9742,0.013306642877587085
9743,0.013282605002317417
9744,0.013258610550430549
9745,0.01323465944348402
9746,0.013210751603177065
9747,0.013186886951350374
9748,0.01316306540998582
9749,0.013139286901206217
9750,0.013115551347275062
9751,0.013091858670596276
9752,0.013068208793713957
9753,0.013044601639312122
9754,0.013021037130214455
9755,0.012997515189384058
9756,0.012974035739923196
9757,0.012950598705073046
9758,0.012927204008213447
9759,0.012903851572862649
9760,0.012880541322677063
9761,0.012857273181451011
9762,0.012834047073116478
9763,0.012810862921742862
9764,0.012787720651536725
9765,0.012764620186841548
9766,0.012741561452137484
9767,0.012718544372041106
9768,0.012695568871305168
9769,0.01267263487481835
9770,0.01264974230760502
9771,0.012626891094824986
9772,0.012604081161773252
9773,0.012581312433879773
9774,0.01255858483670921
9775,0.01253589829596069
9776,0.012513252737467562
9777,0.012490648087197152
9778,0.012468084271250525
9779,0.012445561215862239
9780,0.012423078847400106
9781,0.012400637092364953
9782,0.01237823587739038
9783,0.01235587512924252
9784,0.012333554774819797
9785,0.012311274741152694
9786,0.012289034955403509
9787,0.012266835344866117
9788,0.012244675836965735
9789,0.01222255635925868
9790,0.012200476839432142
9791,0.012178437205303932
9792,0.012156437384822263
9793,0.012134477306065502
9794,0.012112556897241942
9795,0.012090676086689562
9796,0.012068834802875796
9797,0.012047032974397298
9798,0.012025270529979712
9799,0.012003547398477433
9800,0.01198186350887338
9801,0.011960218790278759
9802,0.011938613171932833
9803,0.011917046583202695
9804,0.01189551895358303
9805,0.011874030212695886
9806,0.011852580290290451
9807,0.011831169116242816
9808,0.011809796620555747
9809,0.011788462733358455
9810,0.011767167384906374
9811,0.011745910505580926
9812,0.011724692025889296
9813,0.011703511876464205
9814,0.011682369988063683
9815,0.011661266291570844
9816,0.011640200717993656
9817,0.011619173198464719
9818,0.01159818366424104
9819,0.011577232046703807
9820,0.011556318277358165
9821,0.011535442287832992
9822,0.011514604009880674
9823,0.011493803375376884
9824,0.01147304031632036
9825,0.011452314764832681
9826,0.011431626653158044
9827,0.011410975913663045
9828,0.011390362478836456
9829,0.011369786281289007
9830,0.011349247253753162
9831,0.011328745329082901
9832,0.0113082804402535
9833,0.011287852520361316
9834,0.01126746150262356
9835,0.011247107320378084
9836,0.011226789907083165
9837,0.011206509196317282
9838,0.011186265121778902
9839,0.011166057617286264
9840,0.011145886616777161
9841,0.011125752054308723
9842,0.011105653864057206
9843,0.011085591980317772
9844,0.011065566337504275
9845,0.01104557687014905
9846,0.011025623512902693
9847,0.011005706200533854
9848,0.01098582486792902
9849,0.010965979450092303
9850,0.010946169882145224
9851,0.010926396099326509
9852,0.010906658036991868
9853,0.010886955630613792
9854,0.010867288815781338
9855,0.010847657528199913
9856,0.010828061703691076
9857,0.010808501278192318
9858,0.01078897618775686
9859,0.010769486368553433
9860,0.010750031756866084
9861,0.010730612289093956
9862,0.010711227901751084
9863,0.010691878531466189
9864,0.010672564114982469
9865,0.010653284589157394
9866,0.010634039890962496
9867,0.010614829957483167
9868,0.01059565472591845
9869,0.010576514133580836
9870,0.010557408117896058
9871,0.01053833661640289
9872,0.010519299566752932
9873,0.010500296906710421
9874,0.010481328574152017
9875,0.010462394507066604
9876,0.010443494643555084
9877,0.01042462892183018
9878,0.01040579728021623
9879,0.010386999657148987
9880,0.010368235991175416
9881,0.010349506220953495
9882,0.010330810285252014
9883,0.010312148122950374
9884,0.010293519673038386
9885,0.010274924874616077
9886,0.010256363666893486
9887,0.010237835989190463
9888,0.010219341780936479
9889,0.01020088098167042
9890,0.010182453531040393
9891,0.010164059368803529
9892,0.010145698434825783
9893,0.010127370669081743
9894,0.010109076011654427
9895,0.010090814402735092
9896,0.010072585782623036
9897,0.010054390091725405
9898,0.010036227270556997
9899,0.010018097259740065
9900,0.010000000000004127
