iteration,best_cost,incumbent_cost
0,46770347,46770347
1,34831344,34831344
2,34831344,34831344
3,34831344,34831344
4,34831344,35060482
5,34121523,34121523
6,34121523,34171779
7,34109282,34109282
8,33861157,33861157
9,33859658,33859658
10,33859658,33859658
11,33859658,33859658
12,33859658,34016743
13,33859658,33972825
14,33859658,33972825
15,33843833,33843833
16,33768708,33768708
17,33768708,33768708
18,33768708,33768708
19,33768708,33768708
20,33768708,33768708
21,33645349,33645349
22,33645349,33645349
23,33645349,33645349
24,33480378,33480378
25,33380537,33380537
26,33380537,33380537
27,33372103,33372103
28,33246165,33246165
29,33229993,33229993
30,32581482,32581482
31,32581482,32581482
32,31955855,31955855
33,31955855,32307434
34,31955855,32307434
35,31955855,32307434
36,31955855,32298180
37,31955855,32298180
38,31955855,32298180
39,31955855,32298180
40,31955855,32298180
41,31955855,32289545
42,31955855,32105724
43,31955855,32105724
44,31955855,32054340
45,31955855,32054340
46,31955855,32293336
47,31955855,32420040
48,31955855,32297228
49,31955855,32005866
50,31702558,31702558
51,31377061,31377061
52,31273433,31273433
53,31273433,31273433
54,31273433,31273433
55,31273433,31273433
56,31086560,31086560
57,31086560,31086560
58,31086560,31218067
59,31086560,31187263
60,31086560,31149605
61,30673553,30673553
62,30673553,30673553
63,30650406,30650406
64,30605336,30605336
65,30605336,30605336
66,30605336,30605336
67,30589949,30589949
68,30589949,30594766
69,30589949,30594451
70,30448355,30448355
71,30386623,30386623
72,30304372,30304372
73,30228905,30228905
74,30209651,30209651
75,30209651,30209651
76,30209651,30209651
77,30209651,30220092
78,30168497,30168497
79,30080589,30080589
80,30020474,30020474
81,29736490,29736490
82,29736490,30133091
83,29681377,29681377
84,29681377,29681377
85,29681377,29692470
86,29681377,29788638
87,29681377,29895178
88,29681377,29866591
89,29350792,29350792
90,29274710,29274710
91,28946956,28946956
92,28888810,28888810
93,28888810,28923020
94,28888810,28923020
95,28888810,28896895
96,28363014,28363014
97,28278499,28278499
98,28250440,28250440
99,28217262,28217262
100,27816228,27816228
101,27575560,27575560
102,27575560,28791369
103,27575560,28535272
104,27575560,28471244
105,27575560,28445635
106,27575560,28333798
107,27575560,28333798
108,27575560,28220793
109,27575560,28220793
110,27575560,28220793
111,27575560,28215704
112,27575560,27768905
113,27575560,27768905
114,27575560,27723688
115,27575560,27712411
116,27575560,27621600
117,27575560,27621600
118,27508657,27508657
119,27508657,27573748
120,27508657,27612560
121,27508657,27579964
122,27508657,27579964
123,27508657,27579964
124,27203313,27203313
125,27203313,27203313
126,27203313,27203313
127,26799932,26799932
128,26799932,26941652
129,26799932,26941652
130,26701566,26701566
131,26624148,26624148
132,26624148,26624148
133,26581458,26581458
134,26524683,26524683
135,26522336,26522336
136,25863857,25863857
137,25803549,25803549
138,25803549,25803549
139,25803549,25803549
140,25803549,25803549
141,25798754,25798754
142,25798754,25798754
143,25798754,25798754
144,25739042,25739042
145,25714112,25714112
146,25051136,25051136
147,25051136,25051136
148,24830834,24830834
149,24830834,24830834
150,24830834,24830834
151,24783622,24783622
152,24761510,24761510
153,24760188,24760188
154,24738284,24738284
155,24738284,24738284
156,24738284,24738284
157,24548217,24548217
158,24548217,24548217
159,24529508,24529508
160,24529508,24574096
161,24529508,24628036
162,24529508,24628036
163,24529508,24541329
164,24526740,24526740
165,24526740,24526740
166,24521543,24521543
167,24521543,24521543
168,24521543,24521543
169,24200405,24200405
170,24200405,24200405
171,24194620,24194620
172,24163401,24163401
173,24163401,24163401
174,24163401,24163401
175,24163401,24210496
176,24085021,24085021
177,24085021,24085021
178,24085021,24085021
179,23888407,23888407
180,23418948,23418948
181,22981374,22981374
182,22971058,22971058
183,22971058,22971058
184,22971058,22971058
185,22971058,23027198
186,22549451,22549451
187,22549451,22549451
188,22475540,22475540
189,21861343,21861343
190,21828265,21828265
191,21828265,21828265
192,21828265,21828265
193,21828265,21828265
194,21679219,21679219
195,21679219,21679219
196,21304909,21304909
197,21233220,21233220
198,21233220,21233220
199,21233220,21233220
200,20944958,20944958
201,20944958,21085227
202,20944958,21006528
203,20823740,20823740
204,20823740,20848213
205,20823740,20848213
206,20418606,20418606
207,20405984,20405984
208,20405984,20405984
209,20405984,20405984
210,20298893,20298893
211,19905567,19905567
212,19905567,19905567
213,19830643,19830643
214,19830643,19830643
215,19830643,19830643
216,19830643,19830643
217,19830643,19830643
218,19718396,19718396
219,19688667,19688667
220,19579060,19579060
221,19577717,19577717
222,19390105,19390105
223,19026431,19026431
224,19026431,19026431
225,18779782,18779782
226,18161108,18161108
227,18161108,18161108
228,18161108,18310502
229,18161108,18483468
230,18161108,18420628
231,18161108,18420628
232,18161108,18397729
233,18161108,18397729
234,18161108,18404316
235,18161108,18399664
236,17980984,17980984
237,17980984,18021248
238,17976601,17976601
239,17846003,17846003
240,17846003,17846003
241,17755406,17755406
242,17755406,17755406
243,17755406,17755406
244,17669606,17669606
245,17643726,17643726
246,17643726,17643726
247,17643726,17643726
248,17643726,17643726
249,17643726,17939660
250,17643726,17941417
251,17643726,17941417
252,17522259,17522259
253,17493371,17493371
254,17203670,17203670
255,17203670,17754446
256,17203670,17754447
257,17203670,17754447
258,17203670,17773035
259,17203670,17752404
260,17203670,17674367
261,17203670,17546463
262,17203670,17543254
263,17203670,17542419
264,16894467,16894467
265,16651127,16651127
266,16651127,16651127
267,16651127,16711897
268,16036899,16036899
269,15935453,15935453
270,15935453,15935453
271,15935453,15935453
272,15935453,15944305
273,15935453,15944305
274,15784576,15784576
275,15784576,15784576
276,15784576,15784576
277,15784576,15784576
278,15784576,15784576
279,15760343,15760343
280,15760343,15760343
281,15723833,15723833
282,15723833,15723833
283,15146999,15146999
284,15146999,15146999
285,15146999,15146999
286,15146999,15146999
287,14946091,14946091
288,14946091,14946091
289,14747048,14747048
290,14747048,14747048
291,14644877,14644877
292,14644877,14644877
293,14400012,14400012
294,14400012,14400012
295,14400012,14400012
296,14400012,14400012
297,14350582,14350582
298,14350582,14350582
299,14350582,14350582
300,14350582,14350582
301,14350582,14350582
302,14350582,14350582
303,14321149,14321149
304,14321149,14321149
305,14321149,14382856
306,14321149,14382856
307,14321149,14382856
308,14321149,14382856
309,14321149,14382856
310,14321149,14347022
311,14321149,14347022
312,14321149,14347022
313,14321149,14344094
314,14321149,14344094
315,14321149,14380873
316,14321149,14380873
317,14321149,14323855
318,14321149,14323855
319,14321149,14417840
320,14321149,14417840
321,14321149,14389379
322,14321149,14389379
323,14321149,14389379
324,14321149,14389379
325,14168332,14168332
326,14168332,14168332
327,14168332,14168332
328,14168332,14168332
329,14168332,14168332
330,14141749,14141749
331,14141749,14141749
332,14141749,14141749
333,13917884,13917884
334,13917884,13917884
335,13917884,13990607
336,13917884,13990607
337,13917884,14014112
338,13917884,13963584
339,13871673,13871673
340,13871673,13871673
341,13804797,13804797
342,13804797,13841358
343,13804797,13841358
344,13804797,13841358
345,13804797,13841358
346,13689053,13689053
347,13689053,13689053
348,13689053,13689053
349,13689053,14019076
350,13689053,14019076
351,13689053,14019076
352,13689053,14019076
353,13689053,14019076
354,13689053,14019076
355,13689053,14019076
356,13689053,14058769
357,13689053,14058263
358,13689053,14058382
359,13689053,14058382
360,13689053,14052593
361,13689053,13950198
362,13689053,13950198
363,13689053,13950198
364,13689053,13946382
365,13689053,14098219
366,13689053,14098219
367,13689053,14098219
368,13689053,14098219
369,13689053,14071581
370,13689053,14081342
371,13689053,14081342
372,13689053,14071581
373,13689053,14074200
374,13689053,14074200
375,13689053,14074200
376,13689053,13753041
377,13689053,13742939
378,13689053,13742939
379,13689053,13742939
380,13689053,13742939
381,13689053,13742939
382,13689053,13720704
383,13689053,13720704
384,13689053,13720704
385,13689053,13735292
386,13689053,13745053
387,13689053,13745053
388,13689053,13745053
389,13689053,13745053
390,13689053,13745053
391,13689053,13745053
392,13689053,13745053
393,13689053,13745053
394,13689053,13745053
395,13689053,13736212
396,13689053,13736212
397,13689053,13736212
398,13689053,13733769
399,13689053,13733769
400,13689053,13732997
401,13689053,13732997
402,13689053,13732997
403,13689053,13732997
404,13689053,13732997
405,13689053,13732997
406,13689053,13732997
407,13689053,13732997
408,13689053,13732997
409,13689053,13732997
410,13689053,13711195
411,13689053,13711195
412,13689053,13711195
413,13689053,13711195
414,13689053,13711195
415,13689053,13711195
416,13689053,13711195
417,13689053,13711195
418,13689053,13772330
419,13689053,13772330
420,13689053,13826907
421,13689053,13826907
422,13689053,13892931
423,13689053,13892931
424,13689053,13866408
425,13689053,13866408
426,13689053,13866408
427,13689053,13866408
428,13689053,13776749
429,13689053,13776749
430,13689053,13776749
431,13689053,13776749
432,13689053,13776749
433,13689053,13776749
434,13689053,13776749
435,13689053,13732475
436,13689053,13732475
437,13649972,13649972
438,13649972,13649972
439,13649972,13649972
440,13649972,13649972
441,13649972,13649972
442,13649972,13649972
443,13649972,13658575
444,13649972,13658575
445,13649972,13658575
446,13649972,13658575
447,13649972,13658575
448,13649972,13658575
449,13649972,13658575
450,13649972,13683011
451,13649972,13683011
452,13649972,13683011
453,13649972,13683011
454,13649972,13683011
455,13649972,13683011
456,13649972,13683011
457,13649972,13683011
458,13649972,13709753
459,13649972,13709753
460,13649972,13709753
461,13649972,13709753
462,13649972,13709753
463,13613972,13613972
464,13613972,13656491
465,13613972,13656491
466,13613972,13656491
467,13613972,13629228
468,13613972,13629228
469,13613972,13629228
470,13613972,13658440
471,13613972,13658440
472,13613972,13658440
473,13613972,13668211
474,13613972,13668211
475,13613972,13668211
476,13613972,13668211
477,13609903,13609903
478,13609903,13609903
479,13609903,13609903
480,13609903,13609903
481,13609903,13609903
482,13609903,13609903
483,13609903,13609903
484,13609903,13609903
485,13609903,13697654
486,13609903,14460432
487,13609903,14460432
488,13609903,14460432
489,13609903,14460432
490,13609903,14460432
491,13609903,14433690
492,13609903,14433690
493,13609903,14433690
494,13609903,14433690
495,13609903,14433690
496,13609903,14529996
497,13609903,14634639
498,13609903,14550387
499,13609903,14482688
500,13609903,14482688
501,13609903,14482688
502,13609903,14780061
503,13609903,14780061
504,13609903,14780061
505,13609903,14780061
506,13609903,14758492
507,13609903,14467831
508,13609903,14467831
509,13609903,14467831
510,13609903,14467831
511,13609903,14467831
512,13609903,14487299
513,13609903,14487299
514,13609903,14487299
515,13609903,14487299
516,13609903,14487299
517,13609903,14487299
518,13609903,14487299
519,13609903,14487299
520,13609903,14487299
521,13609903,14450618
522,13609903,14450618
523,13609903,14450618
524,13609903,14153175
525,13609903,14153175
526,13609903,14153175
527,13609903,14173552
528,13609903,14124554
529,13609903,14107684
530,13609903,14107684
531,13609903,14107684
532,13609903,14172434
533,13609903,14172434
534,13609903,14172434
535,13609903,14172434
536,13609903,14376515
537,13609903,14376515
538,13609903,14328927
539,13609903,14328927
540,13609903,14339355
541,13609903,14472177
542,13609903,14658714
543,13609903,14587321
544,13609903,14587321
545,13609903,14924739
546,13609903,14802365
547,13609903,14802365
548,13609903,14802365
549,13609903,14732347
550,13609903,14732347
551,13609903,14732347
552,13609903,14752605
553,13609903,14752605
554,13609903,14752605
555,13609903,14752605
556,13609903,14753914
557,13609903,14733658
558,13609903,14733658
559,13609903,14733658
560,13609903,14756298
561,13609903,14743923
562,13609903,14743923
563,13609903,14816276
564,13609903,14753044
565,13609903,14752841
566,13609903,14271311
567,13609903,14271311
568,13609903,14271311
569,13609903,14271311
570,13609903,14180303
571,13609903,14180303
572,13609903,14147595
573,13609903,14147595
574,13609903,14147595
575,13609903,14229742
576,13609903,14229742
577,13609903,14229742
578,13609903,14229742
579,13609903,14137734
580,13609903,14500610
581,13609903,14500610
582,13609903,14500610
583,13609903,14500610
584,13609903,14500610
585,13609903,14330281
586,13609903,14266004
587,13609903,14266004
588,13609903,14266004
589,13609903,14266004
590,13609903,14131629
591,13609903,14131629
592,13609903,14131629
593,13609903,14131629
594,13609903,14222637
595,13609903,14222637
596,13609903,14222637
597,13609903,14222637
598,13609903,14222637
599,13609903,14192912
600,13609903,13916121
601,13609903,13916121
602,13609903,13876490
603,13609903,13832924
604,13609903,13832923
605,13609903,13869517
606,13609903,13796826
607,13609903,13796826
608,13609903,13784451
609,13609903,13784451
610,13609903,14360249
611,13609903,14360249
612,13609903,14360249
613,13609903,13846905
614,13609903,13846905
615,13609903,13846905
616,13609903,13846905
617,13609903,13852919
618,13609903,13852919
619,13609903,13852919
620,13609903,13852919
621,13609903,13853448
622,13609903,13897289
623,13609903,13897289
624,13609903,13897289
625,13609903,13837039
626,13609903,13893193
627,13609903,13893193
628,13609903,13893193
629,13609903,13893193
630,13609903,13893193
631,13609903,13893193
632,13609903,13888478
633,13609903,13888478
634,13609903,13888478
635,13609903,13888478
636,13609903,13803178
637,13609903,13803178
638,13609903,13803178
639,13609903,13803178
640,13609903,13803178
641,13609903,13803178
642,13609903,13803178
643,13609903,13816080
644,13609903,13816080
645,13609903,14239655
646,13609903,14239655
647,13609903,14239655
648,13609903,14154823
649,13609903,14069916
650,13609903,14069916
651,13609903,14069916
652,13609903,14069916
653,13609903,14069916
654,13609903,14069916
655,13609903,14069916
656,13609903,14069916
657,13609903,14069916
658,13609903,14027312
659,13609903,14177069
660,13609903,14177069
661,13609903,13796790
662,13609903,13796790
663,13609903,13796790
664,13609903,13799898
665,13609903,13799898
666,13609903,13799898
667,13609903,13799898
668,13609903,13799898
669,13609903,13799898
670,13609903,13862268
671,13609903,13862268
672,13609903,13862268
673,13609903,13890111
674,13609903,13890111
675,13609903,13823683
676,13609903,13815608
677,13609903,13782036
678,13609903,13782036
679,13609903,13799178
680,13609903,13756071
681,13609903,13731782
682,13609903,13731782
683,13609903,13731782
684,13609903,13832411
685,13609903,13832411
686,13609903,13846974
687,13609903,13810464
688,13609903,13810464
689,13609903,13810464
690,13609903,13810464
691,13609903,13810464
692,13609903,13810464
693,13609903,13753781
694,13609903,13753781
695,13609903,13753781
696,13609903,13753781
697,13609903,13753781
698,13609903,13753781
699,13609903,13753781
700,13609903,13753781
701,13609903,13711177
702,13609903,13711177
703,13609903,13711177
704,13609903,13711177
705,13609903,13696202
706,13609903,13696202
707,13609903,13696202
708,13609903,13696202
709,13609903,13696202
710,13609903,13696202
711,13609903,13696202
712,13609903,13696202
713,13609903,13694613
714,13609903,13694613
715,13609903,13694613
716,13609903,13694613
717,13609903,13694613
718,13609903,13663180
719,13609903,13663180
720,13609903,13669544
721,13609903,13721362
722,13609903,14190705
723,13609903,14190705
724,13609903,14175164
725,13609903,14257718
726,13609903,14257718
727,13609903,14257718
728,13609903,14344778
729,13609903,14344778
730,13609903,14344778
731,13609903,14344778
732,13609903,14407543
733,13609903,14560238
734,13609903,15096636
735,13609903,14974516
736,13609903,14295568
737,13609903,14295568
738,13609903,14295568
739,13609903,14295568
740,13609903,14295568
741,13609903,14295568
742,13609903,14295568
743,13609903,14295568
744,13609903,14295568
745,13609903,14295568
746,13609903,14165959
747,13609903,14165393
748,13609903,13991821
749,13609903,13966699
750,13609903,13966699
751,13609903,14543401
752,13609903,14633522
753,13609903,15079811
754,13609903,15049309
755,13609903,14757191
756,13609903,15194559
757,13609903,15194559
758,13609903,15187972
759,13609903,15202040
760,13609903,15202040
761,13609903,15202040
762,13609903,15202040
763,13609903,15095304
764,13609903,15047756
765,13609903,15047756
766,13609903,15047756
767,13609903,15047756
768,13609903,14859552
769,13609903,14798542
770,13609903,14798542
771,13609903,14798542
772,13609903,14864567
773,13609903,14864567
774,13609903,14864567
775,13609903,14864567
776,13609903,14756179
777,13609903,14756179
778,13609903,14756179
779,13609903,14756179
780,13609903,14653428
781,13609903,14653428
782,13609903,14653428
783,13609903,14653428
784,13609903,14653428
785,13609903,14757597
786,13609903,14757597
787,13609903,14757597
788,13609903,14757597
789,13609903,14757597
790,13609903,14751234
791,13609903,14644535
792,13609903,14720827
793,13609903,14640232
794,13609903,14579546
795,13609903,14579546
796,13609903,15347088
797,13609903,15347088
798,13609903,15325120
799,13609903,15325120
800,13609903,15325120
801,13609903,15217094
802,13609903,15217094
803,13609903,15217094
804,13609903,15217094
805,13609903,15340755
806,13609903,15306883
807,13609903,15306883
808,13609903,15057044
809,13609903,15030656
810,13609903,15004580
811,13609903,15004580
812,13609903,15004580
813,13609903,15004580
814,13609903,15004580
815,13609903,15004580
816,13609903,15004580
817,13609903,15004580
818,13609903,15004580
819,13609903,15067188
820,13609903,15035296
821,13609903,15012075
822,13609903,15012075
823,13609903,15012075
824,13609903,15012075
825,13609903,15012075
826,13609903,14982973
827,13609903,14982973
828,13609903,15138212
829,13609903,15138212
830,13609903,15138212
831,13609903,15138212
832,13609903,15138212
833,13609903,15138212
834,13609903,15096559
835,13609903,15096559
836,13609903,15096559
837,13609903,15096559
838,13609903,15096559
839,13609903,15097900
840,13609903,15097900
841,13609903,15097900
842,13609903,15096697
843,13609903,15096697
844,13609903,15096697
845,13609903,15107677
846,13609903,15107677
847,13609903,15107677
848,13609903,15107677
849,13609903,15107677
850,13609903,15094705
851,13609903,15033455
852,13609903,15010361
853,13609903,15010361
854,13609903,15025657
855,13609903,14972862
856,13609903,14952326
857,13609903,14952326
858,13609903,15202175
859,13609903,15202175
860,13609903,15202175
861,13609903,15114967
862,13609903,15114966
863,13609903,15246530
864,13609903,15246530
865,13609903,15246530
866,13609903,15185324
867,13609903,15185324
868,13609903,15185324
869,13609903,15185324
870,13609903,15614665
871,13609903,15614665
872,13609903,15614665
873,13609903,15614665
874,13609903,15614665
875,13609903,15614665
876,13609903,15614665
877,13609903,15652311
878,13609903,15652311
879,13609903,15652311
880,13609903,15631042
881,13609903,15629524
882,13609903,15629524
883,13609903,15427445
884,13609903,15427445
885,13609903,15384539
886,13609903,15384539
887,13609903,15384539
888,13609903,15460733
889,13609903,15460733
890,13609903,15460733
891,13609903,15277617
892,13609903,15310041
893,13609903,15263582
894,13609903,15202252
895,13609903,15202252
896,13609903,15152327
897,13609903,15152327
898,13609903,15487971
899,13609903,15469383
900,13609903,15469383
901,13609903,15468548
902,13609903,15400435
903,13609903,15400435
904,13609903,15400435
905,13609903,15400435
906,13609903,15456252
907,13609903,16128867
908,13609903,16128867
909,13609903,16189685
910,13609903,16189685
911,13609903,16189685
912,13609903,15931116
913,13609903,15882457
914,13609903,15888066
915,13609903,15888066
916,13609903,15888066
917,13609903,15888066
918,13609903,15887188
919,13609903,15957692
920,13609903,15957692
921,13609903,15957692
922,13609903,15924868
923,13609903,15924868
924,13609903,15924868
925,13609903,15960165
926,13609903,15960165
927,13609903,15409894
928,13609903,15409894
929,13609903,15409558
930,13609903,15409558
931,13609903,15275460
932,13609903,15140954
933,13609903,15089701
934,13609903,15089701
935,13609903,14993949
936,13609903,14993949
937,13609903,14993949
938,13609903,14995460
939,13609903,14995460
940,13609903,14995460
941,13609903,14995460
942,13609903,14995460
943,13609903,14911899
944,13609903,14911899
945,13609903,14911899
946,13609903,14911899
947,13609903,14911899
948,13609903,14911899
949,13609903,14911899
950,13609903,15005208
951,13609903,15005208
952,13609903,15005208
953,13609903,15005208
954,13609903,15027966
955,13609903,14956995
956,13609903,14956995
957,13609903,14956995
958,13609903,14956995
959,13609903,14956995
960,13609903,15045906
961,13609903,14981112
962,13609903,14981112
963,13609903,14981112
964,13609903,14983443
965,13609903,14983443
966,13609903,14989963
967,13609903,14989963
968,13609903,14989963
969,13609903,14989963
970,13609903,14989963
971,13609903,15584156
972,13609903,15584156
973,13609903,15596363
974,13609903,15537127
975,13609903,15537127
976,13609903,15537127
977,13609903,14115840
978,13609903,14620983
979,13609903,14873106
980,13609903,14345078
981,13609903,14106567
982,13609903,14133495
983,13609903,14318763
984,13609903,13849884
985,13609903,14105829
986,13609903,14370978
987,13609903,14002007
988,13609903,13853121
989,13609903,13765786
990,13609903,13835165
991,13609903,14080518
992,13609903,14385094
993,13609903,14531652
994,13609903,14514137
995,13609903,14252585
996,13609903,14429792
997,13609903,14188227
998,13447951,13447951
999,13447951,13447951
1000,13447951,13447951
1001,13447951,13447951
1002,13447951,13462635
1003,13447951,13462635
1004,13447951,13462635
1005,13411036,13411036
1006,13411036,13411036
1007,13411036,13411036
1008,13411036,13411036
1009,13411036,13411036
1010,13411036,13411036
1011,13411036,13411036
1012,13411036,13411036
1013,13411036,13411036
1014,13411036,13411036
1015,13411036,13411036
1016,13323270,13323270
1017,13223888,13223888
1018,13206692,13206692
1019,13206692,13206692
1020,13192008,13192008
1021,13192008,13192008
1022,13192008,13192008
1023,13050443,13050443
1024,13050443,13050443
1025,13050443,13050443
1026,13050443,13050443
1027,13050443,13117123
1028,13050443,13117123
1029,13050443,13102560
1030,13050443,13102560
1031,13050443,13102560
1032,13050443,13242852
1033,13050443,13242852
1034,13050443,13242852
1035,13050443,13242852
1036,13050443,13242852
1037,13050443,13350093
1038,13050443,13438750
1039,13050443,13438750
1040,13050443,13438750
1041,13050443,13438750
1042,13050443,13438750
1043,13050443,13389574
1044,13050443,13470074
1045,13050443,13470074
1046,13050443,13470074
1047,13050443,13525960
1048,13050443,13525960
1049,13050443,13599572
1050,13050443,13599572
1051,13050443,13599572
1052,13050443,13599572
1053,13050443,13819414
1054,13050443,13956956
1055,13050443,13993661
1056,13050443,13993661
1057,13050443,13993661
1058,13050443,13866456
1059,13050443,13866456
1060,13050443,13866456
1061,13050443,13866456
1062,13050443,13823502
1063,13050443,13823502
1064,13050443,14113604
1065,13050443,14113604
1066,13050443,14006215
1067,13050443,14006215
1068,13050443,13821686
1069,13050443,13821686
1070,13050443,13821686
1071,13050443,13821686
1072,13050443,13821686
1073,13050443,13821686
1074,13050443,13821686
1075,13050443,13774737
1076,13050443,13998798
1077,13050443,13998798
1078,13050443,13998798
1079,13050443,13998798
1080,13050443,13998798
1081,13050443,13998798
1082,13050443,13998798
1083,13050443,13998798
1084,13050443,13998798
1085,13050443,14196775
1086,13050443,14196775
1087,13050443,14196775
1088,13050443,14196775
1089,13050443,14196775
1090,13050443,14196775
1091,13050443,14072476
1092,13050443,14072476
1093,13050443,14000839
1094,13050443,14000839
1095,13050443,14089124
1096,13050443,14089124
1097,13050443,14075703
1098,13050443,14075703
1099,13050443,14075703
1100,13050443,14075703
1101,13050443,14075703
1102,13050443,14075703
1103,13050443,14075703
1104,13050443,14075703
1105,13050443,14075710
1106,13050443,14075710
1107,13050443,14075710
1108,13050443,14075710
1109,13050443,14075710
1110,13050443,14075710
1111,13050443,14075710
1112,13050443,14186658
1113,13050443,14186658
1114,13050443,14070877
1115,13050443,14031317
1116,13050443,14031317
1117,13050443,14031317
1118,13050443,14031317
1119,13050443,13658323
1120,13050443,13658323
1121,13050443,13658323
1122,13050443,13661111
1123,13050443,13661111
1124,13050443,13661111
1125,13050443,13661111
1126,13050443,14242215
1127,13050443,14242215
1128,13050443,14242215
1129,13050443,14242215
1130,13050443,14441233
1131,13050443,14441233
1132,13050443,14441233
1133,13050443,14441233
1134,13050443,14392948
1135,13050443,14392948
1136,13050443,14392948
1137,13050443,14392948
1138,13050443,14392948
1139,13050443,14392948
1140,13050443,14392948
1141,13050443,14371281
1142,13050443,14371281
1143,13050443,14371281
1144,13050443,14371281
1145,13050443,14401012
1146,13050443,14401012
1147,13050443,14401012
1148,13050443,14401012
1149,13050443,14401012
1150,13050443,14401012
1151,13050443,14401012
1152,13050443,14401012
1153,13050443,14341089
1154,13050443,14341089
1155,13050443,14341089
1156,13050443,14273822
1157,13050443,14285854
1158,13050443,14285854
1159,13050443,14285854
1160,13050443,14285854
1161,13050443,14285854
1162,13050443,14215221
1163,13050443,14036509
1164,13050443,14036509
1165,13050443,13995587
1166,13050443,13995587
1167,13050443,13995587
1168,13050443,13995587
1169,13050443,13995587
1170,13050443,13995587
1171,13050443,13995587
1172,13050443,13995587
1173,13050443,13951904
1174,13050443,13951904
1175,13050443,13951904
1176,13050443,13951904
1177,13050443,13951904
1178,13050443,13790412
1179,13050443,13790412
1180,13050443,13790412
1181,13050443,13790412
1182,13050443,13868051
1183,13050443,13868051
1184,13050443,13868051
1185,13050443,13789404
1186,13050443,13628734
1187,13050443,13628734
1188,13050443,14213427
1189,13050443,14206186
1190,13050443,14206186
1191,13050443,14206186
1192,13050443,14206186
1193,13050443,14206186
1194,13050443,14484979
1195,13050443,14484979
1196,13050443,14484979
1197,13050443,14430360
1198,13050443,14430360
1199,13050443,14289281
1200,13050443,14289281
1201,13050443,14289281
1202,13050443,14289281
1203,13050443,14289281
1204,13050443,14289281
1205,13050443,14277851
1206,13050443,14277851
1207,13050443,14277851
1208,13050443,14277851
1209,13050443,14277851
1210,13050443,14225104
1211,13050443,14265046
1212,13050443,14265046
1213,13050443,14226057
1214,13050443,14216303
1215,13050443,14216303
1216,13050443,14216303
1217,13050443,14300679
1218,13050443,14300679
1219,13050443,14300679
1220,13050443,14300679
1221,13050443,14300679
1222,13050443,14417569
1223,13050443,14488119
1224,13050443,14450437
1225,13050443,14450437
1226,13050443,14439457
1227,13050443,14439457
1228,13050443,14439457
1229,13050443,14439457
1230,13050443,14471536
1231,13050443,14471536
1232,13050443,14360977
1233,13050443,14360977
1234,13050443,14360977
1235,13050443,14360977
1236,13050443,14360977
1237,13050443,14360977
1238,13050443,14217863
1239,13050443,14216616
1240,13050443,14200091
1241,13050443,14200091
1242,13050443,14200091
1243,13050443,14200091
1244,13050443,14200091
1245,13050443,14226626
1246,13050443,14226626
1247,13050443,14217095
1248,13050443,14217095
1249,13050443,14217095
1250,13050443,14217095
1251,13050443,14217095
1252,13050443,14217095
1253,13050443,14162333
1254,13050443,14245039
1255,13050443,14245039
1256,13050443,14245039
1257,13050443,14261982
1258,13050443,14118547
1259,13050443,14118547
1260,13050443,14118547
1261,13050443,14118547
1262,13050443,14118547
1263,13050443,14102552
1264,13050443,14638111
1265,13050443,14638111
1266,13050443,14555281
1267,13050443,14555281
1268,13050443,14483157
1269,13050443,14483157
1270,13050443,14483157
1271,13050443,14483157
1272,13050443,14483157
1273,13050443,14483157
1274,13050443,14483157
1275,13050443,14483157
1276,13050443,14483157
1277,13050443,14483157
1278,13050443,14483157
1279,13050443,14483157
1280,13050443,14483157
1281,13050443,14573299
1282,13050443,14591432
1283,13050443,14591432
1284,13050443,14124907
1285,13050443,14124907
1286,13050443,14124907
1287,13050443,14124907
1288,13050443,14124907
1289,13050443,14124907
1290,13050443,14034694
1291,13050443,14034694
1292,13050443,14183862
1293,13050443,14183862
1294,13050443,14183862
1295,13050443,13598682
1296,13050443,13598682
1297,13050443,13638976
1298,13050443,13638976
1299,13050443,13527128
1300,13050443,13527128
1301,13050443,13408125
1302,13050443,13344091
1303,13050443,13344091
1304,13050443,13344091
1305,13050443,13344091
1306,13050443,13344091
1307,13050443,13434915
1308,13050443,13434915
1309,13050443,13434915
1310,13050443,13434915
1311,13050443,13371467
1312,13050443,13312274
1313,13050443,13312274
1314,13050443,13312274
1315,13050443,13285223
1316,13050443,13318553
1317,13050443,13318553
1318,13050443,13318553
1319,13050443,13218875
1320,13050443,13218875
1321,13050443,13116846
1322,12992545,12992545
1323,12922881,12922881
1324,12922881,12922881
1325,12909127,12909127
1326,12909127,13154528
1327,12909127,13154528
1328,12909127,13103772
1329,12909127,13282579
1330,12909127,13282579
1331,12909127,13314648
1332,12909127,13314648
1333,12909127,13314648
1334,12909127,13314648
1335,12909127,13314648
1336,12909127,13801604
1337,12909127,13801604
1338,12909127,13801604
1339,12909127,13801604
1340,12909127,13801604
1341,12909127,13801604
1342,12909127,13801604
1343,12909127,13801604
1344,12909127,13498563
1345,12909127,13498563
1346,12909127,13457037
1347,12909127,13457037
1348,12909127,13457037
1349,12909127,14266751
1350,12909127,14266751
1351,12909127,14266751
1352,12909127,14128762
1353,12909127,14103085
1354,12909127,14103085
1355,12909127,14103085
1356,12909127,14103085
1357,12909127,14103085
1358,12909127,14066418
1359,12909127,14066418
1360,12909127,14066418
1361,12909127,14066418
1362,12909127,14066418
1363,12909127,14066418
1364,12909127,14066418
1365,12909127,14066418
1366,12909127,14066418
1367,12909127,14027091
1368,12909127,14420078
1369,12909127,14420079
1370,12909127,14420079
1371,12909127,14420079
1372,12909127,14420079
1373,12909127,14367844
1374,12909127,14390973
1375,12909127,13907300
1376,12909127,13907300
1377,12909127,13807662
1378,12909127,13791262
1379,12909127,13791262
1380,12909127,13864494
1381,12909127,14341794
1382,12909127,14341794
1383,12909127,14341794
1384,12909127,14341794
1385,12909127,14326874
1386,12909127,14326874
1387,12909127,14326874
1388,12909127,14326874
1389,12909127,14326874
1390,12909127,14326874
1391,12909127,14319105
1392,12909127,14319105
1393,12909127,14287292
1394,12909127,14160283
1395,12909127,14873137
1396,12909127,14753785
1397,12909127,14753785
1398,12909127,14832936
1399,12909127,14820964
1400,12909127,14820964
1401,12909127,14342708
1402,12909127,14342708
1403,12909127,14342708
1404,12909127,14341334
1405,12909127,14204694
1406,12909127,14223299
1407,12909127,14223299
1408,12909127,14267426
1409,12909127,14371311
1410,12909127,14261937
1411,12909127,14261937
1412,12909127,14261937
1413,12909127,14246448
1414,12909127,14145833
1415,12909127,14145833
1416,12909127,14145833
1417,12909127,14181964
1418,12909127,14228347
1419,12909127,14228347
1420,12909127,14228347
1421,12909127,14228347
1422,12909127,14228347
1423,12909127,14225929
1424,12909127,14240973
1425,12909127,14193976
1426,12909127,14193976
1427,12909127,14193976
1428,12909127,14278842
1429,12909127,14278842
1430,12909127,14286350
1431,12909127,14286350
1432,12909127,14286350
1433,12909127,14115707
1434,12909127,14112846
1435,12909127,14007801
1436,12909127,13920475
1437,12909127,13920475
1438,12909127,13920475
1439,12909127,13920475
1440,12909127,13993777
1441,12909127,13838253
1442,12909127,13931707
1443,12909127,13931707
1444,12909127,13926505
1445,12909127,13926505
1446,12909127,13926505
1447,12909127,13754813
1448,12909127,13720452
1449,12909127,13575589
1450,12909127,13575589
1451,12909127,13575589
1452,12909127,13575589
1453,12909127,13575589
1454,12909127,13575589
1455,12909127,13575589
1456,12909127,13575589
1457,12909127,13575589
1458,12909127,13575589
1459,12909127,13575589
1460,12909127,13563724
1461,12909127,13564741
1462,12909127,13581209
1463,12909127,13345189
1464,12909127,13382156
1465,12909127,13382156
1466,12909127,13374853
1467,12909127,13374853
1468,12909127,13374853
1469,12909127,13374853
1470,12909127,13374853
1471,12909127,13374853
1472,12909127,13374853
1473,12909127,13374853
1474,12909127,13374853
1475,12909127,13374853
1476,12909127,13374853
1477,12909127,13502469
1478,12909127,13502469
1479,12909127,13498367
1480,12909127,13523400
1481,12909127,13523400
1482,12909127,13504560
1483,12909127,13504560
1484,12909127,13504560
1485,12909127,13504560
1486,12909127,13508042
1487,12909127,13508042
1488,12909127,13508042
1489,12909127,13508042
1490,12909127,13508042
1491,12909127,13508042
1492,12909127,13508042
1493,12909127,13508042
1494,12909127,13508042
1495,12909127,13508042
1496,12909127,13504265
1497,12909127,13919927
1498,12909127,14061422
1499,12909127,14034178
1500,12909127,14034178
1501,12909127,14034178
1502,12909127,14034178
1503,12909127,14034178
1504,12909127,13888881
1505,12909127,13827073
1506,12909127,13784042
1507,12909127,13784042
1508,12909127,13784042
1509,12909127,13784042
1510,12909127,13784042
1511,12909127,13784042
1512,12909127,13784042
1513,12909127,13784042
1514,12909127,13784042
1515,12909127,13784042
1516,12909127,13784042
1517,12909127,13831323
1518,12909127,13751907
1519,12909127,13751907
1520,12909127,13751907
1521,12909127,13751907
1522,12909127,13751907
1523,12909127,13751907
1524,12909127,13751907
1525,12909127,13751907
1526,12909127,13751907
1527,12909127,13751907
1528,12909127,13751907
1529,12909127,13751907
1530,12909127,13751907
1531,12909127,13739749
1532,12909127,13739749
1533,12909127,13739749
1534,12909127,13891202
1535,12909127,13878955
1536,12909127,13868971
1537,12909127,14549482
1538,12909127,14549482
1539,12909127,14462815
1540,12909127,14462815
1541,12909127,14462815
1542,12909127,14462815
1543,12909127,14462815
1544,12909127,14462815
1545,12909127,14462815
1546,12909127,14462815
1547,12909127,14462815
1548,12909127,14462815
1549,12909127,14462815
1550,12909127,14462815
1551,12909127,14482638
1552,12909127,14482638
1553,12909127,14482638
1554,12909127,14528151
1555,12909127,14528151
1556,12909127,14528151
1557,12909127,14541757
1558,12909127,14867055
1559,12909127,14867055
1560,12909127,14847143
1561,12909127,14847143
1562,12909127,14827581
1563,12909127,14813699
1564,12909127,14813699
1565,12909127,14813699
1566,12909127,14780447
1567,12909127,14780447
1568,12909127,14508006
1569,12909127,14508006
1570,12909127,14508006
1571,12909127,14508006
1572,12909127,14377697
1573,12909127,14349815
1574,12909127,14349815
1575,12909127,13718521
1576,12909127,13718521
1577,12909127,13718521
1578,12909127,13718521
1579,12909127,13718521
1580,12909127,13718521
1581,12909127,13718521
1582,12909127,13766345
1583,12909127,13757801
1584,12909127,13757801
1585,12909127,13757801
1586,12909127,13667488
1587,12909127,13667488
1588,12909127,13667488
1589,12909127,13667488
1590,12909127,14244393
1591,12909127,14281712
1592,12909127,14270853
1593,12909127,14270853
1594,12909127,14270853
1595,12909127,14270853
1596,12909127,15808238
1597,12909127,15784002
1598,12909127,15784002
1599,12909127,15784002
1600,12909127,15684530
1601,12909127,15586954
1602,12909127,15015418
1603,12909127,15015418
1604,12909127,15015418
1605,12909127,14650296
1606,12909127,14650296
1607,12909127,14650296
1608,12909127,14455015
1609,12909127,14455015
1610,12909127,14455015
1611,12909127,14446493
1612,12909127,14446493
1613,12909127,14446493
1614,12909127,14446493
1615,12909127,14446493
1616,12909127,14198240
1617,12909127,14198240
1618,12909127,14198240
1619,12909127,14140431
1620,12909127,14255944
1621,12909127,14255944
1622,12909127,14325126
1623,12909127,14349473
1624,12909127,14194503
1625,12909127,14194503
1626,12909127,14123955
1627,12909127,14123955
1628,12909127,14123955
1629,12909127,14123955
1630,12909127,14123955
1631,12909127,14123955
1632,12909127,14073851
1633,12909127,14073851
1634,12909127,14073851
1635,12909127,14027541
1636,12909127,14067994
1637,12909127,14094759
1638,12909127,14090052
1639,12909127,14090052
1640,12909127,14090052
1641,12909127,14090052
1642,12909127,14090052
1643,12909127,14090052
1644,12909127,14090052
1645,12909127,14090052
1646,12909127,14726970
1647,12909127,14726970
1648,12909127,14726970
1649,12909127,14726970
1650,12909127,14722785
1651,12909127,14722785
1652,12909127,14722785
1653,12909127,14966213
1654,12909127,14966213
1655,12909127,15085812
1656,12909127,15085812
1657,12909127,14319331
1658,12909127,14304541
1659,12909127,14304541
1660,12909127,14304541
1661,12909127,14304541
1662,12909127,14304541
1663,12909127,14304541
1664,12909127,14308564
1665,12909127,14241042
1666,12909127,14116094
1667,12909127,14116094
1668,12909127,14116094
1669,12909127,14116094
1670,12909127,14116094
1671,12909127,14116094
1672,12909127,14116094
1673,12909127,14084221
1674,12909127,14084221
1675,12909127,14084221
1676,12909127,14084221
1677,12909127,14084221
1678,12909127,14084221
1679,12909127,14051410
1680,12909127,14051410
1681,12909127,14051410
1682,12909127,14051410
1683,12909127,14051410
1684,12909127,14051410
1685,12909127,14051410
1686,12909127,14051410
1687,12909127,14051410
1688,12909127,14051410
1689,12909127,13907866
1690,12909127,13907866
1691,12909127,13907866
1692,12909127,13907866
1693,12909127,13907866
1694,12909127,13907866
1695,12909127,13907866
1696,12909127,13907866
1697,12909127,13907866
1698,12909127,13907866
1699,12909127,13907866
1700,12909127,14128434
1701,12909127,14142243
1702,12909127,14142243
1703,12909127,14142243
1704,12909127,13813129
1705,12909127,13813129
1706,12909127,13965643
1707,12909127,13911842
1708,12909127,13911842
1709,12909127,13911842
1710,12909127,13927630
1711,12909127,13907062
1712,12909127,13907062
1713,12909127,13907292
1714,12909127,13907292
1715,12909127,13866731
1716,12909127,13835712
1717,12909127,13835712
1718,12909127,13835712
1719,12909127,13803003
1720,12909127,13792416
1721,12909127,13785513
1722,12909127,13789159
1723,12909127,13789159
1724,12909127,13789159
1725,12909127,14415856
1726,12909127,14415856
1727,12909127,14415856
1728,12909127,14216974
1729,12909127,14284702
1730,12909127,14265708
1731,12909127,14265708
1732,12909127,14269929
1733,12909127,14269929
1734,12909127,14269929
1735,12909127,14269929
1736,12909127,14395446
1737,12909127,14395446
1738,12909127,14395446
1739,12909127,14300167
1740,12909127,14300167
1741,12909127,14345360
1742,12909127,14345360
1743,12909127,14376569
1744,12909127,14376448
1745,12909127,14376448
1746,12909127,14376448
1747,12909127,14376448
1748,12909127,14376448
1749,12909127,14376448
1750,12909127,14376448
1751,12909127,14376448
1752,12909127,14376448
1753,12909127,14376448
1754,12909127,14580246
1755,12909127,15216364
1756,12909127,14830055
1757,12909127,14780957
1758,12909127,14780957
1759,12909127,14766473
1760,12909127,14766473
1761,12909127,14766473
1762,12909127,14766473
1763,12909127,14766473
1764,12909127,14759007
1765,12909127,14759007
1766,12909127,14759007
1767,12909127,14760157
1768,12909127,14760157
1769,12909127,14760157
1770,12909127,14755252
1771,12909127,14755252
1772,12909127,14755252
1773,12909127,14790795
1774,12909127,14141198
1775,12909127,14726760
1776,12909127,14942459
1777,12909127,14731699
1778,12909127,14731699
1779,12909127,14731699
1780,12909127,14731699
1781,12909127,14731699
1782,12909127,14731699
1783,12909127,14670196
1784,12909127,14670196
1785,12909127,14670196
1786,12909127,14670196
1787,12909127,14661384
1788,12909127,14661384
1789,12909127,14661384
1790,12909127,14595403
1791,12909127,14595403
1792,12909127,14595403
1793,12909127,14595403
1794,12909127,14613826
1795,12909127,14613826
1796,12909127,14613596
1797,12909127,14613596
1798,12909127,14613596
1799,12909127,14613596
1800,12909127,14414714
1801,12909127,14414714
1802,12909127,14557382
1803,12909127,14557382
1804,12909127,14557382
1805,12909127,14557382
1806,12909127,14557382
1807,12909127,14557382
1808,12909127,14557382
1809,12909127,14557382
1810,12909127,14713635
1811,12909127,14713635
1812,12909127,14758269
1813,12909127,14469708
1814,12909127,14469708
1815,12909127,14469708
1816,12909127,14383193
1817,12909127,14383193
1818,12909127,14383193
1819,12909127,14463365
1820,12909127,14463365
1821,12909127,14449876
1822,12909127,14449876
1823,12909127,14449876
1824,12909127,14411863
1825,12909127,14916143
1826,12909127,14164323
1827,12909127,14064745
1828,12909127,14133665
1829,12909127,15496961
1830,12909127,14700111
1831,12909127,13924220
1832,12909127,14759830
1833,12909127,14226838
1834,12909127,14307309
1835,12909127,14140709
1836,12909127,14097091
1837,12909127,14133740
1838,12909127,14685061
1839,12909127,14387306
1840,12909127,13675128
1841,12873169,12873169
1842,12873169,12873169
1843,12869381,12869381
1844,12858422,12858422
1845,12858422,13115176
1846,12858422,13115176
1847,12858422,13013566
1848,12858422,13013566
1849,12858422,13105779
1850,12858422,13105779
1851,12858422,13105779
1852,12858422,13278421
1853,12858422,13278421
1854,12858422,13217567
1855,12858422,13217567
1856,12858422,13217567
1857,12858422,13170887
1858,12858422,13168753
1859,12858422,13359371
1860,12858422,13359371
1861,12858422,13359371
1862,12858422,13292101
1863,12858422,13292101
1864,12858422,13202939
1865,12858422,13222700
1866,12858422,13222700
1867,12858422,13222700
1868,12858422,13179038
1869,12858422,13115968
1870,12858422,13115968
1871,12858422,12952546
1872,12858422,12952546
1873,12858422,12941113
1874,12858422,12941113
1875,12858422,12941113
1876,12858422,12932381
1877,12858422,12932381
1878,12858422,12932381
1879,12858422,12931611
1880,12858422,12931611
1881,12858422,12931611
1882,12766402,12766402
1883,12766402,12766402
1884,12766402,12766402
1885,12766402,12832815
1886,12766402,13252978
1887,12766402,13327790
1888,12766402,13327790
1889,12766402,13179144
1890,12766402,13050626
1891,12766402,13091123
1892,12766402,13091123
1893,12766402,13303180
1894,12766402,13303180
1895,12766402,13303180
1896,12766402,13291242
1897,12766402,13023484
1898,12766402,13023484
1899,12766402,13023484
1900,12766402,13023944
1901,12766402,13023944
1902,12766402,13023944
1903,12766402,13023944
1904,12766402,13023944
1905,12766402,13023944
1906,12766402,13023944
1907,12766402,13023944
1908,12766402,13023944
1909,12766402,13077274
1910,12766402,13151305
1911,12766402,13151305
1912,12766402,13145475
1913,12766402,13145475
1914,12766402,13162215
1915,12766402,13086162
1916,12766402,13102599
1917,12766402,13102599
1918,12766402,13102599
1919,12766402,13102599
1920,12766402,13102599
1921,12766402,13102599
1922,12766402,13102599
1923,12766402,13583623
1924,12766402,13567186
1925,12766402,13535424
1926,12766402,13535424
1927,12766402,13535424
1928,12766402,13535424
1929,12766402,13563304
1930,12766402,13563304
1931,12766402,13335569
1932,12766402,13294181
1933,12766402,13294181
1934,12766402,13294181
1935,12766402,13282653
1936,12766402,13282653
1937,12766402,13282439
1938,12766402,13282439
1939,12766402,13331446
1940,12766402,13271330
1941,12766402,13271330
1942,12766402,13100134
1943,12766402,13100663
1944,12766402,13100663
1945,12766402,13100663
1946,12766402,13100663
1947,12766402,13100663
1948,12766402,13100663
1949,12766402,13100663
1950,12766402,13100663
1951,12766402,13100663
1952,12766402,13056548
1953,12766402,13056548
1954,12766402,13079070
1955,12766402,12984441
1956,12766402,12984441
1957,12766402,12984441
1958,12766402,12984441
1959,12766402,12984441
1960,12766402,12984441
1961,12766402,12993099
1962,12766402,12993099
1963,12766402,13009358
1964,12766402,13009358
1965,12766402,13009358
1966,12766402,13053945
1967,12766402,13053945
1968,12766402,13053945
1969,12766402,13053945
1970,12766402,13053945
1971,12766402,13053945
1972,12766402,13083129
1973,12766402,13083129
1974,12766402,13103108
1975,12766402,13103108
1976,12766402,13557859
1977,12766402,13557859
1978,12766402,13502361
1979,12766402,13502361
1980,12766402,13383461
1981,12766402,13383461
1982,12766402,13379085
1983,12766402,13379085
1984,12766402,13410624
1985,12766402,13368709
1986,12766402,13368709
1987,12766402,13368709
1988,12766402,13352450
1989,12766402,13352450
1990,12766402,13318631
1991,12766402,13377350
1992,12766402,13377350
1993,12766402,13377350
1994,12766402,13377350
1995,12766402,13377350
1996,12766402,13377350
1997,12766402,13377350
1998,12766402,13377350
1999,12766402,13231893
2000,12766402,13231893
2001,12766402,13276788
2002,12766402,13293210
2003,12766402,13246575
2004,12766402,13246575
2005,12587718,12587718
2006,12508525,12508525
2007,12416813,12416813
2008,12416813,12416813
2009,12416813,12416813
2010,12370781,12370781
2011,12361622,12361622
2012,12361622,12361622
2013,12288610,12288610
2014,12288610,12288610
2015,12258420,12258420
2016,12258420,12258420
2017,12258420,12258420
2018,12258420,12258420
2019,12153235,12153235
2020,12153235,12153235
2021,12153235,12153235
2022,12153235,12153235
2023,12153235,12153235
2024,12057983,12057983
2025,12057983,12057983
2026,12057983,12057983
2027,12057983,12100198
2028,12057983,12100198
2029,12057983,12100198
2030,12057983,12100198
2031,12057983,12479783
2032,12057983,12479783
2033,12057983,12517680
2034,12057983,12465361
2035,12057983,12465361
2036,12057983,12465361
2037,12057983,12468149
2038,12057983,12661857
2039,12057983,12661857
2040,12057983,12820619
2041,12057983,12820619
2042,12057983,12820619
2043,12057983,12821571
2044,12057983,12821571
2045,12057983,12821571
2046,12057983,12821571
2047,12057983,12760135
2048,12057983,12760135
2049,12057983,12760135
2050,12057983,12760135
2051,12057983,12760135
2052,12057983,12760135
2053,12057983,12760135
2054,12057983,12760135
2055,12057983,12760135
2056,12057983,12760135
2057,12057983,12749582
2058,12057983,12868945
2059,12057983,12865224
2060,12057983,12823074
2061,12057983,12795748
2062,12057983,12795748
2063,12057983,12883083
2064,12057983,12883083
2065,12057983,12696181
2066,12057983,12661771
2067,12057983,12635678
2068,12057983,12635678
2069,12057983,12635678
2070,12057983,12608793
2071,12057983,12765155
2072,12057983,12765155
2073,12057983,12765155
2074,12057983,12765155
2075,12057983,12794059
2076,12057983,12745940
2077,12057983,12753051
2078,12057983,12753051
2079,12057983,12580422
2080,12057983,12580422
2081,12057983,12622123
2082,12057983,12622123
2083,12057983,12571289
2084,12057983,12571289
2085,12057983,12491577
2086,12057983,12491577
2087,12057983,12477222
2088,12057983,12477222
2089,12057983,12477222
2090,12057983,12444859
2091,12057983,12444859
2092,12057983,12444859
2093,12057983,12403158
2094,12057983,12403158
2095,12057983,12396571
2096,12057983,12396571
2097,12057983,12396571
2098,12057983,12396571
2099,12057983,12372260
2100,12057983,12372260
2101,12057983,12372260
2102,12057983,12372260
2103,12057983,12372260
2104,12057983,12372260
2105,12057983,12372260
2106,12057983,12372260
2107,12057983,12324366
2108,12057983,12324366
2109,12057983,12324366
2110,12057983,12324366
2111,12057983,12324366
2112,12057983,12324366
2113,12057983,12402144
2114,12057983,12391758
2115,12057983,12216326
2116,12057983,12216326
2117,12057983,12216326
2118,12057983,12132756
2119,12057983,12132756
2120,12057983,12132756
2121,12057983,12132756
2122,12057983,12132756
2123,12057983,12238155
2124,12057983,12210166
2125,12057983,12236925
2126,12057983,12236925
2127,12057983,12236925
2128,12057983,12236925
2129,12057983,12236925
2130,12057983,12236925
2131,12057983,12236925
2132,12057983,12253014
2133,12057983,12253014
2134,12057983,12253014
2135,12057983,12105220
2136,12057983,12105220
2137,12042144,12042144
2138,12042144,12061669
2139,12042144,12061669
2140,12042144,12061669
2141,12042144,12073107
2142,12042144,12431759
2143,12042144,12431759
2144,12042144,12418581
2145,12042144,12405932
2146,12042144,12405932
2147,12042144,12338308
2148,12042144,12338308
2149,12042144,12574226
2150,12042144,12574226
2151,12042144,12574226
2152,12042144,12574226
2153,12042144,12574226
2154,12042144,12574226
2155,12042144,12574226
2156,12042144,12574226
2157,12042144,12335605
2158,12042144,12335605
2159,12042144,12335605
2160,12042144,12335605
2161,12042144,12335605
2162,12042144,12335605
2163,12042144,12335605
2164,12042144,12335605
2165,12042144,12479142
2166,12042144,12510351
2167,12042144,12510351
2168,12042144,12510351
2169,12042144,12510351
2170,12042144,12510351
2171,12042144,12510351
2172,12042144,12510351
2173,12042144,12510351
2174,12042144,12510351
2175,12042144,12510351
2176,12042144,12510351
2177,12042144,12510351
2178,12042144,12577259
2179,12042144,12577259
2180,12042144,12577259
2181,12042144,12577259
2182,12042144,12577259
2183,12042144,12558755
2184,12042144,12558755
2185,12042144,12558755
2186,12042144,12560684
2187,12042144,12560684
2188,12042144,12560684
2189,12042144,12501951
2190,12042144,12480551
2191,12042144,12480551
2192,12042144,12480551
2193,12042144,12480551
2194,12042144,12480551
2195,12042144,12480551
2196,12042144,12489363
2197,12042144,12489363
2198,12042144,12489363
2199,12042144,12471798
2200,12042144,12471798
2201,12042144,12471798
2202,12042144,12471798
2203,12042144,12471798
2204,12042144,12471798
2205,12042144,12471798
2206,12042144,12471798
2207,12042144,12471798
2208,12042144,12471798
2209,12042144,12471798
2210,12042144,12471798
2211,12042144,12437320
2212,12042144,12428508
2213,12042144,12428508
2214,12042144,12524714
2215,12042144,12524714
2216,12042144,12544934
2217,12042144,12575911
2218,12042144,12575911
2219,12042144,12575911
2220,12042144,12575911
2221,12042144,12575911
2222,12042144,12575911
2223,12042144,12575911
2224,12042144,12575911
2225,12042144,12575911
2226,12042144,12575911
2227,12042144,12575911
2228,12042144,12575911
2229,12042144,12575911
2230,12042144,12575910
2231,12042144,12575910
2232,12042144,12575910
2233,12042144,12575910
2234,12042144,12575910
2235,12042144,12575910
2236,12042144,12679979
2237,12042144,12679979
2238,12042144,12804705
2239,12042144,12804705
2240,12042144,12804705
2241,12042144,12804705
2242,12042144,12804705
2243,12042144,13094806
2244,12042144,13094806
2245,12042144,13094806
2246,12042144,13061225
2247,12042144,12983149
2248,12042144,12949622
2249,12042144,13419144
2250,12042144,13419144
2251,12042144,13325280
2252,12042144,13325280
2253,12042144,13325280
2254,12042144,13325280
2255,12042144,13325280
2256,12042144,13325280
2257,12042144,13290099
2258,12042144,13379960
2259,12042144,13379960
2260,12042144,13493811
2261,12042144,13493811
2262,12042144,13493811
2263,12042144,13493811
2264,12042144,13493811
2265,12042144,13493811
2266,12042144,14137309
2267,12042144,14137309
2268,12042144,14301394
2269,12042144,14301394
2270,12042144,14301394
2271,12042144,14301394
2272,12042144,14358244
2273,12042144,14358244
2274,12042144,14358244
2275,12042144,14233301
2276,12042144,14233301
2277,12042144,14131490
2278,12042144,14052333
2279,12042144,14052333
2280,12042144,14052333
2281,12042144,14052333
2282,12042144,14052649
2283,12042144,13588873
2284,12042144,13588873
2285,12042144,13577031
2286,12042144,13577031
2287,12042144,13560266
2288,12042144,13560266
2289,12042144,13560266
2290,12042144,13559494
2291,12042144,13559494
2292,12042144,14440950
2293,12042144,14440950
2294,12042144,14431447
2295,12042144,14410811
2296,12042144,14498827
2297,12042144,14498827
2298,12042144,15033063
2299,12042144,15033063
2300,12042144,15033063
2301,12042144,15033063
2302,12042144,15033063
2303,12042144,15033063
2304,12042144,14498827
2305,12042144,14498827
2306,12042144,14179158
2307,12042144,14179158
2308,12042144,14151692
2309,12042144,14151692
2310,12042144,14151692
2311,12042144,14151692
2312,12042144,14151692
2313,12042144,14151692
2314,12042144,14151692
2315,12042144,14151692
2316,12042144,14151692
2317,12042144,14151692
2318,12042144,14151692
2319,12042144,14113124
2320,12042144,14113124
2321,12042144,14110802
2322,12042144,14110802
2323,12042144,14085027
2324,12042144,14085027
2325,12042144,14085027
2326,12042144,14085027
2327,12042144,14127955
2328,12042144,14127955
2329,12042144,14127955
2330,12042144,14127955
2331,12042144,14126897
2332,12042144,14126897
2333,12042144,14126897
2334,12042144,14126886
2335,12042144,14126886
2336,12042144,14094353
2337,12042144,14094353
2338,12042144,14094353
2339,12042144,14094353
2340,12042144,14094353
2341,12042144,14094353
2342,12042144,14094353
2343,12042144,14123003
2344,12042144,14086492
2345,12042144,14135712
2346,12042144,14114632
2347,12042144,14109633
2348,12042144,14109633
2349,12042144,13510723
2350,12042144,13510723
2351,12042144,13462806
2352,12042144,13462806
2353,12042144,13462806
2354,12042144,13924740
2355,12042144,13924740
2356,12042144,13905143
2357,12042144,13878391
2358,12042144,13931802
2359,12042144,13931567
2360,12042144,13931567
2361,12042144,13928038
2362,12042144,13923941
2363,12042144,13923941
2364,12042144,13923941
2365,12042144,14030264
2366,12042144,13937925
2367,12042144,13937925
2368,12042144,13937925
2369,12042144,13609119
2370,12042144,13612301
2371,12042144,13594021
2372,12042144,13594021
2373,12042144,13600369
2374,12042144,13310268
2375,12042144,13310268
2376,12042144,13310268
2377,12042144,13310268
2378,12042144,13310268
2379,12042144,13310268
2380,12042144,13310268
2381,12042144,13267340
2382,12042144,13267340
2383,12042144,13267340
2384,12042144,13302905
2385,12042144,13302905
2386,12042144,13275940
2387,12042144,13408070
2388,12042144,13408070
2389,12042144,13408070
2390,12042144,13408070
2391,12042144,13408070
2392,12042144,13408070
2393,12042144,12886304
2394,12042144,12886304
2395,12042144,12886304
2396,12042144,12886304
2397,12042144,12886304
2398,12042144,12886575
2399,12042144,12886575
2400,12042144,12886575
2401,12042144,12886575
2402,12042144,12886575
2403,12042144,12886575
2404,12042144,12842286
2405,12042144,12842286
2406,12042144,12832807
2407,12042144,12831820
2408,12042144,12845494
2409,12042144,12878358
2410,12042144,12886994
2411,12042144,12886994
2412,12042144,12886994
2413,12042144,12847383
2414,12042144,12847383
2415,12042144,12847383
2416,12042144,12847383
2417,12042144,12847383
2418,12042144,12763828
2419,12042144,12763828
2420,12042144,12763828
2421,12042144,12763828
2422,12042144,12763828
2423,12042144,12701318
2424,12042144,12633964
2425,12042144,12588877
2426,12042144,12588877
2427,12042144,12588877
2428,12042144,12588877
2429,12042144,12804983
2430,12042144,12804983
2431,12042144,12804983
2432,12042144,12804983
2433,12042144,12768917
2434,12042144,12768917
2435,12042144,12768917
2436,12042144,12789358
2437,12042144,12913624
2438,12042144,12997179
2439,12042144,13039927
2440,12042144,13039927
2441,12042144,13039927
2442,12042144,13039927
2443,12042144,12943414
2444,12042144,12943414
2445,12042144,12943414
2446,12042144,12889628
2447,12042144,12889628
2448,12042144,12786739
2449,12042144,12786739
2450,12042144,12786739
2451,12042144,12786739
2452,12042144,12786739
2453,12042144,12786276
2454,12042144,12786276
2455,12042144,12786276
2456,12042144,12772954
2457,12042144,12807577
2458,12042144,12807577
2459,12042144,12807577
2460,12042144,12711962
2461,12042144,12711962
2462,12042144,12711962
2463,12042144,12711962
2464,12042144,12711962
2465,12042144,12711962
2466,12042144,12729968
2467,12042144,13709147
2468,12042144,13709147
2469,12042144,13709147
2470,12042144,13709147
2471,12042144,13709147
2472,12042144,13709147
2473,12042144,13709147
2474,12042144,13717675
2475,12042144,13717675
2476,12042144,13581730
2477,12042144,13581730
2478,12042144,13581730
2479,12042144,13553611
2480,12042144,13545083
2481,12042144,13419312
2482,12042144,13419312
2483,12042144,13478959
2484,12042144,13511906
2485,12042144,13511906
2486,12042144,13511906
2487,12042144,13511906
2488,12042144,13511906
2489,12042144,13440114
2490,12042144,13440114
2491,12042144,13440114
2492,12042144,13440114
2493,12042144,13440114
2494,12042144,13440114
2495,12042144,13440114
2496,12042144,13440114
2497,12042144,13440114
2498,12042144,13338253
2499,12042144,13278490
2500,12042144,13278490
2501,12042144,13278490
2502,12042144,13278490
2503,12042144,13278490
2504,12042144,13278490
2505,12042144,13278490
2506,12042144,13366427
2507,12042144,13366427
2508,12042144,13366427
2509,12042144,13366427
2510,12042144,13366427
2511,12042144,13358293
2512,12042144,13358293
2513,12042144,13358293
2514,12042144,13358293
2515,12042144,13358293
2516,12042144,13402497
2517,12042144,13402497
2518,12042144,13402497
2519,12042144,13412049
2520,12042144,13412049
2521,12042144,13412049
2522,12042144,13412049
2523,12042144,13412049
2524,12042144,13391542
2525,12042144,13391542
2526,12042144,13391542
2527,12042144,13391542
2528,12042144,13391542
2529,12042144,13391542
2530,12042144,13391542
2531,12042144,13391542
2532,12042144,13369307
2533,12042144,13303017
2534,12042144,13303017
2535,12042144,13206833
2536,12042144,13230226
2537,12042144,13199206
2538,12042144,13199206
2539,12042144,13199206
2540,12042144,13199206
2541,12042144,13218911
2542,12042144,13218911
2543,12042144,13218911
2544,12042144,13218911
2545,12042144,13218911
2546,12042144,13227448
2547,12042144,13227448
2548,12042144,13204420
2549,12042144,13201816
2550,12042144,13201816
2551,12042144,13201816
2552,12042144,13201816
2553,12042144,13185230
2554,12042144,13185230
2555,12042144,13185230
2556,12042144,13185230
2557,12042144,13208258
2558,12042144,13208258
2559,12042144,13208258
2560,12042144,13208258
2561,12042144,13208258
2562,12042144,13208258
2563,12042144,13208258
2564,12042144,13208258
2565,12042144,13208258
2566,12042144,13208258
2567,12042144,13228635
2568,12042144,13427448
2569,12042144,13427448
2570,12042144,13427448
2571,12042144,13427448
2572,12042144,13427448
2573,12042144,13427448
2574,12042144,13501942
2575,12042144,13496787
2576,12042144,13496787
2577,12042144,13430069
2578,12042144,13430069
2579,12042144,13430069
2580,12042144,13430069
2581,12042144,13793017
2582,12042144,13793017
2583,12042144,13740173
2584,12042144,13740173
2585,12042144,13710694
2586,12042144,13710694
2587,12042144,13710694
2588,12042144,13634122
2589,12042144,13634122
2590,12042144,13634122
2591,12042144,13634122
2592,12042144,13686755
2593,12042144,13686755
2594,12042144,13686755
2595,12042144,13686755
2596,12042144,13686755
2597,12042144,13686755
2598,12042144,14255452
2599,12042144,14255452
2600,12042144,14255452
2601,12042144,14255452
2602,12042144,14255452
2603,12042144,14235075
2604,12042144,14235075
2605,12042144,14235075
2606,12042144,14235075
2607,12042144,14235075
2608,12042144,14210365
2609,12042144,14210365
2610,12042144,14210365
2611,12042144,14210365
2612,12042144,14175573
2613,12042144,14284244
2614,12042144,14284244
2615,12042144,14284244
2616,12042144,14284244
2617,12042144,14284244
2618,12042144,14244274
2619,12042144,14244274
2620,12042144,14244274
2621,12042144,14244274
2622,12042144,14244274
2623,12042144,14244274
2624,12042144,14244274
2625,12042144,14010356
2626,12042144,13917338
2627,12042144,14248363
2628,12042144,14248363
2629,12042144,14248363
2630,12042144,14923324
2631,12042144,14923324
2632,12042144,14735155
2633,12042144,14665540
2634,12042144,14665540
2635,12042144,14556659
2636,12042144,14556659
2637,12042144,13867783
2638,12042144,13713953
2639,12042144,14042305
2640,12042144,12982436
2641,12042144,13196139
2642,12042144,13222252
2643,12042144,13030176
2644,12042144,13090586
2645,12042144,13847711
2646,12042144,13692371
2647,12042144,13791428
2648,12042144,13868880
2649,12042144,13594076
2650,12042144,12900429
2651,12042144,12866923
2652,12042144,13260711
2653,12042144,12944495
2654,12042144,12810712
2655,12042144,13119226
2656,12042144,13056846
2657,12042144,13062888
2658,12042144,12991200
2659,12042144,13949128
2660,12042144,13789248
2661,12042144,13630660
2662,12042144,13753155
2663,12042144,13837287
2664,12042144,13206207
2665,12042144,12941338
2666,12042144,13095776
2667,12042144,13266384
2668,12042144,13225095
2669,12042144,13209622
2670,12042144,13334371
2671,12042144,13792942
2672,12042144,13115880
2673,12042144,12959924
2674,12042144,13123420
2675,12042144,14473952
2676,12042144,14627024
2677,12042144,14326343
2678,12042144,13965748
2679,12042144,13761008
2680,12042144,13702099
2681,12042144,13467561
2682,12042144,13297814
2683,12042144,13478969
2684,12042144,13296759
2685,12042144,13125374
2686,12042144,13167923
2687,12042144,13325208
2688,12042144,13417153
2689,12042144,13571682
2690,12042144,13934617
2691,12042144,13364356
2692,12042144,13479022
2693,12042144,13106085
2694,12042144,13090862
2695,12042144,13170382
2696,12042144,13981535
2697,12042144,13517139
2698,12042144,13619515
2699,12042144,13883107
2700,12042144,13763982
2701,12042144,13554395
2702,12042144,13434688
2703,12042144,13353409
2704,12042144,12744787
2705,12042144,13418309
2706,12042144,13214806
2707,12042144,14040294
2708,12042144,14117987
2709,12042144,14596477
2710,12042144,14225498
2711,12042144,14618463
2712,12042144,14434981
2713,12042144,13831535
2714,12042144,13546576
2715,12042144,13842030
2716,12042144,13444124
2717,12042144,13486518
2718,12042144,13425473
2719,12042144,12926161
2720,12042144,13165309
2721,12042144,13372398
2722,12042144,13546571
2723,12042144,13469646
2724,12042144,14146757
2725,12042144,14083500
2726,12042144,13709910
2727,12042144,13755231
2728,12042144,13894257
2729,12042144,14100283
2730,12042144,14456433
2731,12042144,13270728
2732,12042144,13511268
2733,12042144,13418743
2734,12042144,13299959
2735,12042144,13063310
2736,12042144,13228091
2737,12042144,13305391
2738,12042144,13090609
2739,12042144,13201442
2740,12042144,13461552
2741,12042144,13133559
2742,12042144,13543196
2743,12042144,13271584
2744,12042144,13270877
2745,12042144,13723624
2746,12042144,13394663
2747,12042144,13408188
2748,12042144,14247127
2749,12042144,13449356
2750,12042144,13075747
2751,12042144,13053898
2752,12042144,13379287
2753,12042144,12849278
2754,12042144,13070859
2755,12042144,13123986
2756,12042144,12976006
2757,12042144,12804684
2758,12042144,13018854
2759,12042144,13132342
2760,12042144,13276279
2761,12042144,14141544
2762,12042144,12621087
2763,12042144,12668785
2764,12042144,12213382
2765,12042144,12834848
2766,12042144,12696913
2767,12042144,12671254
2768,12042144,12413807
2769,12042144,12127283
2770,12042144,12385627
2771,11964549,11964549
2772,11964549,11964549
2773,11964549,11964549
2774,11964549,11964549
2775,11964549,11964549
2776,11964549,11964549
2777,11964549,11964549
2778,11964549,11964549
2779,11964549,11964549
2780,11964549,11964549
2781,11964549,11964549
2782,11964549,11964549
2783,11964549,11964549
2784,11964549,11964549
2785,11964549,11964549
2786,11964549,11964549
2787,11964549,11964549
2788,11964549,12120473
2789,11964549,12120473
2790,11964549,12120473
2791,11964549,12120473
2792,11964549,12498505
2793,11964549,12498505
2794,11964549,12498505
2795,11964549,12498505
2796,11964549,12558542
2797,11964549,12558542
2798,11964549,12591217
2799,11964549,12690712
2800,11964549,12675734
2801,11964549,12673145
2802,11964549,12633534
2803,11964549,12577272
2804,11964549,12587811
2805,11964549,12587811
2806,11964549,12587811
2807,11964549,12587811
2808,11964549,12587811
2809,11964549,12587811
2810,11964549,12587811
2811,11964549,12587811
2812,11964549,12587811
2813,11964549,12587811
2814,11964549,12587811
2815,11964549,12587811
2816,11964549,12587811
2817,11964549,12587811
2818,11964549,12522389
2819,11964549,12522389
2820,11964549,12522389
2821,11964549,12415592
2822,11964549,12415592
2823,11964549,12415592
2824,11964549,12415592
2825,11964549,12415592
2826,11964549,12415592
2827,11964549,12415592
2828,11964549,12415592
2829,11964549,12283216
2830,11964549,12283216
2831,11964549,12283216
2832,11964549,12283216
2833,11964549,12283216
2834,11964549,12283216
2835,11964549,12283216
2836,11964549,12891606
2837,11964549,12891606
2838,11964549,12891606
2839,11964549,12888915
2840,11964549,12853389
2841,11964549,12853389
2842,11964549,12853400
2843,11964549,12853400
2844,11964549,12853400
2845,11964549,12782477
2846,11964549,12782477
2847,11964549,12777017
2848,11964549,12777017
2849,11964549,12777017
2850,11964549,12738479
2851,11964549,12738479
2852,11964549,12737680
2853,11964549,12737680
2854,11964549,12743140
2855,11964549,12743140
2856,11964549,12743140
2857,11964549,12743140
2858,11964549,12659344
2859,11964549,12659344
2860,11964549,12768353
2861,11964549,12768353
2862,11964549,12768353
2863,11964549,12768353
2864,11964549,12768353
2865,11964549,13570419
2866,11964549,13570419
2867,11964549,13506904
2868,11964549,13506904
2869,11964549,13506904
2870,11964549,13506904
2871,11964549,13506904
2872,11964549,13506904
2873,11964549,13332081
2874,11964549,13332081
2875,11964549,13230708
2876,11964549,13230708
2877,11964549,13230708
2878,11964549,13201587
2879,11964549,13201587
2880,11964549,13201587
2881,11964549,13878437
2882,11964549,13878437
2883,11964549,13878437
2884,11964549,13878437
2885,11964549,13871340
2886,11964549,13871340
2887,11964549,14655036
2888,11964549,14655357
2889,11964549,14655357
2890,11964549,14655357
2891,11964549,14655357
2892,11964549,14619865
2893,11964549,14619865
2894,11964549,14639927
2895,11964549,14593640
2896,11964549,14598579
2897,11964549,14599889
2898,11964549,14173679
2899,11964549,14410132
2900,11964549,14410132
2901,11964549,14413368
2902,11964549,14923943
2903,11964549,14765311
2904,11964549,14617425
2905,11964549,14617425
2906,11964549,14617425
2907,11964549,14617425
2908,11964549,14617425
2909,11964549,14395737
2910,11964549,14395737
2911,11964549,14395737
2912,11964549,14395737
2913,11964549,14395737
2914,11964549,14395737
2915,11964549,14381172
2916,11964549,14364447
2917,11964549,13926390
2918,11964549,13926390
2919,11964549,13926390
2920,11964549,13987054
2921,11964549,13987054
2922,11964549,13919031
2923,11964549,13919031
2924,11964549,14019075
2925,11964549,13897088
2926,11964549,13874422
2927,11964549,13874422
2928,11964549,13874422
2929,11964549,13874422
2930,11964549,13874422
2931,11964549,13874422
2932,11964549,13754178
2933,11964549,13754178
2934,11964549,13754178
2935,11964549,13754178
2936,11964549,13754178
2937,11964549,13754178
2938,11964549,13754178
2939,11964549,13753964
2940,11964549,13753964
2941,11964549,13818637
2942,11964549,13708463
2943,11964549,13708463
2944,11964549,13708463
2945,11964549,13708463
2946,11964549,13708463
2947,11964549,13708463
2948,11964549,13708463
2949,11964549,13708463
2950,11964549,13708463
2951,11964549,13708463
2952,11964549,13715395
2953,11964549,13715395
2954,11964549,13715395
2955,11964549,13710847
2956,11964549,13710847
2957,11964549,13693807
2958,11964549,13722596
2959,11964549,13825160
2960,11964549,13825160
2961,11964549,13825160
2962,11964549,13825160
2963,11964549,13800808
2964,11964549,13800808
2965,11964549,13753804
2966,11964549,13759607
2967,11964549,13759607
2968,11964549,13759607
2969,11964549,13809495
2970,11964549,13809495
2971,11964549,13809495
2972,11964549,13806405
2973,11964549,13806405
2974,11964549,13734141
2975,11964549,13643179
2976,11964549,13644376
2977,11964549,13593572
2978,11964549,13593450
2979,11964549,13593450
2980,11964549,13495670
2981,11964549,13873834
2982,11964549,14210879
2983,11964549,14210879
2984,11964549,14082412
2985,11964549,14073972
2986,11964549,14072345
2987,11964549,14048114
2988,11964549,14380715
2989,11964549,14612467
2990,11964549,14568938
2991,11964549,14566701
2992,11964549,14566701
2993,11964549,14566701
2994,11964549,14566701
2995,11964549,14566701
2996,11964549,14470956
2997,11964549,14470956
2998,11964549,14470722
2999,11964549,14470722
3000,11964549,14404908
3001,11964549,14384341
3002,11964549,14369816
3003,11964549,14499294
3004,11964549,14499294
3005,11964549,14499294
3006,11964549,14499294
3007,11964549,14499294
3008,11964549,14499294
3009,11964549,14438295
3010,11964549,14470262
3011,11964549,14470262
3012,11964549,14470262
3013,11964549,14462959
3014,11964549,14462959
3015,11964549,14462959
3016,11964549,14408217
3017,11964549,14316024
3018,11964549,14316024
3019,11964549,14316024
3020,11964549,14316024
3021,11964549,14268972
3022,11964549,14268972
3023,11964549,14268972
3024,11964549,14268972
3025,11964549,14268972
3026,11964549,14270863
3027,11964549,14270863
3028,11964549,14270863
3029,11964549,14270863
3030,11964549,14270863
3031,11964549,14724847
3032,11964549,14724847
3033,11964549,14672037
3034,11964549,15009686
3035,11964549,15009686
3036,11964549,15009686
3037,11964549,15009686
3038,11964549,15009686
3039,11964549,15009686
3040,11964549,15009686
3041,11964549,15009686
3042,11964549,15009686
3043,11964549,15009686
3044,11964549,14924553
3045,11964549,14924553
3046,11964549,14917738
3047,11964549,14911392
3048,11964549,14876934
3049,11964549,14705349
3050,11964549,14664676
3051,11964549,14664676
3052,11964549,14664676
3053,11964549,14664676
3054,11964549,14664676
3055,11964549,14531562
3056,11964549,14531562
3057,11964549,14302235
3058,11964549,13782160
3059,11964549,13782160
3060,11964549,13782160
3061,11964549,13782160
3062,11964549,13782160
3063,11964549,13796289
3064,11964549,13780329
3065,11964549,13780329
3066,11964549,13710839
3067,11964549,13637783
3068,11964549,13637783
3069,11964549,13621361
3070,11964549,13621361
3071,11964549,13621361
3072,11964549,13621361
3073,11964549,13621361
3074,11964549,13621361
3075,11964549,13621361
3076,11964549,13621361
3077,11964549,13621361
3078,11964549,13621361
3079,11964549,13621361
3080,11964549,13512323
3081,11964549,13512323
3082,11964549,13512323
3083,11964549,13512323
3084,11964549,13559340
3085,11964549,13559340
3086,11964549,13559340
3087,11964549,13559340
3088,11964549,13559340
3089,11964549,13559340
3090,11964549,13559340
3091,11964549,13559340
3092,11964549,13559340
3093,11964549,13575300
3094,11964549,13556744
3095,11964549,13463966
3096,11964549,13463966
3097,11964549,13463966
3098,11964549,13463966
3099,11964549,13463966
3100,11964549,13463966
3101,11964549,13703627
3102,11964549,13703627
3103,11964549,14267242
3104,11964549,14267242
3105,11964549,14254549
3106,11964549,14254549
3107,11964549,14254549
3108,11964549,14254549
3109,11964549,14254549
3110,11964549,14254549
3111,11964549,14254549
3112,11964549,14254549
3113,11964549,14254549
3114,11964549,14254549
3115,11964549,14254549
3116,11964549,14150622
3117,11964549,14153095
3118,11964549,14211602
3119,11964549,14211602
3120,11964549,14555528
3121,11964549,14473537
3122,11964549,14473537
3123,11964549,14473537
3124,11964549,14473537
3125,11964549,14450724
3126,11964549,14450724
3127,11964549,14465533
3128,11964549,14465533
3129,11964549,14465533
3130,11964549,14465533
3131,11964549,14465533
3132,11964549,14343926
3133,11964549,14292200
3134,11964549,14292200
3135,11964549,14292200
3136,11964549,14292200
3137,11964549,14292200
3138,11964549,13926658
3139,11964549,13924818
3140,11964549,13920897
3141,11964549,13918205
3142,11964549,13918205
3143,11964549,13923881
3144,11964549,13921508
3145,11964549,13921508
3146,11964549,13881848
3147,11964549,13818759
3148,11964549,13818759
3149,11964549,13818759
3150,11964549,14559189
3151,11964549,14559189
3152,11964549,14648093
3153,11964549,14648093
3154,11964549,14648093
3155,11964549,14648093
3156,11964549,14648093
3157,11964549,14648093
3158,11964549,14648093
3159,11964549,14648093
3160,11964549,14648093
3161,11964549,14648093
3162,11964549,14581649
3163,11964549,14560722
3164,11964549,14560722
3165,11964549,14560722
3166,11964549,14560722
3167,11964549,14560722
3168,11964549,14560722
3169,11964549,14271045
3170,11964549,14271045
3171,11964549,14271045
3172,11964549,14271045
3173,11964549,14188570
3174,11964549,14188570
3175,11964549,14188570
3176,11964549,14194235
3177,11964549,14194235
3178,11964549,14194235
3179,11964549,14194235
3180,11964549,14194235
3181,11964549,14240336
3182,11964549,14361769
3183,11964549,14361769
3184,11964549,14361769
3185,11964549,14135942
3186,11964549,14091109
3187,11964549,14091109
3188,11964549,14091109
3189,11964549,14003213
3190,11964549,13943281
3191,11964549,13943281
3192,11964549,13943281
3193,11964549,13943281
3194,11964549,13933021
3195,11964549,14502383
3196,11964549,14502383
3197,11964549,14502383
3198,11964549,14429288
3199,11964549,14429288
3200,11964549,14422701
3201,11964549,14422701
3202,11964549,14422701
3203,11964549,14422701
3204,11964549,14422701
3205,11964549,14422701
3206,11964549,14422701
3207,11964549,14422701
3208,11964549,14338768
3209,11964549,14188301
3210,11964549,14101661
3211,11964549,14101661
3212,11964549,14101661
3213,11964549,14023636
3214,11964549,14023636
3215,11964549,14023636
3216,11964549,14023636
3217,11964549,14023636
3218,11964549,14023636
3219,11964549,14080533
3220,11964549,14021359
3221,11964549,14169692
3222,11964549,14065605
3223,11964549,14065605
3224,11964549,14065605
3225,11964549,14065605
3226,11964549,13921739
3227,11964549,14106195
3228,11964549,14152171
3229,11964549,14188815
3230,11964549,14188815
3231,11964549,13634749
3232,11964549,13634749
3233,11964549,13634749
3234,11964549,13634749
3235,11964549,13609346
3236,11964549,13368572
3237,11964549,13368572
3238,11964549,13368572
3239,11964549,13336371
3240,11964549,13152038
3241,11964549,13152038
3242,11964549,13024167
3243,11964549,12904160
3244,11964549,12904160
3245,11964549,12922414
3246,11964549,12922414
3247,11964549,12922414
3248,11964549,12922414
3249,11964549,12922414
3250,11964549,12922414
3251,11964549,12922414
3252,11964549,12922414
3253,11964549,12922414
3254,11964549,12922414
3255,11964549,12866318
3256,11964549,12866318
3257,11964549,12866318
3258,11964549,12866318
3259,11964549,12866318
3260,11964549,13225693
3261,11964549,13078346
3262,11964549,13078346
3263,11964549,13078346
3264,11964549,13070316
3265,11964549,13070316
3266,11964549,13070316
3267,11964549,13070316
3268,11964549,13070316
3269,11964549,13070316
3270,11964549,13070316
3271,11964549,14295467
3272,11964549,13553429
3273,11964549,12847376
3274,11964549,13329450
3275,11964549,12599035
3276,11964549,12859988
3277,11964549,12507113
3278,11964549,12296037
3279,11964549,12901239
3280,11964549,12310339
3281,11964549,12643775
3282,11964549,13022753
3283,11964549,12778964
3284,11964549,12387772
3285,11964549,12380828
3286,11964549,12322120
3287,11964549,12232321
3288,11964549,12206534
3289,11964549,11985977
3290,11964549,12329853
3291,11964549,12661969
3292,11964549,12126340
3293,11964549,12439586
3294,11964549,12401572
3295,11964549,12177697
3296,11964549,12308357
3297,11964549,13365821
3298,11964549,12496372
3299,11964549,13294398
3300,11964549,13251804
3301,11964549,12723373
3302,11964549,12714441
3303,11964549,12775613
3304,11964549,13516618
3305,11964549,12959453
3306,11964549,12287496
3307,11964549,12232286
3308,11964549,12239039
3309,11964549,12045371
3310,11611324,11611324
3311,11611324,11611324
3312,11611324,11611324
3313,11611324,11688261
3314,11611324,11688261
3315,11611324,11688261
3316,11611324,11688261
3317,11611324,11699591
3318,11611324,11699591
3319,11611324,11699591
3320,11611324,11699591
3321,11611324,12472478
3322,11611324,12472478
3323,11611324,11699591
3324,11611324,11699591
3325,11611324,11699591
3326,11611324,11699591
3327,11611324,11747481
3328,11611324,11747481
3329,11611324,11747481
3330,11611324,11747481
3331,11611324,11793120
3332,11611324,11793120
3333,11611324,11859900
3334,11611324,11859900
3335,11611324,11859900
3336,11611324,11859900
3337,11611324,11859900
3338,11611324,11859900
3339,11611324,11859900
3340,11611324,11859900
3341,11611324,12219280
3342,11611324,12219280
3343,11611324,12219280
3344,11611324,12116935
3345,11611324,12116935
3346,11611324,12116935
3347,11611324,12116935
3348,11611324,12482367
3349,11611324,12116935
3350,11611324,12116935
3351,11611324,12116935
3352,11611324,12116935
3353,11611324,12116935
3354,11611324,12187283
3355,11611324,12187283
3356,11611324,12839368
3357,11611324,12932130
3358,11611324,12944123
3359,11611324,12649309
3360,11611324,12649309
3361,11611324,12649309
3362,11611324,12649309
3363,11611324,12692825
3364,11611324,12692825
3365,11611324,12692825
3366,11611324,12692825
3367,11611324,12692825
3368,11611324,12344825
3369,11611324,12344825
3370,11611324,12344825
3371,11611324,12344825
3372,11611324,12344825
3373,11611324,12500955
3374,11611324,12500955
3375,11611324,12500955
3376,11611324,12602873
3377,11611324,12602873
3378,11611324,12602435
3379,11611324,12602435
3380,11611324,12602435
3381,11611324,12602435
3382,11611324,13122293
3383,11611324,13122293
3384,11611324,13083011
3385,11611324,12690024
3386,11611324,12690024
3387,11611324,12690024
3388,11611324,12690024
3389,11611324,12720755
3390,11611324,12707370
3391,11611324,12707370
3392,11611324,12750778
3393,11611324,12683298
3394,11611324,12683298
3395,11611324,12683298
3396,11611324,12683298
3397,11611324,12508748
3398,11611324,12508748
3399,11611324,12508748
3400,11611324,12508748
3401,11611324,12508748
3402,11611324,12508748
3403,11611324,12508748
3404,11611324,12508748
3405,11611324,12508748
3406,11611324,12508748
3407,11611324,12508748
3408,11611324,12508748
3409,11611324,12508748
3410,11611324,12508747
3411,11611324,12516449
3412,11611324,12516449
3413,11611324,12516449
3414,11611324,12516449
3415,11611324,12385564
3416,11611324,12326108
3417,11611324,12326108
3418,11611324,12326108
3419,11611324,12326108
3420,11611324,12326108
3421,11611324,12339150
3422,11611324,12339150
3423,11611324,12339150
3424,11611324,12339150
3425,11611324,12339150
3426,11611324,12216878
3427,11611324,12278182
3428,11611324,12267922
3429,11611324,12267922
3430,11611324,12267922
3431,11611324,12267922
3432,11611324,12267922
3433,11611324,12267922
3434,11611324,12267922
3435,11611324,12267922
3436,11611324,12327880
3437,11611324,12327880
3438,11611324,12327880
3439,11611324,12326271
3440,11611324,12391250
3441,11611324,12391250
3442,11611324,12384740
3443,11611324,12426540
3444,11611324,12426540
3445,11611324,12426540
3446,11611324,12426540
3447,11611324,12396391
3448,11611324,12396391
3449,11611324,13165616
3450,11611324,13165616
3451,11611324,13165616
3452,11611324,13165616
3453,11611324,13165616
3454,11611324,13165616
3455,11611324,13165616
3456,11611324,13131872
3457,11611324,13131872
3458,11611324,13131872
3459,11611324,13131872
3460,11611324,13131872
3461,11611324,13131872
3462,11611324,13076174
3463,11611324,13176131
3464,11611324,13176131
3465,11611324,13249665
3466,11611324,13001412
3467,11611324,13001412
3468,11611324,13040714
3469,11611324,13040714
3470,11611324,13040714
3471,11611324,13040714
3472,11611324,13050983
3473,11611324,13023423
3474,11611324,13023423
3475,11611324,13023423
3476,11611324,12934371
3477,11611324,12934371
3478,11611324,12934371
3479,11611324,12934371
3480,11611324,12934371
3481,11611324,12934371
3482,11611324,12838535
3483,11611324,12838535
3484,11611324,12732937
3485,11611324,12732937
3486,11611324,12732937
3487,11611324,12732937
3488,11611324,12732937
3489,11611324,12732937
3490,11611324,12804421
3491,11611324,12758224
3492,11611324,12758224
3493,11611324,12738110
3494,11611324,12738110
3495,11611324,12738110
3496,11611324,12738110
3497,11611324,12738110
3498,11611324,12737727
3499,11611324,12737727
3500,11611324,12737727
3501,11611324,12737727
3502,11611324,12737727
3503,11611324,12737727
3504,11611324,12632620
3505,11611324,12632620
3506,11611324,12632620
3507,11611324,12596982
3508,11611324,12596982
3509,11611324,12479505
3510,11611324,12479505
3511,11611324,12479505
3512,11611324,12479505
3513,11611324,12475155
3514,11611324,12475155
3515,11611324,12475155
3516,11611324,12435791
3517,11611324,12531627
3518,11611324,12531627
3519,11611324,12456719
3520,11611324,12459895
3521,11611324,12459895
3522,11611324,12459895
3523,11611324,12459895
3524,11611324,12459895
3525,11611324,12459895
3526,11611324,12452484
3527,11611324,12472670
3528,11611324,12472670
3529,11611324,12472670
3530,11611324,12472670
3531,11611324,12553809
3532,11611324,12553809
3533,11611324,12549668
3534,11611324,12549668
3535,11611324,12549668
3536,11611324,12549668
3537,11611324,12507270
3538,11611324,12462701
3539,11611324,12462701
3540,11611324,12462701
3541,11611324,12408018
3542,11611324,12411214
3543,11611324,12411214
3544,11611324,12411214
3545,11611324,12215655
3546,11611324,12215655
3547,11611324,12215655
3548,11611324,12115744
3549,11611324,12115744
3550,11611324,12115744
3551,11611324,12115744
3552,11611324,12209251
3553,11611324,12297450
3554,11611324,12297450
3555,11611324,12297450
3556,11611324,12297450
3557,11611324,12297450
3558,11611324,12543632
3559,11611324,12543632
3560,11611324,12543632
3561,11611324,12442171
3562,11611324,12442171
3563,11611324,12442171
3564,11611324,12442171
3565,11611324,12442171
3566,11611324,12442171
3567,11611324,12442171
3568,11611324,12442171
3569,11611324,12442171
3570,11611324,12442171
3571,11611324,12442171
3572,11611324,12517445
3573,11611324,12517445
3574,11611324,12517445
3575,11611324,12517445
3576,11611324,12517445
3577,11611324,12517445
3578,11611324,12515463
3579,11611324,12515463
3580,11611324,12515463
3581,11611324,12388529
3582,11611324,12388529
3583,11611324,12388529
3584,11611324,12388529
3585,11611324,12388529
3586,11611324,12388529
3587,11611324,12198413
3588,11611324,12198413
3589,11611324,12138353
3590,11611324,12187353
3591,11611324,12187353
3592,11611324,12187353
3593,11611324,12187353
3594,11611324,12716936
3595,11611324,12617112
3596,11611324,12617112
3597,11611324,12617112
3598,11611324,12617112
3599,11611324,12617112
3600,11611324,12617112
3601,11611324,12612532
3602,11611324,12612532
3603,11611324,12612532
3604,11611324,12612532
3605,11611324,12612532
3606,11611324,12612532
3607,11611324,12612532
3608,11611324,12612532
3609,11611324,12513508
3610,11611324,12513508
3611,11611324,12427795
3612,11611324,12427795
3613,11611324,12993705
3614,11611324,12993705
3615,11611324,12993705
3616,11611324,12993705
3617,11611324,13420073
3618,11611324,13218782
3619,11611324,13218782
3620,11611324,13218782
3621,11611324,13218782
3622,11611324,13228523
3623,11611324,13228523
3624,11611324,13228523
3625,11611324,13228523
3626,11611324,13228523
3627,11611324,13228523
3628,11611324,13228523
3629,11611324,13229379
3630,11611324,13293350
3631,11611324,13268628
3632,11611324,13268628
3633,11611324,13300462
3634,11611324,13283301
3635,11611324,13154626
3636,11611324,13155503
3637,11611324,13030581
3638,11611324,13018799
3639,11611324,13018799
3640,11611324,13018799
3641,11611324,12969785
3642,11611324,12969785
3643,11611324,12969785
3644,11611324,12969785
3645,11611324,12843405
3646,11611324,12843405
3647,11611324,12812454
3648,11611324,12812454
3649,11611324,12812454
3650,11611324,12812454
3651,11611324,12804829
3652,11611324,12804829
3653,11611324,12804829
3654,11611324,12804829
3655,11611324,12733412
3656,11611324,12733412
3657,11611324,12733412
3658,11611324,12720966
3659,11611324,12720966
3660,11611324,12720966
3661,11611324,12720966
3662,11611324,12720966
3663,11611324,12720966
3664,11611324,12720966
3665,11611324,12718760
3666,11611324,13126581
3667,11611324,13126581
3668,11611324,13126581
3669,11611324,13126581
3670,11611324,13063059
3671,11611324,13063059
3672,11611324,13063059
3673,11611324,13041547
3674,11611324,13041547
3675,11611324,13041547
3676,11611324,13041547
3677,11611324,13034248
3678,11611324,13707656
3679,11611324,13516686
3680,11611324,13516686
3681,11611324,13516686
3682,11611324,13516686
3683,11611324,13516686
3684,11611324,13516686
3685,11611324,13516686
3686,11611324,13516686
3687,11611324,13516686
3688,11611324,13516686
3689,11611324,13516686
3690,11611324,13516686
3691,11611324,13516686
3692,11611324,13530064
3693,11611324,13530064
3694,11611324,13486576
3695,11611324,13486576
3696,11611324,13446339
3697,11611324,13446339
3698,11611324,13432509
3699,11611324,13432509
3700,11611324,13432509
3701,11611324,13432509
3702,11611324,13432509
3703,11611324,13353030
3704,11611324,13353030
3705,11611324,13353030
3706,11611324,13353030
3707,11611324,13353030
3708,11611324,13353030
3709,11611324,13366022
3710,11611324,13366022
3711,11611324,13191079
3712,11611324,13191079
3713,11611324,13217508
3714,11611324,13195146
3715,11611324,13195146
3716,11611324,13197352
3717,11611324,13197352
3718,11611324,13223610
3719,11611324,13329115
3720,11611324,13329115
3721,11611324,13514794
3722,11611324,13514794
3723,11611324,13514794
3724,11611324,13536046
3725,11611324,13536046
3726,11611324,13536046
3727,11611324,13536046
3728,11611324,13402578
3729,11611324,13402578
3730,11611324,13848538
3731,11611324,13848538
3732,11611324,13848538
3733,11611324,13848538
3734,11611324,13848538
3735,11611324,13848538
3736,11611324,13884406
3737,11611324,13884406
3738,11611324,13815893
3739,11611324,13815894
3740,11611324,13815894
3741,11611324,13815894
3742,11611324,13815894
3743,11611324,13815894
3744,11611324,15302610
3745,11611324,15176504
3746,11611324,15176504
3747,11611324,15162442
3748,11611324,15208080
3749,11611324,14692290
3750,11611324,14595247
3751,11611324,14595247
3752,11611324,14595247
3753,11611324,14570565
3754,11611324,14570565
3755,11611324,14621536
3756,11611324,14582697
3757,11611324,14582697
3758,11611324,14582697
3759,11611324,14582697
3760,11611324,15447966
3761,11611324,15447966
3762,11611324,15447966
3763,11611324,15447966
3764,11611324,15206834
3765,11611324,15206834
3766,11611324,15206834
3767,11611324,15206834
3768,11611324,15106352
3769,11611324,15199021
3770,11611324,15242686
3771,11611324,15242686
3772,11611324,15242686
3773,11611324,15242686
3774,11611324,15242686
3775,11611324,15242686
3776,11611324,15242686
3777,11611324,15242686
3778,11611324,15242686
3779,11611324,15895200
3780,11611324,15625669
3781,11611324,15421821
3782,11611324,15421821
3783,11611324,15421821
3784,11611324,15421821
3785,11611324,15383975
3786,11611324,15294050
3787,11611324,15294050
3788,11611324,15283626
3789,11611324,15186501
3790,11611324,15186501
3791,11611324,15186501
3792,11611324,15186501
3793,11611324,15186501
3794,11611324,14955361
3795,11611324,14900873
3796,11611324,14900873
3797,11611324,14900873
3798,11611324,14900873
3799,11611324,14378218
3800,11611324,14378218
3801,11611324,14378218
3802,11611324,14389100
3803,11611324,14389100
3804,11611324,14373784
3805,11611324,14394635
3806,11611324,14394635
3807,11611324,14394635
3808,11611324,14394635
3809,11611324,14394635
3810,11611324,14245828
3811,11611324,14389455
3812,11611324,14224924
3813,11611324,13885380
3814,11611324,13801405
3815,11611324,15222158
3816,11611324,14726518
3817,11611324,14219286
3818,11611324,14036548
3819,11611324,13930636
3820,11611324,13389136
3821,11611324,13355304
3822,11611324,13242227
3823,11611324,13103047
3824,11611324,13289116
3825,11611324,13312834
3826,11611324,13309597
3827,11611324,12874873
3828,11611324,13554368
3829,11611324,13095171
3830,11611324,13103834
3831,11611324,12964176
3832,11611324,12860554
3833,11611324,12796343
3834,11611324,12883423
3835,11611324,12664417
3836,11611324,12666263
3837,11611324,13483613
3838,11611324,13129484
3839,11611324,12965114
3840,11611324,13217209
3841,11611324,13427424
3842,11611324,13102496
3843,11611324,13972041
3844,11611324,13293254
3845,11611324,13048929
3846,11611324,13140505
3847,11611324,13222083
3848,11611324,13242559
3849,11611324,13394288
3850,11611324,13048311
3851,11611324,14027551
3852,11611324,13707660
3853,11611324,13697998
3854,11611324,13819894
3855,11611324,13442515
3856,11611324,13993308
3857,11611324,13306638
3858,11611324,13246215
3859,11611324,13324490
3860,11611324,13329773
3861,11611324,13097073
3862,11611324,12983570
3863,11611324,12968632
3864,11611324,12751630
3865,11611324,12766223
3866,11611324,12729782
3867,11611324,12946903
3868,11611324,13360025
3869,11611324,13069574
3870,11611324,13514175
3871,11611324,12814338
3872,11611324,12682151
3873,11611324,12451390
3874,11611324,12447336
3875,11611324,13455222
3876,11611324,13629603
3877,11611324,13541897
3878,11611324,12491614
3879,11611324,12769001
3880,11611324,12261489
3881,11611324,12116599
3882,11611324,12477285
3883,11611324,12689095
3884,11611324,12663230
3885,11611324,12464373
3886,11611324,12510430
3887,11611324,12239821
3888,11611324,13187155
3889,11611324,12823028
3890,11611324,12369325
3891,11611324,11908959
3892,11611324,11990963
3893,11611324,12111520
3894,11611324,12252736
3895,11611324,12848139
3896,11611324,12891725
3897,11611324,12495711
3898,11611324,12595807
3899,11611324,12589820
3900,11611324,12479547
3901,11611324,12639798
3902,11611324,13167807
3903,11611324,12742408
3904,11611324,12704036
3905,11611324,12720112
3906,11611324,12395113
3907,11611324,12118459
3908,11611324,12841107
3909,11611324,13430657
3910,11611324,12395634
3911,11611324,12618691
3912,11611324,12110172
3913,11611324,11969850
3914,11611324,12310655
3915,11611324,12382376
3916,11611324,12564767
3917,11611324,13292426
3918,11611324,12539563
3919,11611324,12744977
3920,11611324,12723065
3921,11611324,12414497
3922,11611324,12575985
3923,11611324,12594867
3924,11611324,12888694
3925,11611324,12281211
3926,11611324,12380598
3927,11611324,12458085
3928,11611324,12288341
3929,11611324,12256453
3930,11611324,12340839
3931,11611324,12280761
3932,11611324,12965518
3933,11611324,12689968
3934,11611324,12246823
3935,11611324,12465610
3936,11611324,12550263
3937,11611324,12588052
3938,11611324,12936146
3939,11611324,12643729
3940,11611324,12571408
3941,11611324,12614133
3942,11611324,13777151
3943,11611324,13127311
3944,11611324,13071520
3945,11611324,12711211
3946,11611324,12408165
3947,11611324,12948075
3948,11611324,12536957
3949,11611324,13551805
3950,11611324,14035090
3951,11611324,14004599
3952,11611324,13851294
3953,11611324,12916893
3954,11611324,12883918
3955,11611324,12893208
3956,11611324,13149199
3957,11611324,13026425
3958,11611324,13053482
3959,11611324,12997882
3960,11611324,12661800
3961,11611324,12749031
3962,11611324,12713521
3963,11611324,12953554
3964,11611324,12518056
3965,11611324,12625417
3966,11611324,12632603
3967,11611324,12451726
3968,11611324,12438531
3969,11611324,12399487
3970,11611324,13287596
3971,11611324,13622304
3972,11611324,13807340
3973,11611324,13889483
3974,11611324,14472012
3975,11611324,13211881
3976,11611324,13059622
3977,11611324,13388435
3978,11611324,13483679
3979,11611324,13251366
3980,11611324,13071208
3981,11611324,13353600
3982,11611324,12983389
3983,11611324,12855524
3984,11611324,13449433
3985,11611324,12457422
3986,11611324,12118571
3987,11611324,12141760
3988,11611324,12159352
3989,11611324,12492709
3990,11611324,12492556
3991,11611324,13452879
3992,11611324,13396130
3993,11611324,13187020
3994,11611324,13261840
3995,11611324,13199926
3996,11611324,13599236
3997,11611324,12456103
3998,11611324,12688699
3999,11611324,12277312
4000,11611324,12189462
4001,11611324,12406011
4002,11611324,12347174
4003,11611324,12415951
4004,11611324,12326687
4005,11611324,12737865
4006,11611324,12823359
4007,11611324,13102059
4008,11611324,12956691
4009,11611324,12892278
4010,11611324,12789702
4011,11611324,12657683
4012,11611324,12828785
4013,11611324,13743870
4014,11611324,13061435
4015,11611324,13009034
4016,11611324,12202476
4017,11611324,12345079
4018,11611324,12379041
4019,11611324,12922863
4020,11611324,12870015
4021,11611324,13060998
4022,11611324,12843564
4023,11611324,12908752
4024,11611324,12762913
4025,11611324,12503657
4026,11611324,12578071
4027,11611324,12745527
4028,11611324,12556616
4029,11611324,12738528
4030,11611324,12361924
4031,11611324,12308495
4032,11611324,12269992
4033,11611324,12161784
4034,11611324,12344699
4035,11611324,12609558
4036,11611324,12971739
4037,11611324,13102585
4038,11611324,13308744
4039,11611324,12993544
4040,11611324,12791075
4041,11611324,13409820
4042,11611324,13294352
4043,11611324,13300020
4044,11611324,12971453
4045,11611324,13036675
4046,11611324,13496166
4047,11611324,12475995
4048,11611324,12510582
4049,11611324,12821314
4050,11611324,12866751
4051,11611324,12600115
4052,11611324,12121593
4053,11611324,12200852
4054,11611324,12106485
4055,11611324,12435979
4056,11611324,12275731
4057,11611324,12283179
4058,11611324,12271564
4059,11611324,12747508
4060,11611324,12165065
4061,11611324,12691710
4062,11611324,12264032
4063,11611324,12349692
4064,11611324,12521878
4065,11611324,12833440
4066,11611324,12695583
4067,11611324,12702232
4068,11611324,12956756
4069,11611324,13557785
4070,11611324,13572197
4071,11611324,13474976
4072,11611324,13661606
4073,11611324,13555154
4074,11611324,13299638
4075,11611324,13422929
4076,11611324,12710833
4077,11611324,13208097
4078,11611324,13125222
4079,11611324,12647313
4080,11611324,12796284
4081,11611324,12835087
4082,11611324,12948860
4083,11611324,12680434
4084,11611324,12817784
4085,11611324,12415597
4086,11611324,13333595
4087,11611324,14462342
4088,11611324,13349950
4089,11611324,13254441
4090,11611324,12183863
4091,11611324,12151422
4092,11611324,12332164
4093,11611324,12306549
4094,11611324,12909568
4095,11611324,12292434
4096,11611324,12239564
4097,11611324,12694788
4098,11611324,12516609
4099,11611324,12406121
4100,11611324,12166073
4101,11611324,12431728
4102,11611324,11982877
4103,11611324,12006420
4104,11611324,12354652
4105,11611324,12027954
4106,11611324,11769457
4107,11611324,11796284
4108,11611324,12227825
4109,11611324,12541208
4110,11611324,11793036
4111,11534665,11534665
4112,11534665,11616738
4113,11534665,11631188
4114,11509516,11509516
4115,11509516,11509516
4116,11509516,11509516
4117,11509516,11509516
4118,11509516,11509516
4119,11509516,11509516
4120,11509516,11509516
4121,11509516,11509516
4122,11509516,11509516
4123,11509516,11509516
4124,11509516,11509516
4125,11509516,11509516
4126,11509516,11872109
4127,11509516,11872109
4128,11509516,12188683
4129,11509516,12188683
4130,11509516,12188683
4131,11509516,12188683
4132,11509516,12188683
4133,11509516,12188683
4134,11509516,12188683
4135,11509516,12122150
4136,11509516,12122150
4137,11509516,12122150
4138,11509516,12122423
4139,11509516,12122423
4140,11509516,12122423
4141,11509516,12122423
4142,11509516,12067677
4143,11509516,12067677
4144,11509516,12062878
4145,11509516,12062878
4146,11509516,12062878
4147,11509516,12062878
4148,11509516,12141789
4149,11509516,12107756
4150,11509516,12112449
4151,11509516,12112449
4152,11509516,12254143
4153,11509516,12262955
4154,11509516,12298211
4155,11509516,12334721
4156,11509516,12273407
4157,11509516,12273407
4158,11509516,11942023
4159,11509516,11942023
4160,11509516,11942023
4161,11509516,11942023
4162,11509516,11942023
4163,11509516,11955667
4164,11509516,12005630
4165,11509516,12005630
4166,11509516,12005630
4167,11509516,11999586
4168,11509516,12009373
4169,11509516,12009373
4170,11509516,12009373
4171,11509516,12009373
4172,11509516,12009373
4173,11509516,12009373
4174,11509516,12009373
4175,11509516,11955528
4176,11509516,12466908
4177,11509516,12466908
4178,11509516,12466908
4179,11509516,12466908
4180,11509516,12466908
4181,11509516,12466908
4182,11509516,12466908
4183,11509516,12466908
4184,11509516,12380827
4185,11509516,12380827
4186,11509516,12380827
4187,11509516,12380827
4188,11509516,12354868
4189,11509516,12354868
4190,11509516,12354868
4191,11509516,12354868
4192,11509516,12354868
4193,11509516,12354868
4194,11509516,12354868
4195,11509516,12354868
4196,11509516,12354868
4197,11509516,12354868
4198,11509516,12354868
4199,11509516,12267948
4200,11509516,12267948
4201,11509516,12267948
4202,11509516,12138820
4203,11509516,12138820
4204,11509516,12138820
4205,11509516,12138820
4206,11509516,12138820
4207,11509516,12138820
4208,11509516,12138820
4209,11509516,12138820
4210,11509516,12138820
4211,11509516,12138820
4212,11509516,12127269
4213,11509516,12127269
4214,11509516,12127269
4215,11509516,12127269
4216,11509516,12127269
4217,11509516,12167507
4218,11509516,12167507
4219,11509516,12167507
4220,11509516,12167507
4221,11509516,12512421
4222,11509516,12512421
4223,11509516,12512421
4224,11509516,12494250
4225,11509516,12494250
4226,11509516,12494250
4227,11509516,12494250
4228,11509516,12494250
4229,11509516,12600767
4230,11509516,13120338
4231,11509516,13120338
4232,11509516,13120338
4233,11509516,13120338
4234,11509516,13120338
4235,11509516,13120338
4236,11509516,13120338
4237,11509516,13024482
4238,11509516,13024482
4239,11509516,13024482
4240,11509516,13024482
4241,11509516,13024482
4242,11509516,13024482
4243,11509516,13031294
4244,11509516,12962540
4245,11509516,13124648
4246,11509516,13012149
4247,11509516,12946415
4248,11509516,12945967
4249,11509516,12945967
4250,11509516,12945224
4251,11509516,12940807
4252,11509516,12940807
4253,11509516,12940807
4254,11509516,12940807
4255,11509516,12940807
4256,11509516,12940807
4257,11509516,13560343
4258,11509516,13580308
4259,11509516,13574633
4260,11509516,13574633
4261,11509516,13574633
4262,11509516,13574633
4263,11509516,13574633
4264,11509516,13577441
4265,11509516,13577441
4266,11509516,13577441
4267,11509516,13577441
4268,11509516,13577441
4269,11509516,13585029
4270,11509516,13579414
4271,11509516,13579414
4272,11509516,13579414
4273,11509516,13886431
4274,11509516,13602257
4275,11509516,13602257
4276,11509516,13515330
4277,11509516,13515330
4278,11509516,13426797
4279,11509516,13345350
4280,11509516,13341358
4281,11509516,13220587
4282,11509516,13220587
4283,11509516,13220587
4284,11509516,13220587
4285,11509516,13220587
4286,11509516,13220587
4287,11509516,13220587
4288,11509516,13213551
4289,11509516,13213551
4290,11509516,13213551
4291,11509516,14240996
4292,11509516,14154249
4293,11509516,14134868
4294,11509516,14134868
4295,11509516,13837167
4296,11509516,13842041
4297,11509516,13850965
4298,11509516,13850965
4299,11509516,13850965
4300,11509516,13850965
4301,11509516,13850965
4302,11509516,13842041
4303,11509516,13839233
4304,11509516,13839233
4305,11509516,13880177
4306,11509516,13880177
4307,11509516,13880177
4308,11509516,13880177
4309,11509516,13880177
4310,11509516,13804506
4311,11509516,13804506
4312,11509516,13804506
4313,11509516,13804506
4314,11509516,13804506
4315,11509516,13804506
4316,11509516,13804506
4317,11509516,13775068
4318,11509516,13743859
4319,11509516,13743859
4320,11509516,13737714
4321,11509516,13698150
4322,11509516,13642995
4323,11509516,13605834
4324,11509516,13605834
4325,11509516,13765498
4326,11509516,13765498
4327,11509516,13782008
4328,11509516,13782008
4329,11509516,13782008
4330,11509516,13782008
4331,11509516,13782008
4332,11509516,13768630
4333,11509516,13718427
4334,11509516,13718427
4335,11509516,13718427
4336,11509516,13718427
4337,11509516,13718427
4338,11509516,13721919
4339,11509516,13649058
4340,11509516,13618698
4341,11509516,13572247
4342,11509516,13572247
4343,11509516,13572247
4344,11509516,13572247
4345,11509516,13204598
4346,11509516,13204598
4347,11509516,13240872
4348,11509516,13222664
4349,11509516,13623471
4350,11509516,13623471
4351,11509516,13506141
4352,11509516,13416188
4353,11509516,13403981
4354,11509516,13403981
4355,11509516,13403981
4356,11509516,13370990
4357,11509516,13370990
4358,11509516,13370990
4359,11509516,13066184
4360,11509516,13066184
4361,11509516,12934880
4362,11509516,12934880
4363,11509516,12934880
4364,11509516,12970930
4365,11509516,12924894
4366,11509516,12924894
4367,11509516,12924894
4368,11509516,12924894
4369,11509516,12924894
4370,11509516,12924894
4371,11509516,12924894
4372,11509516,12921472
4373,11509516,12910982
4374,11509516,12910982
4375,11509516,13161490
4376,11509516,12738789
4377,11509516,12738789
4378,11509516,12738789
4379,11509516,12723775
4380,11509516,12723775
4381,11509516,12723775
4382,11509516,12723775
4383,11509516,12696306
4384,11509516,12696306
4385,11509516,12696306
4386,11509516,12703470
4387,11509516,12698816
4388,11509516,12664651
4389,11509516,12664651
4390,11509516,12673388
4391,11509516,12673388
4392,11509516,12673388
4393,11509516,12673388
4394,11509516,12691596
4395,11509516,12691596
4396,11509516,12691596
4397,11509516,12493529
4398,11509516,12487769
4399,11509516,12471018
4400,11509516,12471018
4401,11509516,12430894
4402,11509516,12430894
4403,11509516,12430894
4404,11509516,12479511
4405,11509516,12479511
4406,11509516,12436945
4407,11509516,12441086
4408,11509516,12460257
4409,11509516,12362004
4410,11509516,12349627
4411,11509516,12725470
4412,11509516,12663935
4413,11509516,12663935
4414,11509516,12659849
4415,11509516,12659849
4416,11509516,12617805
4417,11509516,12617805
4418,11509516,12617805
4419,11509516,12601889
4420,11509516,12601889
4421,11509516,12609376
4422,11509516,12609376
4423,11509516,12348088
4424,11509516,12348088
4425,11509516,12348088
4426,11509516,12274762
4427,11509516,12274762
4428,11509516,12296821
4429,11509516,12296821
4430,11509516,12156580
4431,11509516,12156580
4432,11509516,12156580
4433,11509516,12156580
4434,11509516,12156580
4435,11509516,12018848
4436,11509516,12018848
4437,11509516,12005039
4438,11509516,12005039
4439,11509516,12012205
4440,11509516,12012205
4441,11509516,12012205
4442,11509516,12012205
4443,11509516,11990633
4444,11509516,11990633
4445,11509516,11949268
4446,11509516,11949268
4447,11509516,11949268
4448,11509516,11949268
4449,11509516,11949268
4450,11509516,11996481
4451,11509516,12919583
4452,11509516,12911614
4453,11509516,12819993
4454,11509516,12819993
4455,11509516,12819993
4456,11509516,12743473
4457,11509516,12774682
4458,11509516,12774682
4459,11509516,12807849
4460,11509516,12807849
4461,11509516,13242443
4462,11509516,13236086
4463,11509516,13236086
4464,11509516,13236086
4465,11509516,13236086
4466,11509516,13236086
4467,11509516,13217091
4468,11509516,13217091
4469,11509516,13254864
4470,11509516,13231732
4471,11509516,13077311
4472,11509516,13077311
4473,11509516,13077311
4474,11509516,13374166
4475,11509516,13374166
4476,11509516,13374166
4477,11509516,13455521
4478,11509516,13455521
4479,11509516,13455521
4480,11509516,13282982
4481,11509516,13289680
4482,11509516,13289680
4483,11509516,13289680
4484,11509516,12963402
4485,11509516,12955561
4486,11509516,12955561
4487,11509516,12990869
4488,11509516,12990869
4489,11509516,12990869
4490,11509516,12990869
4491,11509516,12953349
4492,11509516,12913541
4493,11509516,12913541
4494,11509516,12437127
4495,11509516,12352388
4496,11509516,12352388
4497,11509516,12352388
4498,11509516,12351889
4499,11509516,12327093
4500,11509516,12361723
4501,11509516,12361723
4502,11509516,12361723
4503,11509516,12361723
4504,11509516,12341048
4505,11509516,12341048
4506,11509516,12341048
4507,11509516,12341048
4508,11509516,12341049
4509,11509516,12390271
4510,11509516,12390271
4511,11509516,12390271
4512,11509516,12328852
4513,11509516,12328852
4514,11509516,12328852
4515,11509516,11894258
4516,11509516,11894258
4517,11509516,11894258
4518,11509516,11944860
4519,11509516,11944860
4520,11509516,11944860
4521,11509516,11944860
4522,11509516,11952299
4523,11509516,11952299
4524,11509516,11884936
4525,11509516,11824389
4526,11509516,11852693
4527,11509516,11852693
4528,11509516,11834485
4529,11509516,11834485
4530,11509516,11834485
4531,11509516,11834485
4532,11509516,11834485
4533,11509516,11834485
4534,11509516,11834485
4535,11509516,11834485
4536,11509516,11834485
4537,11509516,11834485
4538,11509516,11834485
4539,11509516,11834485
4540,11509516,11834485
4541,11509516,11834485
4542,11509516,11834485
4543,11509516,11834485
4544,11509516,11834485
4545,11509516,11834485
4546,11509516,11834485
4547,11509516,11834485
4548,11509516,11834485
4549,11509516,11834485
4550,11509516,11834485
4551,11509516,11857991
4552,11509516,11810315
4553,11509516,11810315
4554,11509516,12339867
4555,11509516,12339867
4556,11509516,12339386
4557,11509516,12339386
4558,11509516,12339386
4559,11509516,12339386
4560,11509516,12339386
4561,11509516,12339386
4562,11509516,12344617
4563,11509516,12344617
4564,11509516,12344617
4565,11509516,12330914
4566,11509516,12330914
4567,11509516,12330914
4568,11509516,12303531
4569,11509516,12303531
4570,11509516,12303531
4571,11509516,12281213
4572,11509516,12281213
4573,11509516,12281213
4574,11509516,12249783
4575,11509516,12249783
4576,11509516,12223205
4577,11509516,12223205
4578,11509516,12223205
4579,11509516,12223205
4580,11509516,12223205
4581,11509516,12223205
4582,11509516,12223205
4583,11509516,12223205
4584,11509516,12159015
4585,11509516,12159015
4586,11509516,12159015
4587,11509516,12166984
4588,11509516,12166984
4589,11509516,12166984
4590,11509516,11990024
4591,11509516,11990024
4592,11509516,11990024
4593,11509516,11990024
4594,11509516,11990024
4595,11509516,11990024
4596,11509516,11990024
4597,11509516,11990024
4598,11509516,11990024
4599,11509516,11990024
4600,11509516,11914350
4601,11509516,11914350
4602,11509516,11914350
4603,11509516,11914350
4604,11509516,11914350
4605,11509516,11914350
4606,11509516,11914350
4607,11509516,11801588
4608,11509516,11801588
4609,11509516,11801588
4610,11509516,11801588
4611,11509516,11842727
4612,11509516,11842727
4613,11509516,11842727
4614,11509516,13380375
4615,11509516,13085425
4616,11509516,13199588
4617,11509516,12979432
4618,11509516,12418119
4619,11509516,12394115
4620,11509516,13251900
4621,11509516,13224331
4622,11509516,12753453
4623,11509516,12441458
4624,11509516,12308902
4625,11509516,12864189
4626,11509516,12503869
4627,11509516,12175977
4628,11509516,12401892
4629,11509516,12825467
4630,11509516,13215316
4631,11509516,14028869
4632,11509516,13610375
4633,11509516,13758488
4634,11509516,13643502
4635,11509516,12790698
4636,11509516,12700388
4637,11509516,13158920
4638,11509516,13392959
4639,11509516,13500691
4640,11509516,13007854
4641,11509516,13417723
4642,11509516,13261798
4643,11509516,13063600
4644,11509516,13470983
4645,11509516,12927826
4646,11509516,13178996
4647,11509516,12799336
4648,11509516,12900638
4649,11509516,12442473
4650,11509516,13033767
4651,11509516,12240062
4652,11509516,12208038
4653,11509516,12706790
4654,11509516,12388980
4655,11509516,12889729
4656,11509516,13586857
4657,11509516,13556146
4658,11509516,13491437
4659,11509516,14021959
4660,11509516,13004213
4661,11509516,13093230
4662,11509516,13057412
4663,11509516,13342032
4664,11509516,13389798
4665,11509516,13143614
4666,11509516,13493167
4667,11509516,12722126
4668,11509516,12733530
4669,11509516,14230083
4670,11509516,13432209
4671,11509516,13495433
4672,11509516,14119307
4673,11509516,13795897
4674,11509516,13727171
4675,11509516,13823095
4676,11509516,12805989
4677,11509516,13477148
4678,11509516,12982082
4679,11509516,12788337
4680,11509516,13076123
4681,11509516,12582565
4682,11509516,12344247
4683,11509516,12188591
4684,11509516,12183563
4685,11509516,12619952
4686,11509516,12680220
4687,11509516,12697532
4688,11509516,13566145
4689,11509516,13056913
4690,11509516,12448887
4691,11509516,13452769
4692,11509516,12433107
4693,11509516,12571051
4694,11509516,12559095
4695,11509516,13083955
4696,11509516,12816703
4697,11509516,12870759
4698,11509516,12369417
4699,11509516,13374176
4700,11509516,12687278
4701,11509516,12572184
4702,11509516,13306122
4703,11509516,12985532
4704,11509516,13144100
4705,11509516,13312262
4706,11509516,13124113
4707,11509516,14531421
4708,11509516,13168063
4709,11509516,13386458
4710,11509516,13334658
4711,11509516,13622760
4712,11509516,13039564
4713,11509516,14395396
4714,11509516,14319955
4715,11509516,14623508
4716,11509516,13941218
4717,11509516,14691069
4718,11509516,14011699
4719,11509516,13973891
4720,11509516,13907114
4721,11509516,13852259
4722,11509516,13940108
4723,11509516,13686421
4724,11509516,13649525
4725,11509516,13713813
4726,11509516,13424647
4727,11509516,13486423
4728,11509516,13576928
4729,11509516,12665084
4730,11509516,13379164
4731,11509516,13575703
4732,11509516,12998147
4733,11509516,13181855
4734,11509516,13748122
4735,11509516,13370766
4736,11509516,14080517
4737,11509516,15311542
4738,11509516,13531732
4739,11509516,13394174
4740,11509516,13808954
4741,11509516,13197685
4742,11509516,12995169
4743,11509516,12308760
4744,11509516,12575673
4745,11509516,12597900
4746,11509516,12617729
4747,11509516,12918052
4748,11509516,12616578
4749,11509516,12513030
4750,11509516,12818319
4751,11509516,12865831
4752,11509516,13002470
4753,11509516,12457376
4754,11509516,12297684
4755,11509516,12379196
4756,11509516,12404103
4757,11509516,12287834
4758,11509516,12403123
4759,11509516,12429993
4760,11509516,12339847
4761,11509516,12125548
4762,11509516,12257257
4763,11509516,12348814
4764,11509516,13284831
4765,11509516,12579809
4766,11509516,13221583
4767,11509516,12878896
4768,11509516,12667279
4769,11509516,12651488
4770,11509516,12636921
4771,11509516,12564075
4772,11509516,13171775
4773,11509516,13688357
4774,11509516,13166340
4775,11509516,12913129
4776,11509516,13017292
4777,11509516,13253601
4778,11509516,13568685
4779,11509516,13801548
4780,11509516,14165999
4781,11509516,14221346
4782,11509516,14922038
4783,11509516,13430396
4784,11509516,13158637
4785,11509516,13083336
4786,11509516,12983473
4787,11509516,13338931
4788,11509516,13158222
4789,11509516,13056819
4790,11509516,12574545
4791,11509516,12475014
4792,11509516,12422694
4793,11509516,13022446
4794,11509516,12724509
4795,11509516,12752217
4796,11509516,13563897
4797,11509516,12383533
4798,11509516,12584747
4799,11509516,12368497
4800,11509516,12460838
4801,11509516,13010443
4802,11509516,12934525
4803,11509516,12821355
4804,11509516,12990849
4805,11509516,12964001
4806,11509516,13089156
4807,11509516,13452537
4808,11509516,14187872
4809,11509516,14393792
4810,11509516,14909064
4811,11509516,14291646
4812,11509516,14069956
4813,11509516,13993569
4814,11509516,14302221
4815,11509516,14185751
4816,11509516,13672938
4817,11509516,13666585
4818,11509516,13951363
4819,11509516,14187926
4820,11509516,14265848
4821,11509516,13101643
4822,11509516,13030669
4823,11509516,12450994
4824,11509516,12506798
4825,11509516,12663620
4826,11509516,13177931
4827,11509516,13786743
4828,11509516,13671574
4829,11509516,13551279
4830,11509516,13296823
4831,11509516,13107567
4832,11509516,13237533
4833,11509516,13372126
4834,11509516,12983874
4835,11509516,13185619
4836,11509516,13110231
4837,11509516,13536593
4838,11509516,13645862
4839,11509516,12841987
4840,11509516,13900483
4841,11509516,14054951
4842,11509516,13284297
4843,11509516,13534529
4844,11509516,13057317
4845,11509516,13426615
4846,11509516,14023319
4847,11509516,12260309
4848,11509516,12213262
4849,11509516,12631752
4850,11509516,12591322
4851,11509516,12636837
4852,11509516,12529985
4853,11509516,12702229
4854,11509516,12335754
4855,11509516,12624228
4856,11509516,13481629
4857,11509516,12764307
4858,11509516,12688727
4859,11509516,12745233
4860,11509516,12753472
4861,11509516,12737723
4862,11509516,12456962
4863,11509516,12427190
4864,11509516,12359807
4865,11509516,12300880
4866,11509516,12382526
4867,11509516,12523266
4868,11509516,12566774
4869,11509516,12353347
4870,11509516,12448538
4871,11509516,12188013
4872,11509516,12350087
4873,11509516,12545738
4874,11509516,12475320
4875,11509516,12588527
4876,11509516,12888910
4877,11509516,12448562
4878,11509516,13004088
4879,11509516,12831129
4880,11509516,12710695
4881,11509516,12664538
4882,11509516,12460480
4883,11509516,12485488
4884,11509516,12488296
4885,11509516,12939045
4886,11509516,12499876
4887,11509516,12262582
4888,11509516,12582578
4889,11509516,12246246
4890,11509516,12368565
4891,11509516,12449410
4892,11509516,12632774
4893,11509516,12699696
4894,11509516,13083398
4895,11509516,12335710
4896,11509516,13434183
4897,11509516,13817378
4898,11509516,13148167
4899,11509516,13645363
4900,11509516,13513246
4901,11509516,13222032
4902,11509516,13314811
4903,11509516,13906433
4904,11509516,13427485
4905,11509516,13382405
4906,11509516,13187885
4907,11509516,13251050
4908,11509516,12921501
4909,11509516,12673448
4910,11509516,12527441
4911,11509516,12984281
4912,11509516,12579678
4913,11509516,12991567
4914,11509516,12530961
4915,11509516,12896423
4916,11509516,12823979
4917,11509516,12461134
4918,11509516,13094195
4919,11509516,13984511
4920,11509516,13156930
4921,11509516,12613100
4922,11509516,12762311
4923,11509516,12581636
4924,11509516,12595457
4925,11509516,12628073
4926,11509516,12230203
4927,11509516,12890151
4928,11509516,12992904
4929,11509516,13352930
4930,11509516,12838869
4931,11509516,13653202
4932,11509516,13214991
4933,11509516,13143733
4934,11509516,12776096
4935,11509516,12686313
4936,11509516,12750039
4937,11509516,13224513
4938,11509516,13514240
4939,11509516,12729114
4940,11509516,12814323
4941,11509516,12803368
4942,11509516,12828934
4943,11509516,13465053
4944,11509516,12400789
4945,11509516,12543310
4946,11509516,12723771
4947,11509516,13102095
4948,11509516,12575299
4949,11509516,12805222
4950,11509516,12806087
4951,11509516,12567123
4952,11509516,13359171
4953,11509516,12764865
4954,11509516,13176722
4955,11509516,13478456
4956,11509516,12559373
4957,11509516,12628850
4958,11509516,12887975
4959,11509516,12781205
4960,11509516,12723529
4961,11509516,13264767
4962,11509516,12713563
4963,11509516,13057466
4964,11509516,13082778
4965,11509516,12992603
4966,11509516,12385478
4967,11509516,12903620
4968,11509516,13583413
4969,11509516,13108147
4970,11509516,13246965
4971,11509516,13010608
4972,11509516,13201128
4973,11509516,13254347
4974,11509516,13043568
4975,11509516,13305747
4976,11509516,13519300
4977,11509516,13454451
4978,11509516,13348965
4979,11509516,13330047
4980,11509516,13452090
4981,11509516,13093682
4982,11509516,13483907
4983,11509516,13357239
4984,11509516,13408401
4985,11509516,13249424
4986,11509516,13091837
4987,11509516,12955171
4988,11509516,14144831
4989,11509516,14085499
4990,11509516,14817536
4991,11509516,13723004
4992,11509516,13767216
4993,11509516,14220573
4994,11509516,13856416
4995,11509516,13909944
4996,11509516,13472593
4997,11509516,13724870
4998,11509516,13260386
4999,11509516,13988372
5000,11509516,13125968
5001,11509516,13176253
5002,11509516,13903496
5003,11509516,14134858
5004,11509516,14805830
5005,11509516,14790031
5006,11509516,13550017
5007,11509516,14264064
5008,11509516,13812037
5009,11509516,12387742
5010,11509516,12639745
5011,11509516,13042880
5012,11509516,13007023
5013,11509516,13105448
5014,11509516,13156826
5015,11509516,13080831
5016,11509516,13168056
5017,11509516,12947902
5018,11509516,12696425
5019,11509516,13209128
5020,11509516,12754615
5021,11509516,13110805
5022,11509516,12919724
5023,11509516,13208804
5024,11509516,12683579
5025,11509516,12503241
5026,11509516,12288892
5027,11509516,12837411
5028,11509516,12734158
5029,11509516,13070465
5030,11509516,12878541
5031,11509516,13019048
5032,11509516,12326985
5033,11509516,12713108
5034,11509516,12161089
5035,11509516,12412206
5036,11509516,12699189
5037,11509516,13550042
5038,11509516,12452860
5039,11509516,12606733
5040,11509516,12506386
5041,11509516,12774187
5042,11509516,12631825
5043,11509516,13240298
5044,11509516,12866332
5045,11509516,12598334
5046,11509516,13984979
5047,11509516,12639536
5048,11509516,12511135
5049,11509516,13087678
5050,11509516,13547841
5051,11509516,13139515
5052,11509516,13601376
5053,11509516,12954060
5054,11509516,13929631
5055,11509516,13104414
5056,11509516,13088180
5057,11509516,13204178
5058,11509516,13566157
5059,11509516,13340944
5060,11509516,12855467
5061,11509516,12773049
5062,11509516,12712456
5063,11509516,13681320
5064,11509516,13401338
5065,11509516,13223316
5066,11509516,13014364
5067,11509516,13646432
5068,11509516,13586466
5069,11509516,12580175
5070,11509516,13178115
5071,11509516,13333757
5072,11509516,13351817
5073,11509516,13196391
5074,11509516,13754325
5075,11509516,13187394
5076,11509516,12811965
5077,11509516,12814710
5078,11509516,12951332
5079,11509516,14379761
5080,11509516,13065769
5081,11509516,13506018
5082,11509516,13781670
5083,11509516,13770130
5084,11509516,13565624
5085,11509516,13607339
5086,11509516,13447780
5087,11509516,14510249
5088,11509516,14127388
5089,11509516,14276416
5090,11509516,14273912
5091,11509516,13963127
5092,11509516,13958917
5093,11509516,13986426
5094,11509516,13916816
5095,11509516,14084943
5096,11509516,14098043
5097,11509516,14169299
5098,11509516,14033772
5099,11509516,13677313
5100,11509516,13401803
5101,11509516,13932901
5102,11509516,14155425
5103,11509516,14685581
5104,11509516,14416866
5105,11509516,13796730
5106,11509516,13639032
5107,11509516,13236798
5108,11509516,13284164
5109,11509516,13201155
5110,11509516,13462223
5111,11509516,13354286
5112,11509516,13773715
5113,11509516,13989301
5114,11509516,14192868
5115,11509516,14498086
5116,11509516,14577168
5117,11509516,14111572
5118,11509516,13739433
5119,11509516,14709971
5120,11509516,14160142
5121,11509516,13252474
5122,11509516,12834845
5123,11509516,12769887
5124,11509516,12764231
5125,11509516,14573381
5126,11509516,13770355
5127,11509516,13735727
5128,11509516,13796876
5129,11509516,14329128
5130,11509516,15170461
5131,11509516,14840393
5132,11509516,14534088
5133,11509516,14399223
5134,11509516,14475220
5135,11509516,14398771
5136,11509516,14264919
5137,11509516,14229761
5138,11509516,14137431
5139,11509516,14015299
5140,11509516,14811839
5141,11509516,13566955
5142,11509516,13556432
5143,11509516,13296403
5144,11509516,13226403
5145,11509516,13012005
5146,11509516,13124752
5147,11509516,13048899
5148,11509516,13156296
5149,11509516,13333566
5150,11509516,13302377
5151,11509516,13185476
5152,11509516,13706599
5153,11509516,13311844
5154,11509516,13478301
5155,11509516,13451444
5156,11509516,13110323
5157,11509516,13036855
5158,11509516,13842686
5159,11509516,12631994
5160,11509516,12490165
5161,11509516,12924323
5162,11509516,13191836
5163,11509516,12675755
5164,11509516,12860322
5165,11509516,12197109
5166,11509516,12553698
5167,11509516,12423566
5168,11509516,12463389
5169,11509516,12530488
5170,11509516,12445548
5171,11509516,12925703
5172,11509516,13035986
5173,11509516,13230715
5174,11509516,12887078
5175,11509516,12290506
5176,11509516,12438748
5177,11509516,13373194
5178,11509516,13149782
5179,11509516,12266962
5180,11509516,12245847
5181,11509516,12231176
5182,11509516,12047213
5183,11509516,12096051
5184,11509516,12902261
5185,11509516,12112005
5186,11509516,13254680
5187,11509516,13176591
5188,11509516,12720714
5189,11509516,12755747
5190,11509516,12971110
5191,11509516,13636603
5192,11509516,13143921
5193,11509516,12974720
5194,11509516,13069500
5195,11509516,13135337
5196,11509516,13176994
5197,11509516,13152577
5198,11509516,13293756
5199,11509516,14119798
5200,11509516,13291164
5201,11509516,13348340
5202,11509516,14015128
5203,11509516,13713552
5204,11509516,13384233
5205,11509516,13178558
5206,11509516,12991208
5207,11509516,13644231
5208,11509516,14121916
5209,11509516,14020453
5210,11509516,13882400
5211,11509516,13543027
5212,11509516,13534663
5213,11509516,13252939
5214,11509516,13633224
5215,11509516,13427325
5216,11509516,13317510
5217,11509516,13210916
5218,11509516,12905497
5219,11509516,12987035
5220,11509516,15912530
5221,11509516,14810676
5222,11509516,14759701
5223,11509516,14569038
5224,11509516,14933743
5225,11509516,14726979
5226,11509516,14406560
5227,11509516,14296037
5228,11509516,13069930
5229,11509516,14076503
5230,11509516,13302792
5231,11509516,12528726
5232,11509516,12643823
5233,11509516,12398946
5234,11509516,12717766
5235,11509516,12209544
5236,11509516,12931970
5237,11509516,12273894
5238,11509516,12080813
5239,11509516,12534192
5240,11509516,12407049
5241,11509516,12386499
5242,11509516,12464777
5243,11509516,12499123
5244,11509516,12420568
5245,11509516,12948176
5246,11509516,12848015
5247,11509516,12882255
5248,11509516,13104739
5249,11509516,13462690
5250,11509516,13041476
5251,11509516,13051890
5252,11509516,12985560
5253,11509516,13236090
5254,11509516,13222169
5255,11509516,13174587
5256,11509516,13095368
5257,11509516,13493759
5258,11509516,13110441
5259,11509516,13143154
5260,11509516,12781524
5261,11509516,13004258
5262,11509516,12869108
5263,11509516,12692007
5264,11509516,13435638
5265,11509516,12715235
5266,11509516,13137353
5267,11509516,13454866
5268,11509516,13094954
5269,11509516,13036555
5270,11509516,13326855
5271,11509516,13780738
5272,11509516,13564212
5273,11509516,13842899
5274,11509516,13652535
5275,11509516,14061733
5276,11509516,13630025
5277,11509516,13216459
5278,11509516,13171303
5279,11509516,13305085
5280,11509516,12176307
5281,11509516,12143519
5282,11509516,13798976
5283,11509516,12498196
5284,11509516,12658670
5285,11509516,12677576
5286,11509516,12761857
5287,11509516,13721809
5288,11509516,13115837
5289,11509516,13202932
5290,11509516,13163526
5291,11509516,13964956
5292,11509516,13316319
5293,11509516,13449232
5294,11509516,14209929
5295,11509516,13999303
5296,11509516,13929899
5297,11509516,13629322
5298,11509516,13300753
5299,11509516,13367894
5300,11509516,12825361
5301,11509516,12653821
5302,11509516,12682905
5303,11509516,12560664
5304,11509516,13832140
5305,11509516,12659968
5306,11509516,12765691
5307,11509516,12639508
5308,11509516,12578062
5309,11509516,12500659
5310,11509516,12699681
5311,11509516,12419138
5312,11509516,12450523
5313,11509516,13352558
5314,11509516,12773594
5315,11509516,13297238
5316,11509516,12842520
5317,11509516,13622119
5318,11509516,13648335
5319,11509516,12678059
5320,11509516,12868144
5321,11509516,13368623
5322,11509516,12719460
5323,11509516,13234778
5324,11509516,13933618
5325,11509516,12375442
5326,11509516,12806522
5327,11509516,12079631
5328,11509516,12364092
5329,11509516,12129787
5330,11509516,13556797
5331,11509516,13335922
5332,11509516,13221424
5333,11509516,12279501
5334,11509516,12263834
5335,11509516,12677644
5336,11509516,12426699
5337,11509516,12276492
5338,11509516,12321954
5339,11509516,12441652
5340,11509516,12299446
5341,11509516,12251562
5342,11509516,12398684
5343,11509516,12344981
5344,11509516,12401339
5345,11509516,12815249
5346,11509516,12431173
5347,11509516,12428772
5348,11509516,12343257
5349,11509516,12837614
5350,11509516,12338751
5351,11509516,12005698
5352,11509516,12072326
5353,11509516,12290222
5354,11509516,12884293
5355,11509516,12756882
5356,11509516,12300443
5357,11509516,12252335
5358,11509516,12102547
5359,11509516,12508466
5360,11509516,12458268
5361,11509516,12698290
5362,11509516,11611050
5363,11509516,11570607
5364,11509516,12201981
5365,11509516,11563976
5366,11505916,11505916
5367,11491983,11491983
5368,11423251,11423251
5369,11423251,11423251
5370,11412515,11412515
5371,11412515,11412515
5372,11412515,11412515
5373,11412515,11412515
5374,11412515,11412515
5375,11412515,11412515
5376,11381900,11381900
5377,11381900,11381900
5378,11381900,11381900
5379,11381900,11381900
5380,11381900,11381900
5381,11381900,11381900
5382,11381900,11407058
5383,11381900,12191735
5384,11381900,11648260
5385,11381900,11648260
5386,11381900,11921060
5387,11381900,12487613
5388,11381900,12487613
5389,11381900,12487613
5390,11381900,12777934
5391,11381900,12777934
5392,11381900,12812935
5393,11381900,12812935
5394,11381900,12812935
5395,11381900,13018278
5396,11381900,13018278
5397,11381900,12891409
5398,11381900,12815618
5399,11381900,12815618
5400,11381900,12815618
5401,11381900,12815618
5402,11381900,12815618
5403,11381900,12788081
5404,11381900,12788081
5405,11381900,12853485
5406,11381900,12713648
5407,11381900,12713648
5408,11381900,12713648
5409,11381900,12710475
5410,11381900,12710475
5411,11381900,12710475
5412,11381900,12710475
5413,11381900,12695275
5414,11381900,12531355
5415,11381900,12531355
5416,11381900,12529221
5417,11381900,12529221
5418,11381900,12529221
5419,11381900,12529221
5420,11381900,12529221
5421,11381900,12529221
5422,11381900,12529221
5423,11381900,12529221
5424,11381900,12471398
5425,11381900,12321780
5426,11381900,12321780
5427,11381900,12360240
5428,11381900,12357400
5429,11381900,12357400
5430,11381900,12346482
5431,11381900,12346482
5432,11381900,12346482
5433,11381900,12346482
5434,11381900,12760969
5435,11381900,12760969
5436,11381900,12758129
5437,11381900,12758129
5438,11381900,12758129
5439,11381900,12758129
5440,11381900,13021346
5441,11381900,12771652
5442,11381900,12771652
5443,11381900,12771652
5444,11381900,12626748
5445,11381900,12626748
5446,11381900,12626748
5447,11381900,12616809
5448,11381900,12616809
5449,11381900,12616809
5450,11381900,12600186
5451,11381900,12600186
5452,11381900,12600186
5453,11381900,12600186
5454,11381900,12600186
5455,11381900,12467641
5456,11381900,12467641
5457,11381900,12467641
5458,11381900,12393238
5459,11381900,12393238
5460,11381900,12133576
5461,11381900,12133576
5462,11381900,12194671
5463,11381900,12194671
5464,11381900,12194671
5465,11381900,12194671
5466,11381900,12194873
5467,11381900,12194873
5468,11381900,12143280
5469,11381900,12143280
5470,11381900,12426849
5471,11381900,12426849
5472,11381900,12667836
5473,11381900,12667836
5474,11381900,12667836
5475,11381900,12667836
5476,11381900,12567944
5477,11381900,12718065
5478,11381900,12718065
5479,11381900,12718065
5480,11381900,12621034
5481,11381900,12621034
5482,11381900,12793322
5483,11381900,12793322
5484,11381900,12793322
5485,11381900,12680070
5486,11381900,12657972
5487,11381900,12657972
5488,11381900,12657972
5489,11381900,12657972
5490,11381900,12657972
5491,11381900,12657972
5492,11381900,12657972
5493,11381900,12657972
5494,11381900,12657972
5495,11381900,12657972
5496,11381900,12657972
5497,11381900,12701363
5498,11381900,12701363
5499,11381900,12701392
5500,11381900,12714770
5501,11381900,12714770
5502,11381900,12714770
5503,11381900,12694302
5504,11381900,12694302
5505,11381900,12694302
5506,11381900,12714350
5507,11381900,12813944
5508,11381900,12813944
5509,11381900,12813944
5510,11381900,12813944
5511,11381900,12813944
5512,11381900,12922975
5513,11381900,12922975
5514,11381900,12911284
5515,11381900,12911284
5516,11381900,12911284
5517,11381900,12911284
5518,11381900,12971361
5519,11381900,12971361
5520,11381900,12971361
5521,11381900,12971361
5522,11381900,12971361
5523,11381900,12971361
5524,11381900,12968178
5525,11381900,12968178
5526,11381900,12968178
5527,11381900,13218017
5528,11381900,13218017
5529,11381900,13218017
5530,11381900,13000516
5531,11381900,12911622
5532,11381900,12911622
5533,11381900,12911622
5534,11381900,12911622
5535,11381900,12911622
5536,11381900,12911622
5537,11381900,12895263
5538,11381900,12895263
5539,11381900,12895263
5540,11381900,12895263
5541,11381900,12895263
5542,11381900,12895263
5543,11381900,12881360
5544,11381900,12881360
5545,11381900,12742112
5546,11381900,12626140
5547,11381900,12626140
5548,11381900,12626140
5549,11381900,12506680
5550,11381900,12506709
5551,11381900,12506709
5552,11381900,12506709
5553,11381900,12506709
5554,11381900,12506709
5555,11381900,12506709
5556,11381900,12506709
5557,11381900,12506709
5558,11381900,12517094
5559,11381900,12469366
5560,11381900,12469366
5561,11381900,12469366
5562,11381900,12378006
5563,11381900,12378006
5564,11381900,12378006
5565,11381900,12378006
5566,11381900,12378006
5567,11381900,12378006
5568,11381900,12311152
5569,11381900,12311152
5570,11381900,11956503
5571,11381900,11956503
5572,11381900,12017267
5573,11381900,12017267
5574,11381900,12017267
5575,11381900,12017267
5576,11381900,11996585
5577,11381900,11996585
5578,11381900,11996585
5579,11381900,11996585
5580,11381900,11996585
5581,11381900,11996585
5582,11381900,11973442
5583,11381900,11973442
5584,11381900,11973442
5585,11381900,11973442
5586,11381900,11973442
5587,11381900,11973442
5588,11381900,11973442
5589,11381900,11974214
5590,11381900,11974214
5591,11381900,12079157
5592,11381900,12079157
5593,11381900,11955897
5594,11381900,11720134
5595,11381900,11720134
5596,11381900,11720134
5597,11381900,11720134
5598,11381900,12025889
5599,11381900,12025889
5600,11381900,12025889
5601,11381900,12025889
5602,11381900,12025889
5603,11381900,12025889
5604,11381900,12025889
5605,11381900,11776050
5606,11381900,11776050
5607,11381900,11776050
5608,11381900,11776050
5609,11381900,11776050
5610,11381900,12015046
5611,11381900,12015046
5612,11381900,12015046
5613,11381900,12015046
5614,11381900,12015046
5615,11381900,12113270
5616,11381900,12113270
5617,11381900,12113270
5618,11381900,12130239
5619,11381900,12130239
5620,11381900,12130239
5621,11381900,11891243
5622,11381900,12288835
5623,11381900,12288835
5624,11381900,12288835
5625,11381900,12298886
5626,11381900,12304318
5627,11381900,12303391
5628,11381900,12303391
5629,11381900,12303391
5630,11381900,12303391
5631,11381900,12303391
5632,11381900,12303391
5633,11381900,12315751
5634,11381900,12315190
5635,11381900,12315190
5636,11381900,12302830
5637,11381900,12302830
5638,11381900,12302830
5639,11381900,12302830
5640,11381900,12302830
5641,11381900,12302830
5642,11381900,12302830
5643,11381900,12302830
5644,11381900,12302830
5645,11381900,12302830
5646,11381900,12315386
5647,11381900,12158497
5648,11381900,12127676
5649,11381900,12127676
5650,11381900,12127676
5651,11381900,12127676
5652,11381900,12127676
5653,11381900,12127676
5654,11381900,11766594
5655,11381900,11766594
5656,11381900,11766594
5657,11381900,11766594
5658,11381900,11766594
5659,11381900,11799116
5660,11381900,11799116
5661,11381900,11799116
5662,11381900,11799116
5663,11381900,11799116
5664,11381900,11799116
5665,11381900,11799116
5666,11381900,11802298
5667,11381900,11974315
5668,11381900,11972438
5669,11381900,11972438
5670,11381900,11954979
5671,11381900,11920288
5672,11381900,11920288
5673,11381900,11920288
5674,11381900,11920288
5675,11381900,11920288
5676,11381900,11920288
5677,11381900,11920288
5678,11381900,11880938
5679,11381900,11880938
5680,11381900,11880938
5681,11381900,11880938
5682,11381900,11880938
5683,11381900,11833198
5684,11381900,11833198
5685,11381900,11795677
5686,11381900,11795677
5687,11381900,11795677
5688,11381900,11795677
5689,11381900,11795677
5690,11381900,11795677
5691,11381900,11795677
5692,11381900,11795677
5693,11381900,11980951
5694,11381900,11980951
5695,11381900,11980951
5696,11381900,11891024
5697,11381900,11831750
5698,11381900,11830232
5699,11381900,11821403
5700,11381900,11821403
5701,11381900,11821403
5702,11381900,11952202
5703,11381900,11924510
5704,11381900,11924510
5705,11381900,11924510
5706,11381900,11924510
5707,11381900,11924510
5708,11381900,11924510
5709,11381900,11859854
5710,11381900,11859854
5711,11381900,11859854
5712,11381900,11859854
5713,11381900,11859854
5714,11381900,11859854
5715,11381900,11952080
5716,11381900,11952080
5717,11381900,12051976
5718,11381900,12051976
5719,11381900,12051976
5720,11381900,11995453
5721,11381900,12043796
5722,11381900,12043796
5723,11381900,12043796
5724,11381900,12043714
5725,11381900,12043714
5726,11381900,12043714
5727,11381900,12068930
5728,11381900,12068930
5729,11381900,12068930
5730,11381900,12068930
5731,11381900,12068930
5732,11381900,12068930
5733,11381900,11983768
5734,11381900,11983768
5735,11381900,11983768
5736,11381900,11932765
5737,11381900,11932765
5738,11381900,11984112
5739,11381900,11984112
5740,11381900,11935240
5741,11381900,11935240
5742,11381900,11935240
5743,11381900,11935240
5744,11381900,11958813
5745,11381900,11958813
5746,11381900,11981116
5747,11381900,12113776
5748,11381900,12113776
5749,11381900,12065828
5750,11381900,12065828
5751,11381900,12065828
5752,11381900,12372616
5753,11381900,12325581
5754,11381900,11932579
5755,11381900,11932579
5756,11381900,11932579
5757,11381900,11932579
5758,11381900,11916179
5759,11381900,11916179
5760,11381900,11838727
5761,11381900,11838727
5762,11381900,11818468
5763,11381900,11818468
5764,11381900,11818468
5765,11381900,11818468
5766,11381900,11818468
5767,11381900,11818468
5768,11381900,11818468
5769,11381900,11818468
5770,11381900,11818468
5771,11381900,11818468
5772,11381900,11878215
5773,11381900,11878987
5774,11381900,11878987
5775,11381900,12228054
5776,11381900,11878987
5777,11381900,11878987
5778,11381900,11900103
5779,11381900,11900103
5780,11381900,11900103
5781,11381900,11940761
5782,11381900,11940761
5783,11381900,11940761
5784,11381900,11940761
5785,11381900,11940761
5786,11381900,11940761
5787,11381900,11940761
5788,11381900,11940761
5789,11381900,11940761
5790,11381900,11994835
5791,11381900,12165515
5792,11381900,12133595
5793,11381900,12133595
5794,11381900,12531187
5795,11381900,12504537
5796,11381900,12504537
5797,11381900,12497656
5798,11381900,12497656
5799,11381900,12497656
5800,11381900,12497656
5801,11381900,12497656
5802,11381900,12132224
5803,11381900,12526959
5804,11381900,12526959
5805,11381900,12526959
5806,11381900,12526952
5807,11381900,12526952
5808,11381900,12486258
5809,11381900,12486258
5810,11381900,12486258
5811,11381900,12486258
5812,11381900,12464752
5813,11381900,12464752
5814,11381900,12464752
5815,11381900,12432592
5816,11381900,12432592
5817,11381900,12432592
5818,11381900,12267933
5819,11381900,12267933
5820,11381900,12267933
5821,11381900,12303380
5822,11381900,12441986
5823,11381900,12424601
5824,11381900,12356699
5825,11381900,12356699
5826,11381900,12376924
5827,11381900,12376924
5828,11381900,12376924
5829,11381900,13393289
5830,11381900,13393289
5831,11381900,13393289
5832,11381900,13393289
5833,11381900,13347902
5834,11381900,13257151
5835,11381900,13257151
5836,11381900,13257151
5837,11381900,13237657
5838,11381900,13086184
5839,11381900,13086184
5840,11381900,12914105
5841,11381900,12783186
5842,11381900,12882319
5843,11381900,12882319
5844,11381900,12882319
5845,11381900,12882319
5846,11381900,12882319
5847,11381900,12882319
5848,11381900,12882319
5849,11381900,12882319
5850,11381900,12870112
5851,11381900,12870112
5852,11381900,12836132
5853,11381900,12769957
5854,11381900,12838104
5855,11381900,12838104
5856,11381900,12838104
5857,11381900,12838104
5858,11381900,12838104
5859,11381900,12838104
5860,11381900,12838104
5861,11381900,12838104
5862,11381900,12838104
5863,11381900,12838104
5864,11381900,12838104
5865,11381900,12838104
5866,11381900,12838104
5867,11381900,12838104
5868,11381900,12820719
5869,11381900,12820719
5870,11381900,12811407
5871,11381900,12811407
5872,11381900,12811407
5873,11381900,12811407
5874,11381900,12811407
5875,11381900,12811407
5876,11381900,12624959
5877,11381900,12815587
5878,11381900,12968452
5879,11381900,13432325
5880,11381900,14624245
5881,11381900,13645959
5882,11381900,13682477
5883,11381900,13727040
5884,11381900,13733309
5885,11381900,14253770
5886,11381900,13545299
5887,11381900,13648915
5888,11381900,13722690
5889,11381900,13472307
5890,11381900,13469629
5891,11381900,12313078
5892,11381900,12236854
5893,11381900,13476479
5894,11381900,12379974
5895,11381900,13065735
5896,11381900,12647896
5897,11381900,12551725
5898,11381900,12524947
5899,11381900,12505420
5900,11381900,12363003
5901,11381900,12442176
5902,11381900,12240767
5903,11381900,12358622
5904,11381900,12373775
5905,11381900,11831525
5906,11381900,11829432
5907,11381900,11636477
5908,11381900,11885194
5909,11381900,11915650
5910,11381900,11581871
5911,11381900,11937015
5912,11381900,11610227
5913,11381900,12868208
5914,11381900,12167990
5915,11381900,12930060
5916,11381900,12340118
5917,11381900,12316103
5918,11381900,12276127
5919,11381900,12276638
5920,11381900,12416368
5921,11381900,12719846
5922,11381900,12487487
5923,11381900,12665560
5924,11381900,12067514
5925,11381900,11581364
5926,11381900,11498658
5927,11381900,11816534
5928,11381900,11727051
5929,11381900,11635275
5930,11381900,11939761
5931,11381900,12145025
5932,11381900,12226185
5933,11381900,12825968
5934,11381900,12169198
5935,11381900,11596012
5936,11381900,12377996
5937,11381900,11667466
5938,11381900,11919751
5939,11381900,11909037
5940,11381900,12058211
5941,11381900,11792408
5942,11381900,11727539
5943,11381900,12280603
5944,11381900,12081784
5945,11381900,12608905
5946,11381900,12041952
5947,11381900,12425425
5948,11381900,12435391
5949,11381900,12414764
5950,11381900,12402826
5951,11381900,12369186
5952,11381900,12259668
5953,11381900,12273205
5954,11381900,12257461
5955,11381900,12296143
5956,11381900,12270673
5957,11381900,11713861
5958,11381900,11895361
5959,11381900,11593640
5960,11381900,11602327
5961,11381900,12271903
5962,11381900,13321768
5963,11381900,11914776
5964,11381900,11649571
5965,11381900,11703945
5966,11381900,12674793
5967,11381900,11979360
5968,11381900,11998284
5969,11381900,12030157
5970,11381900,12066920
5971,11381900,12535626
5972,11381900,11833103
5973,11381900,11762551
5974,11381900,12043665
5975,11381900,12277125
5976,11381900,12526793
5977,11381900,11806763
5978,11381900,12507925
5979,11381900,11707344
5980,11381900,11745746
5981,11381900,12976986
5982,11381900,12585379
5983,11381900,12296464
5984,11381900,11881833
5985,11381900,11959783
5986,11381900,12178177
5987,11381900,12152650
5988,11381900,12760425
5989,11381900,12694488
5990,11381900,12006796
5991,11381900,12671816
5992,11381900,12630975
5993,11381900,13273410
5994,11381900,12972323
5995,11381900,12976152
5996,11381900,12999739
5997,11381900,12921462
5998,11381900,13010862
5999,11381900,12857190
6000,11381900,13269433
6001,11381900,13149260
6002,11381900,12993531
6003,11381900,12859595
6004,11381900,13036647
6005,11381900,12318868
6006,11381900,12446284
6007,11381900,12450264
6008,11381900,12248626
6009,11381900,12371631
6010,11381900,12535537
6011,11381900,12521137
6012,11381900,12327150
6013,11381900,12799603
6014,11381900,12353280
6015,11381900,12185313
6016,11381900,12237378
6017,11381900,11939083
6018,11381900,12180169
6019,11381900,12311126
6020,11381900,12722876
6021,11381900,12518986
6022,11381900,12533239
6023,11381900,12073468
6024,11381900,11970069
6025,11381900,11995893
6026,11381900,11979758
6027,11381900,12744601
6028,11381900,12755029
6029,11381900,13823660
6030,11381900,12713267
6031,11381900,12498905
6032,11381900,12652567
6033,11381900,12373364
6034,11381900,12443716
6035,11381900,12537604
6036,11381900,12530225
6037,11381900,12924766
6038,11381900,12837543
6039,11381900,13636731
6040,11381900,12694322
6041,11381900,12776099
6042,11381900,12682358
6043,11381900,12260797
6044,11381900,12451621
6045,11381900,12334685
6046,11381900,12453915
6047,11381900,12597202
6048,11381900,12582167
6049,11381900,12623416
6050,11381900,12420716
6051,11381900,13374511
6052,11381900,12085867
6053,11381900,12287750
6054,11381900,12510372
6055,11381900,12268808
6056,11381900,12598662
6057,11381900,12564160
6058,11381900,12312770
6059,11381900,12473331
6060,11381900,12583581
6061,11381900,12271782
6062,11381900,12619505
6063,11381900,12381088
6064,11381900,12506998
6065,11381900,12580542
6066,11381900,12604414
6067,11381900,12385066
6068,11381900,11611301
6069,11381900,11645159
6070,11381900,11616345
6071,11381900,11908230
6072,11381900,11682817
6073,11381900,11883957
6074,11381900,11599313
6075,11381900,11885695
6076,11381900,11714362
6077,11381900,11656899
6078,11381900,12250502
6079,11381900,11706404
6080,11381900,11658027
6081,11381900,11983753
6082,11381900,11759016
6083,11381900,11978101
6084,11381900,11831529
6085,11381900,11875234
6086,11381900,11752910
6087,11381900,11721668
6088,11381900,11701623
6089,11381900,11631250
6090,11381900,11588998
6091,11381900,12355655
6092,11381900,11528422
6093,11381900,12103840
6094,11381900,12416580
6095,11381900,12474599
6096,11381900,12199068
6097,11381900,12011146
6098,11381900,12141592
6099,11381900,12172522
6100,11381900,12134775
6101,11381900,12112966
6102,11381900,12307794
6103,11381900,12311160
6104,11381900,12071822
6105,11381900,12348358
6106,11381900,12145361
6107,11381900,11979324
6108,11381900,12316051
6109,11381900,12453248
6110,11381900,12446909
6111,11381900,12650567
6112,11381900,12774433
6113,11381900,12858371
6114,11381900,12478777
6115,11381900,12928128
6116,11381900,12447224
6117,11381900,12233478
6118,11381900,12743927
6119,11381900,12144191
6120,11381900,12206508
6121,11381900,12373691
6122,11381900,12564593
6123,11381900,12458695
6124,11381900,12726302
6125,11381900,13568608
6126,11381900,13580025
6127,11381900,13256351
6128,11381900,13115367
6129,11381900,12768991
6130,11381900,13451074
6131,11381900,13509450
6132,11381900,13237574
6133,11381900,13039619
6134,11381900,12505411
6135,11381900,11839915
6136,11381900,11608485
6137,11381900,11409950
6138,11381900,11931623
6139,11381900,11575645
6140,11381900,11753881
6141,11381900,11747944
6142,11381900,11817009
6143,11381900,11973716
6144,11381900,11860868
6145,11381900,12437188
6146,11381900,11954973
6147,11381900,11940544
6148,11381900,12061892
6149,11381900,11769747
6150,11381900,11956326
6151,11381900,11896861
6152,11381900,11946502
6153,11381900,11643970
6154,11381900,11954582
6155,11381900,11741517
6156,11381900,11707018
6157,11381900,12623311
6158,11381900,12692575
6159,11381900,12907153
6160,11381900,11840114
6161,11381900,11962438
6162,11381900,11961725
6163,11381900,11872199
6164,11381900,11839219
6165,11381900,11935593
6166,11381900,11763276
6167,11381900,11856316
6168,11381900,11706939
6169,11381900,11586613
6170,11381900,11633466
6171,11381900,11876443
6172,11381900,11642434
6173,11381900,11717200
6174,11381900,12230712
6175,11381900,12063327
6176,11381900,12005043
6177,11381900,12407897
6178,11381900,12454973
6179,11381900,12486043
6180,11381900,12469856
6181,11381900,12264677
6182,11381900,12549894
6183,11381900,12625055
6184,11381900,12416323
6185,11381900,12618148
6186,11381900,12574974
6187,11381900,12437475
6188,11381900,13049672
6189,11381900,12599224
6190,11381900,12396792
6191,11381900,12181458
6192,11381900,12481870
6193,11381900,12248786
6194,11381900,12586181
6195,11381900,13358373
6196,11381900,13761836
6197,11381900,13003053
6198,11381900,12994066
6199,11381900,13260302
6200,11381900,13204465
6201,11381900,13493334
6202,11381900,12314132
6203,11381900,12511232
6204,11381900,12752067
6205,11381900,12732277
6206,11381900,13087956
6207,11381900,12903553
6208,11381900,12587345
6209,11381900,12297191
6210,11381900,12206869
6211,11381900,12160631
6212,11381900,12316058
6213,11381900,12462097
6214,11381900,12767371
6215,11381900,12659601
6216,11381900,12609395
6217,11381900,12541436
6218,11381900,12563345
6219,11381900,13385089
6220,11381900,13571415
6221,11381900,13305152
6222,11381900,12479993
6223,11381900,12340825
6224,11381900,12302040
6225,11381900,12718420
6226,11381900,12310271
6227,11381900,12894335
6228,11381900,12613639
6229,11381900,12729576
6230,11381900,13256146
6231,11381900,12495267
6232,11381900,12984187
6233,11381900,12441032
6234,11381900,12447450
6235,11381900,13012400
6236,11381900,13014997
6237,11381900,12810767
6238,11381900,12992295
6239,11381900,12899810
6240,11381900,12796030
6241,11381900,12959239
6242,11381900,12879815
6243,11381900,12824665
6244,11381900,12621128
6245,11381900,12345662
6246,11381900,12886499
6247,11381900,12394375
6248,11381900,13403248
6249,11381900,12254684
6250,11381900,12437522
6251,11381900,12678112
6252,11381900,12710150
6253,11381900,12599711
6254,11381900,12934074
6255,11381900,12237517
6256,11381900,12115186
6257,11381900,12367223
6258,11381900,12755009
6259,11381900,12481791
6260,11381900,11790581
6261,11381900,11785428
6262,11381900,11916139
6263,11381900,11786895
6264,11381900,11820253
6265,11381900,11843696
6266,11381900,11804240
6267,11381900,12311664
6268,11381900,12142629
6269,11381900,13058049
6270,11381900,11995179
6271,11381900,12206256
6272,11381900,12130936
6273,11381900,12994615
6274,11381900,12898900
6275,11381900,13736920
6276,11381900,13216422
6277,11381900,13143129
6278,11381900,12859809
6279,11381900,13082269
6280,11381900,13388311
6281,11381900,12873596
6282,11381900,12769872
6283,11381900,12663841
6284,11381900,12736082
6285,11381900,13419484
6286,11381900,12700569
6287,11381900,12680506
6288,11381900,13166071
6289,11381900,12630122
6290,11381900,12496716
6291,11381900,12494098
6292,11381900,12619472
6293,11381900,12484402
6294,11381900,12709018
6295,11381900,12521248
6296,11381900,12629327
6297,11381900,12574466
6298,11381900,13124194
6299,11381900,12618937
6300,11381900,12611197
6301,11381900,11800296
6302,11381900,11905466
6303,11381900,11824917
6304,11381900,11690993
6305,11381900,11686141
6306,11381900,11761619
6307,11381900,11845696
6308,11381900,11738439
6309,11381900,12421835
6310,11381900,12301626
6311,11381900,12068785
6312,11381900,12724243
6313,11381900,12114776
6314,11381900,12174999
6315,11381900,12639460
6316,11381900,12211807
6317,11381900,12444295
6318,11381900,11863203
6319,11381900,12032899
6320,11381900,12959244
6321,11381900,13020680
6322,11381900,12927522
6323,11381900,12891618
6324,11381900,12752285
6325,11381900,12367901
6326,11381900,12319018
6327,11381900,12676223
6328,11381900,12310229
6329,11381900,13040794
6330,11381900,13327205
6331,11381900,12776488
6332,11381900,12973179
6333,11381900,13058181
6334,11381900,12852772
6335,11381900,12986533
6336,11381900,12927882
6337,11381900,12784583
6338,11381900,12677721
6339,11381900,12171985
6340,11381900,13014606
6341,11381900,12061836
6342,11381900,12234007
6343,11381900,12292411
6344,11381900,12265054
6345,11381900,12139249
6346,11381900,11818609
6347,11381900,11767107
6348,11381900,11912503
6349,11381900,11782254
6350,11381900,11727606
6351,11381900,12097770
6352,11381900,11937079
6353,11381900,11923215
6354,11381900,11764805
6355,11381900,11849531
6356,11381900,11971371
6357,11381900,12740756
6358,11381900,12308597
6359,11381900,12329722
6360,11381900,12653079
6361,11381900,12268149
6362,11381900,12161294
6363,11381900,12137181
6364,11381900,12108055
6365,11381900,12835425
6366,11381900,12538668
6367,11381900,13745621
6368,11381900,13775252
6369,11381900,13583105
6370,11381900,14676218
6371,11381900,13729111
6372,11381900,13881166
6373,11381900,13091424
6374,11381900,13071167
6375,11381900,13148764
6376,11381900,13362343
6377,11381900,13455502
6378,11381900,13617869
6379,11381900,13371767
6380,11381900,13141804
6381,11381900,12556348
6382,11381900,12358885
6383,11381900,12269122
6384,11381900,12605568
6385,11381900,12480948
6386,11381900,12349193
6387,11381900,12328007
6388,11381900,12369593
6389,11381900,12326920
6390,11381900,12288989
6391,11381900,12234684
6392,11381900,12155875
6393,11381900,12224913
6394,11381900,12560738
6395,11381900,12838861
6396,11381900,13638285
6397,11381900,12562449
6398,11381900,12348443
6399,11381900,12663252
6400,11381900,12197300
6401,11381900,12261986
6402,11381900,12491089
6403,11381900,12924358
6404,11381900,12922148
6405,11381900,12635687
6406,11381900,12592798
6407,11381900,12380196
6408,11381900,12881366
6409,11381900,12206740
6410,11381900,12411558
6411,11381900,12552176
6412,11381900,12631122
6413,11381900,12564087
6414,11381900,12248463
6415,11381900,12329349
6416,11381900,12451362
6417,11381900,11878137
6418,11381900,12010644
6419,11381900,12033874
6420,11381900,11800260
6421,11381900,11571429
6422,11381900,11797959
6423,11381900,11881572
6424,11381900,11751688
6425,11381900,12449643
6426,11381900,12241185
6427,11381900,12492011
6428,11381900,12548447
6429,11381900,12486838
6430,11381900,12381407
6431,11381900,12360153
6432,11381900,11969169
6433,11381900,12161634
6434,11381900,12178151
6435,11381900,12018516
6436,11381900,12059120
6437,11381900,11860690
6438,11381900,12369039
6439,11381900,12677890
6440,11381900,11869292
6441,11381900,11863159
6442,11381900,12211635
6443,11381900,12489758
6444,11381900,11952310
6445,11381900,12412932
6446,11381900,12172210
6447,11381900,12522528
6448,11381900,11993458
6449,11381900,12174913
6450,11381900,12184569
6451,11381900,13110200
6452,11381900,13012925
6453,11381900,12855790
6454,11381900,13110738
6455,11381900,12528560
6456,11381900,12792699
6457,11381900,13293988
6458,11381900,14038478
6459,11381900,12007792
6460,11381900,12520356
6461,11381900,12369065
6462,11381900,11785524
6463,11381900,11979764
6464,11381900,11856967
6465,11381900,11819474
6466,11381900,12107938
6467,11381900,12520522
6468,11381900,12400307
6469,11381900,12492223
6470,11381900,12247837
6471,11381900,12211352
6472,11381900,11948356
6473,11381900,12295033
6474,11381900,12106590
6475,11381900,11948644
6476,11381900,12102004
6477,11381900,12131697
6478,11381900,12786006
6479,11381900,12565793
6480,11381900,12014239
6481,11381900,12749488
6482,11381900,12170030
6483,11381900,12218222
6484,11381900,12182209
6485,11381900,13074074
6486,11381900,12225616
6487,11381900,12172840
6488,11381900,11958766
6489,11381900,11948853
6490,11381900,12737626
6491,11381900,11691220
6492,11381900,11843906
6493,11381900,11935551
6494,11381900,11960825
6495,11381900,12616470
6496,11381900,12132197
6497,11381900,12196444
6498,11381900,12159320
6499,11381900,12348081
6500,11381900,12347486
6501,11381900,12848159
6502,11381900,12860137
6503,11381900,12797715
6504,11381900,13182159
6505,11381900,12460418
6506,11381900,13007362
6507,11381900,12383970
6508,11381900,13172590
6509,11381900,12649746
6510,11381900,12460565
6511,11381900,12538613
6512,11381900,12351697
6513,11381900,12254745
6514,11381900,12243941
6515,11381900,12994589
6516,11381900,12850120
6517,11381900,12863826
6518,11381900,12616175
6519,11381900,12604713
6520,11381900,12634039
6521,11381900,12884664
6522,11381900,12984416
6523,11381900,12869712
6524,11381900,12262065
6525,11381900,12809866
6526,11381900,12651041
6527,11381900,11978191
6528,11381900,12220227
6529,11381900,12145799
6530,11381900,11998512
6531,11381900,12018346
6532,11381900,11956197
6533,11381900,11849923
6534,11381900,12098618
6535,11381900,12027108
6536,11381900,12320942
6537,11381900,11718497
6538,11381900,12015850
6539,11381900,12606751
6540,11381900,11836577
6541,11381900,11925223
6542,11381900,11856365
6543,11381900,12662606
6544,11381900,12655036
6545,11381900,13599355
6546,11381900,13340490
6547,11381900,13298680
6548,11381900,13236823
6549,11381900,13343203
6550,11381900,13775239
6551,11381900,13599516
6552,11381900,13655375
6553,11381900,13019412
6554,11381900,12693586
6555,11381900,12327539
6556,11381900,12265847
6557,11381900,12441102
6558,11381900,12115621
6559,11381900,12390600
6560,11381900,12356399
6561,11381900,12400619
6562,11381900,12354162
6563,11381900,12110997
6564,11381900,12229245
6565,11381900,12405040
6566,11381900,11950353
6567,11381900,12036290
6568,11381900,12103103
6569,11381900,12103811
6570,11381900,12270532
6571,11381900,12012585
6572,11381900,12210449
6573,11381900,12779431
6574,11381900,13166656
6575,11381900,12594294
6576,11381900,13335206
6577,11381900,13170286
6578,11381900,12959114
6579,11381900,12810196
6580,11381900,12647838
6581,11381900,12292083
6582,11381900,12597750
6583,11381900,12492306
6584,11381900,12587462
6585,11381900,12562597
6586,11381900,12834951
6587,11381900,12857388
6588,11381900,12848898
6589,11381900,12947382
6590,11381900,12278284
6591,11381900,12356990
6592,11381900,13065044
6593,11381900,13313708
6594,11381900,12978382
6595,11381900,13313132
6596,11381900,13034339
6597,11381900,13297342
6598,11381900,13467730
6599,11381900,13391549
6600,11381900,13023241
6601,11381900,12915017
6602,11381900,12988486
6603,11381900,12720836
6604,11381900,12883475
6605,11381900,13646465
6606,11381900,12797614
6607,11381900,12594095
6608,11381900,12926298
6609,11381900,12699654
6610,11381900,12694363
6611,11381900,12827293
6612,11381900,12870023
6613,11381900,12842529
6614,11381900,12651452
6615,11381900,13279697
6616,11381900,14074625
6617,11381900,14086834
6618,11381900,13693275
6619,11381900,13106372
6620,11381900,13723347
6621,11381900,13313170
6622,11381900,13203789
6623,11381900,12915133
6624,11381900,13034530
6625,11381900,13010516
6626,11381900,13616125
6627,11381900,14046992
6628,11381900,13539799
6629,11381900,13710991
6630,11381900,13420223
6631,11381900,12994030
6632,11381900,13222821
6633,11381900,13126477
6634,11381900,13476322
6635,11381900,12611216
6636,11381900,13524530
6637,11381900,12548760
6638,11381900,12994525
6639,11381900,12775119
6640,11381900,12971359
6641,11381900,12239781
6642,11381900,12378237
6643,11381900,12866441
6644,11381900,12279480
6645,11381900,12087027
6646,11381900,11918577
6647,11381900,12147430
6648,11381900,12332874
6649,11381900,13049744
6650,11381900,14186592
6651,11381900,13854792
6652,11381900,13931353
6653,11381900,13767084
6654,11381900,14259719
6655,11381900,14593380
6656,11381900,14537080
6657,11381900,14496429
6658,11381900,13534624
6659,11381900,13429503
6660,11381900,14304269
6661,11381900,13726314
6662,11381900,13369008
6663,11381900,13891635
6664,11381900,13374725
6665,11381900,14086528
6666,11381900,14276889
6667,11381900,14317370
6668,11381900,14549461
6669,11381900,13973191
6670,11381900,14023639
6671,11381900,13673156
6672,11381900,14578854
6673,11381900,13966576
6674,11381900,13917037
6675,11381900,14133890
6676,11381900,14108657
6677,11381900,14022494
6678,11381900,13355254
6679,11381900,14202021
6680,11381900,13191279
6681,11381900,13385936
6682,11381900,13413891
6683,11381900,13276947
6684,11381900,13294089
6685,11381900,13276870
6686,11381900,13141444
6687,11381900,13291398
6688,11381900,13738496
6689,11381900,13464208
6690,11381900,14026163
6691,11381900,14346041
6692,11381900,12917126
6693,11381900,12812905
6694,11381900,12877839
6695,11381900,12663666
6696,11381900,13088004
6697,11381900,13410324
6698,11381900,12956559
6699,11381900,13468223
6700,11381900,14209801
6701,11381900,14523321
6702,11381900,13882888
6703,11381900,13228291
6704,11381900,14569410
6705,11381900,13567896
6706,11381900,13178491
6707,11381900,13394608
6708,11381900,13980278
6709,11381900,13725778
6710,11381900,13638824
6711,11381900,13610819
6712,11381900,13552739
6713,11381900,14828360
6714,11381900,14571448
6715,11381900,14471898
6716,11381900,14820973
6717,11381900,14264615
6718,11381900,13959212
6719,11381900,13465887
6720,11381900,12642230
6721,11381900,12610862
6722,11381900,12799165
6723,11381900,13121587
6724,11381900,13028493
6725,11381900,13060497
6726,11381900,12963303
6727,11381900,13577655
6728,11381900,14528571
6729,11381900,13743199
6730,11381900,12904436
6731,11381900,13194804
6732,11381900,12878484
6733,11381900,12883106
6734,11381900,12567890
6735,11381900,13277759
6736,11381900,14164461
6737,11381900,13529188
6738,11381900,13402509
6739,11381900,13865380
6740,11381900,12845986
6741,11381900,12845390
6742,11381900,13225250
6743,11381900,13901543
6744,11381900,13382899
6745,11381900,13165410
6746,11381900,13043618
6747,11381900,13527827
6748,11381900,12761297
6749,11381900,12760862
6750,11381900,12787269
6751,11381900,12971536
6752,11381900,12941614
6753,11381900,13248130
6754,11381900,12755700
6755,11381900,12595777
6756,11381900,12683986
6757,11381900,13129179
6758,11381900,12827367
6759,11381900,12765552
6760,11381900,12849913
6761,11381900,12673191
6762,11381900,12682976
6763,11381900,13148092
6764,11381900,12701436
6765,11381900,13421999
6766,11381900,12852533
6767,11381900,13340319
6768,11381900,12670458
6769,11381900,13153589
6770,11381900,13340775
6771,11381900,13246433
6772,11381900,13163023
6773,11381900,13098274
6774,11381900,13156614
6775,11381900,13094574
6776,11381900,14612264
6777,11381900,13962934
6778,11381900,14094453
6779,11381900,13821671
6780,11381900,13776671
6781,11381900,13679331
6782,11381900,14380696
6783,11381900,14968462
6784,11381900,13976385
6785,11381900,14374803
6786,11381900,14449302
6787,11381900,13793804
6788,11381900,13228119
6789,11381900,13220939
6790,11381900,13388662
6791,11381900,13522622
6792,11381900,13208752
6793,11381900,14630148
6794,11381900,14499181
6795,11381900,14718247
6796,11381900,13723741
6797,11381900,13531446
6798,11381900,12824332
6799,11381900,12745620
6800,11381900,12958724
6801,11381900,12955271
6802,11381900,13500416
6803,11381900,13524622
6804,11381900,12865314
6805,11381900,13806839
6806,11381900,13991344
6807,11381900,13485133
6808,11381900,12989074
6809,11381900,12733946
6810,11381900,12511452
6811,11381900,12663520
6812,11381900,12720481
6813,11381900,12774850
6814,11381900,12747079
6815,11381900,12648478
6816,11381900,12485671
6817,11381900,12369443
6818,11381900,12541626
6819,11381900,13290419
6820,11381900,13180966
6821,11381900,12439938
6822,11381900,12510276
6823,11381900,13031270
6824,11381900,13066665
6825,11381900,12848553
6826,11381900,12760276
6827,11381900,13258593
6828,11381900,12893689
6829,11381900,13103685
6830,11381900,13233886
6831,11381900,12941362
6832,11381900,12841404
6833,11381900,12720564
6834,11381900,12790775
6835,11381900,13172510
6836,11381900,12747584
6837,11381900,12687219
6838,11381900,12524717
6839,11381900,12530481
6840,11381900,12592577
6841,11381900,13230714
6842,11381900,14038562
6843,11381900,13595365
6844,11381900,12316936
6845,11381900,12372932
6846,11381900,12220607
6847,11381900,12779626
6848,11381900,12468962
6849,11381900,12792694
6850,11381900,12572912
6851,11381900,12667572
6852,11381900,12386772
6853,11381900,12341134
6854,11381900,12444018
6855,11381900,12571322
6856,11381900,13086602
6857,11381900,12685476
6858,11381900,12901732
6859,11381900,12518670
6860,11381900,12846064
6861,11381900,12838440
6862,11381900,13588008
6863,11381900,12408872
6864,11381900,12556221
6865,11381900,12733653
6866,11381900,12349540
6867,11381900,12065745
6868,11381900,12161396
6869,11381900,12319065
6870,11381900,12479971
6871,11381900,12658175
6872,11381900,12428064
6873,11381900,12716746
6874,11381900,12773786
6875,11381900,12796461
6876,11381900,12453179
6877,11381900,11381900
6878,11381900,11445869
6879,11363306,11363306
6880,11363306,11363306
6881,11343838,11343838
6882,11343838,11343838
6883,11343838,11343838
6884,11343838,11375074
6885,11343838,11375074
6886,11343838,11375074
6887,11343838,11375074
6888,11343838,11375074
6889,11343838,11375074
6890,11343838,11375074
6891,11343838,11375074
6892,11343838,11375074
6893,11343838,11375074
6894,11343838,11375074
6895,11343838,11375074
6896,11343838,11375074
6897,11343838,11400232
6898,11343838,11498141
6899,11343838,11498141
6900,11343838,11498141
6901,11343838,11596157
6902,11343838,11596157
6903,11343838,11576629
6904,11343838,11576629
6905,11343838,11582574
6906,11343838,11582574
6907,11343838,11582574
6908,11343838,11582574
6909,11343838,11582574
6910,11343838,11559431
6911,11343838,11559431
6912,11343838,11559431
6913,11343838,11649573
6914,11343838,11621142
6915,11343838,11621142
6916,11343838,11621142
6917,11343838,11513218
6918,11343838,11513218
6919,11343838,11513218
6920,11343838,11513218
6921,11343838,11505887
6922,11343838,11505887
6923,11343838,11505887
6924,11343838,11505887
6925,11343838,11467167
6926,11343838,11467167
6927,11343838,11467167
6928,11343838,11467167
6929,11343838,11467167
6930,11343838,11467167
6931,11343838,11602325
6932,11343838,11559666
6933,11343838,11559666
6934,11343838,11598807
6935,11343838,11598807
6936,11343838,11471602
6937,11343838,11471602
6938,11343838,11471602
6939,11343838,11471602
6940,11343838,11471602
6941,11343838,11445293
6942,11336711,11336711
6943,11336711,11336711
6944,11336711,11336711
6945,11278730,11278730
6946,11278730,11309858
6947,11278730,11298328
6948,11278730,11354988
6949,11278730,11354988
6950,11278730,11354988
6951,11278730,11361418
6952,11278730,11377631
6953,11278730,11347312
6954,11278730,11347312
6955,11278730,11347312
6956,11278730,11345079
6957,11278730,11345079
6958,11278730,11345079
6959,11278730,11543869
6960,11278730,11543868
6961,11278730,11545477
6962,11278730,11545477
6963,11278730,11544419
6964,11278730,11544419
6965,11278730,11544419
6966,11278730,11544419
6967,11278730,11508973
6968,11278730,11508973
6969,11278730,11494624
6970,11278730,11494624
6971,11278730,11494624
6972,11278730,11494624
6973,11278730,11494624
6974,11278730,11494624
6975,11278730,11494624
6976,11278730,11517404
6977,11278730,11517404
6978,11278730,11840946
6979,11278730,11840946
6980,11278730,11840946
6981,11278730,11840946
6982,11278730,11840946
6983,11278730,11840946
6984,11278730,11960422
6985,11278730,11960422
6986,11278730,11890095
6987,11278730,11890095
6988,11278730,11890095
6989,11278730,11890095
6990,11278730,11893370
6991,11278730,11893370
6992,11278730,11893370
6993,11278730,11893370
6994,11278730,11893370
6995,11278730,11893370
6996,11278730,11899814
6997,11278730,11899814
6998,11278730,11899814
6999,11278730,11831327
7000,11278730,11831327
7001,11278730,11831327
7002,11278730,11831327
7003,11278730,11824426
7004,11278730,11725721
7005,11278730,11725721
7006,11278730,11728075
7007,11278730,11728075
7008,11278730,11728075
7009,11278730,11728075
7010,11278730,11728075
7011,11278730,11728075
7012,11278730,11728075
7013,11278730,11728075
7014,11278730,11728075
7015,11278730,11728075
7016,11278730,12620666
7017,11278730,12620666
7018,11278730,12620666
7019,11278730,12528633
7020,11278730,12528633
7021,11278730,12528633
7022,11278730,12528633
7023,11278730,12500580
7024,11278730,12500580
7025,11278730,12500580
7026,11278730,12500580
7027,11278730,12500580
7028,11278730,12347191
7029,11278730,12340920
7030,11278730,12340920
7031,11278730,12340920
7032,11278730,12340920
7033,11278730,12340920
7034,11278730,12340920
7035,11278730,12470318
7036,11278730,12470318
7037,11278730,12357105
7038,11278730,12451769
7039,11278730,12460511
7040,11278730,12460511
7041,11278730,12447387
7042,11278730,12447387
7043,11278730,12447387
7044,11278730,12447387
7045,11278730,12414189
7046,11278730,12414189
7047,11278730,12414189
7048,11278730,12414189
7049,11278730,12414189
7050,11278730,12414189
7051,11278730,12353326
7052,11278730,12353326
7053,11278730,12353326
7054,11278730,12353326
7055,11278730,12353326
7056,11278730,12544827
7057,11278730,12383554
7058,11278730,12383554
7059,11278730,12383554
7060,11278730,12278528
7061,11278730,12278528
7062,11278730,12278528
7063,11278730,12278528
7064,11278730,12278528
7065,11278730,12278528
7066,11278730,12278528
7067,11278730,12278528
7068,11278730,12278528
7069,11278730,12278528
7070,11278730,12214616
7071,11278730,12800165
7072,11278730,12767641
7073,11278730,12767641
7074,11278730,12767641
7075,11278730,12767641
7076,11278730,12767641
7077,11278730,12767641
7078,11278730,12767641
7079,11278730,12767641
7080,11278730,12748752
7081,11278730,12786426
7082,11278730,12873371
7083,11278730,12873371
7084,11278730,12873371
7085,11278730,12840837
7086,11278730,12840837
7087,11278730,12840837
7088,11278730,12991663
7089,11278730,12991663
7090,11278730,13016681
7091,11278730,13003424
7092,11278730,13087113
7093,11278730,13468683
7094,11278730,13468683
7095,11278730,13468683
7096,11278730,13468683
7097,11278730,13468683
7098,11278730,13468683
7099,11278730,13468683
7100,11278730,13468683
7101,11278730,13468683
7102,11278730,13461821
7103,11278730,13461821
7104,11278730,13461821
7105,11278730,13461821
7106,11278730,13433730
7107,11278730,13356117
7108,11278730,13191560
7109,11278730,13191560
7110,11278730,13191560
7111,11278730,13191560
7112,11278730,13191560
7113,11278730,13191560
7114,11278730,13191560
7115,11278730,13191560
7116,11278730,13191560
7117,11278730,13191560
7118,11278730,13191560
7119,11278730,13191560
7120,11278730,13191560
7121,11278730,13305719
7122,11278730,13305719
7123,11278730,13305719
7124,11278730,13305719
7125,11278730,13289908
7126,11278730,13284810
7127,11278730,13284810
7128,11278730,13222391
7129,11278730,13222391
7130,11278730,13435213
7131,11278730,13509072
7132,11278730,13509072
7133,11278730,13509072
7134,11278730,13497893
7135,11278730,13497893
7136,11278730,13497893
7137,11278730,13487524
7138,11278730,13366647
7139,11278730,13813548
7140,11278730,13764401
7141,11278730,13764401
7142,11278730,13764401
7143,11278730,13764401
7144,11278730,14001900
7145,11278730,14001900
7146,11278730,14361503
7147,11278730,14610202
7148,11278730,14610202
7149,11278730,14547062
7150,11278730,14547062
7151,11278730,14547062
7152,11278730,14547062
7153,11278730,14448916
7154,11278730,14448916
7155,11278730,14379351
7156,11278730,14379351
7157,11278730,14379351
7158,11278730,14379351
7159,11278730,14379351
7160,11278730,14379351
7161,11278730,14379351
7162,11278730,14349523
7163,11278730,14349523
7164,11278730,14347397
7165,11278730,14325575
7166,11278730,14325575
7167,11278730,14325575
7168,11278730,14325575
7169,11278730,14325575
7170,11278730,14325575
7171,11278730,14325575
7172,11278730,14325575
7173,11278730,14325575
7174,11278730,14342314
7175,11278730,14342314
7176,11278730,14342314
7177,11278730,14342314
7178,11278730,14208337
7179,11278730,14208337
7180,11278730,14208337
7181,11278730,14208337
7182,11278730,14208337
7183,11278730,14208337
7184,11278730,14208337
7185,11278730,14223762
7186,11278730,14200982
7187,11278730,14200982
7188,11278730,14546802
7189,11278730,14546802
7190,11278730,14519938
7191,11278730,14519938
7192,11278730,14519938
7193,11278730,14842573
7194,11278730,14842573
7195,11278730,14842573
7196,11278730,14842573
7197,11278730,14700741
7198,11278730,14700741
7199,11278730,14700741
7200,11278730,14700741
7201,11278730,14700741
7202,11278730,14700741
7203,11278730,14625894
7204,11278730,14625894
7205,11278730,14534060
7206,11278730,15299473
7207,11278730,15299473
7208,11278730,15258776
7209,11278730,15275981
7210,11278730,15275981
7211,11278730,15275981
7212,11278730,15275981
7213,11278730,15182664
7214,11278730,15182664
7215,11278730,15181598
7216,11278730,15157115
7217,11278730,15157115
7218,11278730,15157115
7219,11278730,15153920
7220,11278730,15137782
7221,11278730,15137782
7222,11278730,15137782
7223,11278730,15137782
7224,11278730,15079666
7225,11278730,15067089
7226,11278730,15067089
7227,11278730,15067089
7228,11278730,15078774
7229,11278730,15140190
7230,11278730,15192378
7231,11278730,15192378
7232,11278730,14767745
7233,11278730,14767745
7234,11278730,14907827
7235,11278730,14907827
7236,11278730,14901794
7237,11278730,14902109
7238,11278730,14902109
7239,11278730,14813962
7240,11278730,14813962
7241,11278730,14813274
7242,11278730,14813274
7243,11278730,14806287
7244,11278730,14806287
7245,11278730,14806287
7246,11278730,14806287
7247,11278730,14760275
7248,11278730,14760275
7249,11278730,14760275
7250,11278730,14760275
7251,11278730,14760275
7252,11278730,14760275
7253,11278730,14672024
7254,11278730,14582938
7255,11278730,14568789
7256,11278730,14568789
7257,11278730,14568789
7258,11278730,14993609
7259,11278730,14948538
7260,11278730,15082167
7261,11278730,15082167
7262,11278730,15082167
7263,11278730,14835229
7264,11278730,15020566
7265,11278730,15024558
7266,11278730,14900656
7267,11278730,14900656
7268,11278730,14758216
7269,11278730,14758216
7270,11278730,14576214
7271,11278730,14576214
7272,11278730,14522537
7273,11278730,14486614
7274,11278730,14453522
7275,11278730,14453522
7276,11278730,14453522
7277,11278730,14453522
7278,11278730,14453522
7279,11278730,14453522
7280,11278730,14522398
7281,11278730,14522398
7282,11278730,14473611
7283,11278730,14487665
7284,11278730,14466825
7285,11278730,14446830
7286,11278730,14446830
7287,11278730,14446830
7288,11278730,14446830
7289,11278730,14446830
7290,11278730,14446830
7291,11278730,14446830
7292,11278730,14446830
7293,11278730,14446830
7294,11278730,14088138
7295,11278730,14088138
7296,11278730,14088138
7297,11278730,14088138
7298,11278730,14088138
7299,11278730,14088138
7300,11278730,14066724
7301,11278730,13965049
7302,11278730,13859296
7303,11278730,13859296
7304,11278730,13814108
7305,11278730,13966933
7306,11278730,13966933
7307,11278730,13943141
7308,11278730,13943141
7309,11278730,13895005
7310,11278730,13895005
7311,11278730,13895005
7312,11278730,13895005
7313,11278730,13895005
7314,11278730,13879705
7315,11278730,14020017
7316,11278730,14020017
7317,11278730,14065205
7318,11278730,14065205
7319,11278730,14065205
7320,11278730,14065205
7321,11278730,14065205
7322,11278730,14065205
7323,11278730,14052162
7324,11278730,14052162
7325,11278730,14052162
7326,11278730,13960644
7327,11278730,13851565
7328,11278730,13851565
7329,11278730,13806377
7330,11278730,13780356
7331,11278730,13780356
7332,11278730,13780356
7333,11278730,13780356
7334,11278730,13780356
7335,11278730,13875243
7336,11278730,14053895
7337,11278730,14053896
7338,11278730,13930869
7339,11278730,13930869
7340,11278730,13814930
7341,11278730,14189161
7342,11278730,14189161
7343,11278730,14000063
7344,11278730,14000063
7345,11278730,14000063
7346,11278730,14000063
7347,11278730,14000063
7348,11278730,13813154
7349,11278730,13813154
7350,11278730,13813154
7351,11278730,13789945
7352,11278730,13709951
7353,11278730,13709951
7354,11278730,13709951
7355,11278730,13709951
7356,11278730,13709951
7357,11278730,13709951
7358,11278730,13709951
7359,11278730,13709951
7360,11278730,13709951
7361,11278730,13709951
7362,11278730,13709951
7363,11278730,13709951
7364,11278730,13709951
7365,11278730,13709951
7366,11278730,13709951
7367,11278730,13709951
7368,11278730,13709951
7369,11278730,13709951
7370,11278730,13709951
7371,11278730,13709951
7372,11278730,13642507
7373,11278730,13694045
7374,11278730,13694045
7375,11278730,13690229
7376,11278730,13690229
7377,11278730,13690229
7378,11278730,13604759
7379,11278730,13604759
7380,11278730,13624135
7381,11278730,13624135
7382,11278730,13661405
7383,11278730,13661405
7384,11278730,13572474
7385,11278730,13555570
7386,11278730,13316806
7387,11278730,13316806
7388,11278730,13316806
7389,11278730,13316806
7390,11278730,13316806
7391,11278730,13316806
7392,11278730,13316806
7393,11278730,13316806
7394,11278730,13316806
7395,11278730,13316806
7396,11278730,13309610
7397,11278730,13309610
7398,11278730,13309610
7399,11278730,13309610
7400,11278730,13309610
7401,11278730,13309610
7402,11278730,13309610
7403,11278730,13345816
7404,11278730,13471802
7405,11278730,13471802
7406,11278730,13433860
7407,11278730,13748695
7408,11278730,13748695
7409,11278730,13748695
7410,11278730,13748695
7411,11278730,13748695
7412,11278730,13748695
7413,11278730,13748695
7414,11278730,13779948
7415,11278730,13816517
7416,11278730,13781321
7417,11278730,13781321
7418,11278730,13781321
7419,11278730,13781321
7420,11278730,14537256
7421,11278730,14434305
7422,11278730,14434305
7423,11278730,14434305
7424,11278730,14434305
7425,11278730,14394191
7426,11278730,14394191
7427,11278730,14498167
7428,11278730,14498167
7429,11278730,14502939
7430,11278730,14502939
7431,11278730,14585432
7432,11278730,14585432
7433,11278730,14585432
7434,11278730,14549706
7435,11278730,14549706
7436,11278730,14549706
7437,11278730,14493436
7438,11278730,14493436
7439,11278730,14291635
7440,11278730,14291635
7441,11278730,14291635
7442,11278730,14291635
7443,11278730,14291635
7444,11278730,14291635
7445,11278730,13923583
7446,11278730,13681319
7447,11278730,13151117
7448,11278730,13290664
7449,11278730,13499233
7450,11278730,13726605
7451,11278730,13558740
7452,11278730,13920470
7453,11278730,13015048
7454,11278730,12969909
7455,11278730,13040828
7456,11278730,12778882
7457,11278730,13519007
7458,11278730,13401696
7459,11278730,13049296
7460,11278730,13066143
7461,11278730,13357294
7462,11278730,13706408
7463,11278730,14419299
7464,11278730,14287752
7465,11278730,13526105
7466,11278730,13886903
7467,11278730,14751332
7468,11278730,13892224
7469,11278730,13568656
7470,11278730,13247150
7471,11278730,13046958
7472,11278730,13210324
7473,11278730,13020862
7474,11278730,13160246
7475,11278730,12923596
7476,11278730,12959944
7477,11278730,13334572
7478,11278730,12747605
7479,11278730,13364429
7480,11278730,12249239
7481,11278730,12315642
7482,11278730,12928504
7483,11278730,12470296
7484,11278730,12422543
7485,11278730,12220776
7486,11278730,12334933
7487,11278730,12362873
7488,11278730,12443356
7489,11278730,12552519
7490,11278730,12313834
7491,11278730,12257214
7492,11278730,12323031
7493,11278730,12488559
7494,11278730,12417366
7495,11278730,12454813
7496,11278730,12394952
7497,11278730,12743133
7498,11278730,12082936
7499,11278730,12261503
7500,11278730,12263445
7501,11278730,12063649
7502,11278730,12215530
7503,11278730,12263975
7504,11278730,12384684
7505,11278730,13012953
7506,11278730,12971365
7507,11278730,13102017
7508,11278730,12977509
7509,11278730,13337246
7510,11278730,13327311
7511,11278730,12826591
7512,11278730,12494640
7513,11278730,12101401
7514,11278730,12177500
7515,11278730,12026681
7516,11278730,11904669
7517,11278730,11769922
7518,11278730,12213039
7519,11278730,11869599
7520,11278730,12192781
7521,11278730,12049302
7522,11278730,12705952
7523,11278730,12319753
7524,11278730,12308325
7525,11278730,12433747
7526,11278730,12464188
7527,11278730,12417183
7528,11278730,13022937
7529,11278730,12856168
7530,11278730,13207514
7531,11278730,12333930
7532,11278730,12440567
7533,11278730,12726196
7534,11278730,12317274
7535,11278730,12229858
7536,11278730,12251550
7537,11278730,12586590
7538,11278730,12387298
7539,11278730,12169140
7540,11278730,12263085
7541,11278730,12181148
7542,11278730,12186648
7543,11278730,12179802
7544,11278730,12420986
7545,11278730,12461844
7546,11278730,12055199
7547,11278730,12109810
7548,11278730,11840402
7549,11278730,12113760
7550,11278730,12193149
7551,11278730,12365113
7552,11278730,12336107
7553,11278730,12494078
7554,11278730,12211673
7555,11278730,12221287
7556,11278730,12322963
7557,11278730,12256359
7558,11278730,12498607
7559,11278730,12365844
7560,11278730,12735776
7561,11278730,12604143
7562,11278730,12671294
7563,11278730,12328217
7564,11278730,13532366
7565,11278730,12831408
7566,11278730,12782306
7567,11278730,12786939
7568,11278730,12802158
7569,11278730,13570952
7570,11278730,12640504
7571,11278730,12582506
7572,11278730,12791277
7573,11278730,12896466
7574,11278730,12821117
7575,11278730,13301039
7576,11278730,12909661
7577,11278730,13275903
7578,11278730,13300629
7579,11278730,13400532
7580,11278730,13395467
7581,11278730,12735675
7582,11278730,13251514
7583,11278730,12411772
7584,11278730,12720711
7585,11278730,12554044
7586,11278730,12469808
7587,11278730,13064223
7588,11278730,13199279
7589,11278730,12955864
7590,11278730,12961793
7591,11278730,12954989
7592,11278730,12805401
7593,11278730,13305589
7594,11278730,12694311
7595,11278730,12635558
7596,11278730,12542168
7597,11278730,12471442
7598,11278730,12617019
7599,11278730,12734255
7600,11278730,13264355
7601,11278730,12476627
7602,11278730,12757331
7603,11278730,12440026
7604,11278730,12502723
7605,11278730,12218060
7606,11278730,12317185
7607,11278730,12055611
7608,11278730,12380417
7609,11278730,13045028
7610,11278730,13427942
7611,11278730,13317116
7612,11278730,13479294
7613,11278730,13271077
7614,11278730,12924124
7615,11278730,13104244
7616,11278730,13188147
7617,11278730,13825208
7618,11278730,13346315
7619,11278730,13942942
7620,11278730,13617724
7621,11278730,13417385
7622,11278730,13332298
7623,11278730,13400058
7624,11278730,13478477
7625,11278730,12671084
7626,11278730,13076582
7627,11278730,12846354
7628,11278730,12544708
7629,11278730,12413965
7630,11278730,12529942
7631,11278730,12525595
7632,11278730,12371541
7633,11278730,12421998
7634,11278730,12447814
7635,11278730,12694360
7636,11278730,12567513
7637,11278730,13581249
7638,11278730,13367818
7639,11278730,13221628
7640,11278730,13319401
7641,11278730,13647087
7642,11278730,13195184
7643,11278730,13141459
7644,11278730,12942533
7645,11278730,13134804
7646,11278730,13771775
7647,11278730,12678534
7648,11278730,13572440
7649,11278730,13262666
7650,11278730,13165349
7651,11278730,13730822
7652,11278730,14099780
7653,11278730,13367469
7654,11278730,13462080
7655,11278730,13841939
7656,11278730,13047200
7657,11278730,12815564
7658,11278730,12839274
7659,11278730,12572719
7660,11278730,12238342
7661,11278730,13727400
7662,11278730,12664211
7663,11278730,13200971
7664,11278730,13663872
7665,11278730,13617457
7666,11278730,12903515
7667,11278730,12715728
7668,11278730,13914311
7669,11278730,12451422
7670,11278730,12828147
7671,11278730,12612881
7672,11278730,12722726
7673,11278730,12511595
7674,11278730,12630398
7675,11278730,13264419
7676,11278730,12777720
7677,11278730,13870688
7678,11278730,13996306
7679,11278730,13235022
7680,11278730,12919493
7681,11278730,13450601
7682,11278730,12811202
7683,11278730,12823847
7684,11278730,12906747
7685,11278730,12424225
7686,11278730,12618296
7687,11278730,12727805
7688,11278730,12974289
7689,11278730,12875286
7690,11278730,12517878
7691,11278730,12657063
7692,11278730,12527817
7693,11278730,12069004
7694,11278730,11895497
7695,11278730,12587149
7696,11278730,12183696
7697,11278730,12323581
7698,11278730,11991293
7699,11278730,12089546
7700,11278730,12171954
7701,11278730,12150890
7702,11278730,12312937
7703,11278730,12386699
7704,11278730,12256032
7705,11278730,12583602
7706,11278730,12739413
7707,11278730,12562298
7708,11278730,12762554
7709,11278730,13577651
7710,11278730,12881868
7711,11278730,12917047
7712,11278730,12993921
7713,11278730,12372684
7714,11278730,12335292
7715,11278730,12653053
7716,11278730,12671017
7717,11278730,13589524
7718,11278730,12509043
7719,11278730,12181494
7720,11278730,12303336
7721,11278730,12970005
7722,11278730,12377561
7723,11278730,13008348
7724,11278730,12928625
7725,11278730,13195706
7726,11278730,13841635
7727,11278730,13254803
7728,11278730,13288990
7729,11278730,12496985
7730,11278730,13022040
7731,11278730,12366542
7732,11278730,12945969
7733,11278730,13001582
7734,11278730,12804885
7735,11278730,13287921
7736,11278730,13252310
7737,11278730,13152326
7738,11278730,13169449
7739,11278730,13223038
7740,11278730,13601704
7741,11278730,12993830
7742,11278730,12781607
7743,11278730,12168130
7744,11278730,12130642
7745,11278730,12171469
7746,11278730,12117053
7747,11278730,12425238
7748,11278730,12587672
7749,11278730,12922382
7750,11278730,13340211
7751,11278730,12199341
7752,11278730,12467004
7753,11278730,12767206
7754,11278730,12183994
7755,11278730,12561565
7756,11278730,12619585
7757,11278730,12519454
7758,11278730,12522518
7759,11278730,13207146
7760,11278730,13328041
7761,11278730,13169291
7762,11278730,13396677
7763,11278730,12985924
7764,11278730,13008817
7765,11278730,13434319
7766,11278730,13263385
7767,11278730,13147357
7768,11278730,12875745
7769,11278730,14117329
7770,11278730,13435427
7771,11278730,12816229
7772,11278730,12657568
7773,11278730,12608426
7774,11278730,12583996
7775,11278730,12792140
7776,11278730,12432256
7777,11278730,12997573
7778,11278730,12278448
7779,11278730,12394133
7780,11278730,12579690
7781,11278730,12758514
7782,11278730,12720305
7783,11278730,12644112
7784,11278730,12926316
7785,11278730,12772524
7786,11278730,13430027
7787,11278730,13233949
7788,11278730,13046433
7789,11278730,13513024
7790,11278730,13180149
7791,11278730,14069830
7792,11278730,13663365
7793,11278730,13262239
7794,11278730,13599651
7795,11278730,13666299
7796,11278730,13172342
7797,11278730,13348050
7798,11278730,12460693
7799,11278730,12349426
7800,11278730,12396237
7801,11278730,12437722
7802,11278730,12912908
7803,11278730,12798403
7804,11278730,13027392
7805,11278730,12906950
7806,11278730,12705496
7807,11278730,12879859
7808,11278730,12145849
7809,11278730,12349108
7810,11278730,12337613
7811,11278730,12893848
7812,11278730,12539680
7813,11278730,12488287
7814,11278730,12452883
7815,11278730,13252863
7816,11278730,12554361
7817,11278730,12589288
7818,11278730,12601639
7819,11278730,12312398
7820,11278730,12107677
7821,11278730,12207890
7822,11278730,12203200
7823,11278730,12346322
7824,11278730,12966147
7825,11278730,12690532
7826,11278730,12729283
7827,11278730,12077793
7828,11278730,11901769
7829,11278730,11831628
7830,11278730,11917524
7831,11278730,11872431
7832,11278730,12362113
7833,11278730,12067205
7834,11278730,12665111
7835,11278730,12646851
7836,11278730,12584927
7837,11278730,12311913
7838,11278730,12688062
7839,11278730,11986627
7840,11278730,11957534
7841,11278730,12099932
7842,11278730,11856900
7843,11278730,12077153
7844,11278730,11804212
7845,11278730,11981074
7846,11278730,11828974
7847,11278730,12176089
7848,11278730,11910204
7849,11278730,11636189
7850,11278730,11639418
7851,11278730,11879408
7852,11278730,11636109
7853,11278730,11779867
7854,11278730,11841595
7855,11278730,12417204
7856,11278730,11701059
7857,11278730,12523110
7858,11278730,11926155
7859,11278730,11610295
7860,11278730,11760319
7861,11278730,11755381
7862,11278730,11903984
7863,11278730,12172605
7864,11278730,11616360
7865,11278730,11768935
7866,11278730,11886496
7867,11278730,11760250
7868,11278730,12270870
7869,11278730,12256240
7870,11278730,11894936
7871,11278730,11876231
7872,11278730,12644428
7873,11278730,12369771
7874,11278730,11913830
7875,11278730,11787557
7876,11278730,11702201
7877,11278730,13079363
7878,11278730,12389066
7879,11278730,12474680
7880,11278730,11891873
7881,11278730,11897716
7882,11278730,11567841
7883,11278730,12109000
7884,11278730,12844091
7885,11278730,13542107
7886,11278730,13530783
7887,11278730,13406961
7888,11278730,12911780
7889,11278730,12535989
7890,11278730,12352086
7891,11278730,12356302
7892,11278730,12273923
7893,11278730,12443364
7894,11278730,13108895
7895,11278730,12974405
7896,11278730,13082882
7897,11278730,13269109
7898,11278730,12487608
7899,11278730,12623129
7900,11278730,11999534
7901,11278730,11782495
7902,11278730,11659951
7903,11278730,11847341
7904,11278730,12167039
7905,11278730,12724234
7906,11278730,12192843
7907,11278730,12187834
7908,11278730,11742525
7909,11278730,12364820
7910,11278730,12234735
7911,11278730,12600017
7912,11278730,11945616
7913,11278730,12282872
7914,11278730,12925569
7915,11278730,12348997
7916,11278730,12294531
7917,11278730,12359926
7918,11278730,13053665
7919,11278730,12521207
7920,11278730,13103030
7921,11278730,12048452
7922,11278730,12470461
7923,11278730,12436816
7924,11278730,12306682
7925,11278730,12427150
7926,11278730,12916491
7927,11278730,12750151
7928,11278730,12790851
7929,11278730,12782467
7930,11278730,12978088
7931,11278730,12911135
7932,11278730,12801383
7933,11278730,13738223
7934,11278730,12488587
7935,11278730,12461155
7936,11278730,12459419
7937,11278730,12372088
7938,11278730,12520966
7939,11278730,12416395
7940,11278730,12564840
7941,11278730,13496624
7942,11278730,13658341
7943,11278730,12725532
7944,11278730,13012208
7945,11278730,12738336
7946,11278730,12529073
7947,11278730,12474424
7948,11278730,12247461
7949,11278730,12240142
7950,11278730,12466608
7951,11278730,12551930
7952,11278730,12559839
7953,11278730,13530324
7954,11278730,12743751
7955,11278730,13268157
7956,11278730,13111016
7957,11278730,13784112
7958,11278730,13431367
7959,11278730,13424340
7960,11278730,13398591
7961,11278730,13972681
7962,11278730,13229749
7963,11278730,13494853
7964,11278730,13722761
7965,11278730,13260945
7966,11278730,13215375
7967,11278730,13683992
7968,11278730,13446183
7969,11278730,13343650
7970,11278730,13411557
7971,11278730,13535176
7972,11278730,13623789
7973,11278730,13313486
7974,11278730,13210140
7975,11278730,13295923
7976,11278730,13220450
7977,11278730,12941871
7978,11278730,13175899
7979,11278730,13227760
7980,11278730,13427569
7981,11278730,13219386
7982,11278730,13890541
7983,11278730,12319469
7984,11278730,12590269
7985,11278730,12791442
7986,11278730,13916000
7987,11278730,12591178
7988,11278730,12859520
7989,11278730,12613544
7990,11278730,12111032
7991,11278730,12355762
7992,11278730,12191260
7993,11278730,11777123
7994,11278730,12264249
7995,11278730,11671029
7996,11278730,11719333
7997,11278730,11981241
7998,11278730,12683129
7999,11278730,12919355
8000,11278730,12687331
8001,11278730,13007949
8002,11278730,12335088
8003,11278730,12395082
8004,11278730,12828027
8005,11278730,12229352
8006,11278730,12412672
8007,11278730,12159246
8008,11278730,12585841
8009,11278730,12410345
8010,11278730,12226724
8011,11278730,12195231
8012,11278730,11921398
8013,11278730,12271968
8014,11278730,12023256
8015,11278730,13058072
8016,11278730,12965791
8017,11278730,12766240
8018,11278730,13403692
8019,11278730,13036206
8020,11278730,13363713
8021,11278730,13574957
8022,11278730,13297214
8023,11278730,13292321
8024,11278730,13340564
8025,11278730,12983981
8026,11278730,13104387
8027,11278730,13023555
8028,11278730,13125547
8029,11278730,12253886
8030,11278730,12517218
8031,11278730,12384329
8032,11278730,12411431
8033,11278730,12339141
8034,11278730,12176247
8035,11278730,12191642
8036,11278730,12242223
8037,11278730,12234433
8038,11278730,12852490
8039,11278730,12695146
8040,11278730,11887902
8041,11278730,11794083
8042,11278730,12028768
8043,11278730,11843027
8044,11278730,12173237
8045,11278730,12070215
8046,11278730,12178602
8047,11278730,11744708
8048,11278730,11857310
8049,11278730,12752615
8050,11278730,12203901
8051,11278730,11914127
8052,11278730,11938408
8053,11278730,11774645
8054,11278730,11976291
8055,11278730,12746106
8056,11278730,12264865
8057,11278730,11787320
8058,11278730,11946637
8059,11278730,12008858
8060,11278730,11822013
8061,11278730,11931127
8062,11278730,11602162
8063,11278730,11806677
8064,11278730,11862295
8065,11278730,11784745
8066,11278730,11736757
8067,11278730,12216798
8068,11278730,11816267
8069,11278730,11769461
8070,11278730,11801932
8071,11278730,12239753
8072,11278730,12062039
8073,11278730,12494139
8074,11278730,12521952
8075,11278730,12201309
8076,11278730,12982493
8077,11278730,13242638
8078,11278730,14485791
8079,11278730,13192560
8080,11278730,13217594
8081,11278730,12925468
8082,11278730,12774806
8083,11278730,12579602
8084,11278730,12797758
8085,11278730,13306566
8086,11278730,12936680
8087,11278730,12531478
8088,11278730,12525651
8089,11278730,12752951
8090,11278730,12829028
8091,11278730,12435107
8092,11278730,12609732
8093,11278730,12315535
8094,11278730,12397386
8095,11278730,12701196
8096,11278730,12694876
8097,11278730,12699426
8098,11278730,12571037
8099,11278730,12486876
8100,11278730,12071970
8101,11278730,11908554
8102,11278730,11931394
8103,11278730,12104474
8104,11278730,12202547
8105,11278730,11991765
8106,11278730,11885402
8107,11278730,11763920
8108,11278730,12618575
8109,11278730,12447406
8110,11278730,12628603
8111,11278730,12477766
8112,11278730,12457209
8113,11278730,12355889
8114,11278730,12078742
8115,11278730,11999559
8116,11278730,11585532
8117,11278730,12137903
8118,11278730,12001336
8119,11278730,11911961
8120,11278730,12796639
8121,11278730,11820649
8122,11278730,12024591
8123,11278730,12234827
8124,11278730,12012933
8125,11278730,11381645
8126,11278730,13126371
8127,11278730,11766078
8128,11278730,11610900
8129,11278730,11856995
8130,11278730,12150951
8131,11278730,12355877
8132,11278730,12831374
8133,11278730,12861449
8134,11278730,12903782
8135,11278730,12376819
8136,11278730,12309966
8137,11278730,12047797
8138,11278730,12400009
8139,11278730,12638630
8140,11278730,12661091
8141,11278730,12556157
8142,11278730,12289338
8143,11278730,12339453
8144,11278730,12256744
8145,11278730,11788286
8146,11278730,12322255
8147,11278730,12320907
8148,11278730,11962015
8149,11278730,12288855
8150,11278730,12265014
8151,11278730,12180553
8152,11278730,12218416
8153,11278730,12238035
8154,11278730,12277274
8155,11278730,12441919
8156,11278730,12311433
8157,11278730,12185863
8158,11278730,12297238
8159,11278730,12602458
8160,11278730,12569022
8161,11278730,13262153
8162,11278730,12253338
8163,11278730,11788771
8164,11278730,12019067
8165,11278730,12148680
8166,11278730,11985429
8167,11278730,12429711
8168,11278730,12274513
8169,11278730,12443726
8170,11278730,11733163
8171,11278730,11869583
8172,11278730,12570370
8173,11278730,12020881
8174,11278730,11681416
8175,11278730,11593822
8176,11278730,11838062
8177,11278730,11766764
8178,11278730,12930644
8179,11278730,12615736
8180,11278730,12320804
8181,11278730,11927137
8182,11278730,12101286
8183,11278730,12955855
8184,11278730,12352568
8185,11278730,12159288
8186,11278730,12756181
8187,11278730,12073426
8188,11278730,11931602
8189,11278730,12875594
8190,11278730,12304966
8191,11278730,12466146
8192,11278730,12063996
8193,11278730,12261319
8194,11278730,12496223
8195,11278730,12441745
8196,11278730,12552270
8197,11278730,13148919
8198,11278730,12303574
8199,11278730,12387770
8200,11278730,12689038
8201,11278730,12620110
8202,11278730,12663741
8203,11278730,11882527
8204,11278730,11858783
8205,11278730,12003180
8206,11278730,11665448
8207,11278730,11985380
8208,11278730,11943741
8209,11278730,12124930
8210,11278730,13090722
8211,11278730,12928329
8212,11278730,12872614
8213,11278730,12972871
8214,11278730,13676882
8215,11278730,12912147
8216,11278730,12610926
8217,11278730,12741019
8218,11278730,12265011
8219,11278730,12292189
8220,11278730,12299580
8221,11278730,12138411
8222,11278730,12553485
8223,11278730,12291961
8224,11278730,12203024
8225,11278730,12119515
8226,11278730,12166030
8227,11278730,11709645
8228,11278730,11947059
8229,11278730,11906577
8230,11278730,12201365
8231,11278730,11984466
8232,11278730,12127619
8233,11278730,11926292
8234,11278730,12087376
8235,11278730,12424847
8236,11278730,12233782
8237,11278730,13054331
8238,11278730,12062146
8239,11278730,12332439
8240,11278730,12085908
8241,11278730,11819024
8242,11278730,11648780
8243,11278730,12268745
8244,11278730,11835593
8245,11278730,11862715
8246,11278730,12326303
8247,11278730,12874641
8248,11278730,11916611
8249,11278730,11858719
8250,11278730,12047948
8251,11278730,11979593
8252,11278730,11885713
8253,11278730,11839055
8254,11278730,11703294
8255,11278730,11682349
8256,11278730,13128869
8257,11278730,12371834
8258,11278730,12462559
8259,11278730,12424853
8260,11278730,12350901
8261,11278730,12579052
8262,11278730,12582954
8263,11278730,12072112
8264,11278730,12394379
8265,11278730,12573746
8266,11278730,12101677
8267,11278730,12801789
8268,11278730,12803847
8269,11278730,12582313
8270,11278730,11646661
8271,11278730,12207923
8272,11278730,11661355
8273,11278730,11804633
8274,11278730,12733861
8275,11278730,11969474
8276,11278730,12044804
8277,11278730,12077825
8278,11278730,11867127
8279,11278730,11847206
8280,11278730,11879636
8281,11278730,12274121
8282,11278730,12069477
8283,11278730,11991376
8284,11278730,11786256
8285,11278730,12091317
8286,11278730,11927880
8287,11278730,11922441
8288,11278730,12528866
8289,11278730,12122924
8290,11278730,11895812
8291,11278730,12295370
8292,11278730,11833048
8293,11278730,11715531
8294,11278730,11782234
8295,11278730,11820073
8296,11278730,12054183
8297,11278730,11861671
8298,11278730,11956455
8299,11278730,11900359
8300,11278730,11967657
8301,11278730,11642577
8302,11278730,12706267
8303,11278730,12126280
8304,11278730,12125664
8305,11278730,13199428
8306,11278730,12901034
8307,11278730,12430122
8308,11278730,12515508
8309,11278730,12526821
8310,11278730,12527927
8311,11278730,12905536
8312,11278730,12728120
8313,11278730,11952241
8314,11278730,12341316
8315,11278730,12566896
8316,11278730,11802349
8317,11278730,11886397
8318,11278730,12846474
8319,11278730,12084574
8320,11278730,12211510
8321,11278730,11741078
8322,11278730,11834792
8323,11278730,12748812
8324,11278730,11639420
8325,11278730,11719255
8326,11278730,11814235
8327,11278730,12270562
8328,11278730,11888832
8329,11278730,11684763
8330,11278730,12153372
8331,11278730,11415231
8332,11278730,11619295
8333,11278730,12065625
8334,11278730,11883558
8335,11278730,12527040
8336,11278730,13041008
8337,11278730,12801310
8338,11278730,12659466
8339,11278730,13323125
8340,11278730,13133203
8341,11278730,13139872
8342,11278730,12469281
8343,11278730,11925146
8344,11278730,12340549
8345,11278730,11985985
8346,11278730,11879247
8347,11278730,11918911
8348,11278730,11817381
8349,11278730,11985237
8350,11278730,12181395
8351,11278730,11935528
8352,11278730,11897516
8353,11278730,11954331
8354,11278730,12612243
8355,11278730,11856059
8356,11278730,12173749
8357,11278730,11922119
8358,11278730,11841655
8359,11278730,12382236
8360,11278730,11861112
8361,11278730,11914102
8362,11278730,11709050
8363,11278730,11902989
8364,11278730,11859228
8365,11278730,11736377
8366,11278730,12166354
8367,11278730,11788887
8368,11278730,12116464
8369,11278730,12099596
8370,11278730,11800601
8371,11278730,11898709
8372,11278730,11804717
8373,11278730,11670001
8374,11278730,11458056
8375,11278730,12042468
8376,11278730,12005496
8377,11278730,12103403
8378,11278730,12661852
8379,11278730,12389776
8380,11278730,12372005
8381,11278730,12338077
8382,11278730,13148509
8383,11278730,13419508
8384,11278730,12000948
8385,11278730,11644522
8386,11278730,11915235
8387,11278730,12080798
8388,11278730,12086552
8389,11278730,11988130
8390,11278730,12660724
8391,11278730,12529240
8392,11278730,12343362
8393,11278730,12125384
8394,11278730,12485994
8395,11278730,12623506
8396,11278730,12712869
8397,11278730,12732852
8398,11278730,13473447
8399,11278730,12636767
8400,11278730,12878501
8401,11278730,12621452
8402,11278730,13181545
8403,11278730,12493569
8404,11278730,13127003
8405,11278730,13981005
8406,11278730,13020887
8407,11278730,13108313
8408,11278730,12916004
8409,11278730,12995254
8410,11278730,12824787
8411,11278730,12923238
8412,11278730,12955360
8413,11278730,12931482
8414,11278730,12907258
8415,11278730,12949444
8416,11278730,12983228
8417,11278730,13058604
8418,11278730,12785719
8419,11278730,13074957
8420,11278730,13059480
8421,11278730,14089831
8422,11278730,13363305
8423,11278730,12813150
8424,11278730,12832001
8425,11278730,12753660
8426,11278730,12174721
8427,11278730,12729841
8428,11278730,12263137
8429,11278730,12351310
8430,11278730,12885630
8431,11278730,12219203
8432,11278730,12015119
8433,11278730,11947348
8434,11278730,11950775
8435,11278730,11949639
8436,11278730,11846111
8437,11278730,12072834
8438,11278730,11997240
8439,11278730,12104229
8440,11278730,11970603
8441,11278730,12025760
8442,11278730,11685540
8443,11278730,11789619
8444,11278730,11756967
8445,11278730,12108199
8446,11278730,11285160
8447,11278730,11285160
8448,11278730,11285160
8449,11278730,11285160
8450,11278730,11285160
8451,11278730,11285160
8452,11278730,11285160
8453,11278730,11285160
8454,11275406,11275406
8455,11275406,11275406
8456,11275406,11275406
8457,11274940,11274940
8458,11274940,11274940
8459,11274940,11274940
8460,11274940,11274940
8461,11274940,11274940
8462,11274940,11274940
8463,11274055,11274055
8464,11274055,11274055
8465,11260598,11260598
8466,11260598,11260598
8467,11260598,11260598
8468,11260598,11318385
8469,11260598,11308639
8470,11260598,11308639
8471,11260598,11341173
8472,11260598,11341173
8473,11260598,11341173
8474,11260598,11341173
8475,11260598,11341173
8476,11260598,11341173
8477,11260598,11341173
8478,11260598,11341173
8479,11260598,11341173
8480,11260598,11341173
8481,11260598,11341174
8482,11260598,11283387
8483,11260598,11283387
8484,11260598,11288047
8485,11260598,11392997
8486,11260598,11392997
8487,11260598,11429725
8488,11260598,11429725
8489,11260598,11426672
8490,11260598,11397984
8491,11260598,11397984
8492,11260598,11397984
8493,11260598,11396490
8494,11260598,11396490
8495,11260598,11396490
8496,11260598,11396490
8497,11260598,11558643
8498,11260598,11684365
8499,11260598,11684365
8500,11260598,11684365
8501,11260598,11684365
8502,11260598,11684365
8503,11260598,11684365
8504,11260598,11684365
8505,11260598,11684365
8506,11260598,11658040
8507,11260598,11622594
8508,11260598,11622594
8509,11260598,11569434
8510,11260598,11628188
8511,11260598,11628188
8512,11260598,11628188
8513,11260598,11631463
8514,11260598,11631463
8515,11260598,11631463
8516,11260598,11631463
8517,11260598,11647791
8518,11260598,11647791
8519,11260598,11647791
8520,11260598,11654637
8521,11260598,11654637
8522,11260598,11552361
8523,11260598,11552361
8524,11260598,11552361
8525,11260598,11552361
8526,11260598,11846924
8527,11260598,11823476
8528,11260598,11843847
8529,11260598,11843847
8530,11260598,11843847
8531,11260598,11791175
8532,11260598,11791175
8533,11260598,11496612
8534,11260598,11494042
8535,11260598,11494042
8536,11260598,11533305
8537,11260598,11533305
8538,11260598,11533305
8539,11260598,11533305
8540,11260598,11533305
8541,11260598,11533305
8542,11260598,11533305
8543,11260598,11533305
8544,11260598,11533305
8545,11260598,11511169
8546,11260598,11511169
8547,11260598,11511169
8548,11260598,11511169
8549,11260598,11428964
8550,11260598,11425591
8551,11260598,11425591
8552,11260598,11425591
8553,11260598,11425591
8554,11260598,11425591
8555,11260598,11425591
8556,11260598,11425591
8557,11260598,11425591
8558,11260598,11425591
8559,11260598,11425591
8560,11260598,11425591
8561,11260598,11425591
8562,11260598,11783242
8563,11260598,11783242
8564,11260598,11780501
8565,11260598,11780501
8566,11260598,11741238
8567,11260598,11741238
8568,11260598,11723648
8569,11260598,11723648
8570,11260598,11723648
8571,11260598,11723648
8572,11260598,11723648
8573,11260598,11723648
8574,11260598,11801482
8575,11260598,11801482
8576,11260598,11801482
8577,11260598,11614624
8578,11260598,12072880
8579,11260598,12072880
8580,11260598,12072880
8581,11260598,12116796
8582,11260598,12466499
8583,11260598,12466499
8584,11260598,12466499
8585,11260598,12466499
8586,11260598,12466499
8587,11260598,12466499
8588,11260598,12512321
8589,11260598,12507423
8590,11260598,12507423
8591,11260598,12462336
8592,11260598,12462336
8593,11260598,12462336
8594,11260598,12462336
8595,11260598,12414279
8596,11260598,12414279
8597,11260598,12382458
8598,11260598,12382458
8599,11260598,12971193
8600,11260598,12971193
8601,11260598,12971193
8602,11260598,12971193
8603,11260598,12928161
8604,11260598,12880781
8605,11260598,12866430
8606,11260598,12866430
8607,11260598,12866430
8608,11260598,12690167
8609,11260598,12690167
8610,11260598,12690167
8611,11260598,12690167
8612,11260598,12690167
8613,11260598,12690167
8614,11260598,12682282
8615,11260598,12682282
8616,11260598,12682282
8617,11260598,12682282
8618,11260598,12682896
8619,11260598,12744830
8620,11260598,12744830
8621,11260598,12744830
8622,11260598,12744830
8623,11260598,12744830
8624,11260598,12744830
8625,11260598,12744830
8626,11260598,12744830
8627,11260598,12701861
8628,11260598,12701861
8629,11260598,12701861
8630,11260598,12701861
8631,11260598,12701861
8632,11260598,12701861
8633,11260598,12701861
8634,11260598,12701861
8635,11260598,12709164
8636,11260598,12709164
8637,11260598,12596368
8638,11260598,12596368
8639,11260598,12621526
8640,11260598,12592397
8641,11260598,12592397
8642,11260598,12903545
8643,11260598,12832530
8644,11260598,12819975
8645,11260598,12819975
8646,11260598,12946411
8647,11260598,12923407
8648,11260598,12928505
8649,11260598,12928505
8650,11260598,12928505
8651,11260598,12928505
8652,11260598,12928505
8653,11260598,12928505
8654,11260598,12928505
8655,11260598,12803432
8656,11260598,12803432
8657,11260598,12803432
8658,11260598,12803432
8659,11260598,12803432
8660,11260598,12768116
8661,11260598,12709406
8662,11260598,12709406
8663,11260598,12688348
8664,11260598,12688348
8665,11260598,12688348
8666,11260598,12655947
8667,11260598,12655947
8668,11260598,12655947
8669,11260598,12802707
8670,11260598,12802707
8671,11260598,12802707
8672,11260598,12882439
8673,11260598,12882439
8674,11260598,12852085
8675,11260598,12852085
8676,11260598,12896673
8677,11260598,12896673
8678,11260598,14133451
8679,11260598,14133451
8680,11260598,14133451
8681,11260598,14133451
8682,11260598,14068152
8683,11260598,14068152
8684,11260598,14068152
8685,11260598,14068152
8686,11260598,14068152
8687,11260598,14068152
8688,11260598,14068152
8689,11260598,14033822
8690,11260598,14013148
8691,11260598,14225365
8692,11260598,14225365
8693,11260598,14225365
8694,11260598,14225365
8695,11260598,14225365
8696,11260598,14225365
8697,11260598,14116753
8698,11260598,14116753
8699,11260598,14106375
8700,11260598,14106375
8701,11260598,14106375
8702,11260598,14088453
8703,11260598,14166632
8704,11260598,14166632
8705,11260598,14166632
8706,11260598,14166632
8707,11260598,14166632
8708,11260598,14166632
8709,11260598,14166632
8710,11260598,13977296
8711,11260598,13891672
8712,11260598,13891672
8713,11260598,13891672
8714,11260598,14547448
8715,11260598,14531392
8716,11260598,14531392
8717,11260598,14531392
8718,11260598,14574361
8719,11260598,15181539
8720,11260598,15285558
8721,11260598,15285558
8722,11260598,15379017
8723,11260598,15379017
8724,11260598,15368484
8725,11260598,15347107
8726,11260598,15347107
8727,11260598,15347107
8728,11260598,15091790
8729,11260598,15056061
8730,11260598,15056061
8731,11260598,14998001
8732,11260598,14998001
8733,11260598,14998001
8734,11260598,14822992
8735,11260598,14822992
8736,11260598,14822992
8737,11260598,14430943
8738,11260598,14299052
8739,11260598,14299052
8740,11260598,14282630
8741,11260598,14344628
8742,11260598,14333190
8743,11260598,14333190
8744,11260598,14333190
8745,11260598,14333190
8746,11260598,14333190
8747,11260598,14333190
8748,11260598,14333190
8749,11260598,14330105
8750,11260598,14316926
8751,11260598,14316926
8752,11260598,14316926
8753,11260598,14316926
8754,11260598,14336028
8755,11260598,14336028
8756,11260598,14318986
8757,11260598,14318986
8758,11260598,14156126
8759,11260598,14156126
8760,11260598,14156126
8761,11260598,14040670
8762,11260598,14040670
8763,11260598,14040670
8764,11260598,14040670
8765,11260598,14143119
8766,11260598,14148352
8767,11260598,14127476
8768,11260598,14127476
8769,11260598,14127476
8770,11260598,14283729
8771,11260598,14283729
8772,11260598,14283729
8773,11260598,14283729
8774,11260598,14222916
8775,11260598,14222916
8776,11260598,14222916
8777,11260598,14222916
8778,11260598,14192243
8779,11260598,14192243
8780,11260598,14079872
8781,11260598,13995150
8782,11260598,13995150
8783,11260598,13995150
8784,11260598,13995150
8785,11260598,13995150
8786,11260598,13995150
8787,11260598,13995150
8788,11260598,13995150
8789,11260598,13995150
8790,11260598,14030991
8791,11260598,14030991
8792,11260598,14395567
8793,11260598,14478612
8794,11260598,14478612
8795,11260598,14478612
8796,11260598,14478612
8797,11260598,14478612
8798,11260598,14478612
8799,11260598,14115240
8800,11260598,14115240
8801,11260598,14115240
8802,11260598,14115240
8803,11260598,14115240
8804,11260598,14115240
8805,11260598,14115240
8806,11260598,14044007
8807,11260598,14044007
8808,11260598,14044007
8809,11260598,14044007
8810,11260598,14044007
8811,11260598,13955711
8812,11260598,13962433
8813,11260598,13976751
8814,11260598,13976751
8815,11260598,13976751
8816,11260598,14017807
8817,11260598,13918002
8818,11260598,13939058
8819,11260598,13939058
8820,11260598,13939058
8821,11260598,13939058
8822,11260598,13805729
8823,11260598,13805729
8824,11260598,14133572
8825,11260598,14133572
8826,11260598,14133572
8827,11260598,14133572
8828,11260598,14133572
8829,11260598,14133572
8830,11260598,14133572
8831,11260598,14036179
8832,11260598,14526603
8833,11260598,14526603
8834,11260598,14526603
8835,11260598,14526603
8836,11260598,14526603
8837,11260598,14043548
8838,11260598,14043548
8839,11260598,14043548
8840,11260598,14043548
8841,11260598,13963341
8842,11260598,13963341
8843,11260598,13963341
8844,11260598,13958108
8845,11260598,13958108
8846,11260598,13958108
8847,11260598,13958108
8848,11260598,13958108
8849,11260598,13958108
8850,11260598,13958108
8851,11260598,13958108
8852,11260598,13958108
8853,11260598,13958108
8854,11260598,13958108
8855,11260598,13965962
8856,11260598,13965962
8857,11260598,13937216
8858,11260598,13928589
8859,11260598,13928589
8860,11260598,13928589
8861,11260598,13928582
8862,11260598,13823875
8863,11260598,13823875
8864,11260598,13823875
8865,11260598,13809877
8866,11260598,13820792
8867,11260598,13820792
8868,11260598,13820792
8869,11260598,13820792
8870,11260598,13820792
8871,11260598,13768906
8872,11260598,13768906
8873,11260598,13504602
8874,11260598,13512627
8875,11260598,13512627
8876,11260598,13428755
8877,11260598,13428755
8878,11260598,13428755
8879,11260598,13428755
8880,11260598,13377968
8881,11260598,13558713
8882,11260598,13558713
8883,11260598,13558713
8884,11260598,13558713
8885,11260598,13558713
8886,11260598,13558713
8887,11260598,14235712
8888,11260598,14115192
8889,11260598,14093910
8890,11260598,14093910
8891,11260598,14126033
8892,11260598,14079785
8893,11260598,14079785
8894,11260598,13892271
8895,11260598,13918380
8896,11260598,13901411
8897,11260598,13901411
8898,11260598,13901411
8899,11260598,13901411
8900,11260598,13901411
8901,11260598,13901411
8902,11260598,13901411
8903,11260598,13884393
8904,11260598,13884393
8905,11260598,13884393
8906,11260598,13884393
8907,11260598,13849102
8908,11260598,13370556
8909,11260598,13370556
8910,11260598,13446423
8911,11260598,13446423
8912,11260598,13446423
8913,11260598,13514674
8914,11260598,13514674
8915,11260598,13494868
8916,11260598,13494868
8917,11260598,13447046
8918,11260598,13447046
8919,11260598,13447046
8920,11260598,13447046
8921,11260598,13419233
8922,11260598,13419233
8923,11260598,13419233
8924,11260598,13419233
8925,11260598,13419233
8926,11260598,13399281
8927,11260598,13399281
8928,11260598,13399281
8929,11260598,13399281
8930,11260598,13485028
8931,11260598,13485028
8932,11260598,13459144
8933,11260598,13449047
8934,11260598,13241860
8935,11260598,13241860
8936,11260598,13241860
8937,11260598,13241860
8938,11260598,13220383
8939,11260598,13220383
8940,11260598,13220383
8941,11260598,13220383
8942,11260598,13220383
8943,11260598,13220383
8944,11260598,13220383
8945,11260598,13220383
8946,11260598,13220383
8947,11260598,13220383
8948,11260598,13314367
8949,11260598,13228718
8950,11260598,13228718
8951,11260598,13093181
8952,11260598,13093181
8953,11260598,13093181
8954,11260598,12994263
8955,11260598,12994263
8956,11260598,12994263
8957,11260598,12994263
8958,11260598,12994263
8959,11260598,13169884
8960,11260598,13113675
8961,11260598,13113675
8962,11260598,13130344
8963,11260598,13130344
8964,11260598,13130344
8965,11260598,12937530
8966,11260598,13409763
8967,11260598,13253204
8968,11260598,13805887
8969,11260598,12999713
8970,11260598,13679552
8971,11260598,12804632
8972,11260598,12521544
8973,11260598,13307588
8974,11260598,13657058
8975,11260598,12570411
8976,11260598,14777937
8977,11260598,14059960
8978,11260598,13664441
8979,11260598,13481185
8980,11260598,13036644
8981,11260598,13285583
8982,11260598,12700436
8983,11260598,12662363
8984,11260598,12623886
8985,11260598,13005777
8986,11260598,12776465
8987,11260598,13256632
8988,11260598,13333130
8989,11260598,13009982
8990,11260598,13173576
8991,11260598,13305723
8992,11260598,14219666
8993,11260598,13162245
8994,11260598,13331156
8995,11260598,12955114
8996,11260598,12567775
8997,11260598,12765822
8998,11260598,12448260
8999,11260598,13024339
9000,11260598,13182465
9001,11260598,12963937
9002,11260598,12662665
9003,11260598,13013703
9004,11260598,13098897
9005,11260598,13173254
9006,11260598,13006162
9007,11260598,12282142
9008,11260598,12385690
9009,11260598,12275557
9010,11260598,12519157
9011,11260598,13224138
9012,11260598,13484301
9013,11260598,13780176
9014,11260598,13633173
9015,11260598,14249726
9016,11260598,13571540
9017,11260598,14239136
9018,11260598,13740089
9019,11260598,13715045
9020,11260598,12514813
9021,11260598,12416833
9022,11260598,12279340
9023,11260598,12424113
9024,11260598,12529297
9025,11260598,12462492
9026,11260598,12464895
9027,11260598,12648220
9028,11260598,12643141
9029,11260598,13276781
9030,11260598,13232773
9031,11260598,13276568
9032,11260598,13230425
9033,11260598,13257159
9034,11260598,13864403
9035,11260598,13205703
9036,11260598,13675147
9037,11260598,13678285
9038,11260598,13611201
9039,11260598,13745343
9040,11260598,14262112
9041,11260598,13407653
9042,11260598,13460614
9043,11260598,13498488
9044,11260598,13302148
9045,11260598,12226767
9046,11260598,12177891
9047,11260598,12246746
9048,11260598,12506692
9049,11260598,12392540
9050,11260598,12363579
9051,11260598,12220515
9052,11260598,12575326
9053,11260598,12452888
9054,11260598,13027500
9055,11260598,12577975
9056,11260598,13452795
9057,11260598,13113899
9058,11260598,12926900
9059,11260598,12491957
9060,11260598,12269182
9061,11260598,12406426
9062,11260598,12078786
9063,11260598,12023893
9064,11260598,11972856
9065,11260598,12215846
9066,11260598,12324506
9067,11260598,12710712
9068,11260598,12548201
9069,11260598,12236101
9070,11260598,12193852
9071,11260598,12172797
9072,11260598,11923427
9073,11260598,12117142
9074,11260598,12681402
9075,11260598,13002446
9076,11260598,13341653
9077,11260598,12235472
9078,11260598,12196093
9079,11260598,12254430
9080,11260598,12313100
9081,11260598,12843795
9082,11260598,12406231
9083,11260598,12471570
9084,11260598,12253410
9085,11260598,12750356
9086,11260598,12828814
9087,11260598,12262157
9088,11260598,12340818
9089,11260598,12720284
9090,11260598,12382814
9091,11260598,12514690
9092,11260598,12306828
9093,11260598,12086166
9094,11260598,12267507
9095,11260598,12273649
9096,11260598,12232329
9097,11260598,12222365
9098,11260598,11924046
9099,11260598,12054263
9100,11260598,12293152
9101,11260598,13049526
9102,11260598,12207209
9103,11260598,12064983
9104,11260598,12299225
9105,11260598,13069956
9106,11260598,13647319
9107,11260598,13525105
9108,11260598,13656971
9109,11260598,13572102
9110,11260598,12626887
9111,11260598,12626115
9112,11260598,12593143
9113,11260598,11978658
9114,11260598,11916736
9115,11260598,11795979
9116,11260598,11729399
9117,11260598,11862869
9118,11260598,12120085
9119,11260598,12143916
9120,11260598,12453109
9121,11260598,12239983
9122,11260598,12302894
9123,11260598,13238571
9124,11260598,13187541
9125,11260598,12158800
9126,11260598,11773068
9127,11260598,11539766
9128,11260598,11875156
9129,11260598,11735356
9130,11260598,11995058
9131,11260598,11886751
9132,11260598,11702963
9133,11260598,11707302
9134,11260598,11704450
9135,11260598,12001257
9136,11260598,11981343
9137,11260598,12231455
9138,11260598,11879390
9139,11260598,12658256
9140,11260598,12046271
9141,11260598,12258836
9142,11260598,12124332
9143,11260598,12181232
9144,11260598,12181679
9145,11260598,12476844
9146,11260598,12443752
9147,11260598,12311067
9148,11260598,12450635
9149,11260598,12283871
9150,11260598,12549840
9151,11260598,12210061
9152,11260598,12502531
9153,11260598,14306347
9154,11260598,13055291
9155,11260598,12941830
9156,11260598,12737173
9157,11260598,12133332
9158,11260598,12567970
9159,11260598,12393950
9160,11260598,12121191
9161,11260598,12079681
9162,11260598,13231712
9163,11260598,12450853
9164,11260598,12136512
9165,11260598,12656270
9166,11260598,12639749
9167,11260598,12173055
9168,11260598,12522417
9169,11260598,12356053
9170,11260598,12221719
9171,11260598,12300543
9172,11260598,12200405
9173,11260598,12602109
9174,11260598,13057911
9175,11260598,13268922
9176,11260598,12861804
9177,11260598,12870665
9178,11260598,12794670
9179,11260598,12110584
9180,11260598,12292754
9181,11260598,12325448
9182,11260598,12762356
9183,11260598,12751253
9184,11260598,13297939
9185,11260598,12426172
9186,11260598,12325705
9187,11260598,12415327
9188,11260598,12634939
9189,11260598,12433811
9190,11260598,11927790
9191,11260598,11761781
9192,11260598,11824282
9193,11260598,11562683
9194,11260598,11687126
9195,11260598,11757424
9196,11260598,12007269
9197,11260598,12217825
9198,11260598,12266804
9199,11260598,12482627
9200,11260598,14301459
9201,11260598,12811744
9202,11260598,13705682
9203,11260598,13390889
9204,11260598,13271796
9205,11260598,13203482
9206,11260598,13331374
9207,11260598,13355085
9208,11260598,12607892
9209,11260598,12287145
9210,11260598,12084389
9211,11260598,11986808
9212,11260598,12734995
9213,11260598,12067711
9214,11260598,12003961
9215,11260598,11838528
9216,11260598,11795208
9217,11260598,11815034
9218,11260598,12457027
9219,11260598,11951686
9220,11260598,12341646
9221,11260598,12512466
9222,11260598,12769879
9223,11260598,12660040
9224,11260598,13381635
9225,11260598,13146700
9226,11260598,12494633
9227,11260598,11783278
9228,11260598,12457919
9229,11260598,13687783
9230,11260598,13130874
9231,11260598,12570421
9232,11260598,12642073
9233,11260598,11882259
9234,11260598,11741449
9235,11260598,11961036
9236,11260598,11884198
9237,11260598,11948803
9238,11260598,11965850
9239,11260598,11737299
9240,11260598,12073994
9241,11260598,11868587
9242,11260598,11611702
9243,11260598,12942965
9244,11260598,11923620
9245,11260598,12387795
9246,11260598,12133718
9247,11260598,11982208
9248,11260598,12423750
9249,11260598,11780136
9250,11260598,11891137
9251,11260598,11700023
9252,11260598,11581737
9253,11260598,11976838
9254,11260598,11717784
9255,11260598,11490892
9256,11260598,11564525
9257,11260598,11505126
9258,11260598,11618420
9259,11260598,11716651
9260,11260598,12216734
9261,11260598,11901339
9262,11260598,11866612
9263,11260598,11498017
9264,11260598,11522726
9265,11260598,11652058
9266,11260598,12056452
9267,11260598,12538402
9268,11260598,13540238
9269,11260598,12763802
9270,11260598,12861786
9271,11260598,12956159
9272,11260598,12394246
9273,11260598,12509597
9274,11260598,12471649
9275,11260598,12459923
9276,11260598,12368205
9277,11260598,12354339
9278,11260598,13748743
9279,11260598,12581023
9280,11260598,13158901
9281,11260598,12652973
9282,11260598,12469051
9283,11260598,12425585
9284,11260598,12666338
9285,11260598,12685079
9286,11260598,12678158
9287,11260598,12666513
9288,11260598,12540727
9289,11260598,13022723
9290,11260598,13020561
9291,11260598,13537558
9292,11260598,13158874
9293,11260598,13124516
9294,11260598,13429540
9295,11260598,13357535
9296,11260598,13130606
9297,11260598,13434322
9298,11260598,12370120
9299,11260598,12551156
9300,11260598,13897523
9301,11260598,14403891
9302,11260598,13733775
9303,11260598,12926976
9304,11260598,14319793
9305,11260598,13615329
9306,11260598,13652896
9307,11260598,13693216
9308,11260598,12739885
9309,11260598,13005399
9310,11260598,12929430
9311,11260598,13065085
9312,11260598,12968877
9313,11260598,12660899
9314,11260598,12957106
9315,11260598,12966897
9316,11260598,12895604
9317,11260598,13299131
9318,11260598,12804565
9319,11260598,12892936
9320,11260598,12894437
9321,11260598,12982829
9322,11260598,13072937
9323,11260598,13684589
9324,11260598,12972488
9325,11260598,13147675
9326,11260598,13155835
9327,11260598,13398109
9328,11260598,12725305
9329,11260598,12838628
9330,11260598,13122534
9331,11260598,13078232
9332,11260598,13072484
9333,11260598,12705618
9334,11260598,12701216
9335,11260598,12586174
9336,11260598,13983915
9337,11260598,13658568
9338,11260598,12733747
9339,11260598,12429956
9340,11260598,12605415
9341,11260598,12517772
9342,11260598,13777304
9343,11260598,12682067
9344,11260598,13086517
9345,11260598,13055534
9346,11260598,13185625
9347,11260598,13186564
9348,11260598,13261974
9349,11260598,13671883
9350,11260598,13022933
9351,11260598,13291091
9352,11260598,13581531
9353,11260598,13784798
9354,11260598,13156329
9355,11260598,13371233
9356,11260598,12684665
9357,11260598,12609657
9358,11260598,12934751
9359,11260598,12832909
9360,11260598,12883173
9361,11260598,13318717
9362,11260598,12819565
9363,11260598,12887583
9364,11260598,12757412
9365,11260598,13027385
9366,11260598,13010185
9367,11260598,12830941
9368,11260598,13593328
9369,11260598,13276945
9370,11260598,13367879
9371,11260598,12968681
9372,11260598,13006024
9373,11260598,12570878
9374,11260598,12582796
9375,11260598,13023572
9376,11260598,12648423
9377,11260598,12412228
9378,11260598,12538583
9379,11260598,12286927
9380,11260598,12606632
9381,11260598,12438025
9382,11260598,12503218
9383,11260598,12626256
9384,11260598,12485255
9385,11260598,12413230
9386,11260598,12204880
9387,11260598,12316702
9388,11260598,12542475
9389,11260598,12499693
9390,11260598,12364374
9391,11260598,12570082
9392,11260598,12178631
9393,11260598,12443471
9394,11260598,12494354
9395,11260598,12811676
9396,11260598,13173918
9397,11260598,12239031
9398,11260598,12643441
9399,11260598,12813311
9400,11260598,12517575
9401,11260598,12474105
9402,11260598,12413951
9403,11260598,12592866
9404,11260598,12417698
9405,11260598,12426985
9406,11260598,12513648
9407,11260598,12602569
9408,11260598,12871192
9409,11260598,12433964
9410,11260598,12783495
9411,11260598,12635707
9412,11260598,12513026
9413,11260598,12467555
9414,11260598,13163140
9415,11260598,12538689
9416,11260598,12702039
9417,11260598,12623087
9418,11260598,12645945
9419,11260598,13104567
9420,11260598,13272973
9421,11260598,13103260
9422,11260598,12936638
9423,11260598,13127800
9424,11260598,13354175
9425,11260598,13603409
9426,11260598,13759769
9427,11260598,13734362
9428,11260598,13788692
9429,11260598,13076873
9430,11260598,12774784
9431,11260598,12606218
9432,11260598,12572326
9433,11260598,12940132
9434,11260598,12781349
9435,11260598,12322097
9436,11260598,12401620
9437,11260598,12342838
9438,11260598,12342414
9439,11260598,12511790
9440,11260598,12734746
9441,11260598,13394404
9442,11260598,13211853
9443,11260598,12786348
9444,11260598,13219949
9445,11260598,13304965
9446,11260598,13090683
9447,11260598,13508672
9448,11260598,12724887
9449,11260598,13141911
9450,11260598,12350233
9451,11260598,12410191
9452,11260598,12444369
9453,11260598,12318663
9454,11260598,12611317
9455,11260598,12460676
9456,11260598,12587695
9457,11260598,12492935
9458,11260598,13039993
9459,11260598,13192183
9460,11260598,12380044
9461,11260598,12377992
9462,11260598,12213304
9463,11260598,13795321
9464,11260598,12759365
9465,11260598,12856105
9466,11260598,12882436
9467,11260598,13545664
9468,11260598,13328994
9469,11260598,13045658
9470,11260598,13065499
9471,11260598,13103540
9472,11260598,12882092
9473,11260598,12887933
9474,11260598,13196593
9475,11260598,13340215
9476,11260598,12687484
9477,11260598,12804124
9478,11260598,12753855
9479,11260598,12689378
9480,11260598,12755544
9481,11260598,12472551
9482,11260598,12160783
9483,11260598,12055848
9484,11260598,12084275
9485,11260598,12002977
9486,11260598,13074332
9487,11260598,12812191
9488,11260598,13429634
9489,11260598,12912642
9490,11260598,13938146
9491,11260598,13395598
9492,11260598,13418638
9493,11260598,14124116
9494,11260598,12829391
9495,11260598,12751896
9496,11260598,12397566
9497,11260598,12903401
9498,11260598,12756895
9499,11260598,14544556
9500,11260598,13731337
9501,11260598,12946060
9502,11260598,13055281
9503,11260598,13004142
9504,11260598,12672750
9505,11260598,13103893
9506,11260598,12893264
9507,11260598,12974294
9508,11260598,12718741
9509,11260598,13429818
9510,11260598,12653670
9511,11260598,12818504
9512,11260598,12113703
9513,11260598,12363523
9514,11260598,11780707
9515,11260598,11561535
9516,11260598,11816100
9517,11260598,11882821
9518,11260598,12493409
9519,11260598,12708162
9520,11260598,12564348
9521,11260598,12933995
9522,11260598,12868549
9523,11260598,13254291
9524,11260598,11874562
9525,11260598,12175764
9526,11260598,12329576
9527,11260598,13041481
9528,11260598,12238032
9529,11260598,12133643
9530,11260598,12010297
9531,11260598,12020363
9532,11260598,11901594
9533,11260598,12153554
9534,11260598,12182210
9535,11260598,12349321
9536,11260598,12284780
9537,11260598,12909927
9538,11260598,12832247
9539,11260598,13630047
9540,11260598,13140957
9541,11260598,12720176
9542,11260598,13464645
9543,11260598,12850369
9544,11260598,12619220
9545,11260598,12634685
9546,11260598,12809766
9547,11260598,12687911
9548,11260598,12988866
9549,11260598,12668482
9550,11260598,13114257
9551,11260598,12908450
9552,11260598,12913333
9553,11260598,12782331
9554,11260598,12670423
9555,11260598,12708052
9556,11260598,12851135
9557,11260598,12828659
9558,11260598,12615304
9559,11260598,12350611
9560,11260598,12854012
9561,11260598,13218894
9562,11260598,13824502
9563,11260598,14055113
9564,11260598,13553435
9565,11260598,13460576
9566,11260598,13135431
9567,11260598,12693185
9568,11260598,12683535
9569,11260598,13019817
9570,11260598,13615614
9571,11260598,13209031
9572,11260598,13184605
9573,11260598,12828157
9574,11260598,12542522
9575,11260598,12510955
9576,11260598,12403421
9577,11260598,13119431
9578,11260598,12863809
9579,11260598,12689824
9580,11260598,12615845
9581,11260598,12964080
9582,11260598,12912990
9583,11260598,12828859
9584,11260598,12735676
9585,11260598,13429902
9586,11260598,13071438
9587,11260598,13086845
9588,11260598,12893012
9589,11260598,12562475
9590,11260598,12349887
9591,11260598,12613122
9592,11260598,12520059
9593,11260598,13181670
9594,11260598,12199644
9595,11260598,12180565
9596,11260598,12146063
9597,11260598,12277279
9598,11260598,12576052
9599,11260598,12635685
9600,11260598,12814203
9601,11260598,12519646
9602,11260598,12625031
9603,11260598,12731336
9604,11260598,12955649
9605,11260598,13717774
9606,11260598,13056962
9607,11260598,12783975
9608,11260598,12582113
9609,11260598,12527665
9610,11260598,12766606
9611,11260598,12616038
9612,11260598,12598470
9613,11260598,12537679
9614,11260598,12874087
9615,11260598,12635372
9616,11260598,12842231
9617,11260598,13137106
9618,11260598,12951210
9619,11260598,12947589
9620,11260598,13192136
9621,11260598,13136907
9622,11260598,13184232
9623,11260598,13378073
9624,11260598,13505585
9625,11260598,13521564
9626,11260598,13499213
9627,11260598,12945889
9628,11260598,13020897
9629,11260598,13481517
9630,11260598,13474209
9631,11260598,13812823
9632,11260598,13373767
9633,11260598,13551719
9634,11260598,14213696
9635,11260598,14145076
9636,11260598,14052780
9637,11260598,14575960
9638,11260598,14737807
9639,11260598,13213099
9640,11260598,13595591
9641,11260598,13091371
9642,11260598,13068689
9643,11260598,13193625
9644,11260598,13206634
9645,11260598,13132600
9646,11260598,13008774
9647,11260598,12825576
9648,11260598,12894869
9649,11260598,12917935
9650,11260598,12944827
9651,11260598,12666741
9652,11260598,12495560
9653,11260598,11951186
9654,11260598,12037129
9655,11260598,11997932
9656,11260598,12331541
9657,11260598,11975334
9658,11260598,12370701
9659,11260598,12294005
9660,11260598,12768016
9661,11260598,12444463
9662,11260598,11987009
9663,11260598,12430811
9664,11260598,12179054
9665,11260598,12625100
9666,11260598,11957550
9667,11260598,12963136
9668,11260598,12841144
9669,11260598,12987823
9670,11260598,13429776
9671,11260598,12750415
9672,11260598,12476027
9673,11260598,12176536
9674,11260598,12034668
9675,11260598,12467443
9676,11260598,11968960
9677,11260598,12311809
9678,11260598,12094705
9679,11260598,11972217
9680,11260598,12313365
9681,11260598,12850313
9682,11260598,11974573
9683,11260598,12302672
9684,11260598,12478566
9685,11260598,13906852
9686,11260598,12427001
9687,11260598,12202820
9688,11260598,12293661
9689,11260598,12237717
9690,11260598,12089025
9691,11260598,12303933
9692,11260598,13906379
9693,11260598,12631126
9694,11260598,13027333
9695,11260598,12915451
9696,11260598,12860397
9697,11260598,12569294
9698,11260598,12484096
9699,11260598,12396994
9700,11260598,12476159
9701,11260598,12434315
9702,11260598,12697406
9703,11260598,12423783
9704,11260598,12355222
9705,11260598,12855954
9706,11260598,12411278
9707,11260598,12529319
9708,11260598,12481944
9709,11260598,12490458
9710,11260598,12306734
9711,11260598,12577434
9712,11260598,12705183
9713,11260598,13799345
9714,11260598,12959320
9715,11260598,12857595
9716,11260598,13029763
9717,11260598,13219156
9718,11260598,12873058
9719,11260598,13140350
9720,11260598,13181889
9721,11260598,13702895
9722,11260598,13028225
9723,11260598,13360837
9724,11260598,13255001
9725,11260598,13174467
9726,11260598,13527817
9727,11260598,13477422
9728,11260598,13400463
9729,11260598,13698309
9730,11260598,13407301
9731,11260598,13545337
9732,11260598,13899472
9733,11260598,13385101
9734,11260598,14020165
9735,11260598,13998599
9736,11260598,14167858
9737,11260598,13666043
9738,11260598,13451774
9739,11260598,14010996
9740,11260598,13886958
9741,11260598,13865414
9742,11260598,13901440
9743,11260598,14267983
9744,11260598,13834840
9745,11260598,13403759
9746,11260598,13494124
9747,11260598,13916606
9748,11260598,13958406
9749,11260598,13846024
9750,11260598,13626199
9751,11260598,13676508
9752,11260598,13389086
9753,11260598,13943650
9754,11260598,13158678
9755,11260598,13429370
9756,11260598,13004886
9757,11260598,12773365
9758,11260598,13476353
9759,11260598,13037404
9760,11260598,14145092
9761,11260598,13250462
9762,11260598,13473973
9763,11260598,13097871
9764,11260598,12658913
9765,11260598,13277374
9766,11260598,12801318
9767,11260598,12609700
9768,11260598,12571057
9769,11260598,12524287
9770,11260598,13256625
9771,11260598,13693792
9772,11260598,12846929
9773,11260598,12674656
9774,11260598,13333109
9775,11260598,12224262
9776,11260598,12125480
9777,11260598,12043247
9778,11260598,12043858
9779,11260598,12066942
9780,11260598,12426956
9781,11260598,12280560
9782,11260598,12282705
9783,11260598,12058685
9784,11260598,12138262
9785,11260598,13201023
9786,11260598,12593364
9787,11260598,12188179
9788,11260598,12479537
9789,11260598,12142997
9790,11260598,12131685
9791,11260598,12722684
9792,11260598,13176380
9793,11260598,12731225
9794,11260598,12830577
9795,11260598,12791097
9796,11260598,12930782
9797,11260598,13499895
9798,11260598,13871691
9799,11260598,13347011
9800,11260598,13532838
9801,11260598,13157176
9802,11260598,12968248
9803,11260598,13124178
9804,11260598,13329897
9805,11260598,13157391
9806,11260598,13215498
9807,11260598,13078100
9808,11260598,13255154
9809,11260598,13237934
9810,11260598,13433884
9811,11260598,13654653
9812,11260598,14324668
9813,11260598,13206413
9814,11260598,13387504
9815,11260598,12980857
9816,11260598,12688664
9817,11260598,12622371
9818,11260598,13062087
9819,11260598,14292445
9820,11260598,13108366
9821,11260598,13485551
9822,11260598,12999174
9823,11260598,13014047
9824,11260598,13264421
9825,11260598,13228996
9826,11260598,13191826
9827,11260598,12932235
9828,11260598,12982617
9829,11260598,13326891
9830,11260598,12597311
9831,11260598,12918899
9832,11260598,12738381
9833,11260598,12863678
9834,11260598,12504992
9835,11260598,12452338
9836,11260598,12874978
9837,11260598,12473655
9838,11260598,12371083
9839,11260598,12371326
9840,11260598,12365385
9841,11260598,12521340
9842,11260598,12317297
9843,11260598,12336465
9844,11260598,13113855
9845,11260598,13007489
9846,11260598,13555526
9847,11260598,12604248
9848,11260598,12788270
9849,11260598,12923103
9850,11260598,13111599
9851,11260598,13279179
9852,11260598,13034172
9853,11260598,12998216
9854,11260598,12917586
9855,11260598,12950596
9856,11260598,12392414
9857,11260598,12578264
9858,11260598,12470077
9859,11260598,12789102
9860,11260598,12798029
9861,11260598,13118659
9862,11260598,13183747
9863,11260598,12718568
9864,11260598,12437472
9865,11260598,12303269
9866,11260598,12907621
9867,11260598,12290880
9868,11260598,12125155
9869,11260598,12237005
9870,11260598,12283795
9871,11260598,12319132
9872,11260598,12845592
9873,11260598,12848030
9874,11260598,13215893
9875,11260598,13593075
9876,11260598,13039988
9877,11260598,12974197
9878,11260598,13009202
9879,11260598,13825798
9880,11260598,13980375
9881,11260598,13466783
9882,11260598,14056288
9883,11260598,13327756
9884,11260598,13323680
9885,11260598,13752041
9886,11260598,13951150
9887,11260598,13790638
9888,11260598,13878291
9889,11260598,13921119
9890,11260598,13761948
9891,11260598,13772977
9892,11260598,13785410
9893,11260598,13808159
9894,11260598,13761793
9895,11260598,13628402
9896,11260598,13685154
9897,11260598,13716062
9898,11260598,13775522
9899,11260598,13637951
9900,11260598,13665714
9901,11260598,15916025
9902,11260598,14269402
9903,11260598,13448732
9904,11260598,13482010
9905,11260598,13139484
9906,11260598,14151522
9907,11260598,13118453
9908,11260598,12953447
9909,11260598,12988671
9910,11260598,12996243
9911,11260598,12403778
9912,11260598,12942256
9913,11260598,12623047
9914,11260598,12789604
9915,11260598,12583678
9916,11260598,12373141
9917,11260598,13661181
9918,11260598,12567831
9919,11260598,12531162
9920,11260598,12498736
9921,11260598,12495671
9922,11260598,13256234
9923,11260598,12574551
9924,11260598,12840800
9925,11260598,12821980
9926,11260598,12498182
9927,11260598,12699744
9928,11260598,12834098
9929,11260598,12403505
9930,11260598,12424059
9931,11260598,12522356
9932,11260598,12491718
9933,11260598,13469243
9934,11260598,12824780
9935,11260598,12703543
9936,11260598,13286634
9937,11260598,12676954
9938,11260598,12761827
9939,11260598,12777935
9940,11260598,12217535
9941,11260598,12430414
9942,11260598,12942184
9943,11260598,13108304
9944,11260598,13423291
9945,11260598,12935379
9946,11260598,12441961
9947,11260598,13145538
9948,11260598,12238460
9949,11260598,12311745
9950,11260598,12023696
9951,11260598,12042645
9952,11260598,12327466
9953,11260598,12381600
9954,11260598,12068099
9955,11260598,12171581
9956,11260598,12374359
9957,11260598,12110933
9958,11260598,12243007
9959,11260598,11847452
9960,11260598,12229721
9961,11260598,11670070
9962,11260598,11995453
9963,11260598,11574664
9964,11260598,11512321
9965,11260598,11443590
9966,11260598,11260598
9967,11260598,11260598
9968,11260598,11260598
9969,11260598,11260598
9970,11260598,11260598
9971,11260598,11260598
9972,11213888,11213888
9973,11213888,11234747
9974,11213888,11234747
9975,11213888,11234747
9976,11213888,11234747
9977,11213888,11234747
9978,11213888,11234747
9979,11213888,11234747
9980,11213888,11234747
9981,11213888,11234740
9982,11213888,11234740
9983,11213888,11364979
9984,11213888,11364979
9985,11213888,11364979
9986,11213888,11382618
9987,11213888,11382618
9988,11213888,11382618
9989,11213888,11391930
9990,11213888,11391930
9991,11213888,11391930
9992,11213888,11391930
9993,11213888,11391930
9994,11213888,11391930
9995,11213888,11391930
9996,11213888,11391930
9997,11213888,11391930
9998,11213888,11391930
9999,11213888,11391930
10000,11213888,11391930
10001,11213888,11391930
10002,11213888,11391930
10003,11213888,11391930
10004,11213888,11391930
10005,11213888,11391930
10006,11213888,11391930
10007,11213888,11391930
10008,11213888,11391930
10009,11213888,11395205
10010,11213888,11395205
10011,11213888,11395205
10012,11213888,11395205
10013,11213888,11395205
10014,11213888,11395205
10015,11213888,11395205
10016,11213888,11395205
10017,11213888,11395205
10018,11213888,11395205
10019,11213888,11396126
10020,11213888,11447720
10021,11213888,11447720
10022,11213888,11447720
10023,11213888,11447720
10024,11213888,11447720
10025,11213888,11447720
10026,11213888,11447720
10027,11213888,11447720
10028,11213888,11361572
10029,11213888,11361572
10030,11213888,11361572
10031,11213888,11463105
10032,11213888,11463105
10033,11213888,12981743
10034,11213888,12981743
10035,11213888,12981743
10036,11213888,12981743
10037,11213888,12981743
10038,11213888,12981743
10039,11213888,12886943
10040,11213888,12854411
10041,11213888,12854411
10042,11213888,12854411
10043,11213888,12854411
10044,11213888,12854411
10045,11213888,12854411
10046,11213888,12854411
10047,11213888,12817511
10048,11213888,12860170
10049,11213888,12860170
10050,11213888,12860170
10051,11213888,12860170
10052,11213888,12860170
10053,11213888,12860170
10054,11213888,12860170
10055,11213888,12860170
10056,11213888,12822302
10057,11213888,12822302
10058,11213888,12822302
10059,11213888,12822302
10060,11213888,12805563
10061,11213888,12683450
10062,11213888,12683450
10063,11213888,12683450
10064,11213888,12683450
10065,11213888,12683450
10066,11213888,12683450
10067,11213888,12599921
10068,11213888,12599921
10069,11213888,12599921
10070,11213888,12688542
10071,11213888,12688542
10072,11213888,12759970
10073,11213888,12759970
10074,11213888,12759970
10075,11213888,12759970
10076,11213888,12759970
10077,11213888,12759970
10078,11213888,12759970
10079,11213888,12759970
10080,11213888,12759970
10081,11213888,12739479
10082,11213888,12739479
10083,11213888,12739479
10084,11213888,12739479
10085,11213888,12739479
10086,11213888,12739479
10087,11213888,12739479
10088,11213888,12728048
10089,11213888,12728048
10090,11213888,12728048
10091,11213888,12728048
10092,11213888,12710988
10093,11213888,12748308
10094,11213888,12748308
10095,11213888,12715303
10096,11213888,12715303
10097,11213888,12715303
10098,11213888,12715303
10099,11213888,12715303
10100,11213888,12684295
10101,11213888,12684295
10102,11213888,12684295
10103,11213888,12684295
10104,11213888,12860120
10105,11213888,12860120
10106,11213888,12860120
10107,11213888,12934695
10108,11213888,12934695
10109,11213888,12934695
10110,11213888,12934695
10111,11213888,12904208
10112,11213888,12904208
10113,11213888,12904208
10114,11213888,12904208
10115,11213888,12904208
10116,11213888,12904208
10117,11213888,12897836
10118,11213888,12897836
10119,11213888,12808890
10120,11213888,12808890
10121,11213888,12808890
10122,11213888,12808890
10123,11213888,12805695
10124,11213888,12805695
10125,11213888,12805695
10126,11213888,12805695
10127,11213888,12805695
10128,11213888,12718269
10129,11213888,12718269
10130,11213888,12718269
10131,11213888,12718269
10132,11213888,12718269
10133,11213888,12718269
10134,11213888,12718269
10135,11213888,12718269
10136,11213888,12718269
10137,11213888,12688953
10138,11213888,12688953
10139,11213888,12688953
10140,11213888,12689554
10141,11213888,12701574
10142,11213888,12701574
10143,11213888,12653415
10144,11213888,12638924
10145,11213888,12638924
10146,11213888,12638924
10147,11213888,12638924
10148,11213888,12638924
10149,11213888,12638924
10150,11213888,12667511
10151,11213888,12667511
10152,11213888,12844182
10153,11213888,12844182
10154,11213888,12971351
10155,11213888,12971351
10156,11213888,12971351
10157,11213888,12653612
10158,11213888,12653612
10159,11213888,12653612
10160,11213888,13031243
10161,11213888,13026485
10162,11213888,13645159
10163,11213888,13645159
10164,11213888,13645159
10165,11213888,14631442
10166,11213888,14674417
10167,11213888,14674417
10168,11213888,14674417
10169,11213888,14674417
10170,11213888,14674417
10171,11213888,14674417
10172,11213888,14674417
10173,11213888,14674417
10174,11213888,14680755
10175,11213888,14516556
10176,11213888,14516556
10177,11213888,14516556
10178,11213888,14516556
10179,11213888,14654658
10180,11213888,14654658
10181,11213888,14654658
10182,11213888,14654658
10183,11213888,14654658
10184,11213888,14654658
10185,11213888,14655332
10186,11213888,14655332
10187,11213888,14655332
10188,11213888,14036658
10189,11213888,14036658
10190,11213888,14179606
10191,11213888,14179606
10192,11213888,14339611
10193,11213888,14339611
10194,11213888,14339611
10195,11213888,14339611
10196,11213888,14339611
10197,11213888,14339611
10198,11213888,14255847
10199,11213888,14223534
10200,11213888,14223534
10201,11213888,14223534
10202,11213888,14223534
10203,11213888,14223534
10204,11213888,14223534
10205,11213888,14223534
10206,11213888,14144423
10207,11213888,14144423
10208,11213888,14144423
10209,11213888,14144423
10210,11213888,14142955
10211,11213888,13638180
10212,11213888,13583181
10213,11213888,13583181
10214,11213888,13591978
10215,11213888,13769898
10216,11213888,13769898
10217,11213888,13769898
10218,11213888,13769898
10219,11213888,13769898
10220,11213888,13952380
10221,11213888,13952380
10222,11213888,13952380
10223,11213888,13794391
10224,11213888,13794391
10225,11213888,13794391
10226,11213888,13794391
10227,11213888,13794391
10228,11213888,13794391
10229,11213888,13794391
10230,11213888,13665584
10231,11213888,13665584
10232,11213888,13647941
10233,11213888,13647941
10234,11213888,13513187
10235,11213888,13377552
10236,11213888,13224630
10237,11213888,13224630
10238,11213888,13224630
10239,11213888,13224630
10240,11213888,13224630
10241,11213888,13224630
10242,11213888,13298883
10243,11213888,13209022
10244,11213888,13183108
10245,11213888,13183108
10246,11213888,13183108
10247,11213888,13214664
10248,11213888,13214664
10249,11213888,13214664
10250,11213888,13215973
10251,11213888,13215973
10252,11213888,13879588
10253,11213888,13888596
10254,11213888,13884620
10255,11213888,13884620
10256,11213888,13884620
10257,11213888,13833995
10258,11213888,13833995
10259,11213888,13833995
10260,11213888,13829718
10261,11213888,13848801
10262,11213888,13954836
10263,11213888,13954836
10264,11213888,14079826
10265,11213888,14079826
10266,11213888,14118059
10267,11213888,14139126
10268,11213888,14139126
10269,11213888,13686144
10270,11213888,13686144
10271,11213888,13686144
10272,11213888,13686144
10273,11213888,13561154
10274,11213888,13571357
10275,11213888,13571357
10276,11213888,13571357
10277,11213888,13571357
10278,11213888,13571357
10279,11213888,13571357
10280,11213888,13571357
10281,11213888,13571357
10282,11213888,13571357
10283,11213888,13571357
10284,11213888,13571357
10285,11213888,13638493
10286,11213888,13781738
10287,11213888,13781738
10288,11213888,13781738
10289,11213888,13781738
10290,11213888,13781738
10291,11213888,13781738
10292,11213888,13781738
10293,11213888,13829686
10294,11213888,13829686
10295,11213888,13825001
10296,11213888,13738981
10297,11213888,13738981
10298,11213888,13738981
10299,11213888,13738981
10300,11213888,13687280
10301,11213888,14253048
10302,11213888,14244030
10303,11213888,14149435
10304,11213888,14078780
10305,11213888,14186401
10306,11213888,14186401
10307,11213888,13908551
10308,11213888,13904751
10309,11213888,13904751
10310,11213888,13904751
10311,11213888,13904751
10312,11213888,13904751
10313,11213888,13904751
10314,11213888,13904751
10315,11213888,13904751
10316,11213888,13904751
10317,11213888,13904751
10318,11213888,13904751
10319,11213888,13904751
10320,11213888,13904751
10321,11213888,13888222
10322,11213888,13872047
10323,11213888,14271052
10324,11213888,14306031
10325,11213888,14270037
10326,11213888,14270037
10327,11213888,14270037
10328,11213888,14270037
10329,11213888,14270037
10330,11213888,14270037
10331,11213888,14270037
10332,11213888,14240441
10333,11213888,14240441
10334,11213888,14240441
10335,11213888,14240441
10336,11213888,14240441
10337,11213888,14240441
10338,11213888,14240441
10339,11213888,14240441
10340,11213888,14240441
10341,11213888,14240441
10342,11213888,14240441
10343,11213888,14178089
10344,11213888,14178089
10345,11213888,14178089
10346,11213888,14178089
10347,11213888,13942563
10348,11213888,13942563
10349,11213888,14038782
10350,11213888,14092887
10351,11213888,14092887
10352,11213888,14092887
10353,11213888,14092887
10354,11213888,14092887
10355,11213888,14092887
10356,11213888,14092887
10357,11213888,14075421
10358,11213888,14075421
10359,11213888,14042744
10360,11213888,14042744
10361,11213888,14042744
10362,11213888,14042744
10363,11213888,14042744
10364,11213888,14096565
10365,11213888,14096565
10366,11213888,14096565
10367,11213888,14096565
10368,11213888,14214038
10369,11213888,14214038
10370,11213888,14214038
10371,11213888,14214038
10372,11213888,14145570
10373,11213888,14145570
10374,11213888,14145570
10375,11213888,14152000
10376,11213888,14152000
10377,11213888,14095974
10378,11213888,14095974
10379,11213888,14317065
10380,11213888,14299402
10381,11213888,14299402
10382,11213888,14299402
10383,11213888,14299402
10384,11213888,14373546
10385,11213888,14373546
10386,11213888,14373546
10387,11213888,14282537
10388,11213888,14282537
10389,11213888,14194567
10390,11213888,15115558
10391,11213888,15115558
10392,11213888,15036654
10393,11213888,15035098
10394,11213888,15027598
10395,11213888,15027598
10396,11213888,15027598
10397,11213888,15027598
10398,11213888,15005114
10399,11213888,15005114
10400,11213888,15005114
10401,11213888,15005114
10402,11213888,15008136
10403,11213888,15008136
10404,11213888,15008136
10405,11213888,15008136
10406,11213888,15008136
10407,11213888,15008136
10408,11213888,15008136
10409,11213888,15008136
10410,11213888,15008136
10411,11213888,14945557
10412,11213888,14945557
10413,11213888,14945557
10414,11213888,14826141
10415,11213888,14826141
10416,11213888,14826141
10417,11213888,14826141
10418,11213888,14826141
10419,11213888,14600309
10420,11213888,14732836
10421,11213888,14740928
10422,11213888,14740928
10423,11213888,14673773
10424,11213888,14673773
10425,11213888,13944007
10426,11213888,13944007
10427,11213888,13944007
10428,11213888,14087814
10429,11213888,14087814
10430,11213888,14382464
10431,11213888,14473896
10432,11213888,14236485
10433,11213888,14236485
10434,11213888,14236485
10435,11213888,14236485
10436,11213888,14341311
10437,11213888,14341311
10438,11213888,14305330
10439,11213888,14264612
10440,11213888,14395229
10441,11213888,14745246
10442,11213888,14745246
10443,11213888,14745246
10444,11213888,14745246
10445,11213888,14762176
10446,11213888,14762176
10447,11213888,14762176
10448,11213888,14762176
10449,11213888,14762176
10450,11213888,14762176
10451,11213888,14762176
10452,11213888,14762176
10453,11213888,14762176
10454,11213888,14740374
10455,11213888,14757507
10456,11213888,14757507
10457,11213888,14757507
10458,11213888,14757507
10459,11213888,14757507
10460,11213888,14706067
10461,11213888,14706067
10462,11213888,14706067
10463,11213888,14706067
10464,11213888,14626570
10465,11213888,14626570
10466,11213888,14441581
10467,11213888,14393042
10468,11213888,14305558
10469,11213888,14305558
10470,11213888,14305558
10471,11213888,14290553
10472,11213888,13192437
10473,11213888,13813076
10474,11213888,14088641
10475,11213888,13296673
10476,11213888,13399744
10477,11213888,13737410
10478,11213888,13721516
10479,11213888,13835106
10480,11213888,13253408
10481,11213888,13408736
10482,11213888,13603289
10483,11213888,13613061
10484,11213888,14059541
10485,11213888,14329058
10486,11213888,13374047
10487,11213888,14041393
10488,11213888,14097768
10489,11213888,13335984
10490,11213888,13872191
10491,11213888,13624093
10492,11213888,13489646
10493,11213888,13586454
10494,11213888,13534085
10495,11213888,13635474
10496,11213888,13829178
10497,11213888,14019131
10498,11213888,13781803
10499,11213888,13738099
10500,11213888,14192371
10501,11213888,14460142
10502,11213888,14119696
10503,11213888,14379405
10504,11213888,13403870
10505,11213888,12982219
10506,11213888,13215848
10507,11213888,13851579
10508,11213888,13497085
10509,11213888,13589761
10510,11213888,14052002
10511,11213888,13430229
10512,11213888,13263130
10513,11213888,12433041
10514,11213888,12569493
10515,11213888,13522215
10516,11213888,12602467
10517,11213888,12629470
10518,11213888,12743421
10519,11213888,12718085
10520,11213888,12795957
10521,11213888,12313196
10522,11213888,12390654
10523,11213888,12393949
10524,11213888,12469776
10525,11213888,12325337
10526,11213888,12207257
10527,11213888,12651227
10528,11213888,12239856
10529,11213888,12023341
10530,11213888,12497292
10531,11213888,13114731
10532,11213888,12268369
10533,11213888,12523995
10534,11213888,12834270
10535,11213888,13063155
10536,11213888,12738503
10537,11213888,12307326
10538,11213888,12522675
10539,11213888,12304580
10540,11213888,12337389
10541,11213888,12212118
10542,11213888,12223274
10543,11213888,12185215
10544,11213888,12644169
10545,11213888,12601584
10546,11213888,12883646
10547,11213888,12652331
10548,11213888,12425551
10549,11213888,12350557
10550,11213888,12477851
10551,11213888,12537451
10552,11213888,12873110
10553,11213888,13711856
10554,11213888,13843140
10555,11213888,13382863
10556,11213888,13073516
10557,11213888,13343066
10558,11213888,13857755
10559,11213888,13391028
10560,11213888,13317534
10561,11213888,13090549
10562,11213888,13684821
10563,11213888,13297611
10564,11213888,12778925
10565,11213888,12900709
10566,11213888,12953536
10567,11213888,13193947
10568,11213888,13055654
10569,11213888,13385782
10570,11213888,12900191
10571,11213888,12739668
10572,11213888,12845863
10573,11213888,13773505
10574,11213888,14311545
10575,11213888,13750159
10576,11213888,13602457
10577,11213888,14227419
10578,11213888,13001423
10579,11213888,12899214
10580,11213888,13160470
10581,11213888,12387925
10582,11213888,12270070
10583,11213888,12591669
10584,11213888,12294765
10585,11213888,12765673
10586,11213888,12679681
10587,11213888,12442191
10588,11213888,13205009
10589,11213888,12779698
10590,11213888,12966243
10591,11213888,12735931
10592,11213888,13402815
10593,11213888,12586169
10594,11213888,12580082
10595,11213888,12725826
10596,11213888,12315756
10597,11213888,12360529
10598,11213888,12179623
10599,11213888,12367052
10600,11213888,12226053
10601,11213888,12297467
10602,11213888,12376677
10603,11213888,12191569
10604,11213888,11778250
10605,11213888,11747673
10606,11213888,12041496
10607,11213888,11983808
10608,11213888,11727048
10609,11213888,11882951
10610,11213888,12356741
10611,11213888,12045905
10612,11213888,12056124
10613,11213888,12230084
10614,11213888,11818980
10615,11213888,12259646
10616,11213888,12294981
10617,11213888,13082894
10618,11213888,12649621
10619,11213888,12859209
10620,11213888,12677602
10621,11213888,12166929
10622,11213888,12498070
10623,11213888,12968883
10624,11213888,13046318
10625,11213888,12602339
10626,11213888,12550313
10627,11213888,12448144
10628,11213888,12331618
10629,11213888,12158231
10630,11213888,12307370
10631,11213888,12395130
10632,11213888,12619806
10633,11213888,12545255
10634,11213888,12403640
10635,11213888,12846530
10636,11213888,12262299
10637,11213888,12283868
10638,11213888,12167272
10639,11213888,12105371
10640,11213888,11545987
10641,11213888,11641045
10642,11213888,12045642
10643,11213888,11782208
10644,11213888,12872653
10645,11213888,12645486
10646,11213888,12995177
10647,11213888,13036878
10648,11213888,12772628
10649,11213888,12660041
10650,11213888,12626159
10651,11213888,12563041
10652,11213888,12659439
10653,11213888,12725645
10654,11213888,12604781
10655,11213888,12404294
10656,11213888,12385962
10657,11213888,12722254
10658,11213888,12275447
10659,11213888,12615810
10660,11213888,12438590
10661,11213888,12419107
10662,11213888,12605352
10663,11213888,12537243
10664,11213888,13009399
10665,11213888,12726231
10666,11213888,11832120
10667,11213888,11648878
10668,11213888,12572271
10669,11213888,12259209
10670,11213888,12404735
10671,11213888,12035309
10672,11213888,12538922
10673,11213888,12545004
10674,11213888,12294072
10675,11213888,12244607
10676,11213888,12541793
10677,11213888,12501964
10678,11213888,12333226
10679,11213888,12279208
10680,11213888,12182606
10681,11213888,12093764
10682,11213888,12087723
10683,11213888,11898164
10684,11213888,12135277
10685,11213888,12176366
10686,11213888,12472764
10687,11213888,11632675
10688,11213888,11631584
10689,11213888,11505975
10690,11213888,12246047
10691,11213888,12106580
10692,11213888,12262978
10693,11213888,12767423
10694,11213888,12092427
10695,11213888,12563722
10696,11213888,12186177
10697,11213888,12310852
10698,11213888,11982661
10699,11213888,12489197
10700,11213888,12726880
10701,11213888,12940742
10702,11213888,12854741
10703,11213888,12042013
10704,11213888,12646720
10705,11213888,13169709
10706,11213888,12302077
10707,11213888,12129957
10708,11213888,12165088
10709,11213888,12817201
10710,11213888,12889766
10711,11213888,13232932
10712,11213888,13403765
10713,11213888,12755202
10714,11213888,13642355
10715,11213888,14153447
10716,11213888,13064242
10717,11213888,12418656
10718,11213888,12422693
10719,11213888,12505321
10720,11213888,13053064
10721,11213888,13193202
10722,11213888,12558061
10723,11213888,12650116
10724,11213888,12389272
10725,11213888,12112814
10726,11213888,12291144
10727,11213888,12556048
10728,11213888,11756035
10729,11213888,12292340
10730,11213888,11818639
10731,11213888,12217774
10732,11213888,12150426
10733,11213888,12163062
10734,11213888,12866159
10735,11213888,12715864
10736,11213888,12607983
10737,11213888,13149289
10738,11213888,12953389
10739,11213888,12597897
10740,11213888,13624089
10741,11213888,12994986
10742,11213888,12814482
10743,11213888,12452933
10744,11213888,12389332
10745,11213888,12935207
10746,11213888,12575132
10747,11213888,13460663
10748,11213888,13231628
10749,11213888,13087906
10750,11213888,12869575
10751,11213888,12161346
10752,11213888,12082616
10753,11213888,12864459
10754,11213888,12180615
10755,11213888,12177923
10756,11213888,12620306
10757,11213888,12258184
10758,11213888,12219535
10759,11213888,12287303
10760,11213888,12224563
10761,11213888,12442126
10762,11213888,12467546
10763,11213888,12380135
10764,11213888,13533338
10765,11213888,12402071
10766,11213888,13008306
10767,11213888,11966534
10768,11213888,11950149
10769,11213888,13165401
10770,11213888,12215787
10771,11213888,13717168
10772,11213888,12926180
10773,11213888,13840296
10774,11213888,14675752
10775,11213888,13222755
10776,11213888,13369380
10777,11213888,13159097
10778,11213888,13052541
10779,11213888,12572619
10780,11213888,12038308
10781,11213888,12298513
10782,11213888,12359519
10783,11213888,12416885
10784,11213888,12384922
10785,11213888,12359017
10786,11213888,12430369
10787,11213888,12686900
10788,11213888,12159911
10789,11213888,12234534
10790,11213888,12029307
10791,11213888,12338588
10792,11213888,11407237
10793,11213888,11596047
10794,11213888,11889772
10795,11213888,11910338
10796,11213888,12163537
10797,11213888,12320629
10798,11213888,11875832
10799,11213888,12449776
10800,11213888,11658070
10801,11213888,11909402
10802,11213888,12236368
10803,11213888,12343830
10804,11213888,11653966
10805,11213888,12352873
10806,11213888,11877244
10807,11213888,12494233
10808,11213888,11617449
10809,11213888,12251934
10810,11213888,11961614
10811,11213888,11853220
10812,11213888,11893292
10813,11213888,11850744
10814,11213888,12798336
10815,11213888,11893213
10816,11213888,12453927
10817,11213888,11664082
10818,11213888,11533027
10819,11213888,11620841
10820,11213888,11626038
10821,11213888,11789108
10822,11213888,11959233
10823,11213888,12235001
10824,11213888,12221669
10825,11213888,12400403
10826,11213888,12237244
10827,11213888,12221351
10828,11213888,12823250
10829,11213888,12307009
10830,11213888,12427344
10831,11213888,12316667
10832,11213888,12326842
10833,11213888,12570427
10834,11213888,12758657
10835,11213888,12337078
10836,11213888,12965493
10837,11213888,12974967
10838,11213888,12947948
10839,11213888,13591840
10840,11213888,12691664
10841,11213888,12781310
10842,11213888,12584769
10843,11213888,12874920
10844,11213888,12718754
10845,11213888,12829191
10846,11213888,12747697
10847,11213888,12471390
10848,11213888,12510969
10849,11213888,12424227
10850,11213888,12351291
10851,11213888,12459240
10852,11213888,12757198
10853,11213888,12744406
10854,11213888,12315618
10855,11213888,12784124
10856,11213888,13290270
10857,11213888,13194404
10858,11213888,12399949
10859,11213888,12221388
10860,11213888,12090985
10861,11213888,12871823
10862,11213888,12564846
10863,11213888,13240340
10864,11213888,13141823
10865,11213888,13061014
10866,11213888,13330471
10867,11213888,12817722
10868,11213888,13281569
10869,11213888,13447592
10870,11213888,13190768
10871,11213888,12607653
10872,11213888,12651960
10873,11213888,12720260
10874,11213888,12343907
10875,11213888,12589943
10876,11213888,12097246
10877,11213888,12551526
10878,11213888,12191625
10879,11213888,12957617
10880,11213888,12452943
10881,11213888,12462266
10882,11213888,12383757
10883,11213888,12418675
10884,11213888,12447521
10885,11213888,12413698
10886,11213888,12568943
10887,11213888,12406621
10888,11213888,12744017
10889,11213888,12978416
10890,11213888,13005693
10891,11213888,12858425
10892,11213888,12242610
10893,11213888,12123727
10894,11213888,12319123
10895,11213888,12699004
10896,11213888,13730381
10897,11213888,13482653
10898,11213888,12798846
10899,11213888,12616894
10900,11213888,12671091
10901,11213888,12517451
10902,11213888,12431438
10903,11213888,13130002
10904,11213888,11986966
10905,11213888,11836503
10906,11213888,11631335
10907,11213888,11952130
10908,11213888,12101722
10909,11213888,12398142
10910,11213888,12185736
10911,11213888,12056706
10912,11213888,11976049
10913,11213888,11952345
10914,11213888,12089352
10915,11213888,11899179
10916,11213888,11944446
10917,11213888,12038279
10918,11213888,11686062
10919,11213888,11727831
10920,11213888,11609180
10921,11213888,11690595
10922,11213888,11952923
10923,11213888,11679029
10924,11213888,11884210
10925,11213888,11726494
10926,11213888,11734147
10927,11213888,11509438
10928,11213888,11497209
10929,11213888,12213813
10930,11213888,12003570
10931,11213888,11861387
10932,11213888,12192898
10933,11213888,12321012
10934,11213888,12244714
10935,11213888,12222856
10936,11213888,12284086
10937,11213888,12344371
10938,11213888,12577122
10939,11213888,13063019
10940,11213888,12425591
10941,11213888,12241308
10942,11213888,12132138
10943,11213888,12255378
10944,11213888,12097219
10945,11213888,11881431
10946,11213888,12071855
10947,11213888,11485527
10948,11213888,11799608
10949,11213888,12563454
10950,11213888,13115948
10951,11213888,12683986
10952,11213888,12754963
10953,11213888,12607579
10954,11213888,12620700
10955,11213888,13089023
10956,11213888,12503207
10957,11213888,12575542
10958,11213888,11809510
10959,11213888,12597630
10960,11213888,11926825
10961,11213888,11915296
10962,11213888,12019011
10963,11213888,12051971
10964,11213888,11894768
10965,11213888,12088496
10966,11213888,12129260
10967,11213888,12023565
10968,11213888,12242951
10969,11213888,12083591
10970,11213888,12176907
10971,11213888,12073540
10972,11213888,12035833
10973,11213888,13030552
10974,11213888,12431682
10975,11213888,12686012
10976,11213888,12620922
10977,11213888,12640802
10978,11213888,12240646
10979,11213888,12175651
10980,11213888,12289304
10981,11213888,12011883
10982,11213888,13115256
10983,11213888,12111609
10984,11213888,11958494
10985,11213888,12252894
10986,11213888,11980362
10987,11213888,11670731
10988,11213888,11699282
10989,11213888,12079563
10990,11213888,12111501
10991,11213888,12275464
10992,11213888,12254172
10993,11213888,12178163
10994,11213888,12140661
10995,11213888,12129874
10996,11213888,12006518
10997,11213888,12387469
10998,11213888,12052694
10999,11213888,12219392
11000,11213888,12427968
11001,11213888,12680120
11002,11213888,12766555
11003,11213888,12672411
11004,11213888,12499153
11005,11213888,13160207
11006,11213888,12382249
11007,11213888,11883584
11008,11213888,11711479
11009,11213888,11941510
11010,11213888,12069586
11011,11213888,11949432
11012,11213888,13070566
11013,11213888,12952135
11014,11213888,12784102
11015,11213888,12488797
11016,11213888,12290912
11017,11213888,12054454
11018,11213888,12988409
11019,11213888,12145736
11020,11213888,12219075
11021,11213888,12001607
11022,11213888,11876291
11023,11213888,11849782
11024,11213888,12422139
11025,11213888,12302547
11026,11213888,13207733
11027,11213888,13614682
11028,11213888,14516604
11029,11213888,13530595
11030,11213888,13979998
11031,11213888,12508270
11032,11213888,12591245
11033,11213888,12532827
11034,11213888,12647745
11035,11213888,12682446
11036,11213888,12466560
11037,11213888,12735549
11038,11213888,13325733
11039,11213888,12529751
11040,11213888,12565551
11041,11213888,12626242
11042,11213888,12524208
11043,11213888,12646114
11044,11213888,12531305
11045,11213888,12640279
11046,11213888,12411719
11047,11213888,13180289
11048,11213888,12907071
11049,11213888,13588355
11050,11213888,13161738
11051,11213888,13003348
11052,11213888,12964706
11053,11213888,13128075
11054,11213888,12445167
11055,11213888,12474549
11056,11213888,12165139
11057,11213888,12881481
11058,11213888,12785536
11059,11213888,12695602
11060,11213888,12851235
11061,11213888,12323198
11062,11213888,12495464
11063,11213888,12678395
11064,11213888,12590373
11065,11213888,12405674
11066,11213888,13236975
11067,11213888,12669959
11068,11213888,12345124
11069,11213888,12297336
11070,11213888,12579063
11071,11213888,12466452
11072,11213888,12537318
11073,11213888,12426626
11074,11213888,12380686
11075,11213888,12424067
11076,11213888,12478610
11077,11213888,12522713
11078,11213888,12538484
11079,11213888,12453227
11080,11213888,12504960
11081,11213888,12747526
11082,11213888,12621511
11083,11213888,12530877
11084,11213888,12642061
11085,11213888,12580537
11086,11213888,12801485
11087,11213888,12780774
11088,11213888,12746388
11089,11213888,12485010
11090,11213888,12029026
11091,11213888,11991966
11092,11213888,11707623
11093,11213888,12536902
11094,11213888,11739253
11095,11213888,11583343
11096,11213888,11522469
11097,11213888,11639781
11098,11213888,11959866
11099,11213888,11488029
11100,11213888,11699978
11101,11213888,11811695
11102,11213888,11467137
11103,11213888,11882498
11104,11213888,11697637
11105,11213888,11913279
11106,11213888,11607412
11107,11213888,11629264
11108,11213888,11704272
11109,11213888,12043194
11110,11213888,12727413
11111,11213888,12219995
11112,11213888,11903562
11113,11213888,12143243
11114,11213888,11843278
11115,11213888,11677481
11116,11213888,13162558
11117,11213888,12827196
11118,11213888,12553619
11119,11213888,13020299
11120,11213888,13132529
11121,11213888,13229062
11122,11213888,13469399
11123,11213888,13044400
11124,11213888,13254912
11125,11213888,13443504
11126,11213888,13448101
11127,11213888,13428929
11128,11213888,13366571
11129,11213888,13080946
11130,11213888,13029589
11131,11213888,13218221
11132,11213888,12809305
11133,11213888,12887246
11134,11213888,12719197
11135,11213888,12631917
11136,11213888,12537158
11137,11213888,12754958
11138,11213888,13313376
11139,11213888,13374378
11140,11213888,14373526
11141,11213888,13294382
11142,11213888,12952134
11143,11213888,12903151
11144,11213888,13259788
11145,11213888,13452691
11146,11213888,13650353
11147,11213888,13575084
11148,11213888,13816535
11149,11213888,13495315
11150,11213888,13899981
11151,11213888,13327881
11152,11213888,13104134
11153,11213888,13432081
11154,11213888,12670518
11155,11213888,12450704
11156,11213888,12232796
11157,11213888,12292351
11158,11213888,12358935
11159,11213888,12277579
11160,11213888,12481583
11161,11213888,12840471
11162,11213888,13452461
11163,11213888,13209013
11164,11213888,13294645
11165,11213888,13964428
11166,11213888,14158881
11167,11213888,13273920
11168,11213888,13916272
11169,11213888,13249944
11170,11213888,13673305
11171,11213888,13251959
11172,11213888,12779735
11173,11213888,12767727
11174,11213888,12770461
11175,11213888,12314871
11176,11213888,12542798
11177,11213888,12442186
11178,11213888,12317050
11179,11213888,12528188
11180,11213888,12842530
11181,11213888,12939471
11182,11213888,12594252
11183,11213888,12649595
11184,11213888,12720206
11185,11213888,12402152
11186,11213888,12460082
11187,11213888,12454918
11188,11213888,12518952
11189,11213888,12381881
11190,11213888,12428966
11191,11213888,12457941
11192,11213888,12498981
11193,11213888,12392056
11194,11213888,12669957
11195,11213888,14085806
11196,11213888,12566310
11197,11213888,12335230
11198,11213888,12559924
11199,11213888,12400222
11200,11213888,12197127
11201,11213888,12356511
11202,11213888,12583137
11203,11213888,12520603
11204,11213888,12380338
11205,11213888,12185602
11206,11213888,12086044
11207,11213888,12439159
11208,11213888,12259956
11209,11213888,12987877
11210,11213888,12520274
11211,11213888,12848963
11212,11213888,12406665
11213,11213888,12622691
11214,11213888,13133760
11215,11213888,12154201
11216,11213888,12287152
11217,11213888,12177480
11218,11213888,12092411
11219,11213888,12557114
11220,11213888,11751693
11221,11213888,11780434
11222,11213888,12366293
11223,11213888,12212388
11224,11213888,12271855
11225,11213888,12124043
11226,11213888,12141327
11227,11213888,12719479
11228,11213888,12628183
11229,11213888,12718778
11230,11213888,12510826
11231,11213888,12035607
11232,11213888,11803218
11233,11213888,12193723
11234,11213888,12602066
11235,11213888,12036268
11236,11213888,12521910
11237,11213888,12425419
11238,11213888,11884008
11239,11213888,11641443
11240,11213888,11618622
11241,11213888,11662689
11242,11213888,11997400
11243,11213888,11947485
11244,11213888,12191270
11245,11213888,12333726
11246,11213888,12929408
11247,11213888,11936699
11248,11213888,12059838
11249,11213888,12067451
11250,11213888,11879640
11251,11213888,11939737
11252,11213888,11686650
11253,11213888,11877312
11254,11213888,12605238
11255,11213888,11746346
11256,11213888,11942687
11257,11213888,11902990
11258,11213888,11632366
11259,11213888,11628402
11260,11213888,11813129
11261,11213888,11784173
11262,11213888,11834482
11263,11213888,12063790
11264,11213888,11831582
11265,11213888,11981650
11266,11213888,11964902
11267,11213888,11770663
11268,11213888,11931559
11269,11213888,12789818
11270,11213888,12181788
11271,11213888,12923462
11272,11213888,12641898
11273,11213888,12524663
11274,11213888,12683126
11275,11213888,12643324
11276,11213888,12469802
11277,11213888,12606243
11278,11213888,12920293
11279,11213888,13267581
11280,11213888,12349300
11281,11213888,12299227
11282,11213888,12320938
11283,11213888,13029447
11284,11213888,12906792
11285,11213888,12395036
11286,11213888,12308531
11287,11213888,12308379
11288,11213888,12202666
11289,11213888,12627895
11290,11213888,12149474
11291,11213888,11994192
11292,11213888,12942245
11293,11213888,13236477
11294,11213888,12874105
11295,11213888,12099016
11296,11213888,12097827
11297,11213888,12246548
11298,11213888,12451525
11299,11213888,12676202
11300,11213888,13146957
11301,11213888,12817345
11302,11213888,12688576
11303,11213888,12529178
11304,11213888,12278584
11305,11213888,12259275
11306,11213888,12512318
11307,11213888,12169175
11308,11213888,12191868
11309,11213888,12215872
11310,11213888,12139207
11311,11213888,12194039
11312,11213888,12175562
11313,11213888,11979973
11314,11213888,12478173
11315,11213888,12089003
11316,11213888,11634310
11317,11213888,11903870
11318,11213888,11966301
11319,11213888,11992932
11320,11213888,12981317
11321,11213888,11964896
11322,11213888,11852634
11323,11213888,11838562
11324,11213888,11787822
11325,11213888,12573405
11326,11213888,11926244
11327,11213888,12570766
11328,11213888,12952518
11329,11213888,12185774
11330,11213888,12285192
11331,11213888,12240055
11332,11213888,12491113
11333,11213888,12366270
11334,11213888,12154179
11335,11213888,12921453
11336,11213888,12471186
11337,11213888,12716168
11338,11213888,12762441
11339,11213888,12846105
11340,11213888,12459096
11341,11213888,12580489
11342,11213888,12476299
11343,11213888,12789153
11344,11213888,12218058
11345,11213888,11941401
11346,11213888,11599775
11347,11213888,12040086
11348,11213888,11765155
11349,11213888,11846805
11350,11213888,11998427
11351,11213888,12158985
11352,11213888,11949972
11353,11213888,12487245
11354,11213888,12017470
11355,11213888,13352994
11356,11213888,12389840
11357,11213888,12318628
11358,11213888,12680612
11359,11213888,12304291
11360,11213888,11959781
11361,11213888,11801581
11362,11213888,11553058
11363,11213888,11548647
11364,11213888,12230941
11365,11213888,12230788
11366,11213888,12554106
11367,11213888,12022903
11368,11213888,12069125
11369,11213888,12001574
11370,11213888,12071237
11371,11213888,12025609
11372,11213888,11881066
11373,11213888,11810594
11374,11213888,12129461
11375,11213888,12314121
11376,11213888,12834974
11377,11213888,12585538
11378,11213888,12638536
11379,11213888,12598716
11380,11213888,12662550
11381,11213888,12681804
11382,11213888,12955203
11383,11213888,12800778
11384,11213888,12458057
11385,11213888,12407453
11386,11213888,12486366
11387,11213888,12926956
11388,11213888,12600067
11389,11213888,12442726
11390,11213888,12977016
11391,11213888,13093100
11392,11213888,12122260
11393,11213888,12272416
11394,11213888,12579717
11395,11213888,12145296
11396,11213888,12329118
11397,11213888,12593688
11398,11213888,12901428
11399,11213888,12641983
11400,11213888,12501020
11401,11213888,12273669
11402,11213888,12259045
11403,11213888,12233354
11404,11213888,12965930
11405,11213888,13238813
11406,11213888,12679088
11407,11213888,12599717
11408,11213888,12314889
11409,11213888,12160729
11410,11213888,12293500
11411,11213888,12123191
11412,11213888,12013043
11413,11213888,12457997
11414,11213888,12415107
11415,11213888,12552964
11416,11213888,12519730
11417,11213888,11923966
11418,11213888,12098269
11419,11213888,11930235
11420,11213888,12074905
11421,11213888,12258436
11422,11213888,12230085
11423,11213888,11659798
11424,11213888,11837116
11425,11213888,11718187
11426,11213888,11552710
11427,11213888,11756023
11428,11213888,11661070
11429,11213888,11653744
11430,11213888,12181627
11431,11213888,12081790
11432,11213888,11639641
11433,11213888,11628342
11434,11213888,12307995
11435,11213888,11662074
11436,11213888,11853527
11437,11213888,11483342
11438,11213888,12977603
11439,11213888,12638581
11440,11213888,12358461
11441,11213888,12774925
11442,11213888,12653022
11443,11213888,13860128
11444,11213888,13320851
11445,11213888,13035575
11446,11213888,12503159
11447,11213888,12537694
11448,11213888,12177926
11449,11213888,12006853
11450,11213888,12076181
11451,11213888,11632263
11452,11213888,11856840
11453,11213888,11775377
11454,11213888,11709706
11455,11213888,12074778
11456,11213888,12153554
11457,11213888,11813737
11458,11213888,11906169
11459,11213888,11794318
11460,11213888,11841677
11461,11213888,12197234
11462,11213888,12271751
11463,11213888,12200153
11464,11213888,12180836
11465,11213888,12170980
11466,11213888,11920277
11467,11213888,11831670
11468,11213888,11743959
11469,11213888,12315602
11470,11213888,12539434
11471,11213888,12479901
11472,11213888,12571699
11473,11213888,11213888
11474,11213888,11213888
11475,11213888,11213888
11476,11213888,11213888
11477,11207801,11207801
11478,11207801,11207801
11479,11207801,11207801
11480,11207801,11207801
11481,11207801,11274057
11482,11181059,11181059
11483,11181059,11181059
11484,11181059,11222665
11485,11181059,11222665
11486,11181059,11222665
11487,11181059,11222665
11488,11181059,11222665
11489,11181059,11217340
11490,11181059,11324456
11491,11181059,11324456
11492,11181059,11414317
11493,11181059,11414317
11494,11181059,11414317
11495,11181059,11414317
11496,11181059,11414317
11497,11181059,11391362
11498,11181059,11391362
11499,11181059,11391362
11500,11181059,11391362
11501,11181059,11391362
11502,11181059,11407575
11503,11181059,11407575
11504,11181059,11407575
11505,11181059,11407575
11506,11181059,11407575
11507,11181059,11407575
11508,11181059,11527754
11509,11181059,11581773
11510,11181059,11581773
11511,11181059,11548488
11512,11181059,11457620
11513,11181059,11414160
11514,11181059,11414160
11515,11181059,11414160
11516,11181059,11414160
11517,11181059,11414160
11518,11181059,11414160
11519,11181059,11414160
11520,11181059,11518045
11521,11181059,11518045
11522,11181059,11518045
11523,11181059,11518045
11524,11181059,11602701
11525,11181059,11602701
11526,11181059,11493115
11527,11181059,11493115
11528,11181059,11493115
11529,11181059,11493115
11530,11181059,11493115
11531,11181059,11493115
11532,11181059,11493115
11533,11181059,11493115
11534,11181059,12250639
11535,11181059,12462098
11536,11181059,12406573
11537,11181059,12406573
11538,11181059,12297684
11539,11181059,12297684
11540,11181059,12297684
11541,11181059,12445550
11542,11181059,12445550
11543,11181059,12445550
11544,11181059,12445550
11545,11181059,12445550
11546,11181059,12445550
11547,11181059,12445550
11548,11181059,12445550
11549,11181059,12612002
11550,11181059,12612002
11551,11181059,12619305
11552,11181059,12619305
11553,11181059,12584550
11554,11181059,12584550
11555,11181059,12620386
11556,11181059,12620386
11557,11181059,12620386
11558,11181059,12620386
11559,11181059,12659649
11560,11181059,12659649
11561,11181059,12659649
11562,11181059,12659649
11563,11181059,12659649
11564,11181059,12659649
11565,11181059,12659649
11566,11181059,12592989
11567,11181059,12592989
11568,11181059,12592989
11569,11181059,12592989
11570,11181059,12592989
11571,11181059,12592989
11572,11181059,12683457
11573,11181059,12683457
11574,11181059,12613361
11575,11181059,12613361
11576,11181059,12613361
11577,11181059,12613361
11578,11181059,12613361
11579,11181059,12613361
11580,11181059,12613361
11581,11181059,12613361
11582,11181059,12613361
11583,11181059,12613361
11584,11181059,12613361
11585,11181059,12613361
11586,11181059,12613361
11587,11181059,12613361
11588,11181059,13231935
11589,11181059,13231935
11590,11181059,13231935
11591,11181059,13231935
11592,11181059,13231935
11593,11181059,13140465
11594,11181059,13031803
11595,11181059,13031803
11596,11181059,13031803
11597,11181059,13031803
11598,11181059,13031803
11599,11181059,13031803
11600,11181059,13031803
11601,11181059,13066935
11602,11181059,13066935
11603,11181059,13066935
11604,11181059,13050535
11605,11181059,13050535
11606,11181059,13050535
11607,11181059,13050535
11608,11181059,13050535
11609,11181059,13050535
11610,11181059,13050535
11611,11181059,13050535
11612,11181059,13066935
11613,11181059,12948515
11614,11181059,13432064
11615,11181059,13432064
11616,11181059,13380290
11617,11181059,13380290
11618,11181059,13290741
11619,11181059,13290741
11620,11181059,13290741
11621,11181059,13290741
11622,11181059,13290741
11623,11181059,13290741
11624,11181059,13290741
11625,11181059,13290741
11626,11181059,13290741
11627,11181059,13290741
11628,11181059,13290741
11629,11181059,13725155
11630,11181059,13725155
11631,11181059,13725155
11632,11181059,13725155
11633,11181059,13725155
11634,11181059,13719586
11635,11181059,13719586
11636,11181059,13718244
11637,11181059,13741919
11638,11181059,14427985
11639,11181059,14354778
11640,11181059,14354778
11641,11181059,14128223
11642,11181059,14069497
11643,11181059,14069497
11644,11181059,14069497
11645,11181059,14069497
11646,11181059,14069497
11647,11181059,13999197
11648,11181059,13999197
11649,11181059,13999197
11650,11181059,13914623
11651,11181059,13914623
11652,11181059,13914623
11653,11181059,13688810
11654,11181059,13688810
11655,11181059,13688810
11656,11181059,13683295
11657,11181059,14256606
11658,11181059,14256606
11659,11181059,14256606
11660,11181059,14256606
11661,11181059,13989240
11662,11181059,13989240
11663,11181059,13989240
11664,11181059,13989240
11665,11181059,13989240
11666,11181059,13989240
11667,11181059,13989240
11668,11181059,13989240
11669,11181059,13989240
11670,11181059,14019215
11671,11181059,14019215
11672,11181059,13798986
11673,11181059,13777582
11674,11181059,13777582
11675,11181059,13710951
11676,11181059,13710951
11677,11181059,13671893
11678,11181059,13671893
11679,11181059,13605951
11680,11181059,13605951
11681,11181059,13615299
11682,11181059,13625060
11683,11181059,13613902
11684,11181059,13613902
11685,11181059,13613902
11686,11181059,13613902
11687,11181059,13728917
11688,11181059,13728917
11689,11181059,13728917
11690,11181059,13738227
11691,11181059,13725764
11692,11181059,13725764
11693,11181059,13725764
11694,11181059,13725764
11695,11181059,13714647
11696,11181059,13714647
11697,11181059,13714647
11698,11181059,13677964
11699,11181059,13677964
11700,11181059,13623102
11701,11181059,13046259
11702,11181059,13046259
11703,11181059,13046259
11704,11181059,13046259
11705,11181059,13046259
11706,11181059,13046259
11707,11181059,13046259
11708,11181059,13046259
11709,11181059,13046259
11710,11181059,13046259
11711,11181059,13046259
11712,11181059,13046259
11713,11181059,13099317
11714,11181059,13099317
11715,11181059,13089969
11716,11181059,13089969
11717,11181059,13093786
11718,11181059,13093666
11719,11181059,13069917
11720,11181059,13082210
11721,11181059,13082210
11722,11181059,13082210
11723,11181059,13082210
11724,11181059,13507077
11725,11181059,13476793
11726,11181059,13476793
11727,11181059,13476793
11728,11181059,13476793
11729,11181059,13476793
11730,11181059,13476793
11731,11181059,13455266
11732,11181059,13455266
11733,11181059,13455266
11734,11181059,13455266
11735,11181059,13455266
11736,11181059,13455266
11737,11181059,13535747
11738,11181059,13535747
11739,11181059,13535747
11740,11181059,13535747
11741,11181059,13535747
11742,11181059,13535747
11743,11181059,13535747
11744,11181059,13535747
11745,11181059,13535747
11746,11181059,13535747
11747,11181059,13535747
11748,11181059,13535747
11749,11181059,13678267
11750,11181059,13649836
11751,11181059,13649836
11752,11181059,13649836
11753,11181059,13621042
11754,11181059,13621042
11755,11181059,13621042
11756,11181059,13621042
11757,11181059,13621042
11758,11181059,13513188
11759,11181059,13513188
11760,11181059,13513188
11761,11181059,13499810
11762,11181059,13499810
11763,11181059,13500170
11764,11181059,13198390
11765,11181059,13220962
11766,11181059,13220962
11767,11181059,13227474
11768,11181059,13227474
11769,11181059,13227474
11770,11181059,13227474
11771,11181059,13227474
11772,11181059,13227474
11773,11181059,13227474
11774,11181059,13227474
11775,11181059,13227474
11776,11181059,13227474
11777,11181059,13227474
11778,11181059,13227474
11779,11181059,13227474
11780,11181059,13227474
11781,11181059,13227474
11782,11181059,13227474
11783,11181059,13227474
11784,11181059,13227474
11785,11181059,13184249
11786,11181059,13173439
11787,11181059,13064915
11788,11181059,13052105
11789,11181059,13052105
11790,11181059,13052105
11791,11181059,13052105
11792,11181059,13052105
11793,11181059,13052105
11794,11181059,13052105
11795,11181059,13052105
11796,11181059,13117745
11797,11181059,13117745
11798,11181059,13117745
11799,11181059,13117745
11800,11181059,13117745
11801,11181059,13127119
11802,11181059,13127119
11803,11181059,13127119
11804,11181059,13127119
11805,11181059,13127119
11806,11181059,13127119
11807,11181059,13127119
11808,11181059,13127119
11809,11181059,13127119
11810,11181059,13127119
11811,11181059,13093953
11812,11181059,13093953
11813,11181059,13093953
11814,11181059,13093953
11815,11181059,13093953
11816,11181059,13093952
11817,11181059,13103743
11818,11181059,13396608
11819,11181059,13396608
11820,11181059,13418978
11821,11181059,13418978
11822,11181059,13418978
11823,11181059,13418978
11824,11181059,13406194
11825,11181059,13406194
11826,11181059,13406194
11827,11181059,13406194
11828,11181059,13406194
11829,11181059,13406194
11830,11181059,13406194
11831,11181059,13406194
11832,11181059,13406194
11833,11181059,13406194
11834,11181059,13406194
11835,11181059,13406194
11836,11181059,13406194
11837,11181059,13449723
11838,11181059,13449723
11839,11181059,14000228
11840,11181059,14000228
11841,11181059,14000228
11842,11181059,13880349
11843,11181059,13880349
11844,11181059,13775223
11845,11181059,13775223
11846,11181059,13663253
11847,11181059,13663253
11848,11181059,13663253
11849,11181059,13663253
11850,11181059,13663253
11851,11181059,13663253
11852,11181059,13716892
11853,11181059,13716892
11854,11181059,13671031
11855,11181059,13671031
11856,11181059,13671031
11857,11181059,13671031
11858,11181059,13597979
11859,11181059,13908531
11860,11181059,13908531
11861,11181059,13908531
11862,11181059,13908531
11863,11181059,13908531
11864,11181059,13908531
11865,11181059,13908531
11866,11181059,13698549
11867,11181059,13698549
11868,11181059,13254961
11869,11181059,13254961
11870,11181059,13193159
11871,11181059,13193159
11872,11181059,13403141
11873,11181059,13403141
11874,11181059,13360324
11875,11181059,13360324
11876,11181059,13360324
11877,11181059,13150342
11878,11181059,13150342
11879,11181059,13232210
11880,11181059,13232210
11881,11181059,13174150
11882,11181059,13078334
11883,11181059,13078334
11884,11181059,13078334
11885,11181059,13098637
11886,11181059,13098637
11887,11181059,13098637
11888,11181059,13601147
11889,11181059,13601147
11890,11181059,13601147
11891,11181059,13601147
11892,11181059,13601147
11893,11181059,13601147
11894,11181059,13601147
11895,11181059,13601147
11896,11181059,13517467
11897,11181059,13530845
11898,11181059,13483704
11899,11181059,13483704
11900,11181059,13483704
11901,11181059,13483704
11902,11181059,13483704
11903,11181059,13483704
11904,11181059,13300741
11905,11181059,13300741
11906,11181059,13384417
11907,11181059,13384417
11908,11181059,13417229
11909,11181059,13417229
11910,11181059,13417229
11911,11181059,13417229
11912,11181059,13417229
11913,11181059,13410256
11914,11181059,13410256
11915,11181059,13363007
11916,11181059,13363007
11917,11181059,13363007
11918,11181059,13363007
11919,11181059,13352239
11920,11181059,13352239
11921,11181059,13352239
11922,11181059,13352239
11923,11181059,13352239
11924,11181059,13352239
11925,11181059,13352239
11926,11181059,13352239
11927,11181059,13352239
11928,11181059,13352239
11929,11181059,13352239
11930,11181059,13352239
11931,11181059,13352239
11932,11181059,13352239
11933,11181059,13468340
11934,11181059,13505784
11935,11181059,13505784
11936,11181059,13505784
11937,11181059,13505784
11938,11181059,13624818
11939,11181059,13624818
11940,11181059,13611440
11941,11181059,13611440
11942,11181059,13611440
11943,11181059,13611440
11944,11181059,13611440
11945,11181059,13611440
11946,11181059,13611440
11947,11181059,13611440
11948,11181059,13611440
11949,11181059,13611440
11950,11181059,13778194
11951,11181059,13778194
11952,11181059,13778194
11953,11181059,13759495
11954,11181059,13759495
11955,11181059,13690415
11956,11181059,13690415
11957,11181059,13690415
11958,11181059,13703793
11959,11181059,13703793
11960,11181059,13703793
11961,11181059,13703793
11962,11181059,13703793
11963,11181059,13703793
11964,11181059,13703793
11965,11181059,13703793
11966,11181059,13591467
11967,11181059,13591467
11968,11181059,13591467
11969,11181059,13453674
11970,11181059,13421669
11971,11181059,13421669
11972,11181059,13421669
11973,11181059,13359688
11974,11181059,13344399
11975,11181059,13344399
11976,11181059,13344399
11977,11181059,13344399
11978,11181059,13344399
11979,11181059,13340395
11980,11181059,13340395
11981,11181059,13228464
11982,11181059,12762549
11983,11181059,12627873
11984,11181059,12833389
11985,11181059,12991857
11986,11181059,13052967
11987,11181059,12822435
11988,11181059,12930710
11989,11181059,12989006
11990,11181059,12733713
11991,11181059,12985265
11992,11181059,12898913
11993,11181059,13089742
11994,11181059,13344273
11995,11181059,13692767
11996,11181059,13393952
11997,11181059,13302633
11998,11181059,13719489
11999,11181059,13189181
12000,11181059,13279863
12001,11181059,13080293
12002,11181059,13039363
12003,11181059,13040744
12004,11181059,12869681
12005,11181059,12780591
12006,11181059,12862616
12007,11181059,13309900
12008,11181059,12888117
12009,11181059,13439966
12010,11181059,13369495
12011,11181059,12832344
12012,11181059,12984953
12013,11181059,13308045
12014,11181059,13420991
12015,11181059,12800414
12016,11181059,12536408
12017,11181059,12521139
12018,11181059,12898386
12019,11181059,13196806
12020,11181059,12191822
12021,11181059,12329012
12022,11181059,12929597
12023,11181059,12444866
12024,11181059,12272052
12025,11181059,12757516
12026,11181059,12489781
12027,11181059,12336098
12028,11181059,12835379
12029,11181059,13409751
12030,11181059,12863037
12031,11181059,13771407
12032,11181059,13641143
12033,11181059,12861365
12034,11181059,11983108
12035,11181059,12198424
12036,11181059,11943411
12037,11181059,12267500
12038,11181059,12416773
12039,11181059,13104820
12040,11181059,13274067
12041,11181059,13292530
12042,11181059,13228220
12043,11181059,13199573
12044,11181059,13245412
12045,11181059,13630490
12046,11181059,13877513
12047,11181059,13599430
12048,11181059,13279917
12049,11181059,13139806
12050,11181059,12667840
12051,11181059,12705304
12052,11181059,12685487
12053,11181059,13572221
12054,11181059,13651923
12055,11181059,13006752
12056,11181059,13346833
12057,11181059,13659513
12058,11181059,13684583
12059,11181059,13704025
12060,11181059,13635859
12061,11181059,13707523
12062,11181059,13612639
12063,11181059,13647757
12064,11181059,14075677
12065,11181059,14356433
12066,11181059,13627879
12067,11181059,13329123
12068,11181059,13487020
12069,11181059,13485752
12070,11181059,13617711
12071,11181059,13086323
12072,11181059,14895040
12073,11181059,14365150
12074,11181059,14025614
12075,11181059,13165401
12076,11181059,13174074
12077,11181059,12831674
12078,11181059,13234691
12079,11181059,12661436
12080,11181059,12099984
12081,11181059,13214185
12082,11181059,12067448
12083,11181059,12311143
12084,11181059,12383365
12085,11181059,12245325
12086,11181059,12957272
12087,11181059,12405209
12088,11181059,12607367
12089,11181059,12713153
12090,11181059,13157856
12091,11181059,12453563
12092,11181059,12501704
12093,11181059,12547021
12094,11181059,12380456
12095,11181059,12505082
12096,11181059,13144923
12097,11181059,13360338
12098,11181059,13398240
12099,11181059,13294373
12100,11181059,13298507
12101,11181059,12415358
12102,11181059,12977717
12103,11181059,13182236
12104,11181059,12803577
12105,11181059,13695428
12106,11181059,12950439
12107,11181059,13003755
12108,11181059,12880396
12109,11181059,12669281
12110,11181059,12970034
12111,11181059,12491637
12112,11181059,13309033
12113,11181059,12855037
12114,11181059,12739491
12115,11181059,12675674
12116,11181059,12950439
12117,11181059,13293768
12118,11181059,12698683
12119,11181059,12496529
12120,11181059,12680779
12121,11181059,12330678
12122,11181059,12720926
12123,11181059,12203410
12124,11181059,12386635
12125,11181059,12306622
12126,11181059,12499919
12127,11181059,12397166
12128,11181059,12299373
12129,11181059,12167123
12130,11181059,12101413
12131,11181059,12250854
12132,11181059,12022306
12133,11181059,12211085
12134,11181059,11961077
12135,11181059,12136254
12136,11181059,12266508
12137,11181059,13119576
12138,11181059,13877856
12139,11181059,12370110
12140,11181059,12594700
12141,11181059,12088072
12142,11181059,12592342
12143,11181059,12598568
12144,11181059,12096587
12145,11181059,12663255
12146,11181059,12190999
12147,11181059,12557554
12148,11181059,11779593
12149,11181059,11742080
12150,11181059,11874274
12151,11181059,11770528
12152,11181059,12531257
12153,11181059,12252985
12154,11181059,12076123
12155,11181059,13581081
12156,11181059,13225332
12157,11181059,12911708
12158,11181059,13030425
12159,11181059,12946354
12160,11181059,13249137
12161,11181059,13179276
12162,11181059,13260697
12163,11181059,13394354
12164,11181059,13220095
12165,11181059,13121036
12166,11181059,13165094
12167,11181059,12748035
12168,11181059,12696210
12169,11181059,12203398
12170,11181059,12933382
12171,11181059,13302008
12172,11181059,12292601
12173,11181059,12377502
12174,11181059,12322745
12175,11181059,12182464
12176,11181059,12501180
12177,11181059,12986990
12178,11181059,12735792
12179,11181059,12708911
12180,11181059,13095863
12181,11181059,13013590
12182,11181059,13136600
12183,11181059,13078631
12184,11181059,12833566
12185,11181059,12955109
12186,11181059,13105760
12187,11181059,12884440
12188,11181059,12889944
12189,11181059,13435036
12190,11181059,13489818
12191,11181059,13116745
12192,11181059,12576547
12193,11181059,12607092
12194,11181059,12353863
12195,11181059,12232525
12196,11181059,13052720
12197,11181059,12137492
12198,11181059,12340671
12199,11181059,12898851
12200,11181059,12100679
12201,11181059,12547064
12202,11181059,12804830
12203,11181059,12069585
12204,11181059,12206477
12205,11181059,12861356
12206,11181059,12166950
12207,11181059,12053158
12208,11181059,12193541
12209,11181059,12459645
12210,11181059,12223558
12211,11181059,12239782
12212,11181059,12109199
12213,11181059,12201869
12214,11181059,12432888
12215,11181059,12270000
12216,11181059,12294321
12217,11181059,12225938
12218,11181059,12091974
12219,11181059,12183349
12220,11181059,12948746
12221,11181059,12343189
12222,11181059,12242458
12223,11181059,12115178
12224,11181059,12170345
12225,11181059,12462940
12226,11181059,13177894
12227,11181059,13029089
12228,11181059,13096771
12229,11181059,12610258
12230,11181059,12300252
12231,11181059,13204057
12232,11181059,12395185
12233,11181059,12163631
12234,11181059,13123011
12235,11181059,12975436
12236,11181059,12493647
12237,11181059,12438775
12238,11181059,12629373
12239,11181059,12443453
12240,11181059,12797019
12241,11181059,12893567
12242,11181059,12852865
12243,11181059,12497597
12244,11181059,13005299
12245,11181059,12852300
12246,11181059,12602092
12247,11181059,12271241
12248,11181059,12512660
12249,11181059,12624242
12250,11181059,12883939
12251,11181059,12834948
12252,11181059,12829353
12253,11181059,12896803
12254,11181059,13555816
12255,11181059,12755895
12256,11181059,12294583
12257,11181059,13193625
12258,11181059,13288536
12259,11181059,12740311
12260,11181059,12643704
12261,11181059,13247064
12262,11181059,14301011
12263,11181059,13723875
12264,11181059,13422823
12265,11181059,14284853
12266,11181059,14761564
12267,11181059,13806356
12268,11181059,13961011
12269,11181059,13954730
12270,11181059,14444844
12271,11181059,13948350
12272,11181059,13735729
12273,11181059,13628218
12274,11181059,13621897
12275,11181059,13918258
12276,11181059,13280594
12277,11181059,13110923
12278,11181059,13360323
12279,11181059,13535369
12280,11181059,13558645
12281,11181059,13383544
12282,11181059,13779708
12283,11181059,13689281
12284,11181059,13836672
12285,11181059,13603194
12286,11181059,14444391
12287,11181059,14380524
12288,11181059,13728079
12289,11181059,14054980
12290,11181059,13339051
12291,11181059,13103944
12292,11181059,13076518
12293,11181059,13412340
12294,11181059,12955419
12295,11181059,12876508
12296,11181059,13024172
12297,11181059,12452783
12298,11181059,12327070
12299,11181059,12326660
12300,11181059,12335944
12301,11181059,12841725
12302,11181059,12267698
12303,11181059,12227325
12304,11181059,12392655
12305,11181059,12329694
12306,11181059,12625684
12307,11181059,12292418
12308,11181059,12346687
12309,11181059,12629870
12310,11181059,13316668
12311,11181059,12666039
12312,11181059,13136852
12313,11181059,12515241
12314,11181059,13135831
12315,11181059,12629714
12316,11181059,12740645
12317,11181059,12440340
12318,11181059,11997493
12319,11181059,12117599
12320,11181059,12400931
12321,11181059,12360766
12322,11181059,12354831
12323,11181059,12422197
12324,11181059,12102447
12325,11181059,12187170
12326,11181059,12015542
12327,11181059,12195256
12328,11181059,12128678
12329,11181059,12070347
12330,11181059,12249037
12331,11181059,12150708
12332,11181059,12626382
12333,11181059,11841885
12334,11181059,11877263
12335,11181059,12116604
12336,11181059,12757959
12337,11181059,12285025
12338,11181059,12384442
12339,11181059,12344884
12340,11181059,12928778
12341,11181059,13211501
12342,11181059,12776115
12343,11181059,12654574
12344,11181059,12714931
12345,11181059,12569749
12346,11181059,12878248
12347,11181059,12662057
12348,11181059,12600991
12349,11181059,12691850
12350,11181059,12677187
12351,11181059,12347851
12352,11181059,12440429
12353,11181059,13514602
12354,11181059,12420319
12355,11181059,13495232
12356,11181059,13134068
12357,11181059,13133752
12358,11181059,14147018
12359,11181059,13403411
12360,11181059,13525870
12361,11181059,13660618
12362,11181059,13041561
12363,11181059,12585023
12364,11181059,13310676
12365,11181059,13386101
12366,11181059,13139442
12367,11181059,13311632
12368,11181059,12988303
12369,11181059,12897663
12370,11181059,13033617
12371,11181059,12947230
12372,11181059,12644534
12373,11181059,12060805
12374,11181059,12203317
12375,11181059,12223398
12376,11181059,12203829
12377,11181059,12301324
12378,11181059,12217815
12379,11181059,12840117
12380,11181059,12674023
12381,11181059,12634373
12382,11181059,12782718
12383,11181059,12655988
12384,11181059,12719384
12385,11181059,12789313
12386,11181059,12688621
12387,11181059,13113743
12388,11181059,12426919
12389,11181059,12533001
12390,11181059,12384462
12391,11181059,12386245
12392,11181059,12592106
12393,11181059,13226406
12394,11181059,12589943
12395,11181059,13103598
12396,11181059,12844242
12397,11181059,12199362
12398,11181059,13195374
12399,11181059,14116315
12400,11181059,13026111
12401,11181059,13008407
12402,11181059,13107945
12403,11181059,13014797
12404,11181059,12921028
12405,11181059,12507255
12406,11181059,12283001
12407,11181059,12469297
12408,11181059,12549200
12409,11181059,12463143
12410,11181059,13084176
12411,11181059,12767661
12412,11181059,12552155
12413,11181059,13067389
12414,11181059,12671892
12415,11181059,12039328
12416,11181059,12059576
12417,11181059,12185996
12418,11181059,11982953
12419,11181059,11916705
12420,11181059,12396462
12421,11181059,12299442
12422,11181059,12938704
12423,11181059,12407775
12424,11181059,12138997
12425,11181059,12446009
12426,11181059,12389201
12427,11181059,12468545
12428,11181059,12390578
12429,11181059,12141497
12430,11181059,12153368
12431,11181059,12105376
12432,11181059,12096608
12433,11181059,13393264
12434,11181059,13017191
12435,11181059,12925398
12436,11181059,12363912
12437,11181059,12488611
12438,11181059,12321006
12439,11181059,12279117
12440,11181059,12656844
12441,11181059,12998177
12442,11181059,12119636
12443,11181059,12139828
12444,11181059,12110977
12445,11181059,12099001
12446,11181059,12082233
12447,11181059,12742418
12448,11181059,12681656
12449,11181059,13093598
12450,11181059,13113176
12451,11181059,12934550
12452,11181059,13724192
12453,11181059,13535485
12454,11181059,12735420
12455,11181059,13162996
12456,11181059,12901988
12457,11181059,12697635
12458,11181059,12686774
12459,11181059,12897392
12460,11181059,12741411
12461,11181059,12712877
12462,11181059,12772829
12463,11181059,13254912
12464,11181059,12851550
12465,11181059,12848150
12466,11181059,13147299
12467,11181059,13145270
12468,11181059,12743964
12469,11181059,13035241
12470,11181059,13262698
12471,11181059,12898551
12472,11181059,12725602
12473,11181059,12835357
12474,11181059,12835519
12475,11181059,12737390
12476,11181059,12781765
12477,11181059,13075890
12478,11181059,12565170
12479,11181059,12734303
12480,11181059,13514362
12481,11181059,14282755
12482,11181059,12929978
12483,11181059,13485452
12484,11181059,12976827
12485,11181059,12949208
12486,11181059,12901871
12487,11181059,13019301
12488,11181059,12774854
12489,11181059,12746697
12490,11181059,12873695
12491,11181059,13304837
12492,11181059,13024773
12493,11181059,12878161
12494,11181059,12916753
12495,11181059,12449504
12496,11181059,13234902
12497,11181059,12506807
12498,11181059,12474651
12499,11181059,12436680
12500,11181059,12456236
12501,11181059,12189772
12502,11181059,13068613
12503,11181059,12517716
12504,11181059,12790609
12505,11181059,12463217
12506,11181059,12857310
12507,11181059,12441925
12508,11181059,12256117
12509,11181059,12316772
12510,11181059,12141805
12511,11181059,12338630
12512,11181059,12377777
12513,11181059,12519305
12514,11181059,12406539
12515,11181059,12587077
12516,11181059,12958282
12517,11181059,12884657
12518,11181059,13446920
12519,11181059,12921500
12520,11181059,12461055
12521,11181059,12578540
12522,11181059,12350012
12523,11181059,12370707
12524,11181059,12573261
12525,11181059,12380434
12526,11181059,12423417
12527,11181059,13045432
12528,11181059,12286628
12529,11181059,13234117
12530,11181059,11761869
12531,11181059,12085160
12532,11181059,12095803
12533,11181059,12631796
12534,11181059,11497741
12535,11181059,11531341
12536,11181059,11960991
12537,11181059,12131025
12538,11181059,12757862
12539,11181059,11784016
12540,11181059,13308617
12541,11181059,12535842
12542,11181059,13082603
12543,11181059,13697576
12544,11181059,13194907
12545,11181059,12609875
12546,11181059,12787734
12547,11181059,12637006
12548,11181059,12723096
12549,11181059,13064180
12550,11181059,12519870
12551,11181059,12766459
12552,11181059,13200611
12553,11181059,12491716
12554,11181059,12554758
12555,11181059,13285876
12556,11181059,12566997
12557,11181059,12307521
12558,11181059,12369790
12559,11181059,12552467
12560,11181059,12622366
12561,11181059,12640124
12562,11181059,12835005
12563,11181059,12585670
12564,11181059,12692400
12565,11181059,12528924
12566,11181059,12205230
12567,11181059,12353372
12568,11181059,12398529
12569,11181059,12197481
12570,11181059,12198493
12571,11181059,12444324
12572,11181059,12719868
12573,11181059,12110552
12574,11181059,12113684
12575,11181059,12116145
12576,11181059,12074847
12577,11181059,12155395
12578,11181059,11933326
12579,11181059,11948491
12580,11181059,11860113
12581,11181059,12441224
12582,11181059,12686508
12583,11181059,12517379
12584,11181059,12743995
12585,11181059,12844541
12586,11181059,12708501
12587,11181059,13299497
12588,11181059,12848967
12589,11181059,12777885
12590,11181059,12897738
12591,11181059,13721439
12592,11181059,13494787
12593,11181059,13915850
12594,11181059,13757459
12595,11181059,13084959
12596,11181059,13738507
12597,11181059,13035037
12598,11181059,12710751
12599,11181059,12750481
12600,11181059,12503492
12601,11181059,12684398
12602,11181059,13079001
12603,11181059,12227599
12604,11181059,12465728
12605,11181059,12476735
12606,11181059,12791102
12607,11181059,13299315
12608,11181059,12438158
12609,11181059,12657836
12610,11181059,12456000
12611,11181059,12896131
12612,11181059,12640907
12613,11181059,13147460
12614,11181059,13326261
12615,11181059,12875201
12616,11181059,12937576
12617,11181059,12548465
12618,11181059,12313995
12619,11181059,12787988
12620,11181059,12620077
12621,11181059,12844490
12622,11181059,13429046
12623,11181059,13192880
12624,11181059,12410354
12625,11181059,12558420
12626,11181059,12631386
12627,11181059,12380616
12628,11181059,12791902
12629,11181059,12632845
12630,11181059,13025569
12631,11181059,13276807
12632,11181059,13450258
12633,11181059,12946160
12634,11181059,12907028
12635,11181059,12684192
12636,11181059,12749851
12637,11181059,14130644
12638,11181059,13517073
12639,11181059,12840337
12640,11181059,12855359
12641,11181059,13073758
12642,11181059,12289628
12643,11181059,12866590
12644,11181059,12131347
12645,11181059,12530032
12646,11181059,12410431
12647,11181059,12626066
12648,11181059,12616487
12649,11181059,12236549
12650,11181059,12303731
12651,11181059,12199749
12652,11181059,12440231
12653,11181059,12669402
12654,11181059,11788419
12655,11181059,12646436
12656,11181059,12706695
12657,11181059,12638730
12658,11181059,12438876
12659,11181059,12396919
12660,11181059,12289507
12661,11181059,12207348
12662,11181059,12358128
12663,11181059,12520590
12664,11181059,12692138
12665,11181059,12539443
12666,11181059,12440009
12667,11181059,12382550
12668,11181059,13097004
12669,11181059,12979251
12670,11181059,12998280
12671,11181059,12710390
12672,11181059,12950816
12673,11181059,12654190
12674,11181059,12568267
12675,11181059,12527852
12676,11181059,12595501
12677,11181059,12746712
12678,11181059,12958642
12679,11181059,12960218
12680,11181059,12666772
12681,11181059,12617330
12682,11181059,12502969
12683,11181059,12613114
12684,11181059,13495810
12685,11181059,12165810
12686,11181059,13105146
12687,11181059,13096052
12688,11181059,12892426
12689,11181059,13358144
12690,11181059,13011444
12691,11181059,13409573
12692,11181059,12868140
12693,11181059,12658943
12694,11181059,12246984
12695,11181059,12319718
12696,11181059,12293664
12697,11181059,12251164
12698,11181059,12244918
12699,11181059,12213968
12700,11181059,11959772
12701,11181059,11931663
12702,11181059,12793280
12703,11181059,12953231
12704,11181059,12852433
12705,11181059,12792599
12706,11181059,12901475
12707,11181059,12604089
12708,11181059,12570854
12709,11181059,12750012
12710,11181059,12777580
12711,11181059,12818776
12712,11181059,12915101
12713,11181059,12843065
12714,11181059,12665857
12715,11181059,12785803
12716,11181059,13500015
12717,11181059,12955919
12718,11181059,12350239
12719,11181059,13225223
12720,11181059,13209592
12721,11181059,12595116
12722,11181059,13854119
12723,11181059,13935234
12724,11181059,13736843
12725,11181059,13725720
12726,11181059,12697863
12727,11181059,12870244
12728,11181059,11870531
12729,11181059,11977739
12730,11181059,11682291
12731,11181059,11854837
12732,11181059,12233638
12733,11181059,11825025
12734,11181059,11828861
12735,11181059,12069770
12736,11181059,11940881
12737,11181059,12094598
12738,11181059,12120287
12739,11181059,12398417
12740,11181059,11763032
12741,11181059,12069191
12742,11181059,12026899
12743,11181059,11697092
12744,11181059,13338768
12745,11181059,12362788
12746,11181059,11980246
12747,11181059,12517475
12748,11181059,12771311
12749,11181059,12706992
12750,11181059,13633587
12751,11181059,12936738
12752,11181059,13250996
12753,11181059,14007636
12754,11181059,13281617
12755,11181059,12831053
12756,11181059,13039345
12757,11181059,13142548
12758,11181059,13353267
12759,11181059,13339683
12760,11181059,12832716
12761,11181059,11912618
12762,11181059,12004434
12763,11181059,12215890
12764,11181059,12408419
12765,11181059,12364181
12766,11181059,12491414
12767,11181059,12577447
12768,11181059,12465075
12769,11181059,12330324
12770,11181059,12331273
12771,11181059,12439730
12772,11181059,12356889
12773,11181059,12026330
12774,11181059,12099727
12775,11181059,12201047
12776,11181059,12223772
12777,11181059,12420391
12778,11181059,12312268
12779,11181059,12264331
12780,11181059,12137028
12781,11181059,12731121
12782,11181059,12345485
12783,11181059,12267326
12784,11181059,12220591
12785,11181059,13211257
12786,11181059,12543921
12787,11181059,11932644
12788,11181059,12653967
12789,11181059,12570785
12790,11181059,12647579
12791,11181059,12590834
12792,11181059,12337706
12793,11181059,13009385
12794,11181059,12425708
12795,11181059,12472463
12796,11181059,12491441
12797,11181059,12781886
12798,11181059,12689467
12799,11181059,13046608
12800,11181059,12988188
12801,11181059,13157048
12802,11181059,13825974
12803,11181059,13623039
12804,11181059,13727160
12805,11181059,13611602
12806,11181059,13695589
12807,11181059,13353016
12808,11181059,13480390
12809,11181059,13624398
12810,11181059,13677437
12811,11181059,13573957
12812,11181059,13565118
12813,11181059,13915377
12814,11181059,12929742
12815,11181059,12846683
12816,11181059,12475572
12817,11181059,12483593
12818,11181059,12773614
12819,11181059,12991102
12820,11181059,13291116
12821,11181059,12770915
12822,11181059,13585869
12823,11181059,13391072
12824,11181059,13189040
12825,11181059,12486471
12826,11181059,12299670
12827,11181059,13344452
12828,11181059,12514081
12829,11181059,12254033
12830,11181059,12412955
12831,11181059,12578561
12832,11181059,12316139
12833,11181059,12175658
12834,11181059,13291004
12835,11181059,13866455
12836,11181059,13049479
12837,11181059,12683376
12838,11181059,12634616
12839,11181059,12473570
12840,11181059,12610516
12841,11181059,12660060
12842,11181059,12524467
12843,11181059,12561443
12844,11181059,13209293
12845,11181059,13228012
12846,11181059,13637778
12847,11181059,13744252
12848,11181059,13402331
12849,11181059,13616941
12850,11181059,13193350
12851,11181059,13748795
12852,11181059,13173685
12853,11181059,13059269
12854,11181059,13712492
12855,11181059,13965393
12856,11181059,14090523
12857,11181059,13204899
12858,11181059,13174236
12859,11181059,12957396
12860,11181059,12331155
12861,11181059,12452036
12862,11181059,12253485
12863,11181059,12681940
12864,11181059,12162572
12865,11181059,12215140
12866,11181059,12334554
12867,11181059,12474896
12868,11181059,12375733
12869,11181059,12357263
12870,11181059,12309617
12871,11181059,11521862
12872,11181059,11532965
12873,11181059,11507985
12874,11181059,12498276
12875,11181059,11619001
12876,11181059,12316947
12877,11181059,12895485
12878,11181059,12360735
12879,11181059,13432376
12880,11181059,12341234
12881,11181059,12678677
12882,11181059,12824246
12883,11181059,12529857
12884,11181059,12405501
12885,11181059,12866583
12886,11181059,12578324
12887,11181059,12626888
12888,11181059,13033852
12889,11181059,12510035
12890,11181059,12473699
12891,11181059,12511307
12892,11181059,12813646
12893,11181059,12343275
12894,11181059,12266868
12895,11181059,12443043
12896,11181059,12268694
12897,11181059,12645538
12898,11181059,12783573
12899,11181059,12073035
12900,11181059,12552978
12901,11181059,12156652
12902,11181059,12041165
12903,11181059,12499542
12904,11181059,12057051
12905,11181059,11695659
12906,11181059,11541931
12907,11181059,11521285
12908,11181059,12186047
12909,11181059,12117719
12910,11181059,12176145
12911,11181059,12325179
12912,11181059,12239665
12913,11181059,12230333
12914,11181059,12232972
12915,11181059,12517681
12916,11181059,11651272
12917,11181059,11697960
12918,11181059,11830874
12919,11181059,11516590
12920,11181059,11593659
12921,11181059,11470627
12922,11181059,11389796
12923,11181059,11870472
12924,11181059,12448339
12925,11181059,11594832
12926,11181059,11560906
12927,11181059,11756270
12928,11181059,12317501
12929,11181059,12170891
12930,11181059,12563633
12931,11181059,11701584
12932,11181059,11795830
12933,11181059,12358204
12934,11181059,12200266
12935,11181059,11899824
12936,11181059,12537337
12937,11181059,11660123
12938,11181059,12236297
12939,11181059,12560052
12940,11181059,11982735
12941,11181059,11784127
12942,11181059,11773733
12943,11181059,11759550
12944,11181059,12118984
12945,11181059,12071921
12946,11181059,11791336
12947,11181059,12004663
12948,11181059,12098879
12949,11181059,11815245
12950,11181059,13079067
12951,11181059,11902021
12952,11181059,12770864
12953,11181059,12801856
12954,11181059,13058753
12955,11181059,12088455
12956,11181059,12800405
12957,11181059,11754500
12958,11181059,12031794
12959,11181059,12160700
12960,11181059,12278289
12961,11181059,12277387
12962,11181059,12760126
12963,11181059,12346708
12964,11181059,12308456
12965,11181059,12306594
12966,11181059,12418351
12967,11181059,12558763
12968,11181059,12150091
12969,11181059,12159660
12970,11181059,11970555
12971,11181059,11921208
12972,11181059,12154235
12973,11181059,11734977
12974,11181059,11888266
12975,11181059,12415415
12976,11181059,11682141
12977,11181059,11504235
12978,11181059,12353642
12979,11181059,12572623
12980,11181059,12596644
12981,11181059,12660856
12982,11181059,12310720
12983,11181059,11181059
12984,11181059,11228652
12985,11181059,11185024
12986,11181059,11185024
12987,11181059,11185024
12988,11181059,11301284
12989,11181059,11301284
12990,11181059,11301284
12991,11181059,11342041
12992,11181059,11342041
12993,11181059,11342041
12994,11181059,11342041
12995,11181059,11342041
12996,11181059,11342041
12997,11181059,11342041
12998,11181059,11342041
12999,11181059,11342041
13000,11181059,11342041
13001,11181059,11387128
13002,11181059,11387128
13003,11181059,12500940
13004,11181059,12259738
13005,11181059,12224292
13006,11181059,12224292
13007,11181059,12192668
13008,11181059,12192668
13009,11181059,12413456
13010,11181059,12413456
13011,11181059,12507694
13012,11181059,12507694
13013,11181059,12507694
13014,11181059,12507692
13015,11181059,12507692
13016,11181059,11566651
13017,11181059,11566651
13018,11181059,11566651
13019,11181059,11689157
13020,11181059,11689157
13021,11181059,11662789
13022,11181059,11662789
13023,11181059,11581243
13024,11181059,11581243
13025,11181059,11581243
13026,11181059,11507160
13027,11181059,11606305
13028,11181059,11762885
13029,11181059,11762885
13030,11181059,11762885
13031,11181059,11734797
13032,11181059,11734797
13033,11181059,11734797
13034,11181059,11731603
13035,11181059,11731603
13036,11181059,11731603
13037,11181059,11731603
13038,11181059,11731603
13039,11181059,11731603
13040,11181059,11731603
13041,11181059,11876102
13042,11181059,11876102
13043,11181059,11898461
13044,11181059,11898461
13045,11181059,11833391
13046,11181059,11833391
13047,11181059,11833391
13048,11181059,11833391
13049,11181059,11964719
13050,11181059,11964719
13051,11181059,11964719
13052,11181059,11964719
13053,11181059,11964719
13054,11181059,11964719
13055,11181059,11964719
13056,11181059,11842279
13057,11181059,11842279
13058,11181059,11842279
13059,11181059,11842279
13060,11181059,11696374
13061,11181059,11696374
13062,11181059,11696374
13063,11181059,11696374
13064,11181059,11696374
13065,11181059,12208915
13066,11181059,12159697
13067,11181059,12244665
13068,11181059,12244665
13069,11181059,12244665
13070,11181059,12244665
13071,11181059,12255165
13072,11181059,12255165
13073,11181059,12255165
13074,11181059,12255165
13075,11181059,12255165
13076,11181059,12255165
13077,11181059,12200073
13078,11181059,12144154
13079,11181059,12144154
13080,11181059,12144154
13081,11181059,12144154
13082,11181059,12144154
13083,11181059,12144154
13084,11181059,12144154
13085,11181059,12144154
13086,11181059,12144154
13087,11181059,11972309
13088,11181059,12030639
13089,11181059,12030639
13090,11181059,12030639
13091,11181059,12503745
13092,11181059,12503745
13093,11181059,12503745
13094,11181059,12503745
13095,11181059,12502468
13096,11181059,12502468
13097,11181059,12491968
13098,11181059,12527428
13099,11181059,12527428
13100,11181059,12527428
13101,11181059,12054322
13102,11181059,11996319
13103,11181059,12020786
13104,11181059,12117276
13105,11181059,12389198
13106,11181059,12389198
13107,11181059,12389198
13108,11181059,12389198
13109,11181059,12389198
13110,11181059,12389198
13111,11181059,12520829
13112,11181059,12520829
13113,11181059,12520829
13114,11181059,12520829
13115,11181059,12520829
13116,11181059,12263779
13117,11181059,12263779
13118,11181059,13641838
13119,11181059,13533759
13120,11181059,13461173
13121,11181059,13294107
13122,11181059,13305237
13123,11181059,13305237
13124,11181059,13305237
13125,11181059,13305237
13126,11181059,13305237
13127,11181059,13286117
13128,11181059,13286117
13129,11181059,13286117
13130,11181059,13286117
13131,11181059,13286117
13132,11181059,13527319
13133,11181059,13527319
13134,11181059,13433779
13135,11181059,13433779
13136,11181059,13433779
13137,11181059,13433779
13138,11181059,13433779
13139,11181059,13433779
13140,11181059,13433779
13141,11181059,13362765
13142,11181059,13362765
13143,11181059,13367429
13144,11181059,13317512
13145,11181059,13294881
13146,11181059,13294881
13147,11181059,13294881
13148,11181059,13294881
13149,11181059,13279344
13150,11181059,13279344
13151,11181059,13286647
13152,11181059,13908338
13153,11181059,13908338
13154,11181059,13908338
13155,11181059,13908337
13156,11181059,14338070
13157,11181059,14338070
13158,11181059,14338070
13159,11181059,14338070
13160,11181059,14336461
13161,11181059,14226920
13162,11181059,14226920
13163,11181059,14226920
13164,11181059,14226920
13165,11181059,14827022
13166,11181059,14827022
13167,11181059,14827022
13168,11181059,14827022
13169,11181059,14492591
13170,11181059,14492591
13171,11181059,14492591
13172,11181059,14492591
13173,11181059,14492591
13174,11181059,14374481
13175,11181059,14374481
13176,11181059,14336018
13177,11181059,14336018
13178,11181059,14194219
13179,11181059,14194219
13180,11181059,14494071
13181,11181059,14494071
13182,11181059,14514480
13183,11181059,14581313
13184,11181059,14372227
13185,11181059,13772157
13186,11181059,13772157
13187,11181059,13597399
13188,11181059,13585853
13189,11181059,13585853
13190,11181059,13585853
13191,11181059,13585853
13192,11181059,13585853
13193,11181059,13585853
13194,11181059,13585853
13195,11181059,13585853
13196,11181059,13585853
13197,11181059,13490582
13198,11181059,13490582
13199,11181059,13490582
13200,11181059,13490582
13201,11181059,13490582
13202,11181059,13490582
13203,11181059,13490582
13204,11181059,13441422
13205,11181059,13441422
13206,11181059,13441422
13207,11181059,13359238
13208,11181059,13652553
13209,11181059,13652553
13210,11181059,13632838
13211,11181059,13632838
13212,11181059,14630666
13213,11181059,14630666
13214,11181059,14586731
13215,11181059,14586731
13216,11181059,14586731
13217,11181059,14586731
13218,11181059,14586731
13219,11181059,14586731
13220,11181059,14609949
13221,11181059,14609949
13222,11181059,14609949
13223,11181059,14609949
13224,11181059,14609949
13225,11181059,14609949
13226,11181059,14609949
13227,11181059,14609949
13228,11181059,14604181
13229,11181059,14604181
13230,11181059,14604181
13231,11181059,14406997
13232,11181059,14398453
13233,11181059,14398453
13234,11181059,14342346
13235,11181059,14342346
13236,11181059,14342346
13237,11181059,14342346
13238,11181059,14342346
13239,11181059,14342346
13240,11181059,14153845
13241,11181059,14153845
13242,11181059,14153845
13243,11181059,14153845
13244,11181059,14149704
13245,11181059,14149704
13246,11181059,14149704
13247,11181059,14149704
13248,11181059,14149704
13249,11181059,14149704
13250,11181059,14138471
13251,11181059,14138471
13252,11181059,13845156
13253,11181059,13845156
13254,11181059,13845156
13255,11181059,13845156
13256,11181059,13879963
13257,11181059,13875416
13258,11181059,13875416
13259,11181059,13875416
13260,11181059,13875416
13261,11181059,13875416
13262,11181059,13875416
13263,11181059,13875416
13264,11181059,13875416
13265,11181059,13907208
13266,11181059,13907208
13267,11181059,13816301
13268,11181059,13816301
13269,11181059,13709177
13270,11181059,13709177
13271,11181059,14070825
13272,11181059,14070825
13273,11181059,14070825
13274,11181059,14293819
13275,11181059,14217628
13276,11181059,14217628
13277,11181059,14217628
13278,11181059,14217507
13279,11181059,14217507
13280,11181059,14170880
13281,11181059,14170108
13282,11181059,14172459
13283,11181059,14305529
13284,11181059,14305529
13285,11181059,14305529
13286,11181059,14305529
13287,11181059,14305529
13288,11181059,14305529
13289,11181059,14305529
13290,11181059,14305529
13291,11181059,14305529
13292,11181059,13983337
13293,11181059,13493520
13294,11181059,13493520
13295,11181059,13493520
13296,11181059,13470377
13297,11181059,13470377
13298,11181059,13470377
13299,11181059,13470377
13300,11181059,13470377
13301,11181059,13470377
13302,11181059,13470377
13303,11181059,13694242
13304,11181059,13694242
13305,11181059,13694242
13306,11181059,13694242
13307,11181059,13694242
13308,11181059,13694242
13309,11181059,13714013
13310,11181059,13714013
13311,11181059,13688881
13312,11181059,13688881
13313,11181059,13688881
13314,11181059,13653453
13315,11181059,13653453
13316,11181059,13653453
13317,11181059,13653453
13318,11181059,13693721
13319,11181059,13671966
13320,11181059,13671966
13321,11181059,13769817
13322,11181059,13769817
13323,11181059,13622660
13324,11181059,13622660
13325,11181059,13559560
13326,11181059,13502644
13327,11181059,14693295
13328,11181059,14693295
13329,11181059,14693295
13330,11181059,14712711
13331,11181059,14712711
13332,11181059,14712711
13333,11181059,14712711
13334,11181059,14712711
13335,11181059,14759654
13336,11181059,14613368
13337,11181059,14613368
13338,11181059,14613368
13339,11181059,14550262
13340,11181059,14550262
13341,11181059,14523911
13342,11181059,14523911
13343,11181059,14376991
13344,11181059,14376991
13345,11181059,14376991
13346,11181059,14376991
13347,11181059,14375208
13348,11181059,14563709
13349,11181059,14563709
13350,11181059,14563709
13351,11181059,14508712
13352,11181059,14508712
13353,11181059,14466895
13354,11181059,14466895
13355,11181059,14466895
13356,11181059,14404552
13357,11181059,14403011
13358,11181059,14403011
13359,11181059,14539505
13360,11181059,14539505
13361,11181059,14539505
13362,11181059,14728896
13363,11181059,14656046
13364,11181059,14656046
13365,11181059,14564140
13366,11181059,14564140
13367,11181059,14564140
13368,11181059,14564140
13369,11181059,14564140
13370,11181059,15054930
13371,11181059,14967213
13372,11181059,14967213
13373,11181059,14967213
13374,11181059,14881833
13375,11181059,14881833
13376,11181059,14881833
13377,11181059,14881833
13378,11181059,14770465
13379,11181059,14698778
13380,11181059,14698778
13381,11181059,14698778
13382,11181059,14698778
13383,11181059,14698778
13384,11181059,14698153
13385,11181059,14667868
13386,11181059,14667868
13387,11181059,14542626
13388,11181059,14542626
13389,11181059,14542626
13390,11181059,14542626
13391,11181059,14542626
13392,11181059,14489465
13393,11181059,14546595
13394,11181059,14546595
13395,11181059,14705443
13396,11181059,14705443
13397,11181059,14705443
13398,11181059,14705443
13399,11181059,14655921
13400,11181059,14655921
13401,11181059,14655921
13402,11181059,14655921
13403,11181059,14655921
13404,11181059,14694541
13405,11181059,14694541
13406,11181059,14777918
13407,11181059,14777918
13408,11181059,14693417
13409,11181059,14693417
13410,11181059,14587102
13411,11181059,14587102
13412,11181059,14661833
13413,11181059,14661833
13414,11181059,14653683
13415,11181059,14653683
13416,11181059,14814149
13417,11181059,14814149
13418,11181059,14814149
13419,11181059,14814149
13420,11181059,14814149
13421,11181059,14814149
13422,11181059,14784012
13423,11181059,14784012
13424,11181059,14784012
13425,11181059,14784012
13426,11181059,14784012
13427,11181059,14784012
13428,11181059,14784012
13429,11181059,14784012
13430,11181059,14784012
13431,11181059,14784012
13432,11181059,14826663
13433,11181059,14825599
13434,11181059,14825599
13435,11181059,14825599
13436,11181059,14825599
13437,11181059,14750868
13438,11181059,14750868
13439,11181059,14750868
13440,11181059,14750868
13441,11181059,14750868
13442,11181059,14750868
13443,11181059,14750868
13444,11181059,14691051
13445,11181059,14691051
13446,11181059,14566575
13447,11181059,14566575
13448,11181059,14566575
13449,11181059,14566575
13450,11181059,14566575
13451,11181059,14566575
13452,11181059,14588523
13453,11181059,14588523
13454,11181059,14596500
13455,11181059,14596500
13456,11181059,14596500
13457,11181059,14596500
13458,11181059,14596500
13459,11181059,14628458
13460,11181059,14628458
13461,11181059,14628458
13462,11181059,14628458
13463,11181059,14625036
13464,11181059,14635465
13465,11181059,14635465
13466,11181059,14635465
13467,11181059,14600054
13468,11181059,15149133
13469,11181059,15149133
13470,11181059,15149133
13471,11181059,15149133
13472,11181059,15149133
13473,11181059,14921126
13474,11181059,14921126
13475,11181059,14921126
13476,11181059,14952072
13477,11181059,14952072
13478,11181059,14952072
13479,11181059,14952072
13480,11181059,14952072
13481,11181059,14952072
13482,11181059,14952072
13483,11181059,14193326
13484,11181059,14022383
13485,11181059,13634913
13486,11181059,13528986
13487,11181059,13981886
13488,11181059,13606618
13489,11181059,13681816
13490,11181059,13701520
13491,11181059,14033982
13492,11181059,15027187
13493,11181059,14517847
13494,11181059,14076815
13495,11181059,13818647
13496,11181059,14448904
13497,11181059,13910334
13498,11181059,13752148
13499,11181059,13861877
13500,11181059,14120451
13501,11181059,13785548
13502,11181059,13629919
13503,11181059,13695873
13504,11181059,13823242
13505,11181059,13769432
13506,11181059,13089931
13507,11181059,13430692
13508,11181059,12600256
13509,11181059,12466123
13510,11181059,12665661
13511,11181059,12733721
13512,11181059,12372417
13513,11181059,12587896
13514,11181059,13444469
13515,11181059,13112417
13516,11181059,12813539
13517,11181059,12890673
13518,11181059,13041017
13519,11181059,13399675
13520,11181059,12740465
13521,11181059,13071851
13522,11181059,13034712
13523,11181059,13679057
13524,11181059,12988380
13525,11181059,12971714
13526,11181059,13434015
13527,11181059,13345039
13528,11181059,13600802
13529,11181059,13694112
13530,11181059,13449225
13531,11181059,13963609
13532,11181059,13557791
13533,11181059,13542522
13534,11181059,13591441
13535,11181059,13852674
13536,11181059,14378718
13537,11181059,14135014
13538,11181059,14236739
13539,11181059,14364564
13540,11181059,14285304
13541,11181059,14111071
13542,11181059,13407551
13543,11181059,13466944
13544,11181059,13005862
13545,11181059,13151495
13546,11181059,13081702
13547,11181059,13620566
13548,11181059,12803384
13549,11181059,14442249
13550,11181059,13306212
13551,11181059,13272721
13552,11181059,12372156
13553,11181059,12155270
13554,11181059,12296195
13555,11181059,12341111
13556,11181059,12588870
13557,11181059,12504112
13558,11181059,12291764
13559,11181059,12411774
13560,11181059,12797600
13561,11181059,13095279
13562,11181059,13164766
13563,11181059,12851266
13564,11181059,12320276
13565,11181059,12392548
13566,11181059,12624010
13567,11181059,12587482
13568,11181059,12579310
13569,11181059,12725245
13570,11181059,12579585
13571,11181059,12554715
13572,11181059,13787833
13573,11181059,13433384
13574,11181059,13356952
13575,11181059,12997854
13576,11181059,12398376
13577,11181059,12459077
13578,11181059,12308759
13579,11181059,12368590
13580,11181059,13197127
13581,11181059,12742266
13582,11181059,12424901
13583,11181059,13016720
13584,11181059,12331204
13585,11181059,12770132
13586,11181059,12946004
13587,11181059,12568641
13588,11181059,12502462
13589,11181059,13036760
13590,11181059,12311360
13591,11181059,12552828
13592,11181059,12442472
13593,11181059,12403708
13594,11181059,12486745
13595,11181059,13157996
13596,11181059,13616734
13597,11181059,13064199
13598,11181059,13268125
13599,11181059,12362479
13600,11181059,13579179
13601,11181059,12608528
13602,11181059,12291035
13603,11181059,12341375
13604,11181059,12458776
13605,11181059,12346044
13606,11181059,12374053
13607,11181059,12927163
13608,11181059,12928934
13609,11181059,11927095
13610,11181059,12171130
13611,11181059,11989881
13612,11181059,12205965
13613,11181059,12774640
13614,11181059,12820419
13615,11181059,12190060
13616,11181059,12430551
13617,11181059,12359661
13618,11181059,12585207
13619,11181059,12828272
13620,11181059,12552046
13621,11181059,12268693
13622,11181059,12305497
13623,11181059,12308388
13624,11181059,12847994
13625,11181059,12833233
13626,11181059,12911834
13627,11181059,12308114
13628,11181059,12962450
13629,11181059,12702901
13630,11181059,13419093
13631,11181059,13383703
13632,11181059,13208056
13633,11181059,13137395
13634,11181059,13179865
13635,11181059,13753277
13636,11181059,13287880
13637,11181059,13316826
13638,11181059,13105616
13639,11181059,12925482
13640,11181059,12885210
13641,11181059,13060924
13642,11181059,13233587
13643,11181059,13086126
13644,11181059,12853638
13645,11181059,12370892
13646,11181059,12153110
13647,11181059,12134504
13648,11181059,12036059
13649,11181059,11588722
13650,11181059,11579065
13651,11181059,11747126
13652,11181059,12591741
13653,11181059,12796736
13654,11181059,12653025
13655,11181059,11648092
13656,11181059,11845971
13657,11181059,11921740
13658,11181059,11812097
13659,11181059,11624284
13660,11181059,11585817
13661,11181059,11571252
13662,11181059,11575879
13663,11181059,11400334
13664,11181059,11625794
13665,11181059,11738633
13666,11181059,12005032
13667,11181059,11891282
13668,11181059,11795149
13669,11181059,12287868
13670,11181059,12116249
13671,11181059,12565672
13672,11181059,12483328
13673,11181059,12409199
13674,11181059,12383128
13675,11181059,12260016
13676,11181059,11972234
13677,11181059,12608910
13678,11181059,12425783
13679,11181059,12376730
13680,11181059,12467176
13681,11181059,12464423
13682,11181059,12588073
13683,11181059,12508677
13684,11181059,12597070
13685,11181059,13290137
13686,11181059,13311384
13687,11181059,13116288
13688,11181059,12655867
13689,11181059,12359658
13690,11181059,13077457
13691,11181059,12940550
13692,11181059,13299095
13693,11181059,12885321
13694,11181059,12957993
13695,11181059,13468607
13696,11181059,12930578
13697,11181059,12967678
13698,11181059,12825821
13699,11181059,13099736
13700,11181059,13025068
13701,11181059,13070207
13702,11181059,13027888
13703,11181059,13554883
13704,11181059,13070963
13705,11181059,13123803
13706,11181059,13081707
13707,11181059,13845583
13708,11181059,13326180
13709,11181059,13138271
13710,11181059,12642722
13711,11181059,12689928
13712,11181059,12856361
13713,11181059,12596385
13714,11181059,12859647
13715,11181059,12878295
13716,11181059,13023706
13717,11181059,12909457
13718,11181059,12697598
13719,11181059,13419859
13720,11181059,13083791
13721,11181059,13021117
13722,11181059,13465621
13723,11181059,13092784
13724,11181059,13013025
13725,11181059,13064141
13726,11181059,12735276
13727,11181059,13628674
13728,11181059,13546158
13729,11181059,13154092
13730,11181059,13491912
13731,11181059,13555474
13732,11181059,14123208
13733,11181059,13426800
13734,11181059,12969285
13735,11181059,12839749
13736,11181059,12986145
13737,11181059,13299590
13738,11181059,12952836
13739,11181059,12205951
13740,11181059,12388329
13741,11181059,12512222
13742,11181059,12397760
13743,11181059,12319741
13744,11181059,12436722
13745,11181059,12427649
13746,11181059,12227590
13747,11181059,12178821
13748,11181059,12576037
13749,11181059,12252311
13750,11181059,12151817
13751,11181059,13387793
13752,11181059,12256845
13753,11181059,12316856
13754,11181059,12318572
13755,11181059,12380070
13756,11181059,12528893
13757,11181059,12261755
13758,11181059,12511853
13759,11181059,12825374
13760,11181059,13357723
13761,11181059,13098157
13762,11181059,12224701
13763,11181059,12286910
13764,11181059,13102233
13765,11181059,11921817
13766,11181059,11747559
13767,11181059,11905716
13768,11181059,12064020
13769,11181059,11805938
13770,11181059,12041616
13771,11181059,11898278
13772,11181059,12449026
13773,11181059,12179075
13774,11181059,11939640
13775,11181059,11949133
13776,11181059,12056987
13777,11181059,12034346
13778,11181059,12223857
13779,11181059,12049280
13780,11181059,11964718
13781,11181059,11955680
13782,11181059,12298355
13783,11181059,11800999
13784,11181059,12105385
13785,11181059,11930099
13786,11181059,11840988
13787,11181059,12268684
13788,11181059,12328792
13789,11181059,12309415
13790,11181059,12466364
13791,11181059,12378310
13792,11181059,12394895
13793,11181059,12453611
13794,11181059,13791429
13795,11181059,13190214
13796,11181059,12409508
13797,11181059,12390123
13798,11181059,12863752
13799,11181059,12235443
13800,11181059,12300629
13801,11181059,12799338
13802,11181059,12045171
13803,11181059,11668937
13804,11181059,11876485
13805,11181059,12014179
13806,11181059,11995921
13807,11181059,11998096
13808,11181059,11867388
13809,11181059,11817790
13810,11181059,11795737
13811,11181059,11714778
13812,11181059,12067285
13813,11181059,12122753
13814,11181059,11881772
13815,11181059,11660406
13816,11181059,11879330
13817,11181059,11923905
13818,11181059,11799417
13819,11181059,11813311
13820,11181059,12312949
13821,11181059,13655672
13822,11181059,13099448
13823,11181059,12981893
13824,11181059,13005481
13825,11181059,13120502
13826,11181059,12760569
13827,11181059,12700050
13828,11181059,13375785
13829,11181059,12680163
13830,11181059,13006430
13831,11181059,13112429
13832,11181059,13235964
13833,11181059,13625679
13834,11181059,12947823
13835,11181059,13011387
13836,11181059,13235265
13837,11181059,12387660
13838,11181059,12669025
13839,11181059,12422281
13840,11181059,12602613
13841,11181059,12546287
13842,11181059,12425559
13843,11181059,12503510
13844,11181059,12455318
13845,11181059,12795162
13846,11181059,12217410
13847,11181059,12171130
13848,11181059,12536977
13849,11181059,12568106
13850,11181059,12392591
13851,11181059,13402580
13852,11181059,12722837
13853,11181059,12729781
13854,11181059,12395724
13855,11181059,12519218
13856,11181059,12395802
13857,11181059,12918154
13858,11181059,12724512
13859,11181059,12276647
13860,11181059,12688253
13861,11181059,12280656
13862,11181059,12996312
13863,11181059,12432443
13864,11181059,12209349
13865,11181059,12165034
13866,11181059,12275255
13867,11181059,11851473
13868,11181059,12102368
13869,11181059,11972788
13870,11181059,12021865
13871,11181059,12160738
13872,11181059,12722632
13873,11181059,12376448
13874,11181059,13266264
13875,11181059,12713051
13876,11181059,12994355
13877,11181059,12414097
13878,11181059,12173355
13879,11181059,12221043
13880,11181059,12458640
13881,11181059,12399785
13882,11181059,12586891
13883,11181059,12671941
13884,11181059,12806464
13885,11181059,12765033
13886,11181059,12634050
13887,11181059,13436138
13888,11181059,12840617
13889,11181059,12314132
13890,11181059,12685441
13891,11181059,13124233
13892,11181059,14001277
13893,11181059,14214738
13894,11181059,13257754
13895,11181059,13372521
13896,11181059,14589144
13897,11181059,13447160
13898,11181059,13130180
13899,11181059,12996811
13900,11181059,13417899
13901,11181059,13302236
13902,11181059,13634479
13903,11181059,13755748
13904,11181059,14256996
13905,11181059,13311270
13906,11181059,13148476
13907,11181059,12753018
13908,11181059,12602113
13909,11181059,12553809
13910,11181059,12775505
13911,11181059,12268194
13912,11181059,13878568
13913,11181059,13718073
13914,11181059,13259765
13915,11181059,13169244
13916,11181059,13485449
13917,11181059,13032237
13918,11181059,13143972
13919,11181059,13212596
13920,11181059,12989502
13921,11181059,12999217
13922,11181059,13213569
13923,11181059,13049403
13924,11181059,12953569
13925,11181059,12962712
13926,11181059,12880834
13927,11181059,13131325
13928,11181059,13068652
13929,11181059,13062593
13930,11181059,13310906
13931,11181059,13079641
13932,11181059,13116524
13933,11181059,12647547
13934,11181059,13155974
13935,11181059,12743640
13936,11181059,13294325
13937,11181059,13764788
13938,11181059,13329258
13939,11181059,13545114
13940,11181059,13395465
13941,11181059,13367100
13942,11181059,14067405
13943,11181059,13325530
13944,11181059,13097704
13945,11181059,13119568
13946,11181059,13218186
13947,11181059,13066549
13948,11181059,12376364
13949,11181059,12195069
13950,11181059,13280920
13951,11181059,12501031
13952,11181059,12589947
13953,11181059,12350913
13954,11181059,12533202
13955,11181059,12212769
13956,11181059,12334378
13957,11181059,12850962
13958,11181059,13395996
13959,11181059,12835804
13960,11181059,12958095
13961,11181059,14331829
13962,11181059,14047378
13963,11181059,13733724
13964,11181059,13920284
13965,11181059,13104517
13966,11181059,13589971
13967,11181059,13627908
13968,11181059,13327516
13969,11181059,13182907
13970,11181059,13138750
13971,11181059,13165835
13972,11181059,13227187
13973,11181059,13083566
13974,11181059,13083064
13975,11181059,12797045
13976,11181059,12888582
13977,11181059,12694463
13978,11181059,12479692
13979,11181059,12448071
13980,11181059,12257340
13981,11181059,12371141
13982,11181059,12292628
13983,11181059,13866223
13984,11181059,12968398
13985,11181059,12998815
13986,11181059,12242010
13987,11181059,12430248
13988,11181059,12573744
13989,11181059,12577344
13990,11181059,12627540
13991,11181059,12537178
13992,11181059,12547105
13993,11181059,12356659
13994,11181059,12942034
13995,11181059,12794463
13996,11181059,12955136
13997,11181059,13128927
13998,11181059,13091485
13999,11181059,12565486
14000,11181059,12358981
14001,11181059,12477969
14002,11181059,12427347
14003,11181059,12487759
14004,11181059,12392588
14005,11181059,12433485
14006,11181059,12860378
14007,11181059,12064205
14008,11181059,12207427
14009,11181059,12146709
14010,11181059,12057140
14011,11181059,11968737
14012,11181059,12147932
14013,11181059,12020949
14014,11181059,12563221
14015,11181059,12427325
14016,11181059,12311263
14017,11181059,12772455
14018,11181059,12176334
14019,11181059,12057786
14020,11181059,12091588
14021,11181059,12016493
14022,11181059,12021904
14023,11181059,12024452
14024,11181059,11906286
14025,11181059,12196248
14026,11181059,12139225
14027,11181059,12305211
14028,11181059,12207873
14029,11181059,11898187
14030,11181059,11736922
14031,11181059,11741090
14032,11181059,11680361
14033,11181059,12440663
14034,11181059,12085967
14035,11181059,11582559
14036,11181059,11883332
14037,11181059,11784126
14038,11181059,11806800
14039,11181059,12669039
14040,11181059,12834942
14041,11181059,11727420
14042,11181059,11658444
14043,11181059,11733195
14044,11181059,12199917
14045,11181059,12245490
14046,11181059,12375876
14047,11181059,12250823
14048,11181059,12825322
14049,11181059,12576972
14050,11181059,12494062
14051,11181059,12424820
14052,11181059,13056401
14053,11181059,12083395
14054,11181059,11646364
14055,11181059,11713975
14056,11181059,11773076
14057,11181059,12174599
14058,11181059,11898405
14059,11181059,11779747
14060,11181059,12364912
14061,11181059,12267232
14062,11181059,12325583
14063,11181059,12255953
14064,11181059,13001091
14065,11181059,12409155
14066,11181059,12304955
14067,11181059,12415528
14068,11181059,13283578
14069,11181059,13281978
14070,11181059,13265018
14071,11181059,14038565
14072,11181059,12953225
14073,11181059,13114467
14074,11181059,13480087
14075,11181059,13544643
14076,11181059,14168857
14077,11181059,13550625
14078,11181059,12860965
14079,11181059,13048811
14080,11181059,12835379
14081,11181059,12840626
14082,11181059,12520049
14083,11181059,12430604
14084,11181059,12848181
14085,11181059,12916285
14086,11181059,12822816
14087,11181059,12903714
14088,11181059,12516953
14089,11181059,12099440
14090,11181059,11803998
14091,11181059,12068190
14092,11181059,11996341
14093,11181059,12280500
14094,11181059,12193508
14095,11181059,12880710
14096,11181059,12028205
14097,11181059,12180815
14098,11181059,12243260
14099,11181059,12286743
14100,11181059,12334069
14101,11181059,12619176
14102,11181059,12327576
14103,11181059,12929343
14104,11181059,12454604
14105,11181059,12526945
14106,11181059,12846964
14107,11181059,12878045
14108,11181059,12593473
14109,11181059,12552245
14110,11181059,12603208
14111,11181059,12268736
14112,11181059,12353427
14113,11181059,11932271
14114,11181059,11963809
14115,11181059,11862888
14116,11181059,12025093
14117,11181059,12774172
14118,11181059,12090789
14119,11181059,11808486
14120,11181059,11692641
14121,11181059,11816034
14122,11181059,11983007
14123,11181059,11973472
14124,11181059,12083655
14125,11181059,11984816
14126,11181059,12006478
14127,11181059,11811424
14128,11181059,12479017
14129,11181059,13172165
14130,11181059,13132952
14131,11181059,12953421
14132,11181059,13736387
14133,11181059,12497887
14134,11181059,12228706
14135,11181059,12391062
14136,11181059,12717576
14137,11181059,12489800
14138,11181059,12200897
14139,11181059,12007169
14140,11181059,11759719
14141,11181059,11918827
14142,11181059,12085227
14143,11181059,11776826
14144,11181059,12001033
14145,11181059,11888304
14146,11181059,12118023
14147,11181059,11802360
14148,11181059,12659337
14149,11181059,12811011
14150,11181059,12259453
14151,11181059,13013999
14152,11181059,13421828
14153,11181059,12882920
14154,11181059,12834328
14155,11181059,12845305
14156,11181059,12386391
14157,11181059,12292830
14158,11181059,12508317
14159,11181059,12851325
14160,11181059,12739433
14161,11181059,12634212
14162,11181059,13890714
14163,11181059,12784586
14164,11181059,12745896
14165,11181059,12756707
14166,11181059,13703510
14167,11181059,13684417
14168,11181059,13617347
14169,11181059,13721593
14170,11181059,12638750
14171,11181059,12704106
14172,11181059,12221490
14173,11181059,12258161
14174,11181059,12323562
14175,11181059,12955776
14176,11181059,12517914
14177,11181059,12619238
14178,11181059,12697947
14179,11181059,13317990
14180,11181059,12877612
14181,11181059,12255322
14182,11181059,12470667
14183,11181059,12295559
14184,11181059,12654755
14185,11181059,12372249
14186,11181059,12744377
14187,11181059,13311504
14188,11181059,12858830
14189,11181059,12685202
14190,11181059,12971968
14191,11181059,12943772
14192,11181059,12809777
14193,11181059,12275177
14194,11181059,12466241
14195,11181059,12430286
14196,11181059,12553686
14197,11181059,12103710
14198,11181059,11943549
14199,11181059,12947559
14200,11181059,12401911
14201,11181059,12445732
14202,11181059,12363975
14203,11181059,12252845
14204,11181059,13263993
14205,11181059,12423288
14206,11181059,12501258
14207,11181059,12407473
14208,11181059,12458067
14209,11181059,12456420
14210,11181059,12316207
14211,11181059,12125845
14212,11181059,12188232
14213,11181059,12498527
14214,11181059,12398212
14215,11181059,12202723
14216,11181059,12079465
14217,11181059,12452314
14218,11181059,12026293
14219,11181059,12189685
14220,11181059,12124786
14221,11181059,12592699
14222,11181059,12398078
14223,11181059,12010065
14224,11181059,12433746
14225,11181059,12987305
14226,11181059,12215844
14227,11181059,12323844
14228,11181059,12336122
14229,11181059,12390582
14230,11181059,12361539
14231,11181059,12838514
14232,11181059,12638414
14233,11181059,12292508
14234,11181059,12286049
14235,11181059,12670103
14236,11181059,13227694
14237,11181059,12413022
14238,11181059,12420413
14239,11181059,13059906
14240,11181059,12578479
14241,11181059,12535804
14242,11181059,12710338
14243,11181059,13296516
14244,11181059,13847231
14245,11181059,13012870
14246,11181059,12617756
14247,11181059,12829834
14248,11181059,12828108
14249,11181059,12824830
14250,11181059,13002675
14251,11181059,13288301
14252,11181059,12872364
14253,11181059,12689770
14254,11181059,12767818
14255,11181059,13188635
14256,11181059,12452053
14257,11181059,12608954
14258,11181059,12285519
14259,11181059,12183444
14260,11181059,12327595
14261,11181059,12182168
14262,11181059,12500746
14263,11181059,12078772
14264,11181059,12125331
14265,11181059,12225385
14266,11181059,12689648
14267,11181059,12209605
14268,11181059,12392303
14269,11181059,12091500
14270,11181059,12145077
14271,11181059,12390595
14272,11181059,12352878
14273,11181059,12253498
14274,11181059,12271330
14275,11181059,12254068
14276,11181059,12319679
14277,11181059,12272370
14278,11181059,12412077
14279,11181059,12745108
14280,11181059,12771552
14281,11181059,11817999
14282,11181059,12087973
14283,11181059,11757716
14284,11181059,12412520
14285,11181059,12335979
14286,11181059,12727806
14287,11181059,12522744
14288,11181059,12468635
14289,11181059,12200884
14290,11181059,12205382
14291,11181059,12927929
14292,11181059,12537449
14293,11181059,12647672
14294,11181059,12326814
14295,11181059,12203881
14296,11181059,12869689
14297,11181059,12410662
14298,11181059,12568927
14299,11181059,12762573
14300,11181059,12615270
14301,11181059,12243575
14302,11181059,12021899
14303,11181059,12454180
14304,11181059,12366791
14305,11181059,12280498
14306,11181059,12259700
14307,11181059,12895753
14308,11181059,12127992
14309,11181059,12750988
14310,11181059,11971326
14311,11181059,11813978
14312,11181059,11420001
14313,11181059,12218051
14314,11181059,12150630
14315,11181059,12319422
14316,11181059,11611454
14317,11181059,11570836
14318,11181059,11643608
14319,11181059,11763648
14320,11181059,11862788
14321,11181059,12187681
14322,11181059,11922828
14323,11181059,11729317
14324,11181059,11604946
14325,11181059,11359170
14326,11181059,11466514
14327,11181059,11653928
14328,11181059,11471387
14329,11181059,11368159
14330,11181059,11483216
14331,11181059,11581933
14332,11181059,11568970
14333,11181059,12132252
14334,11181059,11755736
14335,11181059,12152524
14336,11181059,11693381
14337,11181059,11626513
14338,11181059,12601270
14339,11181059,11591371
14340,11181059,12326670
14341,11181059,12105216
14342,11181059,11973806
14343,11181059,12796637
14344,11181059,12963364
14345,11181059,12927952
14346,11181059,13064502
14347,11181059,12870857
14348,11181059,12740914
14349,11181059,12538761
14350,11181059,12322552
14351,11181059,12629428
14352,11181059,12266791
14353,11181059,12164254
14354,11181059,12340176
14355,11181059,12578564
14356,11181059,13482081
14357,11181059,13506279
14358,11181059,13564708
14359,11181059,12755847
14360,11181059,12732870
14361,11181059,13779206
14362,11181059,13167187
14363,11181059,13123829
14364,11181059,12834291
14365,11181059,12386326
14366,11181059,12550738
14367,11181059,12460708
14368,11181059,13247485
14369,11181059,13581024
14370,11181059,13104915
14371,11181059,12313007
14372,11181059,12622890
14373,11181059,12295617
14374,11181059,12117841
14375,11181059,12109810
14376,11181059,12688303
14377,11181059,12561578
14378,11181059,12783509
14379,11181059,13160794
14380,11181059,13642200
14381,11181059,13257291
14382,11181059,13219327
14383,11181059,12973469
14384,11181059,12904380
14385,11181059,12944106
14386,11181059,12745289
14387,11181059,12737339
14388,11181059,12775552
14389,11181059,12402861
14390,11181059,12827986
14391,11181059,13248026
14392,11181059,14045392
14393,11181059,12957188
14394,11181059,12909817
14395,11181059,12992668
14396,11181059,14002705
14397,11181059,12587272
14398,11181059,12667264
14399,11181059,12017544
14400,11181059,12210467
14401,11181059,12530649
14402,11181059,12742748
14403,11181059,12444442
14404,11181059,12102954
14405,11181059,12183641
14406,11181059,11981565
14407,11181059,12013020
14408,11181059,11800496
14409,11181059,11744632
14410,11181059,11738705
14411,11181059,11977212
14412,11181059,12107919
14413,11181059,12307170
14414,11181059,11699274
14415,11181059,11741348
14416,11181059,12061451
14417,11181059,12003458
14418,11181059,11727459
14419,11181059,11944433
14420,11181059,12509816
14421,11181059,11829258
14422,11181059,12578666
14423,11181059,11709125
14424,11181059,13317195
14425,11181059,13249744
14426,11181059,12904661
14427,11181059,12264582
14428,11181059,12118853
14429,11181059,12066597
14430,11181059,12073487
14431,11181059,12162321
14432,11181059,12185323
14433,11181059,12807260
14434,11181059,12592364
14435,11181059,12691582
14436,11181059,12702702
14437,11181059,12733740
14438,11181059,12670381
14439,11181059,13252931
14440,11181059,12999782
14441,11181059,13130861
14442,11181059,12653847
14443,11181059,12435353
14444,11181059,12724057
14445,11181059,12362556
14446,11181059,13188974
14447,11181059,13120548
14448,11181059,12508562
14449,11181059,12450018
14450,11181059,12351843
14451,11181059,12196620
14452,11181059,12274335
14453,11181059,12212231
14454,11181059,12335671
14455,11181059,11533711
14456,11181059,11673203
14457,11181059,11725650
14458,11181059,11895328
14459,11181059,11705563
14460,11181059,11809296
14461,11181059,11545582
14462,11181059,12038356
14463,11181059,12179848
14464,11181059,12447725
14465,11181059,13262473
14466,11181059,12770750
14467,11181059,12017022
14468,11181059,12323723
14469,11181059,12328292
14470,11181059,12215202
14471,11181059,12283662
14472,11181059,12259841
14473,11181059,11890653
14474,11181059,11895458
14475,11181059,12094850
14476,11181059,11679011
14477,11181059,11711001
14478,11181059,12267252
14479,11181059,12156419
14480,11181059,12224571
14481,11181059,11930334
14482,11181059,11844589
14483,11181059,11871576
14484,11137431,11137431
14485,11137431,11137431
14486,11137431,11137431
14487,11137431,11137431
14488,11137431,11137431
14489,11137431,11137431
14490,11137431,11137431
14491,11137431,11149237
14492,11137431,11153533
14493,11137431,11153533
14494,11137431,11153533
14495,11137431,11159620
14496,11137431,11159620
14497,11137431,11159620
14498,11137431,11752882
14499,11137431,11752882
14500,11137431,11730875
14501,11137431,11253575
14502,11137431,11272033
14503,11137431,11272033
14504,11137431,11272033
14505,11137431,11274895
14506,11137431,11273696
14507,11137431,11270610
14508,11137431,11270610
14509,11137431,11270610
14510,11137431,11199196
14511,11137431,11276809
14512,11137431,11277477
14513,11137431,11277477
14514,11137431,11277477
14515,11137431,11277477
14516,11137431,11277477
14517,11137431,11277477
14518,11137431,11261106
14519,11137431,11361384
14520,11137431,11361384
14521,11137431,11361384
14522,11137431,11361384
14523,11137431,11361271
14524,11137431,11361271
14525,11137431,11361271
14526,11137431,11417796
14527,11137431,11417796
14528,11137431,11417796
14529,11137431,11417796
14530,11137431,11417796
14531,11137431,11417796
14532,11137431,11425355
14533,11137431,11425355
14534,11137431,11425355
14535,11137431,11425355
14536,11137431,11425355
14537,11137431,11425355
14538,11137431,11425355
14539,11137431,11517874
14540,11137431,11509649
14541,11137431,11509649
14542,11137431,11509649
14543,11137431,11401486
14544,11137431,11401486
14545,11137431,11401486
14546,11137431,11401486
14547,11137431,11401486
14548,11137431,11401486
14549,11137431,11401486
14550,11137431,11401486
14551,11137431,11401486
14552,11137431,11401486
14553,11137431,11401486
14554,11137431,11400355
14555,11137431,11400355
14556,11137431,11400355
14557,11137431,11278331
14558,11137431,11268980
14559,11137431,11268980
14560,11137431,11268980
14561,11137431,11268980
14562,11137431,11268980
14563,11137431,11268980
14564,11137431,11268980
14565,11137431,11266608
14566,11137431,11266608
14567,11137431,11266608
14568,11137431,11266608
14569,11137431,11265953
14570,11137431,11265953
14571,11137431,11265953
14572,11137431,11265953
14573,11137431,12029139
14574,11137431,11896819
14575,11137431,11896819
14576,11137431,11896819
14577,11137431,11896819
14578,11137431,11896819
14579,11137431,11896819
14580,11137431,12410738
14581,11137431,12420535
14582,11137431,12420535
14583,11137431,12409865
14584,11137431,12409865
14585,11137431,12409865
14586,11137431,12409865
14587,11137431,12409865
14588,11137431,12409865
14589,11137431,12409865
14590,11137431,12409865
14591,11137431,12409865
14592,11137431,12409865
14593,11137431,12409865
14594,11137431,12409865
14595,11137431,12409865
14596,11137431,12409865
14597,11137431,12570260
14598,11137431,12570260
14599,11137431,12570260
14600,11137431,12095335
14601,11137431,12095335
14602,11137431,12095335
14603,11137431,12095335
14604,11137431,12095335
14605,11137431,12095335
14606,11137431,12164498
14607,11137431,12237194
14608,11137431,12237194
14609,11137431,12237194
14610,11137431,12237194
14611,11137431,12237194
14612,11137431,12247196
14613,11137431,12247196
14614,11137431,12397013
14615,11137431,12397013
14616,11137431,12397013
14617,11137431,12397013
14618,11137431,12397013
14619,11137431,12397013
14620,11137431,12397013
14621,11137431,12397013
14622,11137431,12397013
14623,11137431,12397013
14624,11137431,12397013
14625,11137431,12397013
14626,11137431,12397013
14627,11137431,12409953
14628,11137431,12398655
14629,11137431,12398655
14630,11137431,12355585
14631,11137431,12343884
14632,11137431,12343884
14633,11137431,12343884
14634,11137431,12343884
14635,11137431,12666406
14636,11137431,12666406
14637,11137431,12807926
14638,11137431,12807926
14639,11137431,12869261
14640,11137431,12869261
14641,11137431,12869261
14642,11137431,12869261
14643,11137431,12772164
14644,11137431,12772164
14645,11137431,12772164
14646,11137431,12630143
14647,11137431,12630143
14648,11137431,12630143
14649,11137431,12630143
14650,11137431,12630143
14651,11137431,12630143
14652,11137431,12630143
14653,11137431,12584276
14654,11137431,12495504
14655,11137431,12495504
14656,11137431,12495504
14657,11137431,12495504
14658,11137431,12495504
14659,11137431,12495504
14660,11137431,12495504
14661,11137431,12495504
14662,11137431,12495504
14663,11137431,12495504
14664,11137431,12448650
14665,11137431,12448650
14666,11137431,12448650
14667,11137431,12448650
14668,11137431,12444841
14669,11137431,12444841
14670,11137431,12444841
14671,11137431,12444841
14672,11137431,12314706
14673,11137431,12380418
14674,11137431,12380418
14675,11137431,12320465
14676,11137431,12179405
14677,11137431,12179405
14678,11137431,12179405
14679,11137431,12179405
14680,11137431,12179405
14681,11137431,12179405
14682,11137431,12179405
14683,11137431,12179405
14684,11137431,12179405
14685,11137431,12179405
14686,11137431,12179405
14687,11137431,12179405
14688,11137431,12179405
14689,11137431,12360612
14690,11137431,12360612
14691,11137431,12360612
14692,11137431,12360612
14693,11137431,12349243
14694,11137431,12349243
14695,11137431,12365390
14696,11137431,12365390
14697,11137431,12367712
14698,11137431,12367712
14699,11137431,12367712
14700,11137431,12367712
14701,11137431,12367712
14702,11137431,12346227
14703,11137431,12346227
14704,11137431,12346227
14705,11137431,12346227
14706,11137431,12346227
14707,11137431,12346227
14708,11137431,12346227
14709,11137431,12346228
14710,11137431,12333792
14711,11137431,12333792
14712,11137431,12333792
14713,11137431,12093804
14714,11137431,12169708
14715,11137431,12169708
14716,11137431,12169708
14717,11137431,12158180
14718,11137431,12158180
14719,11137431,12158180
14720,11137431,12158180
14721,11137431,12150982
14722,11137431,12150982
14723,11137431,12188046
14724,11137431,12188046
14725,11137431,12188046
14726,11137431,12188046
14727,11137431,12188046
14728,11137431,12188046
14729,11137431,12188046
14730,11137431,12188046
14731,11137431,12188046
14732,11137431,12188046
14733,11137431,12188046
14734,11137431,12188046
14735,11137431,12188046
14736,11137431,12188046
14737,11137431,12621630
14738,11137431,12621630
14739,11137431,12621630
14740,11137431,12656955
14741,11137431,12656955
14742,11137431,12656955
14743,11137431,12656955
14744,11137431,12810124
14745,11137431,12810124
14746,11137431,12810124
14747,11137431,12810124
14748,11137431,12873710
14749,11137431,12810124
14750,11137431,12810124
14751,11137431,12810124
14752,11137431,12810124
14753,11137431,12813538
14754,11137431,12813538
14755,11137431,12813538
14756,11137431,13186891
14757,11137431,13186891
14758,11137431,13186891
14759,11137431,13249531
14760,11137431,13249531
14761,11137431,13185945
14762,11137431,13185173
14763,11137431,13216248
14764,11137431,13216248
14765,11137431,13707351
14766,11137431,13707351
14767,11137431,13707351
14768,11137431,13707351
14769,11137431,13707351
14770,11137431,13707351
14771,11137431,13700170
14772,11137431,13719497
14773,11137431,13719497
14774,11137431,13504592
14775,11137431,13504592
14776,11137431,13504592
14777,11137431,13510915
14778,11137431,13510915
14779,11137431,13510915
14780,11137431,13341347
14781,11137431,13341347
14782,11137431,13601262
14783,11137431,13601262
14784,11137431,13601262
14785,11137431,13565795
14786,11137431,13565795
14787,11137431,13570458
14788,11137431,13570458
14789,11137431,13570458
14790,11137431,13570458
14791,11137431,13570458
14792,11137431,13570458
14793,11137431,13570458
14794,11137431,13607629
14795,11137431,13558624
14796,11137431,13558624
14797,11137431,13558624
14798,11137431,13558624
14799,11137431,13593442
14800,11137431,13593442
14801,11137431,13593442
14802,11137431,13593442
14803,11137431,13593442
14804,11137431,13593442
14805,11137431,13571339
14806,11137431,13571339
14807,11137431,13535893
14808,11137431,13535893
14809,11137431,13746172
14810,11137431,13746172
14811,11137431,13746172
14812,11137431,13756634
14813,11137431,13756634
14814,11137431,13735589
14815,11137431,13735589
14816,11137431,13735589
14817,11137431,13709584
14818,11137431,13709584
14819,11137431,13709584
14820,11137431,13709584
14821,11137431,13709584
14822,11137431,13709584
14823,11137431,13709584
14824,11137431,13709584
14825,11137431,13400537
14826,11137431,13400537
14827,11137431,13400537
14828,11137431,13400537
14829,11137431,13400537
14830,11137431,13400537
14831,11137431,13400537
14832,11137431,13484065
14833,11137431,13541591
14834,11137431,13541591
14835,11137431,13541591
14836,11137431,13475618
14837,11137431,13475618
14838,11137431,13194983
14839,11137431,13194983
14840,11137431,13194983
14841,11137431,13194983
14842,11137431,13288979
14843,11137431,12906200
14844,11137431,12906200
14845,11137431,12906200
14846,11137431,12906200
14847,11137431,12906200
14848,11137431,12906200
14849,11137431,12906200
14850,11137431,12956245
14851,11137431,12956245
14852,11137431,12706406
14853,11137431,12706406
14854,11137431,12706406
14855,11137431,12726965
14856,11137431,12726965
14857,11137431,12726965
14858,11137431,12726965
14859,11137431,12726965
14860,11137431,12726965
14861,11137431,13327166
14862,11137431,13327166
14863,11137431,13178773
14864,11137431,13178773
14865,11137431,13178773
14866,11137431,13179541
14867,11137431,13179541
14868,11137431,13179541
14869,11137431,13184904
14870,11137431,13184904
14871,11137431,13184904
14872,11137431,13152254
14873,11137431,13152254
14874,11137431,13152254
14875,11137431,13055060
14876,11137431,13055060
14877,11137431,13055060
14878,11137431,13130061
14879,11137431,13130061
14880,11137431,13130061
14881,11137431,13130061
14882,11137431,13130061
14883,11137431,13949856
14884,11137431,13949856
14885,11137431,14190699
14886,11137431,13946439
14887,11137431,13788258
14888,11137431,13744705
14889,11137431,13744705
14890,11137431,13744705
14891,11137431,13499311
14892,11137431,13509073
14893,11137431,13509073
14894,11137431,13509073
14895,11137431,13509073
14896,11137431,13739942
14897,11137431,13739942
14898,11137431,13739942
14899,11137431,13739942
14900,11137431,13739942
14901,11137431,13739942
14902,11137431,13694049
14903,11137431,13694049
14904,11137431,13694049
14905,11137431,13690315
14906,11137431,13690315
14907,11137431,13690315
14908,11137431,13690315
14909,11137431,13604346
14910,11137431,13604346
14911,11137431,13754282
14912,11137431,13754282
14913,11137431,13754282
14914,11137431,13779840
14915,11137431,13779840
14916,11137431,13645927
14917,11137431,13669787
14918,11137431,13611726
14919,11137431,13611726
14920,11137431,13611726
14921,11137431,13930924
14922,11137431,13930924
14923,11137431,13930924
14924,11137431,13930924
14925,11137431,13930924
14926,11137431,13930924
14927,11137431,13930924
14928,11137431,13930924
14929,11137431,13947482
14930,11137431,13947482
14931,11137431,13947482
14932,11137431,13947482
14933,11137431,13947482
14934,11137431,13947482
14935,11137431,13947482
14936,11137431,13947482
14937,11137431,13947482
14938,11137431,13924609
14939,11137431,13924609
14940,11137431,13924609
14941,11137431,13900043
14942,11137431,13900043
14943,11137431,13900043
14944,11137431,14023761
14945,11137431,14023761
14946,11137431,14023761
14947,11137431,14058039
14948,11137431,13933451
14949,11137431,13933451
14950,11137431,13933451
14951,11137431,13933451
14952,11137431,13933451
14953,11137431,13933451
14954,11137431,13933451
14955,11137431,13864538
14956,11137431,13858882
14957,11137431,13628715
14958,11137431,13628715
14959,11137431,13628715
14960,11137431,13694599
14961,11137431,13694599
14962,11137431,13695441
14963,11137431,13695441
14964,11137431,13695441
14965,11137431,13695441
14966,11137431,13695441
14967,11137431,13695441
14968,11137431,13695441
14969,11137431,13695441
14970,11137431,13695441
14971,11137431,13633236
14972,11137431,13633236
14973,11137431,13633236
14974,11137431,13659942
14975,11137431,13659942
14976,11137431,13659942
14977,11137431,13633236
14978,11137431,13633236
14979,11137431,13506299
14980,11137431,13506299
14981,11137431,13496200
14982,11137431,13496200
14983,11137431,13533410
14984,11137431,13055495
14985,11137431,13320078
14986,11137431,13228688
14987,11137431,13831833
14988,11137431,12746739
14989,11137431,12283961
14990,11137431,12461463
14991,11137431,12291061
14992,11137431,13020435
14993,11137431,12885212
14994,11137431,12924084
14995,11137431,13278943
14996,11137431,13034777
14997,11137431,12967675
14998,11137431,13361036
14999,11137431,13800261
15000,11137431,13540592
15001,11137431,13217178
15002,11137431,13158875
15003,11137431,12847886
15004,11137431,12913502
15005,11137431,13314881
15006,11137431,13275715
15007,11137431,13055464
15008,11137431,13424604
15009,11137431,13230591
15010,11137431,13517650
15011,11137431,14271547
15012,11137431,13803188
15013,11137431,13123947
15014,11137431,13153021
15015,11137431,12876211
15016,11137431,13090177
15017,11137431,12977748
15018,11137431,13055311
15019,11137431,13767678
15020,11137431,13104844
15021,11137431,13327064
15022,11137431,12729826
15023,11137431,12639204
15024,11137431,12781144
15025,11137431,13236855
15026,11137431,12688790
15027,11137431,12303351
15028,11137431,12548426
15029,11137431,12615896
15030,11137431,12328985
15031,11137431,13186590
15032,11137431,12478332
15033,11137431,12208006
15034,11137431,12220886
15035,11137431,11912077
15036,11137431,12207836
15037,11137431,12109264
15038,11137431,13014532
15039,11137431,12730602
15040,11137431,13711111
15041,11137431,13081876
15042,11137431,13266019
15043,11137431,14357209
15044,11137431,13474929
15045,11137431,14284679
15046,11137431,13927328
15047,11137431,14007105
15048,11137431,13738069
15049,11137431,13536574
15050,11137431,13027001
15051,11137431,13187060
15052,11137431,13390524
15053,11137431,13281066
15054,11137431,12899235
15055,11137431,12865722
15056,11137431,13428449
15057,11137431,12554369
15058,11137431,12539184
15059,11137431,13246306
15060,11137431,12712117
15061,11137431,12940765
15062,11137431,13103089
15063,11137431,13140136
15064,11137431,12940902
15065,11137431,12628087
15066,11137431,12439705
15067,11137431,12496850
15068,11137431,13030595
15069,11137431,12809029
15070,11137431,12779087
15071,11137431,12748816
15072,11137431,12772364
15073,11137431,13096871
15074,11137431,13444012
15075,11137431,13626610
15076,11137431,13476943
15077,11137431,13522023
15078,11137431,13295940
15079,11137431,13072265
15080,11137431,13181210
15081,11137431,13009051
15082,11137431,12584250
15083,11137431,12964599
15084,11137431,12907961
15085,11137431,12217487
15086,11137431,12728734
15087,11137431,12737874
15088,11137431,13257322
15089,11137431,13003046
15090,11137431,12912577
15091,11137431,13326582
15092,11137431,13002490
15093,11137431,12818162
15094,11137431,12547056
15095,11137431,12474388
15096,11137431,12464117
15097,11137431,12286916
15098,11137431,12034489
15099,11137431,12036023
15100,11137431,12156720
15101,11137431,12538259
15102,11137431,11948164
15103,11137431,12199476
15104,11137431,12475856
15105,11137431,12275821
15106,11137431,12360442
15107,11137431,12402379
15108,11137431,12885244
15109,11137431,12685271
15110,11137431,12259421
15111,11137431,12335512
15112,11137431,13071460
15113,11137431,12364759
15114,11137431,12570157
15115,11137431,12459991
15116,11137431,12418266
15117,11137431,13233365
15118,11137431,13359915
15119,11137431,13082626
15120,11137431,13308682
15121,11137431,13383365
15122,11137431,13409289
15123,11137431,13982843
15124,11137431,13201881
15125,11137431,13750254
15126,11137431,13550208
15127,11137431,13350328
15128,11137431,13692239
15129,11137431,13674349
15130,11137431,12699384
15131,11137431,12901185
15132,11137431,12886413
15133,11137431,12759558
15134,11137431,13162081
15135,11137431,12783660
15136,11137431,12639116
15137,11137431,12648976
15138,11137431,12880838
15139,11137431,12954830
15140,11137431,12326360
15141,11137431,12193750
15142,11137431,12187012
15143,11137431,12143131
15144,11137431,11977963
15145,11137431,12288733
15146,11137431,12293902
15147,11137431,12457439
15148,11137431,13039901
15149,11137431,12531245
15150,11137431,13445450
15151,11137431,13044301
15152,11137431,12849100
15153,11137431,12803808
15154,11137431,12585404
15155,11137431,12469572
15156,11137431,13460596
15157,11137431,13420731
15158,11137431,13554396
15159,11137431,13777775
15160,11137431,12903307
15161,11137431,12057762
15162,11137431,11898081
15163,11137431,12456047
15164,11137431,11990804
15165,11137431,12144252
15166,11137431,12722017
15167,11137431,13303980
15168,11137431,12653756
15169,11137431,12662246
15170,11137431,12706277
15171,11137431,13018249
15172,11137431,13406486
15173,11137431,13347690
15174,11137431,13276918
15175,11137431,13151785
15176,11137431,12639482
15177,11137431,12567784
15178,11137431,12772143
15179,11137431,12599958
15180,11137431,12565267
15181,11137431,13282575
15182,11137431,13177314
15183,11137431,13317937
15184,11137431,12863090
15185,11137431,13331242
15186,11137431,13421662
15187,11137431,13245548
15188,11137431,13141404
15189,11137431,13083072
15190,11137431,13044580
15191,11137431,13155697
15192,11137431,12947010
15193,11137431,13441558
15194,11137431,12492395
15195,11137431,12522868
15196,11137431,12274913
15197,11137431,12289661
15198,11137431,12074940
15199,11137431,12058854
15200,11137431,12491802
15201,11137431,12243366
15202,11137431,12564523
15203,11137431,12451766
15204,11137431,12400291
15205,11137431,12356691
15206,11137431,12399619
15207,11137431,13067385
15208,11137431,12561839
15209,11137431,12730537
15210,11137431,12564051
15211,11137431,13092180
15212,11137431,13927729
15213,11137431,12912152
15214,11137431,12942518
15215,11137431,13274804
15216,11137431,13738359
15217,11137431,14251791
15218,11137431,13196674
15219,11137431,13142184
15220,11137431,14083214
15221,11137431,13202850
15222,11137431,13286676
15223,11137431,14029415
15224,11137431,13524531
15225,11137431,13385592
15226,11137431,13295918
15227,11137431,13148968
15228,11137431,13787827
15229,11137431,13493522
15230,11137431,13525584
15231,11137431,13713001
15232,11137431,13210626
15233,11137431,13274842
15234,11137431,13145904
15235,11137431,13959919
15236,11137431,13510013
15237,11137431,14368648
15238,11137431,13441126
15239,11137431,13150315
15240,11137431,13055341
15241,11137431,13547118
15242,11137431,12867012
15243,11137431,13243509
15244,11137431,12815863
15245,11137431,14062711
15246,11137431,13513341
15247,11137431,13849025
15248,11137431,13216644
15249,11137431,13633667
15250,11137431,13260211
15251,11137431,13184486
15252,11137431,14449145
15253,11137431,13202437
15254,11137431,12893842
15255,11137431,13863007
15256,11137431,12552914
15257,11137431,12939656
15258,11137431,12510443
15259,11137431,12599286
15260,11137431,13143134
15261,11137431,12761135
15262,11137431,12621027
15263,11137431,12466488
15264,11137431,13087546
15265,11137431,13252805
15266,11137431,12889307
15267,11137431,12677070
15268,11137431,12278795
15269,11137431,12269755
15270,11137431,12121220
15271,11137431,12305601
15272,11137431,14335231
15273,11137431,13147963
15274,11137431,12241474
15275,11137431,12164545
15276,11137431,12140277
15277,11137431,12401251
15278,11137431,12442667
15279,11137431,12539025
15280,11137431,12479823
15281,11137431,12453741
15282,11137431,12321918
15283,11137431,12441941
15284,11137431,12707241
15285,11137431,12683040
15286,11137431,12613471
15287,11137431,13473708
15288,11137431,13364158
15289,11137431,13331503
15290,11137431,13162047
15291,11137431,12969104
15292,11137431,14197298
15293,11137431,13784199
15294,11137431,13694622
15295,11137431,14195322
15296,11137431,13762209
15297,11137431,13322645
15298,11137431,13716583
15299,11137431,14191690
15300,11137431,13345258
15301,11137431,13079024
15302,11137431,13949720
15303,11137431,13673118
15304,11137431,13788262
15305,11137431,12578583
15306,11137431,12525725
15307,11137431,13285917
15308,11137431,12763960
15309,11137431,12826638
15310,11137431,12889009
15311,11137431,13571303
15312,11137431,12988032
15313,11137431,13095098
15314,11137431,12624165
15315,11137431,12613401
15316,11137431,12453527
15317,11137431,12235746
15318,11137431,12317501
15319,11137431,12436133
15320,11137431,12763684
15321,11137431,12797859
15322,11137431,12902538
15323,11137431,13213215
15324,11137431,12446728
15325,11137431,12357183
15326,11137431,12315861
15327,11137431,12420270
15328,11137431,12396380
15329,11137431,12414733
15330,11137431,12534596
15331,11137431,12727360
15332,11137431,12583156
15333,11137431,12832878
15334,11137431,12819730
15335,11137431,12874541
15336,11137431,13176360
15337,11137431,13293486
15338,11137431,13765090
15339,11137431,13884995
15340,11137431,13710711
15341,11137431,13815672
15342,11137431,13699947
15343,11137431,13488119
15344,11137431,13695246
15345,11137431,13126757
15346,11137431,13061727
15347,11137431,12993452
15348,11137431,13583405
15349,11137431,13357003
15350,11137431,13299257
15351,11137431,13646918
15352,11137431,12965587
15353,11137431,13195958
15354,11137431,12857081
15355,11137431,12726776
15356,11137431,12943549
15357,11137431,13054606
15358,11137431,12695753
15359,11137431,12787228
15360,11137431,12631183
15361,11137431,12919752
15362,11137431,12428634
15363,11137431,12740349
15364,11137431,12675652
15365,11137431,12836727
15366,11137431,12695729
15367,11137431,12544059
15368,11137431,12672504
15369,11137431,12560232
15370,11137431,12849988
15371,11137431,13672383
15372,11137431,13622130
15373,11137431,13571460
15374,11137431,13764396
15375,11137431,13634440
15376,11137431,13578749
15377,11137431,13520970
15378,11137431,12291949
15379,11137431,12453479
15380,11137431,12485239
15381,11137431,12915622
15382,11137431,12619564
15383,11137431,12691048
15384,11137431,12608125
15385,11137431,13530068
15386,11137431,13160416
15387,11137431,12885624
15388,11137431,12859344
15389,11137431,13207780
15390,11137431,12770314
15391,11137431,12995186
15392,11137431,12530186
15393,11137431,12642420
15394,11137431,12503854
15395,11137431,12668509
15396,11137431,12186942
15397,11137431,12254022
15398,11137431,12707128
15399,11137431,12907143
15400,11137431,12967657
15401,11137431,12733465
15402,11137431,13125217
15403,11137431,12604263
15404,11137431,13176328
15405,11137431,12928659
15406,11137431,12452448
15407,11137431,11985658
15408,11137431,12323193
15409,11137431,12024866
15410,11137431,12157671
15411,11137431,12067953
15412,11137431,12238382
15413,11137431,12128861
15414,11137431,11951206
15415,11137431,12240982
15416,11137431,11858018
15417,11137431,11690068
15418,11137431,11661331
15419,11137431,12152308
15420,11137431,12198513
15421,11137431,12330439
15422,11137431,12127237
15423,11137431,12134928
15424,11137431,12113641
15425,11137431,12786617
15426,11137431,12167450
15427,11137431,12561872
15428,11137431,12273519
15429,11137431,12531476
15430,11137431,11944375
15431,11137431,11855289
15432,11137431,12336911
15433,11137431,12373815
15434,11137431,12772196
15435,11137431,12534575
15436,11137431,12706309
15437,11137431,12389120
15438,11137431,12925608
15439,11137431,12963160
15440,11137431,12718717
15441,11137431,12266131
15442,11137431,12143107
15443,11137431,12165127
15444,11137431,12096475
15445,11137431,12501707
15446,11137431,12655085
15447,11137431,12429306
15448,11137431,12557765
15449,11137431,12336438
15450,11137431,12127048
15451,11137431,11903802
15452,11137431,11526290
15453,11137431,11626172
15454,11137431,11636566
15455,11137431,12295068
15456,11137431,12303990
15457,11137431,12382487
15458,11137431,12378597
15459,11137431,12856366
15460,11137431,12530438
15461,11137431,13157382
15462,11137431,12720226
15463,11137431,12635931
15464,11137431,13238392
15465,11137431,12954574
15466,11137431,12779435
15467,11137431,12746227
15468,11137431,12621693
15469,11137431,13234343
15470,11137431,12728566
15471,11137431,12525687
15472,11137431,12650202
15473,11137431,12639297
15474,11137431,12798844
15475,11137431,13061063
15476,11137431,12443372
15477,11137431,12347034
15478,11137431,13117765
15479,11137431,12545464
15480,11137431,12176948
15481,11137431,12575906
15482,11137431,12683701
15483,11137431,13176867
15484,11137431,13270140
15485,11137431,13228857
15486,11137431,13839648
15487,11137431,13011769
15488,11137431,12751397
15489,11137431,12756946
15490,11137431,12683088
15491,11137431,12595440
15492,11137431,12622592
15493,11137431,12751438
15494,11137431,12911280
15495,11137431,13080890
15496,11137431,12919882
15497,11137431,13088409
15498,11137431,12962844
15499,11137431,13520871
15500,11137431,13439388
15501,11137431,16133935
15502,11137431,14486836
15503,11137431,14165808
15504,11137431,14153033
15505,11137431,13525578
15506,11137431,13534395
15507,11137431,13811053
15508,11137431,13703687
15509,11137431,13805160
15510,11137431,13801079
15511,11137431,13553719
15512,11137431,13483904
15513,11137431,14722733
15514,11137431,14026952
15515,11137431,13767608
15516,11137431,13800054
15517,11137431,13701771
15518,11137431,13353572
15519,11137431,13589229
15520,11137431,13476500
15521,11137431,13548189
15522,11137431,13621574
15523,11137431,14245056
15524,11137431,13689472
15525,11137431,14078815
15526,11137431,13730186
15527,11137431,13970478
15528,11137431,14708639
15529,11137431,14659058
15530,11137431,14873743
15531,11137431,14075021
15532,11137431,14508173
15533,11137431,14096248
15534,11137431,14507459
15535,11137431,14060888
15536,11137431,13915975
15537,11137431,14111391
15538,11137431,14015203
15539,11137431,14090212
15540,11137431,13907870
15541,11137431,13691337
15542,11137431,13622929
15543,11137431,13806340
15544,11137431,13687533
15545,11137431,13619000
15546,11137431,14436113
15547,11137431,14451811
15548,11137431,14345633
15549,11137431,14104111
15550,11137431,14180340
15551,11137431,14173018
15552,11137431,14902979
15553,11137431,14588983
15554,11137431,14387817
15555,11137431,14604320
15556,11137431,13445440
15557,11137431,12977087
15558,11137431,12998677
15559,11137431,13287528
15560,11137431,14076330
15561,11137431,13481942
15562,11137431,14104152
15563,11137431,14573405
15564,11137431,13666255
15565,11137431,13712319
15566,11137431,13670419
15567,11137431,13210450
15568,11137431,12470944
15569,11137431,12643239
15570,11137431,12457540
15571,11137431,12435006
15572,11137431,12504472
15573,11137431,12409577
15574,11137431,13097913
15575,11137431,14657936
15576,11137431,12935503
15577,11137431,12676282
15578,11137431,12742152
15579,11137431,12568090
15580,11137431,12649913
15581,11137431,12636779
15582,11137431,13746603
15583,11137431,12902111
15584,11137431,13092039
15585,11137431,12896487
15586,11137431,12812506
15587,11137431,12744792
15588,11137431,14117568
15589,11137431,14204612
15590,11137431,14042954
15591,11137431,14418928
15592,11137431,14090628
15593,11137431,13910720
15594,11137431,13909261
15595,11137431,13966535
15596,11137431,14901450
15597,11137431,14464615
15598,11137431,14552922
15599,11137431,13458742
15600,11137431,12963145
15601,11137431,13040658
15602,11137431,12999639
15603,11137431,13461161
15604,11137431,13110956
15605,11137431,12892083
15606,11137431,12541164
15607,11137431,12257321
15608,11137431,12331617
15609,11137431,12518124
15610,11137431,12551566
15611,11137431,12554646
15612,11137431,12688068
15613,11137431,13494512
15614,11137431,12785529
15615,11137431,12522357
15616,11137431,12372520
15617,11137431,12314172
15618,11137431,12483579
15619,11137431,12276028
15620,11137431,12330058
15621,11137431,12397872
15622,11137431,13000161
15623,11137431,13113377
15624,11137431,12983928
15625,11137431,12899372
15626,11137431,12749387
15627,11137431,12697324
15628,11137431,12529080
15629,11137431,12917627
15630,11137431,13293556
15631,11137431,12989762
15632,11137431,13249603
15633,11137431,13494221
15634,11137431,13278761
15635,11137431,12958873
15636,11137431,13084848
15637,11137431,12977677
15638,11137431,12401198
15639,11137431,12551190
15640,11137431,12677320
15641,11137431,12754634
15642,11137431,13208307
15643,11137431,12396364
15644,11137431,13024669
15645,11137431,12671362
15646,11137431,12907093
15647,11137431,13243626
15648,11137431,12475993
15649,11137431,12206547
15650,11137431,12199838
15651,11137431,12315701
15652,11137431,12438933
15653,11137431,12109175
15654,11137431,12818500
15655,11137431,12489152
15656,11137431,12348230
15657,11137431,12269330
15658,11137431,12015220
15659,11137431,11789417
15660,11137431,12050403
15661,11137431,11855256
15662,11137431,12019709
15663,11137431,11747433
15664,11137431,11677453
15665,11137431,11532652
15666,11137431,11630953
15667,11137431,11773596
15668,11137431,12622422
15669,11137431,12480863
15670,11137431,12623906
15671,11137431,12346367
15672,11137431,12780015
15673,11137431,14193803
15674,11137431,14570525
15675,11137431,13842007
15676,11137431,13253440
15677,11137431,14017687
15678,11137431,13184366
15679,11137431,13949721
15680,11137431,13052883
15681,11137431,12785513
15682,11137431,13088570
15683,11137431,12081067
15684,11137431,12228343
15685,11137431,12353269
15686,11137431,12577544
15687,11137431,12795830
15688,11137431,12771827
15689,11137431,12755842
15690,11137431,13213996
15691,11137431,13380021
15692,11137431,13317553
15693,11137431,12580097
15694,11137431,12624596
15695,11137431,12652573
15696,11137431,12820231
15697,11137431,12721691
15698,11137431,14381072
15699,11137431,14612889
15700,11137431,14078426
15701,11137431,14204570
15702,11137431,14297913
15703,11137431,13957518
15704,11137431,13571495
15705,11137431,13557649
15706,11137431,13749424
15707,11137431,13781082
15708,11137431,13986740
15709,11137431,13901918
15710,11137431,13631227
15711,11137431,13324058
15712,11137431,13397072
15713,11137431,13505590
15714,11137431,13268705
15715,11137431,13335424
15716,11137431,14051793
15717,11137431,12827529
15718,11137431,12879749
15719,11137431,13169873
15720,11137431,12601120
15721,11137431,11782601
15722,11137431,11797471
15723,11137431,11635978
15724,11137431,12243032
15725,11137431,12154045
15726,11137431,11968023
15727,11137431,12459484
15728,11137431,12881594
15729,11137431,12113161
15730,11137431,11971729
15731,11137431,11974029
15732,11137431,12732993
15733,11137431,12940774
15734,11137431,13051118
15735,11137431,13087126
15736,11137431,12970570
15737,11137431,12329911
15738,11137431,12583609
15739,11137431,12606798
15740,11137431,13192731
15741,11137431,12087151
15742,11137431,11850184
15743,11137431,12397867
15744,11137431,12028459
15745,11137431,12702933
15746,11137431,12747625
15747,11137431,13780539
15748,11137431,12446592
15749,11137431,12376315
15750,11137431,13150839
15751,11137431,11932173
15752,11137431,12252073
15753,11137431,11727795
15754,11137431,11608432
15755,11137431,11879273
15756,11137431,12033014
15757,11137431,12170075
15758,11137431,11662040
15759,11137431,11715499
15760,11137431,12324802
15761,11137431,12310940
15762,11137431,12535612
15763,11137431,12386061
15764,11137431,12342098
15765,11137431,12264916
15766,11137431,12422993
15767,11137431,12433236
15768,11137431,12415255
15769,11137431,12530190
15770,11137431,12425556
15771,11137431,12256122
15772,11137431,12363223
15773,11137431,12381876
15774,11137431,13015900
15775,11137431,13254718
15776,11137431,12652714
15777,11137431,12327615
15778,11137431,12328599
15779,11137431,12449737
15780,11137431,12256577
15781,11137431,12243098
15782,11137431,12225286
15783,11137431,12474536
15784,11137431,12360798
15785,11137431,12409512
15786,11137431,12564214
15787,11137431,12625373
15788,11137431,12682132
15789,11137431,12479588
15790,11137431,12921978
15791,11137431,12567918
15792,11137431,12517338
15793,11137431,12403958
15794,11137431,12564701
15795,11137431,12764134
15796,11137431,12972926
15797,11137431,12745996
15798,11137431,12739537
15799,11137431,12672312
15800,11137431,12699481
15801,11137431,13636423
15802,11137431,12949804
15803,11137431,12980033
15804,11137431,13107597
15805,11137431,13812385
15806,11137431,13483922
15807,11137431,13345927
15808,11137431,12928811
15809,11137431,12509359
15810,11137431,12475097
15811,11137431,12976550
15812,11137431,12819135
15813,11137431,12710881
15814,11137431,13030387
15815,11137431,12408911
15816,11137431,13261048
15817,11137431,12853987
15818,11137431,13208319
15819,11137431,12958866
15820,11137431,12553864
15821,11137431,12453299
15822,11137431,12906059
15823,11137431,12913751
15824,11137431,13818476
15825,11137431,12967319
15826,11137431,12917045
15827,11137431,13566037
15828,11137431,12188127
15829,11137431,12384183
15830,11137431,12273564
15831,11137431,12128682
15832,11137431,12290599
15833,11137431,12356203
15834,11137431,12555136
15835,11137431,13007614
15836,11137431,12858744
15837,11137431,12805401
15838,11137431,13237322
15839,11137431,12710969
15840,11137431,12600522
15841,11137431,12412686
15842,11137431,13139209
15843,11137431,13165040
15844,11137431,13123124
15845,11137431,13229485
15846,11137431,13843381
15847,11137431,13551561
15848,11137431,13230928
15849,11137431,13259720
15850,11137431,13524134
15851,11137431,13042884
15852,11137431,13225192
15853,11137431,12910012
15854,11137431,12752004
15855,11137431,12252648
15856,11137431,12619931
15857,11137431,12123060
15858,11137431,12397799
15859,11137431,12691779
15860,11137431,13192073
15861,11137431,13318548
15862,11137431,13345808
15863,11137431,13285907
15864,11137431,13482593
15865,11137431,13896272
15866,11137431,13338825
15867,11137431,13322172
15868,11137431,13347699
15869,11137431,13780655
15870,11137431,13324238
15871,11137431,13482173
15872,11137431,14003916
15873,11137431,14370346
15874,11137431,14383643
15875,11137431,13392062
15876,11137431,13361053
15877,11137431,13634861
15878,11137431,14452026
15879,11137431,14080564
15880,11137431,13348780
15881,11137431,12938986
15882,11137431,12923955
15883,11137431,12514889
15884,11137431,12459731
15885,11137431,12396966
15886,11137431,12586169
15887,11137431,12666890
15888,11137431,12615987
15889,11137431,12537109
15890,11137431,12444630
15891,11137431,12344117
15892,11137431,12918953
15893,11137431,12284591
15894,11137431,12678925
15895,11137431,12803324
15896,11137431,13066551
15897,11137431,12607908
15898,11137431,12733640
15899,11137431,13011571
15900,11137431,13449759
15901,11137431,13203603
15902,11137431,13093293
15903,11137431,12809660
15904,11137431,12986261
15905,11137431,13034044
15906,11137431,12505079
15907,11137431,12551458
15908,11137431,12899791
15909,11137431,12926209
15910,11137431,13226576
15911,11137431,12682658
15912,11137431,13203938
15913,11137431,12982948
15914,11137431,13444653
15915,11137431,13873048
15916,11137431,12855519
15917,11137431,13068831
15918,11137431,13190636
15919,11137431,13935903
15920,11137431,13663122
15921,11137431,13265945
15922,11137431,13073445
15923,11137431,12911965
15924,11137431,13157946
15925,11137431,13170239
15926,11137431,12948061
15927,11137431,13036543
15928,11137431,13029740
15929,11137431,13193829
15930,11137431,13535796
15931,11137431,12652053
15932,11137431,12483777
15933,11137431,12475199
15934,11137431,12597657
15935,11137431,12998522
15936,11137431,12799400
15937,11137431,12596548
15938,11137431,12787400
15939,11137431,12323856
15940,11137431,12308683
15941,11137431,12329449
15942,11137431,12390220
15943,11137431,12206895
15944,11137431,13141870
15945,11137431,13235163
15946,11137431,13595456
15947,11137431,13206568
15948,11137431,13026156
15949,11137431,13093963
15950,11137431,13135327
15951,11137431,13104294
15952,11137431,13121112
15953,11137431,13522711
15954,11137431,12801580
15955,11137431,12916978
15956,11137431,12787996
15957,11137431,12660293
15958,11137431,12920627
15959,11137431,12723460
15960,11137431,13116192
15961,11137431,13214028
15962,11137431,13204557
15963,11137431,13992195
15964,11137431,13286183
15965,11137431,12870734
15966,11137431,12991390
15967,11137431,13005126
15968,11137431,13132887
15969,11137431,13115240
15970,11137431,13336145
15971,11137431,12954825
15972,11137431,13160474
15973,11137431,13154447
15974,11137431,12138204
15975,11137431,12686166
15976,11137431,12393648
15977,11137431,13477144
15978,11137431,13053358
15979,11137431,12973952
15980,11137431,14199073
15981,11137431,13737164
15982,11137431,13777985
15983,11137431,12842776
15984,11137431,12815577
15985,11137431,11137432
15986,11137431,11137432
15987,11137431,11137432
15988,11137431,11137432
15989,11137431,11137432
15990,11137431,11200426
15991,11137431,11200426
15992,11137431,11200426
15993,11137431,11200426
15994,11137431,11200426
15995,11137431,11200426
15996,11137431,11232377
15997,11137431,11825166
15998,11137431,11825166
15999,11137431,11791985
16000,11137431,11899202
16001,11137431,11899202
16002,11137431,11899202
16003,11137431,12013020
16004,11137431,12135532
16005,11137431,12135532
16006,11137431,12135532
16007,11137431,12135532
16008,11137431,12135532
16009,11137431,12135532
16010,11137431,12294074
16011,11137431,12294074
16012,11137431,12294074
16013,11137431,12294074
16014,11137431,12294074
16015,11137431,12281610
16016,11137431,12281610
16017,11137431,12285471
16018,11137431,12048155
16019,11137431,12048155
16020,11137431,12048155
16021,11137431,12048155
16022,11137431,11922191
16023,11137431,11922191
16024,11137431,11922191
16025,11137431,11922191
16026,11137431,11787331
16027,11137431,11787331
16028,11137431,11787331
16029,11137431,11791174
16030,11137431,11856980
16031,11137431,11856980
16032,11137431,11856980
16033,11137431,11856980
16034,11137431,11856980
16035,11137431,11856980
16036,11137431,11856980
16037,11137431,11767119
16038,11137431,11767119
16039,11137431,11767119
16040,11137431,11767119
16041,11137431,11767119
16042,11137431,11845393
16043,11137431,11776710
16044,11137431,11776710
16045,11137431,11776710
16046,11137431,11776710
16047,11137431,11738305
16048,11137431,11738305
16049,11137431,11738305
16050,11137431,11640164
16051,11137431,11640164
16052,11137431,11640164
16053,11137431,11640164
16054,11137431,11640164
16055,11137431,11640164
16056,11137431,11516315
16057,11137431,11516315
16058,11137431,11554116
16059,11137431,11554116
16060,11137431,11546247
16061,11137431,11546247
16062,11137431,11636757
16063,11137431,11894784
16064,11137431,11894784
16065,11137431,11904112
16066,11137431,11904112
16067,11137431,11904112
16068,11137431,11904112
16069,11137431,11904112
16070,11137431,11898132
16071,11137431,11898132
16072,11137431,11898132
16073,11137431,11874546
16074,11137431,11874546
16075,11137431,11874546
16076,11137431,11874546
16077,11137431,11805546
16078,11137431,11805546
16079,11137431,11805546
16080,11137431,11805546
16081,11137431,11805546
16082,11137431,11805546
16083,11137431,11805546
16084,11137431,12095885
16085,11137431,12049754
16086,11137431,12030206
16087,11137431,12030206
16088,11137431,12030206
16089,11137431,12245313
16090,11137431,12256081
16091,11137431,12256081
16092,11137431,12256081
16093,11137431,12256081
16094,11137431,12358406
16095,11137431,12358406
16096,11137431,12358406
16097,11137431,12358406
16098,11137431,12358406
16099,11137431,12358406
16100,11137431,12275891
16101,11137431,12275891
16102,11137431,12275891
16103,11137431,12275891
16104,11137431,12140821
16105,11137431,12140821
16106,11137431,12140821
16107,11137431,12140821
16108,11137431,12140821
16109,11137431,12153219
16110,11137431,12153219
16111,11137431,12134539
16112,11137431,12134539
16113,11137431,12134539
16114,11137431,12134539
16115,11137431,12134539
16116,11137431,12134539
16117,11137431,12116343
16118,11137431,12085413
16119,11137431,12085413
16120,11137431,12085730
16121,11137431,12085730
16122,11137431,12085730
16123,11137431,12085730
16124,11137431,12311460
16125,11137431,12311460
16126,11137431,12265402
16127,11137431,12265402
16128,11137431,12292541
16129,11137431,12292541
16130,11137431,12292541
16131,11137431,12292541
16132,11137431,12292541
16133,11137431,12292541
16134,11137431,12292541
16135,11137431,12292541
16136,11137431,12292541
16137,11137431,12292541
16138,11137431,12292541
16139,11137431,12214661
16140,11137431,11853536
16141,11137431,11819861
16142,11137431,11819861
16143,11137431,11819861
16144,11137431,11819861
16145,11137431,11819861
16146,11137431,11819861
16147,11137431,11819861
16148,11137431,11819861
16149,11137431,11819861
16150,11137431,11819861
16151,11137431,11819861
16152,11137431,11907148
16153,11137431,11907148
16154,11137431,11907148
16155,11137431,11635691
16156,11137431,11635691
16157,11137431,11635691
16158,11137431,11600212
16159,11137431,11600212
16160,11137431,11624677
16161,11137431,11624677
16162,11137431,11622967
16163,11137431,11600109
16164,11137431,11600109
16165,11137431,11600109
16166,11137431,11600109
16167,11137431,11628712
16168,11137431,11628712
16169,11137431,11628712
16170,11137431,11628712
16171,11137431,11628712
16172,11137431,11628712
16173,11137431,11645903
16174,11137431,11918905
16175,11137431,11918905
16176,11137431,11918905
16177,11137431,11818011
16178,11137431,11925906
16179,11137431,11925906
16180,11137431,11925906
16181,11137431,11925905
16182,11137431,11925905
16183,11137431,11925905
16184,11137431,11925905
16185,11137431,12013302
16186,11137431,12073101
16187,11137431,12073101
16188,11137431,11942966
16189,11137431,11942966
16190,11137431,11942966
16191,11137431,11942966
16192,11137431,11942966
16193,11137431,12011347
16194,11137431,12011347
16195,11137431,12009025
16196,11137431,12009025
16197,11137431,12009025
16198,11137431,12009025
16199,11137431,12009025
16200,11137431,12109130
16201,11137431,12141954
16202,11137431,12124835
16203,11137431,12969197
16204,11137431,12969197
16205,11137431,12969197
16206,11137431,13305300
16207,11137431,13305300
16208,11137431,13305300
16209,11137431,13305300
16210,11137431,13332517
16211,11137431,13332516
16212,11137431,13332516
16213,11137431,13332516
16214,11137431,13332516
16215,11137431,13350522
16216,11137431,13350522
16217,11137431,13350522
16218,11137431,13478411
16219,11137431,13478411
16220,11137431,13484268
16221,11137431,13484268
16222,11137431,13484268
16223,11137431,13484268
16224,11137431,13124817
16225,11137431,13124817
16226,11137431,13124817
16227,11137431,13131505
16228,11137431,13155347
16229,11137431,13155347
16230,11137431,13008145
16231,11137431,13008145
16232,11137431,13008145
16233,11137431,13030904
16234,11137431,12874450
16235,11137431,12839449
16236,11137431,12839449
16237,11137431,12839449
16238,11137431,12839449
16239,11137431,12839449
16240,11137431,12839449
16241,11137431,12839449
16242,11137431,12839449
16243,11137431,12839449
16244,11137431,12839449
16245,11137431,12839449
16246,11137431,12839449
16247,11137431,12839449
16248,11137431,12839449
16249,11137431,12839449
16250,11137431,12839449
16251,11137431,12839449
16252,11137431,12806224
16253,11137431,12783379
16254,11137431,12510377
16255,11137431,12510377
16256,11137431,12535828
16257,11137431,12535828
16258,11137431,12535828
16259,11137431,12535828
16260,11137431,12535828
16261,11137431,12535828
16262,11137431,12535828
16263,11137431,12535828
16264,11137431,12532845
16265,11137431,12532845
16266,11137431,12471282
16267,11137431,12431851
16268,11137431,12431851
16269,11137431,12760965
16270,11137431,12760965
16271,11137431,12760965
16272,11137431,12823121
16273,11137431,12823121
16274,11137431,12823121
16275,11137431,12823121
16276,11137431,13750737
16277,11137431,13753521
16278,11137431,13753521
16279,11137431,13753521
16280,11137431,13753521
16281,11137431,13811768
16282,11137431,13811768
16283,11137431,13811768
16284,11137431,13727740
16285,11137431,13727740
16286,11137431,13727740
16287,11137431,13727740
16288,11137431,13727740
16289,11137431,13727740
16290,11137431,13727740
16291,11137431,13727740
16292,11137431,13727740
16293,11137431,13717181
16294,11137431,13717181
16295,11137431,13717181
16296,11137431,13717181
16297,11137431,13717181
16298,11137431,13717181
16299,11137431,13717181
16300,11137431,13717181
16301,11137431,13717181
16302,11137431,13695513
16303,11137431,13695513
16304,11137431,13695513
16305,11137431,13599990
16306,11137431,13599990
16307,11137431,13599990
16308,11137431,13795870
16309,11137431,13781873
16310,11137431,13781873
16311,11137431,13781873
16312,11137431,13781873
16313,11137431,13781873
16314,11137431,13756488
16315,11137431,13756488
16316,11137431,13756488
16317,11137431,13791188
16318,11137431,13791188
16319,11137431,13426567
16320,11137431,13426567
16321,11137431,13426567
16322,11137431,13435890
16323,11137431,13435890
16324,11137431,13435890
16325,11137431,13435890
16326,11137431,13284076
16327,11137431,13284076
16328,11137431,13321995
16329,11137431,13248650
16330,11137431,13251344
16331,11137431,12972975
16332,11137431,12972975
16333,11137431,12904569
16334,11137431,12904569
16335,11137431,12904570
16336,11137431,12904570
16337,11137431,12625845
16338,11137431,12625845
16339,11137431,12529621
16340,11137431,12529621
16341,11137431,12529621
16342,11137431,12529621
16343,11137431,12529621
16344,11137431,12529621
16345,11137431,12529621
16346,11137431,12529621
16347,11137431,12522323
16348,11137431,12522323
16349,11137431,12522323
16350,11137431,12522323
16351,11137431,12522323
16352,11137431,12522323
16353,11137431,12522323
16354,11137431,12522323
16355,11137431,12522323
16356,11137431,12522323
16357,11137431,12522323
16358,11137431,12522323
16359,11137431,12522323
16360,11137431,12522323
16361,11137431,12522323
16362,11137431,12522323
16363,11137431,12522323
16364,11137431,12522323
16365,11137431,12522323
16366,11137431,12522323
16367,11137431,12522323
16368,11137431,12490096
16369,11137431,12490096
16370,11137431,12490096
16371,11137431,12490096
16372,11137431,12500867
16373,11137431,12464557
16374,11137431,12840745
16375,11137431,12840745
16376,11137431,12840745
16377,11137431,12840745
16378,11137431,12840745
16379,11137431,12840745
16380,11137431,12840745
16381,11137431,12894009
16382,11137431,12859571
16383,11137431,12859571
16384,11137431,12859571
16385,11137431,13356123
16386,11137431,13356123
16387,11137431,13356123
16388,11137431,13349435
16389,11137431,13448774
16390,11137431,13439951
16391,11137431,13439951
16392,11137431,13439951
16393,11137431,13382325
16394,11137431,13382325
16395,11137431,13382325
16396,11137431,13378653
16397,11137431,13378653
16398,11137431,13414120
16399,11137431,13414120
16400,11137431,13414120
16401,11137431,13414120
16402,11137431,13400742
16403,11137431,13400742
16404,11137431,13400742
16405,11137431,13400742
16406,11137431,13400742
16407,11137431,13400742
16408,11137431,13400742
16409,11137431,13400742
16410,11137431,13400742
16411,11137431,13401078
16412,11137431,13250563
16413,11137431,13250563
16414,11137431,13250563
16415,11137431,13236692
16416,11137431,13236692
16417,11137431,13236692
16418,11137431,13236692
16419,11137431,13236692
16420,11137431,13236692
16421,11137431,13236692
16422,11137431,13236692
16423,11137431,13236692
16424,11137431,13236692
16425,11137431,13236692
16426,11137431,13236692
16427,11137431,13236692
16428,11137431,13236692
16429,11137431,13236692
16430,11137431,13236692
16431,11137431,13236692
16432,11137431,13235317
16433,11137431,13235317
16434,11137431,13235317
16435,11137431,13069274
16436,11137431,13069274
16437,11137431,13038310
16438,11137431,12952210
16439,11137431,12952210
16440,11137431,12952210
16441,11137431,13173836
16442,11137431,13173836
16443,11137431,13173836
16444,11137431,13173836
16445,11137431,13173836
16446,11137431,13173836
16447,11137431,13037049
16448,11137431,13037049
16449,11137431,12969564
16450,11137431,12969564
16451,11137431,12969564
16452,11137431,12969564
16453,11137431,12969564
16454,11137431,12866603
16455,11137431,12789872
16456,11137431,12628292
16457,11137431,12535246
16458,11137431,12535246
16459,11137431,12635051
16460,11137431,12714331
16461,11137431,12714331
16462,11137431,12727709
16463,11137431,12727709
16464,11137431,12727709
16465,11137431,12727709
16466,11137431,12727709
16467,11137431,12727709
16468,11137431,12727709
16469,11137431,12727709
16470,11137431,12695748
16471,11137431,12695748
16472,11137431,12695748
16473,11137431,12695748
16474,11137431,12695748
16475,11137431,12695748
16476,11137431,12695748
16477,11137431,12695748
16478,11137431,12695748
16479,11137431,12695748
16480,11137431,12695748
16481,11137431,12738793
16482,11137431,12774972
16483,11137431,12820739
16484,11137431,12820739
16485,11137431,12548040
16486,11137431,14157920
16487,11137431,13993082
16488,11137431,13267395
16489,11137431,13507811
16490,11137431,13307667
16491,11137431,13055848
16492,11137431,12941468
16493,11137431,13055155
16494,11137431,13157981
16495,11137431,12930370
16496,11137431,12408213
16497,11137431,12324518
16498,11137431,12259381
16499,11137431,12842762
16500,11137431,12680513
16501,11137431,12575667
16502,11137431,12389193
16503,11137431,14127718
16504,11137431,12432282
16505,11137431,13329155
16506,11137431,13767272
16507,11137431,13372832
16508,11137431,12975897
16509,11137431,12989608
16510,11137431,12448595
16511,11137431,12971625
16512,11137431,12961335
16513,11137431,13111973
16514,11137431,12568282
16515,11137431,12483144
16516,11137431,12823774
16517,11137431,12703362
16518,11137431,13644160
16519,11137431,12958213
16520,11137431,13522369
16521,11137431,13295390
16522,11137431,12903797
16523,11137431,13351357
16524,11137431,13510411
16525,11137431,13231913
16526,11137431,13564785
16527,11137431,13475017
16528,11137431,13292596
16529,11137431,13633360
16530,11137431,13831259
16531,11137431,13371135
16532,11137431,13307425
16533,11137431,13565228
16534,11137431,14312179
16535,11137431,14291318
16536,11137431,14225887
16537,11137431,14291431
16538,11137431,14346423
16539,11137431,13451115
16540,11137431,13121596
16541,11137431,13264627
16542,11137431,12981934
16543,11137431,12896391
16544,11137431,12964281
16545,11137431,13567575
16546,11137431,13704546
16547,11137431,13825604
16548,11137431,14370214
16549,11137431,13155288
16550,11137431,13499853
16551,11137431,13680448
16552,11137431,13639248
16553,11137431,13651382
16554,11137431,13780268
16555,11137431,14038299
16556,11137431,15487568
16557,11137431,14503447
16558,11137431,14666287
16559,11137431,14936865
16560,11137431,13259380
16561,11137431,13549417
16562,11137431,13850673
16563,11137431,13400873
16564,11137431,13184073
16565,11137431,13103805
16566,11137431,13229116
16567,11137431,13005745
16568,11137431,13244171
16569,11137431,13330398
16570,11137431,13270098
16571,11137431,13331591
16572,11137431,13444153
16573,11137431,13141075
16574,11137431,13230123
16575,11137431,12913490
16576,11137431,13014717
16577,11137431,13249787
16578,11137431,13207420
16579,11137431,12402595
16580,11137431,12489793
16581,11137431,13572525
16582,11137431,13164394
16583,11137431,13090839
16584,11137431,12394787
16585,11137431,12672008
16586,11137431,12784852
16587,11137431,12889798
16588,11137431,12774070
16589,11137431,12817253
16590,11137431,12587666
16591,11137431,12332151
16592,11137431,12523097
16593,11137431,12524922
16594,11137431,12751577
16595,11137431,12916890
16596,11137431,13023630
16597,11137431,13101046
16598,11137431,12843565
16599,11137431,12843584
16600,11137431,13825669
16601,11137431,13487355
16602,11137431,13354548
16603,11137431,13215145
16604,11137431,13200373
16605,11137431,12992615
16606,11137431,12777877
16607,11137431,12816709
16608,11137431,12689277
16609,11137431,12507107
16610,11137431,12534617
16611,11137431,13812402
16612,11137431,13461317
16613,11137431,13398953
16614,11137431,14193896
16615,11137431,12781135
16616,11137431,12911871
16617,11137431,12986175
16618,11137431,12799095
16619,11137431,13049449
16620,11137431,13185729
16621,11137431,12360568
16622,11137431,12243747
16623,11137431,12338326
16624,11137431,12392566
16625,11137431,12429087
16626,11137431,12377744
16627,11137431,13156127
16628,11137431,12240903
16629,11137431,12196435
16630,11137431,12194679
16631,11137431,13364835
16632,11137431,12966459
16633,11137431,12793754
16634,11137431,12747314
16635,11137431,12681526
16636,11137431,12260363
16637,11137431,12738501
16638,11137431,12465204
16639,11137431,12589174
16640,11137431,12542104
16641,11137431,12437442
16642,11137431,13071313
16643,11137431,12968273
16644,11137431,12900899
16645,11137431,12589500
16646,11137431,13373268
16647,11137431,12522531
16648,11137431,12679373
16649,11137431,12572438
16650,11137431,12475597
16651,11137431,12357064
16652,11137431,12492047
16653,11137431,13096510
16654,11137431,13026322
16655,11137431,12929517
16656,11137431,12886845
16657,11137431,13085708
16658,11137431,13748095
16659,11137431,12630940
16660,11137431,12495674
16661,11137431,12527927
16662,11137431,12482149
16663,11137431,12110696
16664,11137431,12213754
16665,11137431,12605654
16666,11137431,12331864
16667,11137431,12797048
16668,11137431,12384096
16669,11137431,12725787
16670,11137431,12539819
16671,11137431,12448716
16672,11137431,12901918
16673,11137431,12778000
16674,11137431,12753958
16675,11137431,12925118
16676,11137431,13212692
16677,11137431,12239222
16678,11137431,12366930
16679,11137431,12632606
16680,11137431,12482347
16681,11137431,12388510
16682,11137431,12090656
16683,11137431,12087220
16684,11137431,13026734
16685,11137431,13789423
16686,11137431,14313709
16687,11137431,13547011
16688,11137431,13646802
16689,11137431,13355143
16690,11137431,13802202
16691,11137431,12516751
16692,11137431,12948968
16693,11137431,12843878
16694,11137431,12025159
16695,11137431,11789622
16696,11137431,11627280
16697,11137431,11983122
16698,11137431,12195289
16699,11137431,12195692
16700,11137431,12129998
16701,11137431,11848012
16702,11137431,12054339
16703,11137431,12105388
16704,11137431,12196449
16705,11137431,11808447
16706,11137431,11799358
16707,11137431,11741519
16708,11137431,12070221
16709,11137431,12035592
16710,11137431,12032673
16711,11137431,11984336
16712,11137431,11999545
16713,11137431,13267756
16714,11137431,13535546
16715,11137431,12289487
16716,11137431,12346137
16717,11137431,12178722
16718,11137431,12356619
16719,11137431,12107128
16720,11137431,12162245
16721,11137431,12861573
16722,11137431,12450313
16723,11137431,12310827
16724,11137431,12321019
16725,11137431,11987070
16726,11137431,11984258
16727,11137431,12096708
16728,11137431,12060483
16729,11137431,12519094
16730,11137431,13318400
16731,11137431,13473541
16732,11137431,12464688
16733,11137431,12957462
16734,11137431,12604092
16735,11137431,12757119
16736,11137431,13222344
16737,11137431,13184805
16738,11137431,13234893
16739,11137431,12565624
16740,11137431,13101287
16741,11137431,12665036
16742,11137431,12624275
16743,11137431,12291252
16744,11137431,12418502
16745,11137431,12350607
16746,11137431,12252799
16747,11137431,12441901
16748,11137431,12812881
16749,11137431,12322066
16750,11137431,12281624
16751,11137431,12386032
16752,11137431,12433469
16753,11137431,12288384
16754,11137431,12084015
16755,11137431,12447631
16756,11137431,12453712
16757,11137431,12506375
16758,11137431,12583815
16759,11137431,12394360
16760,11137431,12193263
16761,11137431,12083950
16762,11137431,11872736
16763,11137431,11936117
16764,11137431,11901918
16765,11137431,12084970
16766,11137431,12183803
16767,11137431,12460151
16768,11137431,12249816
16769,11137431,14157811
16770,11137431,14127503
16771,11137431,14545616
16772,11137431,13885970
16773,11137431,13693091
16774,11137431,14068724
16775,11137431,13756195
16776,11137431,13461390
16777,11137431,13475378
16778,11137431,13660586
16779,11137431,13948825
16780,11137431,13556690
16781,11137431,14014813
16782,11137431,12769816
16783,11137431,12523104
16784,11137431,12583473
16785,11137431,12469444
16786,11137431,12859038
16787,11137431,12681347
16788,11137431,13009144
16789,11137431,12254885
16790,11137431,12183746
16791,11137431,12003460
16792,11137431,12293154
16793,11137431,12487090
16794,11137431,12776903
16795,11137431,12622241
16796,11137431,12676663
16797,11137431,12051395
16798,11137431,12079400
16799,11137431,11984089
16800,11137431,12518356
16801,11137431,12234403
16802,11137431,12825538
16803,11137431,11841859
16804,11137431,11825860
16805,11137431,11401767
16806,11137431,11889143
16807,11137431,11424357
16808,11137431,11591713
16809,11137431,11654948
16810,11137431,11578576
16811,11137431,11522367
16812,11137431,11640881
16813,11137431,11655838
16814,11137431,11370041
16815,11137431,11774400
16816,11137431,11810262
16817,11137431,11478858
16818,11137431,11661433
16819,11137431,11703484
16820,11137431,12000613
16821,11137431,12121019
16822,11137431,12112143
16823,11137431,12009661
16824,11137431,12268403
16825,11137431,12269128
16826,11137431,12240014
16827,11137431,12263386
16828,11137431,12119151
16829,11137431,12436025
16830,11137431,12496722
16831,11137431,13189279
16832,11137431,14107499
16833,11137431,13736537
16834,11137431,14452440
16835,11137431,14641359
16836,11137431,14052352
16837,11137431,14580511
16838,11137431,13419591
16839,11137431,13191843
16840,11137431,12600069
16841,11137431,12752181
16842,11137431,12751259
16843,11137431,12791040
16844,11137431,12741046
16845,11137431,12963328
16846,11137431,12682180
16847,11137431,12730775
16848,11137431,12403744
16849,11137431,12501244
16850,11137431,12377859
16851,11137431,13009767
16852,11137431,13178970
16853,11137431,13170948
16854,11137431,12584236
16855,11137431,13442443
16856,11137431,12399644
16857,11137431,12354575
16858,11137431,12754806
16859,11137431,12481220
16860,11137431,12260161
16861,11137431,12527586
16862,11137431,12352632
16863,11137431,12259719
16864,11137431,12384486
16865,11137431,12524390
16866,11137431,12405868
16867,11137431,12584146
16868,11137431,12972957
16869,11137431,12869284
16870,11137431,12434745
16871,11137431,12629544
16872,11137431,12612591
16873,11137431,12428000
16874,11137431,12373488
16875,11137431,12810375
16876,11137431,12741156
16877,11137431,12574198
16878,11137431,12588114
16879,11137431,12837840
16880,11137431,12836508
16881,11137431,12302154
16882,11137431,12283079
16883,11137431,12565364
16884,11137431,12392379
16885,11137431,12783883
16886,11137431,12421828
16887,11137431,13398249
16888,11137431,12454537
16889,11137431,12430495
16890,11137431,12807881
16891,11137431,13027568
16892,11137431,12453058
16893,11137431,12555068
16894,11137431,12507608
16895,11137431,12521521
16896,11137431,12413827
16897,11137431,12617150
16898,11137431,12506138
16899,11137431,12494041
16900,11137431,12511691
16901,11137431,12397590
16902,11137431,12377749
16903,11137431,12685869
16904,11137431,13137498
16905,11137431,12426775
16906,11137431,12218521
16907,11137431,12148053
16908,11137431,13084470
16909,11137431,13531841
16910,11137431,12845665
16911,11137431,12746453
16912,11137431,12703215
16913,11137431,12472172
16914,11137431,12464667
16915,11137431,13035137
16916,11137431,13113901
16917,11137431,13373296
16918,11137431,12846511
16919,11137431,12700695
16920,11137431,12719615
16921,11137431,12770564
16922,11137431,12725096
16923,11137431,12320422
16924,11137431,12242280
16925,11137431,12140054
16926,11137431,12026674
16927,11137431,11854502
16928,11137431,11954526
16929,11137431,13019781
16930,11137431,13670219
16931,11137431,12815196
16932,11137431,12987706
16933,11137431,12999821
16934,11137431,12708638
16935,11137431,11969173
16936,11137431,12100685
16937,11137431,12395190
16938,11137431,12184039
16939,11137431,12210663
16940,11137431,12308792
16941,11137431,12489606
16942,11137431,12474955
16943,11137431,12486562
16944,11137431,12303605
16945,11137431,12348201
16946,11137431,12615817
16947,11137431,13012330
16948,11137431,12776771
16949,11137431,12471458
16950,11137431,12353079
16951,11137431,12358899
16952,11137431,12681270
16953,11137431,13120424
16954,11137431,12933488
16955,11137431,12165629
16956,11137431,12596762
16957,11137431,13213464
16958,11137431,13012169
16959,11137431,13579801
16960,11137431,12444382
16961,11137431,12894949
16962,11137431,12401405
16963,11137431,12778317
16964,11137431,13055000
16965,11137431,12519477
16966,11137431,13302900
16967,11137431,13149087
16968,11137431,12173324
16969,11137431,11786260
16970,11137431,13048302
16971,11137431,12297807
16972,11137431,12783913
16973,11137431,13071028
16974,11137431,13083859
16975,11137431,13316811
16976,11137431,13164941
16977,11137431,12375667
16978,11137431,12047477
16979,11137431,12203553
16980,11137431,12324821
16981,11137431,12063552
16982,11137431,12443805
16983,11137431,11917155
16984,11137431,11904833
16985,11137431,11578965
16986,11137431,11612690
16987,11137431,12955981
16988,11137431,12075767
16989,11137431,12491901
16990,11137431,11754454
16991,11137431,12202559
16992,11137431,12694471
16993,11137431,12682615
16994,11137431,12651826
16995,11137431,13083545
16996,11137431,11767923
16997,11137431,12226367
16998,11137431,11638682
16999,11137431,11869735
17000,11137431,12534680
17001,11137431,12167911
17002,11137431,12438694
17003,11137431,12262815
17004,11137431,12249724
17005,11137431,12268204
17006,11137431,12852131
17007,11137431,12232445
17008,11137431,12287896
17009,11137431,12410179
17010,11137431,12337728
17011,11137431,12290580
17012,11137431,12221077
17013,11137431,12221505
17014,11137431,11722084
17015,11137431,11573303
17016,11137431,11756725
17017,11137431,12578033
17018,11137431,11694078
17019,11137431,11562022
17020,11137431,12526112
17021,11137431,12712455
17022,11137431,13969516
17023,11137431,12941005
17024,11137431,12586133
17025,11137431,11737602
17026,11137431,11770823
17027,11137431,11598556
17028,11137431,11444418
17029,11137431,12539482
17030,11137431,12163543
17031,11137431,12099862
17032,11137431,12019511
17033,11137431,12312678
17034,11137431,12524436
17035,11137431,12386048
17036,11137431,12229213
17037,11137431,12409028
17038,11137431,12387931
17039,11137431,12430841
17040,11137431,12156573
17041,11137431,12106870
17042,11137431,12287460
17043,11137431,12193171
17044,11137431,12295861
17045,11137431,13053691
17046,11137431,13408957
17047,11137431,12273002
17048,11137431,12452713
17049,11137431,12564915
17050,11137431,12498070
17051,11137431,12400781
17052,11137431,12590826
17053,11137431,12461563
17054,11137431,12365322
17055,11137431,12351561
17056,11137431,11866956
17057,11137431,12117742
17058,11137431,12057691
17059,11137431,12076673
17060,11137431,11975612
17061,11137431,12001183
17062,11137431,11972684
17063,11137431,12062431
17064,11137431,11906596
17065,11137431,11920008
17066,11137431,12055986
17067,11137431,12284388
17068,11137431,12103528
17069,11137431,12070951
17070,11137431,12079559
17071,11137431,12747606
17072,11137431,12630503
17073,11137431,12970744
17074,11137431,12460567
17075,11137431,12080382
17076,11137431,11964964
17077,11137431,11689898
17078,11137431,12395965
17079,11137431,11721410
17080,11137431,12794024
17081,11137431,12575404
17082,11137431,12500651
17083,11137431,12411210
17084,11137431,12357516
17085,11137431,12816236
17086,11137431,12568728
17087,11137431,13367853
17088,11137431,12329935
17089,11137431,13815567
17090,11137431,13732032
17091,11137431,13352076
17092,11137431,12748771
17093,11137431,13121582
17094,11137431,12587452
17095,11137431,12601486
17096,11137431,12829778
17097,11137431,13299366
17098,11137431,13261880
17099,11137431,13368418
17100,11137431,12373067
17101,11137431,12261811
17102,11137431,12471052
17103,11137431,12227216
17104,11137431,12415809
17105,11137431,11897493
17106,11137431,11774122
17107,11137431,11627369
17108,11137431,11839219
17109,11137431,11501194
17110,11137431,11902271
17111,11137431,11946132
17112,11137431,12094374
17113,11137431,11996764
17114,11137431,12561180
17115,11137431,12467476
17116,11137431,12388877
17117,11137431,12039095
17118,11137431,12067133
17119,11137431,12382623
17120,11137431,12432235
17121,11137431,13209982
17122,11137431,12611141
17123,11137431,12591735
17124,11137431,12720800
17125,11137431,12372502
17126,11137431,11872461
17127,11137431,11990579
17128,11137431,12053042
17129,11137431,12850236
17130,11137431,12594057
17131,11137431,12466637
17132,11137431,12534510
17133,11137431,12991433
17134,11137431,13307717
17135,11137431,13074752
17136,11137431,12838442
17137,11137431,12798265
17138,11137431,12502985
17139,11137431,12544899
17140,11137431,12432811
17141,11137431,12388769
17142,11137431,12373510
17143,11137431,12677982
17144,11137431,12632421
17145,11137431,12693694
17146,11137431,12616378
17147,11137431,12366802
17148,11137431,12875045
17149,11137431,12416588
17150,11137431,12302355
17151,11137431,12958563
17152,11137431,12519305
17153,11137431,12781929
17154,11137431,13154558
17155,11137431,12432613
17156,11137431,12743307
17157,11137431,12561111
17158,11137431,12056813
17159,11137431,12351723
17160,11137431,12598809
17161,11137431,12247151
17162,11137431,12401537
17163,11137431,12194750
17164,11137431,12377470
17165,11137431,12910457
17166,11137431,12758522
17167,11137431,12555624
17168,11137431,12534463
17169,11137431,13279867
17170,11137431,12021405
17171,11137431,12141507
17172,11137431,12047721
17173,11137431,11857693
17174,11137431,12237808
17175,11137431,12476539
17176,11137431,12285472
17177,11137431,12266837
17178,11137431,12458562
17179,11137431,12000867
17180,11137431,12176440
17181,11137431,13032453
17182,11137431,12912243
17183,11137431,12144337
17184,11137431,11954129
17185,11137431,12042525
17186,11137431,11910763
17187,11137431,11757651
17188,11137431,11731700
17189,11137431,11818661
17190,11137431,12000377
17191,11137431,11787833
17192,11137431,12204474
17193,11137431,11782565
17194,11137431,13418797
17195,11137431,12889358
17196,11137431,12378479
17197,11137431,13073985
17198,11137431,13050940
17199,11137431,12295510
17200,11137431,12688845
17201,11137431,12369416
17202,11137431,11785546
17203,11137431,11783486
17204,11137431,11890001
17205,11137431,12703281
17206,11137431,12700844
17207,11137431,13331071
17208,11137431,13526302
17209,11137431,13780442
17210,11137431,13662294
17211,11137431,12587984
17212,11137431,12517411
17213,11137431,12365806
17214,11137431,12646976
17215,11137431,12631779
17216,11137431,12116538
17217,11137431,12269867
17218,11137431,11975723
17219,11137431,12187659
17220,11137431,12162734
17221,11137431,12118548
17222,11137431,12007902
17223,11137431,12239839
17224,11137431,11952061
17225,11137431,13121181
17226,11137431,13699216
17227,11137431,13584488
17228,11137431,13019648
17229,11137431,13014593
17230,11137431,13720233
17231,11137431,14191813
17232,11137431,13985051
17233,11137431,13771483
17234,11137431,13578814
17235,11137431,13038349
17236,11137431,13186797
17237,11137431,12825849
17238,11137431,12747939
17239,11137431,12656539
17240,11137431,12684017
17241,11137431,12904973
17242,11137431,12799062
17243,11137431,12532818
17244,11137431,12658156
17245,11137431,13289775
17246,11137431,13138003
17247,11137431,12713585
17248,11137431,12329806
17249,11137431,12495810
17250,11137431,12461684
17251,11137431,12452598
17252,11137431,12454357
17253,11137431,12393483
17254,11137431,12427276
17255,11137431,13003107
17256,11137431,13364902
17257,11137431,13286354
17258,11137431,13140575
17259,11137431,13735756
17260,11137431,13253589
17261,11137431,13993260
17262,11137431,13592076
17263,11137431,13028456
17264,11137431,12529336
17265,11137431,12289507
17266,11137431,12642957
17267,11137431,12343669
17268,11137431,12415374
17269,11137431,12437644
17270,11137431,12573268
17271,11137431,13321276
17272,11137431,13206535
17273,11137431,14565378
17274,11137431,13061106
17275,11137431,13302123
17276,11137431,13151135
17277,11137431,13590199
17278,11137431,13510757
17279,11137431,13763973
17280,11137431,13552470
17281,11137431,13643930
17282,11137431,12020183
17283,11137431,13337898
17284,11137431,12017483
17285,11137431,12534178
17286,11137431,11953333
17287,11137431,11744629
17288,11137431,12323501
17289,11137431,12420515
17290,11137431,12461574
17291,11137431,12424134
17292,11137431,12757391
17293,11137431,12979924
17294,11137431,12997083
17295,11137431,13243874
17296,11137431,12594049
17297,11137431,12699312
17298,11137431,12610823
17299,11137431,12493413
17300,11137431,12410959
17301,11137431,12306086
17302,11137431,12621629
17303,11137431,12827836
17304,11137431,12712726
17305,11137431,12433340
17306,11137431,12518979
17307,11137431,12386013
17308,11137431,12458328
17309,11137431,13071524
17310,11137431,12951191
17311,11137431,12108971
17312,11137431,12240732
17313,11137431,12539553
17314,11137431,12341553
17315,11137431,12327929
17316,11137431,12269459
17317,11137431,12671352
17318,11137431,12533916
17319,11137431,12149085
17320,11137431,12548482
17321,11137431,12343741
17322,11137431,12417159
17323,11137431,12361948
17324,11137431,12199415
17325,11137431,12300249
17326,11137431,12326713
17327,11137431,12300237
17328,11137431,12336227
17329,11137431,12755405
17330,11137431,12561865
17331,11137431,12627892
17332,11137431,12524004
17333,11137431,12399469
17334,11137431,13284816
17335,11137431,12401032
17336,11137431,12235740
17337,11137431,12214687
17338,11137431,12135097
17339,11137431,12930858
17340,11137431,12769596
17341,11137431,13565735
17342,11137431,13169978
17343,11137431,13209283
17344,11137431,12715872
17345,11137431,12640428
17346,11137431,13113041
17347,11137431,12934756
17348,11137431,12793743
17349,11137431,12447218
17350,11137431,12056406
17351,11137431,12135306
17352,11137431,12343987
17353,11137431,12296195
17354,11137431,12203021
17355,11137431,12159037
17356,11137431,12789530
17357,11137431,12648498
17358,11137431,13046041
17359,11137431,12942723
17360,11137431,12941363
17361,11137431,12992630
17362,11137431,14173879
17363,11137431,14545542
17364,11137431,14433336
17365,11137431,14296371
17366,11137431,13705875
17367,11137431,13530966
17368,11137431,12934389
17369,11137431,13549739
17370,11137431,13760824
17371,11137431,12581722
17372,11137431,12852970
17373,11137431,12468272
17374,11137431,12379033
17375,11137431,12383519
17376,11137431,12077530
17377,11137431,12265607
17378,11137431,12303735
17379,11137431,12355088
17380,11137431,12308600
17381,11137431,12288382
17382,11137431,12938929
17383,11137431,12648432
17384,11137431,12532802
17385,11137431,11629658
17386,11137431,11626307
17387,11137431,11853041
17388,11137431,11436117
17389,11137431,13107279
17390,11137431,13106191
17391,11137431,13272531
17392,11137431,12522322
17393,11137431,12710976
17394,11137431,13114908
17395,11137431,12781321
17396,11137431,12812835
17397,11137431,12581640
17398,11137431,12659010
17399,11137431,12650176
17400,11137431,11590079
17401,11137431,11868092
17402,11137431,11689409
17403,11137431,12176269
17404,11137431,11907853
17405,11137431,11941545
17406,11137431,11917839
17407,11137431,11826796
17408,11137431,11982129
17409,11137431,12280497
17410,11137431,12202936
17411,11137431,12552129
17412,11137431,11947041
17413,11137431,11840913
17414,11137431,11772470
17415,11137431,11740993
17416,11137431,12331843
17417,11137431,12246513
17418,11137431,13024371
17419,11137431,12658550
17420,11137431,12740958
17421,11137431,12801325
17422,11137431,12655196
17423,11137431,12556325
17424,11137431,12471147
17425,11137431,12592735
17426,11137431,13049199
17427,11137431,13001735
17428,11137431,13283234
17429,11137431,12070926
17430,11137431,12258631
17431,11137431,12638456
17432,11137431,12443979
17433,11137431,12150538
17434,11137431,12329006
17435,11137431,12017116
17436,11137431,12533300
17437,11137431,12141537
17438,11137431,11986920
17439,11137431,12433402
17440,11137431,12171030
17441,11137431,12184816
17442,11137431,13020984
17443,11137431,12955801
17444,11137431,12983103
17445,11137431,13094347
17446,11137431,13458802
17447,11137431,13055599
17448,11137431,12834317
17449,11137431,12687634
17450,11137431,13099787
17451,11137431,12758951
17452,11137431,13383882
17453,11137431,13188402
17454,11137431,13098842
17455,11137431,12948370
17456,11137431,12616864
17457,11137431,12595146
17458,11137431,12697990
17459,11137431,12396570
17460,11137431,12456244
17461,11137431,13078597
17462,11137431,12830723
17463,11137431,13108846
17464,11137431,13023999
17465,11137431,14302313
17466,11137431,13414298
17467,11137431,12804896
17468,11137431,12830727
17469,11137431,12835488
17470,11137431,13102567
17471,11137431,13060300
17472,11137431,13826689
17473,11137431,12961567
17474,11137431,13013688
17475,11137431,13602607
17476,11137431,13585663
17477,11137431,13078402
17478,11137431,13754426
17479,11137431,13225996
17480,11137431,13603847
17481,11137431,13248052
17482,11137431,13306086
17483,11137431,13355580
17484,11137431,13448428
17485,11137431,13608451
17486,11137431,11137431
17487,11137431,11164173
17488,11137431,11164173
17489,11137431,11164173
17490,11137431,11164174
17491,11137431,11164174
17492,11137431,11164174
17493,11137431,11178295
17494,11137431,11178295
17495,11137431,11178295
17496,11137431,11210246
17497,11137431,11210246
17498,11137431,11303904
17499,11137431,11303904
17500,11137431,11303904
17501,11137431,11303904
17502,11137431,11303904
17503,11137431,11310021
17504,11137431,11310021
17505,11137431,11310021
17506,11137431,11310021
17507,11137431,11310021
17508,11137431,11310021
17509,11137431,11310021
17510,11137431,11310021
17511,11137431,11310021
17512,11137431,11310021
17513,11137431,11310021
17514,11137431,11310021
17515,11137431,11310021
17516,11137431,11310021
17517,11137431,11310021
17518,11137431,11256001
17519,11137431,11256001
17520,11137431,11220555
17521,11137431,11220555
17522,11137431,11220555
17523,11137431,11220555
17524,11137431,11220555
17525,11137431,11220555
17526,11137431,11220555
17527,11137431,11220555
17528,11137431,11220555
17529,11137431,11220555
17530,11137431,11220555
17531,11137431,11220555
17532,11137431,11220555
17533,11137431,11220555
17534,11137431,11220555
17535,11137431,11220555
17536,11137431,11220555
17537,11137431,11220555
17538,11137431,11220555
17539,11137431,11220555
17540,11137431,11252292
17541,11137431,11252292
17542,11137431,11252292
17543,11137431,11252292
17544,11137431,11252292
17545,11137431,11252292
17546,11137431,11252292
17547,11137431,11252292
17548,11137431,11252292
17549,11137431,11252292
17550,11137431,11252292
17551,11137431,11252292
17552,11137431,11291547
17553,11137431,11291547
17554,11137431,11291547
17555,11137431,11291547
17556,11137431,11335812
17557,11137431,11335812
17558,11137431,11335812
17559,11137431,11335812
17560,11137431,11335812
17561,11137431,11335812
17562,11137431,11335812
17563,11137431,11335812
17564,11137431,11335812
17565,11137431,11335812
17566,11137431,11573351
17567,11137431,11573351
17568,11137431,11573351
17569,11137431,11573351
17570,11137431,11573351
17571,11137431,11573351
17572,11137431,11573351
17573,11137431,11573351
17574,11137431,11573351
17575,11137431,11573351
17576,11137431,11573351
17577,11137431,11573351
17578,11137431,11573351
17579,11137431,11535962
17580,11137431,11535962
17581,11137431,11535962
17582,11137431,11535962
17583,11137431,11535962
17584,11137431,11535962
17585,11137431,11535962
17586,11137431,11535962
17587,11137431,11535962
17588,11137431,11540458
17589,11137431,11540458
17590,11137431,11630828
17591,11137431,11630828
17592,11137431,11630828
17593,11137431,11630828
17594,11137431,11630828
17595,11137431,11630828
17596,11137431,11630828
17597,11137431,11630828
17598,11137431,11630828
17599,11137431,11630828
17600,11137431,11630828
17601,11137431,11630828
17602,11137431,12124550
17603,11137431,12124550
17604,11137431,12124550
17605,11137431,11647250
17606,11137431,11660408
17607,11137431,11660408
17608,11137431,11660408
17609,11137431,11660408
17610,11137431,11610199
17611,11137431,11567312
17612,11137431,11567312
17613,11137431,11567312
17614,11137431,11340273
17615,11137431,11340273
17616,11137431,11342822
17617,11137431,11342822
17618,11137431,11342822
17619,11137431,11342822
17620,11137431,11342822
17621,11137431,11342822
17622,11137431,11352273
17623,11137431,11352273
17624,11137431,11352273
17625,11137431,11585793
17626,11137431,11631279
17627,11137431,11631279
17628,11137431,11631279
17629,11137431,11631279
17630,11137431,11631279
17631,11137431,11631279
17632,11137431,11740921
17633,11137431,11740921
17634,11137431,11740921
17635,11137431,11740921
17636,11137431,11741344
17637,11137431,11741344
17638,11137431,11741344
17639,11137431,11741344
17640,11137431,11741344
17641,11137431,11741344
17642,11137431,11741344
17643,11137431,11741344
17644,11137431,11741344
17645,11137431,11741344
17646,11137431,11741344
17647,11137431,11741344
17648,11137431,11741344
17649,11137431,11656113
17650,11137431,11633333
17651,11137431,11633333
17652,11137431,11633333
17653,11137431,11633333
17654,11137431,11633333
17655,11137431,11633333
17656,11137431,11633333
17657,11137431,12134795
17658,11137431,12134795
17659,11137431,12134795
17660,11137431,12134795
17661,11137431,12316583
17662,11137431,12316583
17663,11137431,13078930
17664,11137431,13078930
17665,11137431,13245714
17666,11137431,13245714
17667,11137431,13245714
17668,11137431,13245714
17669,11137431,13282098
17670,11137431,13282098
17671,11137431,13282098
17672,11137431,13282098
17673,11137431,13249498
17674,11137431,13297847
17675,11137431,13297847
17676,11137431,13297847
17677,11137431,13297847
17678,11137431,13703208
17679,11137431,13703208
17680,11137431,13703208
17681,11137431,13703208
17682,11137431,13364038
17683,11137431,13008496
17684,11137431,13008496
17685,11137431,13008496
17686,11137431,13008496
17687,11137431,13010412
17688,11137431,13010412
17689,11137431,13010412
17690,11137431,13010412
17691,11137431,13163225
17692,11137431,13163225
17693,11137431,13163225
17694,11137431,13163225
17695,11137431,13230640
17696,11137431,13230640
17697,11137431,13230640
17698,11137431,13230640
17699,11137431,13230640
17700,11137431,13230640
17701,11137431,13230640
17702,11137431,13175053
17703,11137431,13139585
17704,11137431,13184134
17705,11137431,13184134
17706,11137431,13007633
17707,11137431,13007633
17708,11137431,13007633
17709,11137431,13002348
17710,11137431,12875857
17711,11137431,12875857
17712,11137431,12910628
17713,11137431,12910628
17714,11137431,12910681
17715,11137431,12910681
17716,11137431,12910681
17717,11137431,12910681
17718,11137431,12910681
17719,11137431,12910681
17720,11137431,12910681
17721,11137431,12910681
17722,11137431,12910681
17723,11137431,12910681
17724,11137431,12910681
17725,11137431,12910681
17726,11137431,12910681
17727,11137431,12910681
17728,11137431,12910681
17729,11137431,12910681
17730,11137431,12910681
17731,11137431,13550604
17732,11137431,13541391
17733,11137431,13541391
17734,11137431,13541391
17735,11137431,13541391
17736,11137431,13262109
17737,11137431,13262109
17738,11137431,13262109
17739,11137431,13262109
17740,11137431,13262109
17741,11137431,13262109
17742,11137431,13262109
17743,11137431,13262109
17744,11137431,13262109
17745,11137431,13262109
17746,11137431,13262109
17747,11137431,13262109
17748,11137431,13262109
17749,11137431,13262109
17750,11137431,13262109
17751,11137431,13262109
17752,11137431,13262109
17753,11137431,13262109
17754,11137431,13199985
17755,11137431,13179377
17756,11137431,13179377
17757,11137431,13179377
17758,11137431,13179377
17759,11137431,13179377
17760,11137431,13179377
17761,11137431,13179374
17762,11137431,13179321
17763,11137431,13179321
17764,11137431,13179321
17765,11137431,13179321
17766,11137431,13179321
17767,11137431,13179321
17768,11137431,13106759
17769,11137431,13106759
17770,11137431,13106759
17771,11137431,13106759
17772,11137431,13106758
17773,11137431,13106758
17774,11137431,13495004
17775,11137431,13495004
17776,11137431,13584288
17777,11137431,13584288
17778,11137431,13569368
17779,11137431,13569368
17780,11137431,13569368
17781,11137431,13569368
17782,11137431,13569368
17783,11137431,13569368
17784,11137431,13913112
17785,11137431,13921071
17786,11137431,13921071
17787,11137431,13921071
17788,11137431,13921071
17789,11137431,13921071
17790,11137431,13855393
17791,11137431,13978621
17792,11137431,13978621
17793,11137431,13978621
17794,11137431,13846815
17795,11137431,13846815
17796,11137431,13846815
17797,11137431,13846815
17798,11137431,13846815
17799,11137431,13898047
17800,11137431,13898047
17801,11137431,13898047
17802,11137431,13898047
17803,11137431,13887608
17804,11137431,13887608
17805,11137431,13887608
17806,11137431,13887608
17807,11137431,13885987
17808,11137431,13814067
17809,11137431,13814067
17810,11137431,13814067
17811,11137431,13784350
17812,11137431,13784350
17813,11137431,13784350
17814,11137431,13784350
17815,11137431,13784350
17816,11137431,13784350
17817,11137431,13757719
17818,11137431,13757719
17819,11137431,13737242
17820,11137431,13737242
17821,11137431,13737242
17822,11137431,13617260
17823,11137431,13617260
17824,11137431,13802089
17825,11137431,13802089
17826,11137431,13802089
17827,11137431,13802089
17828,11137431,13557541
17829,11137431,13491607
17830,11137431,13504796
17831,11137431,13504796
17832,11137431,13504796
17833,11137431,13504796
17834,11137431,13504796
17835,11137431,13713073
17836,11137431,13713073
17837,11137431,13713073
17838,11137431,13713073
17839,11137431,13713073
17840,11137431,13713073
17841,11137431,13713073
17842,11137431,13452983
17843,11137431,13452983
17844,11137431,13452983
17845,11137431,13452983
17846,11137431,13850985
17847,11137431,13956583
17848,11137431,13591151
17849,11137431,13591151
17850,11137431,13591151
17851,11137431,13591151
17852,11137431,13591151
17853,11137431,13444066
17854,11137431,13444066
17855,11137431,13444066
17856,11137431,13444066
17857,11137431,13444066
17858,11137431,13367128
17859,11137431,13367128
17860,11137431,13366599
17861,11137431,13366599
17862,11137431,13366599
17863,11137431,13366599
17864,11137431,13366599
17865,11137431,13366599
17866,11137431,13366599
17867,11137431,13366599
17868,11137431,13356137
17869,11137431,13425064
17870,11137431,13425064
17871,11137431,13425064
17872,11137431,13425064
17873,11137431,13425064
17874,11137431,13582148
17875,11137431,13268382
17876,11137431,13268382
17877,11137431,13268382
17878,11137431,13268382
17879,11137431,13268382
17880,11137431,13030140
17881,11137431,13030140
17882,11137431,13030140
17883,11137431,13030140
17884,11137431,13030140
17885,11137431,13030112
17886,11137431,13030112
17887,11137431,13644046
17888,11137431,13704070
17889,11137431,13766631
17890,11137431,13766631
17891,11137431,13766631
17892,11137431,13847947
17893,11137431,13753905
17894,11137431,13753905
17895,11137431,13734692
17896,11137431,13734692
17897,11137431,13734692
17898,11137431,13734692
17899,11137431,13734692
17900,11137431,13734692
17901,11137431,13734692
17902,11137431,13782330
17903,11137431,13782330
17904,11137431,13782330
17905,11137431,13782330
17906,11137431,13750170
17907,11137431,13750170
17908,11137431,13775541
17909,11137431,13775541
17910,11137431,13718447
17911,11137431,13718447
17912,11137431,13718447
17913,11137431,13601515
17914,11137431,13601515
17915,11137431,13601515
17916,11137431,13601515
17917,11137431,13601515
17918,11137431,13601515
17919,11137431,13463633
17920,11137431,13463633
17921,11137431,13463633
17922,11137431,13463633
17923,11137431,13463633
17924,11137431,13463633
17925,11137431,13463633
17926,11137431,13413924
17927,11137431,13413924
17928,11137431,13413924
17929,11137431,13413924
17930,11137431,13308678
17931,11137431,13298429
17932,11137431,13283790
17933,11137431,13102654
17934,11137431,13105263
17935,11137431,13105263
17936,11137431,13105263
17937,11137431,13105263
17938,11137431,13598578
17939,11137431,13877939
17940,11137431,13877939
17941,11137431,13885897
17942,11137431,13885897
17943,11137431,13877939
17944,11137431,13877939
17945,11137431,13877939
17946,11137431,13929209
17947,11137431,13997868
17948,11137431,13997868
17949,11137431,13997868
17950,11137431,14008054
17951,11137431,14038299
17952,11137431,14038299
17953,11137431,14013000
17954,11137431,14013000
17955,11137431,14013000
17956,11137431,13999111
17957,11137431,13999111
17958,11137431,14557886
17959,11137431,14830888
17960,11137431,14830888
17961,11137431,14830888
17962,11137431,14830888
17963,11137431,14830888
17964,11137431,14830888
17965,11137431,14830888
17966,11137431,14830888
17967,11137431,14764940
17968,11137431,15001916
17969,11137431,15001916
17970,11137431,15255894
17971,11137431,15255894
17972,11137431,15335148
17973,11137431,15246786
17974,11137431,15246786
17975,11137431,14894840
17976,11137431,14872832
17977,11137431,14872832
17978,11137431,14876140
17979,11137431,14876140
17980,11137431,14853883
17981,11137431,14853883
17982,11137431,14853883
17983,11137431,14853883
17984,11137431,14853883
17985,11137431,14853883
17986,11137431,13809289
17987,11137431,13539635
17988,11137431,13403927
17989,11137431,12446497
17990,11137431,13424790
17991,11137431,12686183
17992,11137431,12645014
17993,11137431,12908933
17994,11137431,13063967
17995,11137431,13180360
17996,11137431,13574694
17997,11137431,12448339
17998,11137431,12968143
17999,11137431,12646943
18000,11137431,13422377
18001,11137431,12407458
18002,11137431,12877036
18003,11137431,12377308
18004,11137431,12721264
18005,11137431,12547938
18006,11137431,12692291
18007,11137431,12412504
18008,11137431,12290437
18009,11137431,11922746
18010,11137431,11884387
18011,11137431,12573491
18012,11137431,12282975
18013,11137431,11849308
18014,11137431,11801018
18015,11137431,11587644
18016,11137431,11897502
18017,11137431,11498122
18018,11137431,12221315
18019,11137431,11719196
18020,11137431,12864674
18021,11137431,13244842
18022,11137431,12775603
18023,11137431,13254953
18024,11137431,12995042
18025,11137431,12844843
18026,11137431,12871030
18027,11137431,13086851
18028,11137431,13137313
18029,11137431,12969447
18030,11137431,12919760
18031,11137431,12977695
18032,11137431,12197917
18033,11137431,12372545
18034,11137431,12178321
18035,11137431,12345137
18036,11137431,12419630
18037,11137431,12486294
18038,11137431,12909269
18039,11137431,12232970
18040,11137431,12282040
18041,11137431,12321247
18042,11137431,12240334
18043,11137431,12249285
18044,11137431,12249797
18045,11137431,12286526
18046,11137431,12184583
18047,11137431,12257362
18048,11137431,12475466
18049,11137431,12346707
18050,11137431,12385557
18051,11137431,13762009
18052,11137431,13139306
18053,11137431,12968509
18054,11137431,13884806
18055,11137431,13759915
18056,11137431,12897391
18057,11137431,12263744
18058,11137431,12207712
18059,11137431,12062436
18060,11137431,12122921
18061,11137431,12153616
18062,11137431,12403940
18063,11137431,12858026
18064,11137431,12110353
18065,11137431,12230951
18066,11137431,12042257
18067,11137431,12199497
18068,11137431,12842063
18069,11137431,13158310
18070,11137431,12650361
18071,11137431,12417931
18072,11137431,13065903
18073,11137431,12436943
18074,11137431,12213554
18075,11137431,12572445
18076,11137431,13165108
18077,11137431,13712352
18078,11137431,12472146
18079,11137431,12298141
18080,11137431,12249359
18081,11137431,12199424
18082,11137431,12257699
18083,11137431,12049190
18084,11137431,12392179
18085,11137431,12266321
18086,11137431,13039253
18087,11137431,12768441
18088,11137431,12277763
18089,11137431,12230483
18090,11137431,12351347
18091,11137431,12423935
18092,11137431,12209102
18093,11137431,12656019
18094,11137431,12516266
18095,11137431,12475377
18096,11137431,12828901
18097,11137431,12455986
18098,11137431,12521892
18099,11137431,12040204
18100,11137431,12150020
18101,11137431,11974292
18102,11137431,12818665
18103,11137431,12552122
18104,11137431,13224562
18105,11137431,12806841
18106,11137431,13005689
18107,11137431,12915841
18108,11137431,12586892
18109,11137431,11770939
18110,11137431,11720029
18111,11137431,11642629
18112,11137431,11397196
18113,11137431,11340948
18114,11137431,11541122
18115,11137431,11565568
18116,11137431,11685009
18117,11137431,12047097
18118,11137431,11827745
18119,11137431,11749967
18120,11137431,12668472
18121,11137431,11719790
18122,11137431,12575763
18123,11137431,12190116
18124,11137431,12243671
18125,11137431,12107470
18126,11137431,12634895
18127,11137431,12612745
18128,11137431,12685448
18129,11137431,12894415
18130,11137431,12873252
18131,11137431,12618247
18132,11137431,12252700
18133,11137431,12347713
18134,11137431,12752232
18135,11137431,12029227
18136,11137431,12067616
18137,11137431,12715586
18138,11137431,12338686
18139,11137431,12757910
18140,11137431,13302234
18141,11137431,12722074
18142,11137431,12910284
18143,11137431,12819207
18144,11137431,12753090
18145,11137431,12851454
18146,11137431,12656488
18147,11137431,13319443
18148,11137431,12243166
18149,11137431,12110912
18150,11137431,11986064
18151,11137431,12355530
18152,11137431,12597188
18153,11137431,12443835
18154,11137431,12520655
18155,11137431,12481151
18156,11137431,12319787
18157,11137431,12197444
18158,11137431,12918834
18159,11137431,12138863
18160,11137431,12262050
18161,11137431,12113127
18162,11137431,12082209
18163,11137431,12279522
18164,11137431,12268991
18165,11137431,12925429
18166,11137431,12253958
18167,11137431,12372529
18168,11137431,12225786
18169,11137431,12269903
18170,11137431,12151674
18171,11137431,11984893
18172,11137431,11762425
18173,11137431,12278794
18174,11137431,12328196
18175,11137431,13140048
18176,11137431,12318314
18177,11137431,12246320
18178,11137431,12296995
18179,11137431,12234805
18180,11137431,12145687
18181,11137431,12166278
18182,11137431,12477254
18183,11137431,12577745
18184,11137431,12467143
18185,11137431,13323098
18186,11137431,12465205
18187,11137431,11854476
18188,11137431,11787545
18189,11137431,13831088
18190,11137431,13080135
18191,11137431,12270716
18192,11137431,11985523
18193,11137431,11673744
18194,11137431,11760691
18195,11137431,12761946
18196,11137431,12718847
18197,11137431,12805090
18198,11137431,12745740
18199,11137431,12436855
18200,11137431,12476046
18201,11137431,12592748
18202,11137431,12637245
18203,11137431,13658846
18204,11137431,12665965
18205,11137431,12626480
18206,11137431,12172551
18207,11137431,11513275
18208,11137431,11705915
18209,11137431,12996567
18210,11137431,13121182
18211,11137431,12343133
18212,11137431,12516531
18213,11137431,13354159
18214,11137431,12786857
18215,11137431,12607480
18216,11137431,12727635
18217,11137431,12990016
18218,11137431,13027495
18219,11137431,13257470
18220,11137431,12982877
18221,11137431,13485470
18222,11137431,13261795
18223,11137431,13473222
18224,11137431,13525967
18225,11137431,13394070
18226,11137431,13913667
18227,11137431,14036318
18228,11137431,13457985
18229,11137431,13292736
18230,11137431,12800576
18231,11137431,12911766
18232,11137431,12597863
18233,11137431,13068933
18234,11137431,12628175
18235,11137431,12812828
18236,11137431,12850056
18237,11137431,12735948
18238,11137431,12815850
18239,11137431,12930409
18240,11137431,13442580
18241,11137431,14321096
18242,11137431,13074564
18243,11137431,13788653
18244,11137431,13197499
18245,11137431,13825397
18246,11137431,13208478
18247,11137431,13816983
18248,11137431,13298174
18249,11137431,12898069
18250,11137431,12898180
18251,11137431,12857035
18252,11137431,12790926
18253,11137431,12425214
18254,11137431,13137566
18255,11137431,13122137
18256,11137431,13268647
18257,11137431,13843224
18258,11137431,13357264
18259,11137431,13017383
18260,11137431,12872112
18261,11137431,12707769
18262,11137431,12805214
18263,11137431,12975096
18264,11137431,12835409
18265,11137431,12880378
18266,11137431,12965803
18267,11137431,12149341
18268,11137431,12897166
18269,11137431,12208868
18270,11137431,12092937
18271,11137431,11956165
18272,11137431,12400352
18273,11137431,12650769
18274,11137431,12623262
18275,11137431,12391599
18276,11137431,12485103
18277,11137431,12355310
18278,11137431,12591227
18279,11137431,12344387
18280,11137431,12386877
18281,11137431,12268058
18282,11137431,12352325
18283,11137431,13075427
18284,11137431,12589221
18285,11137431,13160733
18286,11137431,13084610
18287,11137431,13801006
18288,11137431,14619608
18289,11137431,13586482
18290,11137431,13414712
18291,11137431,13375988
18292,11137431,13547756
18293,11137431,13922455
18294,11137431,13136153
18295,11137431,13215725
18296,11137431,13096544
18297,11137431,12869292
18298,11137431,13174692
18299,11137431,13405084
18300,11137431,13154100
18301,11137431,12769014
18302,11137431,12669545
18303,11137431,12669513
18304,11137431,12597318
18305,11137431,13279151
18306,11137431,12157466
18307,11137431,12239295
18308,11137431,12151927
18309,11137431,12288444
18310,11137431,12125500
18311,11137431,12248935
18312,11137431,12437175
18313,11137431,12490086
18314,11137431,12907962
18315,11137431,12312685
18316,11137431,12270562
18317,11137431,12299006
18318,11137431,13004521
18319,11137431,13172618
18320,11137431,13181192
18321,11137431,13250096
18322,11137431,12327597
18323,11137431,12398622
18324,11137431,12335412
18325,11137431,12405061
18326,11137431,12448001
18327,11137431,12452373
18328,11137431,12345458
18329,11137431,12748526
18330,11137431,12567744
18331,11137431,12545961
18332,11137431,12333473
18333,11137431,12721296
18334,11137431,13426037
18335,11137431,13364782
18336,11137431,12356848
18337,11137431,12532594
18338,11137431,12199999
18339,11137431,12192154
18340,11137431,12246612
18341,11137431,12763365
18342,11137431,13330473
18343,11137431,12780530
18344,11137431,12675288
18345,11137431,12550959
18346,11137431,12700379
18347,11137431,12973825
18348,11137431,13078973
18349,11137431,13503487
18350,11137431,12338469
18351,11137431,12783757
18352,11137431,11785507
18353,11137431,11740147
18354,11137431,12211933
18355,11137431,11581867
18356,11137431,11608548
18357,11137431,12535890
18358,11137431,11826010
18359,11137431,11594147
18360,11137431,11784897
18361,11137431,12820868
18362,11137431,12067812
18363,11137431,12765200
18364,11137431,12603791
18365,11137431,12847562
18366,11137431,13278921
18367,11137431,13035446
18368,11137431,13138964
18369,11137431,12763845
18370,11137431,12800001
18371,11137431,12808916
18372,11137431,12667159
18373,11137431,12204917
18374,11137431,12216400
18375,11137431,12730185
18376,11137431,12511165
18377,11137431,12403300
18378,11137431,12538641
18379,11137431,12568524
18380,11137431,12532269
18381,11137431,12549440
18382,11137431,12875440
18383,11137431,13258384
18384,11137431,13171152
18385,11137431,12257532
18386,11137431,12945136
18387,11137431,12551941
18388,11137431,12803611
18389,11137431,11842131
18390,11137431,12666392
18391,11137431,12937269
18392,11137431,12158003
18393,11137431,12409666
18394,11137431,12253619
18395,11137431,12348396
18396,11137431,12506027
18397,11137431,12450694
18398,11137431,12922549
18399,11137431,12705618
18400,11137431,12712525
18401,11137431,12841207
18402,11137431,13002972
18403,11137431,12172640
18404,11137431,12481427
18405,11137431,12142161
18406,11137431,12465222
18407,11137431,12096489
18408,11137431,12315160
18409,11137431,12631993
18410,11137431,12983335
18411,11137431,12399652
18412,11137431,12369899
18413,11137431,12742175
18414,11137431,12417776
18415,11137431,12188599
18416,11137431,11985193
18417,11137431,11934655
18418,11137431,11710193
18419,11137431,11755200
18420,11137431,11739255
18421,11137431,12476414
18422,11137431,12008897
18423,11137431,11960230
18424,11137431,12011409
18425,11137431,12033232
18426,11137431,12207623
18427,11137431,11881943
18428,11137431,12121435
18429,11137431,13907938
18430,11137431,12708900
18431,11137431,12825594
18432,11137431,12834996
18433,11137431,12729443
18434,11137431,13784246
18435,11137431,12755307
18436,11137431,12889619
18437,11137431,12928598
18438,11137431,13428351
18439,11137431,13488187
18440,11137431,13308117
18441,11137431,12576890
18442,11137431,13124945
18443,11137431,12572258
18444,11137431,12500526
18445,11137431,12740768
18446,11137431,13107493
18447,11137431,12466261
18448,11137431,13101603
18449,11137431,13951016
18450,11137431,12704479
18451,11137431,12811860
18452,11137431,12599857
18453,11137431,12979423
18454,11137431,12666349
18455,11137431,12682558
18456,11137431,12563913
18457,11137431,12626919
18458,11137431,12720672
18459,11137431,14624955
18460,11137431,13154939
18461,11137431,13179547
18462,11137431,13094906
18463,11137431,13057278
18464,11137431,13556369
18465,11137431,13951991
18466,11137431,14706141
18467,11137431,13413302
18468,11137431,13578770
18469,11137431,13371203
18470,11137431,13615450
18471,11137431,14058918
18472,11137431,13940796
18473,11137431,13443680
18474,11137431,12938984
18475,11137431,13515543
18476,11137431,12759048
18477,11137431,12544752
18478,11137431,13387503
18479,11137431,13161420
18480,11137431,12568307
18481,11137431,12549408
18482,11137431,12549723
18483,11137431,12432665
18484,11137431,13470434
18485,11137431,12380793
18486,11137431,12340259
18487,11137431,11874400
18488,11137431,11930104
18489,11137431,12097719
18490,11137431,13003945
18491,11137431,12417371
18492,11137431,12804638
18493,11137431,13576460
18494,11137431,12330643
18495,11137431,12210541
18496,11137431,12034611
18497,11137431,12559101
18498,11137431,12410709
18499,11137431,12808870
18500,11137431,12427630
18501,11137431,12537635
18502,11137431,12584157
18503,11137431,12299357
18504,11137431,12518187
18505,11137431,12471909
18506,11137431,12600172
18507,11137431,13029245
18508,11137431,13438479
18509,11137431,13139067
18510,11137431,13098430
18511,11137431,13140972
18512,11137431,13003279
18513,11137431,11924916
18514,11137431,11879122
18515,11137431,11801089
18516,11137431,11643974
18517,11137431,11792896
18518,11137431,11900118
18519,11137431,11696601
18520,11137431,11648719
18521,11137431,11522495
18522,11137431,12552163
18523,11137431,12167202
18524,11137431,11794865
18525,11137431,11538629
18526,11137431,11432539
18527,11137431,11866683
18528,11137431,12023679
18529,11137431,11726778
18530,11137431,11792611
18531,11137431,11907824
18532,11137431,12111732
18533,11137431,12514704
18534,11137431,11871943
18535,11137431,11660142
18536,11137431,12094072
18537,11137431,11768368
18538,11137431,11672797
18539,11137431,11845571
18540,11137431,12370878
18541,11137431,11657575
18542,11137431,12505778
18543,11137431,12577164
18544,11137431,11969846
18545,11137431,11851296
18546,11137431,11916419
18547,11137431,11906017
18548,11137431,11798017
18549,11137431,11900177
18550,11137431,11958256
18551,11137431,11771564
18552,11137431,11788639
18553,11137431,12280681
18554,11137431,12046223
18555,11137431,11729554
18556,11137431,12383409
18557,11137431,11918040
18558,11137431,11966490
18559,11137431,11639753
18560,11137431,12214055
18561,11137431,12921371
18562,11137431,12758497
18563,11137431,13124316
18564,11137431,13051047
18565,11137431,12416562
18566,11137431,12857180
18567,11137431,12449249
18568,11137431,12374862
18569,11137431,12550436
18570,11137431,13165967
18571,11137431,12230918
18572,11137431,12408995
18573,11137431,13005212
18574,11137431,13089821
18575,11137431,12423028
18576,11137431,12966225
18577,11137431,11792441
18578,11137431,11900748
18579,11137431,12127490
18580,11137431,12454265
18581,11137431,12844750
18582,11137431,12952003
18583,11137431,13207289
18584,11137431,12868641
18585,11137431,12092467
18586,11137431,12369370
18587,11137431,12261901
18588,11137431,12518216
18589,11137431,12392827
18590,11137431,12240327
18591,11137431,12260626
18592,11137431,12278237
18593,11137431,12463014
18594,11137431,13398869
18595,11137431,12908459
18596,11137431,12635320
18597,11137431,13100118
18598,11137431,12226140
18599,11137431,12275820
18600,11137431,12384594
18601,11137431,12653649
18602,11137431,12328255
18603,11137431,12021850
18604,11137431,12158248
18605,11137431,12175454
18606,11137431,12242177
18607,11137431,12125222
18608,11137431,12094146
18609,11137431,12197982
18610,11137431,12176809
18611,11137431,12066259
18612,11137431,12997212
18613,11137431,13112488
18614,11137431,12217107
18615,11137431,12122434
18616,11137431,12068022
18617,11137431,12527300
18618,11137431,12684008
18619,11137431,12626325
18620,11137431,13021957
18621,11137431,13602297
18622,11137431,13292484
18623,11137431,13095311
18624,11137431,13376090
18625,11137431,12824874
18626,11137431,12993011
18627,11137431,13345361
18628,11137431,12945186
18629,11137431,13161217
18630,11137431,12307064
18631,11137431,12150270
18632,11137431,11930397
18633,11137431,12523924
18634,11137431,13117275
18635,11137431,12889156
18636,11137431,12300511
18637,11137431,12130385
18638,11137431,12235025
18639,11137431,12283656
18640,11137431,12242748
18641,11137431,12244864
18642,11137431,12492949
18643,11137431,12402229
18644,11137431,12269635
18645,11137431,12168733
18646,11137431,12043630
18647,11137431,11818038
18648,11137431,11554202
18649,11137431,11684465
18650,11137431,11403604
18651,11137431,11386516
18652,11137431,12140075
18653,11137431,12087756
18654,11137431,11897026
18655,11137431,11635664
18656,11137431,12317350
18657,11137431,11456132
18658,11137431,11660860
18659,11137431,11731877
18660,11137431,11609379
18661,11137431,11452012
18662,11137431,11476632
18663,11137431,11951823
18664,11137431,12130509
18665,11137431,11455962
18666,11137431,11804094
18667,11137431,11882213
18668,11137431,11908920
18669,11137431,11690502
18670,11137431,11664953
18671,11137431,11753245
18672,11137431,12623749
18673,11137431,12096140
18674,11137431,12016898
18675,11137431,11806925
18676,11137431,12247151
18677,11137431,11823188
18678,11137431,11754255
18679,11137431,12071303
18680,11137431,12094059
18681,11137431,12511796
18682,11137431,12611105
18683,11137431,13268374
18684,11137431,12478331
18685,11137431,13145802
18686,11137431,12799592
18687,11137431,12595350
18688,11137431,12924898
18689,11137431,13032528
18690,11137431,12561544
18691,11137431,12479669
18692,11137431,12260611
18693,11137431,12841386
18694,11137431,12442328
18695,11137431,12653662
18696,11137431,13313863
18697,11137431,13938658
18698,11137431,13878646
18699,11137431,13677090
18700,11137431,13699873
18701,11137431,13361975
18702,11137431,12688271
18703,11137431,12967463
18704,11137431,12900967
18705,11137431,12654878
18706,11137431,12423097
18707,11137431,12446287
18708,11137431,12003600
18709,11137431,11944257
18710,11137431,12723694
18711,11137431,12229683
18712,11137431,12651769
18713,11137431,12679719
18714,11137431,12184645
18715,11137431,12695421
18716,11137431,13406721
18717,11137431,13780012
18718,11137431,14253639
18719,11137431,13024385
18720,11137431,13457760
18721,11137431,13485034
18722,11137431,13794475
18723,11137431,13619550
18724,11137431,13473664
18725,11137431,12875492
18726,11137431,12840864
18727,11137431,12935938
18728,11137431,12693543
18729,11137431,12669435
18730,11137431,12687723
18731,11137431,13645059
18732,11137431,12864842
18733,11137431,13452370
18734,11137431,13139316
18735,11137431,12703405
18736,11137431,12937208
18737,11137431,13947003
18738,11137431,13755552
18739,11137431,14588263
18740,11137431,14672184
18741,11137431,13689509
18742,11137431,14783691
18743,11137431,14143606
18744,11137431,13274700
18745,11137431,13061026
18746,11137431,12987082
18747,11137431,13826146
18748,11137431,13130435
18749,11137431,13600476
18750,11137431,13205495
18751,11137431,12847271
18752,11137431,12899266
18753,11137431,12857250
18754,11137431,13263961
18755,11137431,13312983
18756,11137431,12773831
18757,11137431,12605493
18758,11137431,12252631
18759,11137431,12436935
18760,11137431,13247623
18761,11137431,12557915
18762,11137431,12278279
18763,11137431,12776704
18764,11137431,12604040
18765,11137431,12240640
18766,11137431,12339552
18767,11137431,12215457
18768,11137431,12325352
18769,11137431,12719943
18770,11137431,12545831
18771,11137431,12762496
18772,11137431,12295029
18773,11137431,12281976
18774,11137431,12487480
18775,11137431,12452261
18776,11137431,13457783
18777,11137431,12190382
18778,11137431,12443511
18779,11137431,12313561
18780,11137431,13291506
18781,11137431,13224024
18782,11137431,13333863
18783,11137431,13219821
18784,11137431,13803761
18785,11137431,13471470
18786,11137431,13107495
18787,11137431,13320378
18788,11137431,12941591
18789,11137431,12336428
18790,11137431,12320273
18791,11137431,13155963
18792,11137431,13172852
18793,11137431,12451832
18794,11137431,12555931
18795,11137431,13050761
18796,11137431,13525815
18797,11137431,12845691
18798,11137431,12662666
18799,11137431,12566170
18800,11137431,13266264
18801,11137431,13338186
18802,11137431,13127631
18803,11137431,12680441
18804,11137431,12539538
18805,11137431,12373050
18806,11137431,12527529
18807,11137431,13477697
18808,11137431,12941486
18809,11137431,12685966
18810,11137431,12818013
18811,11137431,12859939
18812,11137431,13231157
18813,11137431,12849674
18814,11137431,13133054
18815,11137431,13375110
18816,11137431,12649593
18817,11137431,12941673
18818,11137431,12780385
18819,11137431,13102550
18820,11137431,13983474
18821,11137431,13453769
18822,11137431,12657751
18823,11137431,12889553
18824,11137431,13595896
18825,11137431,12890820
18826,11137431,12794241
18827,11137431,12762926
18828,11137431,13837744
18829,11137431,13409961
18830,11137431,14090281
18831,11137431,13592667
18832,11137431,13294267
18833,11137431,13213144
18834,11137431,13199090
18835,11137431,13080480
18836,11137431,13341368
18837,11137431,14237806
18838,11137431,13494581
18839,11137431,12621279
18840,11137431,13046618
18841,11137431,12389455
18842,11137431,12392699
18843,11137431,13129378
18844,11137431,12918570
18845,11137431,12803588
18846,11137431,12830627
18847,11137431,12960578
18848,11137431,13148858
18849,11137431,13055200
18850,11137431,13312030
18851,11137431,13190510
18852,11137431,13269312
18853,11137431,12806809
18854,11137431,12668910
18855,11137431,12989770
18856,11137431,12983041
18857,11137431,13024981
18858,11137431,13216075
18859,11137431,12644318
18860,11137431,12209652
18861,11137431,12166978
18862,11137431,11875398
18863,11137431,11989579
18864,11137431,12279188
18865,11137431,12808768
18866,11137431,12837455
18867,11137431,12997073
18868,11137431,12599674
18869,11137431,12594473
18870,11137431,12337969
18871,11137431,12129757
18872,11137431,12161903
18873,11137431,12233955
18874,11137431,12805044
18875,11137431,12195103
18876,11137431,11906304
18877,11137431,12057383
18878,11137431,12121460
18879,11137431,12260407
18880,11137431,12456346
18881,11137431,12444530
18882,11137431,12359591
18883,11137431,12247852
18884,11137431,12217019
18885,11137431,12294601
18886,11137431,12343152
18887,11137431,12499204
18888,11137431,12346823
18889,11137431,13033063
18890,11137431,12701748
18891,11137431,12491850
18892,11137431,12930969
18893,11137431,12728087
18894,11137431,12650810
18895,11137431,12545976
18896,11137431,12700594
18897,11137431,12423341
18898,11137431,13187777
18899,11137431,13533310
18900,11137431,13368093
18901,11137431,13424736
18902,11137431,13415273
18903,11137431,13192888
18904,11137431,13016000
18905,11137431,12448186
18906,11137431,12360503
18907,11137431,12661795
18908,11137431,12508388
18909,11137431,12511909
18910,11137431,12393092
18911,11137431,12379530
18912,11137431,12903937
18913,11137431,12553232
18914,11137431,12453129
18915,11137431,12169973
18916,11137431,12203234
18917,11137431,12306196
18918,11137431,12245240
18919,11137431,12396589
18920,11137431,11603245
18921,11137431,11709822
18922,11137431,11714822
18923,11137431,11877858
18924,11137431,12097450
18925,11137431,13052344
18926,11137431,12661251
18927,11137431,11798237
18928,11137431,12251869
18929,11137431,12036592
18930,11137431,12497383
18931,11137431,12444988
18932,11137431,12201375
18933,11137431,12224619
18934,11137431,12158590
18935,11137431,12798226
18936,11137431,12429743
18937,11137431,12340066
18938,11137431,12265633
18939,11137431,12383331
18940,11137431,12153665
18941,11137431,12263596
18942,11137431,12156626
18943,11137431,12432204
18944,11137431,12440233
18945,11137431,12234121
18946,11137431,12064601
18947,11137431,12435937
18948,11137431,12343254
18949,11137431,13731446
18950,11137431,12981933
18951,11137431,13003245
18952,11137431,13362815
18953,11137431,13046348
18954,11137431,12887804
18955,11137431,12443098
18956,11137431,12492748
18957,11137431,12276480
18958,11137431,12305658
18959,11137431,12239862
18960,11137431,12617979
18961,11137431,12434572
18962,11137431,12437515
18963,11137431,12372014
18964,11137431,12359196
18965,11137431,12945514
18966,11137431,13675273
18967,11137431,13493893
18968,11137431,13101566
18969,11137431,13653054
18970,11137431,13719667
18971,11137431,13271946
18972,11137431,12676806
18973,11137431,12158520
18974,11137431,12267218
18975,11137431,11744070
18976,11137431,11719191
18977,11137431,11838699
18978,11137431,11914520
18979,11137431,12001910
18980,11137431,11896151
18981,11137431,12095814
18982,11137431,12491838
18983,11137431,12133092
18984,11137431,11967560
18985,11137431,12053457
18986,11137431,11715037
18987,11135937,11135937
18988,11135937,11135937
18989,11135937,11135937
18990,11135937,11156175
18991,11135937,11156175
18992,11135937,11156175
18993,11135937,11156175
18994,11135937,11156175
18995,11135937,11156175
18996,11135937,11156175
18997,11135937,11156175
18998,11135937,11156175
18999,11135937,11273525
19000,11135937,11273525
19001,11135937,11273525
19002,11135937,11273525
19003,11135937,11273525
19004,11135937,12031050
19005,11135937,12031050
19006,11135937,12031050
19007,11135937,12031050
19008,11135937,12031050
19009,11135937,12027964
19010,11135937,12027964
19011,11135937,12027964
19012,11135937,12027964
19013,11135937,12195640
19014,11135937,12195640
19015,11135937,12195640
19016,11135937,12195640
19017,11135937,12195640
19018,11135937,12195640
19019,11135937,12195640
19020,11135937,12195640
19021,11135937,12195640
19022,11135937,12195640
19023,11135937,12195640
19024,11135937,12195640
19025,11135937,12195640
19026,11135937,12177786
19027,11135937,12177786
19028,11135937,12177786
19029,11135937,12177786
19030,11135937,12177786
19031,11135937,12177785
19032,11135937,12177785
19033,11135937,12177785
19034,11135937,12282401
19035,11135937,12282401
19036,11135937,12282401
19037,11135937,12282401
19038,11135937,12282401
19039,11135937,12282401
19040,11135937,12282401
19041,11135937,12282401
19042,11135937,12282402
19043,11135937,12282402
19044,11135937,12809004
19045,11135937,12809004
19046,11135937,12619420
19047,11135937,12619420
19048,11135937,12619420
19049,11135937,12578138
19050,11135937,12725431
19051,11135937,12725431
19052,11135937,12725431
19053,11135937,12725431
19054,11135937,12725431
19055,11135937,12725431
19056,11135937,12719314
19057,11135937,12728317
19058,11135937,12728317
19059,11135937,12800765
19060,11135937,12771772
19061,11135937,12771772
19062,11135937,12771772
19063,11135937,12771772
19064,11135937,12764393
19065,11135937,12765821
19066,11135937,12589031
19067,11135937,12589031
19068,11135937,12589031
19069,11135937,12589031
19070,11135937,12589031
19071,11135937,12589031
19072,11135937,12421811
19073,11135937,12421811
19074,11135937,12407637
19075,11135937,12407637
19076,11135937,12407637
19077,11135937,12363050
19078,11135937,12362212
19079,11135937,12362212
19080,11135937,12362212
19081,11135937,12411970
19082,11135937,12345742
19083,11135937,12345742
19084,11135937,12345742
19085,11135937,12345742
19086,11135937,12345742
19087,11135937,12345742
19088,11135937,12323854
19089,11135937,12323854
19090,11135937,12371582
19091,11135937,12399990
19092,11135937,12399990
19093,11135937,12399990
19094,11135937,12399990
19095,11135937,12399990
19096,11135937,12399990
19097,11135937,12402479
19098,11135937,12402479
19099,11135937,12402479
19100,11135937,12440679
19101,11135937,12440679
19102,11135937,12440679
19103,11135937,12440679
19104,11135937,12489044
19105,11135937,12489044
19106,11135937,12489044
19107,11135937,12489044
19108,11135937,12489044
19109,11135937,12924968
19110,11135937,12829581
19111,11135937,12777552
19112,11135937,12777552
19113,11135937,12777552
19114,11135937,12726162
19115,11135937,12726162
19116,11135937,12726162
19117,11135937,12726162
19118,11135937,12726162
19119,11135937,12725932
19120,11135937,12725932
19121,11135937,12725932
19122,11135937,12725932
19123,11135937,12725932
19124,11135937,12660265
19125,11135937,12660265
19126,11135937,12660265
19127,11135937,12660265
19128,11135937,12668298
19129,11135937,12668298
19130,11135937,12668298
19131,11135937,12668298
19132,11135937,12668298
19133,11135937,12668298
19134,11135937,12668298
19135,11135937,12668298
19136,11135937,12668298
19137,11135937,12668298
19138,11135937,12668298
19139,11135937,12611646
19140,11135937,12611646
19141,11135937,12948294
19142,11135937,12886091
19143,11135937,12886091
19144,11135937,12886091
19145,11135937,12886091
19146,11135937,12886091
19147,11135937,12886091
19148,11135937,12886091
19149,11135937,12415821
19150,11135937,12415821
19151,11135937,12415821
19152,11135937,12415821
19153,11135937,12415821
19154,11135937,12415821
19155,11135937,12415821
19156,11135937,12415821
19157,11135937,12415821
19158,11135937,12415821
19159,11135937,12415821
19160,11135937,12415821
19161,11135937,12099748
19162,11135937,12099748
19163,11135937,12099748
19164,11135937,12099748
19165,11135937,12099748
19166,11135937,12099748
19167,11135937,12099748
19168,11135937,12099748
19169,11135937,12099748
19170,11135937,12099748
19171,11135937,12099748
19172,11135937,12099748
19173,11135937,12099748
19174,11135937,12099748
19175,11135937,12099748
19176,11135937,12064565
19177,11135937,12064565
19178,11135937,12202119
19179,11135937,12202119
19180,11135937,12202119
19181,11135937,12202119
19182,11135937,12202119
19183,11135937,12202119
19184,11135937,12202119
19185,11135937,12202119
19186,11135937,12543672
19187,11135937,12543672
19188,11135937,12543672
19189,11135937,12543672
19190,11135937,12543672
19191,11135937,12543672
19192,11135937,12543672
19193,11135937,12563105
19194,11135937,12563105
19195,11135937,12563105
19196,11135937,12563105
19197,11135937,12554829
19198,11135937,12554829
19199,11135937,12554829
19200,11135937,12529671
19201,11135937,12554829
19202,11135937,12554829
19203,11135937,12554829
19204,11135937,12554829
19205,11135937,12239644
19206,11135937,12239644
19207,11135937,12239644
19208,11135937,12239644
19209,11135937,12239644
19210,11135937,12239644
19211,11135937,12239644
19212,11135937,12239644
19213,11135937,12239644
19214,11135937,12239644
19215,11135937,12239644
19216,11135937,12239644
19217,11135937,12239644
19218,11135937,12239644
19219,11135937,12478640
19220,11135937,12478640
19221,11135937,12478640
19222,11135937,12511576
19223,11135937,12511576
19224,11135937,12511576
19225,11135937,12511576
19226,11135937,12511576
19227,11135937,12511576
19228,11135937,12591409
19229,11135937,12591409
19230,11135937,12591409
19231,11135937,12591409
19232,11135937,12591409
19233,11135937,12682804
19234,11135937,12682804
19235,11135937,12682804
19236,11135937,12682804
19237,11135937,12683039
19238,11135937,12683039
19239,11135937,12683039
19240,11135937,12683039
19241,11135937,12683039
19242,11135937,12724590
19243,11135937,12724590
19244,11135937,12724590
19245,11135937,12724590
19246,11135937,12724590
19247,11135937,12724590
19248,11135937,12724590
19249,11135937,12724590
19250,11135937,12620790
19251,11135937,12620790
19252,11135937,12870629
19253,11135937,12870629
19254,11135937,12870629
19255,11135937,12870629
19256,11135937,12870629
19257,11135937,12870629
19258,11135937,12870629
19259,11135937,12870629
19260,11135937,12870629
19261,11135937,12870629
19262,11135937,12620790
19263,11135937,12620790
19264,11135937,12620790
19265,11135937,12620790
19266,11135937,12619778
19267,11135937,12630943
19268,11135937,12630943
19269,11135937,12595228
19270,11135937,12579565
19271,11135937,12579565
19272,11135937,12579565
19273,11135937,12579565
19274,11135937,13178979
19275,11135937,13178441
19276,11135937,13178441
19277,11135937,13178441
19278,11135937,13176402
19279,11135937,13176402
19280,11135937,13176402
19281,11135937,13176402
19282,11135937,13176402
19283,11135937,13176402
19284,11135937,13176402
19285,11135937,13176402
19286,11135937,13176402
19287,11135937,13176402
19288,11135937,13176402
19289,11135937,13176402
19290,11135937,13176402
19291,11135937,13176402
19292,11135937,13173706
19293,11135937,13172598
19294,11135937,13172598
19295,11135937,13172598
19296,11135937,13172598
19297,11135937,13172598
19298,11135937,13191596
19299,11135937,13191596
19300,11135937,13158660
19301,11135937,13158660
19302,11135937,13158660
19303,11135937,13115276
19304,11135937,13253783
19305,11135937,13253783
19306,11135937,13253783
19307,11135937,13253783
19308,11135937,13316248
19309,11135937,13316248
19310,11135937,13339589
19311,11135937,13339589
19312,11135937,13339589
19313,11135937,13339589
19314,11135937,13438584
19315,11135937,13438584
19316,11135937,13438584
19317,11135937,13438584
19318,11135937,13915884
19319,11135937,13915884
19320,11135937,13915884
19321,11135937,13915884
19322,11135937,13915884
19323,11135937,13915884
19324,11135937,13907927
19325,11135937,13907927
19326,11135937,13931268
19327,11135937,13931268
19328,11135937,13931268
19329,11135937,13931268
19330,11135937,13838896
19331,11135937,13838896
19332,11135937,13838896
19333,11135937,13838896
19334,11135937,13838896
19335,11135937,13838896
19336,11135937,13779079
19337,11135937,13687748
19338,11135937,13687748
19339,11135937,13687748
19340,11135937,14298565
19341,11135937,14298565
19342,11135937,14270536
19343,11135937,14270536
19344,11135937,14270536
19345,11135937,14270536
19346,11135937,14270536
19347,11135937,14270536
19348,11135937,14270536
19349,11135937,14270536
19350,11135937,14270536
19351,11135937,13793236
19352,11135937,13793236
19353,11135937,13793236
19354,11135937,13825770
19355,11135937,13825770
19356,11135937,13966507
19357,11135937,14654803
19358,11135937,14654803
19359,11135937,14654803
19360,11135937,14654803
19361,11135937,14654803
19362,11135937,14580299
19363,11135937,14580299
19364,11135937,14580299
19365,11135937,14580299
19366,11135937,14580299
19367,11135937,14580299
19368,11135937,14580299
19369,11135937,14580299
19370,11135937,14580299
19371,11135937,14092749
19372,11135937,14092749
19373,11135937,14092749
19374,11135937,14092749
19375,11135937,14092749
19376,11135937,14092749
19377,11135937,14092749
19378,11135937,14092749
19379,11135937,14092749
19380,11135937,14092749
19381,11135937,14092749
19382,11135937,14092749
19383,11135937,14919364
19384,11135937,14919364
19385,11135937,14919364
19386,11135937,14919364
19387,11135937,14808967
19388,11135937,14808967
19389,11135937,14808967
19390,11135937,14697719
19391,11135937,14697719
19392,11135937,14697719
19393,11135937,14709323
19394,11135937,14945467
19395,11135937,14945467
19396,11135937,14945467
19397,11135937,14945467
19398,11135937,14945467
19399,11135937,14945467
19400,11135937,15496753
19401,11135937,15565871
19402,11135937,15565871
19403,11135937,15535369
19404,11135937,15535369
19405,11135937,15524768
19406,11135937,15524768
19407,11135937,15337864
19408,11135937,15337864
19409,11135937,14894276
19410,11135937,14894276
19411,11135937,14870740
19412,11135937,14870740
19413,11135937,14870740
19414,11135937,14870740
19415,11135937,14833312
19416,11135937,14833312
19417,11135937,14833312
19418,11135937,14833312
19419,11135937,14865185
19420,11135937,14865185
19421,11135937,14865185
19422,11135937,14865185
19423,11135937,14865185
19424,11135937,14885515
19425,11135937,15385628
19426,11135937,15357557
19427,11135937,15357557
19428,11135937,15307832
19429,11135937,15307832
19430,11135937,15307832
19431,11135937,15307832
19432,11135937,15370292
19433,11135937,15370292
19434,11135937,15370292
19435,11135937,15311604
19436,11135937,15311604
19437,11135937,15311604
19438,11135937,15310648
19439,11135937,15275027
19440,11135937,15275027
19441,11135937,15467272
19442,11135937,15467272
19443,11135937,15691326
19444,11135937,15691326
19445,11135937,15691326
19446,11135937,15731625
19447,11135937,15403167
19448,11135937,15403167
19449,11135937,15354464
19450,11135937,15559427
19451,11135937,15559427
19452,11135937,15559427
19453,11135937,15559427
19454,11135937,15728084
19455,11135937,15728084
19456,11135937,15747155
19457,11135937,15680716
19458,11135937,15677037
19459,11135937,15677037
19460,11135937,15677037
19461,11135937,15677037
19462,11135937,15607698
19463,11135937,15492009
19464,11135937,15492009
19465,11135937,15492009
19466,11135937,15427340
19467,11135937,15427340
19468,11135937,15427340
19469,11135937,15427340
19470,11135937,15456411
19471,11135937,15727815
19472,11135937,15950929
19473,11135937,15950929
19474,11135937,15950929
19475,11135937,15950929
19476,11135937,15950929
19477,11135937,15881860
19478,11135937,15766108
19479,11135937,15766108
19480,11135937,15402736
19481,11135937,15402736
19482,11135937,15378916
19483,11135937,15270374
19484,11135937,15234262
19485,11135937,15234262
19486,11135937,15234262
19487,11135937,14416943
19488,11135937,14153458
19489,11135937,13790808
19490,11135937,14443365
19491,11135937,13814998
19492,11135937,13035334
19493,11135937,13273720
19494,11135937,13309655
19495,11135937,13136265
19496,11135937,13254604
19497,11135937,13199888
19498,11135937,13234429
19499,11135937,12927455
19500,11135937,12902783
19501,11135937,13283715
19502,11135937,13423681
19503,11135937,13528301
19504,11135937,13658657
19505,11135937,13762471
19506,11135937,13534802
19507,11135937,13462960
19508,11135937,13055038
19509,11135937,13655749
19510,11135937,13144160
19511,11135937,13271372
19512,11135937,13371765
19513,11135937,14911865
19514,11135937,14167613
19515,11135937,13574305
19516,11135937,13328654
19517,11135937,13297353
19518,11135937,13165302
19519,11135937,13267409
19520,11135937,13206053
19521,11135937,14183739
19522,11135937,14505119
19523,11135937,13374404
19524,11135937,13145321
19525,11135937,13087359
19526,11135937,13321357
19527,11135937,12712390
19528,11135937,12609833
19529,11135937,12669852
19530,11135937,12892983
19531,11135937,12935856
19532,11135937,13012685
19533,11135937,13248187
19534,11135937,12964438
19535,11135937,13004995
19536,11135937,12993942
19537,11135937,13022117
19538,11135937,13100973
19539,11135937,13039470
19540,11135937,13168871
19541,11135937,13473655
19542,11135937,13327071
19543,11135937,13214019
19544,11135937,13435813
19545,11135937,13237714
19546,11135937,13117299
19547,11135937,13052542
19548,11135937,13068893
19549,11135937,14155361
19550,11135937,13351811
19551,11135937,14435682
19552,11135937,13668655
19553,11135937,14048243
19554,11135937,13857672
19555,11135937,13984517
19556,11135937,13824399
19557,11135937,13742100
19558,11135937,13653814
19559,11135937,13749463
19560,11135937,13484556
19561,11135937,12999938
19562,11135937,12778906
19563,11135937,13142047
19564,11135937,13966299
19565,11135937,13927593
19566,11135937,13394678
19567,11135937,13124495
19568,11135937,12874259
19569,11135937,13172226
19570,11135937,12894865
19571,11135937,12959283
19572,11135937,12789901
19573,11135937,12739838
19574,11135937,12703547
19575,11135937,13176347
19576,11135937,12715708
19577,11135937,12646643
19578,11135937,12688762
19579,11135937,13304345
19580,11135937,13101490
19581,11135937,12991388
19582,11135937,13266900
19583,11135937,12911403
19584,11135937,12936510
19585,11135937,12881224
19586,11135937,12943612
19587,11135937,13201690
19588,11135937,13167300
19589,11135937,13127007
19590,11135937,13132706
19591,11135937,12981861
19592,11135937,13474755
19593,11135937,13466178
19594,11135937,13882965
19595,11135937,13437839
19596,11135937,13278501
19597,11135937,13360456
19598,11135937,13380600
19599,11135937,13180619
19600,11135937,13096601
19601,11135937,13001467
19602,11135937,12985252
19603,11135937,13468137
19604,11135937,12328779
19605,11135937,12420157
19606,11135937,12307400
19607,11135937,12856799
19608,11135937,12698433
19609,11135937,13248394
19610,11135937,12827385
19611,11135937,12623522
19612,11135937,12102837
19613,11135937,12130468
19614,11135937,12052758
19615,11135937,12161934
19616,11135937,12172470
19617,11135937,12388191
19618,11135937,12381918
19619,11135937,12361053
19620,11135937,13050929
19621,11135937,13292429
19622,11135937,12112079
19623,11135937,12137233
19624,11135937,12647560
19625,11135937,11879963
19626,11135937,11988315
19627,11135937,12498191
19628,11135937,12812816
19629,11135937,12472987
19630,11135937,12330217
19631,11135937,12039246
19632,11135937,12176534
19633,11135937,12319191
19634,11135937,12149021
19635,11135937,11926985
19636,11135937,11960340
19637,11135937,12035985
19638,11135937,12276310
19639,11135937,12850760
19640,11135937,12895881
19641,11135937,12915472
19642,11135937,12934597
19643,11135937,12313272
19644,11135937,12319963
19645,11135937,12395196
19646,11135937,12004615
19647,11135937,12316987
19648,11135937,11987932
19649,11135937,11924577
19650,11135937,12493038
19651,11135937,12449072
19652,11135937,12319483
19653,11135937,12304051
19654,11135937,13821815
19655,11135937,13233117
19656,11135937,12961519
19657,11135937,13814524
19658,11135937,12654120
19659,11135937,12598637
19660,11135937,12767181
19661,11135937,12381913
19662,11135937,13273748
19663,11135937,12531553
19664,11135937,12636206
19665,11135937,12118707
19666,11135937,12866369
19667,11135937,13090633
19668,11135937,12562522
19669,11135937,12864181
19670,11135937,12880007
19671,11135937,13027763
19672,11135937,13414541
19673,11135937,12705846
19674,11135937,13386702
19675,11135937,12973615
19676,11135937,12997452
19677,11135937,13979272
19678,11135937,12785547
19679,11135937,12773025
19680,11135937,12660001
19681,11135937,12581931
19682,11135937,12580133
19683,11135937,13435121
19684,11135937,13180033
19685,11135937,12561381
19686,11135937,12484080
19687,11135937,12484171
19688,11135937,12447636
19689,11135937,12483581
19690,11135937,12479815
19691,11135937,12720193
19692,11135937,13478423
19693,11135937,13261278
19694,11135937,12281326
19695,11135937,12667760
19696,11135937,13227800
19697,11135937,13263066
19698,11135937,12717871
19699,11135937,13567536
19700,11135937,12887488
19701,11135937,12651336
19702,11135937,12662851
19703,11135937,12494778
19704,11135937,12469232
19705,11135937,12385673
19706,11135937,12325610
19707,11135937,12291884
19708,11135937,12900848
19709,11135937,12209391
19710,11135937,13133564
19711,11135937,12319835
19712,11135937,12330516
19713,11135937,12111051
19714,11135937,12485277
19715,11135937,12326293
19716,11135937,12205327
19717,11135937,12259517
19718,11135937,12235811
19719,11135937,12089643
19720,11135937,12003900
19721,11135937,12049025
19722,11135937,12354433
19723,11135937,12316323
19724,11135937,12448005
19725,11135937,12682492
19726,11135937,12452629
19727,11135937,12332992
19728,11135937,12438773
19729,11135937,12818875
19730,11135937,11897459
19731,11135937,13831745
19732,11135937,12467287
19733,11135937,11990058
19734,11135937,12325121
19735,11135937,12244613
19736,11135937,12572057
19737,11135937,11977284
19738,11135937,11907656
19739,11135937,11997772
19740,11135937,11874092
19741,11135937,11880793
19742,11135937,11741992
19743,11135937,11786818
19744,11135937,12214573
19745,11135937,12300537
19746,11135937,11788907
19747,11135937,12218798
19748,11135937,11932250
19749,11135937,11701338
19750,11135937,12043371
19751,11135937,11428915
19752,11135937,12163105
19753,11135937,12002012
19754,11135937,12387777
19755,11135937,13529848
19756,11135937,12852996
19757,11135937,12968447
19758,11135937,13109151
19759,11135937,13352601
19760,11135937,12950604
19761,11135937,12913392
19762,11135937,13660090
19763,11135937,13616980
19764,11135937,12954861
19765,11135937,13122171
19766,11135937,13173597
19767,11135937,14377753
19768,11135937,14516179
19769,11135937,14354154
19770,11135937,14344452
19771,11135937,13510257
19772,11135937,13910466
19773,11135937,13759258
19774,11135937,12977129
19775,11135937,12841958
19776,11135937,14107173
19777,11135937,14191522
19778,11135937,13842583
19779,11135937,14337902
19780,11135937,13797788
19781,11135937,13398241
19782,11135937,13386989
19783,11135937,13952154
19784,11135937,13585826
19785,11135937,14214111
19786,11135937,13756390
19787,11135937,13399717
19788,11135937,13469214
19789,11135937,13394414
19790,11135937,13569560
19791,11135937,13399069
19792,11135937,13180779
19793,11135937,15580327
19794,11135937,14429509
19795,11135937,14420057
19796,11135937,14858925
19797,11135937,14407736
19798,11135937,14553530
19799,11135937,14524573
19800,11135937,14060112
19801,11135937,14102771
19802,11135937,14243463
19803,11135937,14135068
19804,11135937,13930073
19805,11135937,13449480
19806,11135937,13578940
19807,11135937,13428754
19808,11135937,13456835
19809,11135937,13426680
19810,11135937,13210363
19811,11135937,13020663
19812,11135937,13766138
19813,11135937,13040510
19814,11135937,12943962
19815,11135937,12941644
19816,11135937,13431990
19817,11135937,13273997
19818,11135937,13005190
19819,11135937,12943183
19820,11135937,12914355
19821,11135937,13976830
19822,11135937,13138552
19823,11135937,13301900
19824,11135937,13120381
19825,11135937,12969201
19826,11135937,12735900
19827,11135937,13034999
19828,11135937,13336391
19829,11135937,13286282
19830,11135937,13645427
19831,11135937,13010493
19832,11135937,12890088
19833,11135937,12914367
19834,11135937,13373669
19835,11135937,14019305
19836,11135937,13211486
19837,11135937,13818129
19838,11135937,13464976
19839,11135937,13143674
19840,11135937,13093040
19841,11135937,13147802
19842,11135937,13427673
19843,11135937,13264590
19844,11135937,13211728
19845,11135937,13678867
19846,11135937,14014122
19847,11135937,13619566
19848,11135937,13324056
19849,11135937,13024222
19850,11135937,12793983
19851,11135937,12843408
19852,11135937,12776868
19853,11135937,12698183
19854,11135937,12498123
19855,11135937,13150613
19856,11135937,13291884
19857,11135937,13619694
19858,11135937,13328386
19859,11135937,12976844
19860,11135937,13034043
19861,11135937,12757737
19862,11135937,12759381
19863,11135937,12964324
19864,11135937,13333089
19865,11135937,12642052
19866,11135937,12814260
19867,11135937,13190082
19868,11135937,13208125
19869,11135937,13129051
19870,11135937,12985456
19871,11135937,13080194
19872,11135937,13205942
19873,11135937,13202619
19874,11135937,13344998
19875,11135937,13489758
19876,11135937,14538018
19877,11135937,13537673
19878,11135937,13406936
19879,11135937,13390188
19880,11135937,13425968
19881,11135937,14047467
19882,11135937,13847819
19883,11135937,13312895
19884,11135937,13817069
19885,11135937,13219681
19886,11135937,13250906
19887,11135937,13051469
19888,11135937,13145086
19889,11135937,13862753
19890,11135937,13156963
19891,11135937,13005411
19892,11135937,13075579
19893,11135937,13398139
19894,11135937,12860120
19895,11135937,13598356
19896,11135937,12845970
19897,11135937,12583266
19898,11135937,12727722
19899,11135937,12892683
19900,11135937,12406190
19901,11135937,12859692
19902,11135937,12149348
19903,11135937,12461468
19904,11135937,12526153
19905,11135937,12737864
19906,11135937,12783644
19907,11135937,12991102
19908,11135937,12649206
19909,11135937,12745163
19910,11135937,12681807
19911,11135937,12658303
19912,11135937,13137426
19913,11135937,12502951
19914,11135937,12917635
19915,11135937,12550644
19916,11135937,12899811
19917,11135937,12598637
19918,11135937,12547026
19919,11135937,12849765
19920,11135937,12646257
19921,11135937,12987977
19922,11135937,12772741
19923,11135937,12797407
19924,11135937,12172017
19925,11135937,12316853
19926,11135937,12099195
19927,11135937,12156781
19928,11135937,12332886
19929,11135937,13016984
19930,11135937,12282216
19931,11135937,12742324
19932,11135937,12795854
19933,11135937,12998817
19934,11135937,12698163
19935,11135937,12631754
19936,11135937,12618042
19937,11135937,12194573
19938,11135937,12332439
19939,11135937,12693428
19940,11135937,12396011
19941,11135937,12258355
19942,11135937,12556430
19943,11135937,12246437
19944,11135937,12255795
19945,11135937,12399623
19946,11135937,11874118
19947,11135937,12361571
19948,11135937,12277538
19949,11135937,11886635
19950,11135937,12678132
19951,11135937,11971388
19952,11135937,12056528
19953,11135937,12127244
19954,11135937,11894031
19955,11135937,11540102
19956,11135937,11878148
19957,11135937,12688373
19958,11135937,12387543
19959,11135937,12442249
19960,11135937,12401454
19961,11135937,12178639
19962,11135937,12493832
19963,11135937,13019676
19964,11135937,12959505
19965,11135937,12487065
19966,11135937,12389945
19967,11135937,12860741
19968,11135937,12907063
19969,11135937,12178602
19970,11135937,11879906
19971,11135937,11785931
19972,11135937,11553495
19973,11135937,11645766
19974,11135937,11866353
19975,11135937,11793694
19976,11135937,12355681
19977,11135937,11959985
19978,11135937,11899494
19979,11135937,12871212
19980,11135937,12598381
19981,11135937,12774237
19982,11135937,13091718
19983,11135937,13021395
19984,11135937,12943050
19985,11135937,12984736
19986,11135937,12861626
19987,11135937,12894996
19988,11135937,12852405
19989,11135937,13367680
19990,11135937,13327268
19991,11135937,13297875
19992,11135937,13660618
19993,11135937,13739482
19994,11135937,13360491
19995,11135937,13551315
19996,11135937,13320362
19997,11135937,12643298
19998,11135937,12741452
19999,11135937,12908970
20000,11135937,13116945
20001,11135937,13251285
20002,11135937,13829759
20003,11135937,13609261
20004,11135937,13631301
20005,11135937,13109288
20006,11135937,12771071
20007,11135937,12906898
20008,11135937,12787310
20009,11135937,13144649
20010,11135937,12390815
20011,11135937,12638408
20012,11135937,12936655
20013,11135937,12330270
20014,11135937,13296331
20015,11135937,13692493
20016,11135937,12853210
20017,11135937,12549844
20018,11135937,12448278
20019,11135937,12499641
20020,11135937,12389830
20021,11135937,12557007
20022,11135937,13222425
20023,11135937,12447243
20024,11135937,12743814
20025,11135937,12518270
20026,11135937,12535598
20027,11135937,13209844
20028,11135937,13315527
20029,11135937,12780499
20030,11135937,12519068
20031,11135937,12442392
20032,11135937,12964413
20033,11135937,12823103
20034,11135937,12640194
20035,11135937,13161761
20036,11135937,12893232
20037,11135937,12792740
20038,11135937,13490024
20039,11135937,13447707
20040,11135937,13450586
20041,11135937,13184797
20042,11135937,12570262
20043,11135937,12194455
20044,11135937,12072984
20045,11135937,12025291
20046,11135937,12361055
20047,11135937,12600593
20048,11135937,12493446
20049,11135937,12495915
20050,11135937,13717116
20051,11135937,12665444
20052,11135937,12720765
20053,11135937,12723313
20054,11135937,13366035
20055,11135937,12557006
20056,11135937,13044280
20057,11135937,12725515
20058,11135937,12748374
20059,11135937,12461878
20060,11135937,12713875
20061,11135937,12605021
20062,11135937,12763298
20063,11135937,12492577
20064,11135937,13638487
20065,11135937,12915772
20066,11135937,12824513
20067,11135937,12753509
20068,11135937,13084998
20069,11135937,12328804
20070,11135937,12244299
20071,11135937,12414420
20072,11135937,12763626
20073,11135937,12837029
20074,11135937,13403187
20075,11135937,12547657
20076,11135937,12365842
20077,11135937,12862125
20078,11135937,12830578
20079,11135937,12532635
20080,11135937,12347734
20081,11135937,12423120
20082,11135937,13193146
20083,11135937,13161001
20084,11135937,13152109
20085,11135937,12723431
20086,11135937,12912967
20087,11135937,12604422
20088,11135937,12057279
20089,11135937,12959522
20090,11135937,12199437
20091,11135937,12199787
20092,11135937,12175427
20093,11135937,12274038
20094,11135937,12087205
20095,11135937,12261727
20096,11135937,12145985
20097,11135937,12787130
20098,11135937,12724005
20099,11135937,12445636
20100,11135937,13050469
20101,11135937,13136117
20102,11135937,12095060
20103,11135937,13373330
20104,11135937,13288876
20105,11135937,13220537
20106,11135937,12717725
20107,11135937,12994720
20108,11135937,12952342
20109,11135937,12791836
20110,11135937,13344732
20111,11135937,13163071
20112,11135937,12951835
20113,11135937,13131522
20114,11135937,13401823
20115,11135937,14232192
20116,11135937,15097151
20117,11135937,14029413
20118,11135937,13493836
20119,11135937,13162015
20120,11135937,13446885
20121,11135937,13125182
20122,11135937,12952310
20123,11135937,13203808
20124,11135937,14296999
20125,11135937,13869205
20126,11135937,13277902
20127,11135937,13069153
20128,11135937,12472480
20129,11135937,12303252
20130,11135937,12501240
20131,11135937,12587820
20132,11135937,12882759
20133,11135937,12463533
20134,11135937,12348264
20135,11135937,12528758
20136,11135937,13047514
20137,11135937,12972296
20138,11135937,13135052
20139,11135937,12632589
20140,11135937,12461197
20141,11135937,12860371
20142,11135937,12827235
20143,11135937,12656227
20144,11135937,13556752
20145,11135937,13138623
20146,11135937,13970825
20147,11135937,12789067
20148,11135937,12457942
20149,11135937,13255887
20150,11135937,12598630
20151,11135937,12395871
20152,11135937,12541402
20153,11135937,12509254
20154,11135937,12505880
20155,11135937,12895841
20156,11135937,13094336
20157,11135937,13126768
20158,11135937,12768935
20159,11135937,13009327
20160,11135937,13726987
20161,11135937,12828844
20162,11135937,12556541
20163,11135937,13651809
20164,11135937,13109182
20165,11135937,12783954
20166,11135937,12356845
20167,11135937,12820446
20168,11135937,12355661
20169,11135937,12376776
20170,11135937,13020052
20171,11135937,12553260
20172,11135937,13013214
20173,11135937,12986809
20174,11135937,13071781
20175,11135937,12903271
20176,11135937,13214116
20177,11135937,13562097
20178,11135937,14162160
20179,11135937,13453233
20180,11135937,13451000
20181,11135937,13826104
20182,11135937,14268434
20183,11135937,14325952
20184,11135937,13838192
20185,11135937,14271067
20186,11135937,13996936
20187,11135937,14130158
20188,11135937,14044129
20189,11135937,14040176
20190,11135937,14501189
20191,11135937,14740658
20192,11135937,14332295
20193,11135937,14368462
20194,11135937,13912133
20195,11135937,13887907
20196,11135937,14266354
20197,11135937,13671809
20198,11135937,13981375
20199,11135937,13481201
20200,11135937,13257237
20201,11135937,13229463
20202,11135937,13591983
20203,11135937,13770710
20204,11135937,13586157
20205,11135937,13950523
20206,11135937,14539741
20207,11135937,14071616
20208,11135937,13374974
20209,11135937,13469862
20210,11135937,13183330
20211,11135937,13348734
20212,11135937,14559093
20213,11135937,13778885
20214,11135937,13282273
20215,11135937,13287090
20216,11135937,13965961
20217,11135937,13181333
20218,11135937,14073177
20219,11135937,14006222
20220,11135937,13754621
20221,11135937,12582964
20222,11135937,12909147
20223,11135937,13464951
20224,11135937,13036523
20225,11135937,13037229
20226,11135937,12308033
20227,11135937,12530484
20228,11135937,12759150
20229,11135937,13725140
20230,11135937,14806513
20231,11135937,14694882
20232,11135937,14581446
20233,11135937,14167269
20234,11135937,13297144
20235,11135937,13353513
20236,11135937,13484926
20237,11135937,13312020
20238,11135937,12949978
20239,11135937,12951984
20240,11135937,13035599
20241,11135937,13099550
20242,11135937,13940107
20243,11135937,13365824
20244,11135937,13098088
20245,11135937,12761355
20246,11135937,12737368
20247,11135937,12979490
20248,11135937,12307031
20249,11135937,12624164
20250,11135937,12680165
20251,11135937,12554120
20252,11135937,12383329
20253,11135937,12648460
20254,11135937,12249863
20255,11135937,12284422
20256,11135937,11713345
20257,11135937,12066451
20258,11135937,11565398
20259,11135937,12697543
20260,11135937,12348466
20261,11135937,12107385
20262,11135937,12110086
20263,11135937,12047223
20264,11135937,12143684
20265,11135937,12120755
20266,11135937,12397535
20267,11135937,12416550
20268,11135937,13442195
20269,11135937,13590736
20270,11135937,13484751
20271,11135937,12707332
20272,11135937,12704413
20273,11135937,12976420
20274,11135937,12738686
20275,11135937,13359137
20276,11135937,12363997
20277,11135937,12458132
20278,11135937,12559314
20279,11135937,12915950
20280,11135937,13000501
20281,11135937,12662072
20282,11135937,12658405
20283,11135937,12182297
20284,11135937,12412462
20285,11135937,12332098
20286,11135937,12405277
20287,11135937,12150906
20288,11135937,12248488
20289,11135937,12468161
20290,11135937,12208206
20291,11135937,11807617
20292,11135937,12034011
20293,11135937,12279625
20294,11135937,12268264
20295,11135937,12158522
20296,11135937,11917983
20297,11135937,12463888
20298,11135937,11888621
20299,11135937,12193271
20300,11135937,12454255
20301,11135937,12255788
20302,11135937,12200112
20303,11135937,12180597
20304,11135937,12197414
20305,11135937,12768951
20306,11135937,12181562
20307,11135937,12718428
20308,11135937,12735921
20309,11135937,12806865
20310,11135937,12530427
20311,11135937,12004545
20312,11135937,12031748
20313,11135937,12180988
20314,11135937,11967487
20315,11135937,11884811
20316,11135937,11880067
20317,11135937,11735671
20318,11135937,12203234
20319,11135937,12435816
20320,11135937,12151168
20321,11135937,12010044
20322,11135937,12751386
20323,11135937,12809462
20324,11135937,12216470
20325,11135937,12122562
20326,11135937,12230182
20327,11135937,12941734
20328,11135937,12339586
20329,11135937,12245097
20330,11135937,14393421
20331,11135937,12242371
20332,11135937,12052632
20333,11135937,12255806
20334,11135937,12331695
20335,11135937,12262143
20336,11135937,12199745
20337,11135937,12255756
20338,11135937,12706556
20339,11135937,12474842
20340,11135937,12531980
20341,11135937,12655849
20342,11135937,13331633
20343,11135937,13571616
20344,11135937,12995605
20345,11135937,12502886
20346,11135937,12316918
20347,11135937,12412166
20348,11135937,12509658
20349,11135937,12428008
20350,11135937,12442002
20351,11135937,12014856
20352,11135937,12576972
20353,11135937,12621400
20354,11135937,12314830
20355,11135937,12316061
20356,11135937,12264539
20357,11135937,12311768
20358,11135937,14044951
20359,11135937,12427207
20360,11135937,12450910
20361,11135937,12490613
20362,11135937,12960153
20363,11135937,13154794
20364,11135937,13007794
20365,11135937,12991998
20366,11135937,13474375
20367,11135937,13046362
20368,11135937,13184866
20369,11135937,12754956
20370,11135937,12806502
20371,11135937,13962659
20372,11135937,13377625
20373,11135937,13355901
20374,11135937,13534978
20375,11135937,13330049
20376,11135937,12929945
20377,11135937,13402410
20378,11135937,13559200
20379,11135937,13665679
20380,11135937,13288814
20381,11135937,13402780
20382,11135937,13282893
20383,11135937,13073031
20384,11135937,13196684
20385,11135937,13143805
20386,11135937,13598212
20387,11135937,12831769
20388,11135937,12275362
20389,11135937,12220103
20390,11135937,12213699
20391,11135937,12226345
20392,11135937,12328474
20393,11135937,12950191
20394,11135937,12268593
20395,11135937,12497417
20396,11135937,12016500
20397,11135937,12065747
20398,11135937,12158096
20399,11135937,12576593
20400,11135937,12032865
20401,11135937,11849659
20402,11135937,11738036
20403,11135937,11691959
20404,11135937,12441855
20405,11135937,12816912
20406,11135937,12678341
20407,11135937,12840737
20408,11135937,11737696
20409,11135937,11564475
20410,11135937,11799661
20411,11135937,11886769
20412,11135937,11899654
20413,11135937,12149920
20414,11135937,12312037
20415,11135937,12706591
20416,11135937,12539558
20417,11135937,12795152
20418,11135937,13317433
20419,11135937,13791415
20420,11135937,13040420
20421,11135937,13492273
20422,11135937,12886772
20423,11135937,12775145
20424,11135937,12537837
20425,11135937,12349519
20426,11135937,12386074
20427,11135937,11881095
20428,11135937,11830155
20429,11135937,11867690
20430,11135937,12217836
20431,11135937,12094543
20432,11135937,12385098
20433,11135937,12477136
20434,11135937,12408738
20435,11135937,12230692
20436,11135937,13691022
20437,11135937,12742866
20438,11135937,12697362
20439,11135937,11779608
20440,11135937,12277981
20441,11135937,12094529
20442,11135937,11891468
20443,11135937,11707682
20444,11135937,11856287
20445,11135937,11935539
20446,11135937,11898157
20447,11135937,12395634
20448,11135937,11966849
20449,11135937,12204555
20450,11135937,12135372
20451,11135937,12002794
20452,11135937,11979665
20453,11135937,11922001
20454,11135937,11988827
20455,11135937,12497269
20456,11135937,12910427
20457,11135937,12606587
20458,11135937,12256289
20459,11135937,11840733
20460,11135937,11645370
20461,11135937,11794938
20462,11135937,11519539
20463,11135937,11893503
20464,11135937,11906885
20465,11135937,11917627
20466,11135937,12032848
20467,11135937,11997843
20468,11135937,12249513
20469,11135937,13253556
20470,11135937,12792546
20471,11135937,12004330
20472,11135937,11928966
20473,11135937,12223168
20474,11135937,12330184
20475,11135937,12770585
20476,11135937,12435031
20477,11135937,12063055
20478,11135937,12152413
20479,11135937,12725300
20480,11135937,12810496
20481,11135937,12108647
20482,11135937,13015469
20483,11135937,12625633
20484,11135937,12827789
20485,11135937,13272819
20486,11135937,12480480
20487,11135937,12907440
20488,11135937,11135937
20489,11135937,11135937
20490,11135937,11135937
20491,11135937,11135937
20492,11135937,11135937
20493,11135937,11178596
20494,11135937,11178596
20495,11135937,11178596
20496,11135937,11178596
20497,11135937,11174245
20498,11135937,11174245
20499,11135937,11357612
20500,11135937,11357612
20501,11135937,11174245
20502,11135937,11174245
20503,11135937,11174245
20504,11135937,11174245
20505,11135937,11174245
20506,11135937,11174245
20507,11135937,11174245
20508,11135937,11174245
20509,11135937,11166404
20510,11135937,11160419
20511,11135937,11160419
20512,11135937,11160419
20513,11135937,11160419
20514,11135937,11160419
20515,11135937,11160419
20516,11135937,11160419
20517,11135937,11160419
20518,11135937,11160419
20519,11135937,11160419
20520,11135937,11160419
20521,11135937,11160419
20522,11135937,11162004
20523,11135937,11162004
20524,11135937,11162004
20525,11135937,11162004
20526,11135937,11162004
20527,11135937,11162004
20528,11135937,11162004
20529,11135937,11338772
20530,11135937,11338772
20531,11135937,11338772
20532,11135937,11338772
20533,11135937,11338772
20534,11135937,11338772
20535,11135937,11338772
20536,11135937,11462664
20537,11135937,11462664
20538,11135937,11462664
20539,11135937,11462664
20540,11135937,11462664
20541,11135937,11462664
20542,11135937,11462664
20543,11135937,11462664
20544,11135937,11397249
20545,11135937,11397249
20546,11135937,11506832
20547,11135937,11506832
20548,11135937,11667227
20549,11135937,11692261
20550,11135937,11692261
20551,11135937,11692261
20552,11135937,11692261
20553,11135937,11692261
20554,11135937,11692261
20555,11135937,11692261
20556,11135937,11692261
20557,11135937,11692261
20558,11135937,11692261
20559,11135937,11731544
20560,11135937,11731544
20561,11135937,11784737
20562,11135937,11784737
20563,11135937,12074839
20564,11135937,12074839
20565,11135937,12074839
20566,11135937,12074839
20567,11135937,12074839
20568,11135937,11784737
20569,11135937,11784737
20570,11135937,11784737
20571,11135937,11784737
20572,11135937,11784737
20573,11135937,12046162
20574,11135937,11993075
20575,11135937,11993075
20576,11135937,12075462
20577,11135937,12055315
20578,11135937,12047623
20579,11135937,12047623
20580,11135937,12047623
20581,11135937,12047623
20582,11135937,12047623
20583,11135937,12047623
20584,11135937,12047623
20585,11135937,12047623
20586,11135937,11835308
20587,11135937,11835308
20588,11135937,11840709
20589,11135937,11840709
20590,11135937,11840709
20591,11135937,11840709
20592,11135937,11840709
20593,11135937,11840709
20594,11135937,11840709
20595,11135937,11935080
20596,11135937,11935080
20597,11135937,11935080
20598,11135937,11935080
20599,11135937,11935080
20600,11135937,11935080
20601,11135937,11935080
20602,11135937,11935080
20603,11135937,11935080
20604,11135937,11935080
20605,11135937,11914483
20606,11135937,11914483
20607,11135937,11914483
20608,11135937,11930294
20609,11135937,11930294
20610,11135937,11930294
20611,11135937,11930294
20612,11135937,11930294
20613,11135937,11930294
20614,11135937,11930294
20615,11135937,12050823
20616,11135937,11998426
20617,11135937,12058007
20618,11135937,12058007
20619,11135937,12093850
20620,11135937,12093850
20621,11135937,12093850
20622,11135937,12093850
20623,11135937,12093850
20624,11135937,11979735
20625,11135937,11979735
20626,11135937,12044472
20627,11135937,12044472
20628,11135937,12044472
20629,11135937,12670929
20630,11135937,12670929
20631,11135937,12670929
20632,11135937,12670929
20633,11135937,12670929
20634,11135937,12670929
20635,11135937,12670929
20636,11135937,12670929
20637,11135937,12228155
20638,11135937,12228155
20639,11135937,12228155
20640,11135937,12228155
20641,11135937,12184057
20642,11135937,12184057
20643,11135937,12184057
20644,11135937,12709172
20645,11135937,12709172
20646,11135937,12713507
20647,11135937,13110923
20648,11135937,13110923
20649,11135937,13110923
20650,11135937,13129255
20651,11135937,13129255
20652,11135937,13114724
20653,11135937,13114724
20654,11135937,13114724
20655,11135937,13114724
20656,11135937,13114724
20657,11135937,13114724
20658,11135937,13034206
20659,11135937,13034206
20660,11135937,13034206
20661,11135937,13034206
20662,11135937,13034206
20663,11135937,13034206
20664,11135937,13034206
20665,11135937,13034206
20666,11135937,13034206
20667,11135937,12556906
20668,11135937,12556906
20669,11135937,12556906
20670,11135937,12556906
20671,11135937,12556906
20672,11135937,12556906
20673,11135937,12515593
20674,11135937,12453859
20675,11135937,12453859
20676,11135937,12453859
20677,11135937,12434370
20678,11135937,12434370
20679,11135937,12434370
20680,11135937,12393941
20681,11135937,12393941
20682,11135937,12393941
20683,11135937,12393941
20684,11135937,12386861
20685,11135937,12386861
20686,11135937,12377984
20687,11135937,12377984
20688,11135937,12377984
20689,11135937,12377984
20690,11135937,12377984
20691,11135937,12369403
20692,11135937,12369403
20693,11135937,12529429
20694,11135937,12529429
20695,11135937,12661051
20696,11135937,12661051
20697,11135937,12661051
20698,11135937,12661051
20699,11135937,12661051
20700,11135937,12584018
20701,11135937,12580835
20702,11135937,12580835
20703,11135937,12580835
20704,11135937,12557387
20705,11135937,12557387
20706,11135937,12574460
20707,11135937,12574460
20708,11135937,12574460
20709,11135937,12574460
20710,11135937,12574460
20711,11135937,12574460
20712,11135937,12574460
20713,11135937,12574460
20714,11135937,12574460
20715,11135937,12574460
20716,11135937,12574460
20717,11135937,12574460
20718,11135937,12574460
20719,11135937,12574460
20720,11135937,12574460
20721,11135937,12574460
20722,11135937,12574460
20723,11135937,12574460
20724,11135937,12574460
20725,11135937,12496854
20726,11135937,12496854
20727,11135937,12454675
20728,11135937,12454675
20729,11135937,12454675
20730,11135937,12454675
20731,11135937,12454675
20732,11135937,12454675
20733,11135937,12454675
20734,11135937,12454675
20735,11135937,12454675
20736,11135937,12486438
20737,11135937,12486438
20738,11135937,12944257
20739,11135937,12944257
20740,11135937,12944257
20741,11135937,12917795
20742,11135937,12917795
20743,11135937,13359375
20744,11135937,13359375
20745,11135937,13308919
20746,11135937,13308919
20747,11135937,13308919
20748,11135937,13308919
20749,11135937,13308919
20750,11135937,13308919
20751,11135937,13308919
20752,11135937,13308919
20753,11135937,13308919
20754,11135937,13308919
20755,11135937,13308919
20756,11135937,13347143
20757,11135937,13347143
20758,11135937,13347143
20759,11135937,13347143
20760,11135937,13599854
20761,11135937,13599854
20762,11135937,14088625
20763,11135937,14088625
20764,11135937,13744323
20765,11135937,13744323
20766,11135937,13744323
20767,11135937,13744323
20768,11135937,13744323
20769,11135937,13744323
20770,11135937,13744323
20771,11135937,13744323
20772,11135937,13627311
20773,11135937,13627311
20774,11135937,13627311
20775,11135937,13627311
20776,11135937,13627311
20777,11135937,13627311
20778,11135937,13627311
20779,11135937,13575735
20780,11135937,13623230
20781,11135937,13623230
20782,11135937,13623230
20783,11135937,13623230
20784,11135937,13623230
20785,11135937,13623230
20786,11135937,13623230
20787,11135937,13623230
20788,11135937,13623230
20789,11135937,13623230
20790,11135937,13623230
20791,11135937,13623230
20792,11135937,13687720
20793,11135937,13687720
20794,11135937,13651120
20795,11135937,13668096
20796,11135937,13668096
20797,11135937,13668096
20798,11135937,13668096
20799,11135937,14263595
20800,11135937,14263595
20801,11135937,14263595
20802,11135937,14263595
20803,11135937,14212811
20804,11135937,14209365
20805,11135937,14222107
20806,11135937,14222107
20807,11135937,14252613
20808,11135937,14252612
20809,11135937,14252612
20810,11135937,14252612
20811,11135937,14252612
20812,11135937,14213913
20813,11135937,14213913
20814,11135937,14147543
20815,11135937,13858577
20816,11135937,13858577
20817,11135937,13858577
20818,11135937,13858577
20819,11135937,14066958
20820,11135937,14066958
20821,11135937,14066958
20822,11135937,14066958
20823,11135937,13970465
20824,11135937,13970465
20825,11135937,13970465
20826,11135937,13970465
20827,11135937,13970465
20828,11135937,13970465
20829,11135937,13946151
20830,11135937,13946151
20831,11135937,13972534
20832,11135937,13972534
20833,11135937,13972534
20834,11135937,13956280
20835,11135937,13956280
20836,11135937,13930715
20837,11135937,13930715
20838,11135937,13930715
20839,11135937,13887790
20840,11135937,13904840
20841,11135937,13904840
20842,11135937,13881117
20843,11135937,13784609
20844,11135937,13784609
20845,11135937,13784609
20846,11135937,13784609
20847,11135937,13969942
20848,11135937,13969942
20849,11135937,13900903
20850,11135937,13900903
20851,11135937,13899294
20852,11135937,13899294
20853,11135937,13899294
20854,11135937,13899294
20855,11135937,13801543
20856,11135937,13801543
20857,11135937,13801543
20858,11135937,13801543
20859,11135937,13801543
20860,11135937,13837725
20861,11135937,13837725
20862,11135937,13837725
20863,11135937,13809672
20864,11135937,13757513
20865,11135937,13757513
20866,11135937,13757513
20867,11135937,13757513
20868,11135937,13757513
20869,11135937,13791505
20870,11135937,13791505
20871,11135937,13791505
20872,11135937,13791505
20873,11135937,13781277
20874,11135937,13775937
20875,11135937,13775937
20876,11135937,13775937
20877,11135937,13775937
20878,11135937,13775937
20879,11135937,13775937
20880,11135937,13953832
20881,11135937,13953832
20882,11135937,13953832
20883,11135937,13953832
20884,11135937,13953832
20885,11135937,14099462
20886,11135937,13968648
20887,11135937,13968648
20888,11135937,13948696
20889,11135937,13948696
20890,11135937,13948696
20891,11135937,13948696
20892,11135937,13960795
20893,11135937,13960795
20894,11135937,13960795
20895,11135937,13960795
20896,11135937,13960795
20897,11135937,13960795
20898,11135937,13960795
20899,11135937,13960795
20900,11135937,13380645
20901,11135937,13380645
20902,11135937,13380645
20903,11135937,13380645
20904,11135937,13570966
20905,11135937,13570966
20906,11135937,13570966
20907,11135937,13456600
20908,11135937,13456600
20909,11135937,13456600
20910,11135937,13456600
20911,11135937,13452407
20912,11135937,13410632
20913,11135937,13318588
20914,11135937,13318588
20915,11135937,13318588
20916,11135937,13318588
20917,11135937,13318588
20918,11135937,13318588
20919,11135937,13318588
20920,11135937,13318588
20921,11135937,13566885
20922,11135937,13664460
20923,11135937,13664460
20924,11135937,13664460
20925,11135937,13664460
20926,11135937,13566698
20927,11135937,14006347
20928,11135937,13977013
20929,11135937,13977013
20930,11135937,13977013
20931,11135937,13977013
20932,11135937,13977013
20933,11135937,13977013
20934,11135937,13901360
20935,11135937,13901360
20936,11135937,13916692
20937,11135937,13916692
20938,11135937,13916692
20939,11135937,13916692
20940,11135937,13916692
20941,11135937,13916692
20942,11135937,13849777
20943,11135937,13849777
20944,11135937,13916259
20945,11135937,13889981
20946,11135937,13889981
20947,11135937,13889981
20948,11135937,13889981
20949,11135937,13889981
20950,11135937,13889981
20951,11135937,13791770
20952,11135937,13852853
20953,11135937,13852853
20954,11135937,13840324
20955,11135937,13767277
20956,11135937,13755233
20957,11135937,13755233
20958,11135937,13671892
20959,11135937,13671892
20960,11135937,13671892
20961,11135937,13394678
20962,11135937,13394678
20963,11135937,13394678
20964,11135937,13333595
20965,11135937,13333595
20966,11135937,13333595
20967,11135937,13333595
20968,11135937,13333595
20969,11135937,13305713
20970,11135937,13305713
20971,11135937,13196090
20972,11135937,13196090
20973,11135937,13196090
20974,11135937,13196090
20975,11135937,13196090
20976,11135937,13188201
20977,11135937,13188201
20978,11135937,13161343
20979,11135937,13161343
20980,11135937,13161343
20981,11135937,13161343
20982,11135937,13161343
20983,11135937,13161343
20984,11135937,13161343
20985,11135937,13161343
20986,11135937,13136113
20987,11135937,13136113
20988,11135937,13046923
20989,11135937,13190457
20990,11135937,13501746
20991,11135937,13483409
20992,11135937,13084466
20993,11135937,12897404
20994,11135937,13383689
20995,11135937,13048952
20996,11135937,12445951
20997,11135937,12074279
20998,11135937,12218596
20999,11135937,12194854
21000,11135937,12125935
21001,11135937,12029694
21002,11135937,12223503
21003,11135937,12076289
21004,11135937,12029592
21005,11135937,12172132
21006,11135937,12583750
21007,11135937,12831569
21008,11135937,12541330
21009,11135937,12919159
21010,11135937,12918191
21011,11135937,12954548
21012,11135937,12856375
21013,11135937,13586512
21014,11135937,12795287
21015,11135937,12711320
21016,11135937,13301314
21017,11135937,14319597
21018,11135937,14268760
21019,11135937,14315508
21020,11135937,13388130
21021,11135937,13165324
21022,11135937,13234360
21023,11135937,13464974
21024,11135937,13616152
21025,11135937,13429697
21026,11135937,13385739
21027,11135937,13934637
21028,11135937,14552811
21029,11135937,14282661
21030,11135937,14142014
21031,11135937,14622361
21032,11135937,14392734
21033,11135937,14304401
21034,11135937,14351253
21035,11135937,13802199
21036,11135937,14338657
21037,11135937,13927251
21038,11135937,14133400
21039,11135937,13944518
21040,11135937,13640148
21041,11135937,14017110
21042,11135937,13263545
21043,11135937,13444490
21044,11135937,13305551
21045,11135937,13194639
21046,11135937,13186939
21047,11135937,13313895
21048,11135937,13536779
21049,11135937,13800065
21050,11135937,12967837
21051,11135937,13384288
21052,11135937,13296569
21053,11135937,13353181
21054,11135937,13429961
21055,11135937,13126961
21056,11135937,13261451
21057,11135937,13296113
21058,11135937,13079631
21059,11135937,13247110
21060,11135937,12912269
21061,11135937,12493074
21062,11135937,13019036
21063,11135937,12963753
21064,11135937,13229863
21065,11135937,12475236
21066,11135937,12659192
21067,11135937,12650645
21068,11135937,12696525
21069,11135937,12854432
21070,11135937,13093828
21071,11135937,12800347
21072,11135937,12655665
21073,11135937,12522739
21074,11135937,12324391
21075,11135937,12041154
21076,11135937,12008776
21077,11135937,12291361
21078,11135937,11984494
21079,11135937,12009249
21080,11135937,12231914
21081,11135937,12152990
21082,11135937,12785172
21083,11135937,13095929
21084,11135937,12818952
21085,11135937,12084814
21086,11135937,11974038
21087,11135937,11453222
21088,11135937,11809284
21089,11135937,12051684
21090,11135937,12164653
21091,11135937,11871636
21092,11135937,12092706
21093,11135937,12262259
21094,11135937,11537906
21095,11135937,11765297
21096,11135937,12250453
21097,11135937,11884829
21098,11135937,11883929
21099,11135937,11904333
21100,11135937,11874061
21101,11135937,11969763
21102,11135937,12025057
21103,11135937,12171930
21104,11135937,12130997
21105,11135937,11927674
21106,11135937,11997582
21107,11135937,11723786
21108,11135937,12439309
21109,11135937,12069910
21110,11135937,11647844
21111,11135937,11614291
21112,11135937,11428607
21113,11135937,11681008
21114,11135937,12016179
21115,11135937,12127059
21116,11135937,12526278
21117,11135937,13024859
21118,11135937,13029260
21119,11135937,12250639
21120,11135937,12209315
21121,11135937,12040061
21122,11135937,12775640
21123,11135937,12782672
21124,11135937,13779505
21125,11135937,13175134
21126,11135937,12846638
21127,11135937,12856580
21128,11135937,12797889
21129,11135937,12740286
21130,11135937,13068107
21131,11135937,12486022
21132,11135937,13382377
21133,11135937,12497733
21134,11135937,13271292
21135,11135937,12891124
21136,11135937,12632564
21137,11135937,12701919
21138,11135937,12615738
21139,11135937,12581803
21140,11135937,12187435
21141,11135937,12616515
21142,11135937,12851536
21143,11135937,13297508
21144,11135937,12828021
21145,11135937,12835914
21146,11135937,13167479
21147,11135937,13379875
21148,11135937,13971553
21149,11135937,12894339
21150,11135937,12586675
21151,11135937,12907921
21152,11135937,12385938
21153,11135937,13597552
21154,11135937,13957526
21155,11135937,14327751
21156,11135937,13918452
21157,11135937,13822673
21158,11135937,13375768
21159,11135937,13396060
21160,11135937,13906019
21161,11135937,13990875
21162,11135937,13902814
21163,11135937,13108420
21164,11135937,13057055
21165,11135937,12680801
21166,11135937,12718632
21167,11135937,13173484
21168,11135937,13053136
21169,11135937,13608253
21170,11135937,13844026
21171,11135937,13517370
21172,11135937,12842901
21173,11135937,13066181
21174,11135937,12769138
21175,11135937,12669293
21176,11135937,12571649
21177,11135937,13078767
21178,11135937,13183545
21179,11135937,12935749
21180,11135937,12748248
21181,11135937,13093345
21182,11135937,13157227
21183,11135937,13029781
21184,11135937,12960395
21185,11135937,13065282
21186,11135937,14264468
21187,11135937,13312103
21188,11135937,12955775
21189,11135937,13458053
21190,11135937,13640605
21191,11135937,13540082
21192,11135937,13371379
21193,11135937,13516645
21194,11135937,13344512
21195,11135937,12685014
21196,11135937,12458426
21197,11135937,12839477
21198,11135937,12468874
21199,11135937,12874182
21200,11135937,13553281
21201,11135937,12304949
21202,11135937,13519697
21203,11135937,12259359
21204,11135937,12985691
21205,11135937,13422994
21206,11135937,12582280
21207,11135937,13019709
21208,11135937,12872660
21209,11135937,13607464
21210,11135937,14242413
21211,11135937,13732244
21212,11135937,14061745
21213,11135937,14366527
21214,11135937,13208122
21215,11135937,12304516
21216,11135937,12449212
21217,11135937,12392557
21218,11135937,12434735
21219,11135937,13069454
21220,11135937,12345081
21221,11135937,12560741
21222,11135937,12662690
21223,11135937,12690569
21224,11135937,12951686
21225,11135937,12499568
21226,11135937,13204135
21227,11135937,12927060
21228,11135937,12872089
21229,11135937,12683465
21230,11135937,12703066
21231,11135937,12837151
21232,11135937,12745027
21233,11135937,12615494
21234,11135937,13126890
21235,11135937,13469770
21236,11135937,13245912
21237,11135937,13012914
21238,11135937,13087040
21239,11135937,12998969
21240,11135937,13074715
21241,11135937,13124753
21242,11135937,13400069
21243,11135937,13300313
21244,11135937,13140912
21245,11135937,13606786
21246,11135937,13110025
21247,11135937,13070926
21248,11135937,12435951
21249,11135937,12659663
21250,11135937,12740753
21251,11135937,12774538
21252,11135937,12754156
21253,11135937,13477772
21254,11135937,12850999
21255,11135937,12454198
21256,11135937,12534873
21257,11135937,12702017
21258,11135937,12617873
21259,11135937,12607426
21260,11135937,12809469
21261,11135937,12971195
21262,11135937,13003758
21263,11135937,13379026
21264,11135937,13579610
21265,11135937,13335179
21266,11135937,13503428
21267,11135937,12531076
21268,11135937,12498471
21269,11135937,12784570
21270,11135937,13012974
21271,11135937,12774900
21272,11135937,12709129
21273,11135937,12624695
21274,11135937,12484372
21275,11135937,12447665
21276,11135937,12692268
21277,11135937,12491333
21278,11135937,12407601
21279,11135937,12557804
21280,11135937,12912023
21281,11135937,12742185
21282,11135937,12571252
21283,11135937,12441796
21284,11135937,12749468
21285,11135937,13102475
21286,11135937,13265241
21287,11135937,13182959
21288,11135937,12968835
21289,11135937,12087833
21290,11135937,12240500
21291,11135937,12372555
21292,11135937,12323539
21293,11135937,12658505
21294,11135937,12421783
21295,11135937,12456242
21296,11135937,12513849
21297,11135937,12442090
21298,11135937,12488471
21299,11135937,13129087
21300,11135937,12975627
21301,11135937,12243505
21302,11135937,12673613
21303,11135937,12179411
21304,11135937,12121163
21305,11135937,12733941
21306,11135937,12688006
21307,11135937,13336903
21308,11135937,12422161
21309,11135937,12176937
21310,11135937,12907010
21311,11135937,12626993
21312,11135937,12268479
21313,11135937,12128952
21314,11135937,12657073
21315,11135937,12360447
21316,11135937,12422734
21317,11135937,13372804
21318,11135937,13020970
21319,11135937,13248488
21320,11135937,12632626
21321,11135937,12337334
21322,11135937,12290008
21323,11135937,13065613
21324,11135937,12755034
21325,11135937,12899884
21326,11135937,13133601
21327,11135937,13591997
21328,11135937,13631200
21329,11135937,13697913
21330,11135937,14062781
21331,11135937,14409486
21332,11135937,14049395
21333,11135937,14357665
21334,11135937,14500938
21335,11135937,13438235
21336,11135937,13430654
21337,11135937,13605540
21338,11135937,13500190
21339,11135937,13142225
21340,11135937,13767949
21341,11135937,13879565
21342,11135937,14093251
21343,11135937,13701560
21344,11135937,14583349
21345,11135937,14099482
21346,11135937,13706411
21347,11135937,13432001
21348,11135937,12297644
21349,11135937,12141149
21350,11135937,12577828
21351,11135937,12996761
21352,11135937,12384390
21353,11135937,12139614
21354,11135937,12771409
21355,11135937,12185610
21356,11135937,12313812
21357,11135937,12517397
21358,11135937,12695326
21359,11135937,13303757
21360,11135937,12937791
21361,11135937,13237306
21362,11135937,12846640
21363,11135937,12995600
21364,11135937,12864830
21365,11135937,12577091
21366,11135937,13004727
21367,11135937,12855821
21368,11135937,12913380
21369,11135937,13593423
21370,11135937,12756053
21371,11135937,12756577
21372,11135937,12418826
21373,11135937,12352893
21374,11135937,12664964
21375,11135937,12842376
21376,11135937,12808324
21377,11135937,12821918
21378,11135937,12665000
21379,11135937,12714694
21380,11135937,12378646
21381,11135937,12350931
21382,11135937,12921315
21383,11135937,13114700
21384,11135937,13353503
21385,11135937,12723823
21386,11135937,12946171
21387,11135937,13637889
21388,11135937,13449431
21389,11135937,13118313
21390,11135937,12805760
21391,11135937,12845916
21392,11135937,12938194
21393,11135937,12987873
21394,11135937,13802244
21395,11135937,13491805
21396,11135937,14243402
21397,11135937,13221817
21398,11135937,12885814
21399,11135937,12980214
21400,11135937,13096067
21401,11135937,12375478
21402,11135937,12469718
21403,11135937,12529985
21404,11135937,12640454
21405,11135937,12575114
21406,11135937,12850141
21407,11135937,12815609
21408,11135937,12731868
21409,11135937,12644347
21410,11135937,12212106
21411,11135937,12145723
21412,11135937,11924065
21413,11135937,12054236
21414,11135937,12542026
21415,11135937,12686187
21416,11135937,12912437
21417,11135937,13144447
21418,11135937,13826278
21419,11135937,13042140
21420,11135937,12949077
21421,11135937,12693148
21422,11135937,13205333
21423,11135937,12995170
21424,11135937,13099287
21425,11135937,13150203
21426,11135937,13658018
21427,11135937,13530889
21428,11135937,12440190
21429,11135937,12430402
21430,11135937,12320279
21431,11135937,12446229
21432,11135937,12075754
21433,11135937,12226483
21434,11135937,12331777
21435,11135937,12537521
21436,11135937,12463349
21437,11135937,12330703
21438,11135937,12322711
21439,11135937,12045557
21440,11135937,12066914
21441,11135937,12192331
21442,11135937,12508341
21443,11135937,12364270
21444,11135937,12377412
21445,11135937,12411615
21446,11135937,12923450
21447,11135937,12717344
21448,11135937,12674781
21449,11135937,12768681
21450,11135937,12576699
21451,11135937,13254616
21452,11135937,13312402
21453,11135937,12925939
21454,11135937,13030484
21455,11135937,13087933
21456,11135937,12582815
21457,11135937,12619974
21458,11135937,12364675
21459,11135937,12600550
21460,11135937,12429714
21461,11135937,12381772
21462,11135937,12765771
21463,11135937,12387838
21464,11135937,12708370
21465,11135937,12519785
21466,11135937,12287544
21467,11135937,11768588
21468,11135937,12106879
21469,11135937,11970330
21470,11135937,11996557
21471,11135937,12482903
21472,11135937,12475271
21473,11135937,12753205
21474,11135937,12518480
21475,11135937,12279737
21476,11135937,12700765
21477,11135937,12468780
21478,11135937,12656985
21479,11135937,12693112
21480,11135937,13181114
21481,11135937,13065669
21482,11135937,12867152
21483,11135937,12423875
21484,11135937,12816457
21485,11135937,12375836
21486,11135937,12334006
21487,11135937,12254855
21488,11135937,12170400
21489,11135937,12944099
21490,11135937,12205483
21491,11135937,12479484
21492,11135937,12038272
21493,11135937,11979083
21494,11135937,12085042
21495,11135937,11946251
21496,11135937,11843289
21497,11135937,11587815
21498,11135937,11661724
21499,11135937,11694525
21500,11135937,11756439
21501,11135937,11772549
21502,11135937,11560572
21503,11135937,11665407
21504,11135937,12259816
21505,11135937,11734297
21506,11135937,12273092
21507,11135937,11539763
21508,11135937,11690216
21509,11135937,11774061
21510,11135937,12009945
21511,11135937,12317640
21512,11135937,12244592
21513,11135937,12714702
21514,11135937,13364726
21515,11135937,12707858
21516,11135937,13115697
21517,11135937,12532577
21518,11135937,12463469
21519,11135937,12747943
21520,11135937,12368611
21521,11135937,11843632
21522,11135937,11916316
21523,11135937,11617599
21524,11135937,11915809
21525,11135937,11776784
21526,11135937,11541467
21527,11135937,11680195
21528,11135937,12668793
21529,11135937,12061646
21530,11135937,11896703
21531,11135937,11683913
21532,11135937,11672819
21533,11135937,12044662
21534,11135937,11897047
21535,11135937,11895165
21536,11135937,12036357
21537,11135937,12286743
21538,11135937,11959765
21539,11135937,11738326
21540,11135937,12417991
21541,11135937,12241979
21542,11135937,12375511
21543,11135937,12411253
21544,11135937,11758507
21545,11135937,11882789
21546,11135937,12049550
21547,11135937,11932076
21548,11135937,12371903
21549,11135937,12444918
21550,11135937,11970325
21551,11135937,11890022
21552,11135937,12249967
21553,11135937,12171416
21554,11135937,12104118
21555,11135937,12490864
21556,11135937,12268145
21557,11135937,12432509
21558,11135937,12430573
21559,11135937,13025319
21560,11135937,12040411
21561,11135937,12193975
21562,11135937,11852877
21563,11135937,12509112
21564,11135937,12233630
21565,11135937,12759329
21566,11135937,12097002
21567,11135937,12342658
21568,11135937,12093864
21569,11135937,11716063
21570,11135937,12150680
21571,11135937,12070298
21572,11135937,12884765
21573,11135937,12426067
21574,11135937,12729456
21575,11135937,13273604
21576,11135937,13799890
21577,11135937,12751352
21578,11135937,12627200
21579,11135937,12232409
21580,11135937,12311092
21581,11135937,12046830
21582,11135937,12197728
21583,11135937,12314964
21584,11135937,12640280
21585,11135937,12669998
21586,11135937,13360982
21587,11135937,13279149
21588,11135937,13851264
21589,11135937,13782527
21590,11135937,13302148
21591,11135937,13255411
21592,11135937,14027514
21593,11135937,13088396
21594,11135937,12842723
21595,11135937,12730462
21596,11135937,13655696
21597,11135937,12631245
21598,11135937,13054144
21599,11135937,12777750
21600,11135937,12596992
21601,11135937,12283981
21602,11135937,12309730
21603,11135937,12210005
21604,11135937,12388387
21605,11135937,12415690
21606,11135937,12404804
21607,11135937,12437174
21608,11135937,12610697
21609,11135937,12581557
21610,11135937,12422496
21611,11135937,13401837
21612,11135937,13039468
21613,11135937,12860678
21614,11135937,13247966
21615,11135937,12985929
21616,11135937,13080998
21617,11135937,12531028
21618,11135937,12469434
21619,11135937,12594401
21620,11135937,11983590
21621,11135937,11935332
21622,11135937,12129215
21623,11135937,11874247
21624,11135937,12344272
21625,11135937,12209982
21626,11135937,11806410
21627,11135937,11712394
21628,11135937,11493313
21629,11135937,11803737
21630,11135937,11689870
21631,11135937,11698106
21632,11135937,11431421
21633,11135937,11831927
21634,11135937,11840813
21635,11135937,12226138
21636,11135937,12465892
21637,11135937,11731635
21638,11135937,11842136
21639,11135937,11901794
21640,11135937,11773837
21641,11135937,11802444
21642,11135937,11810436
21643,11135937,12318225
21644,11135937,12306970
21645,11135937,12324482
21646,11135937,12430992
21647,11135937,12605324
21648,11135937,12259222
21649,11135937,12954226
21650,11135937,12934796
21651,11135937,12944120
21652,11135937,12449496
21653,11135937,12579949
21654,11135937,12583441
21655,11135937,12542694
21656,11135937,12595673
21657,11135937,12462806
21658,11135937,12704390
21659,11135937,12531007
21660,11135937,12420696
21661,11135937,12349280
21662,11135937,12338169
21663,11135937,12185594
21664,11135937,12146531
21665,11135937,13357994
21666,11135937,12333604
21667,11135937,12194483
21668,11135937,12825934
21669,11135937,12155764
21670,11135937,12361313
21671,11135937,12638919
21672,11135937,12582603
21673,11135937,12334960
21674,11135937,11679207
21675,11135937,11915982
21676,11135937,11999994
21677,11135937,11925033
21678,11135937,11830369
21679,11135937,11814153
21680,11135937,11666819
21681,11135937,11651623
21682,11135937,11840376
21683,11135937,11665825
21684,11135937,11854041
21685,11135937,12004925
21686,11135937,12202029
21687,11135937,12011320
21688,11135937,12100433
21689,11135937,11935139
21690,11135937,12311648
21691,11135937,12209166
21692,11135937,12119377
21693,11135937,11864175
21694,11135937,12030333
21695,11135937,11918342
21696,11135937,11899772
21697,11135937,12228633
21698,11135937,12546731
21699,11135937,11914952
21700,11135937,11787695
21701,11135937,12308876
21702,11135937,11938013
21703,11135937,12643323
21704,11135937,12680822
21705,11135937,12796482
21706,11135937,12591223
21707,11135937,12117695
21708,11135937,11969450
21709,11135937,12026302
21710,11135937,12641807
21711,11135937,12542282
21712,11135937,12764275
21713,11135937,12224206
21714,11135937,12147130
21715,11135937,12121509
21716,11135937,12457352
21717,11135937,12341870
21718,11135937,12218912
21719,11135937,12154974
21720,11135937,12715853
21721,11135937,12109945
21722,11135937,12671654
21723,11135937,12423921
21724,11135937,12640023
21725,11135937,12628068
21726,11135937,12545508
21727,11135937,12568633
21728,11135937,12629072
21729,11135937,13292653
21730,11135937,12398600
21731,11135937,12613433
21732,11135937,12487025
21733,11135937,12655909
21734,11135937,12614308
21735,11135937,12554469
21736,11135937,12753111
21737,11135937,13527435
21738,11135937,12888726
21739,11135937,12701173
21740,11135937,12384477
21741,11135937,12606751
21742,11135937,13156383
21743,11135937,12236658
21744,11135937,12343390
21745,11135937,12401589
21746,11135937,12441427
21747,11135937,12338430
21748,11135937,12434481
21749,11135937,11976976
21750,11135937,12105898
21751,11135937,12158937
21752,11135937,11594775
21753,11135937,11748607
21754,11135937,11615917
21755,11135937,11643282
21756,11135937,12655889
21757,11135937,13659216
21758,11135937,13308620
21759,11135937,12823120
21760,11135937,12664485
21761,11135937,12005393
21762,11135937,12362640
21763,11135937,12237566
21764,11135937,12400634
21765,11135937,12178476
21766,11135937,13589733
21767,11135937,12239104
21768,11135937,12355238
21769,11135937,12457143
21770,11135937,12527823
21771,11135937,12540845
21772,11135937,12827596
21773,11135937,12764067
21774,11135937,12725708
21775,11135937,12642711
21776,11135937,12914325
21777,11135937,12446018
21778,11135937,12407352
21779,11135937,12631022
21780,11135937,12432692
21781,11135937,12270226
21782,11135937,12258553
21783,11135937,12133145
21784,11135937,11932139
21785,11135937,12221155
21786,11135937,12659530
21787,11135937,12235950
21788,11135937,12282035
21789,11135937,12223325
21790,11135937,12397322
21791,11135937,12382378
21792,11135937,11840372
21793,11135937,12171893
21794,11135937,12335328
21795,11135937,13385049
21796,11135937,13473429
21797,11135937,12299699
21798,11135937,12840605
21799,11135937,13354068
21800,11135937,13499785
21801,11135937,13764228
21802,11135937,13637970
21803,11135937,14277925
21804,11135937,13134274
21805,11135937,12909252
21806,11135937,12998240
21807,11135937,12823472
21808,11135937,12465982
21809,11135937,12401089
21810,11135937,12247739
21811,11135937,12723829
21812,11135937,12289965
21813,11135937,12510901
21814,11135937,12828531
21815,11135937,13113022
21816,11135937,13442292
21817,11135937,13241432
21818,11135937,13135232
21819,11135937,13279549
21820,11135937,13143364
21821,11135937,12883906
21822,11135937,12790915
21823,11135937,12905185
21824,11135937,13061262
21825,11135937,12938374
21826,11135937,13048028
21827,11135937,14609449
21828,11135937,14325706
21829,11135937,14921316
21830,11135937,14272460
21831,11135937,13659297
21832,11135937,13662964
21833,11135937,12267163
21834,11135937,12009257
21835,11135937,12062370
21836,11135937,13106436
21837,11135937,13559134
21838,11135937,13068868
21839,11135937,12991818
21840,11135937,12997285
21841,11135937,12717911
21842,11135937,12550565
21843,11135937,12940800
21844,11135937,12502522
21845,11135937,12384781
21846,11135937,12412618
21847,11135937,12323590
21848,11135937,12770811
21849,11135937,12154187
21850,11135937,12596401
21851,11135937,12535920
21852,11135937,12642348
21853,11135937,12796008
21854,11135937,12789050
21855,11135937,12708469
21856,11135937,12820698
21857,11135937,12655812
21858,11135937,13077091
21859,11135937,13258284
21860,11135937,12677799
21861,11135937,12318140
21862,11135937,12386915
21863,11135937,12535004
21864,11135937,12126229
21865,11135937,13906429
21866,11135937,12830745
21867,11135937,12757447
21868,11135937,12147023
21869,11135937,12232305
21870,11135937,12257545
21871,11135937,12558609
21872,11135937,12187042
21873,11135937,12280009
21874,11135937,12303161
21875,11135937,12331648
21876,11135937,12277807
21877,11135937,13055214
21878,11135937,12374930
21879,11135937,12114053
21880,11135937,12816073
21881,11135937,12631060
21882,11135937,12736207
21883,11135937,11941032
21884,11135937,12148815
21885,11135937,12189788
21886,11135937,11986766
21887,11135937,11956331
21888,11135937,11904051
21889,11135937,12157692
21890,11135937,12057954
21891,11135937,12252010
21892,11135937,12522891
21893,11135937,12408636
21894,11135937,12168561
21895,11135937,12129397
21896,11135937,12430335
21897,11135937,12102677
21898,11135937,12170167
21899,11135937,12019039
21900,11135937,12048762
21901,11135937,11808147
21902,11135937,11851066
21903,11135937,11965054
21904,11135937,11988749
21905,11135937,11988536
21906,11135937,12299186
21907,11135937,12588959
21908,11135937,12315068
21909,11135937,12542651
21910,11135937,12466881
21911,11135937,12975959
21912,11135937,13426420
21913,11135937,13129764
21914,11135937,12450771
21915,11135937,12424181
21916,11135937,12115852
21917,11135937,11895952
21918,11135937,11965103
21919,11135937,11911048
21920,11135937,11544319
21921,11135937,11582968
21922,11135937,11461130
21923,11135937,11883731
21924,11135937,11942108
21925,11135937,11990735
21926,11135937,12217437
21927,11135937,12458592
21928,11135937,12224815
21929,11135937,11826568
21930,11135937,11824004
21931,11135937,11663803
21932,11135937,12500795
21933,11135937,11876675
21934,11135937,11889822
21935,11135937,11872802
21936,11135937,12102814
21937,11135937,11907189
21938,11135937,11847053
21939,11135937,11624224
21940,11135937,12166419
21941,11135937,11942165
21942,11135937,11701959
21943,11135937,11782470
21944,11135937,11369114
21945,11135937,11526659
21946,11135937,11552614
21947,11135937,12081089
21948,11135937,11613446
21949,11135937,11824220
21950,11135937,12117289
21951,11135937,12000345
21952,11135937,12077799
21953,11135937,12626886
21954,11135937,12278315
21955,11135937,11892412
21956,11135937,11620850
21957,11135937,11741314
21958,11135937,11559860
21959,11135937,12657518
21960,11135937,12530844
21961,11135937,12472550
21962,11135937,12425812
21963,11135937,12445769
21964,11135937,12394713
21965,11135937,13378101
21966,11135937,13358837
21967,11135937,12608401
21968,11135937,12638896
21969,11135937,13136264
21970,11135937,13004604
21971,11135937,14594974
21972,11135937,13285742
21973,11135937,13414995
21974,11135937,13219026
21975,11135937,13591697
21976,11135937,12944265
21977,11135937,12854023
21978,11135937,12067090
21979,11135937,12076471
21980,11135937,11947676
21981,11135937,12082813
21982,11135937,12294591
21983,11135937,12852852
21984,11135937,12578644
21985,11135937,12515418
21986,11135937,12591127
21987,11135937,11809958
21988,11135937,13001366
21989,11135937,11135937
21990,11135937,11135937
21991,11135937,11135937
21992,11135937,11135937
21993,11135937,11135937
21994,11135937,11135937
21995,11135937,11135937
21996,11135937,11135937
21997,11135937,11135937
21998,11135937,11135937
21999,11135937,11135937
22000,11135937,11135937
22001,11135937,11135937
22002,11135937,11135937
22003,11135937,11135937
22004,11135937,11135937
22005,11081917,11081917
22006,11081917,11081917
22007,11081917,11081917
22008,11081917,11081917
22009,11081917,11081917
22010,11081917,11081917
22011,11081917,11081917
22012,11081917,11081917
22013,11081917,11081917
22014,11081917,11081917
22015,11081917,11081917
22016,11081917,11081917
22017,11081917,11159616
22018,11081917,11159616
22019,11081917,11159616
22020,11081917,11159616
22021,11081917,11159616
22022,11081917,11159616
22023,11081917,11159616
22024,11081917,11215034
22025,11081917,11215034
22026,11081917,11303224
22027,11081917,11374038
22028,11081917,11374038
22029,11081917,11374038
22030,11081917,11374038
22031,11081917,11374038
22032,11081917,11374038
22033,11081917,11374038
22034,11081917,11374038
22035,11081917,11374038
22036,11081917,11506891
22037,11081917,11506891
22038,11081917,11506891
22039,11081917,11473209
22040,11081917,11473209
22041,11081917,11473209
22042,11081917,11473209
22043,11081917,11473209
22044,11081917,11435403
22045,11081917,11435403
22046,11081917,11435403
22047,11081917,11435403
22048,11081917,11435403
22049,11081917,11426004
22050,11081917,11375904
22051,11081917,11375904
22052,11081917,11375904
22053,11081917,11375904
22054,11081917,11375904
22055,11081917,11375904
22056,11081917,11375904
22057,11081917,11366462
22058,11081917,11366462
22059,11081917,11366462
22060,11081917,11366462
22061,11081917,11812118
22062,11081917,11812118
22063,11081917,11809332
22064,11081917,11809332
22065,11081917,11809332
22066,11081917,11809332
22067,11081917,11809332
22068,11081917,11814733
22069,11081917,11584633
22070,11081917,11584633
22071,11081917,11586759
22072,11081917,11586759
22073,11081917,11586759
22074,11081917,11586759
22075,11081917,11586759
22076,11081917,11586759
22077,11081917,11586759
22078,11081917,11586759
22079,11081917,11586759
22080,11081917,11586759
22081,11081917,11586759
22082,11081917,11586759
22083,11081917,11586759
22084,11081917,11586759
22085,11081917,11586759
22086,11081917,11586759
22087,11081917,11586759
22088,11081917,11586759
22089,11081917,11586759
22090,11081917,11578010
22091,11081917,11578010
22092,11081917,11577258
22093,11081917,11577258
22094,11081917,11577258
22095,11081917,11577258
22096,11081917,11577258
22097,11081917,11577258
22098,11081917,11577258
22099,11081917,11577258
22100,11081917,11577258
22101,11081917,11577258
22102,11081917,11577258
22103,11081917,11563788
22104,11081917,11563788
22105,11081917,11563788
22106,11081917,11563788
22107,11081917,11563788
22108,11081917,11563788
22109,11081917,11563788
22110,11081917,11563788
22111,11081917,11563788
22112,11081917,11563788
22113,11081917,11563788
22114,11081917,11563788
22115,11081917,11563788
22116,11081917,11563788
22117,11081917,11563788
22118,11081917,11563788
22119,11081917,11563788
22120,11081917,11563788
22121,11081917,11563788
22122,11081917,11563788
22123,11081917,11563788
22124,11081917,11805302
22125,11081917,11805302
22126,11081917,11805302
22127,11081917,11805302
22128,11081917,11622444
22129,11081917,11622444
22130,11081917,11621368
22131,11081917,11621368
22132,11081917,11621368
22133,11081917,11621368
22134,11081917,11736343
22135,11081917,11736343
22136,11081917,11736343
22137,11081917,11666601
22138,11081917,11666601
22139,11081917,11666601
22140,11081917,11666601
22141,11081917,11666601
22142,11081917,11666601
22143,11081917,11727254
22144,11081917,11727254
22145,11081917,11727254
22146,11081917,11727254
22147,11081917,11727254
22148,11081917,11622504
22149,11081917,11622504
22150,11081917,11855681
22151,11081917,11855681
22152,11081917,11855681
22153,11081917,11855681
22154,11081917,11822480
22155,11081917,11996481
22156,11081917,11904070
22157,11081917,11904070
22158,11081917,11904070
22159,11081917,11839066
22160,11081917,12259906
22161,11081917,12259906
22162,11081917,12259906
22163,11081917,11900526
22164,11081917,11900526
22165,11081917,11900526
22166,11081917,11900526
22167,11081917,11900526
22168,11081917,11860546
22169,11081917,12110385
22170,11081917,12110385
22171,11081917,11936695
22172,11081917,11936695
22173,11081917,11936695
22174,11081917,12228977
22175,11081917,12174743
22176,11081917,12328793
22177,11081917,12328793
22178,11081917,12328793
22179,11081917,12328793
22180,11081917,12255439
22181,11081917,12255439
22182,11081917,12255439
22183,11081917,12230133
22184,11081917,12230133
22185,11081917,12222304
22186,11081917,12222304
22187,11081917,12222304
22188,11081917,12222304
22189,11081917,12222304
22190,11081917,12201813
22191,11081917,12201813
22192,11081917,12233410
22193,11081917,12775100
22194,11081917,12379016
22195,11081917,12379016
22196,11081917,12379016
22197,11081917,12379016
22198,11081917,12379016
22199,11081917,12379016
22200,11081917,12421675
22201,11081917,12421675
22202,11081917,12421675
22203,11081917,12512947
22204,11081917,12512947
22205,11081917,12468090
22206,11081917,12468090
22207,11081917,12468090
22208,11081917,12468090
22209,11081917,12468090
22210,11081917,12468090
22211,11081917,12468090
22212,11081917,12470084
22213,11081917,12470084
22214,11081917,12470084
22215,11081917,12470084
22216,11081917,12470084
22217,11081917,12400871
22218,11081917,12400871
22219,11081917,12283619
22220,11081917,12283619
22221,11081917,12283619
22222,11081917,12283619
22223,11081917,12283619
22224,11081917,12283619
22225,11081917,12283619
22226,11081917,12283619
22227,11081917,12283619
22228,11081917,12234943
22229,11081917,12286848
22230,11081917,12246868
22231,11081917,12246868
22232,11081917,12297324
22233,11081917,12297324
22234,11081917,12127523
22235,11081917,12127523
22236,11081917,12547722
22237,11081917,12547722
22238,11081917,12547722
22239,11081917,12547722
22240,11081917,12547722
22241,11081917,12547722
22242,11081917,12547722
22243,11081917,12547722
22244,11081917,12547722
22245,11081917,12547722
22246,11081917,12607157
22247,11081917,12607157
22248,11081917,12458016
22249,11081917,12458016
22250,11081917,12458016
22251,11081917,12447428
22252,11081917,12447428
22253,11081917,12447428
22254,11081917,12447428
22255,11081917,12447428
22256,11081917,12447428
22257,11081917,12447428
22258,11081917,12436635
22259,11081917,12436635
22260,11081917,12436635
22261,11081917,12436635
22262,11081917,12436635
22263,11081917,12436635
22264,11081917,12436635
22265,11081917,12405315
22266,11081917,12405315
22267,11081917,12405315
22268,11081917,12405315
22269,11081917,12405315
22270,11081917,12405315
22271,11081917,12405315
22272,11081917,12405315
22273,11081917,12405315
22274,11081917,12405315
22275,11081917,12405315
22276,11081917,12405315
22277,11081917,12405315
22278,11081917,12405315
22279,11081917,12405315
22280,11081917,12405315
22281,11081917,12405315
22282,11081917,12405315
22283,11081917,12405315
22284,11081917,12405315
22285,11081917,12405315
22286,11081917,12405315
22287,11081917,12405315
22288,11081917,12326650
22289,11081917,12326650
22290,11081917,12350174
22291,11081917,12350174
22292,11081917,12350174
22293,11081917,12350174
22294,11081917,12350174
22295,11081917,12373181
22296,11081917,12373181
22297,11081917,12373181
22298,11081917,12373181
22299,11081917,12373181
22300,11081917,12373181
22301,11081917,12373181
22302,11081917,12392231
22303,11081917,12427438
22304,11081917,12404482
22305,11081917,12404482
22306,11081917,12404482
22307,11081917,12404482
22308,11081917,12404482
22309,11081917,12404482
22310,11081917,12404482
22311,11081917,12404482
22312,11081917,12404482
22313,11081917,12404482
22314,11081917,12404482
22315,11081917,12404482
22316,11081917,12404482
22317,11081917,12404482
22318,11081917,12404482
22319,11081917,12385432
22320,11081917,12385432
22321,11081917,12385432
22322,11081917,12254236
22323,11081917,12315422
22324,11081917,12315422
22325,11081917,12419353
22326,11081917,12418555
22327,11081917,12418555
22328,11081917,12418555
22329,11081917,12418555
22330,11081917,12418353
22331,11081917,12418353
22332,11081917,12418353
22333,11081917,12418353
22334,11081917,12418353
22335,11081917,12418353
22336,11081917,12418353
22337,11081917,12418353
22338,11081917,12434807
22339,11081917,12434807
22340,11081917,12434807
22341,11081917,12434807
22342,11081917,12434807
22343,11081917,12524668
22344,11081917,12524668
22345,11081917,12468417
22346,11081917,12468417
22347,11081917,12378556
22348,11081917,12299920
22349,11081917,12308512
22350,11081917,12349228
22351,11081917,12349228
22352,11081917,12349596
22353,11081917,12349596
22354,11081917,12349596
22355,11081917,12349596
22356,11081917,12349596
22357,11081917,12349596
22358,11081917,12349596
22359,11081917,12349596
22360,11081917,12349596
22361,11081917,12349596
22362,11081917,12349596
22363,11081917,12211006
22364,11081917,12211006
22365,11081917,12211006
22366,11081917,12211006
22367,11081917,12211006
22368,11081917,12211006
22369,11081917,12211006
22370,11081917,12211006
22371,11081917,12211006
22372,11081917,12211006
22373,11081917,12310382
22374,11081917,12332390
22375,11081917,12332390
22376,11081917,12241452
22377,11081917,12241452
22378,11081917,12241452
22379,11081917,12241452
22380,11081917,12241452
22381,11081917,12241452
22382,11081917,12241452
22383,11081917,12241452
22384,11081917,12459471
22385,11081917,12459471
22386,11081917,12320684
22387,11081917,12320684
22388,11081917,12320684
22389,11081917,12320684
22390,11081917,12360922
22391,11081917,12360922
22392,11081917,12360922
22393,11081917,12360922
22394,11081917,12360922
22395,11081917,12360922
22396,11081917,12360922
22397,11081917,12360922
22398,11081917,12360922
22399,11081917,12360922
22400,11081917,12360922
22401,11081917,12360922
22402,11081917,12360922
22403,11081917,12340777
22404,11081917,12315028
22405,11081917,12384183
22406,11081917,12347701
22407,11081917,12347701
22408,11081917,12347701
22409,11081917,12300429
22410,11081917,12300429
22411,11081917,12303908
22412,11081917,12303908
22413,11081917,12303908
22414,11081917,12992041
22415,11081917,12992041
22416,11081917,12967009
22417,11081917,12967009
22418,11081917,13017464
22419,11081917,13017464
22420,11081917,13017464
22421,11081917,13017464
22422,11081917,13017464
22423,11081917,13098484
22424,11081917,13098484
22425,11081917,13098484
22426,11081917,13098484
22427,11081917,13098484
22428,11081917,13098484
22429,11081917,13054484
22430,11081917,13022129
22431,11081917,13022129
22432,11081917,13022129
22433,11081917,13107517
22434,11081917,13107517
22435,11081917,13136961
22436,11081917,13136961
22437,11081917,13136961
22438,11081917,13136961
22439,11081917,13136961
22440,11081917,13136961
22441,11081917,13136961
22442,11081917,13414175
22443,11081917,13414175
22444,11081917,13414175
22445,11081917,13918636
22446,11081917,13918636
22447,11081917,13918636
22448,11081917,13918636
22449,11081917,13918636
22450,11081917,13570088
22451,11081917,13570088
22452,11081917,13570088
22453,11081917,13570088
22454,11081917,13570088
22455,11081917,13570088
22456,11081917,13613201
22457,11081917,13613201
22458,11081917,13613201
22459,11081917,13609959
22460,11081917,13609959
22461,11081917,13609959
22462,11081917,13609959
22463,11081917,13609959
22464,11081917,13609959
22465,11081917,13609959
22466,11081917,13609959
22467,11081917,13609959
22468,11081917,13609959
22469,11081917,13389957
22470,11081917,13389957
22471,11081917,13389957
22472,11081917,13389957
22473,11081917,13389957
22474,11081917,13389957
22475,11081917,13389957
22476,11081917,13072837
22477,11081917,13072837
22478,11081917,13072837
22479,11081917,13089227
22480,11081917,13089227
22481,11081917,13089227
22482,11081917,13089227
22483,11081917,13091119
22484,11081917,13091119
22485,11081917,12976401
22486,11081917,12976401
22487,11081917,12976401
22488,11081917,12976401
22489,11081917,12976401
22490,11081917,13088531
22491,11081917,13088531
22492,11081917,12953825
22493,11081917,12953825
22494,11081917,12929907
22495,11081917,12929907
22496,11081917,12929907
22497,11081917,12929907
22498,11081917,12929907
22499,11081917,12929907
22500,11081917,12929907
22501,11081917,12929907
22502,11081917,12929907
22503,11081917,12776323
22504,11081917,12776323
22505,11081917,13725556
22506,11081917,12672799
22507,11081917,12374058
22508,11081917,11960747
22509,11081917,12120949
22510,11081917,13341062
22511,11081917,13216105
22512,11081917,12362379
22513,11081917,12158976
22514,11081917,11900873
22515,11081917,12651684
22516,11081917,12953106
22517,11081917,11891203
22518,11081917,12186377
22519,11081917,12017406
22520,11081917,11836651
22521,11081917,11725214
22522,11081917,11553794
22523,11081917,11659323
22524,11081917,11763272
22525,11081917,12157161
22526,11081917,11816965
22527,11081917,11691706
22528,11081917,11820668
22529,11081917,12031039
22530,11081917,12064140
22531,11081917,12185097
22532,11081917,12082126
22533,11081917,12633824
22534,11081917,12144341
22535,11081917,11876503
22536,11081917,11772328
22537,11081917,11602773
22538,11081917,11831539
22539,11081917,11637833
22540,11081917,12230372
22541,11081917,11794290
22542,11081917,11494592
22543,11081917,11812513
22544,11081917,11580697
22545,11081917,12541912
22546,11081917,11699868
22547,11081917,12199202
22548,11081917,12162065
22549,11081917,12248997
22550,11081917,12580839
22551,11081917,11919717
22552,11081917,12325810
22553,11081917,12588455
22554,11081917,12628164
22555,11081917,12180316
22556,11081917,11930092
22557,11081917,11760564
22558,11081917,12169186
22559,11081917,12185040
22560,11081917,12458207
22561,11081917,12084881
22562,11081917,11935365
22563,11081917,12087890
22564,11081917,12296981
22565,11081917,12668207
22566,11081917,11998980
22567,11081917,11989548
22568,11081917,12610928
22569,11081917,11933232
22570,11081917,12493737
22571,11081917,11884470
22572,11081917,11743613
22573,11081917,12763275
22574,11081917,12699898
22575,11081917,12463506
22576,11081917,12416415
22577,11081917,12716228
22578,11081917,12675659
22579,11081917,13835285
22580,11081917,12845886
22581,11081917,13213719
22582,11081917,13086937
22583,11081917,12658940
22584,11081917,11697005
22585,11081917,11741313
22586,11081917,11772304
22587,11081917,12162851
22588,11081917,12650258
22589,11081917,12492448
22590,11081917,12889348
22591,11081917,12604494
22592,11081917,12706911
22593,11081917,12350634
22594,11081917,12477326
22595,11081917,13084848
22596,11081917,13651948
22597,11081917,12899496
22598,11081917,12747336
22599,11081917,12876450
22600,11081917,12989357
22601,11081917,13091018
22602,11081917,13235619
22603,11081917,13629870
22604,11081917,12825193
22605,11081917,12951448
22606,11081917,13662946
22607,11081917,13476298
22608,11081917,13607377
22609,11081917,13582574
22610,11081917,13550266
22611,11081917,13608077
22612,11081917,13738917
22613,11081917,13195735
22614,11081917,13356523
22615,11081917,13188733
22616,11081917,13363609
22617,11081917,13355158
22618,11081917,13877697
22619,11081917,13188549
22620,11081917,13232659
22621,11081917,13648485
22622,11081917,13141388
22623,11081917,13769765
22624,11081917,13223238
22625,11081917,13446886
22626,11081917,13133778
22627,11081917,13045751
22628,11081917,13211678
22629,11081917,13188225
22630,11081917,12825566
22631,11081917,13072326
22632,11081917,13211440
22633,11081917,13350025
22634,11081917,13370558
22635,11081917,13163661
22636,11081917,13300383
22637,11081917,13105858
22638,11081917,13184542
22639,11081917,13478035
22640,11081917,13521565
22641,11081917,13207425
22642,11081917,13056032
22643,11081917,13174747
22644,11081917,12276822
22645,11081917,12342013
22646,11081917,12551748
22647,11081917,12483886
22648,11081917,12375653
22649,11081917,13142530
22650,11081917,13655764
22651,11081917,12507310
22652,11081917,12852540
22653,11081917,12523717
22654,11081917,12986666
22655,11081917,12579559
22656,11081917,12403378
22657,11081917,12388098
22658,11081917,12428359
22659,11081917,12242265
22660,11081917,12455486
22661,11081917,12303854
22662,11081917,12676810
22663,11081917,12522736
22664,11081917,12433796
22665,11081917,12660510
22666,11081917,12360466
22667,11081917,12399947
22668,11081917,12419551
22669,11081917,12201486
22670,11081917,12378155
22671,11081917,13249018
22672,11081917,12061158
22673,11081917,12181942
22674,11081917,12213886
22675,11081917,12732734
22676,11081917,12505250
22677,11081917,12382658
22678,11081917,12394853
22679,11081917,12681800
22680,11081917,13201596
22681,11081917,12927054
22682,11081917,12622904
22683,11081917,13223173
22684,11081917,12325716
22685,11081917,12790574
22686,11081917,13130359
22687,11081917,13039609
22688,11081917,13547850
22689,11081917,12866627
22690,11081917,13323490
22691,11081917,12934716
22692,11081917,12952350
22693,11081917,12948326
22694,11081917,12946341
22695,11081917,13417083
22696,11081917,13509516
22697,11081917,13548994
22698,11081917,12759222
22699,11081917,12743733
22700,11081917,13082214
22701,11081917,13063735
22702,11081917,13079014
22703,11081917,12674903
22704,11081917,14002760
22705,11081917,14105222
22706,11081917,13829806
22707,11081917,13206300
22708,11081917,13626626
22709,11081917,13037786
22710,11081917,13604564
22711,11081917,13923825
22712,11081917,14229484
22713,11081917,12638191
22714,11081917,12866358
22715,11081917,12500437
22716,11081917,12676711
22717,11081917,12799292
22718,11081917,12613793
22719,11081917,12845670
22720,11081917,12923107
22721,11081917,12594297
22722,11081917,13507356
22723,11081917,13753971
22724,11081917,13613875
22725,11081917,13095069
22726,11081917,13307432
22727,11081917,12961560
22728,11081917,13079332
22729,11081917,12520314
22730,11081917,12252889
22731,11081917,12185844
22732,11081917,12098336
22733,11081917,13642134
22734,11081917,12684591
22735,11081917,13201118
22736,11081917,12571694
22737,11081917,12562572
22738,11081917,12612522
22739,11081917,13309228
22740,11081917,12733642
22741,11081917,12819611
22742,11081917,12517777
22743,11081917,12598233
22744,11081917,12619520
22745,11081917,12482776
22746,11081917,13275639
22747,11081917,13029486
22748,11081917,12846716
22749,11081917,12942476
22750,11081917,12873945
22751,11081917,13438656
22752,11081917,13481861
22753,11081917,13025532
22754,11081917,13094526
22755,11081917,12898708
22756,11081917,12889456
22757,11081917,13131199
22758,11081917,13041782
22759,11081917,13125025
22760,11081917,12970047
22761,11081917,12984044
22762,11081917,12787252
22763,11081917,13058301
22764,11081917,13547327
22765,11081917,13124535
22766,11081917,13547752
22767,11081917,13018734
22768,11081917,14302534
22769,11081917,13569577
22770,11081917,14197362
22771,11081917,14141024
22772,11081917,13471785
22773,11081917,13788807
22774,11081917,13208295
22775,11081917,13152124
22776,11081917,12601172
22777,11081917,12864972
22778,11081917,12961455
22779,11081917,12675972
22780,11081917,13047584
22781,11081917,12857532
22782,11081917,12969499
22783,11081917,13638738
22784,11081917,13130976
22785,11081917,13450076
22786,11081917,13516368
22787,11081917,13085406
22788,11081917,13725221
22789,11081917,13144325
22790,11081917,12805500
22791,11081917,12768268
22792,11081917,12213861
22793,11081917,12692219
22794,11081917,12402521
22795,11081917,12404190
22796,11081917,12332935
22797,11081917,12450879
22798,11081917,12714628
22799,11081917,12820907
22800,11081917,12720145
22801,11081917,12737493
22802,11081917,12339569
22803,11081917,12492498
22804,11081917,12892910
22805,11081917,12398671
22806,11081917,13081124
22807,11081917,13759080
22808,11081917,13642518
22809,11081917,13671193
22810,11081917,13321427
22811,11081917,13426096
22812,11081917,12233214
22813,11081917,12383982
22814,11081917,12548568
22815,11081917,12456808
22816,11081917,12189778
22817,11081917,12439101
22818,11081917,12114005
22819,11081917,12086547
22820,11081917,12017429
22821,11081917,12052151
22822,11081917,12182944
22823,11081917,11947439
22824,11081917,12454544
22825,11081917,12262939
22826,11081917,12259660
22827,11081917,12179114
22828,11081917,12270892
22829,11081917,12463322
22830,11081917,12376349
22831,11081917,12447847
22832,11081917,12173950
22833,11081917,12028118
22834,11081917,11756616
22835,11081917,11946517
22836,11081917,12160986
22837,11081917,12094653
22838,11081917,11837831
22839,11081917,11852527
22840,11081917,12064478
22841,11081917,12578242
22842,11081917,12259157
22843,11081917,12646194
22844,11081917,13572935
22845,11081917,13370388
22846,11081917,13349082
22847,11081917,13368897
22848,11081917,13062665
22849,11081917,12957189
22850,11081917,12446392
22851,11081917,12394729
22852,11081917,12440696
22853,11081917,12483458
22854,11081917,12222036
22855,11081917,12174004
22856,11081917,12962610
22857,11081917,12618943
22858,11081917,12814925
22859,11081917,12754296
22860,11081917,12877728
22861,11081917,14146020
22862,11081917,14112738
22863,11081917,13385171
22864,11081917,13360789
22865,11081917,13762270
22866,11081917,12960321
22867,11081917,12795785
22868,11081917,13349678
22869,11081917,12749632
22870,11081917,13527840
22871,11081917,12726481
22872,11081917,12788709
22873,11081917,13520042
22874,11081917,12503282
22875,11081917,12406073
22876,11081917,12653366
22877,11081917,12650928
22878,11081917,11992938
22879,11081917,12215421
22880,11081917,11974949
22881,11081917,12660085
22882,11081917,13023754
22883,11081917,12543535
22884,11081917,12807507
22885,11081917,12811432
22886,11081917,12792725
22887,11081917,12736169
22888,11081917,11960912
22889,11081917,12034943
22890,11081917,12751544
22891,11081917,12148520
22892,11081917,12186209
22893,11081917,11833695
22894,11081917,11934105
22895,11081917,12132318
22896,11081917,12400924
22897,11081917,12522214
22898,11081917,12301172
22899,11081917,12012229
22900,11081917,11805939
22901,11081917,12199943
22902,11081917,12084361
22903,11081917,11781111
22904,11081917,11660319
22905,11081917,11829583
22906,11081917,11584537
22907,11081917,12224189
22908,11081917,11876547
22909,11081917,11974028
22910,11081917,12125619
22911,11081917,11836424
22912,11081917,12272842
22913,11081917,12108379
22914,11081917,12573924
22915,11081917,12946550
22916,11081917,12427035
22917,11081917,12752193
22918,11081917,12889808
22919,11081917,12398613
22920,11081917,12182829
22921,11081917,12300167
22922,11081917,12311034
22923,11081917,12607251
22924,11081917,12355691
22925,11081917,12456446
22926,11081917,12850506
22927,11081917,12419654
22928,11081917,12164932
22929,11081917,12039872
22930,11081917,12140462
22931,11081917,12676969
22932,11081917,12308740
22933,11081917,12261263
22934,11081917,12167668
22935,11081917,12010700
22936,11081917,12272718
22937,11081917,12883865
22938,11081917,12028371
22939,11081917,12488099
22940,11081917,11663227
22941,11081917,12039210
22942,11081917,12115660
22943,11081917,12417617
22944,11081917,12060869
22945,11081917,12114017
22946,11081917,12136456
22947,11081917,12232566
22948,11081917,12326636
22949,11081917,12774294
22950,11081917,12688654
22951,11081917,12403119
22952,11081917,12492354
22953,11081917,12237892
22954,11081917,12333147
22955,11081917,12382818
22956,11081917,13423220
22957,11081917,12070820
22958,11081917,12294185
22959,11081917,11921988
22960,11081917,12740831
22961,11081917,13327607
22962,11081917,12820704
22963,11081917,12842836
22964,11081917,12699093
22965,11081917,12652615
22966,11081917,13597693
22967,11081917,12926431
22968,11081917,12067993
22969,11081917,12573995
22970,11081917,12269939
22971,11081917,12366748
22972,11081917,12061502
22973,11081917,12042438
22974,11081917,12056682
22975,11081917,12036005
22976,11081917,12145550
22977,11081917,12250676
22978,11081917,12344261
22979,11081917,12629887
22980,11081917,12574236
22981,11081917,12801332
22982,11081917,12488780
22983,11081917,12664134
22984,11081917,12726835
22985,11081917,12629428
22986,11081917,12742436
22987,11081917,12704358
22988,11081917,12444883
22989,11081917,12040014
22990,11081917,11899553
22991,11081917,12233435
22992,11081917,12305365
22993,11081917,12295871
22994,11081917,12147395
22995,11081917,12104042
22996,11081917,12572475
22997,11081917,12348836
22998,11081917,12199791
22999,11081917,12126910
23000,11081917,13542194
23001,11081917,13657134
23002,11081917,13344541
23003,11081917,13599795
23004,11081917,13657720
23005,11081917,14178975
23006,11081917,14561924
23007,11081917,13850384
23008,11081917,13301037
23009,11081917,13635252
23010,11081917,13169855
23011,11081917,13192300
23012,11081917,12814705
23013,11081917,12608489
23014,11081917,13229422
23015,11081917,13193025
23016,11081917,13768411
23017,11081917,13749070
23018,11081917,13650627
23019,11081917,13616688
23020,11081917,13973184
23021,11081917,13965505
23022,11081917,12514730
23023,11081917,12816965
23024,11081917,12999686
23025,11081917,13026684
23026,11081917,12718565
23027,11081917,12852186
23028,11081917,12946462
23029,11081917,13192134
23030,11081917,13200373
23031,11081917,13286822
23032,11081917,12993579
23033,11081917,13409767
23034,11081917,13226004
23035,11081917,13656991
23036,11081917,12455031
23037,11081917,12641699
23038,11081917,12538599
23039,11081917,12537277
23040,11081917,12535743
23041,11081917,13039482
23042,11081917,12289946
23043,11081917,12749600
23044,11081917,12441884
23045,11081917,12614427
23046,11081917,12429716
23047,11081917,12767910
23048,11081917,12694454
23049,11081917,12566879
23050,11081917,12644734
23051,11081917,12622356
23052,11081917,12550758
23053,11081917,13023980
23054,11081917,13208898
23055,11081917,12912601
23056,11081917,13047490
23057,11081917,14095168
23058,11081917,13924137
23059,11081917,12384595
23060,11081917,12753204
23061,11081917,12992033
23062,11081917,12749888
23063,11081917,13136682
23064,11081917,12410228
23065,11081917,12341829
23066,11081917,12624761
23067,11081917,12520633
23068,11081917,12340126
23069,11081917,13691699
23070,11081917,12960519
23071,11081917,12925121
23072,11081917,13277224
23073,11081917,12981305
23074,11081917,12995936
23075,11081917,13109669
23076,11081917,12984446
23077,11081917,12961676
23078,11081917,12812476
23079,11081917,13073659
23080,11081917,13432844
23081,11081917,13021155
23082,11081917,13123914
23083,11081917,13438900
23084,11081917,12612917
23085,11081917,12277877
23086,11081917,12409804
23087,11081917,12400244
23088,11081917,12180385
23089,11081917,13960580
23090,11081917,12787847
23091,11081917,13009037
23092,11081917,13436640
23093,11081917,13252004
23094,11081917,12668280
23095,11081917,13672362
23096,11081917,13054667
23097,11081917,12948410
23098,11081917,12584959
23099,11081917,12368849
23100,11081917,12261771
23101,11081917,12408288
23102,11081917,13007894
23103,11081917,12158291
23104,11081917,12057145
23105,11081917,12308873
23106,11081917,12650863
23107,11081917,12396426
23108,11081917,12429509
23109,11081917,12898006
23110,11081917,12230563
23111,11081917,12275481
23112,11081917,12969933
23113,11081917,12315226
23114,11081917,11702534
23115,11081917,11722211
23116,11081917,12397407
23117,11081917,12532785
23118,11081917,13089525
23119,11081917,12250497
23120,11081917,12114461
23121,11081917,12139239
23122,11081917,12246179
23123,11081917,12260472
23124,11081917,12380498
23125,11081917,12230661
23126,11081917,11981091
23127,11081917,12050236
23128,11081917,12197083
23129,11081917,12020311
23130,11081917,13358116
23131,11081917,12523276
23132,11081917,12655332
23133,11081917,12172536
23134,11081917,11672167
23135,11081917,11889295
23136,11081917,12623202
23137,11081917,12726391
23138,11081917,11862423
23139,11081917,11816264
23140,11081917,11737777
23141,11081917,11817309
23142,11081917,11541666
23143,11081917,11748258
23144,11081917,11662834
23145,11081917,11657644
23146,11081917,11902389
23147,11081917,12718499
23148,11081917,12140755
23149,11081917,11949615
23150,11081917,12044094
23151,11081917,11668126
23152,11081917,11658121
23153,11081917,11475640
23154,11081917,12350361
23155,11081917,12064759
23156,11081917,12580136
23157,11081917,12953325
23158,11081917,12783076
23159,11081917,12970557
23160,11081917,13340973
23161,11081917,13031713
23162,11081917,12031090
23163,11081917,12063775
23164,11081917,11930270
23165,11081917,12367430
23166,11081917,12111038
23167,11081917,12285923
23168,11081917,12275663
23169,11081917,12422552
23170,11081917,12323308
23171,11081917,12307731
23172,11081917,12356795
23173,11081917,12197899
23174,11081917,12033575
23175,11081917,12569938
23176,11081917,12179714
23177,11081917,12164941
23178,11081917,12024593
23179,11081917,11873459
23180,11081917,12230072
23181,11081917,12290645
23182,11081917,11867238
23183,11081917,12056205
23184,11081917,12297317
23185,11081917,11698997
23186,11081917,11953255
23187,11081917,11768311
23188,11081917,11895298
23189,11081917,11698457
23190,11081917,11980777
23191,11081917,13105503
23192,11081917,12743328
23193,11081917,12615615
23194,11081917,12817325
23195,11081917,12106489
23196,11081917,12221972
23197,11081917,12403354
23198,11081917,12548253
23199,11081917,12669517
23200,11081917,12491023
23201,11081917,12808013
23202,11081917,12433301
23203,11081917,12372517
23204,11081917,13117228
23205,11081917,12553468
23206,11081917,12547147
23207,11081917,12358902
23208,11081917,12340116
23209,11081917,12480102
23210,11081917,12374593
23211,11081917,12971494
23212,11081917,12956867
23213,11081917,12587618
23214,11081917,12590228
23215,11081917,12560779
23216,11081917,12223718
23217,11081917,12561141
23218,11081917,12618130
23219,11081917,12619522
23220,11081917,12915588
23221,11081917,12611362
23222,11081917,12846461
23223,11081917,12893857
23224,11081917,13266908
23225,11081917,13037287
23226,11081917,12941080
23227,11081917,13058447
23228,11081917,12237595
23229,11081917,12476734
23230,11081917,12624374
23231,11081917,12811906
23232,11081917,12613440
23233,11081917,13429775
23234,11081917,13322286
23235,11081917,12999678
23236,11081917,13179410
23237,11081917,13316534
23238,11081917,13656860
23239,11081917,13089306
23240,11081917,13062712
23241,11081917,12908186
23242,11081917,12614963
23243,11081917,12339395
23244,11081917,12397320
23245,11081917,12129311
23246,11081917,12028863
23247,11081917,12545577
23248,11081917,12635660
23249,11081917,12519533
23250,11081917,12810944
23251,11081917,12539047
23252,11081917,12264244
23253,11081917,12471816
23254,11081917,12439445
23255,11081917,12370444
23256,11081917,12473350
23257,11081917,12972022
23258,11081917,12893978
23259,11081917,12709524
23260,11081917,12192517
23261,11081917,11637340
23262,11081917,11590174
23263,11081917,11907584
23264,11081917,11592355
23265,11081917,11460546
23266,11081917,12501578
23267,11081917,11706577
23268,11081917,11768556
23269,11081917,12489334
23270,11081917,12152658
23271,11081917,12561589
23272,11081917,12458475
23273,11081917,12283919
23274,11081917,11914773
23275,11081917,11783228
23276,11081917,12237194
23277,11081917,12045862
23278,11081917,13255148
23279,11081917,13188709
23280,11081917,12788115
23281,11081917,13683703
23282,11081917,13018678
23283,11081917,13297080
23284,11081917,12955889
23285,11081917,13637151
23286,11081917,12656294
23287,11081917,12207145
23288,11081917,13042651
23289,11081917,14159209
23290,11081917,13722708
23291,11081917,12695009
23292,11081917,12653113
23293,11081917,12356044
23294,11081917,12495354
23295,11081917,12338113
23296,11081917,12315768
23297,11081917,12173595
23298,11081917,12094071
23299,11081917,11822010
23300,11081917,11737567
23301,11081917,11661127
23302,11081917,11741198
23303,11081917,11684984
23304,11081917,12499006
23305,11081917,11946815
23306,11081917,12334820
23307,11081917,12762750
23308,11081917,12116622
23309,11081917,12727069
23310,11081917,12495661
23311,11081917,11881176
23312,11081917,11442335
23313,11081917,12179974
23314,11081917,12203682
23315,11081917,12336688
23316,11081917,11675627
23317,11081917,11578913
23318,11081917,11772438
23319,11081917,11791796
23320,11081917,11954758
23321,11081917,11482040
23322,11081917,11726612
23323,11081917,11713835
23324,11081917,11840750
23325,11081917,11704913
23326,11081917,11728717
23327,11081917,11982768
23328,11081917,13214836
23329,11081917,12383127
23330,11081917,13653092
23331,11081917,12828800
23332,11081917,12457518
23333,11081917,12500616
23334,11081917,12449783
23335,11081917,12516248
23336,11081917,12395273
23337,11081917,12295032
23338,11081917,12211687
23339,11081917,12204829
23340,11081917,11704059
23341,11081917,11855682
23342,11081917,11874392
23343,11081917,12210068
23344,11081917,12751397
23345,11081917,12102129
23346,11081917,12163820
23347,11081917,12695948
23348,11081917,12027986
23349,11081917,12128270
23350,11081917,12687470
23351,11081917,12583537
23352,11081917,12142039
23353,11081917,11888144
23354,11081917,11911177
23355,11081917,11910939
23356,11081917,11895064
23357,11081917,11854234
23358,11081917,11730805
23359,11081917,11708688
23360,11081917,11649539
23361,11081917,12572246
23362,11081917,11710964
23363,11081917,11920323
23364,11081917,11779928
23365,11081917,12246196
23366,11081917,12244608
23367,11081917,11817058
23368,11081917,11981793
23369,11081917,12717129
23370,11081917,12008553
23371,11081917,12120799
23372,11081917,12311175
23373,11081917,11962923
23374,11081917,11787030
23375,11081917,12084836
23376,11081917,11758277
23377,11081917,12661240
23378,11081917,11728116
23379,11081917,11780855
23380,11081917,11947295
23381,11081917,11970444
23382,11081917,12373728
23383,11081917,12350136
23384,11081917,12740812
23385,11081917,12767217
23386,11081917,13325186
23387,11081917,12743383
23388,11081917,12703568
23389,11081917,12248950
23390,11081917,12466494
23391,11081917,12405964
23392,11081917,12157458
23393,11081917,12637710
23394,11081917,12250002
23395,11081917,12582572
23396,11081917,12606695
23397,11081917,12756975
23398,11081917,12217867
23399,11081917,12599066
23400,11081917,12142786
23401,11081917,12051068
23402,11081917,12419661
23403,11081917,12683845
23404,11081917,12473810
23405,11081917,13166883
23406,11081917,12724287
23407,11081917,12494020
23408,11081917,12376988
23409,11081917,12218362
23410,11081917,12378300
23411,11081917,12338880
23412,11081917,12587084
23413,11081917,12254708
23414,11081917,12317805
23415,11081917,13393352
23416,11081917,12467156
23417,11081917,12534386
23418,11081917,12338694
23419,11081917,12265351
23420,11081917,12572077
23421,11081917,12351785
23422,11081917,12410363
23423,11081917,12361752
23424,11081917,12342863
23425,11081917,12187428
23426,11081917,12204626
23427,11081917,12473132
23428,11081917,12426121
23429,11081917,12510328
23430,11081917,13087542
23431,11081917,12554336
23432,11081917,12967164
23433,11081917,12600885
23434,11081917,11685521
23435,11081917,11452448
23436,11081917,11911602
23437,11081917,11809115
23438,11081917,11893383
23439,11081917,12083653
23440,11081917,11743174
23441,11081917,11526729
23442,11081917,11509150
23443,11081917,11518293
23444,11081917,11688004
23445,11081917,11650087
23446,11081917,11720161
23447,11081917,11734254
23448,11081917,11794674
23449,11081917,12261339
23450,11081917,12106542
23451,11081917,12312784
23452,11081917,13130439
23453,11081917,12938411
23454,11081917,12801228
23455,11081917,12285293
23456,11081917,12243570
23457,11081917,12286012
23458,11081917,13199621
23459,11081917,12165726
23460,11081917,11685200
23461,11081917,11838536
23462,11081917,11867573
23463,11081917,11808577
23464,11081917,11860168
23465,11081917,12032713
23466,11081917,12413679
23467,11081917,11869403
23468,11081917,12535173
23469,11081917,12225642
23470,11081917,12002750
23471,11081917,11854524
23472,11081917,11770117
23473,11081917,11520824
23474,11081917,12089179
23475,11081917,11864150
23476,11081917,11881585
23477,11081917,13284483
23478,11081917,12143306
23479,11081917,12014167
23480,11081917,11978297
23481,11081917,12931571
23482,11081917,12225424
23483,11081917,12274954
23484,11081917,12198742
23485,11081917,12387767
23486,11081917,11778223
23487,11081917,11699058
23488,11081917,12458317
23489,11081917,12457117
23490,11081917,12359960
23491,11081917,12809383
23492,11081917,12221401
23493,11081917,12263849
23494,11081917,12721904
23495,11081917,12195215
23496,11081917,12336950
23497,11081917,12184306
23498,11081917,12022760
23499,11081917,11995051
23500,11081917,12071415
23501,11081917,12516267
23502,11081917,12557195
23503,11081917,12159860
23504,11081917,12241472
23505,11081917,11941951
23506,11081917,11081917
23507,11081917,11081917
23508,11081917,11198095
23509,11081917,11223253
23510,11081917,11223253
23511,11081917,11371935
23512,11081917,11371935
23513,11081917,11371935
23514,11081917,11371935
23515,11081917,11371935
23516,11081917,11659600
23517,11081917,11659600
23518,11081917,11659600
23519,11081917,11716125
23520,11081917,11716125
23521,11081917,11953160
23522,11081917,11908573
23523,11081917,11908573
23524,11081917,12016001
23525,11081917,12075584
23526,11081917,11600765
23527,11081917,11508301
23528,11081917,11508301
23529,11081917,11508301
23530,11081917,11487958
23531,11081917,11487958
23532,11081917,11487958
23533,11081917,11487958
23534,11081917,11487958
23535,11081917,11487958
23536,11081917,11487958
23537,11081917,11487958
23538,11081917,11487958
23539,11081917,11487958
23540,11081917,11532515
23541,11081917,11532515
23542,11081917,11532515
23543,11081917,11532515
23544,11081917,11559143
23545,11081917,11559143
23546,11081917,11527924
23547,11081917,11527924
23548,11081917,11527924
23549,11081917,11527924
23550,11081917,11527924
23551,11081917,11527924
23552,11081917,11527924
23553,11081917,11572511
23554,11081917,11572511
23555,11081917,11484182
23556,11081917,11484182
23557,11081917,11484182
23558,11081917,11484182
23559,11081917,11484182
23560,11081917,11484182
23561,11081917,11484182
23562,11081917,11484182
23563,11081917,11484182
23564,11081917,11484182
23565,11081917,11484182
23566,11081917,11484182
23567,11081917,11484182
23568,11081917,11484182
23569,11081917,11484182
23570,11081917,11484145
23571,11081917,11484145
23572,11081917,11484145
23573,11081917,11399549
23574,11081917,11399549
23575,11081917,11344488
23576,11081917,11344488
23577,11081917,11344488
23578,11081917,11312553
23579,11081917,11312553
23580,11081917,11312553
23581,11081917,11312553
23582,11081917,11312553
23583,11081917,11312553
23584,11081917,11312553
23585,11081917,11312553
23586,11081917,11312553
23587,11081917,11312553
23588,11081917,11312553
23589,11081917,11312553
23590,11081917,11312553
23591,11081917,11312553
23592,11081917,11312553
23593,11081917,11312553
23594,11081917,11529673
23595,11081917,11529673
23596,11081917,11529673
23597,11081917,11529673
23598,11081917,11529673
23599,11081917,11529673
23600,11081917,11529673
23601,11081917,11529673
23602,11081917,11529673
23603,11081917,11529673
23604,11081917,11529673
23605,11081917,11529673
23606,11081917,11529673
23607,11081917,11529673
23608,11081917,11529673
23609,11081917,11529673
23610,11081917,11529673
23611,11081917,11529673
23612,11081917,11529673
23613,11081917,11529673
23614,11081917,11529673
23615,11081917,11529250
23616,11081917,11529250
23617,11081917,11529250
23618,11081917,11312130
23619,11081917,11312130
23620,11081917,11312130
23621,11081917,11312130
23622,11081917,11312130
23623,11081917,11312130
23624,11081917,11312130
23625,11081917,11312130
23626,11081917,11312130
23627,11081917,11304751
23628,11081917,11304751
23629,11081917,11304751
23630,11081917,11304751
23631,11081917,11304751
23632,11081917,11304751
23633,11081917,11304751
23634,11081917,12193496
23635,11081917,11872340
23636,11081917,11859178
23637,11081917,11859178
23638,11081917,11859178
23639,11081917,12109017
23640,11081917,12109017
23641,11081917,12109017
23642,11081917,12109017
23643,11081917,12109017
23644,11081917,12107195
23645,11081917,12107195
23646,11081917,12107195
23647,11081917,12379117
23648,11081917,12379117
23649,11081917,12519238
23650,11081917,12519238
23651,11081917,12519238
23652,11081917,12519238
23653,11081917,12646388
23654,11081917,12646388
23655,11081917,12646388
23656,11081917,12646388
23657,11081917,12646388
23658,11081917,12418565
23659,11081917,12391109
23660,11081917,12438476
23661,11081917,11961176
23662,11081917,11900427
23663,11081917,11900427
23664,11081917,11909239
23665,11081917,11895776
23666,11081917,11895776
23667,11081917,11895572
23668,11081917,11895572
23669,11081917,11895572
23670,11081917,11895572
23671,11081917,11895572
23672,11081917,11623650
23673,11081917,11700834
23674,11081917,11629695
23675,11081917,11629695
23676,11081917,11629695
23677,11081917,11629695
23678,11081917,11629695
23679,11081917,11629695
23680,11081917,11629675
23681,11081917,11629675
23682,11081917,11629675
23683,11081917,11629675
23684,11081917,11629675
23685,11081917,11629675
23686,11081917,11629675
23687,11081917,11629675
23688,11081917,11629675
23689,11081917,11672151
23690,11081917,11672151
23691,11081917,11672151
23692,11081917,11646790
23693,11081917,11646790
23694,11081917,11646790
23695,11081917,11925243
23696,11081917,11925243
23697,11081917,11925243
23698,11081917,11925243
23699,11081917,11954687
23700,11081917,11954687
23701,11081917,12804458
23702,11081917,12680293
23703,11081917,12680293
23704,11081917,12680293
23705,11081917,12680293
23706,11081917,12680293
23707,11081917,12379082
23708,11081917,12379082
23709,11081917,12379082
23710,11081917,12348966
23711,11081917,12348966
23712,11081917,12384412
23713,11081917,12384412
23714,11081917,12384412
23715,11081917,12384412
23716,11081917,12448209
23717,11081917,12448209
23718,11081917,12417298
23719,11081917,12417298
23720,11081917,12417298
23721,11081917,12360773
23722,11081917,12360773
23723,11081917,12429469
23724,11081917,12429469
23725,11081917,12429469
23726,11081917,12429469
23727,11081917,12429469
23728,11081917,12429469
23729,11081917,12429469
23730,11081917,12429469
23731,11081917,12429469
23732,11081917,12429469
23733,11081917,12429469
23734,11081917,12429469
23735,11081917,12412293
23736,11081917,12162454
23737,11081917,11816552
23738,11081917,11816552
23739,11081917,11787405
23740,11081917,11787405
23741,11081917,11787405
23742,11081917,11787405
23743,11081917,11787405
23744,11081917,11728182
23745,11081917,12359476
23746,11081917,12359476
23747,11081917,12307731
23748,11081917,12304833
23749,11081917,12304833
23750,11081917,12304833
23751,11081917,12252138
23752,11081917,12252138
23753,11081917,11620844
23754,11081917,11620844
23755,11081917,11620844
23756,11081917,11564920
23757,11081917,11564920
23758,11081917,11564920
23759,11081917,11564920
23760,11081917,11564920
23761,11081917,11528549
23762,11081917,11528549
23763,11081917,11484921
23764,11081917,11500997
23765,11081917,11500997
23766,11081917,11500997
23767,11081917,11551453
23768,11081917,11551453
23769,11081917,11551453
23770,11081917,11550016
23771,11081917,11550016
23772,11081917,11524955
23773,11081917,11524955
23774,11081917,11524955
23775,11081917,12250555
23776,11081917,12250555
23777,11081917,12233406
23778,11081917,12233406
23779,11081917,12233406
23780,11081917,12233406
23781,11081917,12233406
23782,11081917,12233406
23783,11081917,12233406
23784,11081917,12233406
23785,11081917,12233406
23786,11081917,12395755
23787,11081917,12395755
23788,11081917,12395755
23789,11081917,12395755
23790,11081917,12395755
23791,11081917,12395755
23792,11081917,12395755
23793,11081917,12395755
23794,11081917,12384851
23795,11081917,12384851
23796,11081917,12384851
23797,11081917,12384851
23798,11081917,12384851
23799,11081917,12384851
23800,11081917,12384851
23801,11081917,12432799
23802,11081917,12432798
23803,11081917,12432798
23804,11081917,12432798
23805,11081917,12432798
23806,11081917,12432798
23807,11081917,12432798
23808,11081917,12432798
23809,11081917,12297553
23810,11081917,12297553
23811,11081917,12297553
23812,11081917,12297553
23813,11081917,12297553
23814,11081917,12070514
23815,11081917,12070514
23816,11081917,12070514
23817,11081917,12070514
23818,11081917,12070514
23819,11081917,12070514
23820,11081917,12070514
23821,11081917,12070514
23822,11081917,12070514
23823,11081917,12070514
23824,11081917,12070514
23825,11081917,12070514
23826,11081917,12070514
23827,11081917,12070514
23828,11081917,12070514
23829,11081917,12070514
23830,11081917,12070514
23831,11081917,12125956
23832,11081917,12125956
23833,11081917,12125956
23834,11081917,12125956
23835,11081917,12125956
23836,11081917,12125956
23837,11081917,12125956
23838,11081917,12125956
23839,11081917,12111723
23840,11081917,12111723
23841,11081917,12344557
23842,11081917,12344557
23843,11081917,12340740
23844,11081917,12340740
23845,11081917,12340740
23846,11081917,12340740
23847,11081917,12313195
23848,11081917,12313195
23849,11081917,12313195
23850,11081917,12268124
23851,11081917,12268124
23852,11081917,12206021
23853,11081917,12206021
23854,11081917,12297371
23855,11081917,12297371
23856,11081917,12297371
23857,11081917,12297371
23858,11081917,12297371
23859,11081917,12511244
23860,11081917,12458217
23861,11081917,12458217
23862,11081917,12458217
23863,11081917,12458217
23864,11081917,12406109
23865,11081917,12406109
23866,11081917,12406109
23867,11081917,12406109
23868,11081917,12406109
23869,11081917,12406109
23870,11081917,12406109
23871,11081917,12406109
23872,11081917,12385600
23873,11081917,12385600
23874,11081917,12385600
23875,11081917,12385600
23876,11081917,12385600
23877,11081917,12385600
23878,11081917,12385600
23879,11081917,12336097
23880,11081917,12336097
23881,11081917,12336097
23882,11081917,12336097
23883,11081917,12336097
23884,11081917,12336097
23885,11081917,12336097
23886,11081917,12182045
23887,11081917,12182045
23888,11081917,12182045
23889,11081917,12182045
23890,11081917,12182045
23891,11081917,12182045
23892,11081917,12182045
23893,11081917,12182045
23894,11081917,12182045
23895,11081917,12182045
23896,11081917,12182045
23897,11081917,12182045
23898,11081917,12182045
23899,11081917,12182045
23900,11081917,12182045
23901,11081917,12182045
23902,11081917,12310098
23903,11081917,12372979
23904,11081917,12364398
23905,11081917,12364398
23906,11081917,12326062
23907,11081917,12326062
23908,11081917,12376593
23909,11081917,12376593
23910,11081917,12976328
23911,11081917,12976328
23912,11081917,12976328
23913,11081917,12884908
23914,11081917,12884908
23915,11081917,12884908
23916,11081917,12884908
23917,11081917,12823541
23918,11081917,12823541
23919,11081917,12823541
23920,11081917,12823541
23921,11081917,12823541
23922,11081917,12750625
23923,11081917,12750625
23924,11081917,12750625
23925,11081917,12830226
23926,11081917,12830226
23927,11081917,12830226
23928,11081917,12717483
23929,11081917,12785199
23930,11081917,12810942
23931,11081917,12879826
23932,11081917,12879826
23933,11081917,12879826
23934,11081917,12879826
23935,11081917,12871092
23936,11081917,12871092
23937,11081917,12871092
23938,11081917,12871092
23939,11081917,12871092
23940,11081917,12871092
23941,11081917,12871092
23942,11081917,12871092
23943,11081917,12871092
23944,11081917,12871092
23945,11081917,12871092
23946,11081917,12871092
23947,11081917,12871092
23948,11081917,12871092
23949,11081917,12871092
23950,11081917,12840144
23951,11081917,12840144
23952,11081917,12840144
23953,11081917,12840144
23954,11081917,12840144
23955,11081917,12840144
23956,11081917,12840144
23957,11081917,13001962
23958,11081917,13001962
23959,11081917,13001962
23960,11081917,13022492
23961,11081917,13022492
23962,11081917,13022492
23963,11081917,13022492
23964,11081917,13022492
23965,11081917,13022492
23966,11081917,13022492
23967,11081917,13115011
23968,11081917,13070419
23969,11081917,13070419
23970,11081917,13070419
23971,11081917,13070419
23972,11081917,13070419
23973,11081917,13278497
23974,11081917,13278497
23975,11081917,13278497
23976,11081917,13357081
23977,11081917,13357081
23978,11081917,13357081
23979,11081917,13357081
23980,11081917,13357081
23981,11081917,13342949
23982,11081917,13383186
23983,11081917,13383186
23984,11081917,13383186
23985,11081917,13383186
23986,11081917,13383186
23987,11081917,13363318
23988,11081917,13363318
23989,11081917,13363318
23990,11081917,13363318
23991,11081917,13363318
23992,11081917,13363318
23993,11081917,13363318
23994,11081917,13363318
23995,11081917,13363318
23996,11081917,13363318
23997,11081917,13363318
23998,11081917,13362896
23999,11081917,13362896
24000,11081917,13362896
24001,11081917,13362896
24002,11081917,13362896
24003,11081917,13363937
24004,11081917,13363937
24005,11081917,13296172
24006,11081917,13639422
24007,11081917,13388047
24008,11081917,12552436
24009,11081917,12577963
24010,11081917,12573764
24011,11081917,12044935
24012,11081917,12020243
24013,11081917,12203479
24014,11081917,12125330
24015,11081917,11752278
24016,11081917,12005174
24017,11081917,12029361
24018,11081917,11910070
24019,11081917,12304766
24020,11081917,12873716
24021,11081917,11880514
24022,11081917,12224071
24023,11081917,11793270
24024,11081917,12428264
24025,11081917,12205418
24026,11081917,11923226
24027,11081917,12023533
24028,11081917,12033445
24029,11081917,12313267
24030,11081917,12339703
24031,11081917,12024858
24032,11081917,11860738
24033,11081917,11690782
24034,11081917,11468007
24035,11081917,11572517
24036,11081917,11689357
24037,11081917,12024854
24038,11081917,11791019
24039,11081917,11869284
24040,11081917,11513149
24041,11081917,12134173
24042,11081917,11960326
24043,11081917,12200944
24044,11081917,12244721
24045,11081917,12274292
24046,11081917,12103811
24047,11081917,12194055
24048,11081917,13069368
24049,11081917,12251143
24050,11081917,12358080
24051,11081917,12676499
24052,11081917,12798684
24053,11081917,12715442
24054,11081917,13107881
24055,11081917,13096768
24056,11081917,12843143
24057,11081917,13690756
24058,11081917,13709984
24059,11081917,13117578
24060,11081917,12902399
24061,11081917,13031591
24062,11081917,13863060
24063,11081917,13986720
24064,11081917,13747172
24065,11081917,13369324
24066,11081917,12741792
24067,11081917,14433527
24068,11081917,13264918
24069,11081917,12668807
24070,11081917,12811624
24071,11081917,12508064
24072,11081917,12186816
24073,11081917,12408406
24074,11081917,12466859
24075,11081917,12540668
24076,11081917,12656411
24077,11081917,12379123
24078,11081917,12309676
24079,11081917,12794120
24080,11081917,12920662
24081,11081917,12655145
24082,11081917,13223916
24083,11081917,13796733
24084,11081917,13367497
24085,11081917,12883242
24086,11081917,12638475
24087,11081917,13016646
24088,11081917,13037818
24089,11081917,12867419
24090,11081917,13964319
24091,11081917,12962947
24092,11081917,12180852
24093,11081917,12247927
24094,11081917,12653492
24095,11081917,12564468
24096,11081917,12139677
24097,11081917,12220744
24098,11081917,12344827
24099,11081917,12071465
24100,11081917,12733165
24101,11081917,12564443
24102,11081917,12605307
24103,11081917,12495155
24104,11081917,12375796
24105,11081917,12332038
24106,11081917,11815737
24107,11081917,12347822
24108,11081917,12232668
24109,11081917,12279606
24110,11081917,12165642
24111,11081917,12834936
24112,11081917,12720781
24113,11081917,12671335
24114,11081917,12721213
24115,11081917,13422100
24116,11081917,13318449
24117,11081917,12717369
24118,11081917,12651299
24119,11081917,12678290
24120,11081917,12651173
24121,11081917,13228191
24122,11081917,12880290
24123,11081917,12846443
24124,11081917,13547645
24125,11081917,12957810
24126,11081917,13182016
24127,11081917,12855966
24128,11081917,12604898
24129,11081917,12820909
24130,11081917,12433128
24131,11081917,12326430
24132,11081917,12523055
24133,11081917,12875913
24134,11081917,12631109
24135,11081917,12629351
24136,11081917,12509031
24137,11081917,13371914
24138,11081917,12542549
24139,11081917,12536563
24140,11081917,12607356
24141,11081917,12778919
24142,11081917,12519553
24143,11081917,12460856
24144,11081917,13259259
24145,11081917,12879620
24146,11081917,13277546
24147,11081917,13224513
24148,11081917,12542620
24149,11081917,12571637
24150,11081917,12074612
24151,11081917,12260250
24152,11081917,12342790
24153,11081917,11984536
24154,11081917,12247888
24155,11081917,12289983
24156,11081917,12469721
24157,11081917,12227586
24158,11081917,12252632
24159,11081917,12511474
24160,11081917,12359944
24161,11081917,12674572
24162,11081917,12647238
24163,11081917,13343361
24164,11081917,13250746
24165,11081917,13250148
24166,11081917,12774920
24167,11081917,12631892
24168,11081917,12698346
24169,11081917,12708775
24170,11081917,12955266
24171,11081917,12589980
24172,11081917,12573090
24173,11081917,12463605
24174,11081917,12408417
24175,11081917,12287641
24176,11081917,12259037
24177,11081917,12076909
24178,11081917,12818940
24179,11081917,12416062
24180,11081917,12463729
24181,11081917,12178319
24182,11081917,12336055
24183,11081917,12654905
24184,11081917,12712135
24185,11081917,13133696
24186,11081917,12228595
24187,11081917,13071397
24188,11081917,13109879
24189,11081917,13481398
24190,11081917,13039302
24191,11081917,13065399
24192,11081917,13424908
24193,11081917,13125702
24194,11081917,12760784
24195,11081917,12761478
24196,11081917,12399839
24197,11081917,12258404
24198,11081917,12419671
24199,11081917,12460522
24200,11081917,12458468
24201,11081917,12657021
24202,11081917,12849054
24203,11081917,12592622
24204,11081917,12454798
24205,11081917,13319732
24206,11081917,13528439
24207,11081917,14253919
24208,11081917,14559271
24209,11081917,13455914
24210,11081917,13468286
24211,11081917,13596842
24212,11081917,13699809
24213,11081917,12934758
24214,11081917,13280325
24215,11081917,13751784
24216,11081917,13992074
24217,11081917,13200046
24218,11081917,13911131
24219,11081917,13341579
24220,11081917,14013965
24221,11081917,13545707
24222,11081917,13893374
24223,11081917,13755990
24224,11081917,13515591
24225,11081917,13740543
24226,11081917,13373076
24227,11081917,13730841
24228,11081917,13416289
24229,11081917,13034727
24230,11081917,13111416
24231,11081917,13118983
24232,11081917,13224346
24233,11081917,13498472
24234,11081917,13394942
24235,11081917,14130672
24236,11081917,13443802
24237,11081917,14134986
24238,11081917,13769762
24239,11081917,13270599
24240,11081917,13275751
24241,11081917,12417508
24242,11081917,12624449
24243,11081917,12722326
24244,11081917,13110617
24245,11081917,13119123
24246,11081917,13065697
24247,11081917,13180525
24248,11081917,13539263
24249,11081917,12878142
24250,11081917,13050732
24251,11081917,13463203
24252,11081917,12734919
24253,11081917,12863005
24254,11081917,12942859
24255,11081917,13151207
24256,11081917,13292004
24257,11081917,13390707
24258,11081917,13421953
24259,11081917,12331048
24260,11081917,13071447
24261,11081917,12359395
24262,11081917,12777131
24263,11081917,13155349
24264,11081917,12605624
24265,11081917,13115550
24266,11081917,13429465
24267,11081917,13368921
24268,11081917,13422448
24269,11081917,13515556
24270,11081917,14357741
24271,11081917,14439897
24272,11081917,14819350
24273,11081917,14033773
24274,11081917,13502489
24275,11081917,13358916
24276,11081917,13456350
24277,11081917,12873947
24278,11081917,13185766
24279,11081917,13107388
24280,11081917,12684849
24281,11081917,13039665
24282,11081917,13060125
24283,11081917,12860331
24284,11081917,13151126
24285,11081917,13209784
24286,11081917,13466309
24287,11081917,12801845
24288,11081917,13153269
24289,11081917,13043177
24290,11081917,12786853
24291,11081917,13405652
24292,11081917,13799053
24293,11081917,13541290
24294,11081917,13072020
24295,11081917,12817761
24296,11081917,12716120
24297,11081917,12735211
24298,11081917,12685110
24299,11081917,13401938
24300,11081917,13618091
24301,11081917,13974344
24302,11081917,13517734
24303,11081917,13473719
24304,11081917,13627499
24305,11081917,13056570
24306,11081917,13284817
24307,11081917,12589107
24308,11081917,12377937
24309,11081917,12269268
24310,11081917,12398989
24311,11081917,12183499
24312,11081917,12144291
24313,11081917,13259955
24314,11081917,12820122
24315,11081917,12533876
24316,11081917,12812428
24317,11081917,12605495
24318,11081917,12987298
24319,11081917,13474678
24320,11081917,13425840
24321,11081917,13075587
24322,11081917,13129422
24323,11081917,12972809
24324,11081917,13514966
24325,11081917,14147396
24326,11081917,13996796
24327,11081917,14069388
24328,11081917,13611675
24329,11081917,13530424
24330,11081917,13604925
24331,11081917,15041351
24332,11081917,13380965
24333,11081917,14131185
24334,11081917,15100568
24335,11081917,13659855
24336,11081917,13192821
24337,11081917,13836918
24338,11081917,13181670
24339,11081917,13159592
24340,11081917,13152140
24341,11081917,13180337
24342,11081917,13059525
24343,11081917,13115099
24344,11081917,13112419
24345,11081917,13167344
24346,11081917,13083376
24347,11081917,13855776
24348,11081917,13721303
24349,11081917,14438543
24350,11081917,13349727
24351,11081917,14043767
24352,11081917,12878564
24353,11081917,12702424
24354,11081917,13217812
24355,11081917,13147129
24356,11081917,12703925
24357,11081917,12923662
24358,11081917,13225778
24359,11081917,12916057
24360,11081917,12721110
24361,11081917,12913931
24362,11081917,13991111
24363,11081917,12832877
24364,11081917,12909288
24365,11081917,12919285
24366,11081917,12959232
24367,11081917,13011799
24368,11081917,13083275
24369,11081917,13100128
24370,11081917,13418452
24371,11081917,12940476
24372,11081917,13785778
24373,11081917,13783400
24374,11081917,14699529
24375,11081917,13267869
24376,11081917,14090021
24377,11081917,13278784
24378,11081917,13035255
24379,11081917,13304918
24380,11081917,13158631
24381,11081917,12584806
24382,11081917,12533690
24383,11081917,12442501
24384,11081917,13159995
24385,11081917,12843723
24386,11081917,12789142
24387,11081917,12714763
24388,11081917,12643762
24389,11081917,12472996
24390,11081917,12478319
24391,11081917,12790650
24392,11081917,12257035
24393,11081917,12536816
24394,11081917,12025772
24395,11081917,12064127
24396,11081917,13266328
24397,11081917,12240701
24398,11081917,12327648
24399,11081917,12532882
24400,11081917,12420324
24401,11081917,12977945
24402,11081917,12786523
24403,11081917,12409368
24404,11081917,12468770
24405,11081917,12426994
24406,11081917,13172096
24407,11081917,12456456
24408,11081917,12279490
24409,11081917,12306175
24410,11081917,11999568
24411,11081917,11866733
24412,11081917,12248346
24413,11081917,11977684
24414,11081917,12269492
24415,11081917,12342480
24416,11081917,12962716
24417,11081917,13492145
24418,11081917,13308839
24419,11081917,13247944
24420,11081917,12990696
24421,11081917,13352670
24422,11081917,13214551
24423,11081917,13202831
24424,11081917,13485192
24425,11081917,13743340
24426,11081917,13697982
24427,11081917,13473288
24428,11081917,13791500
24429,11081917,13825299
24430,11081917,13539450
24431,11081917,13755843
24432,11081917,14042675
24433,11081917,13814738
24434,11081917,13720320
24435,11081917,13609083
24436,11081917,13218338
24437,11081917,13844867
24438,11081917,13761866
24439,11081917,13812980
24440,11081917,13781491
24441,11081917,13535582
24442,11081917,13482335
24443,11081917,13354315
24444,11081917,13021454
24445,11081917,12905177
24446,11081917,13033697
24447,11081917,12841543
24448,11081917,12724357
24449,11081917,13151167
24450,11081917,13616280
24451,11081917,13665288
24452,11081917,13948493
24453,11081917,13146752
24454,11081917,13258836
24455,11081917,12763391
24456,11081917,13159379
24457,11081917,12957926
24458,11081917,13069238
24459,11081917,13124168
24460,11081917,13519688
24461,11081917,13534849
24462,11081917,13343334
24463,11081917,13800853
24464,11081917,13340395
24465,11081917,13174903
24466,11081917,12802568
24467,11081917,12855017
24468,11081917,12839728
24469,11081917,12842302
24470,11081917,12867404
24471,11081917,13030565
24472,11081917,13326232
24473,11081917,13273661
24474,11081917,13186615
24475,11081917,13195940
24476,11081917,13086208
24477,11081917,13568291
24478,11081917,12950009
24479,11081917,13469722
24480,11081917,13868386
24481,11081917,12428986
24482,11081917,12143845
24483,11081917,12813597
24484,11081917,12716409
24485,11081917,12685659
24486,11081917,12741998
24487,11081917,14028845
24488,11081917,14022375
24489,11081917,13699017
24490,11081917,13177517
24491,11081917,13592149
24492,11081917,13592734
24493,11081917,13867706
24494,11081917,13196371
24495,11081917,14380243
24496,11081917,13617397
24497,11081917,14256696
24498,11081917,14342203
24499,11081917,15046424
24500,11081917,13324496
24501,11081917,13193735
24502,11081917,12656372
24503,11081917,13348142
24504,11081917,12616039
24505,11081917,12567464
24506,11081917,12489805
24507,11081917,12490574
24508,11081917,12217936
24509,11081917,12321396
24510,11081917,12805660
24511,11081917,12223869
24512,11081917,12877643
24513,11081917,12797613
24514,11081917,12394097
24515,11081917,12372011
24516,11081917,12838195
24517,11081917,12813053
24518,11081917,12537601
24519,11081917,12517569
24520,11081917,12420770
24521,11081917,12320267
24522,11081917,12721553
24523,11081917,12660422
24524,11081917,13125198
24525,11081917,12306556
24526,11081917,12635096
24527,11081917,12621018
24528,11081917,12402967
24529,11081917,12305785
24530,11081917,12368224
24531,11081917,12705692
24532,11081917,12455015
24533,11081917,12575056
24534,11081917,12765680
24535,11081917,11991481
24536,11081917,12670114
24537,11081917,12398865
24538,11081917,12373065
24539,11081917,12367706
24540,11081917,12745938
24541,11081917,12712215
24542,11081917,12758218
24543,11081917,12818103
24544,11081917,12976929
24545,11081917,13203887
24546,11081917,12892443
24547,11081917,12745879
24548,11081917,12996813
24549,11081917,13784971
24550,11081917,12592104
24551,11081917,12544640
24552,11081917,13657443
24553,11081917,12374953
24554,11081917,12645888
24555,11081917,11987288
24556,11081917,12372003
24557,11081917,11746599
24558,11081917,11899930
24559,11081917,11812071
24560,11081917,11786557
24561,11081917,11915918
24562,11081917,11921585
24563,11081917,11723859
24564,11081917,11794508
24565,11081917,12376467
24566,11081917,12190085
24567,11081917,11910534
24568,11081917,12115778
24569,11081917,12149917
24570,11081917,12131008
24571,11081917,12320754
24572,11081917,12526807
24573,11081917,12199852
24574,11081917,12643719
24575,11081917,12064306
24576,11081917,12640866
24577,11081917,12615447
24578,11081917,12310881
24579,11081917,12354960
24580,11081917,12471557
24581,11081917,12522314
24582,11081917,12093456
24583,11081917,12978883
24584,11081917,12677911
24585,11081917,12271549
24586,11081917,12256004
24587,11081917,11916501
24588,11081917,12529432
24589,11081917,12506048
24590,11081917,12669633
24591,11081917,12781326
24592,11081917,11941884
24593,11081917,12705589
24594,11081917,11980802
24595,11081917,11733120
24596,11081917,11876027
24597,11081917,11932782
24598,11081917,11976250
24599,11081917,12201314
24600,11081917,12514666
24601,11081917,12923624
24602,11081917,13058007
24603,11081917,12825442
24604,11081917,12032881
24605,11081917,12064553
24606,11081917,11858026
24607,11081917,12078745
24608,11081917,12151650
24609,11081917,11910686
24610,11081917,12518295
24611,11081917,12113092
24612,11081917,12033450
24613,11081917,11905132
24614,11081917,11939348
24615,11081917,13178616
24616,11081917,12339638
24617,11081917,12660711
24618,11081917,12633951
24619,11081917,13126419
24620,11081917,12959285
24621,11081917,12719055
24622,11081917,12757524
24623,11081917,13108287
24624,11081917,13195948
24625,11081917,13384230
24626,11081917,13048615
24627,11081917,13261655
24628,11081917,12693743
24629,11081917,12546222
24630,11081917,12337201
24631,11081917,12221996
24632,11081917,13001169
24633,11081917,13761522
24634,11081917,13354615
24635,11081917,13473542
24636,11081917,13468438
24637,11081917,13005861
24638,11081917,13348691
24639,11081917,12684371
24640,11081917,12408817
24641,11081917,12121994
24642,11081917,12539706
24643,11081917,12580471
24644,11081917,12549769
24645,11081917,12843202
24646,11081917,12792744
24647,11081917,12502957
24648,11081917,12378389
24649,11081917,12206893
24650,11081917,11817519
24651,11081917,12833327
24652,11081917,12677473
24653,11081917,12772704
24654,11081917,13385692
24655,11081917,12634413
24656,11081917,13172290
24657,11081917,12947211
24658,11081917,13295514
24659,11081917,13377169
24660,11081917,13031563
24661,11081917,13206492
24662,11081917,13483467
24663,11081917,13540227
24664,11081917,13035544
24665,11081917,13113918
24666,11081917,12885817
24667,11081917,12600428
24668,11081917,12530837
24669,11081917,12392349
24670,11081917,12460792
24671,11081917,12305604
24672,11081917,12452463
24673,11081917,12414067
24674,11081917,12295580
24675,11081917,12305682
24676,11081917,12338291
24677,11081917,12363572
24678,11081917,12892778
24679,11081917,12417961
24680,11081917,12464775
24681,11081917,12238863
24682,11081917,12392256
24683,11081917,12552048
24684,11081917,12388093
24685,11081917,12205419
24686,11081917,12993178
24687,11081917,12188101
24688,11081917,12195016
24689,11081917,12295785
24690,11081917,12942221
24691,11081917,12630510
24692,11081917,13619823
24693,11081917,13037508
24694,11081917,12950246
24695,11081917,13042815
24696,11081917,12973250
24697,11081917,14010418
24698,11081917,13434532
24699,11081917,12371263
24700,11081917,12804937
24701,11081917,12458711
24702,11081917,13205616
24703,11081917,12740600
24704,11081917,12219007
24705,11081917,12030979
24706,11081917,12018977
24707,11081917,11836718
24708,11081917,11838104
24709,11081917,12255057
24710,11081917,11882864
24711,11081917,11902369
24712,11081917,12208625
24713,11081917,12407293
24714,11081917,11923611
24715,11081917,12016420
24716,11081917,12322112
24717,11081917,12017522
24718,11081917,12900397
24719,11081917,12908430
24720,11081917,12957889
24721,11081917,12727081
24722,11081917,12823771
24723,11081917,12953758
24724,11081917,13022930
24725,11081917,13667495
24726,11081917,13734975
24727,11081917,14008973
24728,11081917,13432880
24729,11081917,13489514
24730,11081917,13736290
24731,11081917,14016173
24732,11081917,13602254
24733,11081917,13670309
24734,11081917,13433717
24735,11081917,13199319
24736,11081917,13545460
24737,11081917,13643023
24738,11081917,13832530
24739,11081917,13574263
24740,11081917,13914915
24741,11081917,13640632
24742,11081917,14394407
24743,11081917,13772195
24744,11081917,13751414
24745,11081917,13820837
24746,11081917,14224351
24747,11081917,14279360
24748,11081917,13897683
24749,11081917,14090767
24750,11081917,14087547
24751,11081917,14344145
24752,11081917,14020541
24753,11081917,14309747
24754,11081917,13549444
24755,11081917,13360912
24756,11081917,13729735
24757,11081917,12659350
24758,11081917,12412394
24759,11081917,12713663
24760,11081917,12824212
24761,11081917,12701558
24762,11081917,12284567
24763,11081917,12125926
24764,11081917,12533283
24765,11081917,12026726
24766,11081917,11990017
24767,11081917,12636861
24768,11081917,12007073
24769,11081917,11894087
24770,11081917,12003406
24771,11081917,12256911
24772,11081917,12361475
24773,11081917,12428407
24774,11081917,12009398
24775,11081917,12145203
24776,11081917,11742417
24777,11081917,12071223
24778,11081917,12554159
24779,11081917,12149905
24780,11081917,13443669
24781,11081917,12994635
24782,11081917,12723732
24783,11081917,12531229
24784,11081917,12591845
24785,11081917,12933280
24786,11081917,13603853
24787,11081917,12994705
24788,11081917,12490988
24789,11081917,12582705
24790,11081917,12345752
24791,11081917,12003828
24792,11081917,12119134
24793,11081917,12453540
24794,11081917,12612949
24795,11081917,12019912
24796,11081917,12079345
24797,11081917,12064895
24798,11081917,12106795
24799,11081917,13407178
24800,11081917,13031723
24801,11081917,13325822
24802,11081917,13494083
24803,11081917,12926570
24804,11081917,12521864
24805,11081917,12613300
24806,11081917,12769555
24807,11081917,12524887
24808,11081917,12675922
24809,11081917,12540100
24810,11081917,12657187
24811,11081917,12485053
24812,11081917,12405980
24813,11081917,12555628
24814,11081917,12539964
24815,11081917,13928385
24816,11081917,12500915
24817,11081917,12859021
24818,11081917,13058076
24819,11081917,13296679
24820,11081917,12428749
24821,11081917,12569420
24822,11081917,12352789
24823,11081917,12482433
24824,11081917,13097128
24825,11081917,12527578
24826,11081917,12011099
24827,11081917,11844267
24828,11081917,11726825
24829,11081917,12089975
24830,11081917,12935819
24831,11081917,12676102
24832,11081917,12296450
24833,11081917,12181634
24834,11081917,12130551
24835,11081917,12550934
24836,11081917,12108090
24837,11081917,13487063
24838,11081917,12906857
24839,11081917,13002044
24840,11081917,12747038
24841,11081917,12644417
24842,11081917,12725947
24843,11081917,12549566
24844,11081917,12384520
24845,11081917,12715203
24846,11081917,12613211
24847,11081917,12584629
24848,11081917,11886677
24849,11081917,12091397
24850,11081917,12175289
24851,11081917,12724348
24852,11081917,12364019
24853,11081917,11793989
24854,11081917,11923506
24855,11081917,11942150
24856,11081917,12897667
24857,11081917,12591683
24858,11081917,13433164
24859,11081917,13168633
24860,11081917,13154269
24861,11081917,13470808
24862,11081917,13155278
24863,11081917,14092558
24864,11081917,13854897
24865,11081917,13224643
24866,11081917,13171279
24867,11081917,12972088
24868,11081917,13130272
24869,11081917,12896008
24870,11081917,12978971
24871,11081917,12696577
24872,11081917,12755093
24873,11081917,12734679
24874,11081917,12944014
24875,11081917,12609606
24876,11081917,12557736
24877,11081917,12644466
24878,11081917,12768191
24879,11081917,12576710
24880,11081917,12181435
24881,11081917,12211204
24882,11081917,12385092
24883,11081917,13096354
24884,11081917,12975022
24885,11081917,12531463
24886,11081917,12790715
24887,11081917,12847919
24888,11081917,12774666
24889,11081917,12423739
24890,11081917,12725973
24891,11081917,12735494
24892,11081917,12893437
24893,11081917,13461349
24894,11081917,13255340
24895,11081917,13185510
24896,11081917,13167009
24897,11081917,12940307
24898,11081917,13255498
24899,11081917,12684276
