iteration,operator_0,operator_1,operator_2,operator_3
0,0.25,0.25,0.25,0.25
1,0.25,0.25,0.25,0.25
2,0.25,0.25,0.25,0.25
3,0.25,0.25,0.25,0.25
4,0.25,0.25,0.25,0.25
5,0.25,0.25,0.25,0.25
6,0.25,0.25,0.25,0.25
7,0.25,0.25,0.25,0.25
8,0.25,0.25,0.25,0.25
9,0.25,0.25,0.25,0.25
10,0.25,0.25,0.25,0.25
11,0.25,0.25,0.25,0.25
12,0.25,0.25,0.25,0.25
13,0.25,0.25,0.25,0.25
14,0.25,0.25,0.25,0.25
15,0.25,0.25,0.25,0.25
16,0.25,0.25,0.25,0.25
17,0.25,0.25,0.25,0.25
18,0.25,0.25,0.25,0.25
19,0.25,0.25,0.25,0.25
20,0.25,0.25,0.25,0.25
21,0.25,0.25,0.25,0.25
22,0.25,0.25,0.25,0.25
23,0.25,0.25,0.25,0.25
24,0.25,0.25,0.25,0.25
25,0.25,0.25,0.25,0.25
26,0.25,0.25,0.25,0.25
27,0.25,0.25,0.25,0.25
28,0.25,0.25,0.25,0.25
29,0.25,0.25,0.25,0.25
30,0.25,0.25,0.25,0.25
31,0.25,0.25,0.25,0.25
32,0.25,0.25,0.25,0.25
33,0.25,0.25,0.25,0.25
34,0.25,0.25,0.25,0.25
35,0.25,0.25,0.25,0.25
36,0.25,0.25,0.25,0.25
37,0.25,0.25,0.25,0.25
38,0.25,0.25,0.25,0.25
39,0.25,0.25,0.25,0.25
40,0.25,0.25,0.25,0.25
41,0.25,0.25,0.25,0.25
42,0.25,0.25,0.25,0.25
43,0.25,0.25,0.25,0.25
44,0.25,0.25,0.25,0.25
45,0.25,0.25,0.25,0.25
46,0.25,0.25,0.25,0.25
47,0.25,0.25,0.25,0.25
48,0.25,0.25,0.25,0.25
49,0.25,0.25,0.25,0.25
50,0.25,0.25,0.25,0.25
51,0.25,0.25,0.25,0.25
52,0.25,0.25,0.25,0.25
53,0.25,0.25,0.25,0.25
54,0.25,0.25,0.25,0.25
55,0.25,0.25,0.25,0.25
56,0.25,0.25,0.25,0.25
57,0.25,0.25,0.25,0.25
58,0.25,0.25,0.25,0.25
59,0.25,0.25,0.25,0.25
60,0.25,0.25,0.25,0.25
61,0.25,0.25,0.25,0.25
62,0.25,0.25,0.25,0.25
63,0.25,0.25,0.25,0.25
64,0.25,0.25,0.25,0.25
65,0.25,0.25,0.25,0.25
66,0.25,0.25,0.25,0.25
67,0.25,0.25,0.25,0.25
68,0.25,0.25,0.25,0.25
69,0.25,0.25,0.25,0.25
70,0.25,0.25,0.25,0.25
71,0.25,0.25,0.25,0.25
72,0.25,0.25,0.25,0.25
73,0.25,0.25,0.25,0.25
74,0.25,0.25,0.25,0.25
75,0.25,0.25,0.25,0.25
76,0.25,0.25,0.25,0.25
77,0.25,0.25,0.25,0.25
78,0.25,0.25,0.25,0.25
79,0.25,0.25,0.25,0.25
80,0.25,0.25,0.25,0.25
81,0.25,0.25,0.25,0.25
82,0.25,0.25,0.25,0.25
83,0.25,0.25,0.25,0.25
84,0.25,0.25,0.25,0.25
85,0.25,0.25,0.25,0.25
86,0.25,0.25,0.25,0.25
87,0.25,0.25,0.25,0.25
88,0.25,0.25,0.25,0.25
89,0.25,0.25,0.25,0.25
90,0.25,0.25,0.25,0.25
91,0.25,0.25,0.25,0.25
92,0.25,0.25,0.25,0.25
93,0.25,0.25,0.25,0.25
94,0.25,0.25,0.25,0.25
95,0.25,0.25,0.25,0.25
96,0.25,0.25,0.25,0.25
97,0.25,0.25,0.25,0.25
98,0.25,0.25,0.25,0.25
99,0.25,0.25,0.25,0.25
100,0.2816402159026827,0.2831708692499798,0.22653669539998386,0.20865221944735357
101,0.2816402159026827,0.2831708692499798,0.22653669539998386,0.20865221944735357
102,0.2816402159026827,0.2831708692499798,0.22653669539998386,0.20865221944735357
103,0.2816402159026827,0.2831708692499798,0.22653669539998386,0.20865221944735357
104,0.2816402159026827,0.2831708692499798,0.22653669539998386,0.20865221944735357
105,0.2816402159026827,0.2831708692499798,0.22653669539998386,0.20865221944735357
106,0.2816402159026827,0.2831708692499798,0.22653669539998386,0.20865221944735357
107,0.2816402159026827,0.2831708692499798,0.22653669539998386,0.20865221944735357
108,0.2816402159026827,0.2831708692499798,0.22653669539998386,0.20865221944735357
109,0.2816402159026827,0.2831708692499798,0.22653669539998386,0.20865221944735357
110,0.2816402159026827,0.2831708692499798,0.22653669539998386,0.20865221944735357
111,0.2816402159026827,0.2831708692499798,0.22653669539998386,0.20865221944735357
112,0.2816402159026827,0.2831708692499798,0.22653669539998386,0.20865221944735357
113,0.2816402159026827,0.2831708692499798,0.22653669539998386,0.20865221944735357
114,0.2816402159026827,0.2831708692499798,0.22653669539998386,0.20865221944735357
115,0.2816402159026827,0.2831708692499798,0.22653669539998386,0.20865221944735357
116,0.2816402159026827,0.2831708692499798,0.22653669539998386,0.20865221944735357
117,0.2816402159026827,0.2831708692499798,0.22653669539998386,0.20865221944735357
118,0.2816402159026827,0.2831708692499798,0.22653669539998386,0.20865221944735357
119,0.2816402159026827,0.2831708692499798,0.22653669539998386,0.20865221944735357
120,0.2816402159026827,0.2831708692499798,0.22653669539998386,0.20865221944735357
121,0.2816402159026827,0.2831708692499798,0.22653669539998386,0.20865221944735357
122,0.2816402159026827,0.2831708692499798,0.22653669539998386,0.20865221944735357
123,0.2816402159026827,0.2831708692499798,0.22653669539998386,0.20865221944735357
124,0.2816402159026827,0.2831708692499798,0.22653669539998386,0.20865221944735357
125,0.2816402159026827,0.2831708692499798,0.22653669539998386,0.20865221944735357
126,0.2816402159026827,0.2831708692499798,0.22653669539998386,0.20865221944735357
127,0.2816402159026827,0.2831708692499798,0.22653669539998386,0.20865221944735357
128,0.2816402159026827,0.2831708692499798,0.22653669539998386,0.20865221944735357
129,0.2816402159026827,0.2831708692499798,0.22653669539998386,0.20865221944735357
130,0.2816402159026827,0.2831708692499798,0.22653669539998386,0.20865221944735357
131,0.2816402159026827,0.2831708692499798,0.22653669539998386,0.20865221944735357
132,0.2816402159026827,0.2831708692499798,0.22653669539998386,0.20865221944735357
133,0.2816402159026827,0.2831708692499798,0.22653669539998386,0.20865221944735357
134,0.2816402159026827,0.2831708692499798,0.22653669539998386,0.20865221944735357
135,0.2816402159026827,0.2831708692499798,0.22653669539998386,0.20865221944735357
136,0.2816402159026827,0.2831708692499798,0.22653669539998386,0.20865221944735357
137,0.2816402159026827,0.2831708692499798,0.22653669539998386,0.20865221944735357
138,0.2816402159026827,0.2831708692499798,0.22653669539998386,0.20865221944735357
139,0.2816402159026827,0.2831708692499798,0.22653669539998386,0.20865221944735357
140,0.2816402159026827,0.2831708692499798,0.22653669539998386,0.20865221944735357
141,0.2816402159026827,0.2831708692499798,0.22653669539998386,0.20865221944735357
142,0.2816402159026827,0.2831708692499798,0.22653669539998386,0.20865221944735357
143,0.2816402159026827,0.2831708692499798,0.22653669539998386,0.20865221944735357
144,0.2816402159026827,0.2831708692499798,0.22653669539998386,0.20865221944735357
145,0.2816402159026827,0.2831708692499798,0.22653669539998386,0.20865221944735357
146,0.2816402159026827,0.2831708692499798,0.22653669539998386,0.20865221944735357
147,0.2816402159026827,0.2831708692499798,0.22653669539998386,0.20865221944735357
148,0.2816402159026827,0.2831708692499798,0.22653669539998386,0.20865221944735357
149,0.2816402159026827,0.2831708692499798,0.22653669539998386,0.20865221944735357
150,0.2816402159026827,0.2831708692499798,0.22653669539998386,0.20865221944735357
151,0.2816402159026827,0.2831708692499798,0.22653669539998386,0.20865221944735357
152,0.2816402159026827,0.2831708692499798,0.22653669539998386,0.20865221944735357
153,0.2816402159026827,0.2831708692499798,0.22653669539998386,0.20865221944735357
154,0.2816402159026827,0.2831708692499798,0.22653669539998386,0.20865221944735357
155,0.2816402159026827,0.2831708692499798,0.22653669539998386,0.20865221944735357
156,0.2816402159026827,0.2831708692499798,0.22653669539998386,0.20865221944735357
157,0.2816402159026827,0.2831708692499798,0.22653669539998386,0.20865221944735357
158,0.2816402159026827,0.2831708692499798,0.22653669539998386,0.20865221944735357
159,0.2816402159026827,0.2831708692499798,0.22653669539998386,0.20865221944735357
160,0.2816402159026827,0.2831708692499798,0.22653669539998386,0.20865221944735357
161,0.2816402159026827,0.2831708692499798,0.22653669539998386,0.20865221944735357
162,0.2816402159026827,0.2831708692499798,0.22653669539998386,0.20865221944735357
163,0.2816402159026827,0.2831708692499798,0.22653669539998386,0.20865221944735357
164,0.2816402159026827,0.2831708692499798,0.22653669539998386,0.20865221944735357
165,0.2816402159026827,0.2831708692499798,0.22653669539998386,0.20865221944735357
166,0.2816402159026827,0.2831708692499798,0.22653669539998386,0.20865221944735357
167,0.2816402159026827,0.2831708692499798,0.22653669539998386,0.20865221944735357
168,0.2816402159026827,0.2831708692499798,0.22653669539998386,0.20865221944735357
169,0.2816402159026827,0.2831708692499798,0.22653669539998386,0.20865221944735357
170,0.2816402159026827,0.2831708692499798,0.22653669539998386,0.20865221944735357
171,0.2816402159026827,0.2831708692499798,0.22653669539998386,0.20865221944735357
172,0.2816402159026827,0.2831708692499798,0.22653669539998386,0.20865221944735357
173,0.2816402159026827,0.2831708692499798,0.22653669539998386,0.20865221944735357
174,0.2816402159026827,0.2831708692499798,0.22653669539998386,0.20865221944735357
175,0.2816402159026827,0.2831708692499798,0.22653669539998386,0.20865221944735357
176,0.2816402159026827,0.2831708692499798,0.22653669539998386,0.20865221944735357
177,0.2816402159026827,0.2831708692499798,0.22653669539998386,0.20865221944735357
178,0.2816402159026827,0.2831708692499798,0.22653669539998386,0.20865221944735357
179,0.2816402159026827,0.2831708692499798,0.22653669539998386,0.20865221944735357
180,0.2816402159026827,0.2831708692499798,0.22653669539998386,0.20865221944735357
181,0.2816402159026827,0.2831708692499798,0.22653669539998386,0.20865221944735357
182,0.2816402159026827,0.2831708692499798,0.22653669539998386,0.20865221944735357
183,0.2816402159026827,0.2831708692499798,0.22653669539998386,0.20865221944735357
184,0.2816402159026827,0.2831708692499798,0.22653669539998386,0.20865221944735357
185,0.2816402159026827,0.2831708692499798,0.22653669539998386,0.20865221944735357
186,0.2816402159026827,0.2831708692499798,0.22653669539998386,0.20865221944735357
187,0.2816402159026827,0.2831708692499798,0.22653669539998386,0.20865221944735357
188,0.2816402159026827,0.2831708692499798,0.22653669539998386,0.20865221944735357
189,0.2816402159026827,0.2831708692499798,0.22653669539998386,0.20865221944735357
190,0.2816402159026827,0.2831708692499798,0.22653669539998386,0.20865221944735357
191,0.2816402159026827,0.2831708692499798,0.22653669539998386,0.20865221944735357
192,0.2816402159026827,0.2831708692499798,0.22653669539998386,0.20865221944735357
193,0.2816402159026827,0.2831708692499798,0.22653669539998386,0.20865221944735357
194,0.2816402159026827,0.2831708692499798,0.22653669539998386,0.20865221944735357
195,0.2816402159026827,0.2831708692499798,0.22653669539998386,0.20865221944735357
196,0.2816402159026827,0.2831708692499798,0.22653669539998386,0.20865221944735357
197,0.2816402159026827,0.2831708692499798,0.22653669539998386,0.20865221944735357
198,0.2816402159026827,0.2831708692499798,0.22653669539998386,0.20865221944735357
199,0.2816402159026827,0.2831708692499798,0.22653669539998386,0.20865221944735357
200,0.37276899237800615,0.33408477847328477,0.1592348223444116,0.13391140680429758
201,0.37276899237800615,0.33408477847328477,0.1592348223444116,0.13391140680429758
202,0.37276899237800615,0.33408477847328477,0.1592348223444116,0.13391140680429758
203,0.37276899237800615,0.33408477847328477,0.1592348223444116,0.13391140680429758
204,0.37276899237800615,0.33408477847328477,0.1592348223444116,0.13391140680429758
205,0.37276899237800615,0.33408477847328477,0.1592348223444116,0.13391140680429758
206,0.37276899237800615,0.33408477847328477,0.1592348223444116,0.13391140680429758
207,0.37276899237800615,0.33408477847328477,0.1592348223444116,0.13391140680429758
208,0.37276899237800615,0.33408477847328477,0.1592348223444116,0.13391140680429758
209,0.37276899237800615,0.33408477847328477,0.1592348223444116,0.13391140680429758
210,0.37276899237800615,0.33408477847328477,0.1592348223444116,0.13391140680429758
211,0.37276899237800615,0.33408477847328477,0.1592348223444116,0.13391140680429758
212,0.37276899237800615,0.33408477847328477,0.1592348223444116,0.13391140680429758
213,0.37276899237800615,0.33408477847328477,0.1592348223444116,0.13391140680429758
214,0.37276899237800615,0.33408477847328477,0.1592348223444116,0.13391140680429758
215,0.37276899237800615,0.33408477847328477,0.1592348223444116,0.13391140680429758
216,0.37276899237800615,0.33408477847328477,0.1592348223444116,0.13391140680429758
217,0.37276899237800615,0.33408477847328477,0.1592348223444116,0.13391140680429758
218,0.37276899237800615,0.33408477847328477,0.1592348223444116,0.13391140680429758
219,0.37276899237800615,0.33408477847328477,0.1592348223444116,0.13391140680429758
220,0.37276899237800615,0.33408477847328477,0.1592348223444116,0.13391140680429758
221,0.37276899237800615,0.33408477847328477,0.1592348223444116,0.13391140680429758
222,0.37276899237800615,0.33408477847328477,0.1592348223444116,0.13391140680429758
223,0.37276899237800615,0.33408477847328477,0.1592348223444116,0.13391140680429758
224,0.37276899237800615,0.33408477847328477,0.1592348223444116,0.13391140680429758
225,0.37276899237800615,0.33408477847328477,0.1592348223444116,0.13391140680429758
226,0.37276899237800615,0.33408477847328477,0.1592348223444116,0.13391140680429758
227,0.37276899237800615,0.33408477847328477,0.1592348223444116,0.13391140680429758
228,0.37276899237800615,0.33408477847328477,0.1592348223444116,0.13391140680429758
229,0.37276899237800615,0.33408477847328477,0.1592348223444116,0.13391140680429758
230,0.37276899237800615,0.33408477847328477,0.1592348223444116,0.13391140680429758
231,0.37276899237800615,0.33408477847328477,0.1592348223444116,0.13391140680429758
232,0.37276899237800615,0.33408477847328477,0.1592348223444116,0.13391140680429758
233,0.37276899237800615,0.33408477847328477,0.1592348223444116,0.13391140680429758
234,0.37276899237800615,0.33408477847328477,0.1592348223444116,0.13391140680429758
235,0.37276899237800615,0.33408477847328477,0.1592348223444116,0.13391140680429758
236,0.37276899237800615,0.33408477847328477,0.1592348223444116,0.13391140680429758
237,0.37276899237800615,0.33408477847328477,0.1592348223444116,0.13391140680429758
238,0.37276899237800615,0.33408477847328477,0.1592348223444116,0.13391140680429758
239,0.37276899237800615,0.33408477847328477,0.1592348223444116,0.13391140680429758
240,0.37276899237800615,0.33408477847328477,0.1592348223444116,0.13391140680429758
241,0.37276899237800615,0.33408477847328477,0.1592348223444116,0.13391140680429758
242,0.37276899237800615,0.33408477847328477,0.1592348223444116,0.13391140680429758
243,0.37276899237800615,0.33408477847328477,0.1592348223444116,0.13391140680429758
244,0.37276899237800615,0.33408477847328477,0.1592348223444116,0.13391140680429758
245,0.37276899237800615,0.33408477847328477,0.1592348223444116,0.13391140680429758
246,0.37276899237800615,0.33408477847328477,0.1592348223444116,0.13391140680429758
247,0.37276899237800615,0.33408477847328477,0.1592348223444116,0.13391140680429758
248,0.37276899237800615,0.33408477847328477,0.1592348223444116,0.13391140680429758
249,0.37276899237800615,0.33408477847328477,0.1592348223444116,0.13391140680429758
250,0.37276899237800615,0.33408477847328477,0.1592348223444116,0.13391140680429758
251,0.37276899237800615,0.33408477847328477,0.1592348223444116,0.13391140680429758
252,0.37276899237800615,0.33408477847328477,0.1592348223444116,0.13391140680429758
253,0.37276899237800615,0.33408477847328477,0.1592348223444116,0.13391140680429758
254,0.37276899237800615,0.33408477847328477,0.1592348223444116,0.13391140680429758
255,0.37276899237800615,0.33408477847328477,0.1592348223444116,0.13391140680429758
256,0.37276899237800615,0.33408477847328477,0.1592348223444116,0.13391140680429758
257,0.37276899237800615,0.33408477847328477,0.1592348223444116,0.13391140680429758
258,0.37276899237800615,0.33408477847328477,0.1592348223444116,0.13391140680429758
259,0.37276899237800615,0.33408477847328477,0.1592348223444116,0.13391140680429758
260,0.37276899237800615,0.33408477847328477,0.1592348223444116,0.13391140680429758
261,0.37276899237800615,0.33408477847328477,0.1592348223444116,0.13391140680429758
262,0.37276899237800615,0.33408477847328477,0.1592348223444116,0.13391140680429758
263,0.37276899237800615,0.33408477847328477,0.1592348223444116,0.13391140680429758
264,0.37276899237800615,0.33408477847328477,0.1592348223444116,0.13391140680429758
265,0.37276899237800615,0.33408477847328477,0.1592348223444116,0.13391140680429758
266,0.37276899237800615,0.33408477847328477,0.1592348223444116,0.13391140680429758
267,0.37276899237800615,0.33408477847328477,0.1592348223444116,0.13391140680429758
268,0.37276899237800615,0.33408477847328477,0.1592348223444116,0.13391140680429758
269,0.37276899237800615,0.33408477847328477,0.1592348223444116,0.13391140680429758
270,0.37276899237800615,0.33408477847328477,0.1592348223444116,0.13391140680429758
271,0.37276899237800615,0.33408477847328477,0.1592348223444116,0.13391140680429758
272,0.37276899237800615,0.33408477847328477,0.1592348223444116,0.13391140680429758
273,0.37276899237800615,0.33408477847328477,0.1592348223444116,0.13391140680429758
274,0.37276899237800615,0.33408477847328477,0.1592348223444116,0.13391140680429758
275,0.37276899237800615,0.33408477847328477,0.1592348223444116,0.13391140680429758
276,0.37276899237800615,0.33408477847328477,0.1592348223444116,0.13391140680429758
277,0.37276899237800615,0.33408477847328477,0.1592348223444116,0.13391140680429758
278,0.37276899237800615,0.33408477847328477,0.1592348223444116,0.13391140680429758
279,0.37276899237800615,0.33408477847328477,0.1592348223444116,0.13391140680429758
280,0.37276899237800615,0.33408477847328477,0.1592348223444116,0.13391140680429758
281,0.37276899237800615,0.33408477847328477,0.1592348223444116,0.13391140680429758
282,0.37276899237800615,0.33408477847328477,0.1592348223444116,0.13391140680429758
283,0.37276899237800615,0.33408477847328477,0.1592348223444116,0.13391140680429758
284,0.37276899237800615,0.33408477847328477,0.1592348223444116,0.13391140680429758
285,0.37276899237800615,0.33408477847328477,0.1592348223444116,0.13391140680429758
286,0.37276899237800615,0.33408477847328477,0.1592348223444116,0.13391140680429758
287,0.37276899237800615,0.33408477847328477,0.1592348223444116,0.13391140680429758
288,0.37276899237800615,0.33408477847328477,0.1592348223444116,0.13391140680429758
289,0.37276899237800615,0.33408477847328477,0.1592348223444116,0.13391140680429758
290,0.37276899237800615,0.33408477847328477,0.1592348223444116,0.13391140680429758
291,0.37276899237800615,0.33408477847328477,0.1592348223444116,0.13391140680429758
292,0.37276899237800615,0.33408477847328477,0.1592348223444116,0.13391140680429758
293,0.37276899237800615,0.33408477847328477,0.1592348223444116,0.13391140680429758
294,0.37276899237800615,0.33408477847328477,0.1592348223444116,0.13391140680429758
295,0.37276899237800615,0.33408477847328477,0.1592348223444116,0.13391140680429758
296,0.37276899237800615,0.33408477847328477,0.1592348223444116,0.13391140680429758
297,0.37276899237800615,0.33408477847328477,0.1592348223444116,0.13391140680429758
298,0.37276899237800615,0.33408477847328477,0.1592348223444116,0.13391140680429758
299,0.37276899237800615,0.33408477847328477,0.1592348223444116,0.13391140680429758
300,0.4001822182661037,0.35056533238043813,0.1616791592171794,0.08757329013627868
301,0.4001822182661037,0.35056533238043813,0.1616791592171794,0.08757329013627868
302,0.4001822182661037,0.35056533238043813,0.1616791592171794,0.08757329013627868
303,0.4001822182661037,0.35056533238043813,0.1616791592171794,0.08757329013627868
304,0.4001822182661037,0.35056533238043813,0.1616791592171794,0.08757329013627868
305,0.4001822182661037,0.35056533238043813,0.1616791592171794,0.08757329013627868
306,0.4001822182661037,0.35056533238043813,0.1616791592171794,0.08757329013627868
307,0.4001822182661037,0.35056533238043813,0.1616791592171794,0.08757329013627868
308,0.4001822182661037,0.35056533238043813,0.1616791592171794,0.08757329013627868
309,0.4001822182661037,0.35056533238043813,0.1616791592171794,0.08757329013627868
310,0.4001822182661037,0.35056533238043813,0.1616791592171794,0.08757329013627868
311,0.4001822182661037,0.35056533238043813,0.1616791592171794,0.08757329013627868
312,0.4001822182661037,0.35056533238043813,0.1616791592171794,0.08757329013627868
313,0.4001822182661037,0.35056533238043813,0.1616791592171794,0.08757329013627868
314,0.4001822182661037,0.35056533238043813,0.1616791592171794,0.08757329013627868
315,0.4001822182661037,0.35056533238043813,0.1616791592171794,0.08757329013627868
316,0.4001822182661037,0.35056533238043813,0.1616791592171794,0.08757329013627868
317,0.4001822182661037,0.35056533238043813,0.1616791592171794,0.08757329013627868
318,0.4001822182661037,0.35056533238043813,0.1616791592171794,0.08757329013627868
319,0.4001822182661037,0.35056533238043813,0.1616791592171794,0.08757329013627868
320,0.4001822182661037,0.35056533238043813,0.1616791592171794,0.08757329013627868
321,0.4001822182661037,0.35056533238043813,0.1616791592171794,0.08757329013627868
322,0.4001822182661037,0.35056533238043813,0.1616791592171794,0.08757329013627868
323,0.4001822182661037,0.35056533238043813,0.1616791592171794,0.08757329013627868
324,0.4001822182661037,0.35056533238043813,0.1616791592171794,0.08757329013627868
325,0.4001822182661037,0.35056533238043813,0.1616791592171794,0.08757329013627868
326,0.4001822182661037,0.35056533238043813,0.1616791592171794,0.08757329013627868
327,0.4001822182661037,0.35056533238043813,0.1616791592171794,0.08757329013627868
328,0.4001822182661037,0.35056533238043813,0.1616791592171794,0.08757329013627868
329,0.4001822182661037,0.35056533238043813,0.1616791592171794,0.08757329013627868
330,0.4001822182661037,0.35056533238043813,0.1616791592171794,0.08757329013627868
331,0.4001822182661037,0.35056533238043813,0.1616791592171794,0.08757329013627868
332,0.4001822182661037,0.35056533238043813,0.1616791592171794,0.08757329013627868
333,0.4001822182661037,0.35056533238043813,0.1616791592171794,0.08757329013627868
334,0.4001822182661037,0.35056533238043813,0.1616791592171794,0.08757329013627868
335,0.4001822182661037,0.35056533238043813,0.1616791592171794,0.08757329013627868
336,0.4001822182661037,0.35056533238043813,0.1616791592171794,0.08757329013627868
337,0.4001822182661037,0.35056533238043813,0.1616791592171794,0.08757329013627868
338,0.4001822182661037,0.35056533238043813,0.1616791592171794,0.08757329013627868
339,0.4001822182661037,0.35056533238043813,0.1616791592171794,0.08757329013627868
340,0.4001822182661037,0.35056533238043813,0.1616791592171794,0.08757329013627868
341,0.4001822182661037,0.35056533238043813,0.1616791592171794,0.08757329013627868
342,0.4001822182661037,0.35056533238043813,0.1616791592171794,0.08757329013627868
343,0.4001822182661037,0.35056533238043813,0.1616791592171794,0.08757329013627868
344,0.4001822182661037,0.35056533238043813,0.1616791592171794,0.08757329013627868
345,0.4001822182661037,0.35056533238043813,0.1616791592171794,0.08757329013627868
346,0.4001822182661037,0.35056533238043813,0.1616791592171794,0.08757329013627868
347,0.4001822182661037,0.35056533238043813,0.1616791592171794,0.08757329013627868
348,0.4001822182661037,0.35056533238043813,0.1616791592171794,0.08757329013627868
349,0.4001822182661037,0.35056533238043813,0.1616791592171794,0.08757329013627868
350,0.4001822182661037,0.35056533238043813,0.1616791592171794,0.08757329013627868
351,0.4001822182661037,0.35056533238043813,0.1616791592171794,0.08757329013627868
352,0.4001822182661037,0.35056533238043813,0.1616791592171794,0.08757329013627868
353,0.4001822182661037,0.35056533238043813,0.1616791592171794,0.08757329013627868
354,0.4001822182661037,0.35056533238043813,0.1616791592171794,0.08757329013627868
355,0.4001822182661037,0.35056533238043813,0.1616791592171794,0.08757329013627868
356,0.4001822182661037,0.35056533238043813,0.1616791592171794,0.08757329013627868
357,0.4001822182661037,0.35056533238043813,0.1616791592171794,0.08757329013627868
358,0.4001822182661037,0.35056533238043813,0.1616791592171794,0.08757329013627868
359,0.4001822182661037,0.35056533238043813,0.1616791592171794,0.08757329013627868
360,0.4001822182661037,0.35056533238043813,0.1616791592171794,0.08757329013627868
361,0.4001822182661037,0.35056533238043813,0.1616791592171794,0.08757329013627868
362,0.4001822182661037,0.35056533238043813,0.1616791592171794,0.08757329013627868
363,0.4001822182661037,0.35056533238043813,0.1616791592171794,0.08757329013627868
364,0.4001822182661037,0.35056533238043813,0.1616791592171794,0.08757329013627868
365,0.4001822182661037,0.35056533238043813,0.1616791592171794,0.08757329013627868
366,0.4001822182661037,0.35056533238043813,0.1616791592171794,0.08757329013627868
367,0.4001822182661037,0.35056533238043813,0.1616791592171794,0.08757329013627868
368,0.4001822182661037,0.35056533238043813,0.1616791592171794,0.08757329013627868
369,0.4001822182661037,0.35056533238043813,0.1616791592171794,0.08757329013627868
370,0.4001822182661037,0.35056533238043813,0.1616791592171794,0.08757329013627868
371,0.4001822182661037,0.35056533238043813,0.1616791592171794,0.08757329013627868
372,0.4001822182661037,0.35056533238043813,0.1616791592171794,0.08757329013627868
373,0.4001822182661037,0.35056533238043813,0.1616791592171794,0.08757329013627868
374,0.4001822182661037,0.35056533238043813,0.1616791592171794,0.08757329013627868
375,0.4001822182661037,0.35056533238043813,0.1616791592171794,0.08757329013627868
376,0.4001822182661037,0.35056533238043813,0.1616791592171794,0.08757329013627868
377,0.4001822182661037,0.35056533238043813,0.1616791592171794,0.08757329013627868
378,0.4001822182661037,0.35056533238043813,0.1616791592171794,0.08757329013627868
379,0.4001822182661037,0.35056533238043813,0.1616791592171794,0.08757329013627868
380,0.4001822182661037,0.35056533238043813,0.1616791592171794,0.08757329013627868
381,0.4001822182661037,0.35056533238043813,0.1616791592171794,0.08757329013627868
382,0.4001822182661037,0.35056533238043813,0.1616791592171794,0.08757329013627868
383,0.4001822182661037,0.35056533238043813,0.1616791592171794,0.08757329013627868
384,0.4001822182661037,0.35056533238043813,0.1616791592171794,0.08757329013627868
385,0.4001822182661037,0.35056533238043813,0.1616791592171794,0.08757329013627868
386,0.4001822182661037,0.35056533238043813,0.1616791592171794,0.08757329013627868
387,0.4001822182661037,0.35056533238043813,0.1616791592171794,0.08757329013627868
388,0.4001822182661037,0.35056533238043813,0.1616791592171794,0.08757329013627868
389,0.4001822182661037,0.35056533238043813,0.1616791592171794,0.08757329013627868
390,0.4001822182661037,0.35056533238043813,0.1616791592171794,0.08757329013627868
391,0.4001822182661037,0.35056533238043813,0.1616791592171794,0.08757329013627868
392,0.4001822182661037,0.35056533238043813,0.1616791592171794,0.08757329013627868
393,0.4001822182661037,0.35056533238043813,0.1616791592171794,0.08757329013627868
394,0.4001822182661037,0.35056533238043813,0.1616791592171794,0.08757329013627868
395,0.4001822182661037,0.35056533238043813,0.1616791592171794,0.08757329013627868
396,0.4001822182661037,0.35056533238043813,0.1616791592171794,0.08757329013627868
397,0.4001822182661037,0.35056533238043813,0.1616791592171794,0.08757329013627868
398,0.4001822182661037,0.35056533238043813,0.1616791592171794,0.08757329013627868
399,0.4001822182661037,0.35056533238043813,0.1616791592171794,0.08757329013627868
400,0.46662190213511945,0.3592766020584222,0.11293202347040834,0.06116947233605016
401,0.46662190213511945,0.3592766020584222,0.11293202347040834,0.06116947233605016
402,0.46662190213511945,0.3592766020584222,0.11293202347040834,0.06116947233605016
403,0.46662190213511945,0.3592766020584222,0.11293202347040834,0.06116947233605016
404,0.46662190213511945,0.3592766020584222,0.11293202347040834,0.06116947233605016
405,0.46662190213511945,0.3592766020584222,0.11293202347040834,0.06116947233605016
406,0.46662190213511945,0.3592766020584222,0.11293202347040834,0.06116947233605016
407,0.46662190213511945,0.3592766020584222,0.11293202347040834,0.06116947233605016
408,0.46662190213511945,0.3592766020584222,0.11293202347040834,0.06116947233605016
409,0.46662190213511945,0.3592766020584222,0.11293202347040834,0.06116947233605016
410,0.46662190213511945,0.3592766020584222,0.11293202347040834,0.06116947233605016
411,0.46662190213511945,0.3592766020584222,0.11293202347040834,0.06116947233605016
412,0.46662190213511945,0.3592766020584222,0.11293202347040834,0.06116947233605016
413,0.46662190213511945,0.3592766020584222,0.11293202347040834,0.06116947233605016
414,0.46662190213511945,0.3592766020584222,0.11293202347040834,0.06116947233605016
415,0.46662190213511945,0.3592766020584222,0.11293202347040834,0.06116947233605016
416,0.46662190213511945,0.3592766020584222,0.11293202347040834,0.06116947233605016
417,0.46662190213511945,0.3592766020584222,0.11293202347040834,0.06116947233605016
418,0.46662190213511945,0.3592766020584222,0.11293202347040834,0.06116947233605016
419,0.46662190213511945,0.3592766020584222,0.11293202347040834,0.06116947233605016
420,0.46662190213511945,0.3592766020584222,0.11293202347040834,0.06116947233605016
421,0.46662190213511945,0.3592766020584222,0.11293202347040834,0.06116947233605016
422,0.46662190213511945,0.3592766020584222,0.11293202347040834,0.06116947233605016
423,0.46662190213511945,0.3592766020584222,0.11293202347040834,0.06116947233605016
424,0.46662190213511945,0.3592766020584222,0.11293202347040834,0.06116947233605016
425,0.46662190213511945,0.3592766020584222,0.11293202347040834,0.06116947233605016
426,0.46662190213511945,0.3592766020584222,0.11293202347040834,0.06116947233605016
427,0.46662190213511945,0.3592766020584222,0.11293202347040834,0.06116947233605016
428,0.46662190213511945,0.3592766020584222,0.11293202347040834,0.06116947233605016
429,0.46662190213511945,0.3592766020584222,0.11293202347040834,0.06116947233605016
430,0.46662190213511945,0.3592766020584222,0.11293202347040834,0.06116947233605016
431,0.46662190213511945,0.3592766020584222,0.11293202347040834,0.06116947233605016
432,0.46662190213511945,0.3592766020584222,0.11293202347040834,0.06116947233605016
433,0.46662190213511945,0.3592766020584222,0.11293202347040834,0.06116947233605016
434,0.46662190213511945,0.3592766020584222,0.11293202347040834,0.06116947233605016
435,0.46662190213511945,0.3592766020584222,0.11293202347040834,0.06116947233605016
436,0.46662190213511945,0.3592766020584222,0.11293202347040834,0.06116947233605016
437,0.46662190213511945,0.3592766020584222,0.11293202347040834,0.06116947233605016
438,0.46662190213511945,0.3592766020584222,0.11293202347040834,0.06116947233605016
439,0.46662190213511945,0.3592766020584222,0.11293202347040834,0.06116947233605016
440,0.46662190213511945,0.3592766020584222,0.11293202347040834,0.06116947233605016
441,0.46662190213511945,0.3592766020584222,0.11293202347040834,0.06116947233605016
442,0.46662190213511945,0.3592766020584222,0.11293202347040834,0.06116947233605016
443,0.46662190213511945,0.3592766020584222,0.11293202347040834,0.06116947233605016
444,0.46662190213511945,0.3592766020584222,0.11293202347040834,0.06116947233605016
445,0.46662190213511945,0.3592766020584222,0.11293202347040834,0.06116947233605016
446,0.46662190213511945,0.3592766020584222,0.11293202347040834,0.06116947233605016
447,0.46662190213511945,0.3592766020584222,0.11293202347040834,0.06116947233605016
448,0.46662190213511945,0.3592766020584222,0.11293202347040834,0.06116947233605016
449,0.46662190213511945,0.3592766020584222,0.11293202347040834,0.06116947233605016
450,0.46662190213511945,0.3592766020584222,0.11293202347040834,0.06116947233605016
451,0.46662190213511945,0.3592766020584222,0.11293202347040834,0.06116947233605016
452,0.46662190213511945,0.3592766020584222,0.11293202347040834,0.06116947233605016
453,0.46662190213511945,0.3592766020584222,0.11293202347040834,0.06116947233605016
454,0.46662190213511945,0.3592766020584222,0.11293202347040834,0.06116947233605016
455,0.46662190213511945,0.3592766020584222,0.11293202347040834,0.06116947233605016
456,0.46662190213511945,0.3592766020584222,0.11293202347040834,0.06116947233605016
457,0.46662190213511945,0.3592766020584222,0.11293202347040834,0.06116947233605016
458,0.46662190213511945,0.3592766020584222,0.11293202347040834,0.06116947233605016
459,0.46662190213511945,0.3592766020584222,0.11293202347040834,0.06116947233605016
460,0.46662190213511945,0.3592766020584222,0.11293202347040834,0.06116947233605016
461,0.46662190213511945,0.3592766020584222,0.11293202347040834,0.06116947233605016
462,0.46662190213511945,0.3592766020584222,0.11293202347040834,0.06116947233605016
463,0.46662190213511945,0.3592766020584222,0.11293202347040834,0.06116947233605016
464,0.46662190213511945,0.3592766020584222,0.11293202347040834,0.06116947233605016
465,0.46662190213511945,0.3592766020584222,0.11293202347040834,0.06116947233605016
466,0.46662190213511945,0.3592766020584222,0.11293202347040834,0.06116947233605016
467,0.46662190213511945,0.3592766020584222,0.11293202347040834,0.06116947233605016
468,0.46662190213511945,0.3592766020584222,0.11293202347040834,0.06116947233605016
469,0.46662190213511945,0.3592766020584222,0.11293202347040834,0.06116947233605016
470,0.46662190213511945,0.3592766020584222,0.11293202347040834,0.06116947233605016
471,0.46662190213511945,0.3592766020584222,0.11293202347040834,0.06116947233605016
472,0.46662190213511945,0.3592766020584222,0.11293202347040834,0.06116947233605016
473,0.46662190213511945,0.3592766020584222,0.11293202347040834,0.06116947233605016
474,0.46662190213511945,0.3592766020584222,0.11293202347040834,0.06116947233605016
475,0.46662190213511945,0.3592766020584222,0.11293202347040834,0.06116947233605016
476,0.46662190213511945,0.3592766020584222,0.11293202347040834,0.06116947233605016
477,0.46662190213511945,0.3592766020584222,0.11293202347040834,0.06116947233605016
478,0.46662190213511945,0.3592766020584222,0.11293202347040834,0.06116947233605016
479,0.46662190213511945,0.3592766020584222,0.11293202347040834,0.06116947233605016
480,0.46662190213511945,0.3592766020584222,0.11293202347040834,0.06116947233605016
481,0.46662190213511945,0.3592766020584222,0.11293202347040834,0.06116947233605016
482,0.46662190213511945,0.3592766020584222,0.11293202347040834,0.06116947233605016
483,0.46662190213511945,0.3592766020584222,0.11293202347040834,0.06116947233605016
484,0.46662190213511945,0.3592766020584222,0.11293202347040834,0.06116947233605016
485,0.46662190213511945,0.3592766020584222,0.11293202347040834,0.06116947233605016
486,0.46662190213511945,0.3592766020584222,0.11293202347040834,0.06116947233605016
487,0.46662190213511945,0.3592766020584222,0.11293202347040834,0.06116947233605016
488,0.46662190213511945,0.3592766020584222,0.11293202347040834,0.06116947233605016
489,0.46662190213511945,0.3592766020584222,0.11293202347040834,0.06116947233605016
490,0.46662190213511945,0.3592766020584222,0.11293202347040834,0.06116947233605016
491,0.46662190213511945,0.3592766020584222,0.11293202347040834,0.06116947233605016
492,0.46662190213511945,0.3592766020584222,0.11293202347040834,0.06116947233605016
493,0.46662190213511945,0.3592766020584222,0.11293202347040834,0.06116947233605016
494,0.46662190213511945,0.3592766020584222,0.11293202347040834,0.06116947233605016
495,0.46662190213511945,0.3592766020584222,0.11293202347040834,0.06116947233605016
496,0.46662190213511945,0.3592766020584222,0.11293202347040834,0.06116947233605016
497,0.46662190213511945,0.3592766020584222,0.11293202347040834,0.06116947233605016
498,0.46662190213511945,0.3592766020584222,0.11293202347040834,0.06116947233605016
499,0.46662190213511945,0.3592766020584222,0.11293202347040834,0.06116947233605016
500,0.4812279873180003,0.38507437292714436,0.09077160150826685,0.04292603824658837
501,0.4812279873180003,0.38507437292714436,0.09077160150826685,0.04292603824658837
502,0.4812279873180003,0.38507437292714436,0.09077160150826685,0.04292603824658837
503,0.4812279873180003,0.38507437292714436,0.09077160150826685,0.04292603824658837
504,0.4812279873180003,0.38507437292714436,0.09077160150826685,0.04292603824658837
505,0.4812279873180003,0.38507437292714436,0.09077160150826685,0.04292603824658837
506,0.4812279873180003,0.38507437292714436,0.09077160150826685,0.04292603824658837
507,0.4812279873180003,0.38507437292714436,0.09077160150826685,0.04292603824658837
508,0.4812279873180003,0.38507437292714436,0.09077160150826685,0.04292603824658837
509,0.4812279873180003,0.38507437292714436,0.09077160150826685,0.04292603824658837
510,0.4812279873180003,0.38507437292714436,0.09077160150826685,0.04292603824658837
511,0.4812279873180003,0.38507437292714436,0.09077160150826685,0.04292603824658837
512,0.4812279873180003,0.38507437292714436,0.09077160150826685,0.04292603824658837
513,0.4812279873180003,0.38507437292714436,0.09077160150826685,0.04292603824658837
514,0.4812279873180003,0.38507437292714436,0.09077160150826685,0.04292603824658837
515,0.4812279873180003,0.38507437292714436,0.09077160150826685,0.04292603824658837
516,0.4812279873180003,0.38507437292714436,0.09077160150826685,0.04292603824658837
517,0.4812279873180003,0.38507437292714436,0.09077160150826685,0.04292603824658837
518,0.4812279873180003,0.38507437292714436,0.09077160150826685,0.04292603824658837
519,0.4812279873180003,0.38507437292714436,0.09077160150826685,0.04292603824658837
520,0.4812279873180003,0.38507437292714436,0.09077160150826685,0.04292603824658837
521,0.4812279873180003,0.38507437292714436,0.09077160150826685,0.04292603824658837
522,0.4812279873180003,0.38507437292714436,0.09077160150826685,0.04292603824658837
523,0.4812279873180003,0.38507437292714436,0.09077160150826685,0.04292603824658837
524,0.4812279873180003,0.38507437292714436,0.09077160150826685,0.04292603824658837
525,0.4812279873180003,0.38507437292714436,0.09077160150826685,0.04292603824658837
526,0.4812279873180003,0.38507437292714436,0.09077160150826685,0.04292603824658837
527,0.4812279873180003,0.38507437292714436,0.09077160150826685,0.04292603824658837
528,0.4812279873180003,0.38507437292714436,0.09077160150826685,0.04292603824658837
529,0.4812279873180003,0.38507437292714436,0.09077160150826685,0.04292603824658837
530,0.4812279873180003,0.38507437292714436,0.09077160150826685,0.04292603824658837
531,0.4812279873180003,0.38507437292714436,0.09077160150826685,0.04292603824658837
532,0.4812279873180003,0.38507437292714436,0.09077160150826685,0.04292603824658837
533,0.4812279873180003,0.38507437292714436,0.09077160150826685,0.04292603824658837
534,0.4812279873180003,0.38507437292714436,0.09077160150826685,0.04292603824658837
535,0.4812279873180003,0.38507437292714436,0.09077160150826685,0.04292603824658837
536,0.4812279873180003,0.38507437292714436,0.09077160150826685,0.04292603824658837
537,0.4812279873180003,0.38507437292714436,0.09077160150826685,0.04292603824658837
538,0.4812279873180003,0.38507437292714436,0.09077160150826685,0.04292603824658837
539,0.4812279873180003,0.38507437292714436,0.09077160150826685,0.04292603824658837
540,0.4812279873180003,0.38507437292714436,0.09077160150826685,0.04292603824658837
541,0.4812279873180003,0.38507437292714436,0.09077160150826685,0.04292603824658837
542,0.4812279873180003,0.38507437292714436,0.09077160150826685,0.04292603824658837
543,0.4812279873180003,0.38507437292714436,0.09077160150826685,0.04292603824658837
544,0.4812279873180003,0.38507437292714436,0.09077160150826685,0.04292603824658837
545,0.4812279873180003,0.38507437292714436,0.09077160150826685,0.04292603824658837
546,0.4812279873180003,0.38507437292714436,0.09077160150826685,0.04292603824658837
547,0.4812279873180003,0.38507437292714436,0.09077160150826685,0.04292603824658837
548,0.4812279873180003,0.38507437292714436,0.09077160150826685,0.04292603824658837
549,0.4812279873180003,0.38507437292714436,0.09077160150826685,0.04292603824658837
550,0.4812279873180003,0.38507437292714436,0.09077160150826685,0.04292603824658837
551,0.4812279873180003,0.38507437292714436,0.09077160150826685,0.04292603824658837
552,0.4812279873180003,0.38507437292714436,0.09077160150826685,0.04292603824658837
553,0.4812279873180003,0.38507437292714436,0.09077160150826685,0.04292603824658837
554,0.4812279873180003,0.38507437292714436,0.09077160150826685,0.04292603824658837
555,0.4812279873180003,0.38507437292714436,0.09077160150826685,0.04292603824658837
556,0.4812279873180003,0.38507437292714436,0.09077160150826685,0.04292603824658837
557,0.4812279873180003,0.38507437292714436,0.09077160150826685,0.04292603824658837
558,0.4812279873180003,0.38507437292714436,0.09077160150826685,0.04292603824658837
559,0.4812279873180003,0.38507437292714436,0.09077160150826685,0.04292603824658837
560,0.4812279873180003,0.38507437292714436,0.09077160150826685,0.04292603824658837
561,0.4812279873180003,0.38507437292714436,0.09077160150826685,0.04292603824658837
562,0.4812279873180003,0.38507437292714436,0.09077160150826685,0.04292603824658837
563,0.4812279873180003,0.38507437292714436,0.09077160150826685,0.04292603824658837
564,0.4812279873180003,0.38507437292714436,0.09077160150826685,0.04292603824658837
565,0.4812279873180003,0.38507437292714436,0.09077160150826685,0.04292603824658837
566,0.4812279873180003,0.38507437292714436,0.09077160150826685,0.04292603824658837
567,0.4812279873180003,0.38507437292714436,0.09077160150826685,0.04292603824658837
568,0.4812279873180003,0.38507437292714436,0.09077160150826685,0.04292603824658837
569,0.4812279873180003,0.38507437292714436,0.09077160150826685,0.04292603824658837
570,0.4812279873180003,0.38507437292714436,0.09077160150826685,0.04292603824658837
571,0.4812279873180003,0.38507437292714436,0.09077160150826685,0.04292603824658837
572,0.4812279873180003,0.38507437292714436,0.09077160150826685,0.04292603824658837
573,0.4812279873180003,0.38507437292714436,0.09077160150826685,0.04292603824658837
574,0.4812279873180003,0.38507437292714436,0.09077160150826685,0.04292603824658837
575,0.4812279873180003,0.38507437292714436,0.09077160150826685,0.04292603824658837
576,0.4812279873180003,0.38507437292714436,0.09077160150826685,0.04292603824658837
577,0.4812279873180003,0.38507437292714436,0.09077160150826685,0.04292603824658837
578,0.4812279873180003,0.38507437292714436,0.09077160150826685,0.04292603824658837
579,0.4812279873180003,0.38507437292714436,0.09077160150826685,0.04292603824658837
580,0.4812279873180003,0.38507437292714436,0.09077160150826685,0.04292603824658837
581,0.4812279873180003,0.38507437292714436,0.09077160150826685,0.04292603824658837
582,0.4812279873180003,0.38507437292714436,0.09077160150826685,0.04292603824658837
583,0.4812279873180003,0.38507437292714436,0.09077160150826685,0.04292603824658837
584,0.4812279873180003,0.38507437292714436,0.09077160150826685,0.04292603824658837
585,0.4812279873180003,0.38507437292714436,0.09077160150826685,0.04292603824658837
586,0.4812279873180003,0.38507437292714436,0.09077160150826685,0.04292603824658837
587,0.4812279873180003,0.38507437292714436,0.09077160150826685,0.04292603824658837
588,0.4812279873180003,0.38507437292714436,0.09077160150826685,0.04292603824658837
589,0.4812279873180003,0.38507437292714436,0.09077160150826685,0.04292603824658837
590,0.4812279873180003,0.38507437292714436,0.09077160150826685,0.04292603824658837
591,0.4812279873180003,0.38507437292714436,0.09077160150826685,0.04292603824658837
592,0.4812279873180003,0.38507437292714436,0.09077160150826685,0.04292603824658837
593,0.4812279873180003,0.38507437292714436,0.09077160150826685,0.04292603824658837
594,0.4812279873180003,0.38507437292714436,0.09077160150826685,0.04292603824658837
595,0.4812279873180003,0.38507437292714436,0.09077160150826685,0.04292603824658837
596,0.4812279873180003,0.38507437292714436,0.09077160150826685,0.04292603824658837
597,0.4812279873180003,0.38507437292714436,0.09077160150826685,0.04292603824658837
598,0.4812279873180003,0.38507437292714436,0.09077160150826685,0.04292603824658837
599,0.4812279873180003,0.38507437292714436,0.09077160150826685,0.04292603824658837
600,0.5000550711316568,0.4027447624458969,0.057564576126384576,0.039635590296061646
601,0.5000550711316568,0.4027447624458969,0.057564576126384576,0.039635590296061646
602,0.5000550711316568,0.4027447624458969,0.057564576126384576,0.039635590296061646
603,0.5000550711316568,0.4027447624458969,0.057564576126384576,0.039635590296061646
604,0.5000550711316568,0.4027447624458969,0.057564576126384576,0.039635590296061646
605,0.5000550711316568,0.4027447624458969,0.057564576126384576,0.039635590296061646
606,0.5000550711316568,0.4027447624458969,0.057564576126384576,0.039635590296061646
607,0.5000550711316568,0.4027447624458969,0.057564576126384576,0.039635590296061646
608,0.5000550711316568,0.4027447624458969,0.057564576126384576,0.039635590296061646
609,0.5000550711316568,0.4027447624458969,0.057564576126384576,0.039635590296061646
610,0.5000550711316568,0.4027447624458969,0.057564576126384576,0.039635590296061646
611,0.5000550711316568,0.4027447624458969,0.057564576126384576,0.039635590296061646
612,0.5000550711316568,0.4027447624458969,0.057564576126384576,0.039635590296061646
613,0.5000550711316568,0.4027447624458969,0.057564576126384576,0.039635590296061646
614,0.5000550711316568,0.4027447624458969,0.057564576126384576,0.039635590296061646
615,0.5000550711316568,0.4027447624458969,0.057564576126384576,0.039635590296061646
616,0.5000550711316568,0.4027447624458969,0.057564576126384576,0.039635590296061646
617,0.5000550711316568,0.4027447624458969,0.057564576126384576,0.039635590296061646
618,0.5000550711316568,0.4027447624458969,0.057564576126384576,0.039635590296061646
619,0.5000550711316568,0.4027447624458969,0.057564576126384576,0.039635590296061646
620,0.5000550711316568,0.4027447624458969,0.057564576126384576,0.039635590296061646
621,0.5000550711316568,0.4027447624458969,0.057564576126384576,0.039635590296061646
622,0.5000550711316568,0.4027447624458969,0.057564576126384576,0.039635590296061646
623,0.5000550711316568,0.4027447624458969,0.057564576126384576,0.039635590296061646
624,0.5000550711316568,0.4027447624458969,0.057564576126384576,0.039635590296061646
625,0.5000550711316568,0.4027447624458969,0.057564576126384576,0.039635590296061646
626,0.5000550711316568,0.4027447624458969,0.057564576126384576,0.039635590296061646
627,0.5000550711316568,0.4027447624458969,0.057564576126384576,0.039635590296061646
628,0.5000550711316568,0.4027447624458969,0.057564576126384576,0.039635590296061646
629,0.5000550711316568,0.4027447624458969,0.057564576126384576,0.039635590296061646
630,0.5000550711316568,0.4027447624458969,0.057564576126384576,0.039635590296061646
631,0.5000550711316568,0.4027447624458969,0.057564576126384576,0.039635590296061646
632,0.5000550711316568,0.4027447624458969,0.057564576126384576,0.039635590296061646
633,0.5000550711316568,0.4027447624458969,0.057564576126384576,0.039635590296061646
634,0.5000550711316568,0.4027447624458969,0.057564576126384576,0.039635590296061646
635,0.5000550711316568,0.4027447624458969,0.057564576126384576,0.039635590296061646
636,0.5000550711316568,0.4027447624458969,0.057564576126384576,0.039635590296061646
637,0.5000550711316568,0.4027447624458969,0.057564576126384576,0.039635590296061646
638,0.5000550711316568,0.4027447624458969,0.057564576126384576,0.039635590296061646
639,0.5000550711316568,0.4027447624458969,0.057564576126384576,0.039635590296061646
640,0.5000550711316568,0.4027447624458969,0.057564576126384576,0.039635590296061646
641,0.5000550711316568,0.4027447624458969,0.057564576126384576,0.039635590296061646
642,0.5000550711316568,0.4027447624458969,0.057564576126384576,0.039635590296061646
643,0.5000550711316568,0.4027447624458969,0.057564576126384576,0.039635590296061646
644,0.5000550711316568,0.4027447624458969,0.057564576126384576,0.039635590296061646
645,0.5000550711316568,0.4027447624458969,0.057564576126384576,0.039635590296061646
646,0.5000550711316568,0.4027447624458969,0.057564576126384576,0.039635590296061646
647,0.5000550711316568,0.4027447624458969,0.057564576126384576,0.039635590296061646
648,0.5000550711316568,0.4027447624458969,0.057564576126384576,0.039635590296061646
649,0.5000550711316568,0.4027447624458969,0.057564576126384576,0.039635590296061646
650,0.5000550711316568,0.4027447624458969,0.057564576126384576,0.039635590296061646
651,0.5000550711316568,0.4027447624458969,0.057564576126384576,0.039635590296061646
652,0.5000550711316568,0.4027447624458969,0.057564576126384576,0.039635590296061646
653,0.5000550711316568,0.4027447624458969,0.057564576126384576,0.039635590296061646
654,0.5000550711316568,0.4027447624458969,0.057564576126384576,0.039635590296061646
655,0.5000550711316568,0.4027447624458969,0.057564576126384576,0.039635590296061646
656,0.5000550711316568,0.4027447624458969,0.057564576126384576,0.039635590296061646
657,0.5000550711316568,0.4027447624458969,0.057564576126384576,0.039635590296061646
658,0.5000550711316568,0.4027447624458969,0.057564576126384576,0.039635590296061646
659,0.5000550711316568,0.4027447624458969,0.057564576126384576,0.039635590296061646
660,0.5000550711316568,0.4027447624458969,0.057564576126384576,0.039635590296061646
661,0.5000550711316568,0.4027447624458969,0.057564576126384576,0.039635590296061646
662,0.5000550711316568,0.4027447624458969,0.057564576126384576,0.039635590296061646
663,0.5000550711316568,0.4027447624458969,0.057564576126384576,0.039635590296061646
664,0.5000550711316568,0.4027447624458969,0.057564576126384576,0.039635590296061646
665,0.5000550711316568,0.4027447624458969,0.057564576126384576,0.039635590296061646
666,0.5000550711316568,0.4027447624458969,0.057564576126384576,0.039635590296061646
667,0.5000550711316568,0.4027447624458969,0.057564576126384576,0.039635590296061646
668,0.5000550711316568,0.4027447624458969,0.057564576126384576,0.039635590296061646
669,0.5000550711316568,0.4027447624458969,0.057564576126384576,0.039635590296061646
670,0.5000550711316568,0.4027447624458969,0.057564576126384576,0.039635590296061646
671,0.5000550711316568,0.4027447624458969,0.057564576126384576,0.039635590296061646
672,0.5000550711316568,0.4027447624458969,0.057564576126384576,0.039635590296061646
673,0.5000550711316568,0.4027447624458969,0.057564576126384576,0.039635590296061646
674,0.5000550711316568,0.4027447624458969,0.057564576126384576,0.039635590296061646
675,0.5000550711316568,0.4027447624458969,0.057564576126384576,0.039635590296061646
676,0.5000550711316568,0.4027447624458969,0.057564576126384576,0.039635590296061646
677,0.5000550711316568,0.4027447624458969,0.057564576126384576,0.039635590296061646
678,0.5000550711316568,0.4027447624458969,0.057564576126384576,0.039635590296061646
679,0.5000550711316568,0.4027447624458969,0.057564576126384576,0.039635590296061646
680,0.5000550711316568,0.4027447624458969,0.057564576126384576,0.039635590296061646
681,0.5000550711316568,0.4027447624458969,0.057564576126384576,0.039635590296061646
682,0.5000550711316568,0.4027447624458969,0.057564576126384576,0.039635590296061646
683,0.5000550711316568,0.4027447624458969,0.057564576126384576,0.039635590296061646
684,0.5000550711316568,0.4027447624458969,0.057564576126384576,0.039635590296061646
685,0.5000550711316568,0.4027447624458969,0.057564576126384576,0.039635590296061646
686,0.5000550711316568,0.4027447624458969,0.057564576126384576,0.039635590296061646
687,0.5000550711316568,0.4027447624458969,0.057564576126384576,0.039635590296061646
688,0.5000550711316568,0.4027447624458969,0.057564576126384576,0.039635590296061646
689,0.5000550711316568,0.4027447624458969,0.057564576126384576,0.039635590296061646
690,0.5000550711316568,0.4027447624458969,0.057564576126384576,0.039635590296061646
691,0.5000550711316568,0.4027447624458969,0.057564576126384576,0.039635590296061646
692,0.5000550711316568,0.4027447624458969,0.057564576126384576,0.039635590296061646
693,0.5000550711316568,0.4027447624458969,0.057564576126384576,0.039635590296061646
694,0.5000550711316568,0.4027447624458969,0.057564576126384576,0.039635590296061646
695,0.5000550711316568,0.4027447624458969,0.057564576126384576,0.039635590296061646
696,0.5000550711316568,0.4027447624458969,0.057564576126384576,0.039635590296061646
697,0.5000550711316568,0.4027447624458969,0.057564576126384576,0.039635590296061646
698,0.5000550711316568,0.4027447624458969,0.057564576126384576,0.039635590296061646
699,0.5000550711316568,0.4027447624458969,0.057564576126384576,0.039635590296061646
700,0.5078761737593581,0.329642853238124,0.1210426673396864,0.041438305662831534
701,0.5078761737593581,0.329642853238124,0.1210426673396864,0.041438305662831534
702,0.5078761737593581,0.329642853238124,0.1210426673396864,0.041438305662831534
703,0.5078761737593581,0.329642853238124,0.1210426673396864,0.041438305662831534
704,0.5078761737593581,0.329642853238124,0.1210426673396864,0.041438305662831534
705,0.5078761737593581,0.329642853238124,0.1210426673396864,0.041438305662831534
706,0.5078761737593581,0.329642853238124,0.1210426673396864,0.041438305662831534
707,0.5078761737593581,0.329642853238124,0.1210426673396864,0.041438305662831534
708,0.5078761737593581,0.329642853238124,0.1210426673396864,0.041438305662831534
709,0.5078761737593581,0.329642853238124,0.1210426673396864,0.041438305662831534
710,0.5078761737593581,0.329642853238124,0.1210426673396864,0.041438305662831534
711,0.5078761737593581,0.329642853238124,0.1210426673396864,0.041438305662831534
712,0.5078761737593581,0.329642853238124,0.1210426673396864,0.041438305662831534
713,0.5078761737593581,0.329642853238124,0.1210426673396864,0.041438305662831534
714,0.5078761737593581,0.329642853238124,0.1210426673396864,0.041438305662831534
715,0.5078761737593581,0.329642853238124,0.1210426673396864,0.041438305662831534
716,0.5078761737593581,0.329642853238124,0.1210426673396864,0.041438305662831534
717,0.5078761737593581,0.329642853238124,0.1210426673396864,0.041438305662831534
718,0.5078761737593581,0.329642853238124,0.1210426673396864,0.041438305662831534
719,0.5078761737593581,0.329642853238124,0.1210426673396864,0.041438305662831534
720,0.5078761737593581,0.329642853238124,0.1210426673396864,0.041438305662831534
721,0.5078761737593581,0.329642853238124,0.1210426673396864,0.041438305662831534
722,0.5078761737593581,0.329642853238124,0.1210426673396864,0.041438305662831534
723,0.5078761737593581,0.329642853238124,0.1210426673396864,0.041438305662831534
724,0.5078761737593581,0.329642853238124,0.1210426673396864,0.041438305662831534
725,0.5078761737593581,0.329642853238124,0.1210426673396864,0.041438305662831534
726,0.5078761737593581,0.329642853238124,0.1210426673396864,0.041438305662831534
727,0.5078761737593581,0.329642853238124,0.1210426673396864,0.041438305662831534
728,0.5078761737593581,0.329642853238124,0.1210426673396864,0.041438305662831534
729,0.5078761737593581,0.329642853238124,0.1210426673396864,0.041438305662831534
730,0.5078761737593581,0.329642853238124,0.1210426673396864,0.041438305662831534
731,0.5078761737593581,0.329642853238124,0.1210426673396864,0.041438305662831534
732,0.5078761737593581,0.329642853238124,0.1210426673396864,0.041438305662831534
733,0.5078761737593581,0.329642853238124,0.1210426673396864,0.041438305662831534
734,0.5078761737593581,0.329642853238124,0.1210426673396864,0.041438305662831534
735,0.5078761737593581,0.329642853238124,0.1210426673396864,0.041438305662831534
736,0.5078761737593581,0.329642853238124,0.1210426673396864,0.041438305662831534
737,0.5078761737593581,0.329642853238124,0.1210426673396864,0.041438305662831534
738,0.5078761737593581,0.329642853238124,0.1210426673396864,0.041438305662831534
739,0.5078761737593581,0.329642853238124,0.1210426673396864,0.041438305662831534
740,0.5078761737593581,0.329642853238124,0.1210426673396864,0.041438305662831534
741,0.5078761737593581,0.329642853238124,0.1210426673396864,0.041438305662831534
742,0.5078761737593581,0.329642853238124,0.1210426673396864,0.041438305662831534
743,0.5078761737593581,0.329642853238124,0.1210426673396864,0.041438305662831534
744,0.5078761737593581,0.329642853238124,0.1210426673396864,0.041438305662831534
745,0.5078761737593581,0.329642853238124,0.1210426673396864,0.041438305662831534
746,0.5078761737593581,0.329642853238124,0.1210426673396864,0.041438305662831534
747,0.5078761737593581,0.329642853238124,0.1210426673396864,0.041438305662831534
748,0.5078761737593581,0.329642853238124,0.1210426673396864,0.041438305662831534
749,0.5078761737593581,0.329642853238124,0.1210426673396864,0.041438305662831534
750,0.5078761737593581,0.329642853238124,0.1210426673396864,0.041438305662831534
751,0.5078761737593581,0.329642853238124,0.1210426673396864,0.041438305662831534
752,0.5078761737593581,0.329642853238124,0.1210426673396864,0.041438305662831534
753,0.5078761737593581,0.329642853238124,0.1210426673396864,0.041438305662831534
754,0.5078761737593581,0.329642853238124,0.1210426673396864,0.041438305662831534
755,0.5078761737593581,0.329642853238124,0.1210426673396864,0.041438305662831534
756,0.5078761737593581,0.329642853238124,0.1210426673396864,0.041438305662831534
757,0.5078761737593581,0.329642853238124,0.1210426673396864,0.041438305662831534
758,0.5078761737593581,0.329642853238124,0.1210426673396864,0.041438305662831534
759,0.5078761737593581,0.329642853238124,0.1210426673396864,0.041438305662831534
760,0.5078761737593581,0.329642853238124,0.1210426673396864,0.041438305662831534
761,0.5078761737593581,0.329642853238124,0.1210426673396864,0.041438305662831534
762,0.5078761737593581,0.329642853238124,0.1210426673396864,0.041438305662831534
763,0.5078761737593581,0.329642853238124,0.1210426673396864,0.041438305662831534
764,0.5078761737593581,0.329642853238124,0.1210426673396864,0.041438305662831534
765,0.5078761737593581,0.329642853238124,0.1210426673396864,0.041438305662831534
766,0.5078761737593581,0.329642853238124,0.1210426673396864,0.041438305662831534
767,0.5078761737593581,0.329642853238124,0.1210426673396864,0.041438305662831534
768,0.5078761737593581,0.329642853238124,0.1210426673396864,0.041438305662831534
769,0.5078761737593581,0.329642853238124,0.1210426673396864,0.041438305662831534
770,0.5078761737593581,0.329642853238124,0.1210426673396864,0.041438305662831534
771,0.5078761737593581,0.329642853238124,0.1210426673396864,0.041438305662831534
772,0.5078761737593581,0.329642853238124,0.1210426673396864,0.041438305662831534
773,0.5078761737593581,0.329642853238124,0.1210426673396864,0.041438305662831534
774,0.5078761737593581,0.329642853238124,0.1210426673396864,0.041438305662831534
775,0.5078761737593581,0.329642853238124,0.1210426673396864,0.041438305662831534
776,0.5078761737593581,0.329642853238124,0.1210426673396864,0.041438305662831534
777,0.5078761737593581,0.329642853238124,0.1210426673396864,0.041438305662831534
778,0.5078761737593581,0.329642853238124,0.1210426673396864,0.041438305662831534
779,0.5078761737593581,0.329642853238124,0.1210426673396864,0.041438305662831534
780,0.5078761737593581,0.329642853238124,0.1210426673396864,0.041438305662831534
781,0.5078761737593581,0.329642853238124,0.1210426673396864,0.041438305662831534
782,0.5078761737593581,0.329642853238124,0.1210426673396864,0.041438305662831534
783,0.5078761737593581,0.329642853238124,0.1210426673396864,0.041438305662831534
784,0.5078761737593581,0.329642853238124,0.1210426673396864,0.041438305662831534
785,0.5078761737593581,0.329642853238124,0.1210426673396864,0.041438305662831534
786,0.5078761737593581,0.329642853238124,0.1210426673396864,0.041438305662831534
787,0.5078761737593581,0.329642853238124,0.1210426673396864,0.041438305662831534
788,0.5078761737593581,0.329642853238124,0.1210426673396864,0.041438305662831534
789,0.5078761737593581,0.329642853238124,0.1210426673396864,0.041438305662831534
790,0.5078761737593581,0.329642853238124,0.1210426673396864,0.041438305662831534
791,0.5078761737593581,0.329642853238124,0.1210426673396864,0.041438305662831534
792,0.5078761737593581,0.329642853238124,0.1210426673396864,0.041438305662831534
793,0.5078761737593581,0.329642853238124,0.1210426673396864,0.041438305662831534
794,0.5078761737593581,0.329642853238124,0.1210426673396864,0.041438305662831534
795,0.5078761737593581,0.329642853238124,0.1210426673396864,0.041438305662831534
796,0.5078761737593581,0.329642853238124,0.1210426673396864,0.041438305662831534
797,0.5078761737593581,0.329642853238124,0.1210426673396864,0.041438305662831534
798,0.5078761737593581,0.329642853238124,0.1210426673396864,0.041438305662831534
799,0.5078761737593581,0.329642853238124,0.1210426673396864,0.041438305662831534
800,0.5201253289461769,0.34198201207584356,0.09710961415080643,0.04078304482717315
801,0.5201253289461769,0.34198201207584356,0.09710961415080643,0.04078304482717315
802,0.5201253289461769,0.34198201207584356,0.09710961415080643,0.04078304482717315
803,0.5201253289461769,0.34198201207584356,0.09710961415080643,0.04078304482717315
804,0.5201253289461769,0.34198201207584356,0.09710961415080643,0.04078304482717315
805,0.5201253289461769,0.34198201207584356,0.09710961415080643,0.04078304482717315
806,0.5201253289461769,0.34198201207584356,0.09710961415080643,0.04078304482717315
807,0.5201253289461769,0.34198201207584356,0.09710961415080643,0.04078304482717315
808,0.5201253289461769,0.34198201207584356,0.09710961415080643,0.04078304482717315
809,0.5201253289461769,0.34198201207584356,0.09710961415080643,0.04078304482717315
810,0.5201253289461769,0.34198201207584356,0.09710961415080643,0.04078304482717315
811,0.5201253289461769,0.34198201207584356,0.09710961415080643,0.04078304482717315
812,0.5201253289461769,0.34198201207584356,0.09710961415080643,0.04078304482717315
813,0.5201253289461769,0.34198201207584356,0.09710961415080643,0.04078304482717315
814,0.5201253289461769,0.34198201207584356,0.09710961415080643,0.04078304482717315
815,0.5201253289461769,0.34198201207584356,0.09710961415080643,0.04078304482717315
816,0.5201253289461769,0.34198201207584356,0.09710961415080643,0.04078304482717315
817,0.5201253289461769,0.34198201207584356,0.09710961415080643,0.04078304482717315
818,0.5201253289461769,0.34198201207584356,0.09710961415080643,0.04078304482717315
819,0.5201253289461769,0.34198201207584356,0.09710961415080643,0.04078304482717315
820,0.5201253289461769,0.34198201207584356,0.09710961415080643,0.04078304482717315
821,0.5201253289461769,0.34198201207584356,0.09710961415080643,0.04078304482717315
822,0.5201253289461769,0.34198201207584356,0.09710961415080643,0.04078304482717315
823,0.5201253289461769,0.34198201207584356,0.09710961415080643,0.04078304482717315
824,0.5201253289461769,0.34198201207584356,0.09710961415080643,0.04078304482717315
825,0.5201253289461769,0.34198201207584356,0.09710961415080643,0.04078304482717315
826,0.5201253289461769,0.34198201207584356,0.09710961415080643,0.04078304482717315
827,0.5201253289461769,0.34198201207584356,0.09710961415080643,0.04078304482717315
828,0.5201253289461769,0.34198201207584356,0.09710961415080643,0.04078304482717315
829,0.5201253289461769,0.34198201207584356,0.09710961415080643,0.04078304482717315
830,0.5201253289461769,0.34198201207584356,0.09710961415080643,0.04078304482717315
831,0.5201253289461769,0.34198201207584356,0.09710961415080643,0.04078304482717315
832,0.5201253289461769,0.34198201207584356,0.09710961415080643,0.04078304482717315
833,0.5201253289461769,0.34198201207584356,0.09710961415080643,0.04078304482717315
834,0.5201253289461769,0.34198201207584356,0.09710961415080643,0.04078304482717315
835,0.5201253289461769,0.34198201207584356,0.09710961415080643,0.04078304482717315
836,0.5201253289461769,0.34198201207584356,0.09710961415080643,0.04078304482717315
837,0.5201253289461769,0.34198201207584356,0.09710961415080643,0.04078304482717315
838,0.5201253289461769,0.34198201207584356,0.09710961415080643,0.04078304482717315
839,0.5201253289461769,0.34198201207584356,0.09710961415080643,0.04078304482717315
840,0.5201253289461769,0.34198201207584356,0.09710961415080643,0.04078304482717315
841,0.5201253289461769,0.34198201207584356,0.09710961415080643,0.04078304482717315
842,0.5201253289461769,0.34198201207584356,0.09710961415080643,0.04078304482717315
843,0.5201253289461769,0.34198201207584356,0.09710961415080643,0.04078304482717315
844,0.5201253289461769,0.34198201207584356,0.09710961415080643,0.04078304482717315
845,0.5201253289461769,0.34198201207584356,0.09710961415080643,0.04078304482717315
846,0.5201253289461769,0.34198201207584356,0.09710961415080643,0.04078304482717315
847,0.5201253289461769,0.34198201207584356,0.09710961415080643,0.04078304482717315
848,0.5201253289461769,0.34198201207584356,0.09710961415080643,0.04078304482717315
849,0.5201253289461769,0.34198201207584356,0.09710961415080643,0.04078304482717315
850,0.5201253289461769,0.34198201207584356,0.09710961415080643,0.04078304482717315
851,0.5201253289461769,0.34198201207584356,0.09710961415080643,0.04078304482717315
852,0.5201253289461769,0.34198201207584356,0.09710961415080643,0.04078304482717315
853,0.5201253289461769,0.34198201207584356,0.09710961415080643,0.04078304482717315
854,0.5201253289461769,0.34198201207584356,0.09710961415080643,0.04078304482717315
855,0.5201253289461769,0.34198201207584356,0.09710961415080643,0.04078304482717315
856,0.5201253289461769,0.34198201207584356,0.09710961415080643,0.04078304482717315
857,0.5201253289461769,0.34198201207584356,0.09710961415080643,0.04078304482717315
858,0.5201253289461769,0.34198201207584356,0.09710961415080643,0.04078304482717315
859,0.5201253289461769,0.34198201207584356,0.09710961415080643,0.04078304482717315
860,0.5201253289461769,0.34198201207584356,0.09710961415080643,0.04078304482717315
861,0.5201253289461769,0.34198201207584356,0.09710961415080643,0.04078304482717315
862,0.5201253289461769,0.34198201207584356,0.09710961415080643,0.04078304482717315
863,0.5201253289461769,0.34198201207584356,0.09710961415080643,0.04078304482717315
864,0.5201253289461769,0.34198201207584356,0.09710961415080643,0.04078304482717315
865,0.5201253289461769,0.34198201207584356,0.09710961415080643,0.04078304482717315
866,0.5201253289461769,0.34198201207584356,0.09710961415080643,0.04078304482717315
867,0.5201253289461769,0.34198201207584356,0.09710961415080643,0.04078304482717315
868,0.5201253289461769,0.34198201207584356,0.09710961415080643,0.04078304482717315
869,0.5201253289461769,0.34198201207584356,0.09710961415080643,0.04078304482717315
870,0.5201253289461769,0.34198201207584356,0.09710961415080643,0.04078304482717315
871,0.5201253289461769,0.34198201207584356,0.09710961415080643,0.04078304482717315
872,0.5201253289461769,0.34198201207584356,0.09710961415080643,0.04078304482717315
873,0.5201253289461769,0.34198201207584356,0.09710961415080643,0.04078304482717315
874,0.5201253289461769,0.34198201207584356,0.09710961415080643,0.04078304482717315
875,0.5201253289461769,0.34198201207584356,0.09710961415080643,0.04078304482717315
876,0.5201253289461769,0.34198201207584356,0.09710961415080643,0.04078304482717315
877,0.5201253289461769,0.34198201207584356,0.09710961415080643,0.04078304482717315
878,0.5201253289461769,0.34198201207584356,0.09710961415080643,0.04078304482717315
879,0.5201253289461769,0.34198201207584356,0.09710961415080643,0.04078304482717315
880,0.5201253289461769,0.34198201207584356,0.09710961415080643,0.04078304482717315
881,0.5201253289461769,0.34198201207584356,0.09710961415080643,0.04078304482717315
882,0.5201253289461769,0.34198201207584356,0.09710961415080643,0.04078304482717315
883,0.5201253289461769,0.34198201207584356,0.09710961415080643,0.04078304482717315
884,0.5201253289461769,0.34198201207584356,0.09710961415080643,0.04078304482717315
885,0.5201253289461769,0.34198201207584356,0.09710961415080643,0.04078304482717315
886,0.5201253289461769,0.34198201207584356,0.09710961415080643,0.04078304482717315
887,0.5201253289461769,0.34198201207584356,0.09710961415080643,0.04078304482717315
888,0.5201253289461769,0.34198201207584356,0.09710961415080643,0.04078304482717315
889,0.5201253289461769,0.34198201207584356,0.09710961415080643,0.04078304482717315
890,0.5201253289461769,0.34198201207584356,0.09710961415080643,0.04078304482717315
891,0.5201253289461769,0.34198201207584356,0.09710961415080643,0.04078304482717315
892,0.5201253289461769,0.34198201207584356,0.09710961415080643,0.04078304482717315
893,0.5201253289461769,0.34198201207584356,0.09710961415080643,0.04078304482717315
894,0.5201253289461769,0.34198201207584356,0.09710961415080643,0.04078304482717315
895,0.5201253289461769,0.34198201207584356,0.09710961415080643,0.04078304482717315
896,0.5201253289461769,0.34198201207584356,0.09710961415080643,0.04078304482717315
897,0.5201253289461769,0.34198201207584356,0.09710961415080643,0.04078304482717315
898,0.5201253289461769,0.34198201207584356,0.09710961415080643,0.04078304482717315
899,0.5201253289461769,0.34198201207584356,0.09710961415080643,0.04078304482717315
900,0.5470336022234534,0.2829721236796872,0.13049520399355216,0.039499070103307055
901,0.5470336022234534,0.2829721236796872,0.13049520399355216,0.039499070103307055
902,0.5470336022234534,0.2829721236796872,0.13049520399355216,0.039499070103307055
903,0.5470336022234534,0.2829721236796872,0.13049520399355216,0.039499070103307055
904,0.5470336022234534,0.2829721236796872,0.13049520399355216,0.039499070103307055
905,0.5470336022234534,0.2829721236796872,0.13049520399355216,0.039499070103307055
906,0.5470336022234534,0.2829721236796872,0.13049520399355216,0.039499070103307055
907,0.5470336022234534,0.2829721236796872,0.13049520399355216,0.039499070103307055
908,0.5470336022234534,0.2829721236796872,0.13049520399355216,0.039499070103307055
909,0.5470336022234534,0.2829721236796872,0.13049520399355216,0.039499070103307055
910,0.5470336022234534,0.2829721236796872,0.13049520399355216,0.039499070103307055
911,0.5470336022234534,0.2829721236796872,0.13049520399355216,0.039499070103307055
912,0.5470336022234534,0.2829721236796872,0.13049520399355216,0.039499070103307055
913,0.5470336022234534,0.2829721236796872,0.13049520399355216,0.039499070103307055
914,0.5470336022234534,0.2829721236796872,0.13049520399355216,0.039499070103307055
915,0.5470336022234534,0.2829721236796872,0.13049520399355216,0.039499070103307055
916,0.5470336022234534,0.2829721236796872,0.13049520399355216,0.039499070103307055
917,0.5470336022234534,0.2829721236796872,0.13049520399355216,0.039499070103307055
918,0.5470336022234534,0.2829721236796872,0.13049520399355216,0.039499070103307055
919,0.5470336022234534,0.2829721236796872,0.13049520399355216,0.039499070103307055
920,0.5470336022234534,0.2829721236796872,0.13049520399355216,0.039499070103307055
921,0.5470336022234534,0.2829721236796872,0.13049520399355216,0.039499070103307055
922,0.5470336022234534,0.2829721236796872,0.13049520399355216,0.039499070103307055
923,0.5470336022234534,0.2829721236796872,0.13049520399355216,0.039499070103307055
924,0.5470336022234534,0.2829721236796872,0.13049520399355216,0.039499070103307055
925,0.5470336022234534,0.2829721236796872,0.13049520399355216,0.039499070103307055
926,0.5470336022234534,0.2829721236796872,0.13049520399355216,0.039499070103307055
927,0.5470336022234534,0.2829721236796872,0.13049520399355216,0.039499070103307055
928,0.5470336022234534,0.2829721236796872,0.13049520399355216,0.039499070103307055
929,0.5470336022234534,0.2829721236796872,0.13049520399355216,0.039499070103307055
930,0.5470336022234534,0.2829721236796872,0.13049520399355216,0.039499070103307055
931,0.5470336022234534,0.2829721236796872,0.13049520399355216,0.039499070103307055
932,0.5470336022234534,0.2829721236796872,0.13049520399355216,0.039499070103307055
933,0.5470336022234534,0.2829721236796872,0.13049520399355216,0.039499070103307055
934,0.5470336022234534,0.2829721236796872,0.13049520399355216,0.039499070103307055
935,0.5470336022234534,0.2829721236796872,0.13049520399355216,0.039499070103307055
936,0.5470336022234534,0.2829721236796872,0.13049520399355216,0.039499070103307055
937,0.5470336022234534,0.2829721236796872,0.13049520399355216,0.039499070103307055
938,0.5470336022234534,0.2829721236796872,0.13049520399355216,0.039499070103307055
939,0.5470336022234534,0.2829721236796872,0.13049520399355216,0.039499070103307055
940,0.5470336022234534,0.2829721236796872,0.13049520399355216,0.039499070103307055
941,0.5470336022234534,0.2829721236796872,0.13049520399355216,0.039499070103307055
942,0.5470336022234534,0.2829721236796872,0.13049520399355216,0.039499070103307055
943,0.5470336022234534,0.2829721236796872,0.13049520399355216,0.039499070103307055
944,0.5470336022234534,0.2829721236796872,0.13049520399355216,0.039499070103307055
945,0.5470336022234534,0.2829721236796872,0.13049520399355216,0.039499070103307055
946,0.5470336022234534,0.2829721236796872,0.13049520399355216,0.039499070103307055
947,0.5470336022234534,0.2829721236796872,0.13049520399355216,0.039499070103307055
948,0.5470336022234534,0.2829721236796872,0.13049520399355216,0.039499070103307055
949,0.5470336022234534,0.2829721236796872,0.13049520399355216,0.039499070103307055
950,0.5470336022234534,0.2829721236796872,0.13049520399355216,0.039499070103307055
951,0.5470336022234534,0.2829721236796872,0.13049520399355216,0.039499070103307055
952,0.5470336022234534,0.2829721236796872,0.13049520399355216,0.039499070103307055
953,0.5470336022234534,0.2829721236796872,0.13049520399355216,0.039499070103307055
954,0.5470336022234534,0.2829721236796872,0.13049520399355216,0.039499070103307055
955,0.5470336022234534,0.2829721236796872,0.13049520399355216,0.039499070103307055
956,0.5470336022234534,0.2829721236796872,0.13049520399355216,0.039499070103307055
957,0.5470336022234534,0.2829721236796872,0.13049520399355216,0.039499070103307055
958,0.5470336022234534,0.2829721236796872,0.13049520399355216,0.039499070103307055
959,0.5470336022234534,0.2829721236796872,0.13049520399355216,0.039499070103307055
960,0.5470336022234534,0.2829721236796872,0.13049520399355216,0.039499070103307055
961,0.5470336022234534,0.2829721236796872,0.13049520399355216,0.039499070103307055
962,0.5470336022234534,0.2829721236796872,0.13049520399355216,0.039499070103307055
963,0.5470336022234534,0.2829721236796872,0.13049520399355216,0.039499070103307055
964,0.5470336022234534,0.2829721236796872,0.13049520399355216,0.039499070103307055
965,0.5470336022234534,0.2829721236796872,0.13049520399355216,0.039499070103307055
966,0.5470336022234534,0.2829721236796872,0.13049520399355216,0.039499070103307055
967,0.5470336022234534,0.2829721236796872,0.13049520399355216,0.039499070103307055
968,0.5470336022234534,0.2829721236796872,0.13049520399355216,0.039499070103307055
969,0.5470336022234534,0.2829721236796872,0.13049520399355216,0.039499070103307055
970,0.5470336022234534,0.2829721236796872,0.13049520399355216,0.039499070103307055
971,0.5470336022234534,0.2829721236796872,0.13049520399355216,0.039499070103307055
972,0.5470336022234534,0.2829721236796872,0.13049520399355216,0.039499070103307055
973,0.5470336022234534,0.2829721236796872,0.13049520399355216,0.039499070103307055
974,0.5470336022234534,0.2829721236796872,0.13049520399355216,0.039499070103307055
975,0.5470336022234534,0.2829721236796872,0.13049520399355216,0.039499070103307055
976,0.5470336022234534,0.2829721236796872,0.13049520399355216,0.039499070103307055
977,0.5470336022234534,0.2829721236796872,0.13049520399355216,0.039499070103307055
978,0.5470336022234534,0.2829721236796872,0.13049520399355216,0.039499070103307055
979,0.5470336022234534,0.2829721236796872,0.13049520399355216,0.039499070103307055
980,0.5470336022234534,0.2829721236796872,0.13049520399355216,0.039499070103307055
981,0.5470336022234534,0.2829721236796872,0.13049520399355216,0.039499070103307055
982,0.5470336022234534,0.2829721236796872,0.13049520399355216,0.039499070103307055
983,0.5470336022234534,0.2829721236796872,0.13049520399355216,0.039499070103307055
984,0.5470336022234534,0.2829721236796872,0.13049520399355216,0.039499070103307055
985,0.5470336022234534,0.2829721236796872,0.13049520399355216,0.039499070103307055
986,0.5470336022234534,0.2829721236796872,0.13049520399355216,0.039499070103307055
987,0.5470336022234534,0.2829721236796872,0.13049520399355216,0.039499070103307055
988,0.5470336022234534,0.2829721236796872,0.13049520399355216,0.039499070103307055
989,0.5470336022234534,0.2829721236796872,0.13049520399355216,0.039499070103307055
990,0.5470336022234534,0.2829721236796872,0.13049520399355216,0.039499070103307055
991,0.5470336022234534,0.2829721236796872,0.13049520399355216,0.039499070103307055
992,0.5470336022234534,0.2829721236796872,0.13049520399355216,0.039499070103307055
993,0.5470336022234534,0.2829721236796872,0.13049520399355216,0.039499070103307055
994,0.5470336022234534,0.2829721236796872,0.13049520399355216,0.039499070103307055
995,0.5470336022234534,0.2829721236796872,0.13049520399355216,0.039499070103307055
996,0.5470336022234534,0.2829721236796872,0.13049520399355216,0.039499070103307055
997,0.5470336022234534,0.2829721236796872,0.13049520399355216,0.039499070103307055
998,0.5470336022234534,0.2829721236796872,0.13049520399355216,0.039499070103307055
999,0.5470336022234534,0.2829721236796872,0.13049520399355216,0.039499070103307055
1000,0.502861453790421,0.28914438764613626,0.16711418695708247,0.04087997160636033
1001,0.502861453790421,0.28914438764613626,0.16711418695708247,0.04087997160636033
1002,0.502861453790421,0.28914438764613626,0.16711418695708247,0.04087997160636033
1003,0.502861453790421,0.28914438764613626,0.16711418695708247,0.04087997160636033
1004,0.502861453790421,0.28914438764613626,0.16711418695708247,0.04087997160636033
1005,0.502861453790421,0.28914438764613626,0.16711418695708247,0.04087997160636033
1006,0.502861453790421,0.28914438764613626,0.16711418695708247,0.04087997160636033
1007,0.502861453790421,0.28914438764613626,0.16711418695708247,0.04087997160636033
1008,0.502861453790421,0.28914438764613626,0.16711418695708247,0.04087997160636033
1009,0.502861453790421,0.28914438764613626,0.16711418695708247,0.04087997160636033
1010,0.502861453790421,0.28914438764613626,0.16711418695708247,0.04087997160636033
1011,0.502861453790421,0.28914438764613626,0.16711418695708247,0.04087997160636033
1012,0.502861453790421,0.28914438764613626,0.16711418695708247,0.04087997160636033
1013,0.502861453790421,0.28914438764613626,0.16711418695708247,0.04087997160636033
1014,0.502861453790421,0.28914438764613626,0.16711418695708247,0.04087997160636033
1015,0.502861453790421,0.28914438764613626,0.16711418695708247,0.04087997160636033
1016,0.502861453790421,0.28914438764613626,0.16711418695708247,0.04087997160636033
1017,0.502861453790421,0.28914438764613626,0.16711418695708247,0.04087997160636033
1018,0.502861453790421,0.28914438764613626,0.16711418695708247,0.04087997160636033
1019,0.502861453790421,0.28914438764613626,0.16711418695708247,0.04087997160636033
1020,0.502861453790421,0.28914438764613626,0.16711418695708247,0.04087997160636033
1021,0.502861453790421,0.28914438764613626,0.16711418695708247,0.04087997160636033
1022,0.502861453790421,0.28914438764613626,0.16711418695708247,0.04087997160636033
1023,0.502861453790421,0.28914438764613626,0.16711418695708247,0.04087997160636033
1024,0.502861453790421,0.28914438764613626,0.16711418695708247,0.04087997160636033
1025,0.502861453790421,0.28914438764613626,0.16711418695708247,0.04087997160636033
1026,0.502861453790421,0.28914438764613626,0.16711418695708247,0.04087997160636033
1027,0.502861453790421,0.28914438764613626,0.16711418695708247,0.04087997160636033
1028,0.502861453790421,0.28914438764613626,0.16711418695708247,0.04087997160636033
1029,0.502861453790421,0.28914438764613626,0.16711418695708247,0.04087997160636033
1030,0.502861453790421,0.28914438764613626,0.16711418695708247,0.04087997160636033
1031,0.502861453790421,0.28914438764613626,0.16711418695708247,0.04087997160636033
1032,0.502861453790421,0.28914438764613626,0.16711418695708247,0.04087997160636033
1033,0.502861453790421,0.28914438764613626,0.16711418695708247,0.04087997160636033
1034,0.502861453790421,0.28914438764613626,0.16711418695708247,0.04087997160636033
1035,0.502861453790421,0.28914438764613626,0.16711418695708247,0.04087997160636033
1036,0.502861453790421,0.28914438764613626,0.16711418695708247,0.04087997160636033
1037,0.502861453790421,0.28914438764613626,0.16711418695708247,0.04087997160636033
1038,0.502861453790421,0.28914438764613626,0.16711418695708247,0.04087997160636033
1039,0.502861453790421,0.28914438764613626,0.16711418695708247,0.04087997160636033
1040,0.502861453790421,0.28914438764613626,0.16711418695708247,0.04087997160636033
1041,0.502861453790421,0.28914438764613626,0.16711418695708247,0.04087997160636033
1042,0.502861453790421,0.28914438764613626,0.16711418695708247,0.04087997160636033
1043,0.502861453790421,0.28914438764613626,0.16711418695708247,0.04087997160636033
1044,0.502861453790421,0.28914438764613626,0.16711418695708247,0.04087997160636033
1045,0.502861453790421,0.28914438764613626,0.16711418695708247,0.04087997160636033
1046,0.502861453790421,0.28914438764613626,0.16711418695708247,0.04087997160636033
1047,0.502861453790421,0.28914438764613626,0.16711418695708247,0.04087997160636033
1048,0.502861453790421,0.28914438764613626,0.16711418695708247,0.04087997160636033
1049,0.502861453790421,0.28914438764613626,0.16711418695708247,0.04087997160636033
1050,0.502861453790421,0.28914438764613626,0.16711418695708247,0.04087997160636033
1051,0.502861453790421,0.28914438764613626,0.16711418695708247,0.04087997160636033
1052,0.502861453790421,0.28914438764613626,0.16711418695708247,0.04087997160636033
1053,0.502861453790421,0.28914438764613626,0.16711418695708247,0.04087997160636033
1054,0.502861453790421,0.28914438764613626,0.16711418695708247,0.04087997160636033
1055,0.502861453790421,0.28914438764613626,0.16711418695708247,0.04087997160636033
1056,0.502861453790421,0.28914438764613626,0.16711418695708247,0.04087997160636033
1057,0.502861453790421,0.28914438764613626,0.16711418695708247,0.04087997160636033
1058,0.502861453790421,0.28914438764613626,0.16711418695708247,0.04087997160636033
1059,0.502861453790421,0.28914438764613626,0.16711418695708247,0.04087997160636033
1060,0.502861453790421,0.28914438764613626,0.16711418695708247,0.04087997160636033
1061,0.502861453790421,0.28914438764613626,0.16711418695708247,0.04087997160636033
1062,0.502861453790421,0.28914438764613626,0.16711418695708247,0.04087997160636033
1063,0.502861453790421,0.28914438764613626,0.16711418695708247,0.04087997160636033
1064,0.502861453790421,0.28914438764613626,0.16711418695708247,0.04087997160636033
1065,0.502861453790421,0.28914438764613626,0.16711418695708247,0.04087997160636033
1066,0.502861453790421,0.28914438764613626,0.16711418695708247,0.04087997160636033
1067,0.502861453790421,0.28914438764613626,0.16711418695708247,0.04087997160636033
1068,0.502861453790421,0.28914438764613626,0.16711418695708247,0.04087997160636033
1069,0.502861453790421,0.28914438764613626,0.16711418695708247,0.04087997160636033
1070,0.502861453790421,0.28914438764613626,0.16711418695708247,0.04087997160636033
1071,0.502861453790421,0.28914438764613626,0.16711418695708247,0.04087997160636033
1072,0.502861453790421,0.28914438764613626,0.16711418695708247,0.04087997160636033
1073,0.502861453790421,0.28914438764613626,0.16711418695708247,0.04087997160636033
1074,0.502861453790421,0.28914438764613626,0.16711418695708247,0.04087997160636033
1075,0.502861453790421,0.28914438764613626,0.16711418695708247,0.04087997160636033
1076,0.502861453790421,0.28914438764613626,0.16711418695708247,0.04087997160636033
1077,0.502861453790421,0.28914438764613626,0.16711418695708247,0.04087997160636033
1078,0.502861453790421,0.28914438764613626,0.16711418695708247,0.04087997160636033
1079,0.502861453790421,0.28914438764613626,0.16711418695708247,0.04087997160636033
1080,0.502861453790421,0.28914438764613626,0.16711418695708247,0.04087997160636033
1081,0.502861453790421,0.28914438764613626,0.16711418695708247,0.04087997160636033
1082,0.502861453790421,0.28914438764613626,0.16711418695708247,0.04087997160636033
1083,0.502861453790421,0.28914438764613626,0.16711418695708247,0.04087997160636033
1084,0.502861453790421,0.28914438764613626,0.16711418695708247,0.04087997160636033
1085,0.502861453790421,0.28914438764613626,0.16711418695708247,0.04087997160636033
1086,0.502861453790421,0.28914438764613626,0.16711418695708247,0.04087997160636033
1087,0.502861453790421,0.28914438764613626,0.16711418695708247,0.04087997160636033
1088,0.502861453790421,0.28914438764613626,0.16711418695708247,0.04087997160636033
1089,0.502861453790421,0.28914438764613626,0.16711418695708247,0.04087997160636033
1090,0.502861453790421,0.28914438764613626,0.16711418695708247,0.04087997160636033
1091,0.502861453790421,0.28914438764613626,0.16711418695708247,0.04087997160636033
1092,0.502861453790421,0.28914438764613626,0.16711418695708247,0.04087997160636033
1093,0.502861453790421,0.28914438764613626,0.16711418695708247,0.04087997160636033
1094,0.502861453790421,0.28914438764613626,0.16711418695708247,0.04087997160636033
1095,0.502861453790421,0.28914438764613626,0.16711418695708247,0.04087997160636033
1096,0.502861453790421,0.28914438764613626,0.16711418695708247,0.04087997160636033
1097,0.502861453790421,0.28914438764613626,0.16711418695708247,0.04087997160636033
1098,0.502861453790421,0.28914438764613626,0.16711418695708247,0.04087997160636033
1099,0.502861453790421,0.28914438764613626,0.16711418695708247,0.04087997160636033
1100,0.47967860430205633,0.3337229752438508,0.14723576459651574,0.03936265585757706
1101,0.47967860430205633,0.3337229752438508,0.14723576459651574,0.03936265585757706
1102,0.47967860430205633,0.3337229752438508,0.14723576459651574,0.03936265585757706
1103,0.47967860430205633,0.3337229752438508,0.14723576459651574,0.03936265585757706
1104,0.47967860430205633,0.3337229752438508,0.14723576459651574,0.03936265585757706
1105,0.47967860430205633,0.3337229752438508,0.14723576459651574,0.03936265585757706
1106,0.47967860430205633,0.3337229752438508,0.14723576459651574,0.03936265585757706
1107,0.47967860430205633,0.3337229752438508,0.14723576459651574,0.03936265585757706
1108,0.47967860430205633,0.3337229752438508,0.14723576459651574,0.03936265585757706
1109,0.47967860430205633,0.3337229752438508,0.14723576459651574,0.03936265585757706
1110,0.47967860430205633,0.3337229752438508,0.14723576459651574,0.03936265585757706
1111,0.47967860430205633,0.3337229752438508,0.14723576459651574,0.03936265585757706
1112,0.47967860430205633,0.3337229752438508,0.14723576459651574,0.03936265585757706
1113,0.47967860430205633,0.3337229752438508,0.14723576459651574,0.03936265585757706
1114,0.47967860430205633,0.3337229752438508,0.14723576459651574,0.03936265585757706
1115,0.47967860430205633,0.3337229752438508,0.14723576459651574,0.03936265585757706
1116,0.47967860430205633,0.3337229752438508,0.14723576459651574,0.03936265585757706
1117,0.47967860430205633,0.3337229752438508,0.14723576459651574,0.03936265585757706
1118,0.47967860430205633,0.3337229752438508,0.14723576459651574,0.03936265585757706
1119,0.47967860430205633,0.3337229752438508,0.14723576459651574,0.03936265585757706
1120,0.47967860430205633,0.3337229752438508,0.14723576459651574,0.03936265585757706
1121,0.47967860430205633,0.3337229752438508,0.14723576459651574,0.03936265585757706
1122,0.47967860430205633,0.3337229752438508,0.14723576459651574,0.03936265585757706
1123,0.47967860430205633,0.3337229752438508,0.14723576459651574,0.03936265585757706
1124,0.47967860430205633,0.3337229752438508,0.14723576459651574,0.03936265585757706
1125,0.47967860430205633,0.3337229752438508,0.14723576459651574,0.03936265585757706
1126,0.47967860430205633,0.3337229752438508,0.14723576459651574,0.03936265585757706
1127,0.47967860430205633,0.3337229752438508,0.14723576459651574,0.03936265585757706
1128,0.47967860430205633,0.3337229752438508,0.14723576459651574,0.03936265585757706
1129,0.47967860430205633,0.3337229752438508,0.14723576459651574,0.03936265585757706
1130,0.47967860430205633,0.3337229752438508,0.14723576459651574,0.03936265585757706
1131,0.47967860430205633,0.3337229752438508,0.14723576459651574,0.03936265585757706
1132,0.47967860430205633,0.3337229752438508,0.14723576459651574,0.03936265585757706
1133,0.47967860430205633,0.3337229752438508,0.14723576459651574,0.03936265585757706
1134,0.47967860430205633,0.3337229752438508,0.14723576459651574,0.03936265585757706
1135,0.47967860430205633,0.3337229752438508,0.14723576459651574,0.03936265585757706
1136,0.47967860430205633,0.3337229752438508,0.14723576459651574,0.03936265585757706
1137,0.47967860430205633,0.3337229752438508,0.14723576459651574,0.03936265585757706
1138,0.47967860430205633,0.3337229752438508,0.14723576459651574,0.03936265585757706
1139,0.47967860430205633,0.3337229752438508,0.14723576459651574,0.03936265585757706
1140,0.47967860430205633,0.3337229752438508,0.14723576459651574,0.03936265585757706
1141,0.47967860430205633,0.3337229752438508,0.14723576459651574,0.03936265585757706
1142,0.47967860430205633,0.3337229752438508,0.14723576459651574,0.03936265585757706
1143,0.47967860430205633,0.3337229752438508,0.14723576459651574,0.03936265585757706
1144,0.47967860430205633,0.3337229752438508,0.14723576459651574,0.03936265585757706
1145,0.47967860430205633,0.3337229752438508,0.14723576459651574,0.03936265585757706
1146,0.47967860430205633,0.3337229752438508,0.14723576459651574,0.03936265585757706
1147,0.47967860430205633,0.3337229752438508,0.14723576459651574,0.03936265585757706
1148,0.47967860430205633,0.3337229752438508,0.14723576459651574,0.03936265585757706
1149,0.47967860430205633,0.3337229752438508,0.14723576459651574,0.03936265585757706
1150,0.47967860430205633,0.3337229752438508,0.14723576459651574,0.03936265585757706
1151,0.47967860430205633,0.3337229752438508,0.14723576459651574,0.03936265585757706
1152,0.47967860430205633,0.3337229752438508,0.14723576459651574,0.03936265585757706
1153,0.47967860430205633,0.3337229752438508,0.14723576459651574,0.03936265585757706
1154,0.47967860430205633,0.3337229752438508,0.14723576459651574,0.03936265585757706
1155,0.47967860430205633,0.3337229752438508,0.14723576459651574,0.03936265585757706
1156,0.47967860430205633,0.3337229752438508,0.14723576459651574,0.03936265585757706
1157,0.47967860430205633,0.3337229752438508,0.14723576459651574,0.03936265585757706
1158,0.47967860430205633,0.3337229752438508,0.14723576459651574,0.03936265585757706
1159,0.47967860430205633,0.3337229752438508,0.14723576459651574,0.03936265585757706
1160,0.47967860430205633,0.3337229752438508,0.14723576459651574,0.03936265585757706
1161,0.47967860430205633,0.3337229752438508,0.14723576459651574,0.03936265585757706
1162,0.47967860430205633,0.3337229752438508,0.14723576459651574,0.03936265585757706
1163,0.47967860430205633,0.3337229752438508,0.14723576459651574,0.03936265585757706
1164,0.47967860430205633,0.3337229752438508,0.14723576459651574,0.03936265585757706
1165,0.47967860430205633,0.3337229752438508,0.14723576459651574,0.03936265585757706
1166,0.47967860430205633,0.3337229752438508,0.14723576459651574,0.03936265585757706
1167,0.47967860430205633,0.3337229752438508,0.14723576459651574,0.03936265585757706
1168,0.47967860430205633,0.3337229752438508,0.14723576459651574,0.03936265585757706
1169,0.47967860430205633,0.3337229752438508,0.14723576459651574,0.03936265585757706
1170,0.47967860430205633,0.3337229752438508,0.14723576459651574,0.03936265585757706
1171,0.47967860430205633,0.3337229752438508,0.14723576459651574,0.03936265585757706
1172,0.47967860430205633,0.3337229752438508,0.14723576459651574,0.03936265585757706
1173,0.47967860430205633,0.3337229752438508,0.14723576459651574,0.03936265585757706
1174,0.47967860430205633,0.3337229752438508,0.14723576459651574,0.03936265585757706
1175,0.47967860430205633,0.3337229752438508,0.14723576459651574,0.03936265585757706
1176,0.47967860430205633,0.3337229752438508,0.14723576459651574,0.03936265585757706
1177,0.47967860430205633,0.3337229752438508,0.14723576459651574,0.03936265585757706
1178,0.47967860430205633,0.3337229752438508,0.14723576459651574,0.03936265585757706
1179,0.47967860430205633,0.3337229752438508,0.14723576459651574,0.03936265585757706
1180,0.47967860430205633,0.3337229752438508,0.14723576459651574,0.03936265585757706
1181,0.47967860430205633,0.3337229752438508,0.14723576459651574,0.03936265585757706
1182,0.47967860430205633,0.3337229752438508,0.14723576459651574,0.03936265585757706
1183,0.47967860430205633,0.3337229752438508,0.14723576459651574,0.03936265585757706
1184,0.47967860430205633,0.3337229752438508,0.14723576459651574,0.03936265585757706
1185,0.47967860430205633,0.3337229752438508,0.14723576459651574,0.03936265585757706
1186,0.47967860430205633,0.3337229752438508,0.14723576459651574,0.03936265585757706
1187,0.47967860430205633,0.3337229752438508,0.14723576459651574,0.03936265585757706
1188,0.47967860430205633,0.3337229752438508,0.14723576459651574,0.03936265585757706
1189,0.47967860430205633,0.3337229752438508,0.14723576459651574,0.03936265585757706
1190,0.47967860430205633,0.3337229752438508,0.14723576459651574,0.03936265585757706
1191,0.47967860430205633,0.3337229752438508,0.14723576459651574,0.03936265585757706
1192,0.47967860430205633,0.3337229752438508,0.14723576459651574,0.03936265585757706
1193,0.47967860430205633,0.3337229752438508,0.14723576459651574,0.03936265585757706
1194,0.47967860430205633,0.3337229752438508,0.14723576459651574,0.03936265585757706
1195,0.47967860430205633,0.3337229752438508,0.14723576459651574,0.03936265585757706
1196,0.47967860430205633,0.3337229752438508,0.14723576459651574,0.03936265585757706
1197,0.47967860430205633,0.3337229752438508,0.14723576459651574,0.03936265585757706
1198,0.47967860430205633,0.3337229752438508,0.14723576459651574,0.03936265585757706
1199,0.47967860430205633,0.3337229752438508,0.14723576459651574,0.03936265585757706
1200,0.4459618033947727,0.32303501954818004,0.13279197472456641,0.0982112023324808
1201,0.4459618033947727,0.32303501954818004,0.13279197472456641,0.0982112023324808
1202,0.4459618033947727,0.32303501954818004,0.13279197472456641,0.0982112023324808
1203,0.4459618033947727,0.32303501954818004,0.13279197472456641,0.0982112023324808
1204,0.4459618033947727,0.32303501954818004,0.13279197472456641,0.0982112023324808
1205,0.4459618033947727,0.32303501954818004,0.13279197472456641,0.0982112023324808
1206,0.4459618033947727,0.32303501954818004,0.13279197472456641,0.0982112023324808
1207,0.4459618033947727,0.32303501954818004,0.13279197472456641,0.0982112023324808
1208,0.4459618033947727,0.32303501954818004,0.13279197472456641,0.0982112023324808
1209,0.4459618033947727,0.32303501954818004,0.13279197472456641,0.0982112023324808
1210,0.4459618033947727,0.32303501954818004,0.13279197472456641,0.0982112023324808
1211,0.4459618033947727,0.32303501954818004,0.13279197472456641,0.0982112023324808
1212,0.4459618033947727,0.32303501954818004,0.13279197472456641,0.0982112023324808
1213,0.4459618033947727,0.32303501954818004,0.13279197472456641,0.0982112023324808
1214,0.4459618033947727,0.32303501954818004,0.13279197472456641,0.0982112023324808
1215,0.4459618033947727,0.32303501954818004,0.13279197472456641,0.0982112023324808
1216,0.4459618033947727,0.32303501954818004,0.13279197472456641,0.0982112023324808
1217,0.4459618033947727,0.32303501954818004,0.13279197472456641,0.0982112023324808
1218,0.4459618033947727,0.32303501954818004,0.13279197472456641,0.0982112023324808
1219,0.4459618033947727,0.32303501954818004,0.13279197472456641,0.0982112023324808
1220,0.4459618033947727,0.32303501954818004,0.13279197472456641,0.0982112023324808
1221,0.4459618033947727,0.32303501954818004,0.13279197472456641,0.0982112023324808
1222,0.4459618033947727,0.32303501954818004,0.13279197472456641,0.0982112023324808
1223,0.4459618033947727,0.32303501954818004,0.13279197472456641,0.0982112023324808
1224,0.4459618033947727,0.32303501954818004,0.13279197472456641,0.0982112023324808
1225,0.4459618033947727,0.32303501954818004,0.13279197472456641,0.0982112023324808
1226,0.4459618033947727,0.32303501954818004,0.13279197472456641,0.0982112023324808
1227,0.4459618033947727,0.32303501954818004,0.13279197472456641,0.0982112023324808
1228,0.4459618033947727,0.32303501954818004,0.13279197472456641,0.0982112023324808
1229,0.4459618033947727,0.32303501954818004,0.13279197472456641,0.0982112023324808
1230,0.4459618033947727,0.32303501954818004,0.13279197472456641,0.0982112023324808
1231,0.4459618033947727,0.32303501954818004,0.13279197472456641,0.0982112023324808
1232,0.4459618033947727,0.32303501954818004,0.13279197472456641,0.0982112023324808
1233,0.4459618033947727,0.32303501954818004,0.13279197472456641,0.0982112023324808
1234,0.4459618033947727,0.32303501954818004,0.13279197472456641,0.0982112023324808
1235,0.4459618033947727,0.32303501954818004,0.13279197472456641,0.0982112023324808
1236,0.4459618033947727,0.32303501954818004,0.13279197472456641,0.0982112023324808
1237,0.4459618033947727,0.32303501954818004,0.13279197472456641,0.0982112023324808
1238,0.4459618033947727,0.32303501954818004,0.13279197472456641,0.0982112023324808
1239,0.4459618033947727,0.32303501954818004,0.13279197472456641,0.0982112023324808
1240,0.4459618033947727,0.32303501954818004,0.13279197472456641,0.0982112023324808
1241,0.4459618033947727,0.32303501954818004,0.13279197472456641,0.0982112023324808
1242,0.4459618033947727,0.32303501954818004,0.13279197472456641,0.0982112023324808
1243,0.4459618033947727,0.32303501954818004,0.13279197472456641,0.0982112023324808
1244,0.4459618033947727,0.32303501954818004,0.13279197472456641,0.0982112023324808
1245,0.4459618033947727,0.32303501954818004,0.13279197472456641,0.0982112023324808
1246,0.4459618033947727,0.32303501954818004,0.13279197472456641,0.0982112023324808
1247,0.4459618033947727,0.32303501954818004,0.13279197472456641,0.0982112023324808
1248,0.4459618033947727,0.32303501954818004,0.13279197472456641,0.0982112023324808
1249,0.4459618033947727,0.32303501954818004,0.13279197472456641,0.0982112023324808
1250,0.4459618033947727,0.32303501954818004,0.13279197472456641,0.0982112023324808
1251,0.4459618033947727,0.32303501954818004,0.13279197472456641,0.0982112023324808
1252,0.4459618033947727,0.32303501954818004,0.13279197472456641,0.0982112023324808
1253,0.4459618033947727,0.32303501954818004,0.13279197472456641,0.0982112023324808
1254,0.4459618033947727,0.32303501954818004,0.13279197472456641,0.0982112023324808
1255,0.4459618033947727,0.32303501954818004,0.13279197472456641,0.0982112023324808
1256,0.4459618033947727,0.32303501954818004,0.13279197472456641,0.0982112023324808
1257,0.4459618033947727,0.32303501954818004,0.13279197472456641,0.0982112023324808
1258,0.4459618033947727,0.32303501954818004,0.13279197472456641,0.0982112023324808
1259,0.4459618033947727,0.32303501954818004,0.13279197472456641,0.0982112023324808
1260,0.4459618033947727,0.32303501954818004,0.13279197472456641,0.0982112023324808
1261,0.4459618033947727,0.32303501954818004,0.13279197472456641,0.0982112023324808
1262,0.4459618033947727,0.32303501954818004,0.13279197472456641,0.0982112023324808
1263,0.4459618033947727,0.32303501954818004,0.13279197472456641,0.0982112023324808
1264,0.4459618033947727,0.32303501954818004,0.13279197472456641,0.0982112023324808
1265,0.4459618033947727,0.32303501954818004,0.13279197472456641,0.0982112023324808
1266,0.4459618033947727,0.32303501954818004,0.13279197472456641,0.0982112023324808
1267,0.4459618033947727,0.32303501954818004,0.13279197472456641,0.0982112023324808
1268,0.4459618033947727,0.32303501954818004,0.13279197472456641,0.0982112023324808
1269,0.4459618033947727,0.32303501954818004,0.13279197472456641,0.0982112023324808
1270,0.4459618033947727,0.32303501954818004,0.13279197472456641,0.0982112023324808
1271,0.4459618033947727,0.32303501954818004,0.13279197472456641,0.0982112023324808
1272,0.4459618033947727,0.32303501954818004,0.13279197472456641,0.0982112023324808
1273,0.4459618033947727,0.32303501954818004,0.13279197472456641,0.0982112023324808
1274,0.4459618033947727,0.32303501954818004,0.13279197472456641,0.0982112023324808
1275,0.4459618033947727,0.32303501954818004,0.13279197472456641,0.0982112023324808
1276,0.4459618033947727,0.32303501954818004,0.13279197472456641,0.0982112023324808
1277,0.4459618033947727,0.32303501954818004,0.13279197472456641,0.0982112023324808
1278,0.4459618033947727,0.32303501954818004,0.13279197472456641,0.0982112023324808
1279,0.4459618033947727,0.32303501954818004,0.13279197472456641,0.0982112023324808
1280,0.4459618033947727,0.32303501954818004,0.13279197472456641,0.0982112023324808
1281,0.4459618033947727,0.32303501954818004,0.13279197472456641,0.0982112023324808
1282,0.4459618033947727,0.32303501954818004,0.13279197472456641,0.0982112023324808
1283,0.4459618033947727,0.32303501954818004,0.13279197472456641,0.0982112023324808
1284,0.4459618033947727,0.32303501954818004,0.13279197472456641,0.0982112023324808
1285,0.4459618033947727,0.32303501954818004,0.13279197472456641,0.0982112023324808
1286,0.4459618033947727,0.32303501954818004,0.13279197472456641,0.0982112023324808
1287,0.4459618033947727,0.32303501954818004,0.13279197472456641,0.0982112023324808
1288,0.4459618033947727,0.32303501954818004,0.13279197472456641,0.0982112023324808
1289,0.4459618033947727,0.32303501954818004,0.13279197472456641,0.0982112023324808
1290,0.4459618033947727,0.32303501954818004,0.13279197472456641,0.0982112023324808
1291,0.4459618033947727,0.32303501954818004,0.13279197472456641,0.0982112023324808
1292,0.4459618033947727,0.32303501954818004,0.13279197472456641,0.0982112023324808
1293,0.4459618033947727,0.32303501954818004,0.13279197472456641,0.0982112023324808
1294,0.4459618033947727,0.32303501954818004,0.13279197472456641,0.0982112023324808
1295,0.4459618033947727,0.32303501954818004,0.13279197472456641,0.0982112023324808
1296,0.4459618033947727,0.32303501954818004,0.13279197472456641,0.0982112023324808
1297,0.4459618033947727,0.32303501954818004,0.13279197472456641,0.0982112023324808
1298,0.4459618033947727,0.32303501954818004,0.13279197472456641,0.0982112023324808
1299,0.4459618033947727,0.32303501954818004,0.13279197472456641,0.0982112023324808
1300,0.49374835380547233,0.33656176808218946,0.09754607833702492,0.07214379977531325
1301,0.49374835380547233,0.33656176808218946,0.09754607833702492,0.07214379977531325
1302,0.49374835380547233,0.33656176808218946,0.09754607833702492,0.07214379977531325
1303,0.49374835380547233,0.33656176808218946,0.09754607833702492,0.07214379977531325
1304,0.49374835380547233,0.33656176808218946,0.09754607833702492,0.07214379977531325
1305,0.49374835380547233,0.33656176808218946,0.09754607833702492,0.07214379977531325
1306,0.49374835380547233,0.33656176808218946,0.09754607833702492,0.07214379977531325
1307,0.49374835380547233,0.33656176808218946,0.09754607833702492,0.07214379977531325
1308,0.49374835380547233,0.33656176808218946,0.09754607833702492,0.07214379977531325
1309,0.49374835380547233,0.33656176808218946,0.09754607833702492,0.07214379977531325
1310,0.49374835380547233,0.33656176808218946,0.09754607833702492,0.07214379977531325
1311,0.49374835380547233,0.33656176808218946,0.09754607833702492,0.07214379977531325
1312,0.49374835380547233,0.33656176808218946,0.09754607833702492,0.07214379977531325
1313,0.49374835380547233,0.33656176808218946,0.09754607833702492,0.07214379977531325
1314,0.49374835380547233,0.33656176808218946,0.09754607833702492,0.07214379977531325
1315,0.49374835380547233,0.33656176808218946,0.09754607833702492,0.07214379977531325
1316,0.49374835380547233,0.33656176808218946,0.09754607833702492,0.07214379977531325
1317,0.49374835380547233,0.33656176808218946,0.09754607833702492,0.07214379977531325
1318,0.49374835380547233,0.33656176808218946,0.09754607833702492,0.07214379977531325
1319,0.49374835380547233,0.33656176808218946,0.09754607833702492,0.07214379977531325
1320,0.49374835380547233,0.33656176808218946,0.09754607833702492,0.07214379977531325
1321,0.49374835380547233,0.33656176808218946,0.09754607833702492,0.07214379977531325
1322,0.49374835380547233,0.33656176808218946,0.09754607833702492,0.07214379977531325
1323,0.49374835380547233,0.33656176808218946,0.09754607833702492,0.07214379977531325
1324,0.49374835380547233,0.33656176808218946,0.09754607833702492,0.07214379977531325
1325,0.49374835380547233,0.33656176808218946,0.09754607833702492,0.07214379977531325
1326,0.49374835380547233,0.33656176808218946,0.09754607833702492,0.07214379977531325
1327,0.49374835380547233,0.33656176808218946,0.09754607833702492,0.07214379977531325
1328,0.49374835380547233,0.33656176808218946,0.09754607833702492,0.07214379977531325
1329,0.49374835380547233,0.33656176808218946,0.09754607833702492,0.07214379977531325
1330,0.49374835380547233,0.33656176808218946,0.09754607833702492,0.07214379977531325
1331,0.49374835380547233,0.33656176808218946,0.09754607833702492,0.07214379977531325
1332,0.49374835380547233,0.33656176808218946,0.09754607833702492,0.07214379977531325
1333,0.49374835380547233,0.33656176808218946,0.09754607833702492,0.07214379977531325
1334,0.49374835380547233,0.33656176808218946,0.09754607833702492,0.07214379977531325
1335,0.49374835380547233,0.33656176808218946,0.09754607833702492,0.07214379977531325
1336,0.49374835380547233,0.33656176808218946,0.09754607833702492,0.07214379977531325
1337,0.49374835380547233,0.33656176808218946,0.09754607833702492,0.07214379977531325
1338,0.49374835380547233,0.33656176808218946,0.09754607833702492,0.07214379977531325
1339,0.49374835380547233,0.33656176808218946,0.09754607833702492,0.07214379977531325
1340,0.49374835380547233,0.33656176808218946,0.09754607833702492,0.07214379977531325
1341,0.49374835380547233,0.33656176808218946,0.09754607833702492,0.07214379977531325
1342,0.49374835380547233,0.33656176808218946,0.09754607833702492,0.07214379977531325
1343,0.49374835380547233,0.33656176808218946,0.09754607833702492,0.07214379977531325
1344,0.49374835380547233,0.33656176808218946,0.09754607833702492,0.07214379977531325
1345,0.49374835380547233,0.33656176808218946,0.09754607833702492,0.07214379977531325
1346,0.49374835380547233,0.33656176808218946,0.09754607833702492,0.07214379977531325
1347,0.49374835380547233,0.33656176808218946,0.09754607833702492,0.07214379977531325
1348,0.49374835380547233,0.33656176808218946,0.09754607833702492,0.07214379977531325
1349,0.49374835380547233,0.33656176808218946,0.09754607833702492,0.07214379977531325
1350,0.49374835380547233,0.33656176808218946,0.09754607833702492,0.07214379977531325
1351,0.49374835380547233,0.33656176808218946,0.09754607833702492,0.07214379977531325
1352,0.49374835380547233,0.33656176808218946,0.09754607833702492,0.07214379977531325
1353,0.49374835380547233,0.33656176808218946,0.09754607833702492,0.07214379977531325
1354,0.49374835380547233,0.33656176808218946,0.09754607833702492,0.07214379977531325
1355,0.49374835380547233,0.33656176808218946,0.09754607833702492,0.07214379977531325
1356,0.49374835380547233,0.33656176808218946,0.09754607833702492,0.07214379977531325
1357,0.49374835380547233,0.33656176808218946,0.09754607833702492,0.07214379977531325
1358,0.49374835380547233,0.33656176808218946,0.09754607833702492,0.07214379977531325
1359,0.49374835380547233,0.33656176808218946,0.09754607833702492,0.07214379977531325
1360,0.49374835380547233,0.33656176808218946,0.09754607833702492,0.07214379977531325
1361,0.49374835380547233,0.33656176808218946,0.09754607833702492,0.07214379977531325
1362,0.49374835380547233,0.33656176808218946,0.09754607833702492,0.07214379977531325
1363,0.49374835380547233,0.33656176808218946,0.09754607833702492,0.07214379977531325
1364,0.49374835380547233,0.33656176808218946,0.09754607833702492,0.07214379977531325
1365,0.49374835380547233,0.33656176808218946,0.09754607833702492,0.07214379977531325
1366,0.49374835380547233,0.33656176808218946,0.09754607833702492,0.07214379977531325
1367,0.49374835380547233,0.33656176808218946,0.09754607833702492,0.07214379977531325
1368,0.49374835380547233,0.33656176808218946,0.09754607833702492,0.07214379977531325
1369,0.49374835380547233,0.33656176808218946,0.09754607833702492,0.07214379977531325
1370,0.49374835380547233,0.33656176808218946,0.09754607833702492,0.07214379977531325
1371,0.49374835380547233,0.33656176808218946,0.09754607833702492,0.07214379977531325
1372,0.49374835380547233,0.33656176808218946,0.09754607833702492,0.07214379977531325
1373,0.49374835380547233,0.33656176808218946,0.09754607833702492,0.07214379977531325
1374,0.49374835380547233,0.33656176808218946,0.09754607833702492,0.07214379977531325
1375,0.49374835380547233,0.33656176808218946,0.09754607833702492,0.07214379977531325
1376,0.49374835380547233,0.33656176808218946,0.09754607833702492,0.07214379977531325
1377,0.49374835380547233,0.33656176808218946,0.09754607833702492,0.07214379977531325
1378,0.49374835380547233,0.33656176808218946,0.09754607833702492,0.07214379977531325
1379,0.49374835380547233,0.33656176808218946,0.09754607833702492,0.07214379977531325
1380,0.49374835380547233,0.33656176808218946,0.09754607833702492,0.07214379977531325
1381,0.49374835380547233,0.33656176808218946,0.09754607833702492,0.07214379977531325
1382,0.49374835380547233,0.33656176808218946,0.09754607833702492,0.07214379977531325
1383,0.49374835380547233,0.33656176808218946,0.09754607833702492,0.07214379977531325
1384,0.49374835380547233,0.33656176808218946,0.09754607833702492,0.07214379977531325
1385,0.49374835380547233,0.33656176808218946,0.09754607833702492,0.07214379977531325
1386,0.49374835380547233,0.33656176808218946,0.09754607833702492,0.07214379977531325
1387,0.49374835380547233,0.33656176808218946,0.09754607833702492,0.07214379977531325
1388,0.49374835380547233,0.33656176808218946,0.09754607833702492,0.07214379977531325
1389,0.49374835380547233,0.33656176808218946,0.09754607833702492,0.07214379977531325
1390,0.49374835380547233,0.33656176808218946,0.09754607833702492,0.07214379977531325
1391,0.49374835380547233,0.33656176808218946,0.09754607833702492,0.07214379977531325
1392,0.49374835380547233,0.33656176808218946,0.09754607833702492,0.07214379977531325
1393,0.49374835380547233,0.33656176808218946,0.09754607833702492,0.07214379977531325
1394,0.49374835380547233,0.33656176808218946,0.09754607833702492,0.07214379977531325
1395,0.49374835380547233,0.33656176808218946,0.09754607833702492,0.07214379977531325
1396,0.49374835380547233,0.33656176808218946,0.09754607833702492,0.07214379977531325
1397,0.49374835380547233,0.33656176808218946,0.09754607833702492,0.07214379977531325
1398,0.49374835380547233,0.33656176808218946,0.09754607833702492,0.07214379977531325
1399,0.49374835380547233,0.33656176808218946,0.09754607833702492,0.07214379977531325
1400,0.5386701065399824,0.3165582789875722,0.08908225020710461,0.05568936426534085
1401,0.5386701065399824,0.3165582789875722,0.08908225020710461,0.05568936426534085
1402,0.5386701065399824,0.3165582789875722,0.08908225020710461,0.05568936426534085
1403,0.5386701065399824,0.3165582789875722,0.08908225020710461,0.05568936426534085
1404,0.5386701065399824,0.3165582789875722,0.08908225020710461,0.05568936426534085
1405,0.5386701065399824,0.3165582789875722,0.08908225020710461,0.05568936426534085
1406,0.5386701065399824,0.3165582789875722,0.08908225020710461,0.05568936426534085
1407,0.5386701065399824,0.3165582789875722,0.08908225020710461,0.05568936426534085
1408,0.5386701065399824,0.3165582789875722,0.08908225020710461,0.05568936426534085
1409,0.5386701065399824,0.3165582789875722,0.08908225020710461,0.05568936426534085
1410,0.5386701065399824,0.3165582789875722,0.08908225020710461,0.05568936426534085
1411,0.5386701065399824,0.3165582789875722,0.08908225020710461,0.05568936426534085
1412,0.5386701065399824,0.3165582789875722,0.08908225020710461,0.05568936426534085
1413,0.5386701065399824,0.3165582789875722,0.08908225020710461,0.05568936426534085
1414,0.5386701065399824,0.3165582789875722,0.08908225020710461,0.05568936426534085
1415,0.5386701065399824,0.3165582789875722,0.08908225020710461,0.05568936426534085
1416,0.5386701065399824,0.3165582789875722,0.08908225020710461,0.05568936426534085
1417,0.5386701065399824,0.3165582789875722,0.08908225020710461,0.05568936426534085
1418,0.5386701065399824,0.3165582789875722,0.08908225020710461,0.05568936426534085
1419,0.5386701065399824,0.3165582789875722,0.08908225020710461,0.05568936426534085
1420,0.5386701065399824,0.3165582789875722,0.08908225020710461,0.05568936426534085
1421,0.5386701065399824,0.3165582789875722,0.08908225020710461,0.05568936426534085
1422,0.5386701065399824,0.3165582789875722,0.08908225020710461,0.05568936426534085
1423,0.5386701065399824,0.3165582789875722,0.08908225020710461,0.05568936426534085
1424,0.5386701065399824,0.3165582789875722,0.08908225020710461,0.05568936426534085
1425,0.5386701065399824,0.3165582789875722,0.08908225020710461,0.05568936426534085
1426,0.5386701065399824,0.3165582789875722,0.08908225020710461,0.05568936426534085
1427,0.5386701065399824,0.3165582789875722,0.08908225020710461,0.05568936426534085
1428,0.5386701065399824,0.3165582789875722,0.08908225020710461,0.05568936426534085
1429,0.5386701065399824,0.3165582789875722,0.08908225020710461,0.05568936426534085
1430,0.5386701065399824,0.3165582789875722,0.08908225020710461,0.05568936426534085
1431,0.5386701065399824,0.3165582789875722,0.08908225020710461,0.05568936426534085
1432,0.5386701065399824,0.3165582789875722,0.08908225020710461,0.05568936426534085
1433,0.5386701065399824,0.3165582789875722,0.08908225020710461,0.05568936426534085
1434,0.5386701065399824,0.3165582789875722,0.08908225020710461,0.05568936426534085
1435,0.5386701065399824,0.3165582789875722,0.08908225020710461,0.05568936426534085
1436,0.5386701065399824,0.3165582789875722,0.08908225020710461,0.05568936426534085
1437,0.5386701065399824,0.3165582789875722,0.08908225020710461,0.05568936426534085
1438,0.5386701065399824,0.3165582789875722,0.08908225020710461,0.05568936426534085
1439,0.5386701065399824,0.3165582789875722,0.08908225020710461,0.05568936426534085
1440,0.5386701065399824,0.3165582789875722,0.08908225020710461,0.05568936426534085
1441,0.5386701065399824,0.3165582789875722,0.08908225020710461,0.05568936426534085
1442,0.5386701065399824,0.3165582789875722,0.08908225020710461,0.05568936426534085
1443,0.5386701065399824,0.3165582789875722,0.08908225020710461,0.05568936426534085
1444,0.5386701065399824,0.3165582789875722,0.08908225020710461,0.05568936426534085
1445,0.5386701065399824,0.3165582789875722,0.08908225020710461,0.05568936426534085
1446,0.5386701065399824,0.3165582789875722,0.08908225020710461,0.05568936426534085
1447,0.5386701065399824,0.3165582789875722,0.08908225020710461,0.05568936426534085
1448,0.5386701065399824,0.3165582789875722,0.08908225020710461,0.05568936426534085
1449,0.5386701065399824,0.3165582789875722,0.08908225020710461,0.05568936426534085
1450,0.5386701065399824,0.3165582789875722,0.08908225020710461,0.05568936426534085
1451,0.5386701065399824,0.3165582789875722,0.08908225020710461,0.05568936426534085
1452,0.5386701065399824,0.3165582789875722,0.08908225020710461,0.05568936426534085
1453,0.5386701065399824,0.3165582789875722,0.08908225020710461,0.05568936426534085
1454,0.5386701065399824,0.3165582789875722,0.08908225020710461,0.05568936426534085
1455,0.5386701065399824,0.3165582789875722,0.08908225020710461,0.05568936426534085
1456,0.5386701065399824,0.3165582789875722,0.08908225020710461,0.05568936426534085
1457,0.5386701065399824,0.3165582789875722,0.08908225020710461,0.05568936426534085
1458,0.5386701065399824,0.3165582789875722,0.08908225020710461,0.05568936426534085
1459,0.5386701065399824,0.3165582789875722,0.08908225020710461,0.05568936426534085
1460,0.5386701065399824,0.3165582789875722,0.08908225020710461,0.05568936426534085
1461,0.5386701065399824,0.3165582789875722,0.08908225020710461,0.05568936426534085
1462,0.5386701065399824,0.3165582789875722,0.08908225020710461,0.05568936426534085
1463,0.5386701065399824,0.3165582789875722,0.08908225020710461,0.05568936426534085
1464,0.5386701065399824,0.3165582789875722,0.08908225020710461,0.05568936426534085
1465,0.5386701065399824,0.3165582789875722,0.08908225020710461,0.05568936426534085
1466,0.5386701065399824,0.3165582789875722,0.08908225020710461,0.05568936426534085
1467,0.5386701065399824,0.3165582789875722,0.08908225020710461,0.05568936426534085
1468,0.5386701065399824,0.3165582789875722,0.08908225020710461,0.05568936426534085
1469,0.5386701065399824,0.3165582789875722,0.08908225020710461,0.05568936426534085
1470,0.5386701065399824,0.3165582789875722,0.08908225020710461,0.05568936426534085
1471,0.5386701065399824,0.3165582789875722,0.08908225020710461,0.05568936426534085
1472,0.5386701065399824,0.3165582789875722,0.08908225020710461,0.05568936426534085
1473,0.5386701065399824,0.3165582789875722,0.08908225020710461,0.05568936426534085
1474,0.5386701065399824,0.3165582789875722,0.08908225020710461,0.05568936426534085
1475,0.5386701065399824,0.3165582789875722,0.08908225020710461,0.05568936426534085
1476,0.5386701065399824,0.3165582789875722,0.08908225020710461,0.05568936426534085
1477,0.5386701065399824,0.3165582789875722,0.08908225020710461,0.05568936426534085
1478,0.5386701065399824,0.3165582789875722,0.08908225020710461,0.05568936426534085
1479,0.5386701065399824,0.3165582789875722,0.08908225020710461,0.05568936426534085
1480,0.5386701065399824,0.3165582789875722,0.08908225020710461,0.05568936426534085
1481,0.5386701065399824,0.3165582789875722,0.08908225020710461,0.05568936426534085
1482,0.5386701065399824,0.3165582789875722,0.08908225020710461,0.05568936426534085
1483,0.5386701065399824,0.3165582789875722,0.08908225020710461,0.05568936426534085
1484,0.5386701065399824,0.3165582789875722,0.08908225020710461,0.05568936426534085
1485,0.5386701065399824,0.3165582789875722,0.08908225020710461,0.05568936426534085
1486,0.5386701065399824,0.3165582789875722,0.08908225020710461,0.05568936426534085
1487,0.5386701065399824,0.3165582789875722,0.08908225020710461,0.05568936426534085
1488,0.5386701065399824,0.3165582789875722,0.08908225020710461,0.05568936426534085
1489,0.5386701065399824,0.3165582789875722,0.08908225020710461,0.05568936426534085
1490,0.5386701065399824,0.3165582789875722,0.08908225020710461,0.05568936426534085
1491,0.5386701065399824,0.3165582789875722,0.08908225020710461,0.05568936426534085
1492,0.5386701065399824,0.3165582789875722,0.08908225020710461,0.05568936426534085
1493,0.5386701065399824,0.3165582789875722,0.08908225020710461,0.05568936426534085
1494,0.5386701065399824,0.3165582789875722,0.08908225020710461,0.05568936426534085
1495,0.5386701065399824,0.3165582789875722,0.08908225020710461,0.05568936426534085
1496,0.5386701065399824,0.3165582789875722,0.08908225020710461,0.05568936426534085
1497,0.5386701065399824,0.3165582789875722,0.08908225020710461,0.05568936426534085
1498,0.5386701065399824,0.3165582789875722,0.08908225020710461,0.05568936426534085
1499,0.5386701065399824,0.3165582789875722,0.08908225020710461,0.05568936426534085
1500,0.5858323537751432,0.30032641449367015,0.06690251051892117,0.046938721212265604
1501,0.5858323537751432,0.30032641449367015,0.06690251051892117,0.046938721212265604
1502,0.5858323537751432,0.30032641449367015,0.06690251051892117,0.046938721212265604
1503,0.5858323537751432,0.30032641449367015,0.06690251051892117,0.046938721212265604
1504,0.5858323537751432,0.30032641449367015,0.06690251051892117,0.046938721212265604
1505,0.5858323537751432,0.30032641449367015,0.06690251051892117,0.046938721212265604
1506,0.5858323537751432,0.30032641449367015,0.06690251051892117,0.046938721212265604
1507,0.5858323537751432,0.30032641449367015,0.06690251051892117,0.046938721212265604
1508,0.5858323537751432,0.30032641449367015,0.06690251051892117,0.046938721212265604
1509,0.5858323537751432,0.30032641449367015,0.06690251051892117,0.046938721212265604
1510,0.5858323537751432,0.30032641449367015,0.06690251051892117,0.046938721212265604
1511,0.5858323537751432,0.30032641449367015,0.06690251051892117,0.046938721212265604
1512,0.5858323537751432,0.30032641449367015,0.06690251051892117,0.046938721212265604
1513,0.5858323537751432,0.30032641449367015,0.06690251051892117,0.046938721212265604
1514,0.5858323537751432,0.30032641449367015,0.06690251051892117,0.046938721212265604
1515,0.5858323537751432,0.30032641449367015,0.06690251051892117,0.046938721212265604
1516,0.5858323537751432,0.30032641449367015,0.06690251051892117,0.046938721212265604
1517,0.5858323537751432,0.30032641449367015,0.06690251051892117,0.046938721212265604
1518,0.5858323537751432,0.30032641449367015,0.06690251051892117,0.046938721212265604
1519,0.5858323537751432,0.30032641449367015,0.06690251051892117,0.046938721212265604
1520,0.5858323537751432,0.30032641449367015,0.06690251051892117,0.046938721212265604
1521,0.5858323537751432,0.30032641449367015,0.06690251051892117,0.046938721212265604
1522,0.5858323537751432,0.30032641449367015,0.06690251051892117,0.046938721212265604
1523,0.5858323537751432,0.30032641449367015,0.06690251051892117,0.046938721212265604
1524,0.5858323537751432,0.30032641449367015,0.06690251051892117,0.046938721212265604
1525,0.5858323537751432,0.30032641449367015,0.06690251051892117,0.046938721212265604
1526,0.5858323537751432,0.30032641449367015,0.06690251051892117,0.046938721212265604
1527,0.5858323537751432,0.30032641449367015,0.06690251051892117,0.046938721212265604
1528,0.5858323537751432,0.30032641449367015,0.06690251051892117,0.046938721212265604
1529,0.5858323537751432,0.30032641449367015,0.06690251051892117,0.046938721212265604
1530,0.5858323537751432,0.30032641449367015,0.06690251051892117,0.046938721212265604
1531,0.5858323537751432,0.30032641449367015,0.06690251051892117,0.046938721212265604
1532,0.5858323537751432,0.30032641449367015,0.06690251051892117,0.046938721212265604
1533,0.5858323537751432,0.30032641449367015,0.06690251051892117,0.046938721212265604
1534,0.5858323537751432,0.30032641449367015,0.06690251051892117,0.046938721212265604
1535,0.5858323537751432,0.30032641449367015,0.06690251051892117,0.046938721212265604
1536,0.5858323537751432,0.30032641449367015,0.06690251051892117,0.046938721212265604
1537,0.5858323537751432,0.30032641449367015,0.06690251051892117,0.046938721212265604
1538,0.5858323537751432,0.30032641449367015,0.06690251051892117,0.046938721212265604
1539,0.5858323537751432,0.30032641449367015,0.06690251051892117,0.046938721212265604
1540,0.5858323537751432,0.30032641449367015,0.06690251051892117,0.046938721212265604
1541,0.5858323537751432,0.30032641449367015,0.06690251051892117,0.046938721212265604
1542,0.5858323537751432,0.30032641449367015,0.06690251051892117,0.046938721212265604
1543,0.5858323537751432,0.30032641449367015,0.06690251051892117,0.046938721212265604
1544,0.5858323537751432,0.30032641449367015,0.06690251051892117,0.046938721212265604
1545,0.5858323537751432,0.30032641449367015,0.06690251051892117,0.046938721212265604
1546,0.5858323537751432,0.30032641449367015,0.06690251051892117,0.046938721212265604
1547,0.5858323537751432,0.30032641449367015,0.06690251051892117,0.046938721212265604
1548,0.5858323537751432,0.30032641449367015,0.06690251051892117,0.046938721212265604
1549,0.5858323537751432,0.30032641449367015,0.06690251051892117,0.046938721212265604
1550,0.5858323537751432,0.30032641449367015,0.06690251051892117,0.046938721212265604
1551,0.5858323537751432,0.30032641449367015,0.06690251051892117,0.046938721212265604
1552,0.5858323537751432,0.30032641449367015,0.06690251051892117,0.046938721212265604
1553,0.5858323537751432,0.30032641449367015,0.06690251051892117,0.046938721212265604
1554,0.5858323537751432,0.30032641449367015,0.06690251051892117,0.046938721212265604
1555,0.5858323537751432,0.30032641449367015,0.06690251051892117,0.046938721212265604
1556,0.5858323537751432,0.30032641449367015,0.06690251051892117,0.046938721212265604
1557,0.5858323537751432,0.30032641449367015,0.06690251051892117,0.046938721212265604
1558,0.5858323537751432,0.30032641449367015,0.06690251051892117,0.046938721212265604
1559,0.5858323537751432,0.30032641449367015,0.06690251051892117,0.046938721212265604
1560,0.5858323537751432,0.30032641449367015,0.06690251051892117,0.046938721212265604
1561,0.5858323537751432,0.30032641449367015,0.06690251051892117,0.046938721212265604
1562,0.5858323537751432,0.30032641449367015,0.06690251051892117,0.046938721212265604
1563,0.5858323537751432,0.30032641449367015,0.06690251051892117,0.046938721212265604
1564,0.5858323537751432,0.30032641449367015,0.06690251051892117,0.046938721212265604
1565,0.5858323537751432,0.30032641449367015,0.06690251051892117,0.046938721212265604
1566,0.5858323537751432,0.30032641449367015,0.06690251051892117,0.046938721212265604
1567,0.5858323537751432,0.30032641449367015,0.06690251051892117,0.046938721212265604
1568,0.5858323537751432,0.30032641449367015,0.06690251051892117,0.046938721212265604
1569,0.5858323537751432,0.30032641449367015,0.06690251051892117,0.046938721212265604
1570,0.5858323537751432,0.30032641449367015,0.06690251051892117,0.046938721212265604
1571,0.5858323537751432,0.30032641449367015,0.06690251051892117,0.046938721212265604
1572,0.5858323537751432,0.30032641449367015,0.06690251051892117,0.046938721212265604
1573,0.5858323537751432,0.30032641449367015,0.06690251051892117,0.046938721212265604
1574,0.5858323537751432,0.30032641449367015,0.06690251051892117,0.046938721212265604
1575,0.5858323537751432,0.30032641449367015,0.06690251051892117,0.046938721212265604
1576,0.5858323537751432,0.30032641449367015,0.06690251051892117,0.046938721212265604
1577,0.5858323537751432,0.30032641449367015,0.06690251051892117,0.046938721212265604
1578,0.5858323537751432,0.30032641449367015,0.06690251051892117,0.046938721212265604
1579,0.5858323537751432,0.30032641449367015,0.06690251051892117,0.046938721212265604
1580,0.5858323537751432,0.30032641449367015,0.06690251051892117,0.046938721212265604
1581,0.5858323537751432,0.30032641449367015,0.06690251051892117,0.046938721212265604
1582,0.5858323537751432,0.30032641449367015,0.06690251051892117,0.046938721212265604
1583,0.5858323537751432,0.30032641449367015,0.06690251051892117,0.046938721212265604
1584,0.5858323537751432,0.30032641449367015,0.06690251051892117,0.046938721212265604
1585,0.5858323537751432,0.30032641449367015,0.06690251051892117,0.046938721212265604
1586,0.5858323537751432,0.30032641449367015,0.06690251051892117,0.046938721212265604
1587,0.5858323537751432,0.30032641449367015,0.06690251051892117,0.046938721212265604
1588,0.5858323537751432,0.30032641449367015,0.06690251051892117,0.046938721212265604
1589,0.5858323537751432,0.30032641449367015,0.06690251051892117,0.046938721212265604
1590,0.5858323537751432,0.30032641449367015,0.06690251051892117,0.046938721212265604
1591,0.5858323537751432,0.30032641449367015,0.06690251051892117,0.046938721212265604
1592,0.5858323537751432,0.30032641449367015,0.06690251051892117,0.046938721212265604
1593,0.5858323537751432,0.30032641449367015,0.06690251051892117,0.046938721212265604
1594,0.5858323537751432,0.30032641449367015,0.06690251051892117,0.046938721212265604
1595,0.5858323537751432,0.30032641449367015,0.06690251051892117,0.046938721212265604
1596,0.5858323537751432,0.30032641449367015,0.06690251051892117,0.046938721212265604
1597,0.5858323537751432,0.30032641449367015,0.06690251051892117,0.046938721212265604
1598,0.5858323537751432,0.30032641449367015,0.06690251051892117,0.046938721212265604
1599,0.5858323537751432,0.30032641449367015,0.06690251051892117,0.046938721212265604
1600,0.5337953850323032,0.3134763026029367,0.11237444867614171,0.0403538636886183
1601,0.5337953850323032,0.3134763026029367,0.11237444867614171,0.0403538636886183
1602,0.5337953850323032,0.3134763026029367,0.11237444867614171,0.0403538636886183
1603,0.5337953850323032,0.3134763026029367,0.11237444867614171,0.0403538636886183
1604,0.5337953850323032,0.3134763026029367,0.11237444867614171,0.0403538636886183
1605,0.5337953850323032,0.3134763026029367,0.11237444867614171,0.0403538636886183
1606,0.5337953850323032,0.3134763026029367,0.11237444867614171,0.0403538636886183
1607,0.5337953850323032,0.3134763026029367,0.11237444867614171,0.0403538636886183
1608,0.5337953850323032,0.3134763026029367,0.11237444867614171,0.0403538636886183
1609,0.5337953850323032,0.3134763026029367,0.11237444867614171,0.0403538636886183
1610,0.5337953850323032,0.3134763026029367,0.11237444867614171,0.0403538636886183
1611,0.5337953850323032,0.3134763026029367,0.11237444867614171,0.0403538636886183
1612,0.5337953850323032,0.3134763026029367,0.11237444867614171,0.0403538636886183
1613,0.5337953850323032,0.3134763026029367,0.11237444867614171,0.0403538636886183
1614,0.5337953850323032,0.3134763026029367,0.11237444867614171,0.0403538636886183
1615,0.5337953850323032,0.3134763026029367,0.11237444867614171,0.0403538636886183
1616,0.5337953850323032,0.3134763026029367,0.11237444867614171,0.0403538636886183
1617,0.5337953850323032,0.3134763026029367,0.11237444867614171,0.0403538636886183
1618,0.5337953850323032,0.3134763026029367,0.11237444867614171,0.0403538636886183
1619,0.5337953850323032,0.3134763026029367,0.11237444867614171,0.0403538636886183
1620,0.5337953850323032,0.3134763026029367,0.11237444867614171,0.0403538636886183
1621,0.5337953850323032,0.3134763026029367,0.11237444867614171,0.0403538636886183
1622,0.5337953850323032,0.3134763026029367,0.11237444867614171,0.0403538636886183
1623,0.5337953850323032,0.3134763026029367,0.11237444867614171,0.0403538636886183
1624,0.5337953850323032,0.3134763026029367,0.11237444867614171,0.0403538636886183
1625,0.5337953850323032,0.3134763026029367,0.11237444867614171,0.0403538636886183
1626,0.5337953850323032,0.3134763026029367,0.11237444867614171,0.0403538636886183
1627,0.5337953850323032,0.3134763026029367,0.11237444867614171,0.0403538636886183
1628,0.5337953850323032,0.3134763026029367,0.11237444867614171,0.0403538636886183
1629,0.5337953850323032,0.3134763026029367,0.11237444867614171,0.0403538636886183
1630,0.5337953850323032,0.3134763026029367,0.11237444867614171,0.0403538636886183
1631,0.5337953850323032,0.3134763026029367,0.11237444867614171,0.0403538636886183
1632,0.5337953850323032,0.3134763026029367,0.11237444867614171,0.0403538636886183
1633,0.5337953850323032,0.3134763026029367,0.11237444867614171,0.0403538636886183
1634,0.5337953850323032,0.3134763026029367,0.11237444867614171,0.0403538636886183
1635,0.5337953850323032,0.3134763026029367,0.11237444867614171,0.0403538636886183
1636,0.5337953850323032,0.3134763026029367,0.11237444867614171,0.0403538636886183
1637,0.5337953850323032,0.3134763026029367,0.11237444867614171,0.0403538636886183
1638,0.5337953850323032,0.3134763026029367,0.11237444867614171,0.0403538636886183
1639,0.5337953850323032,0.3134763026029367,0.11237444867614171,0.0403538636886183
1640,0.5337953850323032,0.3134763026029367,0.11237444867614171,0.0403538636886183
1641,0.5337953850323032,0.3134763026029367,0.11237444867614171,0.0403538636886183
1642,0.5337953850323032,0.3134763026029367,0.11237444867614171,0.0403538636886183
1643,0.5337953850323032,0.3134763026029367,0.11237444867614171,0.0403538636886183
1644,0.5337953850323032,0.3134763026029367,0.11237444867614171,0.0403538636886183
1645,0.5337953850323032,0.3134763026029367,0.11237444867614171,0.0403538636886183
1646,0.5337953850323032,0.3134763026029367,0.11237444867614171,0.0403538636886183
1647,0.5337953850323032,0.3134763026029367,0.11237444867614171,0.0403538636886183
1648,0.5337953850323032,0.3134763026029367,0.11237444867614171,0.0403538636886183
1649,0.5337953850323032,0.3134763026029367,0.11237444867614171,0.0403538636886183
1650,0.5337953850323032,0.3134763026029367,0.11237444867614171,0.0403538636886183
1651,0.5337953850323032,0.3134763026029367,0.11237444867614171,0.0403538636886183
1652,0.5337953850323032,0.3134763026029367,0.11237444867614171,0.0403538636886183
1653,0.5337953850323032,0.3134763026029367,0.11237444867614171,0.0403538636886183
1654,0.5337953850323032,0.3134763026029367,0.11237444867614171,0.0403538636886183
1655,0.5337953850323032,0.3134763026029367,0.11237444867614171,0.0403538636886183
1656,0.5337953850323032,0.3134763026029367,0.11237444867614171,0.0403538636886183
1657,0.5337953850323032,0.3134763026029367,0.11237444867614171,0.0403538636886183
1658,0.5337953850323032,0.3134763026029367,0.11237444867614171,0.0403538636886183
1659,0.5337953850323032,0.3134763026029367,0.11237444867614171,0.0403538636886183
1660,0.5337953850323032,0.3134763026029367,0.11237444867614171,0.0403538636886183
1661,0.5337953850323032,0.3134763026029367,0.11237444867614171,0.0403538636886183
1662,0.5337953850323032,0.3134763026029367,0.11237444867614171,0.0403538636886183
1663,0.5337953850323032,0.3134763026029367,0.11237444867614171,0.0403538636886183
1664,0.5337953850323032,0.3134763026029367,0.11237444867614171,0.0403538636886183
1665,0.5337953850323032,0.3134763026029367,0.11237444867614171,0.0403538636886183
1666,0.5337953850323032,0.3134763026029367,0.11237444867614171,0.0403538636886183
1667,0.5337953850323032,0.3134763026029367,0.11237444867614171,0.0403538636886183
1668,0.5337953850323032,0.3134763026029367,0.11237444867614171,0.0403538636886183
1669,0.5337953850323032,0.3134763026029367,0.11237444867614171,0.0403538636886183
1670,0.5337953850323032,0.3134763026029367,0.11237444867614171,0.0403538636886183
1671,0.5337953850323032,0.3134763026029367,0.11237444867614171,0.0403538636886183
1672,0.5337953850323032,0.3134763026029367,0.11237444867614171,0.0403538636886183
1673,0.5337953850323032,0.3134763026029367,0.11237444867614171,0.0403538636886183
1674,0.5337953850323032,0.3134763026029367,0.11237444867614171,0.0403538636886183
1675,0.5337953850323032,0.3134763026029367,0.11237444867614171,0.0403538636886183
1676,0.5337953850323032,0.3134763026029367,0.11237444867614171,0.0403538636886183
1677,0.5337953850323032,0.3134763026029367,0.11237444867614171,0.0403538636886183
1678,0.5337953850323032,0.3134763026029367,0.11237444867614171,0.0403538636886183
1679,0.5337953850323032,0.3134763026029367,0.11237444867614171,0.0403538636886183
1680,0.5337953850323032,0.3134763026029367,0.11237444867614171,0.0403538636886183
1681,0.5337953850323032,0.3134763026029367,0.11237444867614171,0.0403538636886183
1682,0.5337953850323032,0.3134763026029367,0.11237444867614171,0.0403538636886183
1683,0.5337953850323032,0.3134763026029367,0.11237444867614171,0.0403538636886183
1684,0.5337953850323032,0.3134763026029367,0.11237444867614171,0.0403538636886183
1685,0.5337953850323032,0.3134763026029367,0.11237444867614171,0.0403538636886183
1686,0.5337953850323032,0.3134763026029367,0.11237444867614171,0.0403538636886183
1687,0.5337953850323032,0.3134763026029367,0.11237444867614171,0.0403538636886183
1688,0.5337953850323032,0.3134763026029367,0.11237444867614171,0.0403538636886183
1689,0.5337953850323032,0.3134763026029367,0.11237444867614171,0.0403538636886183
1690,0.5337953850323032,0.3134763026029367,0.11237444867614171,0.0403538636886183
1691,0.5337953850323032,0.3134763026029367,0.11237444867614171,0.0403538636886183
1692,0.5337953850323032,0.3134763026029367,0.11237444867614171,0.0403538636886183
1693,0.5337953850323032,0.3134763026029367,0.11237444867614171,0.0403538636886183
1694,0.5337953850323032,0.3134763026029367,0.11237444867614171,0.0403538636886183
1695,0.5337953850323032,0.3134763026029367,0.11237444867614171,0.0403538636886183
1696,0.5337953850323032,0.3134763026029367,0.11237444867614171,0.0403538636886183
1697,0.5337953850323032,0.3134763026029367,0.11237444867614171,0.0403538636886183
1698,0.5337953850323032,0.3134763026029367,0.11237444867614171,0.0403538636886183
1699,0.5337953850323032,0.3134763026029367,0.11237444867614171,0.0403538636886183
1700,0.5409902453832008,0.3190678889323071,0.09840893833869603,0.041532927345795986
1701,0.5409902453832008,0.3190678889323071,0.09840893833869603,0.041532927345795986
1702,0.5409902453832008,0.3190678889323071,0.09840893833869603,0.041532927345795986
1703,0.5409902453832008,0.3190678889323071,0.09840893833869603,0.041532927345795986
1704,0.5409902453832008,0.3190678889323071,0.09840893833869603,0.041532927345795986
1705,0.5409902453832008,0.3190678889323071,0.09840893833869603,0.041532927345795986
1706,0.5409902453832008,0.3190678889323071,0.09840893833869603,0.041532927345795986
1707,0.5409902453832008,0.3190678889323071,0.09840893833869603,0.041532927345795986
1708,0.5409902453832008,0.3190678889323071,0.09840893833869603,0.041532927345795986
1709,0.5409902453832008,0.3190678889323071,0.09840893833869603,0.041532927345795986
1710,0.5409902453832008,0.3190678889323071,0.09840893833869603,0.041532927345795986
1711,0.5409902453832008,0.3190678889323071,0.09840893833869603,0.041532927345795986
1712,0.5409902453832008,0.3190678889323071,0.09840893833869603,0.041532927345795986
1713,0.5409902453832008,0.3190678889323071,0.09840893833869603,0.041532927345795986
1714,0.5409902453832008,0.3190678889323071,0.09840893833869603,0.041532927345795986
1715,0.5409902453832008,0.3190678889323071,0.09840893833869603,0.041532927345795986
1716,0.5409902453832008,0.3190678889323071,0.09840893833869603,0.041532927345795986
1717,0.5409902453832008,0.3190678889323071,0.09840893833869603,0.041532927345795986
1718,0.5409902453832008,0.3190678889323071,0.09840893833869603,0.041532927345795986
1719,0.5409902453832008,0.3190678889323071,0.09840893833869603,0.041532927345795986
1720,0.5409902453832008,0.3190678889323071,0.09840893833869603,0.041532927345795986
1721,0.5409902453832008,0.3190678889323071,0.09840893833869603,0.041532927345795986
1722,0.5409902453832008,0.3190678889323071,0.09840893833869603,0.041532927345795986
1723,0.5409902453832008,0.3190678889323071,0.09840893833869603,0.041532927345795986
1724,0.5409902453832008,0.3190678889323071,0.09840893833869603,0.041532927345795986
1725,0.5409902453832008,0.3190678889323071,0.09840893833869603,0.041532927345795986
1726,0.5409902453832008,0.3190678889323071,0.09840893833869603,0.041532927345795986
1727,0.5409902453832008,0.3190678889323071,0.09840893833869603,0.041532927345795986
1728,0.5409902453832008,0.3190678889323071,0.09840893833869603,0.041532927345795986
1729,0.5409902453832008,0.3190678889323071,0.09840893833869603,0.041532927345795986
1730,0.5409902453832008,0.3190678889323071,0.09840893833869603,0.041532927345795986
1731,0.5409902453832008,0.3190678889323071,0.09840893833869603,0.041532927345795986
1732,0.5409902453832008,0.3190678889323071,0.09840893833869603,0.041532927345795986
1733,0.5409902453832008,0.3190678889323071,0.09840893833869603,0.041532927345795986
1734,0.5409902453832008,0.3190678889323071,0.09840893833869603,0.041532927345795986
1735,0.5409902453832008,0.3190678889323071,0.09840893833869603,0.041532927345795986
1736,0.5409902453832008,0.3190678889323071,0.09840893833869603,0.041532927345795986
1737,0.5409902453832008,0.3190678889323071,0.09840893833869603,0.041532927345795986
1738,0.5409902453832008,0.3190678889323071,0.09840893833869603,0.041532927345795986
1739,0.5409902453832008,0.3190678889323071,0.09840893833869603,0.041532927345795986
1740,0.5409902453832008,0.3190678889323071,0.09840893833869603,0.041532927345795986
1741,0.5409902453832008,0.3190678889323071,0.09840893833869603,0.041532927345795986
1742,0.5409902453832008,0.3190678889323071,0.09840893833869603,0.041532927345795986
1743,0.5409902453832008,0.3190678889323071,0.09840893833869603,0.041532927345795986
1744,0.5409902453832008,0.3190678889323071,0.09840893833869603,0.041532927345795986
1745,0.5409902453832008,0.3190678889323071,0.09840893833869603,0.041532927345795986
1746,0.5409902453832008,0.3190678889323071,0.09840893833869603,0.041532927345795986
1747,0.5409902453832008,0.3190678889323071,0.09840893833869603,0.041532927345795986
1748,0.5409902453832008,0.3190678889323071,0.09840893833869603,0.041532927345795986
1749,0.5409902453832008,0.3190678889323071,0.09840893833869603,0.041532927345795986
1750,0.5409902453832008,0.3190678889323071,0.09840893833869603,0.041532927345795986
1751,0.5409902453832008,0.3190678889323071,0.09840893833869603,0.041532927345795986
1752,0.5409902453832008,0.3190678889323071,0.09840893833869603,0.041532927345795986
1753,0.5409902453832008,0.3190678889323071,0.09840893833869603,0.041532927345795986
1754,0.5409902453832008,0.3190678889323071,0.09840893833869603,0.041532927345795986
1755,0.5409902453832008,0.3190678889323071,0.09840893833869603,0.041532927345795986
1756,0.5409902453832008,0.3190678889323071,0.09840893833869603,0.041532927345795986
1757,0.5409902453832008,0.3190678889323071,0.09840893833869603,0.041532927345795986
1758,0.5409902453832008,0.3190678889323071,0.09840893833869603,0.041532927345795986
1759,0.5409902453832008,0.3190678889323071,0.09840893833869603,0.041532927345795986
1760,0.5409902453832008,0.3190678889323071,0.09840893833869603,0.041532927345795986
1761,0.5409902453832008,0.3190678889323071,0.09840893833869603,0.041532927345795986
1762,0.5409902453832008,0.3190678889323071,0.09840893833869603,0.041532927345795986
1763,0.5409902453832008,0.3190678889323071,0.09840893833869603,0.041532927345795986
1764,0.5409902453832008,0.3190678889323071,0.09840893833869603,0.041532927345795986
1765,0.5409902453832008,0.3190678889323071,0.09840893833869603,0.041532927345795986
1766,0.5409902453832008,0.3190678889323071,0.09840893833869603,0.041532927345795986
1767,0.5409902453832008,0.3190678889323071,0.09840893833869603,0.041532927345795986
1768,0.5409902453832008,0.3190678889323071,0.09840893833869603,0.041532927345795986
1769,0.5409902453832008,0.3190678889323071,0.09840893833869603,0.041532927345795986
1770,0.5409902453832008,0.3190678889323071,0.09840893833869603,0.041532927345795986
1771,0.5409902453832008,0.3190678889323071,0.09840893833869603,0.041532927345795986
1772,0.5409902453832008,0.3190678889323071,0.09840893833869603,0.041532927345795986
1773,0.5409902453832008,0.3190678889323071,0.09840893833869603,0.041532927345795986
1774,0.5409902453832008,0.3190678889323071,0.09840893833869603,0.041532927345795986
1775,0.5409902453832008,0.3190678889323071,0.09840893833869603,0.041532927345795986
1776,0.5409902453832008,0.3190678889323071,0.09840893833869603,0.041532927345795986
1777,0.5409902453832008,0.3190678889323071,0.09840893833869603,0.041532927345795986
1778,0.5409902453832008,0.3190678889323071,0.09840893833869603,0.041532927345795986
1779,0.5409902453832008,0.3190678889323071,0.09840893833869603,0.041532927345795986
1780,0.5409902453832008,0.3190678889323071,0.09840893833869603,0.041532927345795986
1781,0.5409902453832008,0.3190678889323071,0.09840893833869603,0.041532927345795986
1782,0.5409902453832008,0.3190678889323071,0.09840893833869603,0.041532927345795986
1783,0.5409902453832008,0.3190678889323071,0.09840893833869603,0.041532927345795986
1784,0.5409902453832008,0.3190678889323071,0.09840893833869603,0.041532927345795986
1785,0.5409902453832008,0.3190678889323071,0.09840893833869603,0.041532927345795986
1786,0.5409902453832008,0.3190678889323071,0.09840893833869603,0.041532927345795986
1787,0.5409902453832008,0.3190678889323071,0.09840893833869603,0.041532927345795986
1788,0.5409902453832008,0.3190678889323071,0.09840893833869603,0.041532927345795986
1789,0.5409902453832008,0.3190678889323071,0.09840893833869603,0.041532927345795986
1790,0.5409902453832008,0.3190678889323071,0.09840893833869603,0.041532927345795986
1791,0.5409902453832008,0.3190678889323071,0.09840893833869603,0.041532927345795986
1792,0.5409902453832008,0.3190678889323071,0.09840893833869603,0.041532927345795986
1793,0.5409902453832008,0.3190678889323071,0.09840893833869603,0.041532927345795986
1794,0.5409902453832008,0.3190678889323071,0.09840893833869603,0.041532927345795986
1795,0.5409902453832008,0.3190678889323071,0.09840893833869603,0.041532927345795986
1796,0.5409902453832008,0.3190678889323071,0.09840893833869603,0.041532927345795986
1797,0.5409902453832008,0.3190678889323071,0.09840893833869603,0.041532927345795986
1798,0.5409902453832008,0.3190678889323071,0.09840893833869603,0.041532927345795986
1799,0.5409902453832008,0.3190678889323071,0.09840893833869603,0.041532927345795986
1800,0.5654667214629052,0.29328649552970976,0.09766836724637638,0.043578415761008675
1801,0.5654667214629052,0.29328649552970976,0.09766836724637638,0.043578415761008675
1802,0.5654667214629052,0.29328649552970976,0.09766836724637638,0.043578415761008675
1803,0.5654667214629052,0.29328649552970976,0.09766836724637638,0.043578415761008675
1804,0.5654667214629052,0.29328649552970976,0.09766836724637638,0.043578415761008675
1805,0.5654667214629052,0.29328649552970976,0.09766836724637638,0.043578415761008675
1806,0.5654667214629052,0.29328649552970976,0.09766836724637638,0.043578415761008675
1807,0.5654667214629052,0.29328649552970976,0.09766836724637638,0.043578415761008675
1808,0.5654667214629052,0.29328649552970976,0.09766836724637638,0.043578415761008675
1809,0.5654667214629052,0.29328649552970976,0.09766836724637638,0.043578415761008675
1810,0.5654667214629052,0.29328649552970976,0.09766836724637638,0.043578415761008675
1811,0.5654667214629052,0.29328649552970976,0.09766836724637638,0.043578415761008675
1812,0.5654667214629052,0.29328649552970976,0.09766836724637638,0.043578415761008675
1813,0.5654667214629052,0.29328649552970976,0.09766836724637638,0.043578415761008675
1814,0.5654667214629052,0.29328649552970976,0.09766836724637638,0.043578415761008675
1815,0.5654667214629052,0.29328649552970976,0.09766836724637638,0.043578415761008675
1816,0.5654667214629052,0.29328649552970976,0.09766836724637638,0.043578415761008675
1817,0.5654667214629052,0.29328649552970976,0.09766836724637638,0.043578415761008675
1818,0.5654667214629052,0.29328649552970976,0.09766836724637638,0.043578415761008675
1819,0.5654667214629052,0.29328649552970976,0.09766836724637638,0.043578415761008675
1820,0.5654667214629052,0.29328649552970976,0.09766836724637638,0.043578415761008675
1821,0.5654667214629052,0.29328649552970976,0.09766836724637638,0.043578415761008675
1822,0.5654667214629052,0.29328649552970976,0.09766836724637638,0.043578415761008675
1823,0.5654667214629052,0.29328649552970976,0.09766836724637638,0.043578415761008675
1824,0.5654667214629052,0.29328649552970976,0.09766836724637638,0.043578415761008675
1825,0.5654667214629052,0.29328649552970976,0.09766836724637638,0.043578415761008675
1826,0.5654667214629052,0.29328649552970976,0.09766836724637638,0.043578415761008675
1827,0.5654667214629052,0.29328649552970976,0.09766836724637638,0.043578415761008675
1828,0.5654667214629052,0.29328649552970976,0.09766836724637638,0.043578415761008675
1829,0.5654667214629052,0.29328649552970976,0.09766836724637638,0.043578415761008675
1830,0.5654667214629052,0.29328649552970976,0.09766836724637638,0.043578415761008675
1831,0.5654667214629052,0.29328649552970976,0.09766836724637638,0.043578415761008675
1832,0.5654667214629052,0.29328649552970976,0.09766836724637638,0.043578415761008675
1833,0.5654667214629052,0.29328649552970976,0.09766836724637638,0.043578415761008675
1834,0.5654667214629052,0.29328649552970976,0.09766836724637638,0.043578415761008675
1835,0.5654667214629052,0.29328649552970976,0.09766836724637638,0.043578415761008675
1836,0.5654667214629052,0.29328649552970976,0.09766836724637638,0.043578415761008675
1837,0.5654667214629052,0.29328649552970976,0.09766836724637638,0.043578415761008675
1838,0.5654667214629052,0.29328649552970976,0.09766836724637638,0.043578415761008675
1839,0.5654667214629052,0.29328649552970976,0.09766836724637638,0.043578415761008675
1840,0.5654667214629052,0.29328649552970976,0.09766836724637638,0.043578415761008675
1841,0.5654667214629052,0.29328649552970976,0.09766836724637638,0.043578415761008675
1842,0.5654667214629052,0.29328649552970976,0.09766836724637638,0.043578415761008675
1843,0.5654667214629052,0.29328649552970976,0.09766836724637638,0.043578415761008675
1844,0.5654667214629052,0.29328649552970976,0.09766836724637638,0.043578415761008675
1845,0.5654667214629052,0.29328649552970976,0.09766836724637638,0.043578415761008675
1846,0.5654667214629052,0.29328649552970976,0.09766836724637638,0.043578415761008675
1847,0.5654667214629052,0.29328649552970976,0.09766836724637638,0.043578415761008675
1848,0.5654667214629052,0.29328649552970976,0.09766836724637638,0.043578415761008675
1849,0.5654667214629052,0.29328649552970976,0.09766836724637638,0.043578415761008675
1850,0.5654667214629052,0.29328649552970976,0.09766836724637638,0.043578415761008675
1851,0.5654667214629052,0.29328649552970976,0.09766836724637638,0.043578415761008675
1852,0.5654667214629052,0.29328649552970976,0.09766836724637638,0.043578415761008675
1853,0.5654667214629052,0.29328649552970976,0.09766836724637638,0.043578415761008675
1854,0.5654667214629052,0.29328649552970976,0.09766836724637638,0.043578415761008675
1855,0.5654667214629052,0.29328649552970976,0.09766836724637638,0.043578415761008675
1856,0.5654667214629052,0.29328649552970976,0.09766836724637638,0.043578415761008675
1857,0.5654667214629052,0.29328649552970976,0.09766836724637638,0.043578415761008675
1858,0.5654667214629052,0.29328649552970976,0.09766836724637638,0.043578415761008675
1859,0.5654667214629052,0.29328649552970976,0.09766836724637638,0.043578415761008675
1860,0.5654667214629052,0.29328649552970976,0.09766836724637638,0.043578415761008675
1861,0.5654667214629052,0.29328649552970976,0.09766836724637638,0.043578415761008675
1862,0.5654667214629052,0.29328649552970976,0.09766836724637638,0.043578415761008675
1863,0.5654667214629052,0.29328649552970976,0.09766836724637638,0.043578415761008675
1864,0.5654667214629052,0.29328649552970976,0.09766836724637638,0.043578415761008675
1865,0.5654667214629052,0.29328649552970976,0.09766836724637638,0.043578415761008675
1866,0.5654667214629052,0.29328649552970976,0.09766836724637638,0.043578415761008675
1867,0.5654667214629052,0.29328649552970976,0.09766836724637638,0.043578415761008675
1868,0.5654667214629052,0.29328649552970976,0.09766836724637638,0.043578415761008675
1869,0.5654667214629052,0.29328649552970976,0.09766836724637638,0.043578415761008675
1870,0.5654667214629052,0.29328649552970976,0.09766836724637638,0.043578415761008675
1871,0.5654667214629052,0.29328649552970976,0.09766836724637638,0.043578415761008675
1872,0.5654667214629052,0.29328649552970976,0.09766836724637638,0.043578415761008675
1873,0.5654667214629052,0.29328649552970976,0.09766836724637638,0.043578415761008675
1874,0.5654667214629052,0.29328649552970976,0.09766836724637638,0.043578415761008675
1875,0.5654667214629052,0.29328649552970976,0.09766836724637638,0.043578415761008675
1876,0.5654667214629052,0.29328649552970976,0.09766836724637638,0.043578415761008675
1877,0.5654667214629052,0.29328649552970976,0.09766836724637638,0.043578415761008675
1878,0.5654667214629052,0.29328649552970976,0.09766836724637638,0.043578415761008675
1879,0.5654667214629052,0.29328649552970976,0.09766836724637638,0.043578415761008675
1880,0.5654667214629052,0.29328649552970976,0.09766836724637638,0.043578415761008675
1881,0.5654667214629052,0.29328649552970976,0.09766836724637638,0.043578415761008675
1882,0.5654667214629052,0.29328649552970976,0.09766836724637638,0.043578415761008675
1883,0.5654667214629052,0.29328649552970976,0.09766836724637638,0.043578415761008675
1884,0.5654667214629052,0.29328649552970976,0.09766836724637638,0.043578415761008675
1885,0.5654667214629052,0.29328649552970976,0.09766836724637638,0.043578415761008675
1886,0.5654667214629052,0.29328649552970976,0.09766836724637638,0.043578415761008675
1887,0.5654667214629052,0.29328649552970976,0.09766836724637638,0.043578415761008675
1888,0.5654667214629052,0.29328649552970976,0.09766836724637638,0.043578415761008675
1889,0.5654667214629052,0.29328649552970976,0.09766836724637638,0.043578415761008675
1890,0.5654667214629052,0.29328649552970976,0.09766836724637638,0.043578415761008675
1891,0.5654667214629052,0.29328649552970976,0.09766836724637638,0.043578415761008675
1892,0.5654667214629052,0.29328649552970976,0.09766836724637638,0.043578415761008675
1893,0.5654667214629052,0.29328649552970976,0.09766836724637638,0.043578415761008675
1894,0.5654667214629052,0.29328649552970976,0.09766836724637638,0.043578415761008675
1895,0.5654667214629052,0.29328649552970976,0.09766836724637638,0.043578415761008675
1896,0.5654667214629052,0.29328649552970976,0.09766836724637638,0.043578415761008675
1897,0.5654667214629052,0.29328649552970976,0.09766836724637638,0.043578415761008675
1898,0.5654667214629052,0.29328649552970976,0.09766836724637638,0.043578415761008675
1899,0.5654667214629052,0.29328649552970976,0.09766836724637638,0.043578415761008675
1900,0.6104699945557868,0.27643616081613975,0.06896300024990866,0.04413084437816487
1901,0.6104699945557868,0.27643616081613975,0.06896300024990866,0.04413084437816487
1902,0.6104699945557868,0.27643616081613975,0.06896300024990866,0.04413084437816487
1903,0.6104699945557868,0.27643616081613975,0.06896300024990866,0.04413084437816487
1904,0.6104699945557868,0.27643616081613975,0.06896300024990866,0.04413084437816487
1905,0.6104699945557868,0.27643616081613975,0.06896300024990866,0.04413084437816487
1906,0.6104699945557868,0.27643616081613975,0.06896300024990866,0.04413084437816487
1907,0.6104699945557868,0.27643616081613975,0.06896300024990866,0.04413084437816487
1908,0.6104699945557868,0.27643616081613975,0.06896300024990866,0.04413084437816487
1909,0.6104699945557868,0.27643616081613975,0.06896300024990866,0.04413084437816487
1910,0.6104699945557868,0.27643616081613975,0.06896300024990866,0.04413084437816487
1911,0.6104699945557868,0.27643616081613975,0.06896300024990866,0.04413084437816487
1912,0.6104699945557868,0.27643616081613975,0.06896300024990866,0.04413084437816487
1913,0.6104699945557868,0.27643616081613975,0.06896300024990866,0.04413084437816487
1914,0.6104699945557868,0.27643616081613975,0.06896300024990866,0.04413084437816487
1915,0.6104699945557868,0.27643616081613975,0.06896300024990866,0.04413084437816487
1916,0.6104699945557868,0.27643616081613975,0.06896300024990866,0.04413084437816487
1917,0.6104699945557868,0.27643616081613975,0.06896300024990866,0.04413084437816487
1918,0.6104699945557868,0.27643616081613975,0.06896300024990866,0.04413084437816487
1919,0.6104699945557868,0.27643616081613975,0.06896300024990866,0.04413084437816487
1920,0.6104699945557868,0.27643616081613975,0.06896300024990866,0.04413084437816487
1921,0.6104699945557868,0.27643616081613975,0.06896300024990866,0.04413084437816487
1922,0.6104699945557868,0.27643616081613975,0.06896300024990866,0.04413084437816487
1923,0.6104699945557868,0.27643616081613975,0.06896300024990866,0.04413084437816487
1924,0.6104699945557868,0.27643616081613975,0.06896300024990866,0.04413084437816487
1925,0.6104699945557868,0.27643616081613975,0.06896300024990866,0.04413084437816487
1926,0.6104699945557868,0.27643616081613975,0.06896300024990866,0.04413084437816487
1927,0.6104699945557868,0.27643616081613975,0.06896300024990866,0.04413084437816487
1928,0.6104699945557868,0.27643616081613975,0.06896300024990866,0.04413084437816487
1929,0.6104699945557868,0.27643616081613975,0.06896300024990866,0.04413084437816487
1930,0.6104699945557868,0.27643616081613975,0.06896300024990866,0.04413084437816487
1931,0.6104699945557868,0.27643616081613975,0.06896300024990866,0.04413084437816487
1932,0.6104699945557868,0.27643616081613975,0.06896300024990866,0.04413084437816487
1933,0.6104699945557868,0.27643616081613975,0.06896300024990866,0.04413084437816487
1934,0.6104699945557868,0.27643616081613975,0.06896300024990866,0.04413084437816487
1935,0.6104699945557868,0.27643616081613975,0.06896300024990866,0.04413084437816487
1936,0.6104699945557868,0.27643616081613975,0.06896300024990866,0.04413084437816487
1937,0.6104699945557868,0.27643616081613975,0.06896300024990866,0.04413084437816487
1938,0.6104699945557868,0.27643616081613975,0.06896300024990866,0.04413084437816487
1939,0.6104699945557868,0.27643616081613975,0.06896300024990866,0.04413084437816487
1940,0.6104699945557868,0.27643616081613975,0.06896300024990866,0.04413084437816487
1941,0.6104699945557868,0.27643616081613975,0.06896300024990866,0.04413084437816487
1942,0.6104699945557868,0.27643616081613975,0.06896300024990866,0.04413084437816487
1943,0.6104699945557868,0.27643616081613975,0.06896300024990866,0.04413084437816487
1944,0.6104699945557868,0.27643616081613975,0.06896300024990866,0.04413084437816487
1945,0.6104699945557868,0.27643616081613975,0.06896300024990866,0.04413084437816487
1946,0.6104699945557868,0.27643616081613975,0.06896300024990866,0.04413084437816487
1947,0.6104699945557868,0.27643616081613975,0.06896300024990866,0.04413084437816487
1948,0.6104699945557868,0.27643616081613975,0.06896300024990866,0.04413084437816487
1949,0.6104699945557868,0.27643616081613975,0.06896300024990866,0.04413084437816487
1950,0.6104699945557868,0.27643616081613975,0.06896300024990866,0.04413084437816487
1951,0.6104699945557868,0.27643616081613975,0.06896300024990866,0.04413084437816487
1952,0.6104699945557868,0.27643616081613975,0.06896300024990866,0.04413084437816487
1953,0.6104699945557868,0.27643616081613975,0.06896300024990866,0.04413084437816487
1954,0.6104699945557868,0.27643616081613975,0.06896300024990866,0.04413084437816487
1955,0.6104699945557868,0.27643616081613975,0.06896300024990866,0.04413084437816487
1956,0.6104699945557868,0.27643616081613975,0.06896300024990866,0.04413084437816487
1957,0.6104699945557868,0.27643616081613975,0.06896300024990866,0.04413084437816487
1958,0.6104699945557868,0.27643616081613975,0.06896300024990866,0.04413084437816487
1959,0.6104699945557868,0.27643616081613975,0.06896300024990866,0.04413084437816487
1960,0.6104699945557868,0.27643616081613975,0.06896300024990866,0.04413084437816487
1961,0.6104699945557868,0.27643616081613975,0.06896300024990866,0.04413084437816487
1962,0.6104699945557868,0.27643616081613975,0.06896300024990866,0.04413084437816487
1963,0.6104699945557868,0.27643616081613975,0.06896300024990866,0.04413084437816487
1964,0.6104699945557868,0.27643616081613975,0.06896300024990866,0.04413084437816487
1965,0.6104699945557868,0.27643616081613975,0.06896300024990866,0.04413084437816487
1966,0.6104699945557868,0.27643616081613975,0.06896300024990866,0.04413084437816487
1967,0.6104699945557868,0.27643616081613975,0.06896300024990866,0.04413084437816487
1968,0.6104699945557868,0.27643616081613975,0.06896300024990866,0.04413084437816487
1969,0.6104699945557868,0.27643616081613975,0.06896300024990866,0.04413084437816487
1970,0.6104699945557868,0.27643616081613975,0.06896300024990866,0.04413084437816487
1971,0.6104699945557868,0.27643616081613975,0.06896300024990866,0.04413084437816487
1972,0.6104699945557868,0.27643616081613975,0.06896300024990866,0.04413084437816487
1973,0.6104699945557868,0.27643616081613975,0.06896300024990866,0.04413084437816487
1974,0.6104699945557868,0.27643616081613975,0.06896300024990866,0.04413084437816487
1975,0.6104699945557868,0.27643616081613975,0.06896300024990866,0.04413084437816487
1976,0.6104699945557868,0.27643616081613975,0.06896300024990866,0.04413084437816487
1977,0.6104699945557868,0.27643616081613975,0.06896300024990866,0.04413084437816487
1978,0.6104699945557868,0.27643616081613975,0.06896300024990866,0.04413084437816487
1979,0.6104699945557868,0.27643616081613975,0.06896300024990866,0.04413084437816487
1980,0.6104699945557868,0.27643616081613975,0.06896300024990866,0.04413084437816487
1981,0.6104699945557868,0.27643616081613975,0.06896300024990866,0.04413084437816487
1982,0.6104699945557868,0.27643616081613975,0.06896300024990866,0.04413084437816487
1983,0.6104699945557868,0.27643616081613975,0.06896300024990866,0.04413084437816487
1984,0.6104699945557868,0.27643616081613975,0.06896300024990866,0.04413084437816487
1985,0.6104699945557868,0.27643616081613975,0.06896300024990866,0.04413084437816487
1986,0.6104699945557868,0.27643616081613975,0.06896300024990866,0.04413084437816487
1987,0.6104699945557868,0.27643616081613975,0.06896300024990866,0.04413084437816487
1988,0.6104699945557868,0.27643616081613975,0.06896300024990866,0.04413084437816487
1989,0.6104699945557868,0.27643616081613975,0.06896300024990866,0.04413084437816487
1990,0.6104699945557868,0.27643616081613975,0.06896300024990866,0.04413084437816487
1991,0.6104699945557868,0.27643616081613975,0.06896300024990866,0.04413084437816487
1992,0.6104699945557868,0.27643616081613975,0.06896300024990866,0.04413084437816487
1993,0.6104699945557868,0.27643616081613975,0.06896300024990866,0.04413084437816487
1994,0.6104699945557868,0.27643616081613975,0.06896300024990866,0.04413084437816487
1995,0.6104699945557868,0.27643616081613975,0.06896300024990866,0.04413084437816487
1996,0.6104699945557868,0.27643616081613975,0.06896300024990866,0.04413084437816487
1997,0.6104699945557868,0.27643616081613975,0.06896300024990866,0.04413084437816487
1998,0.6104699945557868,0.27643616081613975,0.06896300024990866,0.04413084437816487
1999,0.6104699945557868,0.27643616081613975,0.06896300024990866,0.04413084437816487
2000,0.6290593125027961,0.2823988490365641,0.04644737162761286,0.04209446683302687
2001,0.6290593125027961,0.2823988490365641,0.04644737162761286,0.04209446683302687
2002,0.6290593125027961,0.2823988490365641,0.04644737162761286,0.04209446683302687
2003,0.6290593125027961,0.2823988490365641,0.04644737162761286,0.04209446683302687
2004,0.6290593125027961,0.2823988490365641,0.04644737162761286,0.04209446683302687
2005,0.6290593125027961,0.2823988490365641,0.04644737162761286,0.04209446683302687
2006,0.6290593125027961,0.2823988490365641,0.04644737162761286,0.04209446683302687
2007,0.6290593125027961,0.2823988490365641,0.04644737162761286,0.04209446683302687
2008,0.6290593125027961,0.2823988490365641,0.04644737162761286,0.04209446683302687
2009,0.6290593125027961,0.2823988490365641,0.04644737162761286,0.04209446683302687
2010,0.6290593125027961,0.2823988490365641,0.04644737162761286,0.04209446683302687
2011,0.6290593125027961,0.2823988490365641,0.04644737162761286,0.04209446683302687
2012,0.6290593125027961,0.2823988490365641,0.04644737162761286,0.04209446683302687
2013,0.6290593125027961,0.2823988490365641,0.04644737162761286,0.04209446683302687
2014,0.6290593125027961,0.2823988490365641,0.04644737162761286,0.04209446683302687
2015,0.6290593125027961,0.2823988490365641,0.04644737162761286,0.04209446683302687
2016,0.6290593125027961,0.2823988490365641,0.04644737162761286,0.04209446683302687
2017,0.6290593125027961,0.2823988490365641,0.04644737162761286,0.04209446683302687
2018,0.6290593125027961,0.2823988490365641,0.04644737162761286,0.04209446683302687
2019,0.6290593125027961,0.2823988490365641,0.04644737162761286,0.04209446683302687
2020,0.6290593125027961,0.2823988490365641,0.04644737162761286,0.04209446683302687
2021,0.6290593125027961,0.2823988490365641,0.04644737162761286,0.04209446683302687
2022,0.6290593125027961,0.2823988490365641,0.04644737162761286,0.04209446683302687
2023,0.6290593125027961,0.2823988490365641,0.04644737162761286,0.04209446683302687
2024,0.6290593125027961,0.2823988490365641,0.04644737162761286,0.04209446683302687
2025,0.6290593125027961,0.2823988490365641,0.04644737162761286,0.04209446683302687
2026,0.6290593125027961,0.2823988490365641,0.04644737162761286,0.04209446683302687
2027,0.6290593125027961,0.2823988490365641,0.04644737162761286,0.04209446683302687
2028,0.6290593125027961,0.2823988490365641,0.04644737162761286,0.04209446683302687
2029,0.6290593125027961,0.2823988490365641,0.04644737162761286,0.04209446683302687
2030,0.6290593125027961,0.2823988490365641,0.04644737162761286,0.04209446683302687
2031,0.6290593125027961,0.2823988490365641,0.04644737162761286,0.04209446683302687
2032,0.6290593125027961,0.2823988490365641,0.04644737162761286,0.04209446683302687
2033,0.6290593125027961,0.2823988490365641,0.04644737162761286,0.04209446683302687
2034,0.6290593125027961,0.2823988490365641,0.04644737162761286,0.04209446683302687
2035,0.6290593125027961,0.2823988490365641,0.04644737162761286,0.04209446683302687
2036,0.6290593125027961,0.2823988490365641,0.04644737162761286,0.04209446683302687
2037,0.6290593125027961,0.2823988490365641,0.04644737162761286,0.04209446683302687
2038,0.6290593125027961,0.2823988490365641,0.04644737162761286,0.04209446683302687
2039,0.6290593125027961,0.2823988490365641,0.04644737162761286,0.04209446683302687
2040,0.6290593125027961,0.2823988490365641,0.04644737162761286,0.04209446683302687
2041,0.6290593125027961,0.2823988490365641,0.04644737162761286,0.04209446683302687
2042,0.6290593125027961,0.2823988490365641,0.04644737162761286,0.04209446683302687
2043,0.6290593125027961,0.2823988490365641,0.04644737162761286,0.04209446683302687
2044,0.6290593125027961,0.2823988490365641,0.04644737162761286,0.04209446683302687
2045,0.6290593125027961,0.2823988490365641,0.04644737162761286,0.04209446683302687
2046,0.6290593125027961,0.2823988490365641,0.04644737162761286,0.04209446683302687
2047,0.6290593125027961,0.2823988490365641,0.04644737162761286,0.04209446683302687
2048,0.6290593125027961,0.2823988490365641,0.04644737162761286,0.04209446683302687
2049,0.6290593125027961,0.2823988490365641,0.04644737162761286,0.04209446683302687
2050,0.6290593125027961,0.2823988490365641,0.04644737162761286,0.04209446683302687
2051,0.6290593125027961,0.2823988490365641,0.04644737162761286,0.04209446683302687
2052,0.6290593125027961,0.2823988490365641,0.04644737162761286,0.04209446683302687
2053,0.6290593125027961,0.2823988490365641,0.04644737162761286,0.04209446683302687
2054,0.6290593125027961,0.2823988490365641,0.04644737162761286,0.04209446683302687
2055,0.6290593125027961,0.2823988490365641,0.04644737162761286,0.04209446683302687
2056,0.6290593125027961,0.2823988490365641,0.04644737162761286,0.04209446683302687
2057,0.6290593125027961,0.2823988490365641,0.04644737162761286,0.04209446683302687
2058,0.6290593125027961,0.2823988490365641,0.04644737162761286,0.04209446683302687
2059,0.6290593125027961,0.2823988490365641,0.04644737162761286,0.04209446683302687
2060,0.6290593125027961,0.2823988490365641,0.04644737162761286,0.04209446683302687
2061,0.6290593125027961,0.2823988490365641,0.04644737162761286,0.04209446683302687
2062,0.6290593125027961,0.2823988490365641,0.04644737162761286,0.04209446683302687
2063,0.6290593125027961,0.2823988490365641,0.04644737162761286,0.04209446683302687
2064,0.6290593125027961,0.2823988490365641,0.04644737162761286,0.04209446683302687
2065,0.6290593125027961,0.2823988490365641,0.04644737162761286,0.04209446683302687
2066,0.6290593125027961,0.2823988490365641,0.04644737162761286,0.04209446683302687
2067,0.6290593125027961,0.2823988490365641,0.04644737162761286,0.04209446683302687
2068,0.6290593125027961,0.2823988490365641,0.04644737162761286,0.04209446683302687
2069,0.6290593125027961,0.2823988490365641,0.04644737162761286,0.04209446683302687
2070,0.6290593125027961,0.2823988490365641,0.04644737162761286,0.04209446683302687
2071,0.6290593125027961,0.2823988490365641,0.04644737162761286,0.04209446683302687
2072,0.6290593125027961,0.2823988490365641,0.04644737162761286,0.04209446683302687
2073,0.6290593125027961,0.2823988490365641,0.04644737162761286,0.04209446683302687
2074,0.6290593125027961,0.2823988490365641,0.04644737162761286,0.04209446683302687
2075,0.6290593125027961,0.2823988490365641,0.04644737162761286,0.04209446683302687
2076,0.6290593125027961,0.2823988490365641,0.04644737162761286,0.04209446683302687
2077,0.6290593125027961,0.2823988490365641,0.04644737162761286,0.04209446683302687
2078,0.6290593125027961,0.2823988490365641,0.04644737162761286,0.04209446683302687
2079,0.6290593125027961,0.2823988490365641,0.04644737162761286,0.04209446683302687
2080,0.6290593125027961,0.2823988490365641,0.04644737162761286,0.04209446683302687
2081,0.6290593125027961,0.2823988490365641,0.04644737162761286,0.04209446683302687
2082,0.6290593125027961,0.2823988490365641,0.04644737162761286,0.04209446683302687
2083,0.6290593125027961,0.2823988490365641,0.04644737162761286,0.04209446683302687
2084,0.6290593125027961,0.2823988490365641,0.04644737162761286,0.04209446683302687
2085,0.6290593125027961,0.2823988490365641,0.04644737162761286,0.04209446683302687
2086,0.6290593125027961,0.2823988490365641,0.04644737162761286,0.04209446683302687
2087,0.6290593125027961,0.2823988490365641,0.04644737162761286,0.04209446683302687
2088,0.6290593125027961,0.2823988490365641,0.04644737162761286,0.04209446683302687
2089,0.6290593125027961,0.2823988490365641,0.04644737162761286,0.04209446683302687
2090,0.6290593125027961,0.2823988490365641,0.04644737162761286,0.04209446683302687
2091,0.6290593125027961,0.2823988490365641,0.04644737162761286,0.04209446683302687
2092,0.6290593125027961,0.2823988490365641,0.04644737162761286,0.04209446683302687
2093,0.6290593125027961,0.2823988490365641,0.04644737162761286,0.04209446683302687
2094,0.6290593125027961,0.2823988490365641,0.04644737162761286,0.04209446683302687
2095,0.6290593125027961,0.2823988490365641,0.04644737162761286,0.04209446683302687
2096,0.6290593125027961,0.2823988490365641,0.04644737162761286,0.04209446683302687
2097,0.6290593125027961,0.2823988490365641,0.04644737162761286,0.04209446683302687
2098,0.6290593125027961,0.2823988490365641,0.04644737162761286,0.04209446683302687
2099,0.6290593125027961,0.2823988490365641,0.04644737162761286,0.04209446683302687
2100,0.6402126435616318,0.2645478007084632,0.047619777864952494,0.047619777864952494
2101,0.6402126435616318,0.2645478007084632,0.047619777864952494,0.047619777864952494
2102,0.6402126435616318,0.2645478007084632,0.047619777864952494,0.047619777864952494
2103,0.6402126435616318,0.2645478007084632,0.047619777864952494,0.047619777864952494
2104,0.6402126435616318,0.2645478007084632,0.047619777864952494,0.047619777864952494
2105,0.6402126435616318,0.2645478007084632,0.047619777864952494,0.047619777864952494
2106,0.6402126435616318,0.2645478007084632,0.047619777864952494,0.047619777864952494
2107,0.6402126435616318,0.2645478007084632,0.047619777864952494,0.047619777864952494
2108,0.6402126435616318,0.2645478007084632,0.047619777864952494,0.047619777864952494
2109,0.6402126435616318,0.2645478007084632,0.047619777864952494,0.047619777864952494
2110,0.6402126435616318,0.2645478007084632,0.047619777864952494,0.047619777864952494
2111,0.6402126435616318,0.2645478007084632,0.047619777864952494,0.047619777864952494
2112,0.6402126435616318,0.2645478007084632,0.047619777864952494,0.047619777864952494
2113,0.6402126435616318,0.2645478007084632,0.047619777864952494,0.047619777864952494
2114,0.6402126435616318,0.2645478007084632,0.047619777864952494,0.047619777864952494
2115,0.6402126435616318,0.2645478007084632,0.047619777864952494,0.047619777864952494
2116,0.6402126435616318,0.2645478007084632,0.047619777864952494,0.047619777864952494
2117,0.6402126435616318,0.2645478007084632,0.047619777864952494,0.047619777864952494
2118,0.6402126435616318,0.2645478007084632,0.047619777864952494,0.047619777864952494
2119,0.6402126435616318,0.2645478007084632,0.047619777864952494,0.047619777864952494
2120,0.6402126435616318,0.2645478007084632,0.047619777864952494,0.047619777864952494
2121,0.6402126435616318,0.2645478007084632,0.047619777864952494,0.047619777864952494
2122,0.6402126435616318,0.2645478007084632,0.047619777864952494,0.047619777864952494
2123,0.6402126435616318,0.2645478007084632,0.047619777864952494,0.047619777864952494
2124,0.6402126435616318,0.2645478007084632,0.047619777864952494,0.047619777864952494
2125,0.6402126435616318,0.2645478007084632,0.047619777864952494,0.047619777864952494
2126,0.6402126435616318,0.2645478007084632,0.047619777864952494,0.047619777864952494
2127,0.6402126435616318,0.2645478007084632,0.047619777864952494,0.047619777864952494
2128,0.6402126435616318,0.2645478007084632,0.047619777864952494,0.047619777864952494
2129,0.6402126435616318,0.2645478007084632,0.047619777864952494,0.047619777864952494
2130,0.6402126435616318,0.2645478007084632,0.047619777864952494,0.047619777864952494
2131,0.6402126435616318,0.2645478007084632,0.047619777864952494,0.047619777864952494
2132,0.6402126435616318,0.2645478007084632,0.047619777864952494,0.047619777864952494
2133,0.6402126435616318,0.2645478007084632,0.047619777864952494,0.047619777864952494
2134,0.6402126435616318,0.2645478007084632,0.047619777864952494,0.047619777864952494
2135,0.6402126435616318,0.2645478007084632,0.047619777864952494,0.047619777864952494
2136,0.6402126435616318,0.2645478007084632,0.047619777864952494,0.047619777864952494
2137,0.6402126435616318,0.2645478007084632,0.047619777864952494,0.047619777864952494
2138,0.6402126435616318,0.2645478007084632,0.047619777864952494,0.047619777864952494
2139,0.6402126435616318,0.2645478007084632,0.047619777864952494,0.047619777864952494
2140,0.6402126435616318,0.2645478007084632,0.047619777864952494,0.047619777864952494
2141,0.6402126435616318,0.2645478007084632,0.047619777864952494,0.047619777864952494
2142,0.6402126435616318,0.2645478007084632,0.047619777864952494,0.047619777864952494
2143,0.6402126435616318,0.2645478007084632,0.047619777864952494,0.047619777864952494
2144,0.6402126435616318,0.2645478007084632,0.047619777864952494,0.047619777864952494
2145,0.6402126435616318,0.2645478007084632,0.047619777864952494,0.047619777864952494
2146,0.6402126435616318,0.2645478007084632,0.047619777864952494,0.047619777864952494
2147,0.6402126435616318,0.2645478007084632,0.047619777864952494,0.047619777864952494
2148,0.6402126435616318,0.2645478007084632,0.047619777864952494,0.047619777864952494
2149,0.6402126435616318,0.2645478007084632,0.047619777864952494,0.047619777864952494
2150,0.6402126435616318,0.2645478007084632,0.047619777864952494,0.047619777864952494
2151,0.6402126435616318,0.2645478007084632,0.047619777864952494,0.047619777864952494
2152,0.6402126435616318,0.2645478007084632,0.047619777864952494,0.047619777864952494
2153,0.6402126435616318,0.2645478007084632,0.047619777864952494,0.047619777864952494
2154,0.6402126435616318,0.2645478007084632,0.047619777864952494,0.047619777864952494
2155,0.6402126435616318,0.2645478007084632,0.047619777864952494,0.047619777864952494
2156,0.6402126435616318,0.2645478007084632,0.047619777864952494,0.047619777864952494
2157,0.6402126435616318,0.2645478007084632,0.047619777864952494,0.047619777864952494
2158,0.6402126435616318,0.2645478007084632,0.047619777864952494,0.047619777864952494
2159,0.6402126435616318,0.2645478007084632,0.047619777864952494,0.047619777864952494
2160,0.6402126435616318,0.2645478007084632,0.047619777864952494,0.047619777864952494
2161,0.6402126435616318,0.2645478007084632,0.047619777864952494,0.047619777864952494
2162,0.6402126435616318,0.2645478007084632,0.047619777864952494,0.047619777864952494
2163,0.6402126435616318,0.2645478007084632,0.047619777864952494,0.047619777864952494
2164,0.6402126435616318,0.2645478007084632,0.047619777864952494,0.047619777864952494
2165,0.6402126435616318,0.2645478007084632,0.047619777864952494,0.047619777864952494
2166,0.6402126435616318,0.2645478007084632,0.047619777864952494,0.047619777864952494
2167,0.6402126435616318,0.2645478007084632,0.047619777864952494,0.047619777864952494
2168,0.6402126435616318,0.2645478007084632,0.047619777864952494,0.047619777864952494
2169,0.6402126435616318,0.2645478007084632,0.047619777864952494,0.047619777864952494
2170,0.6402126435616318,0.2645478007084632,0.047619777864952494,0.047619777864952494
2171,0.6402126435616318,0.2645478007084632,0.047619777864952494,0.047619777864952494
2172,0.6402126435616318,0.2645478007084632,0.047619777864952494,0.047619777864952494
2173,0.6402126435616318,0.2645478007084632,0.047619777864952494,0.047619777864952494
2174,0.6402126435616318,0.2645478007084632,0.047619777864952494,0.047619777864952494
2175,0.6402126435616318,0.2645478007084632,0.047619777864952494,0.047619777864952494
2176,0.6402126435616318,0.2645478007084632,0.047619777864952494,0.047619777864952494
2177,0.6402126435616318,0.2645478007084632,0.047619777864952494,0.047619777864952494
2178,0.6402126435616318,0.2645478007084632,0.047619777864952494,0.047619777864952494
2179,0.6402126435616318,0.2645478007084632,0.047619777864952494,0.047619777864952494
2180,0.6402126435616318,0.2645478007084632,0.047619777864952494,0.047619777864952494
2181,0.6402126435616318,0.2645478007084632,0.047619777864952494,0.047619777864952494
2182,0.6402126435616318,0.2645478007084632,0.047619777864952494,0.047619777864952494
2183,0.6402126435616318,0.2645478007084632,0.047619777864952494,0.047619777864952494
2184,0.6402126435616318,0.2645478007084632,0.047619777864952494,0.047619777864952494
2185,0.6402126435616318,0.2645478007084632,0.047619777864952494,0.047619777864952494
2186,0.6402126435616318,0.2645478007084632,0.047619777864952494,0.047619777864952494
2187,0.6402126435616318,0.2645478007084632,0.047619777864952494,0.047619777864952494
2188,0.6402126435616318,0.2645478007084632,0.047619777864952494,0.047619777864952494
2189,0.6402126435616318,0.2645478007084632,0.047619777864952494,0.047619777864952494
2190,0.6402126435616318,0.2645478007084632,0.047619777864952494,0.047619777864952494
2191,0.6402126435616318,0.2645478007084632,0.047619777864952494,0.047619777864952494
2192,0.6402126435616318,0.2645478007084632,0.047619777864952494,0.047619777864952494
2193,0.6402126435616318,0.2645478007084632,0.047619777864952494,0.047619777864952494
2194,0.6402126435616318,0.2645478007084632,0.047619777864952494,0.047619777864952494
2195,0.6402126435616318,0.2645478007084632,0.047619777864952494,0.047619777864952494
2196,0.6402126435616318,0.2645478007084632,0.047619777864952494,0.047619777864952494
2197,0.6402126435616318,0.2645478007084632,0.047619777864952494,0.047619777864952494
2198,0.6402126435616318,0.2645478007084632,0.047619777864952494,0.047619777864952494
2199,0.6402126435616318,0.2645478007084632,0.047619777864952494,0.047619777864952494
2200,0.6606563884608498,0.24732598546050977,0.0460088130393201,0.0460088130393201
2201,0.6606563884608498,0.24732598546050977,0.0460088130393201,0.0460088130393201
2202,0.6606563884608498,0.24732598546050977,0.0460088130393201,0.0460088130393201
2203,0.6606563884608498,0.24732598546050977,0.0460088130393201,0.0460088130393201
2204,0.6606563884608498,0.24732598546050977,0.0460088130393201,0.0460088130393201
2205,0.6606563884608498,0.24732598546050977,0.0460088130393201,0.0460088130393201
2206,0.6606563884608498,0.24732598546050977,0.0460088130393201,0.0460088130393201
2207,0.6606563884608498,0.24732598546050977,0.0460088130393201,0.0460088130393201
2208,0.6606563884608498,0.24732598546050977,0.0460088130393201,0.0460088130393201
2209,0.6606563884608498,0.24732598546050977,0.0460088130393201,0.0460088130393201
2210,0.6606563884608498,0.24732598546050977,0.0460088130393201,0.0460088130393201
2211,0.6606563884608498,0.24732598546050977,0.0460088130393201,0.0460088130393201
2212,0.6606563884608498,0.24732598546050977,0.0460088130393201,0.0460088130393201
2213,0.6606563884608498,0.24732598546050977,0.0460088130393201,0.0460088130393201
2214,0.6606563884608498,0.24732598546050977,0.0460088130393201,0.0460088130393201
2215,0.6606563884608498,0.24732598546050977,0.0460088130393201,0.0460088130393201
2216,0.6606563884608498,0.24732598546050977,0.0460088130393201,0.0460088130393201
2217,0.6606563884608498,0.24732598546050977,0.0460088130393201,0.0460088130393201
2218,0.6606563884608498,0.24732598546050977,0.0460088130393201,0.0460088130393201
2219,0.6606563884608498,0.24732598546050977,0.0460088130393201,0.0460088130393201
2220,0.6606563884608498,0.24732598546050977,0.0460088130393201,0.0460088130393201
2221,0.6606563884608498,0.24732598546050977,0.0460088130393201,0.0460088130393201
2222,0.6606563884608498,0.24732598546050977,0.0460088130393201,0.0460088130393201
2223,0.6606563884608498,0.24732598546050977,0.0460088130393201,0.0460088130393201
2224,0.6606563884608498,0.24732598546050977,0.0460088130393201,0.0460088130393201
2225,0.6606563884608498,0.24732598546050977,0.0460088130393201,0.0460088130393201
2226,0.6606563884608498,0.24732598546050977,0.0460088130393201,0.0460088130393201
2227,0.6606563884608498,0.24732598546050977,0.0460088130393201,0.0460088130393201
2228,0.6606563884608498,0.24732598546050977,0.0460088130393201,0.0460088130393201
2229,0.6606563884608498,0.24732598546050977,0.0460088130393201,0.0460088130393201
2230,0.6606563884608498,0.24732598546050977,0.0460088130393201,0.0460088130393201
2231,0.6606563884608498,0.24732598546050977,0.0460088130393201,0.0460088130393201
2232,0.6606563884608498,0.24732598546050977,0.0460088130393201,0.0460088130393201
2233,0.6606563884608498,0.24732598546050977,0.0460088130393201,0.0460088130393201
2234,0.6606563884608498,0.24732598546050977,0.0460088130393201,0.0460088130393201
2235,0.6606563884608498,0.24732598546050977,0.0460088130393201,0.0460088130393201
2236,0.6606563884608498,0.24732598546050977,0.0460088130393201,0.0460088130393201
2237,0.6606563884608498,0.24732598546050977,0.0460088130393201,0.0460088130393201
2238,0.6606563884608498,0.24732598546050977,0.0460088130393201,0.0460088130393201
2239,0.6606563884608498,0.24732598546050977,0.0460088130393201,0.0460088130393201
2240,0.6606563884608498,0.24732598546050977,0.0460088130393201,0.0460088130393201
2241,0.6606563884608498,0.24732598546050977,0.0460088130393201,0.0460088130393201
2242,0.6606563884608498,0.24732598546050977,0.0460088130393201,0.0460088130393201
2243,0.6606563884608498,0.24732598546050977,0.0460088130393201,0.0460088130393201
2244,0.6606563884608498,0.24732598546050977,0.0460088130393201,0.0460088130393201
2245,0.6606563884608498,0.24732598546050977,0.0460088130393201,0.0460088130393201
2246,0.6606563884608498,0.24732598546050977,0.0460088130393201,0.0460088130393201
2247,0.6606563884608498,0.24732598546050977,0.0460088130393201,0.0460088130393201
2248,0.6606563884608498,0.24732598546050977,0.0460088130393201,0.0460088130393201
2249,0.6606563884608498,0.24732598546050977,0.0460088130393201,0.0460088130393201
2250,0.6606563884608498,0.24732598546050977,0.0460088130393201,0.0460088130393201
2251,0.6606563884608498,0.24732598546050977,0.0460088130393201,0.0460088130393201
2252,0.6606563884608498,0.24732598546050977,0.0460088130393201,0.0460088130393201
2253,0.6606563884608498,0.24732598546050977,0.0460088130393201,0.0460088130393201
2254,0.6606563884608498,0.24732598546050977,0.0460088130393201,0.0460088130393201
2255,0.6606563884608498,0.24732598546050977,0.0460088130393201,0.0460088130393201
2256,0.6606563884608498,0.24732598546050977,0.0460088130393201,0.0460088130393201
2257,0.6606563884608498,0.24732598546050977,0.0460088130393201,0.0460088130393201
2258,0.6606563884608498,0.24732598546050977,0.0460088130393201,0.0460088130393201
2259,0.6606563884608498,0.24732598546050977,0.0460088130393201,0.0460088130393201
2260,0.6606563884608498,0.24732598546050977,0.0460088130393201,0.0460088130393201
2261,0.6606563884608498,0.24732598546050977,0.0460088130393201,0.0460088130393201
2262,0.6606563884608498,0.24732598546050977,0.0460088130393201,0.0460088130393201
2263,0.6606563884608498,0.24732598546050977,0.0460088130393201,0.0460088130393201
2264,0.6606563884608498,0.24732598546050977,0.0460088130393201,0.0460088130393201
2265,0.6606563884608498,0.24732598546050977,0.0460088130393201,0.0460088130393201
2266,0.6606563884608498,0.24732598546050977,0.0460088130393201,0.0460088130393201
2267,0.6606563884608498,0.24732598546050977,0.0460088130393201,0.0460088130393201
2268,0.6606563884608498,0.24732598546050977,0.0460088130393201,0.0460088130393201
2269,0.6606563884608498,0.24732598546050977,0.0460088130393201,0.0460088130393201
2270,0.6606563884608498,0.24732598546050977,0.0460088130393201,0.0460088130393201
2271,0.6606563884608498,0.24732598546050977,0.0460088130393201,0.0460088130393201
2272,0.6606563884608498,0.24732598546050977,0.0460088130393201,0.0460088130393201
2273,0.6606563884608498,0.24732598546050977,0.0460088130393201,0.0460088130393201
2274,0.6606563884608498,0.24732598546050977,0.0460088130393201,0.0460088130393201
2275,0.6606563884608498,0.24732598546050977,0.0460088130393201,0.0460088130393201
2276,0.6606563884608498,0.24732598546050977,0.0460088130393201,0.0460088130393201
2277,0.6606563884608498,0.24732598546050977,0.0460088130393201,0.0460088130393201
2278,0.6606563884608498,0.24732598546050977,0.0460088130393201,0.0460088130393201
2279,0.6606563884608498,0.24732598546050977,0.0460088130393201,0.0460088130393201
2280,0.6606563884608498,0.24732598546050977,0.0460088130393201,0.0460088130393201
2281,0.6606563884608498,0.24732598546050977,0.0460088130393201,0.0460088130393201
2282,0.6606563884608498,0.24732598546050977,0.0460088130393201,0.0460088130393201
2283,0.6606563884608498,0.24732598546050977,0.0460088130393201,0.0460088130393201
2284,0.6606563884608498,0.24732598546050977,0.0460088130393201,0.0460088130393201
2285,0.6606563884608498,0.24732598546050977,0.0460088130393201,0.0460088130393201
2286,0.6606563884608498,0.24732598546050977,0.0460088130393201,0.0460088130393201
2287,0.6606563884608498,0.24732598546050977,0.0460088130393201,0.0460088130393201
2288,0.6606563884608498,0.24732598546050977,0.0460088130393201,0.0460088130393201
2289,0.6606563884608498,0.24732598546050977,0.0460088130393201,0.0460088130393201
2290,0.6606563884608498,0.24732598546050977,0.0460088130393201,0.0460088130393201
2291,0.6606563884608498,0.24732598546050977,0.0460088130393201,0.0460088130393201
2292,0.6606563884608498,0.24732598546050977,0.0460088130393201,0.0460088130393201
2293,0.6606563884608498,0.24732598546050977,0.0460088130393201,0.0460088130393201
2294,0.6606563884608498,0.24732598546050977,0.0460088130393201,0.0460088130393201
2295,0.6606563884608498,0.24732598546050977,0.0460088130393201,0.0460088130393201
2296,0.6606563884608498,0.24732598546050977,0.0460088130393201,0.0460088130393201
2297,0.6606563884608498,0.24732598546050977,0.0460088130393201,0.0460088130393201
2298,0.6606563884608498,0.24732598546050977,0.0460088130393201,0.0460088130393201
2299,0.6606563884608498,0.24732598546050977,0.0460088130393201,0.0460088130393201
2300,0.6028469210617259,0.24933552036548168,0.10825332418458603,0.0395642343882064
2301,0.6028469210617259,0.24933552036548168,0.10825332418458603,0.0395642343882064
2302,0.6028469210617259,0.24933552036548168,0.10825332418458603,0.0395642343882064
2303,0.6028469210617259,0.24933552036548168,0.10825332418458603,0.0395642343882064
2304,0.6028469210617259,0.24933552036548168,0.10825332418458603,0.0395642343882064
2305,0.6028469210617259,0.24933552036548168,0.10825332418458603,0.0395642343882064
2306,0.6028469210617259,0.24933552036548168,0.10825332418458603,0.0395642343882064
2307,0.6028469210617259,0.24933552036548168,0.10825332418458603,0.0395642343882064
2308,0.6028469210617259,0.24933552036548168,0.10825332418458603,0.0395642343882064
2309,0.6028469210617259,0.24933552036548168,0.10825332418458603,0.0395642343882064
2310,0.6028469210617259,0.24933552036548168,0.10825332418458603,0.0395642343882064
2311,0.6028469210617259,0.24933552036548168,0.10825332418458603,0.0395642343882064
2312,0.6028469210617259,0.24933552036548168,0.10825332418458603,0.0395642343882064
2313,0.6028469210617259,0.24933552036548168,0.10825332418458603,0.0395642343882064
2314,0.6028469210617259,0.24933552036548168,0.10825332418458603,0.0395642343882064
2315,0.6028469210617259,0.24933552036548168,0.10825332418458603,0.0395642343882064
2316,0.6028469210617259,0.24933552036548168,0.10825332418458603,0.0395642343882064
2317,0.6028469210617259,0.24933552036548168,0.10825332418458603,0.0395642343882064
2318,0.6028469210617259,0.24933552036548168,0.10825332418458603,0.0395642343882064
2319,0.6028469210617259,0.24933552036548168,0.10825332418458603,0.0395642343882064
2320,0.6028469210617259,0.24933552036548168,0.10825332418458603,0.0395642343882064
2321,0.6028469210617259,0.24933552036548168,0.10825332418458603,0.0395642343882064
2322,0.6028469210617259,0.24933552036548168,0.10825332418458603,0.0395642343882064
2323,0.6028469210617259,0.24933552036548168,0.10825332418458603,0.0395642343882064
2324,0.6028469210617259,0.24933552036548168,0.10825332418458603,0.0395642343882064
2325,0.6028469210617259,0.24933552036548168,0.10825332418458603,0.0395642343882064
2326,0.6028469210617259,0.24933552036548168,0.10825332418458603,0.0395642343882064
2327,0.6028469210617259,0.24933552036548168,0.10825332418458603,0.0395642343882064
2328,0.6028469210617259,0.24933552036548168,0.10825332418458603,0.0395642343882064
2329,0.6028469210617259,0.24933552036548168,0.10825332418458603,0.0395642343882064
2330,0.6028469210617259,0.24933552036548168,0.10825332418458603,0.0395642343882064
2331,0.6028469210617259,0.24933552036548168,0.10825332418458603,0.0395642343882064
2332,0.6028469210617259,0.24933552036548168,0.10825332418458603,0.0395642343882064
2333,0.6028469210617259,0.24933552036548168,0.10825332418458603,0.0395642343882064
2334,0.6028469210617259,0.24933552036548168,0.10825332418458603,0.0395642343882064
2335,0.6028469210617259,0.24933552036548168,0.10825332418458603,0.0395642343882064
2336,0.6028469210617259,0.24933552036548168,0.10825332418458603,0.0395642343882064
2337,0.6028469210617259,0.24933552036548168,0.10825332418458603,0.0395642343882064
2338,0.6028469210617259,0.24933552036548168,0.10825332418458603,0.0395642343882064
2339,0.6028469210617259,0.24933552036548168,0.10825332418458603,0.0395642343882064
2340,0.6028469210617259,0.24933552036548168,0.10825332418458603,0.0395642343882064
2341,0.6028469210617259,0.24933552036548168,0.10825332418458603,0.0395642343882064
2342,0.6028469210617259,0.24933552036548168,0.10825332418458603,0.0395642343882064
2343,0.6028469210617259,0.24933552036548168,0.10825332418458603,0.0395642343882064
2344,0.6028469210617259,0.24933552036548168,0.10825332418458603,0.0395642343882064
2345,0.6028469210617259,0.24933552036548168,0.10825332418458603,0.0395642343882064
2346,0.6028469210617259,0.24933552036548168,0.10825332418458603,0.0395642343882064
2347,0.6028469210617259,0.24933552036548168,0.10825332418458603,0.0395642343882064
2348,0.6028469210617259,0.24933552036548168,0.10825332418458603,0.0395642343882064
2349,0.6028469210617259,0.24933552036548168,0.10825332418458603,0.0395642343882064
2350,0.6028469210617259,0.24933552036548168,0.10825332418458603,0.0395642343882064
2351,0.6028469210617259,0.24933552036548168,0.10825332418458603,0.0395642343882064
2352,0.6028469210617259,0.24933552036548168,0.10825332418458603,0.0395642343882064
2353,0.6028469210617259,0.24933552036548168,0.10825332418458603,0.0395642343882064
2354,0.6028469210617259,0.24933552036548168,0.10825332418458603,0.0395642343882064
2355,0.6028469210617259,0.24933552036548168,0.10825332418458603,0.0395642343882064
2356,0.6028469210617259,0.24933552036548168,0.10825332418458603,0.0395642343882064
2357,0.6028469210617259,0.24933552036548168,0.10825332418458603,0.0395642343882064
2358,0.6028469210617259,0.24933552036548168,0.10825332418458603,0.0395642343882064
2359,0.6028469210617259,0.24933552036548168,0.10825332418458603,0.0395642343882064
2360,0.6028469210617259,0.24933552036548168,0.10825332418458603,0.0395642343882064
2361,0.6028469210617259,0.24933552036548168,0.10825332418458603,0.0395642343882064
2362,0.6028469210617259,0.24933552036548168,0.10825332418458603,0.0395642343882064
2363,0.6028469210617259,0.24933552036548168,0.10825332418458603,0.0395642343882064
2364,0.6028469210617259,0.24933552036548168,0.10825332418458603,0.0395642343882064
2365,0.6028469210617259,0.24933552036548168,0.10825332418458603,0.0395642343882064
2366,0.6028469210617259,0.24933552036548168,0.10825332418458603,0.0395642343882064
2367,0.6028469210617259,0.24933552036548168,0.10825332418458603,0.0395642343882064
2368,0.6028469210617259,0.24933552036548168,0.10825332418458603,0.0395642343882064
2369,0.6028469210617259,0.24933552036548168,0.10825332418458603,0.0395642343882064
2370,0.6028469210617259,0.24933552036548168,0.10825332418458603,0.0395642343882064
2371,0.6028469210617259,0.24933552036548168,0.10825332418458603,0.0395642343882064
2372,0.6028469210617259,0.24933552036548168,0.10825332418458603,0.0395642343882064
2373,0.6028469210617259,0.24933552036548168,0.10825332418458603,0.0395642343882064
2374,0.6028469210617259,0.24933552036548168,0.10825332418458603,0.0395642343882064
2375,0.6028469210617259,0.24933552036548168,0.10825332418458603,0.0395642343882064
2376,0.6028469210617259,0.24933552036548168,0.10825332418458603,0.0395642343882064
2377,0.6028469210617259,0.24933552036548168,0.10825332418458603,0.0395642343882064
2378,0.6028469210617259,0.24933552036548168,0.10825332418458603,0.0395642343882064
2379,0.6028469210617259,0.24933552036548168,0.10825332418458603,0.0395642343882064
2380,0.6028469210617259,0.24933552036548168,0.10825332418458603,0.0395642343882064
2381,0.6028469210617259,0.24933552036548168,0.10825332418458603,0.0395642343882064
2382,0.6028469210617259,0.24933552036548168,0.10825332418458603,0.0395642343882064
2383,0.6028469210617259,0.24933552036548168,0.10825332418458603,0.0395642343882064
2384,0.6028469210617259,0.24933552036548168,0.10825332418458603,0.0395642343882064
2385,0.6028469210617259,0.24933552036548168,0.10825332418458603,0.0395642343882064
2386,0.6028469210617259,0.24933552036548168,0.10825332418458603,0.0395642343882064
2387,0.6028469210617259,0.24933552036548168,0.10825332418458603,0.0395642343882064
2388,0.6028469210617259,0.24933552036548168,0.10825332418458603,0.0395642343882064
2389,0.6028469210617259,0.24933552036548168,0.10825332418458603,0.0395642343882064
2390,0.6028469210617259,0.24933552036548168,0.10825332418458603,0.0395642343882064
2391,0.6028469210617259,0.24933552036548168,0.10825332418458603,0.0395642343882064
2392,0.6028469210617259,0.24933552036548168,0.10825332418458603,0.0395642343882064
2393,0.6028469210617259,0.24933552036548168,0.10825332418458603,0.0395642343882064
2394,0.6028469210617259,0.24933552036548168,0.10825332418458603,0.0395642343882064
2395,0.6028469210617259,0.24933552036548168,0.10825332418458603,0.0395642343882064
2396,0.6028469210617259,0.24933552036548168,0.10825332418458603,0.0395642343882064
2397,0.6028469210617259,0.24933552036548168,0.10825332418458603,0.0395642343882064
2398,0.6028469210617259,0.24933552036548168,0.10825332418458603,0.0395642343882064
2399,0.6028469210617259,0.24933552036548168,0.10825332418458603,0.0395642343882064
2400,0.569190657723398,0.30679320497016854,0.07862312010652717,0.045393017199906315
2401,0.569190657723398,0.30679320497016854,0.07862312010652717,0.045393017199906315
2402,0.569190657723398,0.30679320497016854,0.07862312010652717,0.045393017199906315
2403,0.569190657723398,0.30679320497016854,0.07862312010652717,0.045393017199906315
2404,0.569190657723398,0.30679320497016854,0.07862312010652717,0.045393017199906315
2405,0.569190657723398,0.30679320497016854,0.07862312010652717,0.045393017199906315
2406,0.569190657723398,0.30679320497016854,0.07862312010652717,0.045393017199906315
2407,0.569190657723398,0.30679320497016854,0.07862312010652717,0.045393017199906315
2408,0.569190657723398,0.30679320497016854,0.07862312010652717,0.045393017199906315
2409,0.569190657723398,0.30679320497016854,0.07862312010652717,0.045393017199906315
2410,0.569190657723398,0.30679320497016854,0.07862312010652717,0.045393017199906315
2411,0.569190657723398,0.30679320497016854,0.07862312010652717,0.045393017199906315
2412,0.569190657723398,0.30679320497016854,0.07862312010652717,0.045393017199906315
2413,0.569190657723398,0.30679320497016854,0.07862312010652717,0.045393017199906315
2414,0.569190657723398,0.30679320497016854,0.07862312010652717,0.045393017199906315
2415,0.569190657723398,0.30679320497016854,0.07862312010652717,0.045393017199906315
2416,0.569190657723398,0.30679320497016854,0.07862312010652717,0.045393017199906315
2417,0.569190657723398,0.30679320497016854,0.07862312010652717,0.045393017199906315
2418,0.569190657723398,0.30679320497016854,0.07862312010652717,0.045393017199906315
2419,0.569190657723398,0.30679320497016854,0.07862312010652717,0.045393017199906315
2420,0.569190657723398,0.30679320497016854,0.07862312010652717,0.045393017199906315
2421,0.569190657723398,0.30679320497016854,0.07862312010652717,0.045393017199906315
2422,0.569190657723398,0.30679320497016854,0.07862312010652717,0.045393017199906315
2423,0.569190657723398,0.30679320497016854,0.07862312010652717,0.045393017199906315
2424,0.569190657723398,0.30679320497016854,0.07862312010652717,0.045393017199906315
2425,0.569190657723398,0.30679320497016854,0.07862312010652717,0.045393017199906315
2426,0.569190657723398,0.30679320497016854,0.07862312010652717,0.045393017199906315
2427,0.569190657723398,0.30679320497016854,0.07862312010652717,0.045393017199906315
2428,0.569190657723398,0.30679320497016854,0.07862312010652717,0.045393017199906315
2429,0.569190657723398,0.30679320497016854,0.07862312010652717,0.045393017199906315
2430,0.569190657723398,0.30679320497016854,0.07862312010652717,0.045393017199906315
2431,0.569190657723398,0.30679320497016854,0.07862312010652717,0.045393017199906315
2432,0.569190657723398,0.30679320497016854,0.07862312010652717,0.045393017199906315
2433,0.569190657723398,0.30679320497016854,0.07862312010652717,0.045393017199906315
2434,0.569190657723398,0.30679320497016854,0.07862312010652717,0.045393017199906315
2435,0.569190657723398,0.30679320497016854,0.07862312010652717,0.045393017199906315
2436,0.569190657723398,0.30679320497016854,0.07862312010652717,0.045393017199906315
2437,0.569190657723398,0.30679320497016854,0.07862312010652717,0.045393017199906315
2438,0.569190657723398,0.30679320497016854,0.07862312010652717,0.045393017199906315
2439,0.569190657723398,0.30679320497016854,0.07862312010652717,0.045393017199906315
2440,0.569190657723398,0.30679320497016854,0.07862312010652717,0.045393017199906315
2441,0.569190657723398,0.30679320497016854,0.07862312010652717,0.045393017199906315
2442,0.569190657723398,0.30679320497016854,0.07862312010652717,0.045393017199906315
2443,0.569190657723398,0.30679320497016854,0.07862312010652717,0.045393017199906315
2444,0.569190657723398,0.30679320497016854,0.07862312010652717,0.045393017199906315
2445,0.569190657723398,0.30679320497016854,0.07862312010652717,0.045393017199906315
2446,0.569190657723398,0.30679320497016854,0.07862312010652717,0.045393017199906315
2447,0.569190657723398,0.30679320497016854,0.07862312010652717,0.045393017199906315
2448,0.569190657723398,0.30679320497016854,0.07862312010652717,0.045393017199906315
2449,0.569190657723398,0.30679320497016854,0.07862312010652717,0.045393017199906315
2450,0.569190657723398,0.30679320497016854,0.07862312010652717,0.045393017199906315
2451,0.569190657723398,0.30679320497016854,0.07862312010652717,0.045393017199906315
2452,0.569190657723398,0.30679320497016854,0.07862312010652717,0.045393017199906315
2453,0.569190657723398,0.30679320497016854,0.07862312010652717,0.045393017199906315
2454,0.569190657723398,0.30679320497016854,0.07862312010652717,0.045393017199906315
2455,0.569190657723398,0.30679320497016854,0.07862312010652717,0.045393017199906315
2456,0.569190657723398,0.30679320497016854,0.07862312010652717,0.045393017199906315
2457,0.569190657723398,0.30679320497016854,0.07862312010652717,0.045393017199906315
2458,0.569190657723398,0.30679320497016854,0.07862312010652717,0.045393017199906315
2459,0.569190657723398,0.30679320497016854,0.07862312010652717,0.045393017199906315
2460,0.569190657723398,0.30679320497016854,0.07862312010652717,0.045393017199906315
2461,0.569190657723398,0.30679320497016854,0.07862312010652717,0.045393017199906315
2462,0.569190657723398,0.30679320497016854,0.07862312010652717,0.045393017199906315
2463,0.569190657723398,0.30679320497016854,0.07862312010652717,0.045393017199906315
2464,0.569190657723398,0.30679320497016854,0.07862312010652717,0.045393017199906315
2465,0.569190657723398,0.30679320497016854,0.07862312010652717,0.045393017199906315
2466,0.569190657723398,0.30679320497016854,0.07862312010652717,0.045393017199906315
2467,0.569190657723398,0.30679320497016854,0.07862312010652717,0.045393017199906315
2468,0.569190657723398,0.30679320497016854,0.07862312010652717,0.045393017199906315
2469,0.569190657723398,0.30679320497016854,0.07862312010652717,0.045393017199906315
2470,0.569190657723398,0.30679320497016854,0.07862312010652717,0.045393017199906315
2471,0.569190657723398,0.30679320497016854,0.07862312010652717,0.045393017199906315
2472,0.569190657723398,0.30679320497016854,0.07862312010652717,0.045393017199906315
2473,0.569190657723398,0.30679320497016854,0.07862312010652717,0.045393017199906315
2474,0.569190657723398,0.30679320497016854,0.07862312010652717,0.045393017199906315
2475,0.569190657723398,0.30679320497016854,0.07862312010652717,0.045393017199906315
2476,0.569190657723398,0.30679320497016854,0.07862312010652717,0.045393017199906315
2477,0.569190657723398,0.30679320497016854,0.07862312010652717,0.045393017199906315
2478,0.569190657723398,0.30679320497016854,0.07862312010652717,0.045393017199906315
2479,0.569190657723398,0.30679320497016854,0.07862312010652717,0.045393017199906315
2480,0.569190657723398,0.30679320497016854,0.07862312010652717,0.045393017199906315
2481,0.569190657723398,0.30679320497016854,0.07862312010652717,0.045393017199906315
2482,0.569190657723398,0.30679320497016854,0.07862312010652717,0.045393017199906315
2483,0.569190657723398,0.30679320497016854,0.07862312010652717,0.045393017199906315
2484,0.569190657723398,0.30679320497016854,0.07862312010652717,0.045393017199906315
2485,0.569190657723398,0.30679320497016854,0.07862312010652717,0.045393017199906315
2486,0.569190657723398,0.30679320497016854,0.07862312010652717,0.045393017199906315
2487,0.569190657723398,0.30679320497016854,0.07862312010652717,0.045393017199906315
2488,0.569190657723398,0.30679320497016854,0.07862312010652717,0.045393017199906315
2489,0.569190657723398,0.30679320497016854,0.07862312010652717,0.045393017199906315
2490,0.569190657723398,0.30679320497016854,0.07862312010652717,0.045393017199906315
2491,0.569190657723398,0.30679320497016854,0.07862312010652717,0.045393017199906315
2492,0.569190657723398,0.30679320497016854,0.07862312010652717,0.045393017199906315
2493,0.569190657723398,0.30679320497016854,0.07862312010652717,0.045393017199906315
2494,0.569190657723398,0.30679320497016854,0.07862312010652717,0.045393017199906315
2495,0.569190657723398,0.30679320497016854,0.07862312010652717,0.045393017199906315
2496,0.569190657723398,0.30679320497016854,0.07862312010652717,0.045393017199906315
2497,0.569190657723398,0.30679320497016854,0.07862312010652717,0.045393017199906315
2498,0.569190657723398,0.30679320497016854,0.07862312010652717,0.045393017199906315
2499,0.569190657723398,0.30679320497016854,0.07862312010652717,0.045393017199906315
2500,0.5872147599564915,0.31046845215899144,0.05700316926585845,0.04531361861865851
2501,0.5872147599564915,0.31046845215899144,0.05700316926585845,0.04531361861865851
2502,0.5872147599564915,0.31046845215899144,0.05700316926585845,0.04531361861865851
2503,0.5872147599564915,0.31046845215899144,0.05700316926585845,0.04531361861865851
2504,0.5872147599564915,0.31046845215899144,0.05700316926585845,0.04531361861865851
2505,0.5872147599564915,0.31046845215899144,0.05700316926585845,0.04531361861865851
2506,0.5872147599564915,0.31046845215899144,0.05700316926585845,0.04531361861865851
2507,0.5872147599564915,0.31046845215899144,0.05700316926585845,0.04531361861865851
2508,0.5872147599564915,0.31046845215899144,0.05700316926585845,0.04531361861865851
2509,0.5872147599564915,0.31046845215899144,0.05700316926585845,0.04531361861865851
2510,0.5872147599564915,0.31046845215899144,0.05700316926585845,0.04531361861865851
2511,0.5872147599564915,0.31046845215899144,0.05700316926585845,0.04531361861865851
2512,0.5872147599564915,0.31046845215899144,0.05700316926585845,0.04531361861865851
2513,0.5872147599564915,0.31046845215899144,0.05700316926585845,0.04531361861865851
2514,0.5872147599564915,0.31046845215899144,0.05700316926585845,0.04531361861865851
2515,0.5872147599564915,0.31046845215899144,0.05700316926585845,0.04531361861865851
2516,0.5872147599564915,0.31046845215899144,0.05700316926585845,0.04531361861865851
2517,0.5872147599564915,0.31046845215899144,0.05700316926585845,0.04531361861865851
2518,0.5872147599564915,0.31046845215899144,0.05700316926585845,0.04531361861865851
2519,0.5872147599564915,0.31046845215899144,0.05700316926585845,0.04531361861865851
2520,0.5872147599564915,0.31046845215899144,0.05700316926585845,0.04531361861865851
2521,0.5872147599564915,0.31046845215899144,0.05700316926585845,0.04531361861865851
2522,0.5872147599564915,0.31046845215899144,0.05700316926585845,0.04531361861865851
2523,0.5872147599564915,0.31046845215899144,0.05700316926585845,0.04531361861865851
2524,0.5872147599564915,0.31046845215899144,0.05700316926585845,0.04531361861865851
2525,0.5872147599564915,0.31046845215899144,0.05700316926585845,0.04531361861865851
2526,0.5872147599564915,0.31046845215899144,0.05700316926585845,0.04531361861865851
2527,0.5872147599564915,0.31046845215899144,0.05700316926585845,0.04531361861865851
2528,0.5872147599564915,0.31046845215899144,0.05700316926585845,0.04531361861865851
2529,0.5872147599564915,0.31046845215899144,0.05700316926585845,0.04531361861865851
2530,0.5872147599564915,0.31046845215899144,0.05700316926585845,0.04531361861865851
2531,0.5872147599564915,0.31046845215899144,0.05700316926585845,0.04531361861865851
2532,0.5872147599564915,0.31046845215899144,0.05700316926585845,0.04531361861865851
2533,0.5872147599564915,0.31046845215899144,0.05700316926585845,0.04531361861865851
2534,0.5872147599564915,0.31046845215899144,0.05700316926585845,0.04531361861865851
2535,0.5872147599564915,0.31046845215899144,0.05700316926585845,0.04531361861865851
2536,0.5872147599564915,0.31046845215899144,0.05700316926585845,0.04531361861865851
2537,0.5872147599564915,0.31046845215899144,0.05700316926585845,0.04531361861865851
2538,0.5872147599564915,0.31046845215899144,0.05700316926585845,0.04531361861865851
2539,0.5872147599564915,0.31046845215899144,0.05700316926585845,0.04531361861865851
2540,0.5872147599564915,0.31046845215899144,0.05700316926585845,0.04531361861865851
2541,0.5872147599564915,0.31046845215899144,0.05700316926585845,0.04531361861865851
2542,0.5872147599564915,0.31046845215899144,0.05700316926585845,0.04531361861865851
2543,0.5872147599564915,0.31046845215899144,0.05700316926585845,0.04531361861865851
2544,0.5872147599564915,0.31046845215899144,0.05700316926585845,0.04531361861865851
2545,0.5872147599564915,0.31046845215899144,0.05700316926585845,0.04531361861865851
2546,0.5872147599564915,0.31046845215899144,0.05700316926585845,0.04531361861865851
2547,0.5872147599564915,0.31046845215899144,0.05700316926585845,0.04531361861865851
2548,0.5872147599564915,0.31046845215899144,0.05700316926585845,0.04531361861865851
2549,0.5872147599564915,0.31046845215899144,0.05700316926585845,0.04531361861865851
2550,0.5872147599564915,0.31046845215899144,0.05700316926585845,0.04531361861865851
2551,0.5872147599564915,0.31046845215899144,0.05700316926585845,0.04531361861865851
2552,0.5872147599564915,0.31046845215899144,0.05700316926585845,0.04531361861865851
2553,0.5872147599564915,0.31046845215899144,0.05700316926585845,0.04531361861865851
2554,0.5872147599564915,0.31046845215899144,0.05700316926585845,0.04531361861865851
2555,0.5872147599564915,0.31046845215899144,0.05700316926585845,0.04531361861865851
2556,0.5872147599564915,0.31046845215899144,0.05700316926585845,0.04531361861865851
2557,0.5872147599564915,0.31046845215899144,0.05700316926585845,0.04531361861865851
2558,0.5872147599564915,0.31046845215899144,0.05700316926585845,0.04531361861865851
2559,0.5872147599564915,0.31046845215899144,0.05700316926585845,0.04531361861865851
2560,0.5872147599564915,0.31046845215899144,0.05700316926585845,0.04531361861865851
2561,0.5872147599564915,0.31046845215899144,0.05700316926585845,0.04531361861865851
2562,0.5872147599564915,0.31046845215899144,0.05700316926585845,0.04531361861865851
2563,0.5872147599564915,0.31046845215899144,0.05700316926585845,0.04531361861865851
2564,0.5872147599564915,0.31046845215899144,0.05700316926585845,0.04531361861865851
2565,0.5872147599564915,0.31046845215899144,0.05700316926585845,0.04531361861865851
2566,0.5872147599564915,0.31046845215899144,0.05700316926585845,0.04531361861865851
2567,0.5872147599564915,0.31046845215899144,0.05700316926585845,0.04531361861865851
2568,0.5872147599564915,0.31046845215899144,0.05700316926585845,0.04531361861865851
2569,0.5872147599564915,0.31046845215899144,0.05700316926585845,0.04531361861865851
2570,0.5872147599564915,0.31046845215899144,0.05700316926585845,0.04531361861865851
2571,0.5872147599564915,0.31046845215899144,0.05700316926585845,0.04531361861865851
2572,0.5872147599564915,0.31046845215899144,0.05700316926585845,0.04531361861865851
2573,0.5872147599564915,0.31046845215899144,0.05700316926585845,0.04531361861865851
2574,0.5872147599564915,0.31046845215899144,0.05700316926585845,0.04531361861865851
2575,0.5872147599564915,0.31046845215899144,0.05700316926585845,0.04531361861865851
2576,0.5872147599564915,0.31046845215899144,0.05700316926585845,0.04531361861865851
2577,0.5872147599564915,0.31046845215899144,0.05700316926585845,0.04531361861865851
2578,0.5872147599564915,0.31046845215899144,0.05700316926585845,0.04531361861865851
2579,0.5872147599564915,0.31046845215899144,0.05700316926585845,0.04531361861865851
2580,0.5872147599564915,0.31046845215899144,0.05700316926585845,0.04531361861865851
2581,0.5872147599564915,0.31046845215899144,0.05700316926585845,0.04531361861865851
2582,0.5872147599564915,0.31046845215899144,0.05700316926585845,0.04531361861865851
2583,0.5872147599564915,0.31046845215899144,0.05700316926585845,0.04531361861865851
2584,0.5872147599564915,0.31046845215899144,0.05700316926585845,0.04531361861865851
2585,0.5872147599564915,0.31046845215899144,0.05700316926585845,0.04531361861865851
2586,0.5872147599564915,0.31046845215899144,0.05700316926585845,0.04531361861865851
2587,0.5872147599564915,0.31046845215899144,0.05700316926585845,0.04531361861865851
2588,0.5872147599564915,0.31046845215899144,0.05700316926585845,0.04531361861865851
2589,0.5872147599564915,0.31046845215899144,0.05700316926585845,0.04531361861865851
2590,0.5872147599564915,0.31046845215899144,0.05700316926585845,0.04531361861865851
2591,0.5872147599564915,0.31046845215899144,0.05700316926585845,0.04531361861865851
2592,0.5872147599564915,0.31046845215899144,0.05700316926585845,0.04531361861865851
2593,0.5872147599564915,0.31046845215899144,0.05700316926585845,0.04531361861865851
2594,0.5872147599564915,0.31046845215899144,0.05700316926585845,0.04531361861865851
2595,0.5872147599564915,0.31046845215899144,0.05700316926585845,0.04531361861865851
2596,0.5872147599564915,0.31046845215899144,0.05700316926585845,0.04531361861865851
2597,0.5872147599564915,0.31046845215899144,0.05700316926585845,0.04531361861865851
2598,0.5872147599564915,0.31046845215899144,0.05700316926585845,0.04531361861865851
2599,0.5872147599564915,0.31046845215899144,0.05700316926585845,0.04531361861865851
2600,0.6045166821525565,0.30623191607260325,0.04462570088742005,0.04462570088742005
2601,0.6045166821525565,0.30623191607260325,0.04462570088742005,0.04462570088742005
2602,0.6045166821525565,0.30623191607260325,0.04462570088742005,0.04462570088742005
2603,0.6045166821525565,0.30623191607260325,0.04462570088742005,0.04462570088742005
2604,0.6045166821525565,0.30623191607260325,0.04462570088742005,0.04462570088742005
2605,0.6045166821525565,0.30623191607260325,0.04462570088742005,0.04462570088742005
2606,0.6045166821525565,0.30623191607260325,0.04462570088742005,0.04462570088742005
2607,0.6045166821525565,0.30623191607260325,0.04462570088742005,0.04462570088742005
2608,0.6045166821525565,0.30623191607260325,0.04462570088742005,0.04462570088742005
2609,0.6045166821525565,0.30623191607260325,0.04462570088742005,0.04462570088742005
2610,0.6045166821525565,0.30623191607260325,0.04462570088742005,0.04462570088742005
2611,0.6045166821525565,0.30623191607260325,0.04462570088742005,0.04462570088742005
2612,0.6045166821525565,0.30623191607260325,0.04462570088742005,0.04462570088742005
2613,0.6045166821525565,0.30623191607260325,0.04462570088742005,0.04462570088742005
2614,0.6045166821525565,0.30623191607260325,0.04462570088742005,0.04462570088742005
2615,0.6045166821525565,0.30623191607260325,0.04462570088742005,0.04462570088742005
2616,0.6045166821525565,0.30623191607260325,0.04462570088742005,0.04462570088742005
2617,0.6045166821525565,0.30623191607260325,0.04462570088742005,0.04462570088742005
2618,0.6045166821525565,0.30623191607260325,0.04462570088742005,0.04462570088742005
2619,0.6045166821525565,0.30623191607260325,0.04462570088742005,0.04462570088742005
2620,0.6045166821525565,0.30623191607260325,0.04462570088742005,0.04462570088742005
2621,0.6045166821525565,0.30623191607260325,0.04462570088742005,0.04462570088742005
2622,0.6045166821525565,0.30623191607260325,0.04462570088742005,0.04462570088742005
2623,0.6045166821525565,0.30623191607260325,0.04462570088742005,0.04462570088742005
2624,0.6045166821525565,0.30623191607260325,0.04462570088742005,0.04462570088742005
2625,0.6045166821525565,0.30623191607260325,0.04462570088742005,0.04462570088742005
2626,0.6045166821525565,0.30623191607260325,0.04462570088742005,0.04462570088742005
2627,0.6045166821525565,0.30623191607260325,0.04462570088742005,0.04462570088742005
2628,0.6045166821525565,0.30623191607260325,0.04462570088742005,0.04462570088742005
2629,0.6045166821525565,0.30623191607260325,0.04462570088742005,0.04462570088742005
2630,0.6045166821525565,0.30623191607260325,0.04462570088742005,0.04462570088742005
2631,0.6045166821525565,0.30623191607260325,0.04462570088742005,0.04462570088742005
2632,0.6045166821525565,0.30623191607260325,0.04462570088742005,0.04462570088742005
2633,0.6045166821525565,0.30623191607260325,0.04462570088742005,0.04462570088742005
2634,0.6045166821525565,0.30623191607260325,0.04462570088742005,0.04462570088742005
2635,0.6045166821525565,0.30623191607260325,0.04462570088742005,0.04462570088742005
2636,0.6045166821525565,0.30623191607260325,0.04462570088742005,0.04462570088742005
2637,0.6045166821525565,0.30623191607260325,0.04462570088742005,0.04462570088742005
2638,0.6045166821525565,0.30623191607260325,0.04462570088742005,0.04462570088742005
2639,0.6045166821525565,0.30623191607260325,0.04462570088742005,0.04462570088742005
2640,0.6045166821525565,0.30623191607260325,0.04462570088742005,0.04462570088742005
2641,0.6045166821525565,0.30623191607260325,0.04462570088742005,0.04462570088742005
2642,0.6045166821525565,0.30623191607260325,0.04462570088742005,0.04462570088742005
2643,0.6045166821525565,0.30623191607260325,0.04462570088742005,0.04462570088742005
2644,0.6045166821525565,0.30623191607260325,0.04462570088742005,0.04462570088742005
2645,0.6045166821525565,0.30623191607260325,0.04462570088742005,0.04462570088742005
2646,0.6045166821525565,0.30623191607260325,0.04462570088742005,0.04462570088742005
2647,0.6045166821525565,0.30623191607260325,0.04462570088742005,0.04462570088742005
2648,0.6045166821525565,0.30623191607260325,0.04462570088742005,0.04462570088742005
2649,0.6045166821525565,0.30623191607260325,0.04462570088742005,0.04462570088742005
2650,0.6045166821525565,0.30623191607260325,0.04462570088742005,0.04462570088742005
2651,0.6045166821525565,0.30623191607260325,0.04462570088742005,0.04462570088742005
2652,0.6045166821525565,0.30623191607260325,0.04462570088742005,0.04462570088742005
2653,0.6045166821525565,0.30623191607260325,0.04462570088742005,0.04462570088742005
2654,0.6045166821525565,0.30623191607260325,0.04462570088742005,0.04462570088742005
2655,0.6045166821525565,0.30623191607260325,0.04462570088742005,0.04462570088742005
2656,0.6045166821525565,0.30623191607260325,0.04462570088742005,0.04462570088742005
2657,0.6045166821525565,0.30623191607260325,0.04462570088742005,0.04462570088742005
2658,0.6045166821525565,0.30623191607260325,0.04462570088742005,0.04462570088742005
2659,0.6045166821525565,0.30623191607260325,0.04462570088742005,0.04462570088742005
2660,0.6045166821525565,0.30623191607260325,0.04462570088742005,0.04462570088742005
2661,0.6045166821525565,0.30623191607260325,0.04462570088742005,0.04462570088742005
2662,0.6045166821525565,0.30623191607260325,0.04462570088742005,0.04462570088742005
2663,0.6045166821525565,0.30623191607260325,0.04462570088742005,0.04462570088742005
2664,0.6045166821525565,0.30623191607260325,0.04462570088742005,0.04462570088742005
2665,0.6045166821525565,0.30623191607260325,0.04462570088742005,0.04462570088742005
2666,0.6045166821525565,0.30623191607260325,0.04462570088742005,0.04462570088742005
2667,0.6045166821525565,0.30623191607260325,0.04462570088742005,0.04462570088742005
2668,0.6045166821525565,0.30623191607260325,0.04462570088742005,0.04462570088742005
2669,0.6045166821525565,0.30623191607260325,0.04462570088742005,0.04462570088742005
2670,0.6045166821525565,0.30623191607260325,0.04462570088742005,0.04462570088742005
2671,0.6045166821525565,0.30623191607260325,0.04462570088742005,0.04462570088742005
2672,0.6045166821525565,0.30623191607260325,0.04462570088742005,0.04462570088742005
2673,0.6045166821525565,0.30623191607260325,0.04462570088742005,0.04462570088742005
2674,0.6045166821525565,0.30623191607260325,0.04462570088742005,0.04462570088742005
2675,0.6045166821525565,0.30623191607260325,0.04462570088742005,0.04462570088742005
2676,0.6045166821525565,0.30623191607260325,0.04462570088742005,0.04462570088742005
2677,0.6045166821525565,0.30623191607260325,0.04462570088742005,0.04462570088742005
2678,0.6045166821525565,0.30623191607260325,0.04462570088742005,0.04462570088742005
2679,0.6045166821525565,0.30623191607260325,0.04462570088742005,0.04462570088742005
2680,0.6045166821525565,0.30623191607260325,0.04462570088742005,0.04462570088742005
2681,0.6045166821525565,0.30623191607260325,0.04462570088742005,0.04462570088742005
2682,0.6045166821525565,0.30623191607260325,0.04462570088742005,0.04462570088742005
2683,0.6045166821525565,0.30623191607260325,0.04462570088742005,0.04462570088742005
2684,0.6045166821525565,0.30623191607260325,0.04462570088742005,0.04462570088742005
2685,0.6045166821525565,0.30623191607260325,0.04462570088742005,0.04462570088742005
2686,0.6045166821525565,0.30623191607260325,0.04462570088742005,0.04462570088742005
2687,0.6045166821525565,0.30623191607260325,0.04462570088742005,0.04462570088742005
2688,0.6045166821525565,0.30623191607260325,0.04462570088742005,0.04462570088742005
2689,0.6045166821525565,0.30623191607260325,0.04462570088742005,0.04462570088742005
2690,0.6045166821525565,0.30623191607260325,0.04462570088742005,0.04462570088742005
2691,0.6045166821525565,0.30623191607260325,0.04462570088742005,0.04462570088742005
2692,0.6045166821525565,0.30623191607260325,0.04462570088742005,0.04462570088742005
2693,0.6045166821525565,0.30623191607260325,0.04462570088742005,0.04462570088742005
2694,0.6045166821525565,0.30623191607260325,0.04462570088742005,0.04462570088742005
2695,0.6045166821525565,0.30623191607260325,0.04462570088742005,0.04462570088742005
2696,0.6045166821525565,0.30623191607260325,0.04462570088742005,0.04462570088742005
2697,0.6045166821525565,0.30623191607260325,0.04462570088742005,0.04462570088742005
2698,0.6045166821525565,0.30623191607260325,0.04462570088742005,0.04462570088742005
2699,0.6045166821525565,0.30623191607260325,0.04462570088742005,0.04462570088742005
2700,0.6204685075164622,0.2887684154606467,0.04538153851144552,0.04538153851144552
2701,0.6204685075164622,0.2887684154606467,0.04538153851144552,0.04538153851144552
2702,0.6204685075164622,0.2887684154606467,0.04538153851144552,0.04538153851144552
2703,0.6204685075164622,0.2887684154606467,0.04538153851144552,0.04538153851144552
2704,0.6204685075164622,0.2887684154606467,0.04538153851144552,0.04538153851144552
2705,0.6204685075164622,0.2887684154606467,0.04538153851144552,0.04538153851144552
2706,0.6204685075164622,0.2887684154606467,0.04538153851144552,0.04538153851144552
2707,0.6204685075164622,0.2887684154606467,0.04538153851144552,0.04538153851144552
2708,0.6204685075164622,0.2887684154606467,0.04538153851144552,0.04538153851144552
2709,0.6204685075164622,0.2887684154606467,0.04538153851144552,0.04538153851144552
2710,0.6204685075164622,0.2887684154606467,0.04538153851144552,0.04538153851144552
2711,0.6204685075164622,0.2887684154606467,0.04538153851144552,0.04538153851144552
2712,0.6204685075164622,0.2887684154606467,0.04538153851144552,0.04538153851144552
2713,0.6204685075164622,0.2887684154606467,0.04538153851144552,0.04538153851144552
2714,0.6204685075164622,0.2887684154606467,0.04538153851144552,0.04538153851144552
2715,0.6204685075164622,0.2887684154606467,0.04538153851144552,0.04538153851144552
2716,0.6204685075164622,0.2887684154606467,0.04538153851144552,0.04538153851144552
2717,0.6204685075164622,0.2887684154606467,0.04538153851144552,0.04538153851144552
2718,0.6204685075164622,0.2887684154606467,0.04538153851144552,0.04538153851144552
2719,0.6204685075164622,0.2887684154606467,0.04538153851144552,0.04538153851144552
2720,0.6204685075164622,0.2887684154606467,0.04538153851144552,0.04538153851144552
2721,0.6204685075164622,0.2887684154606467,0.04538153851144552,0.04538153851144552
2722,0.6204685075164622,0.2887684154606467,0.04538153851144552,0.04538153851144552
2723,0.6204685075164622,0.2887684154606467,0.04538153851144552,0.04538153851144552
2724,0.6204685075164622,0.2887684154606467,0.04538153851144552,0.04538153851144552
2725,0.6204685075164622,0.2887684154606467,0.04538153851144552,0.04538153851144552
2726,0.6204685075164622,0.2887684154606467,0.04538153851144552,0.04538153851144552
2727,0.6204685075164622,0.2887684154606467,0.04538153851144552,0.04538153851144552
2728,0.6204685075164622,0.2887684154606467,0.04538153851144552,0.04538153851144552
2729,0.6204685075164622,0.2887684154606467,0.04538153851144552,0.04538153851144552
2730,0.6204685075164622,0.2887684154606467,0.04538153851144552,0.04538153851144552
2731,0.6204685075164622,0.2887684154606467,0.04538153851144552,0.04538153851144552
2732,0.6204685075164622,0.2887684154606467,0.04538153851144552,0.04538153851144552
2733,0.6204685075164622,0.2887684154606467,0.04538153851144552,0.04538153851144552
2734,0.6204685075164622,0.2887684154606467,0.04538153851144552,0.04538153851144552
2735,0.6204685075164622,0.2887684154606467,0.04538153851144552,0.04538153851144552
2736,0.6204685075164622,0.2887684154606467,0.04538153851144552,0.04538153851144552
2737,0.6204685075164622,0.2887684154606467,0.04538153851144552,0.04538153851144552
2738,0.6204685075164622,0.2887684154606467,0.04538153851144552,0.04538153851144552
2739,0.6204685075164622,0.2887684154606467,0.04538153851144552,0.04538153851144552
2740,0.6204685075164622,0.2887684154606467,0.04538153851144552,0.04538153851144552
2741,0.6204685075164622,0.2887684154606467,0.04538153851144552,0.04538153851144552
2742,0.6204685075164622,0.2887684154606467,0.04538153851144552,0.04538153851144552
2743,0.6204685075164622,0.2887684154606467,0.04538153851144552,0.04538153851144552
2744,0.6204685075164622,0.2887684154606467,0.04538153851144552,0.04538153851144552
2745,0.6204685075164622,0.2887684154606467,0.04538153851144552,0.04538153851144552
2746,0.6204685075164622,0.2887684154606467,0.04538153851144552,0.04538153851144552
2747,0.6204685075164622,0.2887684154606467,0.04538153851144552,0.04538153851144552
2748,0.6204685075164622,0.2887684154606467,0.04538153851144552,0.04538153851144552
2749,0.6204685075164622,0.2887684154606467,0.04538153851144552,0.04538153851144552
2750,0.6204685075164622,0.2887684154606467,0.04538153851144552,0.04538153851144552
2751,0.6204685075164622,0.2887684154606467,0.04538153851144552,0.04538153851144552
2752,0.6204685075164622,0.2887684154606467,0.04538153851144552,0.04538153851144552
2753,0.6204685075164622,0.2887684154606467,0.04538153851144552,0.04538153851144552
2754,0.6204685075164622,0.2887684154606467,0.04538153851144552,0.04538153851144552
2755,0.6204685075164622,0.2887684154606467,0.04538153851144552,0.04538153851144552
2756,0.6204685075164622,0.2887684154606467,0.04538153851144552,0.04538153851144552
2757,0.6204685075164622,0.2887684154606467,0.04538153851144552,0.04538153851144552
2758,0.6204685075164622,0.2887684154606467,0.04538153851144552,0.04538153851144552
2759,0.6204685075164622,0.2887684154606467,0.04538153851144552,0.04538153851144552
2760,0.6204685075164622,0.2887684154606467,0.04538153851144552,0.04538153851144552
2761,0.6204685075164622,0.2887684154606467,0.04538153851144552,0.04538153851144552
2762,0.6204685075164622,0.2887684154606467,0.04538153851144552,0.04538153851144552
2763,0.6204685075164622,0.2887684154606467,0.04538153851144552,0.04538153851144552
2764,0.6204685075164622,0.2887684154606467,0.04538153851144552,0.04538153851144552
2765,0.6204685075164622,0.2887684154606467,0.04538153851144552,0.04538153851144552
2766,0.6204685075164622,0.2887684154606467,0.04538153851144552,0.04538153851144552
2767,0.6204685075164622,0.2887684154606467,0.04538153851144552,0.04538153851144552
2768,0.6204685075164622,0.2887684154606467,0.04538153851144552,0.04538153851144552
2769,0.6204685075164622,0.2887684154606467,0.04538153851144552,0.04538153851144552
2770,0.6204685075164622,0.2887684154606467,0.04538153851144552,0.04538153851144552
2771,0.6204685075164622,0.2887684154606467,0.04538153851144552,0.04538153851144552
2772,0.6204685075164622,0.2887684154606467,0.04538153851144552,0.04538153851144552
2773,0.6204685075164622,0.2887684154606467,0.04538153851144552,0.04538153851144552
2774,0.6204685075164622,0.2887684154606467,0.04538153851144552,0.04538153851144552
2775,0.6204685075164622,0.2887684154606467,0.04538153851144552,0.04538153851144552
2776,0.6204685075164622,0.2887684154606467,0.04538153851144552,0.04538153851144552
2777,0.6204685075164622,0.2887684154606467,0.04538153851144552,0.04538153851144552
2778,0.6204685075164622,0.2887684154606467,0.04538153851144552,0.04538153851144552
2779,0.6204685075164622,0.2887684154606467,0.04538153851144552,0.04538153851144552
2780,0.6204685075164622,0.2887684154606467,0.04538153851144552,0.04538153851144552
2781,0.6204685075164622,0.2887684154606467,0.04538153851144552,0.04538153851144552
2782,0.6204685075164622,0.2887684154606467,0.04538153851144552,0.04538153851144552
2783,0.6204685075164622,0.2887684154606467,0.04538153851144552,0.04538153851144552
2784,0.6204685075164622,0.2887684154606467,0.04538153851144552,0.04538153851144552
2785,0.6204685075164622,0.2887684154606467,0.04538153851144552,0.04538153851144552
2786,0.6204685075164622,0.2887684154606467,0.04538153851144552,0.04538153851144552
2787,0.6204685075164622,0.2887684154606467,0.04538153851144552,0.04538153851144552
2788,0.6204685075164622,0.2887684154606467,0.04538153851144552,0.04538153851144552
2789,0.6204685075164622,0.2887684154606467,0.04538153851144552,0.04538153851144552
2790,0.6204685075164622,0.2887684154606467,0.04538153851144552,0.04538153851144552
2791,0.6204685075164622,0.2887684154606467,0.04538153851144552,0.04538153851144552
2792,0.6204685075164622,0.2887684154606467,0.04538153851144552,0.04538153851144552
2793,0.6204685075164622,0.2887684154606467,0.04538153851144552,0.04538153851144552
2794,0.6204685075164622,0.2887684154606467,0.04538153851144552,0.04538153851144552
2795,0.6204685075164622,0.2887684154606467,0.04538153851144552,0.04538153851144552
2796,0.6204685075164622,0.2887684154606467,0.04538153851144552,0.04538153851144552
2797,0.6204685075164622,0.2887684154606467,0.04538153851144552,0.04538153851144552
2798,0.6204685075164622,0.2887684154606467,0.04538153851144552,0.04538153851144552
2799,0.6204685075164622,0.2887684154606467,0.04538153851144552,0.04538153851144552
2800,0.6104148430551539,0.2695306734083249,0.07601564407899077,0.044038839457530315
2801,0.6104148430551539,0.2695306734083249,0.07601564407899077,0.044038839457530315
2802,0.6104148430551539,0.2695306734083249,0.07601564407899077,0.044038839457530315
2803,0.6104148430551539,0.2695306734083249,0.07601564407899077,0.044038839457530315
2804,0.6104148430551539,0.2695306734083249,0.07601564407899077,0.044038839457530315
2805,0.6104148430551539,0.2695306734083249,0.07601564407899077,0.044038839457530315
2806,0.6104148430551539,0.2695306734083249,0.07601564407899077,0.044038839457530315
2807,0.6104148430551539,0.2695306734083249,0.07601564407899077,0.044038839457530315
2808,0.6104148430551539,0.2695306734083249,0.07601564407899077,0.044038839457530315
2809,0.6104148430551539,0.2695306734083249,0.07601564407899077,0.044038839457530315
2810,0.6104148430551539,0.2695306734083249,0.07601564407899077,0.044038839457530315
2811,0.6104148430551539,0.2695306734083249,0.07601564407899077,0.044038839457530315
2812,0.6104148430551539,0.2695306734083249,0.07601564407899077,0.044038839457530315
2813,0.6104148430551539,0.2695306734083249,0.07601564407899077,0.044038839457530315
2814,0.6104148430551539,0.2695306734083249,0.07601564407899077,0.044038839457530315
2815,0.6104148430551539,0.2695306734083249,0.07601564407899077,0.044038839457530315
2816,0.6104148430551539,0.2695306734083249,0.07601564407899077,0.044038839457530315
2817,0.6104148430551539,0.2695306734083249,0.07601564407899077,0.044038839457530315
2818,0.6104148430551539,0.2695306734083249,0.07601564407899077,0.044038839457530315
2819,0.6104148430551539,0.2695306734083249,0.07601564407899077,0.044038839457530315
2820,0.6104148430551539,0.2695306734083249,0.07601564407899077,0.044038839457530315
2821,0.6104148430551539,0.2695306734083249,0.07601564407899077,0.044038839457530315
2822,0.6104148430551539,0.2695306734083249,0.07601564407899077,0.044038839457530315
2823,0.6104148430551539,0.2695306734083249,0.07601564407899077,0.044038839457530315
2824,0.6104148430551539,0.2695306734083249,0.07601564407899077,0.044038839457530315
2825,0.6104148430551539,0.2695306734083249,0.07601564407899077,0.044038839457530315
2826,0.6104148430551539,0.2695306734083249,0.07601564407899077,0.044038839457530315
2827,0.6104148430551539,0.2695306734083249,0.07601564407899077,0.044038839457530315
2828,0.6104148430551539,0.2695306734083249,0.07601564407899077,0.044038839457530315
2829,0.6104148430551539,0.2695306734083249,0.07601564407899077,0.044038839457530315
2830,0.6104148430551539,0.2695306734083249,0.07601564407899077,0.044038839457530315
2831,0.6104148430551539,0.2695306734083249,0.07601564407899077,0.044038839457530315
2832,0.6104148430551539,0.2695306734083249,0.07601564407899077,0.044038839457530315
2833,0.6104148430551539,0.2695306734083249,0.07601564407899077,0.044038839457530315
2834,0.6104148430551539,0.2695306734083249,0.07601564407899077,0.044038839457530315
2835,0.6104148430551539,0.2695306734083249,0.07601564407899077,0.044038839457530315
2836,0.6104148430551539,0.2695306734083249,0.07601564407899077,0.044038839457530315
2837,0.6104148430551539,0.2695306734083249,0.07601564407899077,0.044038839457530315
2838,0.6104148430551539,0.2695306734083249,0.07601564407899077,0.044038839457530315
2839,0.6104148430551539,0.2695306734083249,0.07601564407899077,0.044038839457530315
2840,0.6104148430551539,0.2695306734083249,0.07601564407899077,0.044038839457530315
2841,0.6104148430551539,0.2695306734083249,0.07601564407899077,0.044038839457530315
2842,0.6104148430551539,0.2695306734083249,0.07601564407899077,0.044038839457530315
2843,0.6104148430551539,0.2695306734083249,0.07601564407899077,0.044038839457530315
2844,0.6104148430551539,0.2695306734083249,0.07601564407899077,0.044038839457530315
2845,0.6104148430551539,0.2695306734083249,0.07601564407899077,0.044038839457530315
2846,0.6104148430551539,0.2695306734083249,0.07601564407899077,0.044038839457530315
2847,0.6104148430551539,0.2695306734083249,0.07601564407899077,0.044038839457530315
2848,0.6104148430551539,0.2695306734083249,0.07601564407899077,0.044038839457530315
2849,0.6104148430551539,0.2695306734083249,0.07601564407899077,0.044038839457530315
2850,0.6104148430551539,0.2695306734083249,0.07601564407899077,0.044038839457530315
2851,0.6104148430551539,0.2695306734083249,0.07601564407899077,0.044038839457530315
2852,0.6104148430551539,0.2695306734083249,0.07601564407899077,0.044038839457530315
2853,0.6104148430551539,0.2695306734083249,0.07601564407899077,0.044038839457530315
2854,0.6104148430551539,0.2695306734083249,0.07601564407899077,0.044038839457530315
2855,0.6104148430551539,0.2695306734083249,0.07601564407899077,0.044038839457530315
2856,0.6104148430551539,0.2695306734083249,0.07601564407899077,0.044038839457530315
2857,0.6104148430551539,0.2695306734083249,0.07601564407899077,0.044038839457530315
2858,0.6104148430551539,0.2695306734083249,0.07601564407899077,0.044038839457530315
2859,0.6104148430551539,0.2695306734083249,0.07601564407899077,0.044038839457530315
2860,0.6104148430551539,0.2695306734083249,0.07601564407899077,0.044038839457530315
2861,0.6104148430551539,0.2695306734083249,0.07601564407899077,0.044038839457530315
2862,0.6104148430551539,0.2695306734083249,0.07601564407899077,0.044038839457530315
2863,0.6104148430551539,0.2695306734083249,0.07601564407899077,0.044038839457530315
2864,0.6104148430551539,0.2695306734083249,0.07601564407899077,0.044038839457530315
2865,0.6104148430551539,0.2695306734083249,0.07601564407899077,0.044038839457530315
2866,0.6104148430551539,0.2695306734083249,0.07601564407899077,0.044038839457530315
2867,0.6104148430551539,0.2695306734083249,0.07601564407899077,0.044038839457530315
2868,0.6104148430551539,0.2695306734083249,0.07601564407899077,0.044038839457530315
2869,0.6104148430551539,0.2695306734083249,0.07601564407899077,0.044038839457530315
2870,0.6104148430551539,0.2695306734083249,0.07601564407899077,0.044038839457530315
2871,0.6104148430551539,0.2695306734083249,0.07601564407899077,0.044038839457530315
2872,0.6104148430551539,0.2695306734083249,0.07601564407899077,0.044038839457530315
2873,0.6104148430551539,0.2695306734083249,0.07601564407899077,0.044038839457530315
2874,0.6104148430551539,0.2695306734083249,0.07601564407899077,0.044038839457530315
2875,0.6104148430551539,0.2695306734083249,0.07601564407899077,0.044038839457530315
2876,0.6104148430551539,0.2695306734083249,0.07601564407899077,0.044038839457530315
2877,0.6104148430551539,0.2695306734083249,0.07601564407899077,0.044038839457530315
2878,0.6104148430551539,0.2695306734083249,0.07601564407899077,0.044038839457530315
2879,0.6104148430551539,0.2695306734083249,0.07601564407899077,0.044038839457530315
2880,0.6104148430551539,0.2695306734083249,0.07601564407899077,0.044038839457530315
2881,0.6104148430551539,0.2695306734083249,0.07601564407899077,0.044038839457530315
2882,0.6104148430551539,0.2695306734083249,0.07601564407899077,0.044038839457530315
2883,0.6104148430551539,0.2695306734083249,0.07601564407899077,0.044038839457530315
2884,0.6104148430551539,0.2695306734083249,0.07601564407899077,0.044038839457530315
2885,0.6104148430551539,0.2695306734083249,0.07601564407899077,0.044038839457530315
2886,0.6104148430551539,0.2695306734083249,0.07601564407899077,0.044038839457530315
2887,0.6104148430551539,0.2695306734083249,0.07601564407899077,0.044038839457530315
2888,0.6104148430551539,0.2695306734083249,0.07601564407899077,0.044038839457530315
2889,0.6104148430551539,0.2695306734083249,0.07601564407899077,0.044038839457530315
2890,0.6104148430551539,0.2695306734083249,0.07601564407899077,0.044038839457530315
2891,0.6104148430551539,0.2695306734083249,0.07601564407899077,0.044038839457530315
2892,0.6104148430551539,0.2695306734083249,0.07601564407899077,0.044038839457530315
2893,0.6104148430551539,0.2695306734083249,0.07601564407899077,0.044038839457530315
2894,0.6104148430551539,0.2695306734083249,0.07601564407899077,0.044038839457530315
2895,0.6104148430551539,0.2695306734083249,0.07601564407899077,0.044038839457530315
2896,0.6104148430551539,0.2695306734083249,0.07601564407899077,0.044038839457530315
2897,0.6104148430551539,0.2695306734083249,0.07601564407899077,0.044038839457530315
2898,0.6104148430551539,0.2695306734083249,0.07601564407899077,0.044038839457530315
2899,0.6104148430551539,0.2695306734083249,0.07601564407899077,0.044038839457530315
2900,0.6082864668891349,0.2955611205363701,0.052767235211576245,0.0433851773629187
2901,0.6082864668891349,0.2955611205363701,0.052767235211576245,0.0433851773629187
2902,0.6082864668891349,0.2955611205363701,0.052767235211576245,0.0433851773629187
2903,0.6082864668891349,0.2955611205363701,0.052767235211576245,0.0433851773629187
2904,0.6082864668891349,0.2955611205363701,0.052767235211576245,0.0433851773629187
2905,0.6082864668891349,0.2955611205363701,0.052767235211576245,0.0433851773629187
2906,0.6082864668891349,0.2955611205363701,0.052767235211576245,0.0433851773629187
2907,0.6082864668891349,0.2955611205363701,0.052767235211576245,0.0433851773629187
2908,0.6082864668891349,0.2955611205363701,0.052767235211576245,0.0433851773629187
2909,0.6082864668891349,0.2955611205363701,0.052767235211576245,0.0433851773629187
2910,0.6082864668891349,0.2955611205363701,0.052767235211576245,0.0433851773629187
2911,0.6082864668891349,0.2955611205363701,0.052767235211576245,0.0433851773629187
2912,0.6082864668891349,0.2955611205363701,0.052767235211576245,0.0433851773629187
2913,0.6082864668891349,0.2955611205363701,0.052767235211576245,0.0433851773629187
2914,0.6082864668891349,0.2955611205363701,0.052767235211576245,0.0433851773629187
2915,0.6082864668891349,0.2955611205363701,0.052767235211576245,0.0433851773629187
2916,0.6082864668891349,0.2955611205363701,0.052767235211576245,0.0433851773629187
2917,0.6082864668891349,0.2955611205363701,0.052767235211576245,0.0433851773629187
2918,0.6082864668891349,0.2955611205363701,0.052767235211576245,0.0433851773629187
2919,0.6082864668891349,0.2955611205363701,0.052767235211576245,0.0433851773629187
2920,0.6082864668891349,0.2955611205363701,0.052767235211576245,0.0433851773629187
2921,0.6082864668891349,0.2955611205363701,0.052767235211576245,0.0433851773629187
2922,0.6082864668891349,0.2955611205363701,0.052767235211576245,0.0433851773629187
2923,0.6082864668891349,0.2955611205363701,0.052767235211576245,0.0433851773629187
2924,0.6082864668891349,0.2955611205363701,0.052767235211576245,0.0433851773629187
2925,0.6082864668891349,0.2955611205363701,0.052767235211576245,0.0433851773629187
2926,0.6082864668891349,0.2955611205363701,0.052767235211576245,0.0433851773629187
2927,0.6082864668891349,0.2955611205363701,0.052767235211576245,0.0433851773629187
2928,0.6082864668891349,0.2955611205363701,0.052767235211576245,0.0433851773629187
2929,0.6082864668891349,0.2955611205363701,0.052767235211576245,0.0433851773629187
2930,0.6082864668891349,0.2955611205363701,0.052767235211576245,0.0433851773629187
2931,0.6082864668891349,0.2955611205363701,0.052767235211576245,0.0433851773629187
2932,0.6082864668891349,0.2955611205363701,0.052767235211576245,0.0433851773629187
2933,0.6082864668891349,0.2955611205363701,0.052767235211576245,0.0433851773629187
2934,0.6082864668891349,0.2955611205363701,0.052767235211576245,0.0433851773629187
2935,0.6082864668891349,0.2955611205363701,0.052767235211576245,0.0433851773629187
2936,0.6082864668891349,0.2955611205363701,0.052767235211576245,0.0433851773629187
2937,0.6082864668891349,0.2955611205363701,0.052767235211576245,0.0433851773629187
2938,0.6082864668891349,0.2955611205363701,0.052767235211576245,0.0433851773629187
2939,0.6082864668891349,0.2955611205363701,0.052767235211576245,0.0433851773629187
2940,0.6082864668891349,0.2955611205363701,0.052767235211576245,0.0433851773629187
2941,0.6082864668891349,0.2955611205363701,0.052767235211576245,0.0433851773629187
2942,0.6082864668891349,0.2955611205363701,0.052767235211576245,0.0433851773629187
2943,0.6082864668891349,0.2955611205363701,0.052767235211576245,0.0433851773629187
2944,0.6082864668891349,0.2955611205363701,0.052767235211576245,0.0433851773629187
2945,0.6082864668891349,0.2955611205363701,0.052767235211576245,0.0433851773629187
2946,0.6082864668891349,0.2955611205363701,0.052767235211576245,0.0433851773629187
2947,0.6082864668891349,0.2955611205363701,0.052767235211576245,0.0433851773629187
2948,0.6082864668891349,0.2955611205363701,0.052767235211576245,0.0433851773629187
2949,0.6082864668891349,0.2955611205363701,0.052767235211576245,0.0433851773629187
2950,0.6082864668891349,0.2955611205363701,0.052767235211576245,0.0433851773629187
2951,0.6082864668891349,0.2955611205363701,0.052767235211576245,0.0433851773629187
2952,0.6082864668891349,0.2955611205363701,0.052767235211576245,0.0433851773629187
2953,0.6082864668891349,0.2955611205363701,0.052767235211576245,0.0433851773629187
2954,0.6082864668891349,0.2955611205363701,0.052767235211576245,0.0433851773629187
2955,0.6082864668891349,0.2955611205363701,0.052767235211576245,0.0433851773629187
2956,0.6082864668891349,0.2955611205363701,0.052767235211576245,0.0433851773629187
2957,0.6082864668891349,0.2955611205363701,0.052767235211576245,0.0433851773629187
2958,0.6082864668891349,0.2955611205363701,0.052767235211576245,0.0433851773629187
2959,0.6082864668891349,0.2955611205363701,0.052767235211576245,0.0433851773629187
2960,0.6082864668891349,0.2955611205363701,0.052767235211576245,0.0433851773629187
2961,0.6082864668891349,0.2955611205363701,0.052767235211576245,0.0433851773629187
2962,0.6082864668891349,0.2955611205363701,0.052767235211576245,0.0433851773629187
2963,0.6082864668891349,0.2955611205363701,0.052767235211576245,0.0433851773629187
2964,0.6082864668891349,0.2955611205363701,0.052767235211576245,0.0433851773629187
2965,0.6082864668891349,0.2955611205363701,0.052767235211576245,0.0433851773629187
2966,0.6082864668891349,0.2955611205363701,0.052767235211576245,0.0433851773629187
2967,0.6082864668891349,0.2955611205363701,0.052767235211576245,0.0433851773629187
2968,0.6082864668891349,0.2955611205363701,0.052767235211576245,0.0433851773629187
2969,0.6082864668891349,0.2955611205363701,0.052767235211576245,0.0433851773629187
2970,0.6082864668891349,0.2955611205363701,0.052767235211576245,0.0433851773629187
2971,0.6082864668891349,0.2955611205363701,0.052767235211576245,0.0433851773629187
2972,0.6082864668891349,0.2955611205363701,0.052767235211576245,0.0433851773629187
2973,0.6082864668891349,0.2955611205363701,0.052767235211576245,0.0433851773629187
2974,0.6082864668891349,0.2955611205363701,0.052767235211576245,0.0433851773629187
2975,0.6082864668891349,0.2955611205363701,0.052767235211576245,0.0433851773629187
2976,0.6082864668891349,0.2955611205363701,0.052767235211576245,0.0433851773629187
2977,0.6082864668891349,0.2955611205363701,0.052767235211576245,0.0433851773629187
2978,0.6082864668891349,0.2955611205363701,0.052767235211576245,0.0433851773629187
2979,0.6082864668891349,0.2955611205363701,0.052767235211576245,0.0433851773629187
2980,0.6082864668891349,0.2955611205363701,0.052767235211576245,0.0433851773629187
2981,0.6082864668891349,0.2955611205363701,0.052767235211576245,0.0433851773629187
2982,0.6082864668891349,0.2955611205363701,0.052767235211576245,0.0433851773629187
2983,0.6082864668891349,0.2955611205363701,0.052767235211576245,0.0433851773629187
2984,0.6082864668891349,0.2955611205363701,0.052767235211576245,0.0433851773629187
2985,0.6082864668891349,0.2955611205363701,0.052767235211576245,0.0433851773629187
2986,0.6082864668891349,0.2955611205363701,0.052767235211576245,0.0433851773629187
2987,0.6082864668891349,0.2955611205363701,0.052767235211576245,0.0433851773629187
2988,0.6082864668891349,0.2955611205363701,0.052767235211576245,0.0433851773629187
2989,0.6082864668891349,0.2955611205363701,0.052767235211576245,0.0433851773629187
2990,0.6082864668891349,0.2955611205363701,0.052767235211576245,0.0433851773629187
2991,0.6082864668891349,0.2955611205363701,0.052767235211576245,0.0433851773629187
2992,0.6082864668891349,0.2955611205363701,0.052767235211576245,0.0433851773629187
2993,0.6082864668891349,0.2955611205363701,0.052767235211576245,0.0433851773629187
2994,0.6082864668891349,0.2955611205363701,0.052767235211576245,0.0433851773629187
2995,0.6082864668891349,0.2955611205363701,0.052767235211576245,0.0433851773629187
2996,0.6082864668891349,0.2955611205363701,0.052767235211576245,0.0433851773629187
2997,0.6082864668891349,0.2955611205363701,0.052767235211576245,0.0433851773629187
2998,0.6082864668891349,0.2955611205363701,0.052767235211576245,0.0433851773629187
2999,0.6082864668891349,0.2955611205363701,0.052767235211576245,0.0433851773629187
3000,0.6034652521309468,0.3062106005708097,0.045162073649121774,0.045162073649121774
3001,0.6034652521309468,0.3062106005708097,0.045162073649121774,0.045162073649121774
3002,0.6034652521309468,0.3062106005708097,0.045162073649121774,0.045162073649121774
3003,0.6034652521309468,0.3062106005708097,0.045162073649121774,0.045162073649121774
3004,0.6034652521309468,0.3062106005708097,0.045162073649121774,0.045162073649121774
3005,0.6034652521309468,0.3062106005708097,0.045162073649121774,0.045162073649121774
3006,0.6034652521309468,0.3062106005708097,0.045162073649121774,0.045162073649121774
3007,0.6034652521309468,0.3062106005708097,0.045162073649121774,0.045162073649121774
3008,0.6034652521309468,0.3062106005708097,0.045162073649121774,0.045162073649121774
3009,0.6034652521309468,0.3062106005708097,0.045162073649121774,0.045162073649121774
3010,0.6034652521309468,0.3062106005708097,0.045162073649121774,0.045162073649121774
3011,0.6034652521309468,0.3062106005708097,0.045162073649121774,0.045162073649121774
3012,0.6034652521309468,0.3062106005708097,0.045162073649121774,0.045162073649121774
3013,0.6034652521309468,0.3062106005708097,0.045162073649121774,0.045162073649121774
3014,0.6034652521309468,0.3062106005708097,0.045162073649121774,0.045162073649121774
3015,0.6034652521309468,0.3062106005708097,0.045162073649121774,0.045162073649121774
3016,0.6034652521309468,0.3062106005708097,0.045162073649121774,0.045162073649121774
3017,0.6034652521309468,0.3062106005708097,0.045162073649121774,0.045162073649121774
3018,0.6034652521309468,0.3062106005708097,0.045162073649121774,0.045162073649121774
3019,0.6034652521309468,0.3062106005708097,0.045162073649121774,0.045162073649121774
3020,0.6034652521309468,0.3062106005708097,0.045162073649121774,0.045162073649121774
3021,0.6034652521309468,0.3062106005708097,0.045162073649121774,0.045162073649121774
3022,0.6034652521309468,0.3062106005708097,0.045162073649121774,0.045162073649121774
3023,0.6034652521309468,0.3062106005708097,0.045162073649121774,0.045162073649121774
3024,0.6034652521309468,0.3062106005708097,0.045162073649121774,0.045162073649121774
3025,0.6034652521309468,0.3062106005708097,0.045162073649121774,0.045162073649121774
3026,0.6034652521309468,0.3062106005708097,0.045162073649121774,0.045162073649121774
3027,0.6034652521309468,0.3062106005708097,0.045162073649121774,0.045162073649121774
3028,0.6034652521309468,0.3062106005708097,0.045162073649121774,0.045162073649121774
3029,0.6034652521309468,0.3062106005708097,0.045162073649121774,0.045162073649121774
3030,0.6034652521309468,0.3062106005708097,0.045162073649121774,0.045162073649121774
3031,0.6034652521309468,0.3062106005708097,0.045162073649121774,0.045162073649121774
3032,0.6034652521309468,0.3062106005708097,0.045162073649121774,0.045162073649121774
3033,0.6034652521309468,0.3062106005708097,0.045162073649121774,0.045162073649121774
3034,0.6034652521309468,0.3062106005708097,0.045162073649121774,0.045162073649121774
3035,0.6034652521309468,0.3062106005708097,0.045162073649121774,0.045162073649121774
3036,0.6034652521309468,0.3062106005708097,0.045162073649121774,0.045162073649121774
3037,0.6034652521309468,0.3062106005708097,0.045162073649121774,0.045162073649121774
3038,0.6034652521309468,0.3062106005708097,0.045162073649121774,0.045162073649121774
3039,0.6034652521309468,0.3062106005708097,0.045162073649121774,0.045162073649121774
3040,0.6034652521309468,0.3062106005708097,0.045162073649121774,0.045162073649121774
3041,0.6034652521309468,0.3062106005708097,0.045162073649121774,0.045162073649121774
3042,0.6034652521309468,0.3062106005708097,0.045162073649121774,0.045162073649121774
3043,0.6034652521309468,0.3062106005708097,0.045162073649121774,0.045162073649121774
3044,0.6034652521309468,0.3062106005708097,0.045162073649121774,0.045162073649121774
3045,0.6034652521309468,0.3062106005708097,0.045162073649121774,0.045162073649121774
3046,0.6034652521309468,0.3062106005708097,0.045162073649121774,0.045162073649121774
3047,0.6034652521309468,0.3062106005708097,0.045162073649121774,0.045162073649121774
3048,0.6034652521309468,0.3062106005708097,0.045162073649121774,0.045162073649121774
3049,0.6034652521309468,0.3062106005708097,0.045162073649121774,0.045162073649121774
3050,0.6034652521309468,0.3062106005708097,0.045162073649121774,0.045162073649121774
3051,0.6034652521309468,0.3062106005708097,0.045162073649121774,0.045162073649121774
3052,0.6034652521309468,0.3062106005708097,0.045162073649121774,0.045162073649121774
3053,0.6034652521309468,0.3062106005708097,0.045162073649121774,0.045162073649121774
3054,0.6034652521309468,0.3062106005708097,0.045162073649121774,0.045162073649121774
3055,0.6034652521309468,0.3062106005708097,0.045162073649121774,0.045162073649121774
3056,0.6034652521309468,0.3062106005708097,0.045162073649121774,0.045162073649121774
3057,0.6034652521309468,0.3062106005708097,0.045162073649121774,0.045162073649121774
3058,0.6034652521309468,0.3062106005708097,0.045162073649121774,0.045162073649121774
3059,0.6034652521309468,0.3062106005708097,0.045162073649121774,0.045162073649121774
3060,0.6034652521309468,0.3062106005708097,0.045162073649121774,0.045162073649121774
3061,0.6034652521309468,0.3062106005708097,0.045162073649121774,0.045162073649121774
3062,0.6034652521309468,0.3062106005708097,0.045162073649121774,0.045162073649121774
3063,0.6034652521309468,0.3062106005708097,0.045162073649121774,0.045162073649121774
3064,0.6034652521309468,0.3062106005708097,0.045162073649121774,0.045162073649121774
3065,0.6034652521309468,0.3062106005708097,0.045162073649121774,0.045162073649121774
3066,0.6034652521309468,0.3062106005708097,0.045162073649121774,0.045162073649121774
3067,0.6034652521309468,0.3062106005708097,0.045162073649121774,0.045162073649121774
3068,0.6034652521309468,0.3062106005708097,0.045162073649121774,0.045162073649121774
3069,0.6034652521309468,0.3062106005708097,0.045162073649121774,0.045162073649121774
3070,0.6034652521309468,0.3062106005708097,0.045162073649121774,0.045162073649121774
3071,0.6034652521309468,0.3062106005708097,0.045162073649121774,0.045162073649121774
3072,0.6034652521309468,0.3062106005708097,0.045162073649121774,0.045162073649121774
3073,0.6034652521309468,0.3062106005708097,0.045162073649121774,0.045162073649121774
3074,0.6034652521309468,0.3062106005708097,0.045162073649121774,0.045162073649121774
3075,0.6034652521309468,0.3062106005708097,0.045162073649121774,0.045162073649121774
3076,0.6034652521309468,0.3062106005708097,0.045162073649121774,0.045162073649121774
3077,0.6034652521309468,0.3062106005708097,0.045162073649121774,0.045162073649121774
3078,0.6034652521309468,0.3062106005708097,0.045162073649121774,0.045162073649121774
3079,0.6034652521309468,0.3062106005708097,0.045162073649121774,0.045162073649121774
3080,0.6034652521309468,0.3062106005708097,0.045162073649121774,0.045162073649121774
3081,0.6034652521309468,0.3062106005708097,0.045162073649121774,0.045162073649121774
3082,0.6034652521309468,0.3062106005708097,0.045162073649121774,0.045162073649121774
3083,0.6034652521309468,0.3062106005708097,0.045162073649121774,0.045162073649121774
3084,0.6034652521309468,0.3062106005708097,0.045162073649121774,0.045162073649121774
3085,0.6034652521309468,0.3062106005708097,0.045162073649121774,0.045162073649121774
3086,0.6034652521309468,0.3062106005708097,0.045162073649121774,0.045162073649121774
3087,0.6034652521309468,0.3062106005708097,0.045162073649121774,0.045162073649121774
3088,0.6034652521309468,0.3062106005708097,0.045162073649121774,0.045162073649121774
3089,0.6034652521309468,0.3062106005708097,0.045162073649121774,0.045162073649121774
3090,0.6034652521309468,0.3062106005708097,0.045162073649121774,0.045162073649121774
3091,0.6034652521309468,0.3062106005708097,0.045162073649121774,0.045162073649121774
3092,0.6034652521309468,0.3062106005708097,0.045162073649121774,0.045162073649121774
3093,0.6034652521309468,0.3062106005708097,0.045162073649121774,0.045162073649121774
3094,0.6034652521309468,0.3062106005708097,0.045162073649121774,0.045162073649121774
3095,0.6034652521309468,0.3062106005708097,0.045162073649121774,0.045162073649121774
3096,0.6034652521309468,0.3062106005708097,0.045162073649121774,0.045162073649121774
3097,0.6034652521309468,0.3062106005708097,0.045162073649121774,0.045162073649121774
3098,0.6034652521309468,0.3062106005708097,0.045162073649121774,0.045162073649121774
3099,0.6034652521309468,0.3062106005708097,0.045162073649121774,0.045162073649121774
3100,0.6232052660619244,0.28139604959181086,0.04769934217313235,0.04769934217313235
3101,0.6232052660619244,0.28139604959181086,0.04769934217313235,0.04769934217313235
3102,0.6232052660619244,0.28139604959181086,0.04769934217313235,0.04769934217313235
3103,0.6232052660619244,0.28139604959181086,0.04769934217313235,0.04769934217313235
3104,0.6232052660619244,0.28139604959181086,0.04769934217313235,0.04769934217313235
3105,0.6232052660619244,0.28139604959181086,0.04769934217313235,0.04769934217313235
3106,0.6232052660619244,0.28139604959181086,0.04769934217313235,0.04769934217313235
3107,0.6232052660619244,0.28139604959181086,0.04769934217313235,0.04769934217313235
3108,0.6232052660619244,0.28139604959181086,0.04769934217313235,0.04769934217313235
3109,0.6232052660619244,0.28139604959181086,0.04769934217313235,0.04769934217313235
3110,0.6232052660619244,0.28139604959181086,0.04769934217313235,0.04769934217313235
3111,0.6232052660619244,0.28139604959181086,0.04769934217313235,0.04769934217313235
3112,0.6232052660619244,0.28139604959181086,0.04769934217313235,0.04769934217313235
3113,0.6232052660619244,0.28139604959181086,0.04769934217313235,0.04769934217313235
3114,0.6232052660619244,0.28139604959181086,0.04769934217313235,0.04769934217313235
3115,0.6232052660619244,0.28139604959181086,0.04769934217313235,0.04769934217313235
3116,0.6232052660619244,0.28139604959181086,0.04769934217313235,0.04769934217313235
3117,0.6232052660619244,0.28139604959181086,0.04769934217313235,0.04769934217313235
3118,0.6232052660619244,0.28139604959181086,0.04769934217313235,0.04769934217313235
3119,0.6232052660619244,0.28139604959181086,0.04769934217313235,0.04769934217313235
3120,0.6232052660619244,0.28139604959181086,0.04769934217313235,0.04769934217313235
3121,0.6232052660619244,0.28139604959181086,0.04769934217313235,0.04769934217313235
3122,0.6232052660619244,0.28139604959181086,0.04769934217313235,0.04769934217313235
3123,0.6232052660619244,0.28139604959181086,0.04769934217313235,0.04769934217313235
3124,0.6232052660619244,0.28139604959181086,0.04769934217313235,0.04769934217313235
3125,0.6232052660619244,0.28139604959181086,0.04769934217313235,0.04769934217313235
3126,0.6232052660619244,0.28139604959181086,0.04769934217313235,0.04769934217313235
3127,0.6232052660619244,0.28139604959181086,0.04769934217313235,0.04769934217313235
3128,0.6232052660619244,0.28139604959181086,0.04769934217313235,0.04769934217313235
3129,0.6232052660619244,0.28139604959181086,0.04769934217313235,0.04769934217313235
3130,0.6232052660619244,0.28139604959181086,0.04769934217313235,0.04769934217313235
3131,0.6232052660619244,0.28139604959181086,0.04769934217313235,0.04769934217313235
3132,0.6232052660619244,0.28139604959181086,0.04769934217313235,0.04769934217313235
3133,0.6232052660619244,0.28139604959181086,0.04769934217313235,0.04769934217313235
3134,0.6232052660619244,0.28139604959181086,0.04769934217313235,0.04769934217313235
3135,0.6232052660619244,0.28139604959181086,0.04769934217313235,0.04769934217313235
3136,0.6232052660619244,0.28139604959181086,0.04769934217313235,0.04769934217313235
3137,0.6232052660619244,0.28139604959181086,0.04769934217313235,0.04769934217313235
3138,0.6232052660619244,0.28139604959181086,0.04769934217313235,0.04769934217313235
3139,0.6232052660619244,0.28139604959181086,0.04769934217313235,0.04769934217313235
3140,0.6232052660619244,0.28139604959181086,0.04769934217313235,0.04769934217313235
3141,0.6232052660619244,0.28139604959181086,0.04769934217313235,0.04769934217313235
3142,0.6232052660619244,0.28139604959181086,0.04769934217313235,0.04769934217313235
3143,0.6232052660619244,0.28139604959181086,0.04769934217313235,0.04769934217313235
3144,0.6232052660619244,0.28139604959181086,0.04769934217313235,0.04769934217313235
3145,0.6232052660619244,0.28139604959181086,0.04769934217313235,0.04769934217313235
3146,0.6232052660619244,0.28139604959181086,0.04769934217313235,0.04769934217313235
3147,0.6232052660619244,0.28139604959181086,0.04769934217313235,0.04769934217313235
3148,0.6232052660619244,0.28139604959181086,0.04769934217313235,0.04769934217313235
3149,0.6232052660619244,0.28139604959181086,0.04769934217313235,0.04769934217313235
3150,0.6232052660619244,0.28139604959181086,0.04769934217313235,0.04769934217313235
3151,0.6232052660619244,0.28139604959181086,0.04769934217313235,0.04769934217313235
3152,0.6232052660619244,0.28139604959181086,0.04769934217313235,0.04769934217313235
3153,0.6232052660619244,0.28139604959181086,0.04769934217313235,0.04769934217313235
3154,0.6232052660619244,0.28139604959181086,0.04769934217313235,0.04769934217313235
3155,0.6232052660619244,0.28139604959181086,0.04769934217313235,0.04769934217313235
3156,0.6232052660619244,0.28139604959181086,0.04769934217313235,0.04769934217313235
3157,0.6232052660619244,0.28139604959181086,0.04769934217313235,0.04769934217313235
3158,0.6232052660619244,0.28139604959181086,0.04769934217313235,0.04769934217313235
3159,0.6232052660619244,0.28139604959181086,0.04769934217313235,0.04769934217313235
3160,0.6232052660619244,0.28139604959181086,0.04769934217313235,0.04769934217313235
3161,0.6232052660619244,0.28139604959181086,0.04769934217313235,0.04769934217313235
3162,0.6232052660619244,0.28139604959181086,0.04769934217313235,0.04769934217313235
3163,0.6232052660619244,0.28139604959181086,0.04769934217313235,0.04769934217313235
3164,0.6232052660619244,0.28139604959181086,0.04769934217313235,0.04769934217313235
3165,0.6232052660619244,0.28139604959181086,0.04769934217313235,0.04769934217313235
3166,0.6232052660619244,0.28139604959181086,0.04769934217313235,0.04769934217313235
3167,0.6232052660619244,0.28139604959181086,0.04769934217313235,0.04769934217313235
3168,0.6232052660619244,0.28139604959181086,0.04769934217313235,0.04769934217313235
3169,0.6232052660619244,0.28139604959181086,0.04769934217313235,0.04769934217313235
3170,0.6232052660619244,0.28139604959181086,0.04769934217313235,0.04769934217313235
3171,0.6232052660619244,0.28139604959181086,0.04769934217313235,0.04769934217313235
3172,0.6232052660619244,0.28139604959181086,0.04769934217313235,0.04769934217313235
3173,0.6232052660619244,0.28139604959181086,0.04769934217313235,0.04769934217313235
3174,0.6232052660619244,0.28139604959181086,0.04769934217313235,0.04769934217313235
3175,0.6232052660619244,0.28139604959181086,0.04769934217313235,0.04769934217313235
3176,0.6232052660619244,0.28139604959181086,0.04769934217313235,0.04769934217313235
3177,0.6232052660619244,0.28139604959181086,0.04769934217313235,0.04769934217313235
3178,0.6232052660619244,0.28139604959181086,0.04769934217313235,0.04769934217313235
3179,0.6232052660619244,0.28139604959181086,0.04769934217313235,0.04769934217313235
3180,0.6232052660619244,0.28139604959181086,0.04769934217313235,0.04769934217313235
3181,0.6232052660619244,0.28139604959181086,0.04769934217313235,0.04769934217313235
3182,0.6232052660619244,0.28139604959181086,0.04769934217313235,0.04769934217313235
3183,0.6232052660619244,0.28139604959181086,0.04769934217313235,0.04769934217313235
3184,0.6232052660619244,0.28139604959181086,0.04769934217313235,0.04769934217313235
3185,0.6232052660619244,0.28139604959181086,0.04769934217313235,0.04769934217313235
3186,0.6232052660619244,0.28139604959181086,0.04769934217313235,0.04769934217313235
3187,0.6232052660619244,0.28139604959181086,0.04769934217313235,0.04769934217313235
3188,0.6232052660619244,0.28139604959181086,0.04769934217313235,0.04769934217313235
3189,0.6232052660619244,0.28139604959181086,0.04769934217313235,0.04769934217313235
3190,0.6232052660619244,0.28139604959181086,0.04769934217313235,0.04769934217313235
3191,0.6232052660619244,0.28139604959181086,0.04769934217313235,0.04769934217313235
3192,0.6232052660619244,0.28139604959181086,0.04769934217313235,0.04769934217313235
3193,0.6232052660619244,0.28139604959181086,0.04769934217313235,0.04769934217313235
3194,0.6232052660619244,0.28139604959181086,0.04769934217313235,0.04769934217313235
3195,0.6232052660619244,0.28139604959181086,0.04769934217313235,0.04769934217313235
3196,0.6232052660619244,0.28139604959181086,0.04769934217313235,0.04769934217313235
3197,0.6232052660619244,0.28139604959181086,0.04769934217313235,0.04769934217313235
3198,0.6232052660619244,0.28139604959181086,0.04769934217313235,0.04769934217313235
3199,0.6232052660619244,0.28139604959181086,0.04769934217313235,0.04769934217313235
3200,0.6098839072494731,0.2990876635553384,0.045514214597594305,0.045514214597594305
3201,0.6098839072494731,0.2990876635553384,0.045514214597594305,0.045514214597594305
3202,0.6098839072494731,0.2990876635553384,0.045514214597594305,0.045514214597594305
3203,0.6098839072494731,0.2990876635553384,0.045514214597594305,0.045514214597594305
3204,0.6098839072494731,0.2990876635553384,0.045514214597594305,0.045514214597594305
3205,0.6098839072494731,0.2990876635553384,0.045514214597594305,0.045514214597594305
3206,0.6098839072494731,0.2990876635553384,0.045514214597594305,0.045514214597594305
3207,0.6098839072494731,0.2990876635553384,0.045514214597594305,0.045514214597594305
3208,0.6098839072494731,0.2990876635553384,0.045514214597594305,0.045514214597594305
3209,0.6098839072494731,0.2990876635553384,0.045514214597594305,0.045514214597594305
3210,0.6098839072494731,0.2990876635553384,0.045514214597594305,0.045514214597594305
3211,0.6098839072494731,0.2990876635553384,0.045514214597594305,0.045514214597594305
3212,0.6098839072494731,0.2990876635553384,0.045514214597594305,0.045514214597594305
3213,0.6098839072494731,0.2990876635553384,0.045514214597594305,0.045514214597594305
3214,0.6098839072494731,0.2990876635553384,0.045514214597594305,0.045514214597594305
3215,0.6098839072494731,0.2990876635553384,0.045514214597594305,0.045514214597594305
3216,0.6098839072494731,0.2990876635553384,0.045514214597594305,0.045514214597594305
3217,0.6098839072494731,0.2990876635553384,0.045514214597594305,0.045514214597594305
3218,0.6098839072494731,0.2990876635553384,0.045514214597594305,0.045514214597594305
3219,0.6098839072494731,0.2990876635553384,0.045514214597594305,0.045514214597594305
3220,0.6098839072494731,0.2990876635553384,0.045514214597594305,0.045514214597594305
3221,0.6098839072494731,0.2990876635553384,0.045514214597594305,0.045514214597594305
3222,0.6098839072494731,0.2990876635553384,0.045514214597594305,0.045514214597594305
3223,0.6098839072494731,0.2990876635553384,0.045514214597594305,0.045514214597594305
3224,0.6098839072494731,0.2990876635553384,0.045514214597594305,0.045514214597594305
3225,0.6098839072494731,0.2990876635553384,0.045514214597594305,0.045514214597594305
3226,0.6098839072494731,0.2990876635553384,0.045514214597594305,0.045514214597594305
3227,0.6098839072494731,0.2990876635553384,0.045514214597594305,0.045514214597594305
3228,0.6098839072494731,0.2990876635553384,0.045514214597594305,0.045514214597594305
3229,0.6098839072494731,0.2990876635553384,0.045514214597594305,0.045514214597594305
3230,0.6098839072494731,0.2990876635553384,0.045514214597594305,0.045514214597594305
3231,0.6098839072494731,0.2990876635553384,0.045514214597594305,0.045514214597594305
3232,0.6098839072494731,0.2990876635553384,0.045514214597594305,0.045514214597594305
3233,0.6098839072494731,0.2990876635553384,0.045514214597594305,0.045514214597594305
3234,0.6098839072494731,0.2990876635553384,0.045514214597594305,0.045514214597594305
3235,0.6098839072494731,0.2990876635553384,0.045514214597594305,0.045514214597594305
3236,0.6098839072494731,0.2990876635553384,0.045514214597594305,0.045514214597594305
3237,0.6098839072494731,0.2990876635553384,0.045514214597594305,0.045514214597594305
3238,0.6098839072494731,0.2990876635553384,0.045514214597594305,0.045514214597594305
3239,0.6098839072494731,0.2990876635553384,0.045514214597594305,0.045514214597594305
3240,0.6098839072494731,0.2990876635553384,0.045514214597594305,0.045514214597594305
3241,0.6098839072494731,0.2990876635553384,0.045514214597594305,0.045514214597594305
3242,0.6098839072494731,0.2990876635553384,0.045514214597594305,0.045514214597594305
3243,0.6098839072494731,0.2990876635553384,0.045514214597594305,0.045514214597594305
3244,0.6098839072494731,0.2990876635553384,0.045514214597594305,0.045514214597594305
3245,0.6098839072494731,0.2990876635553384,0.045514214597594305,0.045514214597594305
3246,0.6098839072494731,0.2990876635553384,0.045514214597594305,0.045514214597594305
3247,0.6098839072494731,0.2990876635553384,0.045514214597594305,0.045514214597594305
3248,0.6098839072494731,0.2990876635553384,0.045514214597594305,0.045514214597594305
3249,0.6098839072494731,0.2990876635553384,0.045514214597594305,0.045514214597594305
3250,0.6098839072494731,0.2990876635553384,0.045514214597594305,0.045514214597594305
3251,0.6098839072494731,0.2990876635553384,0.045514214597594305,0.045514214597594305
3252,0.6098839072494731,0.2990876635553384,0.045514214597594305,0.045514214597594305
3253,0.6098839072494731,0.2990876635553384,0.045514214597594305,0.045514214597594305
3254,0.6098839072494731,0.2990876635553384,0.045514214597594305,0.045514214597594305
3255,0.6098839072494731,0.2990876635553384,0.045514214597594305,0.045514214597594305
3256,0.6098839072494731,0.2990876635553384,0.045514214597594305,0.045514214597594305
3257,0.6098839072494731,0.2990876635553384,0.045514214597594305,0.045514214597594305
3258,0.6098839072494731,0.2990876635553384,0.045514214597594305,0.045514214597594305
3259,0.6098839072494731,0.2990876635553384,0.045514214597594305,0.045514214597594305
3260,0.6098839072494731,0.2990876635553384,0.045514214597594305,0.045514214597594305
3261,0.6098839072494731,0.2990876635553384,0.045514214597594305,0.045514214597594305
3262,0.6098839072494731,0.2990876635553384,0.045514214597594305,0.045514214597594305
3263,0.6098839072494731,0.2990876635553384,0.045514214597594305,0.045514214597594305
3264,0.6098839072494731,0.2990876635553384,0.045514214597594305,0.045514214597594305
3265,0.6098839072494731,0.2990876635553384,0.045514214597594305,0.045514214597594305
3266,0.6098839072494731,0.2990876635553384,0.045514214597594305,0.045514214597594305
3267,0.6098839072494731,0.2990876635553384,0.045514214597594305,0.045514214597594305
3268,0.6098839072494731,0.2990876635553384,0.045514214597594305,0.045514214597594305
3269,0.6098839072494731,0.2990876635553384,0.045514214597594305,0.045514214597594305
3270,0.6098839072494731,0.2990876635553384,0.045514214597594305,0.045514214597594305
3271,0.6098839072494731,0.2990876635553384,0.045514214597594305,0.045514214597594305
3272,0.6098839072494731,0.2990876635553384,0.045514214597594305,0.045514214597594305
3273,0.6098839072494731,0.2990876635553384,0.045514214597594305,0.045514214597594305
3274,0.6098839072494731,0.2990876635553384,0.045514214597594305,0.045514214597594305
3275,0.6098839072494731,0.2990876635553384,0.045514214597594305,0.045514214597594305
3276,0.6098839072494731,0.2990876635553384,0.045514214597594305,0.045514214597594305
3277,0.6098839072494731,0.2990876635553384,0.045514214597594305,0.045514214597594305
3278,0.6098839072494731,0.2990876635553384,0.045514214597594305,0.045514214597594305
3279,0.6098839072494731,0.2990876635553384,0.045514214597594305,0.045514214597594305
3280,0.6098839072494731,0.2990876635553384,0.045514214597594305,0.045514214597594305
3281,0.6098839072494731,0.2990876635553384,0.045514214597594305,0.045514214597594305
3282,0.6098839072494731,0.2990876635553384,0.045514214597594305,0.045514214597594305
3283,0.6098839072494731,0.2990876635553384,0.045514214597594305,0.045514214597594305
3284,0.6098839072494731,0.2990876635553384,0.045514214597594305,0.045514214597594305
3285,0.6098839072494731,0.2990876635553384,0.045514214597594305,0.045514214597594305
3286,0.6098839072494731,0.2990876635553384,0.045514214597594305,0.045514214597594305
3287,0.6098839072494731,0.2990876635553384,0.045514214597594305,0.045514214597594305
3288,0.6098839072494731,0.2990876635553384,0.045514214597594305,0.045514214597594305
3289,0.6098839072494731,0.2990876635553384,0.045514214597594305,0.045514214597594305
3290,0.6098839072494731,0.2990876635553384,0.045514214597594305,0.045514214597594305
3291,0.6098839072494731,0.2990876635553384,0.045514214597594305,0.045514214597594305
3292,0.6098839072494731,0.2990876635553384,0.045514214597594305,0.045514214597594305
3293,0.6098839072494731,0.2990876635553384,0.045514214597594305,0.045514214597594305
3294,0.6098839072494731,0.2990876635553384,0.045514214597594305,0.045514214597594305
3295,0.6098839072494731,0.2990876635553384,0.045514214597594305,0.045514214597594305
3296,0.6098839072494731,0.2990876635553384,0.045514214597594305,0.045514214597594305
3297,0.6098839072494731,0.2990876635553384,0.045514214597594305,0.045514214597594305
3298,0.6098839072494731,0.2990876635553384,0.045514214597594305,0.045514214597594305
3299,0.6098839072494731,0.2990876635553384,0.045514214597594305,0.045514214597594305
3300,0.5819742564742113,0.3194467348995894,0.04286684982983987,0.05571215879635939
3301,0.5819742564742113,0.3194467348995894,0.04286684982983987,0.05571215879635939
3302,0.5819742564742113,0.3194467348995894,0.04286684982983987,0.05571215879635939
3303,0.5819742564742113,0.3194467348995894,0.04286684982983987,0.05571215879635939
3304,0.5819742564742113,0.3194467348995894,0.04286684982983987,0.05571215879635939
3305,0.5819742564742113,0.3194467348995894,0.04286684982983987,0.05571215879635939
3306,0.5819742564742113,0.3194467348995894,0.04286684982983987,0.05571215879635939
3307,0.5819742564742113,0.3194467348995894,0.04286684982983987,0.05571215879635939
3308,0.5819742564742113,0.3194467348995894,0.04286684982983987,0.05571215879635939
3309,0.5819742564742113,0.3194467348995894,0.04286684982983987,0.05571215879635939
3310,0.5819742564742113,0.3194467348995894,0.04286684982983987,0.05571215879635939
3311,0.5819742564742113,0.3194467348995894,0.04286684982983987,0.05571215879635939
3312,0.5819742564742113,0.3194467348995894,0.04286684982983987,0.05571215879635939
3313,0.5819742564742113,0.3194467348995894,0.04286684982983987,0.05571215879635939
3314,0.5819742564742113,0.3194467348995894,0.04286684982983987,0.05571215879635939
3315,0.5819742564742113,0.3194467348995894,0.04286684982983987,0.05571215879635939
3316,0.5819742564742113,0.3194467348995894,0.04286684982983987,0.05571215879635939
3317,0.5819742564742113,0.3194467348995894,0.04286684982983987,0.05571215879635939
3318,0.5819742564742113,0.3194467348995894,0.04286684982983987,0.05571215879635939
3319,0.5819742564742113,0.3194467348995894,0.04286684982983987,0.05571215879635939
3320,0.5819742564742113,0.3194467348995894,0.04286684982983987,0.05571215879635939
3321,0.5819742564742113,0.3194467348995894,0.04286684982983987,0.05571215879635939
3322,0.5819742564742113,0.3194467348995894,0.04286684982983987,0.05571215879635939
3323,0.5819742564742113,0.3194467348995894,0.04286684982983987,0.05571215879635939
3324,0.5819742564742113,0.3194467348995894,0.04286684982983987,0.05571215879635939
3325,0.5819742564742113,0.3194467348995894,0.04286684982983987,0.05571215879635939
3326,0.5819742564742113,0.3194467348995894,0.04286684982983987,0.05571215879635939
3327,0.5819742564742113,0.3194467348995894,0.04286684982983987,0.05571215879635939
3328,0.5819742564742113,0.3194467348995894,0.04286684982983987,0.05571215879635939
3329,0.5819742564742113,0.3194467348995894,0.04286684982983987,0.05571215879635939
3330,0.5819742564742113,0.3194467348995894,0.04286684982983987,0.05571215879635939
3331,0.5819742564742113,0.3194467348995894,0.04286684982983987,0.05571215879635939
3332,0.5819742564742113,0.3194467348995894,0.04286684982983987,0.05571215879635939
3333,0.5819742564742113,0.3194467348995894,0.04286684982983987,0.05571215879635939
3334,0.5819742564742113,0.3194467348995894,0.04286684982983987,0.05571215879635939
3335,0.5819742564742113,0.3194467348995894,0.04286684982983987,0.05571215879635939
3336,0.5819742564742113,0.3194467348995894,0.04286684982983987,0.05571215879635939
3337,0.5819742564742113,0.3194467348995894,0.04286684982983987,0.05571215879635939
3338,0.5819742564742113,0.3194467348995894,0.04286684982983987,0.05571215879635939
3339,0.5819742564742113,0.3194467348995894,0.04286684982983987,0.05571215879635939
3340,0.5819742564742113,0.3194467348995894,0.04286684982983987,0.05571215879635939
3341,0.5819742564742113,0.3194467348995894,0.04286684982983987,0.05571215879635939
3342,0.5819742564742113,0.3194467348995894,0.04286684982983987,0.05571215879635939
3343,0.5819742564742113,0.3194467348995894,0.04286684982983987,0.05571215879635939
3344,0.5819742564742113,0.3194467348995894,0.04286684982983987,0.05571215879635939
3345,0.5819742564742113,0.3194467348995894,0.04286684982983987,0.05571215879635939
3346,0.5819742564742113,0.3194467348995894,0.04286684982983987,0.05571215879635939
3347,0.5819742564742113,0.3194467348995894,0.04286684982983987,0.05571215879635939
3348,0.5819742564742113,0.3194467348995894,0.04286684982983987,0.05571215879635939
3349,0.5819742564742113,0.3194467348995894,0.04286684982983987,0.05571215879635939
3350,0.5819742564742113,0.3194467348995894,0.04286684982983987,0.05571215879635939
3351,0.5819742564742113,0.3194467348995894,0.04286684982983987,0.05571215879635939
3352,0.5819742564742113,0.3194467348995894,0.04286684982983987,0.05571215879635939
3353,0.5819742564742113,0.3194467348995894,0.04286684982983987,0.05571215879635939
3354,0.5819742564742113,0.3194467348995894,0.04286684982983987,0.05571215879635939
3355,0.5819742564742113,0.3194467348995894,0.04286684982983987,0.05571215879635939
3356,0.5819742564742113,0.3194467348995894,0.04286684982983987,0.05571215879635939
3357,0.5819742564742113,0.3194467348995894,0.04286684982983987,0.05571215879635939
3358,0.5819742564742113,0.3194467348995894,0.04286684982983987,0.05571215879635939
3359,0.5819742564742113,0.3194467348995894,0.04286684982983987,0.05571215879635939
3360,0.5819742564742113,0.3194467348995894,0.04286684982983987,0.05571215879635939
3361,0.5819742564742113,0.3194467348995894,0.04286684982983987,0.05571215879635939
3362,0.5819742564742113,0.3194467348995894,0.04286684982983987,0.05571215879635939
3363,0.5819742564742113,0.3194467348995894,0.04286684982983987,0.05571215879635939
3364,0.5819742564742113,0.3194467348995894,0.04286684982983987,0.05571215879635939
3365,0.5819742564742113,0.3194467348995894,0.04286684982983987,0.05571215879635939
3366,0.5819742564742113,0.3194467348995894,0.04286684982983987,0.05571215879635939
3367,0.5819742564742113,0.3194467348995894,0.04286684982983987,0.05571215879635939
3368,0.5819742564742113,0.3194467348995894,0.04286684982983987,0.05571215879635939
3369,0.5819742564742113,0.3194467348995894,0.04286684982983987,0.05571215879635939
3370,0.5819742564742113,0.3194467348995894,0.04286684982983987,0.05571215879635939
3371,0.5819742564742113,0.3194467348995894,0.04286684982983987,0.05571215879635939
3372,0.5819742564742113,0.3194467348995894,0.04286684982983987,0.05571215879635939
3373,0.5819742564742113,0.3194467348995894,0.04286684982983987,0.05571215879635939
3374,0.5819742564742113,0.3194467348995894,0.04286684982983987,0.05571215879635939
3375,0.5819742564742113,0.3194467348995894,0.04286684982983987,0.05571215879635939
3376,0.5819742564742113,0.3194467348995894,0.04286684982983987,0.05571215879635939
3377,0.5819742564742113,0.3194467348995894,0.04286684982983987,0.05571215879635939
3378,0.5819742564742113,0.3194467348995894,0.04286684982983987,0.05571215879635939
3379,0.5819742564742113,0.3194467348995894,0.04286684982983987,0.05571215879635939
3380,0.5819742564742113,0.3194467348995894,0.04286684982983987,0.05571215879635939
3381,0.5819742564742113,0.3194467348995894,0.04286684982983987,0.05571215879635939
3382,0.5819742564742113,0.3194467348995894,0.04286684982983987,0.05571215879635939
3383,0.5819742564742113,0.3194467348995894,0.04286684982983987,0.05571215879635939
3384,0.5819742564742113,0.3194467348995894,0.04286684982983987,0.05571215879635939
3385,0.5819742564742113,0.3194467348995894,0.04286684982983987,0.05571215879635939
3386,0.5819742564742113,0.3194467348995894,0.04286684982983987,0.05571215879635939
3387,0.5819742564742113,0.3194467348995894,0.04286684982983987,0.05571215879635939
3388,0.5819742564742113,0.3194467348995894,0.04286684982983987,0.05571215879635939
3389,0.5819742564742113,0.3194467348995894,0.04286684982983987,0.05571215879635939
3390,0.5819742564742113,0.3194467348995894,0.04286684982983987,0.05571215879635939
3391,0.5819742564742113,0.3194467348995894,0.04286684982983987,0.05571215879635939
3392,0.5819742564742113,0.3194467348995894,0.04286684982983987,0.05571215879635939
3393,0.5819742564742113,0.3194467348995894,0.04286684982983987,0.05571215879635939
3394,0.5819742564742113,0.3194467348995894,0.04286684982983987,0.05571215879635939
3395,0.5819742564742113,0.3194467348995894,0.04286684982983987,0.05571215879635939
3396,0.5819742564742113,0.3194467348995894,0.04286684982983987,0.05571215879635939
3397,0.5819742564742113,0.3194467348995894,0.04286684982983987,0.05571215879635939
3398,0.5819742564742113,0.3194467348995894,0.04286684982983987,0.05571215879635939
3399,0.5819742564742113,0.3194467348995894,0.04286684982983987,0.05571215879635939
3400,0.5849999034283409,0.32971299631797774,0.042643550126840735,0.042643550126840735
3401,0.5849999034283409,0.32971299631797774,0.042643550126840735,0.042643550126840735
3402,0.5849999034283409,0.32971299631797774,0.042643550126840735,0.042643550126840735
3403,0.5849999034283409,0.32971299631797774,0.042643550126840735,0.042643550126840735
3404,0.5849999034283409,0.32971299631797774,0.042643550126840735,0.042643550126840735
3405,0.5849999034283409,0.32971299631797774,0.042643550126840735,0.042643550126840735
3406,0.5849999034283409,0.32971299631797774,0.042643550126840735,0.042643550126840735
3407,0.5849999034283409,0.32971299631797774,0.042643550126840735,0.042643550126840735
3408,0.5849999034283409,0.32971299631797774,0.042643550126840735,0.042643550126840735
3409,0.5849999034283409,0.32971299631797774,0.042643550126840735,0.042643550126840735
3410,0.5849999034283409,0.32971299631797774,0.042643550126840735,0.042643550126840735
3411,0.5849999034283409,0.32971299631797774,0.042643550126840735,0.042643550126840735
3412,0.5849999034283409,0.32971299631797774,0.042643550126840735,0.042643550126840735
3413,0.5849999034283409,0.32971299631797774,0.042643550126840735,0.042643550126840735
3414,0.5849999034283409,0.32971299631797774,0.042643550126840735,0.042643550126840735
3415,0.5849999034283409,0.32971299631797774,0.042643550126840735,0.042643550126840735
3416,0.5849999034283409,0.32971299631797774,0.042643550126840735,0.042643550126840735
3417,0.5849999034283409,0.32971299631797774,0.042643550126840735,0.042643550126840735
3418,0.5849999034283409,0.32971299631797774,0.042643550126840735,0.042643550126840735
3419,0.5849999034283409,0.32971299631797774,0.042643550126840735,0.042643550126840735
3420,0.5849999034283409,0.32971299631797774,0.042643550126840735,0.042643550126840735
3421,0.5849999034283409,0.32971299631797774,0.042643550126840735,0.042643550126840735
3422,0.5849999034283409,0.32971299631797774,0.042643550126840735,0.042643550126840735
3423,0.5849999034283409,0.32971299631797774,0.042643550126840735,0.042643550126840735
3424,0.5849999034283409,0.32971299631797774,0.042643550126840735,0.042643550126840735
3425,0.5849999034283409,0.32971299631797774,0.042643550126840735,0.042643550126840735
3426,0.5849999034283409,0.32971299631797774,0.042643550126840735,0.042643550126840735
3427,0.5849999034283409,0.32971299631797774,0.042643550126840735,0.042643550126840735
3428,0.5849999034283409,0.32971299631797774,0.042643550126840735,0.042643550126840735
3429,0.5849999034283409,0.32971299631797774,0.042643550126840735,0.042643550126840735
3430,0.5849999034283409,0.32971299631797774,0.042643550126840735,0.042643550126840735
3431,0.5849999034283409,0.32971299631797774,0.042643550126840735,0.042643550126840735
3432,0.5849999034283409,0.32971299631797774,0.042643550126840735,0.042643550126840735
3433,0.5849999034283409,0.32971299631797774,0.042643550126840735,0.042643550126840735
3434,0.5849999034283409,0.32971299631797774,0.042643550126840735,0.042643550126840735
3435,0.5849999034283409,0.32971299631797774,0.042643550126840735,0.042643550126840735
3436,0.5849999034283409,0.32971299631797774,0.042643550126840735,0.042643550126840735
3437,0.5849999034283409,0.32971299631797774,0.042643550126840735,0.042643550126840735
3438,0.5849999034283409,0.32971299631797774,0.042643550126840735,0.042643550126840735
3439,0.5849999034283409,0.32971299631797774,0.042643550126840735,0.042643550126840735
3440,0.5849999034283409,0.32971299631797774,0.042643550126840735,0.042643550126840735
3441,0.5849999034283409,0.32971299631797774,0.042643550126840735,0.042643550126840735
3442,0.5849999034283409,0.32971299631797774,0.042643550126840735,0.042643550126840735
3443,0.5849999034283409,0.32971299631797774,0.042643550126840735,0.042643550126840735
3444,0.5849999034283409,0.32971299631797774,0.042643550126840735,0.042643550126840735
3445,0.5849999034283409,0.32971299631797774,0.042643550126840735,0.042643550126840735
3446,0.5849999034283409,0.32971299631797774,0.042643550126840735,0.042643550126840735
3447,0.5849999034283409,0.32971299631797774,0.042643550126840735,0.042643550126840735
3448,0.5849999034283409,0.32971299631797774,0.042643550126840735,0.042643550126840735
3449,0.5849999034283409,0.32971299631797774,0.042643550126840735,0.042643550126840735
3450,0.5849999034283409,0.32971299631797774,0.042643550126840735,0.042643550126840735
3451,0.5849999034283409,0.32971299631797774,0.042643550126840735,0.042643550126840735
3452,0.5849999034283409,0.32971299631797774,0.042643550126840735,0.042643550126840735
3453,0.5849999034283409,0.32971299631797774,0.042643550126840735,0.042643550126840735
3454,0.5849999034283409,0.32971299631797774,0.042643550126840735,0.042643550126840735
3455,0.5849999034283409,0.32971299631797774,0.042643550126840735,0.042643550126840735
3456,0.5849999034283409,0.32971299631797774,0.042643550126840735,0.042643550126840735
3457,0.5849999034283409,0.32971299631797774,0.042643550126840735,0.042643550126840735
3458,0.5849999034283409,0.32971299631797774,0.042643550126840735,0.042643550126840735
3459,0.5849999034283409,0.32971299631797774,0.042643550126840735,0.042643550126840735
3460,0.5849999034283409,0.32971299631797774,0.042643550126840735,0.042643550126840735
3461,0.5849999034283409,0.32971299631797774,0.042643550126840735,0.042643550126840735
3462,0.5849999034283409,0.32971299631797774,0.042643550126840735,0.042643550126840735
3463,0.5849999034283409,0.32971299631797774,0.042643550126840735,0.042643550126840735
3464,0.5849999034283409,0.32971299631797774,0.042643550126840735,0.042643550126840735
3465,0.5849999034283409,0.32971299631797774,0.042643550126840735,0.042643550126840735
3466,0.5849999034283409,0.32971299631797774,0.042643550126840735,0.042643550126840735
3467,0.5849999034283409,0.32971299631797774,0.042643550126840735,0.042643550126840735
3468,0.5849999034283409,0.32971299631797774,0.042643550126840735,0.042643550126840735
3469,0.5849999034283409,0.32971299631797774,0.042643550126840735,0.042643550126840735
3470,0.5849999034283409,0.32971299631797774,0.042643550126840735,0.042643550126840735
3471,0.5849999034283409,0.32971299631797774,0.042643550126840735,0.042643550126840735
3472,0.5849999034283409,0.32971299631797774,0.042643550126840735,0.042643550126840735
3473,0.5849999034283409,0.32971299631797774,0.042643550126840735,0.042643550126840735
3474,0.5849999034283409,0.32971299631797774,0.042643550126840735,0.042643550126840735
3475,0.5849999034283409,0.32971299631797774,0.042643550126840735,0.042643550126840735
3476,0.5849999034283409,0.32971299631797774,0.042643550126840735,0.042643550126840735
3477,0.5849999034283409,0.32971299631797774,0.042643550126840735,0.042643550126840735
3478,0.5849999034283409,0.32971299631797774,0.042643550126840735,0.042643550126840735
3479,0.5849999034283409,0.32971299631797774,0.042643550126840735,0.042643550126840735
3480,0.5849999034283409,0.32971299631797774,0.042643550126840735,0.042643550126840735
3481,0.5849999034283409,0.32971299631797774,0.042643550126840735,0.042643550126840735
3482,0.5849999034283409,0.32971299631797774,0.042643550126840735,0.042643550126840735
3483,0.5849999034283409,0.32971299631797774,0.042643550126840735,0.042643550126840735
3484,0.5849999034283409,0.32971299631797774,0.042643550126840735,0.042643550126840735
3485,0.5849999034283409,0.32971299631797774,0.042643550126840735,0.042643550126840735
3486,0.5849999034283409,0.32971299631797774,0.042643550126840735,0.042643550126840735
3487,0.5849999034283409,0.32971299631797774,0.042643550126840735,0.042643550126840735
3488,0.5849999034283409,0.32971299631797774,0.042643550126840735,0.042643550126840735
3489,0.5849999034283409,0.32971299631797774,0.042643550126840735,0.042643550126840735
3490,0.5849999034283409,0.32971299631797774,0.042643550126840735,0.042643550126840735
3491,0.5849999034283409,0.32971299631797774,0.042643550126840735,0.042643550126840735
3492,0.5849999034283409,0.32971299631797774,0.042643550126840735,0.042643550126840735
3493,0.5849999034283409,0.32971299631797774,0.042643550126840735,0.042643550126840735
3494,0.5849999034283409,0.32971299631797774,0.042643550126840735,0.042643550126840735
3495,0.5849999034283409,0.32971299631797774,0.042643550126840735,0.042643550126840735
3496,0.5849999034283409,0.32971299631797774,0.042643550126840735,0.042643550126840735
3497,0.5849999034283409,0.32971299631797774,0.042643550126840735,0.042643550126840735
3498,0.5849999034283409,0.32971299631797774,0.042643550126840735,0.042643550126840735
3499,0.5849999034283409,0.32971299631797774,0.042643550126840735,0.042643550126840735
3500,0.5707806337020942,0.32446233141604747,0.060159902453908086,0.04459713242795038
3501,0.5707806337020942,0.32446233141604747,0.060159902453908086,0.04459713242795038
3502,0.5707806337020942,0.32446233141604747,0.060159902453908086,0.04459713242795038
3503,0.5707806337020942,0.32446233141604747,0.060159902453908086,0.04459713242795038
3504,0.5707806337020942,0.32446233141604747,0.060159902453908086,0.04459713242795038
3505,0.5707806337020942,0.32446233141604747,0.060159902453908086,0.04459713242795038
3506,0.5707806337020942,0.32446233141604747,0.060159902453908086,0.04459713242795038
3507,0.5707806337020942,0.32446233141604747,0.060159902453908086,0.04459713242795038
3508,0.5707806337020942,0.32446233141604747,0.060159902453908086,0.04459713242795038
3509,0.5707806337020942,0.32446233141604747,0.060159902453908086,0.04459713242795038
3510,0.5707806337020942,0.32446233141604747,0.060159902453908086,0.04459713242795038
3511,0.5707806337020942,0.32446233141604747,0.060159902453908086,0.04459713242795038
3512,0.5707806337020942,0.32446233141604747,0.060159902453908086,0.04459713242795038
3513,0.5707806337020942,0.32446233141604747,0.060159902453908086,0.04459713242795038
3514,0.5707806337020942,0.32446233141604747,0.060159902453908086,0.04459713242795038
3515,0.5707806337020942,0.32446233141604747,0.060159902453908086,0.04459713242795038
3516,0.5707806337020942,0.32446233141604747,0.060159902453908086,0.04459713242795038
3517,0.5707806337020942,0.32446233141604747,0.060159902453908086,0.04459713242795038
3518,0.5707806337020942,0.32446233141604747,0.060159902453908086,0.04459713242795038
3519,0.5707806337020942,0.32446233141604747,0.060159902453908086,0.04459713242795038
3520,0.5707806337020942,0.32446233141604747,0.060159902453908086,0.04459713242795038
3521,0.5707806337020942,0.32446233141604747,0.060159902453908086,0.04459713242795038
3522,0.5707806337020942,0.32446233141604747,0.060159902453908086,0.04459713242795038
3523,0.5707806337020942,0.32446233141604747,0.060159902453908086,0.04459713242795038
3524,0.5707806337020942,0.32446233141604747,0.060159902453908086,0.04459713242795038
3525,0.5707806337020942,0.32446233141604747,0.060159902453908086,0.04459713242795038
3526,0.5707806337020942,0.32446233141604747,0.060159902453908086,0.04459713242795038
3527,0.5707806337020942,0.32446233141604747,0.060159902453908086,0.04459713242795038
3528,0.5707806337020942,0.32446233141604747,0.060159902453908086,0.04459713242795038
3529,0.5707806337020942,0.32446233141604747,0.060159902453908086,0.04459713242795038
3530,0.5707806337020942,0.32446233141604747,0.060159902453908086,0.04459713242795038
3531,0.5707806337020942,0.32446233141604747,0.060159902453908086,0.04459713242795038
3532,0.5707806337020942,0.32446233141604747,0.060159902453908086,0.04459713242795038
3533,0.5707806337020942,0.32446233141604747,0.060159902453908086,0.04459713242795038
3534,0.5707806337020942,0.32446233141604747,0.060159902453908086,0.04459713242795038
3535,0.5707806337020942,0.32446233141604747,0.060159902453908086,0.04459713242795038
3536,0.5707806337020942,0.32446233141604747,0.060159902453908086,0.04459713242795038
3537,0.5707806337020942,0.32446233141604747,0.060159902453908086,0.04459713242795038
3538,0.5707806337020942,0.32446233141604747,0.060159902453908086,0.04459713242795038
3539,0.5707806337020942,0.32446233141604747,0.060159902453908086,0.04459713242795038
3540,0.5707806337020942,0.32446233141604747,0.060159902453908086,0.04459713242795038
3541,0.5707806337020942,0.32446233141604747,0.060159902453908086,0.04459713242795038
3542,0.5707806337020942,0.32446233141604747,0.060159902453908086,0.04459713242795038
3543,0.5707806337020942,0.32446233141604747,0.060159902453908086,0.04459713242795038
3544,0.5707806337020942,0.32446233141604747,0.060159902453908086,0.04459713242795038
3545,0.5707806337020942,0.32446233141604747,0.060159902453908086,0.04459713242795038
3546,0.5707806337020942,0.32446233141604747,0.060159902453908086,0.04459713242795038
3547,0.5707806337020942,0.32446233141604747,0.060159902453908086,0.04459713242795038
3548,0.5707806337020942,0.32446233141604747,0.060159902453908086,0.04459713242795038
3549,0.5707806337020942,0.32446233141604747,0.060159902453908086,0.04459713242795038
3550,0.5707806337020942,0.32446233141604747,0.060159902453908086,0.04459713242795038
3551,0.5707806337020942,0.32446233141604747,0.060159902453908086,0.04459713242795038
3552,0.5707806337020942,0.32446233141604747,0.060159902453908086,0.04459713242795038
3553,0.5707806337020942,0.32446233141604747,0.060159902453908086,0.04459713242795038
3554,0.5707806337020942,0.32446233141604747,0.060159902453908086,0.04459713242795038
3555,0.5707806337020942,0.32446233141604747,0.060159902453908086,0.04459713242795038
3556,0.5707806337020942,0.32446233141604747,0.060159902453908086,0.04459713242795038
3557,0.5707806337020942,0.32446233141604747,0.060159902453908086,0.04459713242795038
3558,0.5707806337020942,0.32446233141604747,0.060159902453908086,0.04459713242795038
3559,0.5707806337020942,0.32446233141604747,0.060159902453908086,0.04459713242795038
3560,0.5707806337020942,0.32446233141604747,0.060159902453908086,0.04459713242795038
3561,0.5707806337020942,0.32446233141604747,0.060159902453908086,0.04459713242795038
3562,0.5707806337020942,0.32446233141604747,0.060159902453908086,0.04459713242795038
3563,0.5707806337020942,0.32446233141604747,0.060159902453908086,0.04459713242795038
3564,0.5707806337020942,0.32446233141604747,0.060159902453908086,0.04459713242795038
3565,0.5707806337020942,0.32446233141604747,0.060159902453908086,0.04459713242795038
3566,0.5707806337020942,0.32446233141604747,0.060159902453908086,0.04459713242795038
3567,0.5707806337020942,0.32446233141604747,0.060159902453908086,0.04459713242795038
3568,0.5707806337020942,0.32446233141604747,0.060159902453908086,0.04459713242795038
3569,0.5707806337020942,0.32446233141604747,0.060159902453908086,0.04459713242795038
3570,0.5707806337020942,0.32446233141604747,0.060159902453908086,0.04459713242795038
3571,0.5707806337020942,0.32446233141604747,0.060159902453908086,0.04459713242795038
3572,0.5707806337020942,0.32446233141604747,0.060159902453908086,0.04459713242795038
3573,0.5707806337020942,0.32446233141604747,0.060159902453908086,0.04459713242795038
3574,0.5707806337020942,0.32446233141604747,0.060159902453908086,0.04459713242795038
3575,0.5707806337020942,0.32446233141604747,0.060159902453908086,0.04459713242795038
3576,0.5707806337020942,0.32446233141604747,0.060159902453908086,0.04459713242795038
3577,0.5707806337020942,0.32446233141604747,0.060159902453908086,0.04459713242795038
3578,0.5707806337020942,0.32446233141604747,0.060159902453908086,0.04459713242795038
3579,0.5707806337020942,0.32446233141604747,0.060159902453908086,0.04459713242795038
3580,0.5707806337020942,0.32446233141604747,0.060159902453908086,0.04459713242795038
3581,0.5707806337020942,0.32446233141604747,0.060159902453908086,0.04459713242795038
3582,0.5707806337020942,0.32446233141604747,0.060159902453908086,0.04459713242795038
3583,0.5707806337020942,0.32446233141604747,0.060159902453908086,0.04459713242795038
3584,0.5707806337020942,0.32446233141604747,0.060159902453908086,0.04459713242795038
3585,0.5707806337020942,0.32446233141604747,0.060159902453908086,0.04459713242795038
3586,0.5707806337020942,0.32446233141604747,0.060159902453908086,0.04459713242795038
3587,0.5707806337020942,0.32446233141604747,0.060159902453908086,0.04459713242795038
3588,0.5707806337020942,0.32446233141604747,0.060159902453908086,0.04459713242795038
3589,0.5707806337020942,0.32446233141604747,0.060159902453908086,0.04459713242795038
3590,0.5707806337020942,0.32446233141604747,0.060159902453908086,0.04459713242795038
3591,0.5707806337020942,0.32446233141604747,0.060159902453908086,0.04459713242795038
3592,0.5707806337020942,0.32446233141604747,0.060159902453908086,0.04459713242795038
3593,0.5707806337020942,0.32446233141604747,0.060159902453908086,0.04459713242795038
3594,0.5707806337020942,0.32446233141604747,0.060159902453908086,0.04459713242795038
3595,0.5707806337020942,0.32446233141604747,0.060159902453908086,0.04459713242795038
3596,0.5707806337020942,0.32446233141604747,0.060159902453908086,0.04459713242795038
3597,0.5707806337020942,0.32446233141604747,0.060159902453908086,0.04459713242795038
3598,0.5707806337020942,0.32446233141604747,0.060159902453908086,0.04459713242795038
3599,0.5707806337020942,0.32446233141604747,0.060159902453908086,0.04459713242795038
3600,0.549182084992483,0.27289794268227036,0.13713657084138636,0.04078340148386028
3601,0.549182084992483,0.27289794268227036,0.13713657084138636,0.04078340148386028
3602,0.549182084992483,0.27289794268227036,0.13713657084138636,0.04078340148386028
3603,0.549182084992483,0.27289794268227036,0.13713657084138636,0.04078340148386028
3604,0.549182084992483,0.27289794268227036,0.13713657084138636,0.04078340148386028
3605,0.549182084992483,0.27289794268227036,0.13713657084138636,0.04078340148386028
3606,0.549182084992483,0.27289794268227036,0.13713657084138636,0.04078340148386028
3607,0.549182084992483,0.27289794268227036,0.13713657084138636,0.04078340148386028
3608,0.549182084992483,0.27289794268227036,0.13713657084138636,0.04078340148386028
3609,0.549182084992483,0.27289794268227036,0.13713657084138636,0.04078340148386028
3610,0.549182084992483,0.27289794268227036,0.13713657084138636,0.04078340148386028
3611,0.549182084992483,0.27289794268227036,0.13713657084138636,0.04078340148386028
3612,0.549182084992483,0.27289794268227036,0.13713657084138636,0.04078340148386028
3613,0.549182084992483,0.27289794268227036,0.13713657084138636,0.04078340148386028
3614,0.549182084992483,0.27289794268227036,0.13713657084138636,0.04078340148386028
3615,0.549182084992483,0.27289794268227036,0.13713657084138636,0.04078340148386028
3616,0.549182084992483,0.27289794268227036,0.13713657084138636,0.04078340148386028
3617,0.549182084992483,0.27289794268227036,0.13713657084138636,0.04078340148386028
3618,0.549182084992483,0.27289794268227036,0.13713657084138636,0.04078340148386028
3619,0.549182084992483,0.27289794268227036,0.13713657084138636,0.04078340148386028
3620,0.549182084992483,0.27289794268227036,0.13713657084138636,0.04078340148386028
3621,0.549182084992483,0.27289794268227036,0.13713657084138636,0.04078340148386028
3622,0.549182084992483,0.27289794268227036,0.13713657084138636,0.04078340148386028
3623,0.549182084992483,0.27289794268227036,0.13713657084138636,0.04078340148386028
3624,0.549182084992483,0.27289794268227036,0.13713657084138636,0.04078340148386028
3625,0.549182084992483,0.27289794268227036,0.13713657084138636,0.04078340148386028
3626,0.549182084992483,0.27289794268227036,0.13713657084138636,0.04078340148386028
3627,0.549182084992483,0.27289794268227036,0.13713657084138636,0.04078340148386028
3628,0.549182084992483,0.27289794268227036,0.13713657084138636,0.04078340148386028
3629,0.549182084992483,0.27289794268227036,0.13713657084138636,0.04078340148386028
3630,0.549182084992483,0.27289794268227036,0.13713657084138636,0.04078340148386028
3631,0.549182084992483,0.27289794268227036,0.13713657084138636,0.04078340148386028
3632,0.549182084992483,0.27289794268227036,0.13713657084138636,0.04078340148386028
3633,0.549182084992483,0.27289794268227036,0.13713657084138636,0.04078340148386028
3634,0.549182084992483,0.27289794268227036,0.13713657084138636,0.04078340148386028
3635,0.549182084992483,0.27289794268227036,0.13713657084138636,0.04078340148386028
3636,0.549182084992483,0.27289794268227036,0.13713657084138636,0.04078340148386028
3637,0.549182084992483,0.27289794268227036,0.13713657084138636,0.04078340148386028
3638,0.549182084992483,0.27289794268227036,0.13713657084138636,0.04078340148386028
3639,0.549182084992483,0.27289794268227036,0.13713657084138636,0.04078340148386028
3640,0.549182084992483,0.27289794268227036,0.13713657084138636,0.04078340148386028
3641,0.549182084992483,0.27289794268227036,0.13713657084138636,0.04078340148386028
3642,0.549182084992483,0.27289794268227036,0.13713657084138636,0.04078340148386028
3643,0.549182084992483,0.27289794268227036,0.13713657084138636,0.04078340148386028
3644,0.549182084992483,0.27289794268227036,0.13713657084138636,0.04078340148386028
3645,0.549182084992483,0.27289794268227036,0.13713657084138636,0.04078340148386028
3646,0.549182084992483,0.27289794268227036,0.13713657084138636,0.04078340148386028
3647,0.549182084992483,0.27289794268227036,0.13713657084138636,0.04078340148386028
3648,0.549182084992483,0.27289794268227036,0.13713657084138636,0.04078340148386028
3649,0.549182084992483,0.27289794268227036,0.13713657084138636,0.04078340148386028
3650,0.549182084992483,0.27289794268227036,0.13713657084138636,0.04078340148386028
3651,0.549182084992483,0.27289794268227036,0.13713657084138636,0.04078340148386028
3652,0.549182084992483,0.27289794268227036,0.13713657084138636,0.04078340148386028
3653,0.549182084992483,0.27289794268227036,0.13713657084138636,0.04078340148386028
3654,0.549182084992483,0.27289794268227036,0.13713657084138636,0.04078340148386028
3655,0.549182084992483,0.27289794268227036,0.13713657084138636,0.04078340148386028
3656,0.549182084992483,0.27289794268227036,0.13713657084138636,0.04078340148386028
3657,0.549182084992483,0.27289794268227036,0.13713657084138636,0.04078340148386028
3658,0.549182084992483,0.27289794268227036,0.13713657084138636,0.04078340148386028
3659,0.549182084992483,0.27289794268227036,0.13713657084138636,0.04078340148386028
3660,0.549182084992483,0.27289794268227036,0.13713657084138636,0.04078340148386028
3661,0.549182084992483,0.27289794268227036,0.13713657084138636,0.04078340148386028
3662,0.549182084992483,0.27289794268227036,0.13713657084138636,0.04078340148386028
3663,0.549182084992483,0.27289794268227036,0.13713657084138636,0.04078340148386028
3664,0.549182084992483,0.27289794268227036,0.13713657084138636,0.04078340148386028
3665,0.549182084992483,0.27289794268227036,0.13713657084138636,0.04078340148386028
3666,0.549182084992483,0.27289794268227036,0.13713657084138636,0.04078340148386028
3667,0.549182084992483,0.27289794268227036,0.13713657084138636,0.04078340148386028
3668,0.549182084992483,0.27289794268227036,0.13713657084138636,0.04078340148386028
3669,0.549182084992483,0.27289794268227036,0.13713657084138636,0.04078340148386028
3670,0.549182084992483,0.27289794268227036,0.13713657084138636,0.04078340148386028
3671,0.549182084992483,0.27289794268227036,0.13713657084138636,0.04078340148386028
3672,0.549182084992483,0.27289794268227036,0.13713657084138636,0.04078340148386028
3673,0.549182084992483,0.27289794268227036,0.13713657084138636,0.04078340148386028
3674,0.549182084992483,0.27289794268227036,0.13713657084138636,0.04078340148386028
3675,0.549182084992483,0.27289794268227036,0.13713657084138636,0.04078340148386028
3676,0.549182084992483,0.27289794268227036,0.13713657084138636,0.04078340148386028
3677,0.549182084992483,0.27289794268227036,0.13713657084138636,0.04078340148386028
3678,0.549182084992483,0.27289794268227036,0.13713657084138636,0.04078340148386028
3679,0.549182084992483,0.27289794268227036,0.13713657084138636,0.04078340148386028
3680,0.549182084992483,0.27289794268227036,0.13713657084138636,0.04078340148386028
3681,0.549182084992483,0.27289794268227036,0.13713657084138636,0.04078340148386028
3682,0.549182084992483,0.27289794268227036,0.13713657084138636,0.04078340148386028
3683,0.549182084992483,0.27289794268227036,0.13713657084138636,0.04078340148386028
3684,0.549182084992483,0.27289794268227036,0.13713657084138636,0.04078340148386028
3685,0.549182084992483,0.27289794268227036,0.13713657084138636,0.04078340148386028
3686,0.549182084992483,0.27289794268227036,0.13713657084138636,0.04078340148386028
3687,0.549182084992483,0.27289794268227036,0.13713657084138636,0.04078340148386028
3688,0.549182084992483,0.27289794268227036,0.13713657084138636,0.04078340148386028
3689,0.549182084992483,0.27289794268227036,0.13713657084138636,0.04078340148386028
3690,0.549182084992483,0.27289794268227036,0.13713657084138636,0.04078340148386028
3691,0.549182084992483,0.27289794268227036,0.13713657084138636,0.04078340148386028
3692,0.549182084992483,0.27289794268227036,0.13713657084138636,0.04078340148386028
3693,0.549182084992483,0.27289794268227036,0.13713657084138636,0.04078340148386028
3694,0.549182084992483,0.27289794268227036,0.13713657084138636,0.04078340148386028
3695,0.549182084992483,0.27289794268227036,0.13713657084138636,0.04078340148386028
3696,0.549182084992483,0.27289794268227036,0.13713657084138636,0.04078340148386028
3697,0.549182084992483,0.27289794268227036,0.13713657084138636,0.04078340148386028
3698,0.549182084992483,0.27289794268227036,0.13713657084138636,0.04078340148386028
3699,0.549182084992483,0.27289794268227036,0.13713657084138636,0.04078340148386028
3700,0.5072287987295345,0.31521886407002225,0.14087739605354507,0.036674941146898205
3701,0.5072287987295345,0.31521886407002225,0.14087739605354507,0.036674941146898205
3702,0.5072287987295345,0.31521886407002225,0.14087739605354507,0.036674941146898205
3703,0.5072287987295345,0.31521886407002225,0.14087739605354507,0.036674941146898205
3704,0.5072287987295345,0.31521886407002225,0.14087739605354507,0.036674941146898205
3705,0.5072287987295345,0.31521886407002225,0.14087739605354507,0.036674941146898205
3706,0.5072287987295345,0.31521886407002225,0.14087739605354507,0.036674941146898205
3707,0.5072287987295345,0.31521886407002225,0.14087739605354507,0.036674941146898205
3708,0.5072287987295345,0.31521886407002225,0.14087739605354507,0.036674941146898205
3709,0.5072287987295345,0.31521886407002225,0.14087739605354507,0.036674941146898205
3710,0.5072287987295345,0.31521886407002225,0.14087739605354507,0.036674941146898205
3711,0.5072287987295345,0.31521886407002225,0.14087739605354507,0.036674941146898205
3712,0.5072287987295345,0.31521886407002225,0.14087739605354507,0.036674941146898205
3713,0.5072287987295345,0.31521886407002225,0.14087739605354507,0.036674941146898205
3714,0.5072287987295345,0.31521886407002225,0.14087739605354507,0.036674941146898205
3715,0.5072287987295345,0.31521886407002225,0.14087739605354507,0.036674941146898205
3716,0.5072287987295345,0.31521886407002225,0.14087739605354507,0.036674941146898205
3717,0.5072287987295345,0.31521886407002225,0.14087739605354507,0.036674941146898205
3718,0.5072287987295345,0.31521886407002225,0.14087739605354507,0.036674941146898205
3719,0.5072287987295345,0.31521886407002225,0.14087739605354507,0.036674941146898205
3720,0.5072287987295345,0.31521886407002225,0.14087739605354507,0.036674941146898205
3721,0.5072287987295345,0.31521886407002225,0.14087739605354507,0.036674941146898205
3722,0.5072287987295345,0.31521886407002225,0.14087739605354507,0.036674941146898205
3723,0.5072287987295345,0.31521886407002225,0.14087739605354507,0.036674941146898205
3724,0.5072287987295345,0.31521886407002225,0.14087739605354507,0.036674941146898205
3725,0.5072287987295345,0.31521886407002225,0.14087739605354507,0.036674941146898205
3726,0.5072287987295345,0.31521886407002225,0.14087739605354507,0.036674941146898205
3727,0.5072287987295345,0.31521886407002225,0.14087739605354507,0.036674941146898205
3728,0.5072287987295345,0.31521886407002225,0.14087739605354507,0.036674941146898205
3729,0.5072287987295345,0.31521886407002225,0.14087739605354507,0.036674941146898205
3730,0.5072287987295345,0.31521886407002225,0.14087739605354507,0.036674941146898205
3731,0.5072287987295345,0.31521886407002225,0.14087739605354507,0.036674941146898205
3732,0.5072287987295345,0.31521886407002225,0.14087739605354507,0.036674941146898205
3733,0.5072287987295345,0.31521886407002225,0.14087739605354507,0.036674941146898205
3734,0.5072287987295345,0.31521886407002225,0.14087739605354507,0.036674941146898205
3735,0.5072287987295345,0.31521886407002225,0.14087739605354507,0.036674941146898205
3736,0.5072287987295345,0.31521886407002225,0.14087739605354507,0.036674941146898205
3737,0.5072287987295345,0.31521886407002225,0.14087739605354507,0.036674941146898205
3738,0.5072287987295345,0.31521886407002225,0.14087739605354507,0.036674941146898205
3739,0.5072287987295345,0.31521886407002225,0.14087739605354507,0.036674941146898205
3740,0.5072287987295345,0.31521886407002225,0.14087739605354507,0.036674941146898205
3741,0.5072287987295345,0.31521886407002225,0.14087739605354507,0.036674941146898205
3742,0.5072287987295345,0.31521886407002225,0.14087739605354507,0.036674941146898205
3743,0.5072287987295345,0.31521886407002225,0.14087739605354507,0.036674941146898205
3744,0.5072287987295345,0.31521886407002225,0.14087739605354507,0.036674941146898205
3745,0.5072287987295345,0.31521886407002225,0.14087739605354507,0.036674941146898205
3746,0.5072287987295345,0.31521886407002225,0.14087739605354507,0.036674941146898205
3747,0.5072287987295345,0.31521886407002225,0.14087739605354507,0.036674941146898205
3748,0.5072287987295345,0.31521886407002225,0.14087739605354507,0.036674941146898205
3749,0.5072287987295345,0.31521886407002225,0.14087739605354507,0.036674941146898205
3750,0.5072287987295345,0.31521886407002225,0.14087739605354507,0.036674941146898205
3751,0.5072287987295345,0.31521886407002225,0.14087739605354507,0.036674941146898205
3752,0.5072287987295345,0.31521886407002225,0.14087739605354507,0.036674941146898205
3753,0.5072287987295345,0.31521886407002225,0.14087739605354507,0.036674941146898205
3754,0.5072287987295345,0.31521886407002225,0.14087739605354507,0.036674941146898205
3755,0.5072287987295345,0.31521886407002225,0.14087739605354507,0.036674941146898205
3756,0.5072287987295345,0.31521886407002225,0.14087739605354507,0.036674941146898205
3757,0.5072287987295345,0.31521886407002225,0.14087739605354507,0.036674941146898205
3758,0.5072287987295345,0.31521886407002225,0.14087739605354507,0.036674941146898205
3759,0.5072287987295345,0.31521886407002225,0.14087739605354507,0.036674941146898205
3760,0.5072287987295345,0.31521886407002225,0.14087739605354507,0.036674941146898205
3761,0.5072287987295345,0.31521886407002225,0.14087739605354507,0.036674941146898205
3762,0.5072287987295345,0.31521886407002225,0.14087739605354507,0.036674941146898205
3763,0.5072287987295345,0.31521886407002225,0.14087739605354507,0.036674941146898205
3764,0.5072287987295345,0.31521886407002225,0.14087739605354507,0.036674941146898205
3765,0.5072287987295345,0.31521886407002225,0.14087739605354507,0.036674941146898205
3766,0.5072287987295345,0.31521886407002225,0.14087739605354507,0.036674941146898205
3767,0.5072287987295345,0.31521886407002225,0.14087739605354507,0.036674941146898205
3768,0.5072287987295345,0.31521886407002225,0.14087739605354507,0.036674941146898205
3769,0.5072287987295345,0.31521886407002225,0.14087739605354507,0.036674941146898205
3770,0.5072287987295345,0.31521886407002225,0.14087739605354507,0.036674941146898205
3771,0.5072287987295345,0.31521886407002225,0.14087739605354507,0.036674941146898205
3772,0.5072287987295345,0.31521886407002225,0.14087739605354507,0.036674941146898205
3773,0.5072287987295345,0.31521886407002225,0.14087739605354507,0.036674941146898205
3774,0.5072287987295345,0.31521886407002225,0.14087739605354507,0.036674941146898205
3775,0.5072287987295345,0.31521886407002225,0.14087739605354507,0.036674941146898205
3776,0.5072287987295345,0.31521886407002225,0.14087739605354507,0.036674941146898205
3777,0.5072287987295345,0.31521886407002225,0.14087739605354507,0.036674941146898205
3778,0.5072287987295345,0.31521886407002225,0.14087739605354507,0.036674941146898205
3779,0.5072287987295345,0.31521886407002225,0.14087739605354507,0.036674941146898205
3780,0.5072287987295345,0.31521886407002225,0.14087739605354507,0.036674941146898205
3781,0.5072287987295345,0.31521886407002225,0.14087739605354507,0.036674941146898205
3782,0.5072287987295345,0.31521886407002225,0.14087739605354507,0.036674941146898205
3783,0.5072287987295345,0.31521886407002225,0.14087739605354507,0.036674941146898205
3784,0.5072287987295345,0.31521886407002225,0.14087739605354507,0.036674941146898205
3785,0.5072287987295345,0.31521886407002225,0.14087739605354507,0.036674941146898205
3786,0.5072287987295345,0.31521886407002225,0.14087739605354507,0.036674941146898205
3787,0.5072287987295345,0.31521886407002225,0.14087739605354507,0.036674941146898205
3788,0.5072287987295345,0.31521886407002225,0.14087739605354507,0.036674941146898205
3789,0.5072287987295345,0.31521886407002225,0.14087739605354507,0.036674941146898205
3790,0.5072287987295345,0.31521886407002225,0.14087739605354507,0.036674941146898205
3791,0.5072287987295345,0.31521886407002225,0.14087739605354507,0.036674941146898205
3792,0.5072287987295345,0.31521886407002225,0.14087739605354507,0.036674941146898205
3793,0.5072287987295345,0.31521886407002225,0.14087739605354507,0.036674941146898205
3794,0.5072287987295345,0.31521886407002225,0.14087739605354507,0.036674941146898205
3795,0.5072287987295345,0.31521886407002225,0.14087739605354507,0.036674941146898205
3796,0.5072287987295345,0.31521886407002225,0.14087739605354507,0.036674941146898205
3797,0.5072287987295345,0.31521886407002225,0.14087739605354507,0.036674941146898205
3798,0.5072287987295345,0.31521886407002225,0.14087739605354507,0.036674941146898205
3799,0.5072287987295345,0.31521886407002225,0.14087739605354507,0.036674941146898205
3800,0.5122919136858461,0.31438653762453483,0.13182842774270678,0.041493120946912106
3801,0.5122919136858461,0.31438653762453483,0.13182842774270678,0.041493120946912106
3802,0.5122919136858461,0.31438653762453483,0.13182842774270678,0.041493120946912106
3803,0.5122919136858461,0.31438653762453483,0.13182842774270678,0.041493120946912106
3804,0.5122919136858461,0.31438653762453483,0.13182842774270678,0.041493120946912106
3805,0.5122919136858461,0.31438653762453483,0.13182842774270678,0.041493120946912106
3806,0.5122919136858461,0.31438653762453483,0.13182842774270678,0.041493120946912106
3807,0.5122919136858461,0.31438653762453483,0.13182842774270678,0.041493120946912106
3808,0.5122919136858461,0.31438653762453483,0.13182842774270678,0.041493120946912106
3809,0.5122919136858461,0.31438653762453483,0.13182842774270678,0.041493120946912106
3810,0.5122919136858461,0.31438653762453483,0.13182842774270678,0.041493120946912106
3811,0.5122919136858461,0.31438653762453483,0.13182842774270678,0.041493120946912106
3812,0.5122919136858461,0.31438653762453483,0.13182842774270678,0.041493120946912106
3813,0.5122919136858461,0.31438653762453483,0.13182842774270678,0.041493120946912106
3814,0.5122919136858461,0.31438653762453483,0.13182842774270678,0.041493120946912106
3815,0.5122919136858461,0.31438653762453483,0.13182842774270678,0.041493120946912106
3816,0.5122919136858461,0.31438653762453483,0.13182842774270678,0.041493120946912106
3817,0.5122919136858461,0.31438653762453483,0.13182842774270678,0.041493120946912106
3818,0.5122919136858461,0.31438653762453483,0.13182842774270678,0.041493120946912106
3819,0.5122919136858461,0.31438653762453483,0.13182842774270678,0.041493120946912106
3820,0.5122919136858461,0.31438653762453483,0.13182842774270678,0.041493120946912106
3821,0.5122919136858461,0.31438653762453483,0.13182842774270678,0.041493120946912106
3822,0.5122919136858461,0.31438653762453483,0.13182842774270678,0.041493120946912106
3823,0.5122919136858461,0.31438653762453483,0.13182842774270678,0.041493120946912106
3824,0.5122919136858461,0.31438653762453483,0.13182842774270678,0.041493120946912106
3825,0.5122919136858461,0.31438653762453483,0.13182842774270678,0.041493120946912106
3826,0.5122919136858461,0.31438653762453483,0.13182842774270678,0.041493120946912106
3827,0.5122919136858461,0.31438653762453483,0.13182842774270678,0.041493120946912106
3828,0.5122919136858461,0.31438653762453483,0.13182842774270678,0.041493120946912106
3829,0.5122919136858461,0.31438653762453483,0.13182842774270678,0.041493120946912106
3830,0.5122919136858461,0.31438653762453483,0.13182842774270678,0.041493120946912106
3831,0.5122919136858461,0.31438653762453483,0.13182842774270678,0.041493120946912106
3832,0.5122919136858461,0.31438653762453483,0.13182842774270678,0.041493120946912106
3833,0.5122919136858461,0.31438653762453483,0.13182842774270678,0.041493120946912106
3834,0.5122919136858461,0.31438653762453483,0.13182842774270678,0.041493120946912106
3835,0.5122919136858461,0.31438653762453483,0.13182842774270678,0.041493120946912106
3836,0.5122919136858461,0.31438653762453483,0.13182842774270678,0.041493120946912106
3837,0.5122919136858461,0.31438653762453483,0.13182842774270678,0.041493120946912106
3838,0.5122919136858461,0.31438653762453483,0.13182842774270678,0.041493120946912106
3839,0.5122919136858461,0.31438653762453483,0.13182842774270678,0.041493120946912106
3840,0.5122919136858461,0.31438653762453483,0.13182842774270678,0.041493120946912106
3841,0.5122919136858461,0.31438653762453483,0.13182842774270678,0.041493120946912106
3842,0.5122919136858461,0.31438653762453483,0.13182842774270678,0.041493120946912106
3843,0.5122919136858461,0.31438653762453483,0.13182842774270678,0.041493120946912106
3844,0.5122919136858461,0.31438653762453483,0.13182842774270678,0.041493120946912106
3845,0.5122919136858461,0.31438653762453483,0.13182842774270678,0.041493120946912106
3846,0.5122919136858461,0.31438653762453483,0.13182842774270678,0.041493120946912106
3847,0.5122919136858461,0.31438653762453483,0.13182842774270678,0.041493120946912106
3848,0.5122919136858461,0.31438653762453483,0.13182842774270678,0.041493120946912106
3849,0.5122919136858461,0.31438653762453483,0.13182842774270678,0.041493120946912106
3850,0.5122919136858461,0.31438653762453483,0.13182842774270678,0.041493120946912106
3851,0.5122919136858461,0.31438653762453483,0.13182842774270678,0.041493120946912106
3852,0.5122919136858461,0.31438653762453483,0.13182842774270678,0.041493120946912106
3853,0.5122919136858461,0.31438653762453483,0.13182842774270678,0.041493120946912106
3854,0.5122919136858461,0.31438653762453483,0.13182842774270678,0.041493120946912106
3855,0.5122919136858461,0.31438653762453483,0.13182842774270678,0.041493120946912106
3856,0.5122919136858461,0.31438653762453483,0.13182842774270678,0.041493120946912106
3857,0.5122919136858461,0.31438653762453483,0.13182842774270678,0.041493120946912106
3858,0.5122919136858461,0.31438653762453483,0.13182842774270678,0.041493120946912106
3859,0.5122919136858461,0.31438653762453483,0.13182842774270678,0.041493120946912106
3860,0.5122919136858461,0.31438653762453483,0.13182842774270678,0.041493120946912106
3861,0.5122919136858461,0.31438653762453483,0.13182842774270678,0.041493120946912106
3862,0.5122919136858461,0.31438653762453483,0.13182842774270678,0.041493120946912106
3863,0.5122919136858461,0.31438653762453483,0.13182842774270678,0.041493120946912106
3864,0.5122919136858461,0.31438653762453483,0.13182842774270678,0.041493120946912106
3865,0.5122919136858461,0.31438653762453483,0.13182842774270678,0.041493120946912106
3866,0.5122919136858461,0.31438653762453483,0.13182842774270678,0.041493120946912106
3867,0.5122919136858461,0.31438653762453483,0.13182842774270678,0.041493120946912106
3868,0.5122919136858461,0.31438653762453483,0.13182842774270678,0.041493120946912106
3869,0.5122919136858461,0.31438653762453483,0.13182842774270678,0.041493120946912106
3870,0.5122919136858461,0.31438653762453483,0.13182842774270678,0.041493120946912106
3871,0.5122919136858461,0.31438653762453483,0.13182842774270678,0.041493120946912106
3872,0.5122919136858461,0.31438653762453483,0.13182842774270678,0.041493120946912106
3873,0.5122919136858461,0.31438653762453483,0.13182842774270678,0.041493120946912106
3874,0.5122919136858461,0.31438653762453483,0.13182842774270678,0.041493120946912106
3875,0.5122919136858461,0.31438653762453483,0.13182842774270678,0.041493120946912106
3876,0.5122919136858461,0.31438653762453483,0.13182842774270678,0.041493120946912106
3877,0.5122919136858461,0.31438653762453483,0.13182842774270678,0.041493120946912106
3878,0.5122919136858461,0.31438653762453483,0.13182842774270678,0.041493120946912106
3879,0.5122919136858461,0.31438653762453483,0.13182842774270678,0.041493120946912106
3880,0.5122919136858461,0.31438653762453483,0.13182842774270678,0.041493120946912106
3881,0.5122919136858461,0.31438653762453483,0.13182842774270678,0.041493120946912106
3882,0.5122919136858461,0.31438653762453483,0.13182842774270678,0.041493120946912106
3883,0.5122919136858461,0.31438653762453483,0.13182842774270678,0.041493120946912106
3884,0.5122919136858461,0.31438653762453483,0.13182842774270678,0.041493120946912106
3885,0.5122919136858461,0.31438653762453483,0.13182842774270678,0.041493120946912106
3886,0.5122919136858461,0.31438653762453483,0.13182842774270678,0.041493120946912106
3887,0.5122919136858461,0.31438653762453483,0.13182842774270678,0.041493120946912106
3888,0.5122919136858461,0.31438653762453483,0.13182842774270678,0.041493120946912106
3889,0.5122919136858461,0.31438653762453483,0.13182842774270678,0.041493120946912106
3890,0.5122919136858461,0.31438653762453483,0.13182842774270678,0.041493120946912106
3891,0.5122919136858461,0.31438653762453483,0.13182842774270678,0.041493120946912106
3892,0.5122919136858461,0.31438653762453483,0.13182842774270678,0.041493120946912106
3893,0.5122919136858461,0.31438653762453483,0.13182842774270678,0.041493120946912106
3894,0.5122919136858461,0.31438653762453483,0.13182842774270678,0.041493120946912106
3895,0.5122919136858461,0.31438653762453483,0.13182842774270678,0.041493120946912106
3896,0.5122919136858461,0.31438653762453483,0.13182842774270678,0.041493120946912106
3897,0.5122919136858461,0.31438653762453483,0.13182842774270678,0.041493120946912106
3898,0.5122919136858461,0.31438653762453483,0.13182842774270678,0.041493120946912106
3899,0.5122919136858461,0.31438653762453483,0.13182842774270678,0.041493120946912106
3900,0.4908427187680688,0.3267382456644064,0.1467153877477427,0.03570364781978195
3901,0.4908427187680688,0.3267382456644064,0.1467153877477427,0.03570364781978195
3902,0.4908427187680688,0.3267382456644064,0.1467153877477427,0.03570364781978195
3903,0.4908427187680688,0.3267382456644064,0.1467153877477427,0.03570364781978195
3904,0.4908427187680688,0.3267382456644064,0.1467153877477427,0.03570364781978195
3905,0.4908427187680688,0.3267382456644064,0.1467153877477427,0.03570364781978195
3906,0.4908427187680688,0.3267382456644064,0.1467153877477427,0.03570364781978195
3907,0.4908427187680688,0.3267382456644064,0.1467153877477427,0.03570364781978195
3908,0.4908427187680688,0.3267382456644064,0.1467153877477427,0.03570364781978195
3909,0.4908427187680688,0.3267382456644064,0.1467153877477427,0.03570364781978195
3910,0.4908427187680688,0.3267382456644064,0.1467153877477427,0.03570364781978195
3911,0.4908427187680688,0.3267382456644064,0.1467153877477427,0.03570364781978195
3912,0.4908427187680688,0.3267382456644064,0.1467153877477427,0.03570364781978195
3913,0.4908427187680688,0.3267382456644064,0.1467153877477427,0.03570364781978195
3914,0.4908427187680688,0.3267382456644064,0.1467153877477427,0.03570364781978195
3915,0.4908427187680688,0.3267382456644064,0.1467153877477427,0.03570364781978195
3916,0.4908427187680688,0.3267382456644064,0.1467153877477427,0.03570364781978195
3917,0.4908427187680688,0.3267382456644064,0.1467153877477427,0.03570364781978195
3918,0.4908427187680688,0.3267382456644064,0.1467153877477427,0.03570364781978195
3919,0.4908427187680688,0.3267382456644064,0.1467153877477427,0.03570364781978195
3920,0.4908427187680688,0.3267382456644064,0.1467153877477427,0.03570364781978195
3921,0.4908427187680688,0.3267382456644064,0.1467153877477427,0.03570364781978195
3922,0.4908427187680688,0.3267382456644064,0.1467153877477427,0.03570364781978195
3923,0.4908427187680688,0.3267382456644064,0.1467153877477427,0.03570364781978195
3924,0.4908427187680688,0.3267382456644064,0.1467153877477427,0.03570364781978195
3925,0.4908427187680688,0.3267382456644064,0.1467153877477427,0.03570364781978195
3926,0.4908427187680688,0.3267382456644064,0.1467153877477427,0.03570364781978195
3927,0.4908427187680688,0.3267382456644064,0.1467153877477427,0.03570364781978195
3928,0.4908427187680688,0.3267382456644064,0.1467153877477427,0.03570364781978195
3929,0.4908427187680688,0.3267382456644064,0.1467153877477427,0.03570364781978195
3930,0.4908427187680688,0.3267382456644064,0.1467153877477427,0.03570364781978195
3931,0.4908427187680688,0.3267382456644064,0.1467153877477427,0.03570364781978195
3932,0.4908427187680688,0.3267382456644064,0.1467153877477427,0.03570364781978195
3933,0.4908427187680688,0.3267382456644064,0.1467153877477427,0.03570364781978195
3934,0.4908427187680688,0.3267382456644064,0.1467153877477427,0.03570364781978195
3935,0.4908427187680688,0.3267382456644064,0.1467153877477427,0.03570364781978195
3936,0.4908427187680688,0.3267382456644064,0.1467153877477427,0.03570364781978195
3937,0.4908427187680688,0.3267382456644064,0.1467153877477427,0.03570364781978195
3938,0.4908427187680688,0.3267382456644064,0.1467153877477427,0.03570364781978195
3939,0.4908427187680688,0.3267382456644064,0.1467153877477427,0.03570364781978195
3940,0.4908427187680688,0.3267382456644064,0.1467153877477427,0.03570364781978195
3941,0.4908427187680688,0.3267382456644064,0.1467153877477427,0.03570364781978195
3942,0.4908427187680688,0.3267382456644064,0.1467153877477427,0.03570364781978195
3943,0.4908427187680688,0.3267382456644064,0.1467153877477427,0.03570364781978195
3944,0.4908427187680688,0.3267382456644064,0.1467153877477427,0.03570364781978195
3945,0.4908427187680688,0.3267382456644064,0.1467153877477427,0.03570364781978195
3946,0.4908427187680688,0.3267382456644064,0.1467153877477427,0.03570364781978195
3947,0.4908427187680688,0.3267382456644064,0.1467153877477427,0.03570364781978195
3948,0.4908427187680688,0.3267382456644064,0.1467153877477427,0.03570364781978195
3949,0.4908427187680688,0.3267382456644064,0.1467153877477427,0.03570364781978195
3950,0.4908427187680688,0.3267382456644064,0.1467153877477427,0.03570364781978195
3951,0.4908427187680688,0.3267382456644064,0.1467153877477427,0.03570364781978195
3952,0.4908427187680688,0.3267382456644064,0.1467153877477427,0.03570364781978195
3953,0.4908427187680688,0.3267382456644064,0.1467153877477427,0.03570364781978195
3954,0.4908427187680688,0.3267382456644064,0.1467153877477427,0.03570364781978195
3955,0.4908427187680688,0.3267382456644064,0.1467153877477427,0.03570364781978195
3956,0.4908427187680688,0.3267382456644064,0.1467153877477427,0.03570364781978195
3957,0.4908427187680688,0.3267382456644064,0.1467153877477427,0.03570364781978195
3958,0.4908427187680688,0.3267382456644064,0.1467153877477427,0.03570364781978195
3959,0.4908427187680688,0.3267382456644064,0.1467153877477427,0.03570364781978195
3960,0.4908427187680688,0.3267382456644064,0.1467153877477427,0.03570364781978195
3961,0.4908427187680688,0.3267382456644064,0.1467153877477427,0.03570364781978195
3962,0.4908427187680688,0.3267382456644064,0.1467153877477427,0.03570364781978195
3963,0.4908427187680688,0.3267382456644064,0.1467153877477427,0.03570364781978195
3964,0.4908427187680688,0.3267382456644064,0.1467153877477427,0.03570364781978195
3965,0.4908427187680688,0.3267382456644064,0.1467153877477427,0.03570364781978195
3966,0.4908427187680688,0.3267382456644064,0.1467153877477427,0.03570364781978195
3967,0.4908427187680688,0.3267382456644064,0.1467153877477427,0.03570364781978195
3968,0.4908427187680688,0.3267382456644064,0.1467153877477427,0.03570364781978195
3969,0.4908427187680688,0.3267382456644064,0.1467153877477427,0.03570364781978195
3970,0.4908427187680688,0.3267382456644064,0.1467153877477427,0.03570364781978195
3971,0.4908427187680688,0.3267382456644064,0.1467153877477427,0.03570364781978195
3972,0.4908427187680688,0.3267382456644064,0.1467153877477427,0.03570364781978195
3973,0.4908427187680688,0.3267382456644064,0.1467153877477427,0.03570364781978195
3974,0.4908427187680688,0.3267382456644064,0.1467153877477427,0.03570364781978195
3975,0.4908427187680688,0.3267382456644064,0.1467153877477427,0.03570364781978195
3976,0.4908427187680688,0.3267382456644064,0.1467153877477427,0.03570364781978195
3977,0.4908427187680688,0.3267382456644064,0.1467153877477427,0.03570364781978195
3978,0.4908427187680688,0.3267382456644064,0.1467153877477427,0.03570364781978195
3979,0.4908427187680688,0.3267382456644064,0.1467153877477427,0.03570364781978195
3980,0.4908427187680688,0.3267382456644064,0.1467153877477427,0.03570364781978195
3981,0.4908427187680688,0.3267382456644064,0.1467153877477427,0.03570364781978195
3982,0.4908427187680688,0.3267382456644064,0.1467153877477427,0.03570364781978195
3983,0.4908427187680688,0.3267382456644064,0.1467153877477427,0.03570364781978195
3984,0.4908427187680688,0.3267382456644064,0.1467153877477427,0.03570364781978195
3985,0.4908427187680688,0.3267382456644064,0.1467153877477427,0.03570364781978195
3986,0.4908427187680688,0.3267382456644064,0.1467153877477427,0.03570364781978195
3987,0.4908427187680688,0.3267382456644064,0.1467153877477427,0.03570364781978195
3988,0.4908427187680688,0.3267382456644064,0.1467153877477427,0.03570364781978195
3989,0.4908427187680688,0.3267382456644064,0.1467153877477427,0.03570364781978195
3990,0.4908427187680688,0.3267382456644064,0.1467153877477427,0.03570364781978195
3991,0.4908427187680688,0.3267382456644064,0.1467153877477427,0.03570364781978195
3992,0.4908427187680688,0.3267382456644064,0.1467153877477427,0.03570364781978195
3993,0.4908427187680688,0.3267382456644064,0.1467153877477427,0.03570364781978195
3994,0.4908427187680688,0.3267382456644064,0.1467153877477427,0.03570364781978195
3995,0.4908427187680688,0.3267382456644064,0.1467153877477427,0.03570364781978195
3996,0.4908427187680688,0.3267382456644064,0.1467153877477427,0.03570364781978195
3997,0.4908427187680688,0.3267382456644064,0.1467153877477427,0.03570364781978195
3998,0.4908427187680688,0.3267382456644064,0.1467153877477427,0.03570364781978195
3999,0.4908427187680688,0.3267382456644064,0.1467153877477427,0.03570364781978195
4000,0.5222211230797181,0.31026814044918066,0.13048292535840592,0.037027811112695194
4001,0.5222211230797181,0.31026814044918066,0.13048292535840592,0.037027811112695194
4002,0.5222211230797181,0.31026814044918066,0.13048292535840592,0.037027811112695194
4003,0.5222211230797181,0.31026814044918066,0.13048292535840592,0.037027811112695194
4004,0.5222211230797181,0.31026814044918066,0.13048292535840592,0.037027811112695194
4005,0.5222211230797181,0.31026814044918066,0.13048292535840592,0.037027811112695194
4006,0.5222211230797181,0.31026814044918066,0.13048292535840592,0.037027811112695194
4007,0.5222211230797181,0.31026814044918066,0.13048292535840592,0.037027811112695194
4008,0.5222211230797181,0.31026814044918066,0.13048292535840592,0.037027811112695194
4009,0.5222211230797181,0.31026814044918066,0.13048292535840592,0.037027811112695194
4010,0.5222211230797181,0.31026814044918066,0.13048292535840592,0.037027811112695194
4011,0.5222211230797181,0.31026814044918066,0.13048292535840592,0.037027811112695194
4012,0.5222211230797181,0.31026814044918066,0.13048292535840592,0.037027811112695194
4013,0.5222211230797181,0.31026814044918066,0.13048292535840592,0.037027811112695194
4014,0.5222211230797181,0.31026814044918066,0.13048292535840592,0.037027811112695194
4015,0.5222211230797181,0.31026814044918066,0.13048292535840592,0.037027811112695194
4016,0.5222211230797181,0.31026814044918066,0.13048292535840592,0.037027811112695194
4017,0.5222211230797181,0.31026814044918066,0.13048292535840592,0.037027811112695194
4018,0.5222211230797181,0.31026814044918066,0.13048292535840592,0.037027811112695194
4019,0.5222211230797181,0.31026814044918066,0.13048292535840592,0.037027811112695194
4020,0.5222211230797181,0.31026814044918066,0.13048292535840592,0.037027811112695194
4021,0.5222211230797181,0.31026814044918066,0.13048292535840592,0.037027811112695194
4022,0.5222211230797181,0.31026814044918066,0.13048292535840592,0.037027811112695194
4023,0.5222211230797181,0.31026814044918066,0.13048292535840592,0.037027811112695194
4024,0.5222211230797181,0.31026814044918066,0.13048292535840592,0.037027811112695194
4025,0.5222211230797181,0.31026814044918066,0.13048292535840592,0.037027811112695194
4026,0.5222211230797181,0.31026814044918066,0.13048292535840592,0.037027811112695194
4027,0.5222211230797181,0.31026814044918066,0.13048292535840592,0.037027811112695194
4028,0.5222211230797181,0.31026814044918066,0.13048292535840592,0.037027811112695194
4029,0.5222211230797181,0.31026814044918066,0.13048292535840592,0.037027811112695194
4030,0.5222211230797181,0.31026814044918066,0.13048292535840592,0.037027811112695194
4031,0.5222211230797181,0.31026814044918066,0.13048292535840592,0.037027811112695194
4032,0.5222211230797181,0.31026814044918066,0.13048292535840592,0.037027811112695194
4033,0.5222211230797181,0.31026814044918066,0.13048292535840592,0.037027811112695194
4034,0.5222211230797181,0.31026814044918066,0.13048292535840592,0.037027811112695194
4035,0.5222211230797181,0.31026814044918066,0.13048292535840592,0.037027811112695194
4036,0.5222211230797181,0.31026814044918066,0.13048292535840592,0.037027811112695194
4037,0.5222211230797181,0.31026814044918066,0.13048292535840592,0.037027811112695194
4038,0.5222211230797181,0.31026814044918066,0.13048292535840592,0.037027811112695194
4039,0.5222211230797181,0.31026814044918066,0.13048292535840592,0.037027811112695194
4040,0.5222211230797181,0.31026814044918066,0.13048292535840592,0.037027811112695194
4041,0.5222211230797181,0.31026814044918066,0.13048292535840592,0.037027811112695194
4042,0.5222211230797181,0.31026814044918066,0.13048292535840592,0.037027811112695194
4043,0.5222211230797181,0.31026814044918066,0.13048292535840592,0.037027811112695194
4044,0.5222211230797181,0.31026814044918066,0.13048292535840592,0.037027811112695194
4045,0.5222211230797181,0.31026814044918066,0.13048292535840592,0.037027811112695194
4046,0.5222211230797181,0.31026814044918066,0.13048292535840592,0.037027811112695194
4047,0.5222211230797181,0.31026814044918066,0.13048292535840592,0.037027811112695194
4048,0.5222211230797181,0.31026814044918066,0.13048292535840592,0.037027811112695194
4049,0.5222211230797181,0.31026814044918066,0.13048292535840592,0.037027811112695194
4050,0.5222211230797181,0.31026814044918066,0.13048292535840592,0.037027811112695194
4051,0.5222211230797181,0.31026814044918066,0.13048292535840592,0.037027811112695194
4052,0.5222211230797181,0.31026814044918066,0.13048292535840592,0.037027811112695194
4053,0.5222211230797181,0.31026814044918066,0.13048292535840592,0.037027811112695194
4054,0.5222211230797181,0.31026814044918066,0.13048292535840592,0.037027811112695194
4055,0.5222211230797181,0.31026814044918066,0.13048292535840592,0.037027811112695194
4056,0.5222211230797181,0.31026814044918066,0.13048292535840592,0.037027811112695194
4057,0.5222211230797181,0.31026814044918066,0.13048292535840592,0.037027811112695194
4058,0.5222211230797181,0.31026814044918066,0.13048292535840592,0.037027811112695194
4059,0.5222211230797181,0.31026814044918066,0.13048292535840592,0.037027811112695194
4060,0.5222211230797181,0.31026814044918066,0.13048292535840592,0.037027811112695194
4061,0.5222211230797181,0.31026814044918066,0.13048292535840592,0.037027811112695194
4062,0.5222211230797181,0.31026814044918066,0.13048292535840592,0.037027811112695194
4063,0.5222211230797181,0.31026814044918066,0.13048292535840592,0.037027811112695194
4064,0.5222211230797181,0.31026814044918066,0.13048292535840592,0.037027811112695194
4065,0.5222211230797181,0.31026814044918066,0.13048292535840592,0.037027811112695194
4066,0.5222211230797181,0.31026814044918066,0.13048292535840592,0.037027811112695194
4067,0.5222211230797181,0.31026814044918066,0.13048292535840592,0.037027811112695194
4068,0.5222211230797181,0.31026814044918066,0.13048292535840592,0.037027811112695194
4069,0.5222211230797181,0.31026814044918066,0.13048292535840592,0.037027811112695194
4070,0.5222211230797181,0.31026814044918066,0.13048292535840592,0.037027811112695194
4071,0.5222211230797181,0.31026814044918066,0.13048292535840592,0.037027811112695194
4072,0.5222211230797181,0.31026814044918066,0.13048292535840592,0.037027811112695194
4073,0.5222211230797181,0.31026814044918066,0.13048292535840592,0.037027811112695194
4074,0.5222211230797181,0.31026814044918066,0.13048292535840592,0.037027811112695194
4075,0.5222211230797181,0.31026814044918066,0.13048292535840592,0.037027811112695194
4076,0.5222211230797181,0.31026814044918066,0.13048292535840592,0.037027811112695194
4077,0.5222211230797181,0.31026814044918066,0.13048292535840592,0.037027811112695194
4078,0.5222211230797181,0.31026814044918066,0.13048292535840592,0.037027811112695194
4079,0.5222211230797181,0.31026814044918066,0.13048292535840592,0.037027811112695194
4080,0.5222211230797181,0.31026814044918066,0.13048292535840592,0.037027811112695194
4081,0.5222211230797181,0.31026814044918066,0.13048292535840592,0.037027811112695194
4082,0.5222211230797181,0.31026814044918066,0.13048292535840592,0.037027811112695194
4083,0.5222211230797181,0.31026814044918066,0.13048292535840592,0.037027811112695194
4084,0.5222211230797181,0.31026814044918066,0.13048292535840592,0.037027811112695194
4085,0.5222211230797181,0.31026814044918066,0.13048292535840592,0.037027811112695194
4086,0.5222211230797181,0.31026814044918066,0.13048292535840592,0.037027811112695194
4087,0.5222211230797181,0.31026814044918066,0.13048292535840592,0.037027811112695194
4088,0.5222211230797181,0.31026814044918066,0.13048292535840592,0.037027811112695194
4089,0.5222211230797181,0.31026814044918066,0.13048292535840592,0.037027811112695194
4090,0.5222211230797181,0.31026814044918066,0.13048292535840592,0.037027811112695194
4091,0.5222211230797181,0.31026814044918066,0.13048292535840592,0.037027811112695194
4092,0.5222211230797181,0.31026814044918066,0.13048292535840592,0.037027811112695194
4093,0.5222211230797181,0.31026814044918066,0.13048292535840592,0.037027811112695194
4094,0.5222211230797181,0.31026814044918066,0.13048292535840592,0.037027811112695194
4095,0.5222211230797181,0.31026814044918066,0.13048292535840592,0.037027811112695194
4096,0.5222211230797181,0.31026814044918066,0.13048292535840592,0.037027811112695194
4097,0.5222211230797181,0.31026814044918066,0.13048292535840592,0.037027811112695194
4098,0.5222211230797181,0.31026814044918066,0.13048292535840592,0.037027811112695194
4099,0.5222211230797181,0.31026814044918066,0.13048292535840592,0.037027811112695194
4100,0.5397390498476123,0.32367606032516516,0.0923501182879923,0.04423477153923026
4101,0.5397390498476123,0.32367606032516516,0.0923501182879923,0.04423477153923026
4102,0.5397390498476123,0.32367606032516516,0.0923501182879923,0.04423477153923026
4103,0.5397390498476123,0.32367606032516516,0.0923501182879923,0.04423477153923026
4104,0.5397390498476123,0.32367606032516516,0.0923501182879923,0.04423477153923026
4105,0.5397390498476123,0.32367606032516516,0.0923501182879923,0.04423477153923026
4106,0.5397390498476123,0.32367606032516516,0.0923501182879923,0.04423477153923026
4107,0.5397390498476123,0.32367606032516516,0.0923501182879923,0.04423477153923026
4108,0.5397390498476123,0.32367606032516516,0.0923501182879923,0.04423477153923026
4109,0.5397390498476123,0.32367606032516516,0.0923501182879923,0.04423477153923026
4110,0.5397390498476123,0.32367606032516516,0.0923501182879923,0.04423477153923026
4111,0.5397390498476123,0.32367606032516516,0.0923501182879923,0.04423477153923026
4112,0.5397390498476123,0.32367606032516516,0.0923501182879923,0.04423477153923026
4113,0.5397390498476123,0.32367606032516516,0.0923501182879923,0.04423477153923026
4114,0.5397390498476123,0.32367606032516516,0.0923501182879923,0.04423477153923026
4115,0.5397390498476123,0.32367606032516516,0.0923501182879923,0.04423477153923026
4116,0.5397390498476123,0.32367606032516516,0.0923501182879923,0.04423477153923026
4117,0.5397390498476123,0.32367606032516516,0.0923501182879923,0.04423477153923026
4118,0.5397390498476123,0.32367606032516516,0.0923501182879923,0.04423477153923026
4119,0.5397390498476123,0.32367606032516516,0.0923501182879923,0.04423477153923026
4120,0.5397390498476123,0.32367606032516516,0.0923501182879923,0.04423477153923026
4121,0.5397390498476123,0.32367606032516516,0.0923501182879923,0.04423477153923026
4122,0.5397390498476123,0.32367606032516516,0.0923501182879923,0.04423477153923026
4123,0.5397390498476123,0.32367606032516516,0.0923501182879923,0.04423477153923026
4124,0.5397390498476123,0.32367606032516516,0.0923501182879923,0.04423477153923026
4125,0.5397390498476123,0.32367606032516516,0.0923501182879923,0.04423477153923026
4126,0.5397390498476123,0.32367606032516516,0.0923501182879923,0.04423477153923026
4127,0.5397390498476123,0.32367606032516516,0.0923501182879923,0.04423477153923026
4128,0.5397390498476123,0.32367606032516516,0.0923501182879923,0.04423477153923026
4129,0.5397390498476123,0.32367606032516516,0.0923501182879923,0.04423477153923026
4130,0.5397390498476123,0.32367606032516516,0.0923501182879923,0.04423477153923026
4131,0.5397390498476123,0.32367606032516516,0.0923501182879923,0.04423477153923026
4132,0.5397390498476123,0.32367606032516516,0.0923501182879923,0.04423477153923026
4133,0.5397390498476123,0.32367606032516516,0.0923501182879923,0.04423477153923026
4134,0.5397390498476123,0.32367606032516516,0.0923501182879923,0.04423477153923026
4135,0.5397390498476123,0.32367606032516516,0.0923501182879923,0.04423477153923026
4136,0.5397390498476123,0.32367606032516516,0.0923501182879923,0.04423477153923026
4137,0.5397390498476123,0.32367606032516516,0.0923501182879923,0.04423477153923026
4138,0.5397390498476123,0.32367606032516516,0.0923501182879923,0.04423477153923026
4139,0.5397390498476123,0.32367606032516516,0.0923501182879923,0.04423477153923026
4140,0.5397390498476123,0.32367606032516516,0.0923501182879923,0.04423477153923026
4141,0.5397390498476123,0.32367606032516516,0.0923501182879923,0.04423477153923026
4142,0.5397390498476123,0.32367606032516516,0.0923501182879923,0.04423477153923026
4143,0.5397390498476123,0.32367606032516516,0.0923501182879923,0.04423477153923026
4144,0.5397390498476123,0.32367606032516516,0.0923501182879923,0.04423477153923026
4145,0.5397390498476123,0.32367606032516516,0.0923501182879923,0.04423477153923026
4146,0.5397390498476123,0.32367606032516516,0.0923501182879923,0.04423477153923026
4147,0.5397390498476123,0.32367606032516516,0.0923501182879923,0.04423477153923026
4148,0.5397390498476123,0.32367606032516516,0.0923501182879923,0.04423477153923026
4149,0.5397390498476123,0.32367606032516516,0.0923501182879923,0.04423477153923026
4150,0.5397390498476123,0.32367606032516516,0.0923501182879923,0.04423477153923026
4151,0.5397390498476123,0.32367606032516516,0.0923501182879923,0.04423477153923026
4152,0.5397390498476123,0.32367606032516516,0.0923501182879923,0.04423477153923026
4153,0.5397390498476123,0.32367606032516516,0.0923501182879923,0.04423477153923026
4154,0.5397390498476123,0.32367606032516516,0.0923501182879923,0.04423477153923026
4155,0.5397390498476123,0.32367606032516516,0.0923501182879923,0.04423477153923026
4156,0.5397390498476123,0.32367606032516516,0.0923501182879923,0.04423477153923026
4157,0.5397390498476123,0.32367606032516516,0.0923501182879923,0.04423477153923026
4158,0.5397390498476123,0.32367606032516516,0.0923501182879923,0.04423477153923026
4159,0.5397390498476123,0.32367606032516516,0.0923501182879923,0.04423477153923026
4160,0.5397390498476123,0.32367606032516516,0.0923501182879923,0.04423477153923026
4161,0.5397390498476123,0.32367606032516516,0.0923501182879923,0.04423477153923026
4162,0.5397390498476123,0.32367606032516516,0.0923501182879923,0.04423477153923026
4163,0.5397390498476123,0.32367606032516516,0.0923501182879923,0.04423477153923026
4164,0.5397390498476123,0.32367606032516516,0.0923501182879923,0.04423477153923026
4165,0.5397390498476123,0.32367606032516516,0.0923501182879923,0.04423477153923026
4166,0.5397390498476123,0.32367606032516516,0.0923501182879923,0.04423477153923026
4167,0.5397390498476123,0.32367606032516516,0.0923501182879923,0.04423477153923026
4168,0.5397390498476123,0.32367606032516516,0.0923501182879923,0.04423477153923026
4169,0.5397390498476123,0.32367606032516516,0.0923501182879923,0.04423477153923026
4170,0.5397390498476123,0.32367606032516516,0.0923501182879923,0.04423477153923026
4171,0.5397390498476123,0.32367606032516516,0.0923501182879923,0.04423477153923026
4172,0.5397390498476123,0.32367606032516516,0.0923501182879923,0.04423477153923026
4173,0.5397390498476123,0.32367606032516516,0.0923501182879923,0.04423477153923026
4174,0.5397390498476123,0.32367606032516516,0.0923501182879923,0.04423477153923026
4175,0.5397390498476123,0.32367606032516516,0.0923501182879923,0.04423477153923026
4176,0.5397390498476123,0.32367606032516516,0.0923501182879923,0.04423477153923026
4177,0.5397390498476123,0.32367606032516516,0.0923501182879923,0.04423477153923026
4178,0.5397390498476123,0.32367606032516516,0.0923501182879923,0.04423477153923026
4179,0.5397390498476123,0.32367606032516516,0.0923501182879923,0.04423477153923026
4180,0.5397390498476123,0.32367606032516516,0.0923501182879923,0.04423477153923026
4181,0.5397390498476123,0.32367606032516516,0.0923501182879923,0.04423477153923026
4182,0.5397390498476123,0.32367606032516516,0.0923501182879923,0.04423477153923026
4183,0.5397390498476123,0.32367606032516516,0.0923501182879923,0.04423477153923026
4184,0.5397390498476123,0.32367606032516516,0.0923501182879923,0.04423477153923026
4185,0.5397390498476123,0.32367606032516516,0.0923501182879923,0.04423477153923026
4186,0.5397390498476123,0.32367606032516516,0.0923501182879923,0.04423477153923026
4187,0.5397390498476123,0.32367606032516516,0.0923501182879923,0.04423477153923026
4188,0.5397390498476123,0.32367606032516516,0.0923501182879923,0.04423477153923026
4189,0.5397390498476123,0.32367606032516516,0.0923501182879923,0.04423477153923026
4190,0.5397390498476123,0.32367606032516516,0.0923501182879923,0.04423477153923026
4191,0.5397390498476123,0.32367606032516516,0.0923501182879923,0.04423477153923026
4192,0.5397390498476123,0.32367606032516516,0.0923501182879923,0.04423477153923026
4193,0.5397390498476123,0.32367606032516516,0.0923501182879923,0.04423477153923026
4194,0.5397390498476123,0.32367606032516516,0.0923501182879923,0.04423477153923026
4195,0.5397390498476123,0.32367606032516516,0.0923501182879923,0.04423477153923026
4196,0.5397390498476123,0.32367606032516516,0.0923501182879923,0.04423477153923026
4197,0.5397390498476123,0.32367606032516516,0.0923501182879923,0.04423477153923026
4198,0.5397390498476123,0.32367606032516516,0.0923501182879923,0.04423477153923026
4199,0.5397390498476123,0.32367606032516516,0.0923501182879923,0.04423477153923026
4200,0.58685660691494,0.29873248050115153,0.068232826861072,0.04617808572283651
4201,0.58685660691494,0.29873248050115153,0.068232826861072,0.04617808572283651
4202,0.58685660691494,0.29873248050115153,0.068232826861072,0.04617808572283651
4203,0.58685660691494,0.29873248050115153,0.068232826861072,0.04617808572283651
4204,0.58685660691494,0.29873248050115153,0.068232826861072,0.04617808572283651
4205,0.58685660691494,0.29873248050115153,0.068232826861072,0.04617808572283651
4206,0.58685660691494,0.29873248050115153,0.068232826861072,0.04617808572283651
4207,0.58685660691494,0.29873248050115153,0.068232826861072,0.04617808572283651
4208,0.58685660691494,0.29873248050115153,0.068232826861072,0.04617808572283651
4209,0.58685660691494,0.29873248050115153,0.068232826861072,0.04617808572283651
4210,0.58685660691494,0.29873248050115153,0.068232826861072,0.04617808572283651
4211,0.58685660691494,0.29873248050115153,0.068232826861072,0.04617808572283651
4212,0.58685660691494,0.29873248050115153,0.068232826861072,0.04617808572283651
4213,0.58685660691494,0.29873248050115153,0.068232826861072,0.04617808572283651
4214,0.58685660691494,0.29873248050115153,0.068232826861072,0.04617808572283651
4215,0.58685660691494,0.29873248050115153,0.068232826861072,0.04617808572283651
4216,0.58685660691494,0.29873248050115153,0.068232826861072,0.04617808572283651
4217,0.58685660691494,0.29873248050115153,0.068232826861072,0.04617808572283651
4218,0.58685660691494,0.29873248050115153,0.068232826861072,0.04617808572283651
4219,0.58685660691494,0.29873248050115153,0.068232826861072,0.04617808572283651
4220,0.58685660691494,0.29873248050115153,0.068232826861072,0.04617808572283651
4221,0.58685660691494,0.29873248050115153,0.068232826861072,0.04617808572283651
4222,0.58685660691494,0.29873248050115153,0.068232826861072,0.04617808572283651
4223,0.58685660691494,0.29873248050115153,0.068232826861072,0.04617808572283651
4224,0.58685660691494,0.29873248050115153,0.068232826861072,0.04617808572283651
4225,0.58685660691494,0.29873248050115153,0.068232826861072,0.04617808572283651
4226,0.58685660691494,0.29873248050115153,0.068232826861072,0.04617808572283651
4227,0.58685660691494,0.29873248050115153,0.068232826861072,0.04617808572283651
4228,0.58685660691494,0.29873248050115153,0.068232826861072,0.04617808572283651
4229,0.58685660691494,0.29873248050115153,0.068232826861072,0.04617808572283651
4230,0.58685660691494,0.29873248050115153,0.068232826861072,0.04617808572283651
4231,0.58685660691494,0.29873248050115153,0.068232826861072,0.04617808572283651
4232,0.58685660691494,0.29873248050115153,0.068232826861072,0.04617808572283651
4233,0.58685660691494,0.29873248050115153,0.068232826861072,0.04617808572283651
4234,0.58685660691494,0.29873248050115153,0.068232826861072,0.04617808572283651
4235,0.58685660691494,0.29873248050115153,0.068232826861072,0.04617808572283651
4236,0.58685660691494,0.29873248050115153,0.068232826861072,0.04617808572283651
4237,0.58685660691494,0.29873248050115153,0.068232826861072,0.04617808572283651
4238,0.58685660691494,0.29873248050115153,0.068232826861072,0.04617808572283651
4239,0.58685660691494,0.29873248050115153,0.068232826861072,0.04617808572283651
4240,0.58685660691494,0.29873248050115153,0.068232826861072,0.04617808572283651
4241,0.58685660691494,0.29873248050115153,0.068232826861072,0.04617808572283651
4242,0.58685660691494,0.29873248050115153,0.068232826861072,0.04617808572283651
4243,0.58685660691494,0.29873248050115153,0.068232826861072,0.04617808572283651
4244,0.58685660691494,0.29873248050115153,0.068232826861072,0.04617808572283651
4245,0.58685660691494,0.29873248050115153,0.068232826861072,0.04617808572283651
4246,0.58685660691494,0.29873248050115153,0.068232826861072,0.04617808572283651
4247,0.58685660691494,0.29873248050115153,0.068232826861072,0.04617808572283651
4248,0.58685660691494,0.29873248050115153,0.068232826861072,0.04617808572283651
4249,0.58685660691494,0.29873248050115153,0.068232826861072,0.04617808572283651
4250,0.58685660691494,0.29873248050115153,0.068232826861072,0.04617808572283651
4251,0.58685660691494,0.29873248050115153,0.068232826861072,0.04617808572283651
4252,0.58685660691494,0.29873248050115153,0.068232826861072,0.04617808572283651
4253,0.58685660691494,0.29873248050115153,0.068232826861072,0.04617808572283651
4254,0.58685660691494,0.29873248050115153,0.068232826861072,0.04617808572283651
4255,0.58685660691494,0.29873248050115153,0.068232826861072,0.04617808572283651
4256,0.58685660691494,0.29873248050115153,0.068232826861072,0.04617808572283651
4257,0.58685660691494,0.29873248050115153,0.068232826861072,0.04617808572283651
4258,0.58685660691494,0.29873248050115153,0.068232826861072,0.04617808572283651
4259,0.58685660691494,0.29873248050115153,0.068232826861072,0.04617808572283651
4260,0.58685660691494,0.29873248050115153,0.068232826861072,0.04617808572283651
4261,0.58685660691494,0.29873248050115153,0.068232826861072,0.04617808572283651
4262,0.58685660691494,0.29873248050115153,0.068232826861072,0.04617808572283651
4263,0.58685660691494,0.29873248050115153,0.068232826861072,0.04617808572283651
4264,0.58685660691494,0.29873248050115153,0.068232826861072,0.04617808572283651
4265,0.58685660691494,0.29873248050115153,0.068232826861072,0.04617808572283651
4266,0.58685660691494,0.29873248050115153,0.068232826861072,0.04617808572283651
4267,0.58685660691494,0.29873248050115153,0.068232826861072,0.04617808572283651
4268,0.58685660691494,0.29873248050115153,0.068232826861072,0.04617808572283651
4269,0.58685660691494,0.29873248050115153,0.068232826861072,0.04617808572283651
4270,0.58685660691494,0.29873248050115153,0.068232826861072,0.04617808572283651
4271,0.58685660691494,0.29873248050115153,0.068232826861072,0.04617808572283651
4272,0.58685660691494,0.29873248050115153,0.068232826861072,0.04617808572283651
4273,0.58685660691494,0.29873248050115153,0.068232826861072,0.04617808572283651
4274,0.58685660691494,0.29873248050115153,0.068232826861072,0.04617808572283651
4275,0.58685660691494,0.29873248050115153,0.068232826861072,0.04617808572283651
4276,0.58685660691494,0.29873248050115153,0.068232826861072,0.04617808572283651
4277,0.58685660691494,0.29873248050115153,0.068232826861072,0.04617808572283651
4278,0.58685660691494,0.29873248050115153,0.068232826861072,0.04617808572283651
4279,0.58685660691494,0.29873248050115153,0.068232826861072,0.04617808572283651
4280,0.58685660691494,0.29873248050115153,0.068232826861072,0.04617808572283651
4281,0.58685660691494,0.29873248050115153,0.068232826861072,0.04617808572283651
4282,0.58685660691494,0.29873248050115153,0.068232826861072,0.04617808572283651
4283,0.58685660691494,0.29873248050115153,0.068232826861072,0.04617808572283651
4284,0.58685660691494,0.29873248050115153,0.068232826861072,0.04617808572283651
4285,0.58685660691494,0.29873248050115153,0.068232826861072,0.04617808572283651
4286,0.58685660691494,0.29873248050115153,0.068232826861072,0.04617808572283651
4287,0.58685660691494,0.29873248050115153,0.068232826861072,0.04617808572283651
4288,0.58685660691494,0.29873248050115153,0.068232826861072,0.04617808572283651
4289,0.58685660691494,0.29873248050115153,0.068232826861072,0.04617808572283651
4290,0.58685660691494,0.29873248050115153,0.068232826861072,0.04617808572283651
4291,0.58685660691494,0.29873248050115153,0.068232826861072,0.04617808572283651
4292,0.58685660691494,0.29873248050115153,0.068232826861072,0.04617808572283651
4293,0.58685660691494,0.29873248050115153,0.068232826861072,0.04617808572283651
4294,0.58685660691494,0.29873248050115153,0.068232826861072,0.04617808572283651
4295,0.58685660691494,0.29873248050115153,0.068232826861072,0.04617808572283651
4296,0.58685660691494,0.29873248050115153,0.068232826861072,0.04617808572283651
4297,0.58685660691494,0.29873248050115153,0.068232826861072,0.04617808572283651
4298,0.58685660691494,0.29873248050115153,0.068232826861072,0.04617808572283651
4299,0.58685660691494,0.29873248050115153,0.068232826861072,0.04617808572283651
4300,0.5609779884929549,0.35561007045994497,0.04353483871086891,0.03987710233623111
4301,0.5609779884929549,0.35561007045994497,0.04353483871086891,0.03987710233623111
4302,0.5609779884929549,0.35561007045994497,0.04353483871086891,0.03987710233623111
4303,0.5609779884929549,0.35561007045994497,0.04353483871086891,0.03987710233623111
4304,0.5609779884929549,0.35561007045994497,0.04353483871086891,0.03987710233623111
4305,0.5609779884929549,0.35561007045994497,0.04353483871086891,0.03987710233623111
4306,0.5609779884929549,0.35561007045994497,0.04353483871086891,0.03987710233623111
4307,0.5609779884929549,0.35561007045994497,0.04353483871086891,0.03987710233623111
4308,0.5609779884929549,0.35561007045994497,0.04353483871086891,0.03987710233623111
4309,0.5609779884929549,0.35561007045994497,0.04353483871086891,0.03987710233623111
4310,0.5609779884929549,0.35561007045994497,0.04353483871086891,0.03987710233623111
4311,0.5609779884929549,0.35561007045994497,0.04353483871086891,0.03987710233623111
4312,0.5609779884929549,0.35561007045994497,0.04353483871086891,0.03987710233623111
4313,0.5609779884929549,0.35561007045994497,0.04353483871086891,0.03987710233623111
4314,0.5609779884929549,0.35561007045994497,0.04353483871086891,0.03987710233623111
4315,0.5609779884929549,0.35561007045994497,0.04353483871086891,0.03987710233623111
4316,0.5609779884929549,0.35561007045994497,0.04353483871086891,0.03987710233623111
4317,0.5609779884929549,0.35561007045994497,0.04353483871086891,0.03987710233623111
4318,0.5609779884929549,0.35561007045994497,0.04353483871086891,0.03987710233623111
4319,0.5609779884929549,0.35561007045994497,0.04353483871086891,0.03987710233623111
4320,0.5609779884929549,0.35561007045994497,0.04353483871086891,0.03987710233623111
4321,0.5609779884929549,0.35561007045994497,0.04353483871086891,0.03987710233623111
4322,0.5609779884929549,0.35561007045994497,0.04353483871086891,0.03987710233623111
4323,0.5609779884929549,0.35561007045994497,0.04353483871086891,0.03987710233623111
4324,0.5609779884929549,0.35561007045994497,0.04353483871086891,0.03987710233623111
4325,0.5609779884929549,0.35561007045994497,0.04353483871086891,0.03987710233623111
4326,0.5609779884929549,0.35561007045994497,0.04353483871086891,0.03987710233623111
4327,0.5609779884929549,0.35561007045994497,0.04353483871086891,0.03987710233623111
4328,0.5609779884929549,0.35561007045994497,0.04353483871086891,0.03987710233623111
4329,0.5609779884929549,0.35561007045994497,0.04353483871086891,0.03987710233623111
4330,0.5609779884929549,0.35561007045994497,0.04353483871086891,0.03987710233623111
4331,0.5609779884929549,0.35561007045994497,0.04353483871086891,0.03987710233623111
4332,0.5609779884929549,0.35561007045994497,0.04353483871086891,0.03987710233623111
4333,0.5609779884929549,0.35561007045994497,0.04353483871086891,0.03987710233623111
4334,0.5609779884929549,0.35561007045994497,0.04353483871086891,0.03987710233623111
4335,0.5609779884929549,0.35561007045994497,0.04353483871086891,0.03987710233623111
4336,0.5609779884929549,0.35561007045994497,0.04353483871086891,0.03987710233623111
4337,0.5609779884929549,0.35561007045994497,0.04353483871086891,0.03987710233623111
4338,0.5609779884929549,0.35561007045994497,0.04353483871086891,0.03987710233623111
4339,0.5609779884929549,0.35561007045994497,0.04353483871086891,0.03987710233623111
4340,0.5609779884929549,0.35561007045994497,0.04353483871086891,0.03987710233623111
4341,0.5609779884929549,0.35561007045994497,0.04353483871086891,0.03987710233623111
4342,0.5609779884929549,0.35561007045994497,0.04353483871086891,0.03987710233623111
4343,0.5609779884929549,0.35561007045994497,0.04353483871086891,0.03987710233623111
4344,0.5609779884929549,0.35561007045994497,0.04353483871086891,0.03987710233623111
4345,0.5609779884929549,0.35561007045994497,0.04353483871086891,0.03987710233623111
4346,0.5609779884929549,0.35561007045994497,0.04353483871086891,0.03987710233623111
4347,0.5609779884929549,0.35561007045994497,0.04353483871086891,0.03987710233623111
4348,0.5609779884929549,0.35561007045994497,0.04353483871086891,0.03987710233623111
4349,0.5609779884929549,0.35561007045994497,0.04353483871086891,0.03987710233623111
4350,0.5609779884929549,0.35561007045994497,0.04353483871086891,0.03987710233623111
4351,0.5609779884929549,0.35561007045994497,0.04353483871086891,0.03987710233623111
4352,0.5609779884929549,0.35561007045994497,0.04353483871086891,0.03987710233623111
4353,0.5609779884929549,0.35561007045994497,0.04353483871086891,0.03987710233623111
4354,0.5609779884929549,0.35561007045994497,0.04353483871086891,0.03987710233623111
4355,0.5609779884929549,0.35561007045994497,0.04353483871086891,0.03987710233623111
4356,0.5609779884929549,0.35561007045994497,0.04353483871086891,0.03987710233623111
4357,0.5609779884929549,0.35561007045994497,0.04353483871086891,0.03987710233623111
4358,0.5609779884929549,0.35561007045994497,0.04353483871086891,0.03987710233623111
4359,0.5609779884929549,0.35561007045994497,0.04353483871086891,0.03987710233623111
4360,0.5609779884929549,0.35561007045994497,0.04353483871086891,0.03987710233623111
4361,0.5609779884929549,0.35561007045994497,0.04353483871086891,0.03987710233623111
4362,0.5609779884929549,0.35561007045994497,0.04353483871086891,0.03987710233623111
4363,0.5609779884929549,0.35561007045994497,0.04353483871086891,0.03987710233623111
4364,0.5609779884929549,0.35561007045994497,0.04353483871086891,0.03987710233623111
4365,0.5609779884929549,0.35561007045994497,0.04353483871086891,0.03987710233623111
4366,0.5609779884929549,0.35561007045994497,0.04353483871086891,0.03987710233623111
4367,0.5609779884929549,0.35561007045994497,0.04353483871086891,0.03987710233623111
4368,0.5609779884929549,0.35561007045994497,0.04353483871086891,0.03987710233623111
4369,0.5609779884929549,0.35561007045994497,0.04353483871086891,0.03987710233623111
4370,0.5609779884929549,0.35561007045994497,0.04353483871086891,0.03987710233623111
4371,0.5609779884929549,0.35561007045994497,0.04353483871086891,0.03987710233623111
4372,0.5609779884929549,0.35561007045994497,0.04353483871086891,0.03987710233623111
4373,0.5609779884929549,0.35561007045994497,0.04353483871086891,0.03987710233623111
4374,0.5609779884929549,0.35561007045994497,0.04353483871086891,0.03987710233623111
4375,0.5609779884929549,0.35561007045994497,0.04353483871086891,0.03987710233623111
4376,0.5609779884929549,0.35561007045994497,0.04353483871086891,0.03987710233623111
4377,0.5609779884929549,0.35561007045994497,0.04353483871086891,0.03987710233623111
4378,0.5609779884929549,0.35561007045994497,0.04353483871086891,0.03987710233623111
4379,0.5609779884929549,0.35561007045994497,0.04353483871086891,0.03987710233623111
4380,0.5609779884929549,0.35561007045994497,0.04353483871086891,0.03987710233623111
4381,0.5609779884929549,0.35561007045994497,0.04353483871086891,0.03987710233623111
4382,0.5609779884929549,0.35561007045994497,0.04353483871086891,0.03987710233623111
4383,0.5609779884929549,0.35561007045994497,0.04353483871086891,0.03987710233623111
4384,0.5609779884929549,0.35561007045994497,0.04353483871086891,0.03987710233623111
4385,0.5609779884929549,0.35561007045994497,0.04353483871086891,0.03987710233623111
4386,0.5609779884929549,0.35561007045994497,0.04353483871086891,0.03987710233623111
4387,0.5609779884929549,0.35561007045994497,0.04353483871086891,0.03987710233623111
4388,0.5609779884929549,0.35561007045994497,0.04353483871086891,0.03987710233623111
4389,0.5609779884929549,0.35561007045994497,0.04353483871086891,0.03987710233623111
4390,0.5609779884929549,0.35561007045994497,0.04353483871086891,0.03987710233623111
4391,0.5609779884929549,0.35561007045994497,0.04353483871086891,0.03987710233623111
4392,0.5609779884929549,0.35561007045994497,0.04353483871086891,0.03987710233623111
4393,0.5609779884929549,0.35561007045994497,0.04353483871086891,0.03987710233623111
4394,0.5609779884929549,0.35561007045994497,0.04353483871086891,0.03987710233623111
4395,0.5609779884929549,0.35561007045994497,0.04353483871086891,0.03987710233623111
4396,0.5609779884929549,0.35561007045994497,0.04353483871086891,0.03987710233623111
4397,0.5609779884929549,0.35561007045994497,0.04353483871086891,0.03987710233623111
4398,0.5609779884929549,0.35561007045994497,0.04353483871086891,0.03987710233623111
4399,0.5609779884929549,0.35561007045994497,0.04353483871086891,0.03987710233623111
4400,0.5499958909261778,0.3480557357836132,0.058808844587699347,0.04313952870250946
4401,0.5499958909261778,0.3480557357836132,0.058808844587699347,0.04313952870250946
4402,0.5499958909261778,0.3480557357836132,0.058808844587699347,0.04313952870250946
4403,0.5499958909261778,0.3480557357836132,0.058808844587699347,0.04313952870250946
4404,0.5499958909261778,0.3480557357836132,0.058808844587699347,0.04313952870250946
4405,0.5499958909261778,0.3480557357836132,0.058808844587699347,0.04313952870250946
4406,0.5499958909261778,0.3480557357836132,0.058808844587699347,0.04313952870250946
4407,0.5499958909261778,0.3480557357836132,0.058808844587699347,0.04313952870250946
4408,0.5499958909261778,0.3480557357836132,0.058808844587699347,0.04313952870250946
4409,0.5499958909261778,0.3480557357836132,0.058808844587699347,0.04313952870250946
4410,0.5499958909261778,0.3480557357836132,0.058808844587699347,0.04313952870250946
4411,0.5499958909261778,0.3480557357836132,0.058808844587699347,0.04313952870250946
4412,0.5499958909261778,0.3480557357836132,0.058808844587699347,0.04313952870250946
4413,0.5499958909261778,0.3480557357836132,0.058808844587699347,0.04313952870250946
4414,0.5499958909261778,0.3480557357836132,0.058808844587699347,0.04313952870250946
4415,0.5499958909261778,0.3480557357836132,0.058808844587699347,0.04313952870250946
4416,0.5499958909261778,0.3480557357836132,0.058808844587699347,0.04313952870250946
4417,0.5499958909261778,0.3480557357836132,0.058808844587699347,0.04313952870250946
4418,0.5499958909261778,0.3480557357836132,0.058808844587699347,0.04313952870250946
4419,0.5499958909261778,0.3480557357836132,0.058808844587699347,0.04313952870250946
4420,0.5499958909261778,0.3480557357836132,0.058808844587699347,0.04313952870250946
4421,0.5499958909261778,0.3480557357836132,0.058808844587699347,0.04313952870250946
4422,0.5499958909261778,0.3480557357836132,0.058808844587699347,0.04313952870250946
4423,0.5499958909261778,0.3480557357836132,0.058808844587699347,0.04313952870250946
4424,0.5499958909261778,0.3480557357836132,0.058808844587699347,0.04313952870250946
4425,0.5499958909261778,0.3480557357836132,0.058808844587699347,0.04313952870250946
4426,0.5499958909261778,0.3480557357836132,0.058808844587699347,0.04313952870250946
4427,0.5499958909261778,0.3480557357836132,0.058808844587699347,0.04313952870250946
4428,0.5499958909261778,0.3480557357836132,0.058808844587699347,0.04313952870250946
4429,0.5499958909261778,0.3480557357836132,0.058808844587699347,0.04313952870250946
4430,0.5499958909261778,0.3480557357836132,0.058808844587699347,0.04313952870250946
4431,0.5499958909261778,0.3480557357836132,0.058808844587699347,0.04313952870250946
4432,0.5499958909261778,0.3480557357836132,0.058808844587699347,0.04313952870250946
4433,0.5499958909261778,0.3480557357836132,0.058808844587699347,0.04313952870250946
4434,0.5499958909261778,0.3480557357836132,0.058808844587699347,0.04313952870250946
4435,0.5499958909261778,0.3480557357836132,0.058808844587699347,0.04313952870250946
4436,0.5499958909261778,0.3480557357836132,0.058808844587699347,0.04313952870250946
4437,0.5499958909261778,0.3480557357836132,0.058808844587699347,0.04313952870250946
4438,0.5499958909261778,0.3480557357836132,0.058808844587699347,0.04313952870250946
4439,0.5499958909261778,0.3480557357836132,0.058808844587699347,0.04313952870250946
4440,0.5499958909261778,0.3480557357836132,0.058808844587699347,0.04313952870250946
4441,0.5499958909261778,0.3480557357836132,0.058808844587699347,0.04313952870250946
4442,0.5499958909261778,0.3480557357836132,0.058808844587699347,0.04313952870250946
4443,0.5499958909261778,0.3480557357836132,0.058808844587699347,0.04313952870250946
4444,0.5499958909261778,0.3480557357836132,0.058808844587699347,0.04313952870250946
4445,0.5499958909261778,0.3480557357836132,0.058808844587699347,0.04313952870250946
4446,0.5499958909261778,0.3480557357836132,0.058808844587699347,0.04313952870250946
4447,0.5499958909261778,0.3480557357836132,0.058808844587699347,0.04313952870250946
4448,0.5499958909261778,0.3480557357836132,0.058808844587699347,0.04313952870250946
4449,0.5499958909261778,0.3480557357836132,0.058808844587699347,0.04313952870250946
4450,0.5499958909261778,0.3480557357836132,0.058808844587699347,0.04313952870250946
4451,0.5499958909261778,0.3480557357836132,0.058808844587699347,0.04313952870250946
4452,0.5499958909261778,0.3480557357836132,0.058808844587699347,0.04313952870250946
4453,0.5499958909261778,0.3480557357836132,0.058808844587699347,0.04313952870250946
4454,0.5499958909261778,0.3480557357836132,0.058808844587699347,0.04313952870250946
4455,0.5499958909261778,0.3480557357836132,0.058808844587699347,0.04313952870250946
4456,0.5499958909261778,0.3480557357836132,0.058808844587699347,0.04313952870250946
4457,0.5499958909261778,0.3480557357836132,0.058808844587699347,0.04313952870250946
4458,0.5499958909261778,0.3480557357836132,0.058808844587699347,0.04313952870250946
4459,0.5499958909261778,0.3480557357836132,0.058808844587699347,0.04313952870250946
4460,0.5499958909261778,0.3480557357836132,0.058808844587699347,0.04313952870250946
4461,0.5499958909261778,0.3480557357836132,0.058808844587699347,0.04313952870250946
4462,0.5499958909261778,0.3480557357836132,0.058808844587699347,0.04313952870250946
4463,0.5499958909261778,0.3480557357836132,0.058808844587699347,0.04313952870250946
4464,0.5499958909261778,0.3480557357836132,0.058808844587699347,0.04313952870250946
4465,0.5499958909261778,0.3480557357836132,0.058808844587699347,0.04313952870250946
4466,0.5499958909261778,0.3480557357836132,0.058808844587699347,0.04313952870250946
4467,0.5499958909261778,0.3480557357836132,0.058808844587699347,0.04313952870250946
4468,0.5499958909261778,0.3480557357836132,0.058808844587699347,0.04313952870250946
4469,0.5499958909261778,0.3480557357836132,0.058808844587699347,0.04313952870250946
4470,0.5499958909261778,0.3480557357836132,0.058808844587699347,0.04313952870250946
4471,0.5499958909261778,0.3480557357836132,0.058808844587699347,0.04313952870250946
4472,0.5499958909261778,0.3480557357836132,0.058808844587699347,0.04313952870250946
4473,0.5499958909261778,0.3480557357836132,0.058808844587699347,0.04313952870250946
4474,0.5499958909261778,0.3480557357836132,0.058808844587699347,0.04313952870250946
4475,0.5499958909261778,0.3480557357836132,0.058808844587699347,0.04313952870250946
4476,0.5499958909261778,0.3480557357836132,0.058808844587699347,0.04313952870250946
4477,0.5499958909261778,0.3480557357836132,0.058808844587699347,0.04313952870250946
4478,0.5499958909261778,0.3480557357836132,0.058808844587699347,0.04313952870250946
4479,0.5499958909261778,0.3480557357836132,0.058808844587699347,0.04313952870250946
4480,0.5499958909261778,0.3480557357836132,0.058808844587699347,0.04313952870250946
4481,0.5499958909261778,0.3480557357836132,0.058808844587699347,0.04313952870250946
4482,0.5499958909261778,0.3480557357836132,0.058808844587699347,0.04313952870250946
4483,0.5499958909261778,0.3480557357836132,0.058808844587699347,0.04313952870250946
4484,0.5499958909261778,0.3480557357836132,0.058808844587699347,0.04313952870250946
4485,0.5499958909261778,0.3480557357836132,0.058808844587699347,0.04313952870250946
4486,0.5499958909261778,0.3480557357836132,0.058808844587699347,0.04313952870250946
4487,0.5499958909261778,0.3480557357836132,0.058808844587699347,0.04313952870250946
4488,0.5499958909261778,0.3480557357836132,0.058808844587699347,0.04313952870250946
4489,0.5499958909261778,0.3480557357836132,0.058808844587699347,0.04313952870250946
4490,0.5499958909261778,0.3480557357836132,0.058808844587699347,0.04313952870250946
4491,0.5499958909261778,0.3480557357836132,0.058808844587699347,0.04313952870250946
4492,0.5499958909261778,0.3480557357836132,0.058808844587699347,0.04313952870250946
4493,0.5499958909261778,0.3480557357836132,0.058808844587699347,0.04313952870250946
4494,0.5499958909261778,0.3480557357836132,0.058808844587699347,0.04313952870250946
4495,0.5499958909261778,0.3480557357836132,0.058808844587699347,0.04313952870250946
4496,0.5499958909261778,0.3480557357836132,0.058808844587699347,0.04313952870250946
4497,0.5499958909261778,0.3480557357836132,0.058808844587699347,0.04313952870250946
4498,0.5499958909261778,0.3480557357836132,0.058808844587699347,0.04313952870250946
4499,0.5499958909261778,0.3480557357836132,0.058808844587699347,0.04313952870250946
4500,0.5393819014434621,0.3736755488315523,0.04347127486249281,0.04347127486249281
4501,0.5393819014434621,0.3736755488315523,0.04347127486249281,0.04347127486249281
4502,0.5393819014434621,0.3736755488315523,0.04347127486249281,0.04347127486249281
4503,0.5393819014434621,0.3736755488315523,0.04347127486249281,0.04347127486249281
4504,0.5393819014434621,0.3736755488315523,0.04347127486249281,0.04347127486249281
4505,0.5393819014434621,0.3736755488315523,0.04347127486249281,0.04347127486249281
4506,0.5393819014434621,0.3736755488315523,0.04347127486249281,0.04347127486249281
4507,0.5393819014434621,0.3736755488315523,0.04347127486249281,0.04347127486249281
4508,0.5393819014434621,0.3736755488315523,0.04347127486249281,0.04347127486249281
4509,0.5393819014434621,0.3736755488315523,0.04347127486249281,0.04347127486249281
4510,0.5393819014434621,0.3736755488315523,0.04347127486249281,0.04347127486249281
4511,0.5393819014434621,0.3736755488315523,0.04347127486249281,0.04347127486249281
4512,0.5393819014434621,0.3736755488315523,0.04347127486249281,0.04347127486249281
4513,0.5393819014434621,0.3736755488315523,0.04347127486249281,0.04347127486249281
4514,0.5393819014434621,0.3736755488315523,0.04347127486249281,0.04347127486249281
4515,0.5393819014434621,0.3736755488315523,0.04347127486249281,0.04347127486249281
4516,0.5393819014434621,0.3736755488315523,0.04347127486249281,0.04347127486249281
4517,0.5393819014434621,0.3736755488315523,0.04347127486249281,0.04347127486249281
4518,0.5393819014434621,0.3736755488315523,0.04347127486249281,0.04347127486249281
4519,0.5393819014434621,0.3736755488315523,0.04347127486249281,0.04347127486249281
4520,0.5393819014434621,0.3736755488315523,0.04347127486249281,0.04347127486249281
4521,0.5393819014434621,0.3736755488315523,0.04347127486249281,0.04347127486249281
4522,0.5393819014434621,0.3736755488315523,0.04347127486249281,0.04347127486249281
4523,0.5393819014434621,0.3736755488315523,0.04347127486249281,0.04347127486249281
4524,0.5393819014434621,0.3736755488315523,0.04347127486249281,0.04347127486249281
4525,0.5393819014434621,0.3736755488315523,0.04347127486249281,0.04347127486249281
4526,0.5393819014434621,0.3736755488315523,0.04347127486249281,0.04347127486249281
4527,0.5393819014434621,0.3736755488315523,0.04347127486249281,0.04347127486249281
4528,0.5393819014434621,0.3736755488315523,0.04347127486249281,0.04347127486249281
4529,0.5393819014434621,0.3736755488315523,0.04347127486249281,0.04347127486249281
4530,0.5393819014434621,0.3736755488315523,0.04347127486249281,0.04347127486249281
4531,0.5393819014434621,0.3736755488315523,0.04347127486249281,0.04347127486249281
4532,0.5393819014434621,0.3736755488315523,0.04347127486249281,0.04347127486249281
4533,0.5393819014434621,0.3736755488315523,0.04347127486249281,0.04347127486249281
4534,0.5393819014434621,0.3736755488315523,0.04347127486249281,0.04347127486249281
4535,0.5393819014434621,0.3736755488315523,0.04347127486249281,0.04347127486249281
4536,0.5393819014434621,0.3736755488315523,0.04347127486249281,0.04347127486249281
4537,0.5393819014434621,0.3736755488315523,0.04347127486249281,0.04347127486249281
4538,0.5393819014434621,0.3736755488315523,0.04347127486249281,0.04347127486249281
4539,0.5393819014434621,0.3736755488315523,0.04347127486249281,0.04347127486249281
4540,0.5393819014434621,0.3736755488315523,0.04347127486249281,0.04347127486249281
4541,0.5393819014434621,0.3736755488315523,0.04347127486249281,0.04347127486249281
4542,0.5393819014434621,0.3736755488315523,0.04347127486249281,0.04347127486249281
4543,0.5393819014434621,0.3736755488315523,0.04347127486249281,0.04347127486249281
4544,0.5393819014434621,0.3736755488315523,0.04347127486249281,0.04347127486249281
4545,0.5393819014434621,0.3736755488315523,0.04347127486249281,0.04347127486249281
4546,0.5393819014434621,0.3736755488315523,0.04347127486249281,0.04347127486249281
4547,0.5393819014434621,0.3736755488315523,0.04347127486249281,0.04347127486249281
4548,0.5393819014434621,0.3736755488315523,0.04347127486249281,0.04347127486249281
4549,0.5393819014434621,0.3736755488315523,0.04347127486249281,0.04347127486249281
4550,0.5393819014434621,0.3736755488315523,0.04347127486249281,0.04347127486249281
4551,0.5393819014434621,0.3736755488315523,0.04347127486249281,0.04347127486249281
4552,0.5393819014434621,0.3736755488315523,0.04347127486249281,0.04347127486249281
4553,0.5393819014434621,0.3736755488315523,0.04347127486249281,0.04347127486249281
4554,0.5393819014434621,0.3736755488315523,0.04347127486249281,0.04347127486249281
4555,0.5393819014434621,0.3736755488315523,0.04347127486249281,0.04347127486249281
4556,0.5393819014434621,0.3736755488315523,0.04347127486249281,0.04347127486249281
4557,0.5393819014434621,0.3736755488315523,0.04347127486249281,0.04347127486249281
4558,0.5393819014434621,0.3736755488315523,0.04347127486249281,0.04347127486249281
4559,0.5393819014434621,0.3736755488315523,0.04347127486249281,0.04347127486249281
4560,0.5393819014434621,0.3736755488315523,0.04347127486249281,0.04347127486249281
4561,0.5393819014434621,0.3736755488315523,0.04347127486249281,0.04347127486249281
4562,0.5393819014434621,0.3736755488315523,0.04347127486249281,0.04347127486249281
4563,0.5393819014434621,0.3736755488315523,0.04347127486249281,0.04347127486249281
4564,0.5393819014434621,0.3736755488315523,0.04347127486249281,0.04347127486249281
4565,0.5393819014434621,0.3736755488315523,0.04347127486249281,0.04347127486249281
4566,0.5393819014434621,0.3736755488315523,0.04347127486249281,0.04347127486249281
4567,0.5393819014434621,0.3736755488315523,0.04347127486249281,0.04347127486249281
4568,0.5393819014434621,0.3736755488315523,0.04347127486249281,0.04347127486249281
4569,0.5393819014434621,0.3736755488315523,0.04347127486249281,0.04347127486249281
4570,0.5393819014434621,0.3736755488315523,0.04347127486249281,0.04347127486249281
4571,0.5393819014434621,0.3736755488315523,0.04347127486249281,0.04347127486249281
4572,0.5393819014434621,0.3736755488315523,0.04347127486249281,0.04347127486249281
4573,0.5393819014434621,0.3736755488315523,0.04347127486249281,0.04347127486249281
4574,0.5393819014434621,0.3736755488315523,0.04347127486249281,0.04347127486249281
4575,0.5393819014434621,0.3736755488315523,0.04347127486249281,0.04347127486249281
4576,0.5393819014434621,0.3736755488315523,0.04347127486249281,0.04347127486249281
4577,0.5393819014434621,0.3736755488315523,0.04347127486249281,0.04347127486249281
4578,0.5393819014434621,0.3736755488315523,0.04347127486249281,0.04347127486249281
4579,0.5393819014434621,0.3736755488315523,0.04347127486249281,0.04347127486249281
4580,0.5393819014434621,0.3736755488315523,0.04347127486249281,0.04347127486249281
4581,0.5393819014434621,0.3736755488315523,0.04347127486249281,0.04347127486249281
4582,0.5393819014434621,0.3736755488315523,0.04347127486249281,0.04347127486249281
4583,0.5393819014434621,0.3736755488315523,0.04347127486249281,0.04347127486249281
4584,0.5393819014434621,0.3736755488315523,0.04347127486249281,0.04347127486249281
4585,0.5393819014434621,0.3736755488315523,0.04347127486249281,0.04347127486249281
4586,0.5393819014434621,0.3736755488315523,0.04347127486249281,0.04347127486249281
4587,0.5393819014434621,0.3736755488315523,0.04347127486249281,0.04347127486249281
4588,0.5393819014434621,0.3736755488315523,0.04347127486249281,0.04347127486249281
4589,0.5393819014434621,0.3736755488315523,0.04347127486249281,0.04347127486249281
4590,0.5393819014434621,0.3736755488315523,0.04347127486249281,0.04347127486249281
4591,0.5393819014434621,0.3736755488315523,0.04347127486249281,0.04347127486249281
4592,0.5393819014434621,0.3736755488315523,0.04347127486249281,0.04347127486249281
4593,0.5393819014434621,0.3736755488315523,0.04347127486249281,0.04347127486249281
4594,0.5393819014434621,0.3736755488315523,0.04347127486249281,0.04347127486249281
4595,0.5393819014434621,0.3736755488315523,0.04347127486249281,0.04347127486249281
4596,0.5393819014434621,0.3736755488315523,0.04347127486249281,0.04347127486249281
4597,0.5393819014434621,0.3736755488315523,0.04347127486249281,0.04347127486249281
4598,0.5393819014434621,0.3736755488315523,0.04347127486249281,0.04347127486249281
4599,0.5393819014434621,0.3736755488315523,0.04347127486249281,0.04347127486249281
4600,0.4853641196272134,0.3118194052916131,0.16720677680574403,0.03560969827542948
4601,0.4853641196272134,0.3118194052916131,0.16720677680574403,0.03560969827542948
4602,0.4853641196272134,0.3118194052916131,0.16720677680574403,0.03560969827542948
4603,0.4853641196272134,0.3118194052916131,0.16720677680574403,0.03560969827542948
4604,0.4853641196272134,0.3118194052916131,0.16720677680574403,0.03560969827542948
4605,0.4853641196272134,0.3118194052916131,0.16720677680574403,0.03560969827542948
4606,0.4853641196272134,0.3118194052916131,0.16720677680574403,0.03560969827542948
4607,0.4853641196272134,0.3118194052916131,0.16720677680574403,0.03560969827542948
4608,0.4853641196272134,0.3118194052916131,0.16720677680574403,0.03560969827542948
4609,0.4853641196272134,0.3118194052916131,0.16720677680574403,0.03560969827542948
4610,0.4853641196272134,0.3118194052916131,0.16720677680574403,0.03560969827542948
4611,0.4853641196272134,0.3118194052916131,0.16720677680574403,0.03560969827542948
4612,0.4853641196272134,0.3118194052916131,0.16720677680574403,0.03560969827542948
4613,0.4853641196272134,0.3118194052916131,0.16720677680574403,0.03560969827542948
4614,0.4853641196272134,0.3118194052916131,0.16720677680574403,0.03560969827542948
4615,0.4853641196272134,0.3118194052916131,0.16720677680574403,0.03560969827542948
4616,0.4853641196272134,0.3118194052916131,0.16720677680574403,0.03560969827542948
4617,0.4853641196272134,0.3118194052916131,0.16720677680574403,0.03560969827542948
4618,0.4853641196272134,0.3118194052916131,0.16720677680574403,0.03560969827542948
4619,0.4853641196272134,0.3118194052916131,0.16720677680574403,0.03560969827542948
4620,0.4853641196272134,0.3118194052916131,0.16720677680574403,0.03560969827542948
4621,0.4853641196272134,0.3118194052916131,0.16720677680574403,0.03560969827542948
4622,0.4853641196272134,0.3118194052916131,0.16720677680574403,0.03560969827542948
4623,0.4853641196272134,0.3118194052916131,0.16720677680574403,0.03560969827542948
4624,0.4853641196272134,0.3118194052916131,0.16720677680574403,0.03560969827542948
4625,0.4853641196272134,0.3118194052916131,0.16720677680574403,0.03560969827542948
4626,0.4853641196272134,0.3118194052916131,0.16720677680574403,0.03560969827542948
4627,0.4853641196272134,0.3118194052916131,0.16720677680574403,0.03560969827542948
4628,0.4853641196272134,0.3118194052916131,0.16720677680574403,0.03560969827542948
4629,0.4853641196272134,0.3118194052916131,0.16720677680574403,0.03560969827542948
4630,0.4853641196272134,0.3118194052916131,0.16720677680574403,0.03560969827542948
4631,0.4853641196272134,0.3118194052916131,0.16720677680574403,0.03560969827542948
4632,0.4853641196272134,0.3118194052916131,0.16720677680574403,0.03560969827542948
4633,0.4853641196272134,0.3118194052916131,0.16720677680574403,0.03560969827542948
4634,0.4853641196272134,0.3118194052916131,0.16720677680574403,0.03560969827542948
4635,0.4853641196272134,0.3118194052916131,0.16720677680574403,0.03560969827542948
4636,0.4853641196272134,0.3118194052916131,0.16720677680574403,0.03560969827542948
4637,0.4853641196272134,0.3118194052916131,0.16720677680574403,0.03560969827542948
4638,0.4853641196272134,0.3118194052916131,0.16720677680574403,0.03560969827542948
4639,0.4853641196272134,0.3118194052916131,0.16720677680574403,0.03560969827542948
4640,0.4853641196272134,0.3118194052916131,0.16720677680574403,0.03560969827542948
4641,0.4853641196272134,0.3118194052916131,0.16720677680574403,0.03560969827542948
4642,0.4853641196272134,0.3118194052916131,0.16720677680574403,0.03560969827542948
4643,0.4853641196272134,0.3118194052916131,0.16720677680574403,0.03560969827542948
4644,0.4853641196272134,0.3118194052916131,0.16720677680574403,0.03560969827542948
4645,0.4853641196272134,0.3118194052916131,0.16720677680574403,0.03560969827542948
4646,0.4853641196272134,0.3118194052916131,0.16720677680574403,0.03560969827542948
4647,0.4853641196272134,0.3118194052916131,0.16720677680574403,0.03560969827542948
4648,0.4853641196272134,0.3118194052916131,0.16720677680574403,0.03560969827542948
4649,0.4853641196272134,0.3118194052916131,0.16720677680574403,0.03560969827542948
4650,0.4853641196272134,0.3118194052916131,0.16720677680574403,0.03560969827542948
4651,0.4853641196272134,0.3118194052916131,0.16720677680574403,0.03560969827542948
4652,0.4853641196272134,0.3118194052916131,0.16720677680574403,0.03560969827542948
4653,0.4853641196272134,0.3118194052916131,0.16720677680574403,0.03560969827542948
4654,0.4853641196272134,0.3118194052916131,0.16720677680574403,0.03560969827542948
4655,0.4853641196272134,0.3118194052916131,0.16720677680574403,0.03560969827542948
4656,0.4853641196272134,0.3118194052916131,0.16720677680574403,0.03560969827542948
4657,0.4853641196272134,0.3118194052916131,0.16720677680574403,0.03560969827542948
4658,0.4853641196272134,0.3118194052916131,0.16720677680574403,0.03560969827542948
4659,0.4853641196272134,0.3118194052916131,0.16720677680574403,0.03560969827542948
4660,0.4853641196272134,0.3118194052916131,0.16720677680574403,0.03560969827542948
4661,0.4853641196272134,0.3118194052916131,0.16720677680574403,0.03560969827542948
4662,0.4853641196272134,0.3118194052916131,0.16720677680574403,0.03560969827542948
4663,0.4853641196272134,0.3118194052916131,0.16720677680574403,0.03560969827542948
4664,0.4853641196272134,0.3118194052916131,0.16720677680574403,0.03560969827542948
4665,0.4853641196272134,0.3118194052916131,0.16720677680574403,0.03560969827542948
4666,0.4853641196272134,0.3118194052916131,0.16720677680574403,0.03560969827542948
4667,0.4853641196272134,0.3118194052916131,0.16720677680574403,0.03560969827542948
4668,0.4853641196272134,0.3118194052916131,0.16720677680574403,0.03560969827542948
4669,0.4853641196272134,0.3118194052916131,0.16720677680574403,0.03560969827542948
4670,0.4853641196272134,0.3118194052916131,0.16720677680574403,0.03560969827542948
4671,0.4853641196272134,0.3118194052916131,0.16720677680574403,0.03560969827542948
4672,0.4853641196272134,0.3118194052916131,0.16720677680574403,0.03560969827542948
4673,0.4853641196272134,0.3118194052916131,0.16720677680574403,0.03560969827542948
4674,0.4853641196272134,0.3118194052916131,0.16720677680574403,0.03560969827542948
4675,0.4853641196272134,0.3118194052916131,0.16720677680574403,0.03560969827542948
4676,0.4853641196272134,0.3118194052916131,0.16720677680574403,0.03560969827542948
4677,0.4853641196272134,0.3118194052916131,0.16720677680574403,0.03560969827542948
4678,0.4853641196272134,0.3118194052916131,0.16720677680574403,0.03560969827542948
4679,0.4853641196272134,0.3118194052916131,0.16720677680574403,0.03560969827542948
4680,0.4853641196272134,0.3118194052916131,0.16720677680574403,0.03560969827542948
4681,0.4853641196272134,0.3118194052916131,0.16720677680574403,0.03560969827542948
4682,0.4853641196272134,0.3118194052916131,0.16720677680574403,0.03560969827542948
4683,0.4853641196272134,0.3118194052916131,0.16720677680574403,0.03560969827542948
4684,0.4853641196272134,0.3118194052916131,0.16720677680574403,0.03560969827542948
4685,0.4853641196272134,0.3118194052916131,0.16720677680574403,0.03560969827542948
4686,0.4853641196272134,0.3118194052916131,0.16720677680574403,0.03560969827542948
4687,0.4853641196272134,0.3118194052916131,0.16720677680574403,0.03560969827542948
4688,0.4853641196272134,0.3118194052916131,0.16720677680574403,0.03560969827542948
4689,0.4853641196272134,0.3118194052916131,0.16720677680574403,0.03560969827542948
4690,0.4853641196272134,0.3118194052916131,0.16720677680574403,0.03560969827542948
4691,0.4853641196272134,0.3118194052916131,0.16720677680574403,0.03560969827542948
4692,0.4853641196272134,0.3118194052916131,0.16720677680574403,0.03560969827542948
4693,0.4853641196272134,0.3118194052916131,0.16720677680574403,0.03560969827542948
4694,0.4853641196272134,0.3118194052916131,0.16720677680574403,0.03560969827542948
4695,0.4853641196272134,0.3118194052916131,0.16720677680574403,0.03560969827542948
4696,0.4853641196272134,0.3118194052916131,0.16720677680574403,0.03560969827542948
4697,0.4853641196272134,0.3118194052916131,0.16720677680574403,0.03560969827542948
4698,0.4853641196272134,0.3118194052916131,0.16720677680574403,0.03560969827542948
4699,0.4853641196272134,0.3118194052916131,0.16720677680574403,0.03560969827542948
4700,0.5065628745691287,0.28274833714215714,0.16927228360972954,0.041416504678984424
4701,0.5065628745691287,0.28274833714215714,0.16927228360972954,0.041416504678984424
4702,0.5065628745691287,0.28274833714215714,0.16927228360972954,0.041416504678984424
4703,0.5065628745691287,0.28274833714215714,0.16927228360972954,0.041416504678984424
4704,0.5065628745691287,0.28274833714215714,0.16927228360972954,0.041416504678984424
4705,0.5065628745691287,0.28274833714215714,0.16927228360972954,0.041416504678984424
4706,0.5065628745691287,0.28274833714215714,0.16927228360972954,0.041416504678984424
4707,0.5065628745691287,0.28274833714215714,0.16927228360972954,0.041416504678984424
4708,0.5065628745691287,0.28274833714215714,0.16927228360972954,0.041416504678984424
4709,0.5065628745691287,0.28274833714215714,0.16927228360972954,0.041416504678984424
4710,0.5065628745691287,0.28274833714215714,0.16927228360972954,0.041416504678984424
4711,0.5065628745691287,0.28274833714215714,0.16927228360972954,0.041416504678984424
4712,0.5065628745691287,0.28274833714215714,0.16927228360972954,0.041416504678984424
4713,0.5065628745691287,0.28274833714215714,0.16927228360972954,0.041416504678984424
4714,0.5065628745691287,0.28274833714215714,0.16927228360972954,0.041416504678984424
4715,0.5065628745691287,0.28274833714215714,0.16927228360972954,0.041416504678984424
4716,0.5065628745691287,0.28274833714215714,0.16927228360972954,0.041416504678984424
4717,0.5065628745691287,0.28274833714215714,0.16927228360972954,0.041416504678984424
4718,0.5065628745691287,0.28274833714215714,0.16927228360972954,0.041416504678984424
4719,0.5065628745691287,0.28274833714215714,0.16927228360972954,0.041416504678984424
4720,0.5065628745691287,0.28274833714215714,0.16927228360972954,0.041416504678984424
4721,0.5065628745691287,0.28274833714215714,0.16927228360972954,0.041416504678984424
4722,0.5065628745691287,0.28274833714215714,0.16927228360972954,0.041416504678984424
4723,0.5065628745691287,0.28274833714215714,0.16927228360972954,0.041416504678984424
4724,0.5065628745691287,0.28274833714215714,0.16927228360972954,0.041416504678984424
4725,0.5065628745691287,0.28274833714215714,0.16927228360972954,0.041416504678984424
4726,0.5065628745691287,0.28274833714215714,0.16927228360972954,0.041416504678984424
4727,0.5065628745691287,0.28274833714215714,0.16927228360972954,0.041416504678984424
4728,0.5065628745691287,0.28274833714215714,0.16927228360972954,0.041416504678984424
4729,0.5065628745691287,0.28274833714215714,0.16927228360972954,0.041416504678984424
4730,0.5065628745691287,0.28274833714215714,0.16927228360972954,0.041416504678984424
4731,0.5065628745691287,0.28274833714215714,0.16927228360972954,0.041416504678984424
4732,0.5065628745691287,0.28274833714215714,0.16927228360972954,0.041416504678984424
4733,0.5065628745691287,0.28274833714215714,0.16927228360972954,0.041416504678984424
4734,0.5065628745691287,0.28274833714215714,0.16927228360972954,0.041416504678984424
4735,0.5065628745691287,0.28274833714215714,0.16927228360972954,0.041416504678984424
4736,0.5065628745691287,0.28274833714215714,0.16927228360972954,0.041416504678984424
4737,0.5065628745691287,0.28274833714215714,0.16927228360972954,0.041416504678984424
4738,0.5065628745691287,0.28274833714215714,0.16927228360972954,0.041416504678984424
4739,0.5065628745691287,0.28274833714215714,0.16927228360972954,0.041416504678984424
4740,0.5065628745691287,0.28274833714215714,0.16927228360972954,0.041416504678984424
4741,0.5065628745691287,0.28274833714215714,0.16927228360972954,0.041416504678984424
4742,0.5065628745691287,0.28274833714215714,0.16927228360972954,0.041416504678984424
4743,0.5065628745691287,0.28274833714215714,0.16927228360972954,0.041416504678984424
4744,0.5065628745691287,0.28274833714215714,0.16927228360972954,0.041416504678984424
4745,0.5065628745691287,0.28274833714215714,0.16927228360972954,0.041416504678984424
4746,0.5065628745691287,0.28274833714215714,0.16927228360972954,0.041416504678984424
4747,0.5065628745691287,0.28274833714215714,0.16927228360972954,0.041416504678984424
4748,0.5065628745691287,0.28274833714215714,0.16927228360972954,0.041416504678984424
4749,0.5065628745691287,0.28274833714215714,0.16927228360972954,0.041416504678984424
4750,0.5065628745691287,0.28274833714215714,0.16927228360972954,0.041416504678984424
4751,0.5065628745691287,0.28274833714215714,0.16927228360972954,0.041416504678984424
4752,0.5065628745691287,0.28274833714215714,0.16927228360972954,0.041416504678984424
4753,0.5065628745691287,0.28274833714215714,0.16927228360972954,0.041416504678984424
4754,0.5065628745691287,0.28274833714215714,0.16927228360972954,0.041416504678984424
4755,0.5065628745691287,0.28274833714215714,0.16927228360972954,0.041416504678984424
4756,0.5065628745691287,0.28274833714215714,0.16927228360972954,0.041416504678984424
4757,0.5065628745691287,0.28274833714215714,0.16927228360972954,0.041416504678984424
4758,0.5065628745691287,0.28274833714215714,0.16927228360972954,0.041416504678984424
4759,0.5065628745691287,0.28274833714215714,0.16927228360972954,0.041416504678984424
4760,0.5065628745691287,0.28274833714215714,0.16927228360972954,0.041416504678984424
4761,0.5065628745691287,0.28274833714215714,0.16927228360972954,0.041416504678984424
4762,0.5065628745691287,0.28274833714215714,0.16927228360972954,0.041416504678984424
4763,0.5065628745691287,0.28274833714215714,0.16927228360972954,0.041416504678984424
4764,0.5065628745691287,0.28274833714215714,0.16927228360972954,0.041416504678984424
4765,0.5065628745691287,0.28274833714215714,0.16927228360972954,0.041416504678984424
4766,0.5065628745691287,0.28274833714215714,0.16927228360972954,0.041416504678984424
4767,0.5065628745691287,0.28274833714215714,0.16927228360972954,0.041416504678984424
4768,0.5065628745691287,0.28274833714215714,0.16927228360972954,0.041416504678984424
4769,0.5065628745691287,0.28274833714215714,0.16927228360972954,0.041416504678984424
4770,0.5065628745691287,0.28274833714215714,0.16927228360972954,0.041416504678984424
4771,0.5065628745691287,0.28274833714215714,0.16927228360972954,0.041416504678984424
4772,0.5065628745691287,0.28274833714215714,0.16927228360972954,0.041416504678984424
4773,0.5065628745691287,0.28274833714215714,0.16927228360972954,0.041416504678984424
4774,0.5065628745691287,0.28274833714215714,0.16927228360972954,0.041416504678984424
4775,0.5065628745691287,0.28274833714215714,0.16927228360972954,0.041416504678984424
4776,0.5065628745691287,0.28274833714215714,0.16927228360972954,0.041416504678984424
4777,0.5065628745691287,0.28274833714215714,0.16927228360972954,0.041416504678984424
4778,0.5065628745691287,0.28274833714215714,0.16927228360972954,0.041416504678984424
4779,0.5065628745691287,0.28274833714215714,0.16927228360972954,0.041416504678984424
4780,0.5065628745691287,0.28274833714215714,0.16927228360972954,0.041416504678984424
4781,0.5065628745691287,0.28274833714215714,0.16927228360972954,0.041416504678984424
4782,0.5065628745691287,0.28274833714215714,0.16927228360972954,0.041416504678984424
4783,0.5065628745691287,0.28274833714215714,0.16927228360972954,0.041416504678984424
4784,0.5065628745691287,0.28274833714215714,0.16927228360972954,0.041416504678984424
4785,0.5065628745691287,0.28274833714215714,0.16927228360972954,0.041416504678984424
4786,0.5065628745691287,0.28274833714215714,0.16927228360972954,0.041416504678984424
4787,0.5065628745691287,0.28274833714215714,0.16927228360972954,0.041416504678984424
4788,0.5065628745691287,0.28274833714215714,0.16927228360972954,0.041416504678984424
4789,0.5065628745691287,0.28274833714215714,0.16927228360972954,0.041416504678984424
4790,0.5065628745691287,0.28274833714215714,0.16927228360972954,0.041416504678984424
4791,0.5065628745691287,0.28274833714215714,0.16927228360972954,0.041416504678984424
4792,0.5065628745691287,0.28274833714215714,0.16927228360972954,0.041416504678984424
4793,0.5065628745691287,0.28274833714215714,0.16927228360972954,0.041416504678984424
4794,0.5065628745691287,0.28274833714215714,0.16927228360972954,0.041416504678984424
4795,0.5065628745691287,0.28274833714215714,0.16927228360972954,0.041416504678984424
4796,0.5065628745691287,0.28274833714215714,0.16927228360972954,0.041416504678984424
4797,0.5065628745691287,0.28274833714215714,0.16927228360972954,0.041416504678984424
4798,0.5065628745691287,0.28274833714215714,0.16927228360972954,0.041416504678984424
4799,0.5065628745691287,0.28274833714215714,0.16927228360972954,0.041416504678984424
4800,0.4999821759474566,0.2862289187354569,0.13820307556689473,0.07558582975019171
4801,0.4999821759474566,0.2862289187354569,0.13820307556689473,0.07558582975019171
4802,0.4999821759474566,0.2862289187354569,0.13820307556689473,0.07558582975019171
4803,0.4999821759474566,0.2862289187354569,0.13820307556689473,0.07558582975019171
4804,0.4999821759474566,0.2862289187354569,0.13820307556689473,0.07558582975019171
4805,0.4999821759474566,0.2862289187354569,0.13820307556689473,0.07558582975019171
4806,0.4999821759474566,0.2862289187354569,0.13820307556689473,0.07558582975019171
4807,0.4999821759474566,0.2862289187354569,0.13820307556689473,0.07558582975019171
4808,0.4999821759474566,0.2862289187354569,0.13820307556689473,0.07558582975019171
4809,0.4999821759474566,0.2862289187354569,0.13820307556689473,0.07558582975019171
4810,0.4999821759474566,0.2862289187354569,0.13820307556689473,0.07558582975019171
4811,0.4999821759474566,0.2862289187354569,0.13820307556689473,0.07558582975019171
4812,0.4999821759474566,0.2862289187354569,0.13820307556689473,0.07558582975019171
4813,0.4999821759474566,0.2862289187354569,0.13820307556689473,0.07558582975019171
4814,0.4999821759474566,0.2862289187354569,0.13820307556689473,0.07558582975019171
4815,0.4999821759474566,0.2862289187354569,0.13820307556689473,0.07558582975019171
4816,0.4999821759474566,0.2862289187354569,0.13820307556689473,0.07558582975019171
4817,0.4999821759474566,0.2862289187354569,0.13820307556689473,0.07558582975019171
4818,0.4999821759474566,0.2862289187354569,0.13820307556689473,0.07558582975019171
4819,0.4999821759474566,0.2862289187354569,0.13820307556689473,0.07558582975019171
4820,0.4999821759474566,0.2862289187354569,0.13820307556689473,0.07558582975019171
4821,0.4999821759474566,0.2862289187354569,0.13820307556689473,0.07558582975019171
4822,0.4999821759474566,0.2862289187354569,0.13820307556689473,0.07558582975019171
4823,0.4999821759474566,0.2862289187354569,0.13820307556689473,0.07558582975019171
4824,0.4999821759474566,0.2862289187354569,0.13820307556689473,0.07558582975019171
4825,0.4999821759474566,0.2862289187354569,0.13820307556689473,0.07558582975019171
4826,0.4999821759474566,0.2862289187354569,0.13820307556689473,0.07558582975019171
4827,0.4999821759474566,0.2862289187354569,0.13820307556689473,0.07558582975019171
4828,0.4999821759474566,0.2862289187354569,0.13820307556689473,0.07558582975019171
4829,0.4999821759474566,0.2862289187354569,0.13820307556689473,0.07558582975019171
4830,0.4999821759474566,0.2862289187354569,0.13820307556689473,0.07558582975019171
4831,0.4999821759474566,0.2862289187354569,0.13820307556689473,0.07558582975019171
4832,0.4999821759474566,0.2862289187354569,0.13820307556689473,0.07558582975019171
4833,0.4999821759474566,0.2862289187354569,0.13820307556689473,0.07558582975019171
4834,0.4999821759474566,0.2862289187354569,0.13820307556689473,0.07558582975019171
4835,0.4999821759474566,0.2862289187354569,0.13820307556689473,0.07558582975019171
4836,0.4999821759474566,0.2862289187354569,0.13820307556689473,0.07558582975019171
4837,0.4999821759474566,0.2862289187354569,0.13820307556689473,0.07558582975019171
4838,0.4999821759474566,0.2862289187354569,0.13820307556689473,0.07558582975019171
4839,0.4999821759474566,0.2862289187354569,0.13820307556689473,0.07558582975019171
4840,0.4999821759474566,0.2862289187354569,0.13820307556689473,0.07558582975019171
4841,0.4999821759474566,0.2862289187354569,0.13820307556689473,0.07558582975019171
4842,0.4999821759474566,0.2862289187354569,0.13820307556689473,0.07558582975019171
4843,0.4999821759474566,0.2862289187354569,0.13820307556689473,0.07558582975019171
4844,0.4999821759474566,0.2862289187354569,0.13820307556689473,0.07558582975019171
4845,0.4999821759474566,0.2862289187354569,0.13820307556689473,0.07558582975019171
4846,0.4999821759474566,0.2862289187354569,0.13820307556689473,0.07558582975019171
4847,0.4999821759474566,0.2862289187354569,0.13820307556689473,0.07558582975019171
4848,0.4999821759474566,0.2862289187354569,0.13820307556689473,0.07558582975019171
4849,0.4999821759474566,0.2862289187354569,0.13820307556689473,0.07558582975019171
4850,0.4999821759474566,0.2862289187354569,0.13820307556689473,0.07558582975019171
4851,0.4999821759474566,0.2862289187354569,0.13820307556689473,0.07558582975019171
4852,0.4999821759474566,0.2862289187354569,0.13820307556689473,0.07558582975019171
4853,0.4999821759474566,0.2862289187354569,0.13820307556689473,0.07558582975019171
4854,0.4999821759474566,0.2862289187354569,0.13820307556689473,0.07558582975019171
4855,0.4999821759474566,0.2862289187354569,0.13820307556689473,0.07558582975019171
4856,0.4999821759474566,0.2862289187354569,0.13820307556689473,0.07558582975019171
4857,0.4999821759474566,0.2862289187354569,0.13820307556689473,0.07558582975019171
4858,0.4999821759474566,0.2862289187354569,0.13820307556689473,0.07558582975019171
4859,0.4999821759474566,0.2862289187354569,0.13820307556689473,0.07558582975019171
4860,0.4999821759474566,0.2862289187354569,0.13820307556689473,0.07558582975019171
4861,0.4999821759474566,0.2862289187354569,0.13820307556689473,0.07558582975019171
4862,0.4999821759474566,0.2862289187354569,0.13820307556689473,0.07558582975019171
4863,0.4999821759474566,0.2862289187354569,0.13820307556689473,0.07558582975019171
4864,0.4999821759474566,0.2862289187354569,0.13820307556689473,0.07558582975019171
4865,0.4999821759474566,0.2862289187354569,0.13820307556689473,0.07558582975019171
4866,0.4999821759474566,0.2862289187354569,0.13820307556689473,0.07558582975019171
4867,0.4999821759474566,0.2862289187354569,0.13820307556689473,0.07558582975019171
4868,0.4999821759474566,0.2862289187354569,0.13820307556689473,0.07558582975019171
4869,0.4999821759474566,0.2862289187354569,0.13820307556689473,0.07558582975019171
4870,0.4999821759474566,0.2862289187354569,0.13820307556689473,0.07558582975019171
4871,0.4999821759474566,0.2862289187354569,0.13820307556689473,0.07558582975019171
4872,0.4999821759474566,0.2862289187354569,0.13820307556689473,0.07558582975019171
4873,0.4999821759474566,0.2862289187354569,0.13820307556689473,0.07558582975019171
4874,0.4999821759474566,0.2862289187354569,0.13820307556689473,0.07558582975019171
4875,0.4999821759474566,0.2862289187354569,0.13820307556689473,0.07558582975019171
4876,0.4999821759474566,0.2862289187354569,0.13820307556689473,0.07558582975019171
4877,0.4999821759474566,0.2862289187354569,0.13820307556689473,0.07558582975019171
4878,0.4999821759474566,0.2862289187354569,0.13820307556689473,0.07558582975019171
4879,0.4999821759474566,0.2862289187354569,0.13820307556689473,0.07558582975019171
4880,0.4999821759474566,0.2862289187354569,0.13820307556689473,0.07558582975019171
4881,0.4999821759474566,0.2862289187354569,0.13820307556689473,0.07558582975019171
4882,0.4999821759474566,0.2862289187354569,0.13820307556689473,0.07558582975019171
4883,0.4999821759474566,0.2862289187354569,0.13820307556689473,0.07558582975019171
4884,0.4999821759474566,0.2862289187354569,0.13820307556689473,0.07558582975019171
4885,0.4999821759474566,0.2862289187354569,0.13820307556689473,0.07558582975019171
4886,0.4999821759474566,0.2862289187354569,0.13820307556689473,0.07558582975019171
4887,0.4999821759474566,0.2862289187354569,0.13820307556689473,0.07558582975019171
4888,0.4999821759474566,0.2862289187354569,0.13820307556689473,0.07558582975019171
4889,0.4999821759474566,0.2862289187354569,0.13820307556689473,0.07558582975019171
4890,0.4999821759474566,0.2862289187354569,0.13820307556689473,0.07558582975019171
4891,0.4999821759474566,0.2862289187354569,0.13820307556689473,0.07558582975019171
4892,0.4999821759474566,0.2862289187354569,0.13820307556689473,0.07558582975019171
4893,0.4999821759474566,0.2862289187354569,0.13820307556689473,0.07558582975019171
4894,0.4999821759474566,0.2862289187354569,0.13820307556689473,0.07558582975019171
4895,0.4999821759474566,0.2862289187354569,0.13820307556689473,0.07558582975019171
4896,0.4999821759474566,0.2862289187354569,0.13820307556689473,0.07558582975019171
4897,0.4999821759474566,0.2862289187354569,0.13820307556689473,0.07558582975019171
4898,0.4999821759474566,0.2862289187354569,0.13820307556689473,0.07558582975019171
4899,0.4999821759474566,0.2862289187354569,0.13820307556689473,0.07558582975019171
4900,0.5205789690138629,0.300402473687547,0.1265527859971547,0.052465771301435433
4901,0.5205789690138629,0.300402473687547,0.1265527859971547,0.052465771301435433
4902,0.5205789690138629,0.300402473687547,0.1265527859971547,0.052465771301435433
4903,0.5205789690138629,0.300402473687547,0.1265527859971547,0.052465771301435433
4904,0.5205789690138629,0.300402473687547,0.1265527859971547,0.052465771301435433
4905,0.5205789690138629,0.300402473687547,0.1265527859971547,0.052465771301435433
4906,0.5205789690138629,0.300402473687547,0.1265527859971547,0.052465771301435433
4907,0.5205789690138629,0.300402473687547,0.1265527859971547,0.052465771301435433
4908,0.5205789690138629,0.300402473687547,0.1265527859971547,0.052465771301435433
4909,0.5205789690138629,0.300402473687547,0.1265527859971547,0.052465771301435433
4910,0.5205789690138629,0.300402473687547,0.1265527859971547,0.052465771301435433
4911,0.5205789690138629,0.300402473687547,0.1265527859971547,0.052465771301435433
4912,0.5205789690138629,0.300402473687547,0.1265527859971547,0.052465771301435433
4913,0.5205789690138629,0.300402473687547,0.1265527859971547,0.052465771301435433
4914,0.5205789690138629,0.300402473687547,0.1265527859971547,0.052465771301435433
4915,0.5205789690138629,0.300402473687547,0.1265527859971547,0.052465771301435433
4916,0.5205789690138629,0.300402473687547,0.1265527859971547,0.052465771301435433
4917,0.5205789690138629,0.300402473687547,0.1265527859971547,0.052465771301435433
4918,0.5205789690138629,0.300402473687547,0.1265527859971547,0.052465771301435433
4919,0.5205789690138629,0.300402473687547,0.1265527859971547,0.052465771301435433
4920,0.5205789690138629,0.300402473687547,0.1265527859971547,0.052465771301435433
4921,0.5205789690138629,0.300402473687547,0.1265527859971547,0.052465771301435433
4922,0.5205789690138629,0.300402473687547,0.1265527859971547,0.052465771301435433
4923,0.5205789690138629,0.300402473687547,0.1265527859971547,0.052465771301435433
4924,0.5205789690138629,0.300402473687547,0.1265527859971547,0.052465771301435433
4925,0.5205789690138629,0.300402473687547,0.1265527859971547,0.052465771301435433
4926,0.5205789690138629,0.300402473687547,0.1265527859971547,0.052465771301435433
4927,0.5205789690138629,0.300402473687547,0.1265527859971547,0.052465771301435433
4928,0.5205789690138629,0.300402473687547,0.1265527859971547,0.052465771301435433
4929,0.5205789690138629,0.300402473687547,0.1265527859971547,0.052465771301435433
4930,0.5205789690138629,0.300402473687547,0.1265527859971547,0.052465771301435433
4931,0.5205789690138629,0.300402473687547,0.1265527859971547,0.052465771301435433
4932,0.5205789690138629,0.300402473687547,0.1265527859971547,0.052465771301435433
4933,0.5205789690138629,0.300402473687547,0.1265527859971547,0.052465771301435433
4934,0.5205789690138629,0.300402473687547,0.1265527859971547,0.052465771301435433
4935,0.5205789690138629,0.300402473687547,0.1265527859971547,0.052465771301435433
4936,0.5205789690138629,0.300402473687547,0.1265527859971547,0.052465771301435433
4937,0.5205789690138629,0.300402473687547,0.1265527859971547,0.052465771301435433
4938,0.5205789690138629,0.300402473687547,0.1265527859971547,0.052465771301435433
4939,0.5205789690138629,0.300402473687547,0.1265527859971547,0.052465771301435433
4940,0.5205789690138629,0.300402473687547,0.1265527859971547,0.052465771301435433
4941,0.5205789690138629,0.300402473687547,0.1265527859971547,0.052465771301435433
4942,0.5205789690138629,0.300402473687547,0.1265527859971547,0.052465771301435433
4943,0.5205789690138629,0.300402473687547,0.1265527859971547,0.052465771301435433
4944,0.5205789690138629,0.300402473687547,0.1265527859971547,0.052465771301435433
4945,0.5205789690138629,0.300402473687547,0.1265527859971547,0.052465771301435433
4946,0.5205789690138629,0.300402473687547,0.1265527859971547,0.052465771301435433
4947,0.5205789690138629,0.300402473687547,0.1265527859971547,0.052465771301435433
4948,0.5205789690138629,0.300402473687547,0.1265527859971547,0.052465771301435433
4949,0.5205789690138629,0.300402473687547,0.1265527859971547,0.052465771301435433
4950,0.5205789690138629,0.300402473687547,0.1265527859971547,0.052465771301435433
4951,0.5205789690138629,0.300402473687547,0.1265527859971547,0.052465771301435433
4952,0.5205789690138629,0.300402473687547,0.1265527859971547,0.052465771301435433
4953,0.5205789690138629,0.300402473687547,0.1265527859971547,0.052465771301435433
4954,0.5205789690138629,0.300402473687547,0.1265527859971547,0.052465771301435433
4955,0.5205789690138629,0.300402473687547,0.1265527859971547,0.052465771301435433
4956,0.5205789690138629,0.300402473687547,0.1265527859971547,0.052465771301435433
4957,0.5205789690138629,0.300402473687547,0.1265527859971547,0.052465771301435433
4958,0.5205789690138629,0.300402473687547,0.1265527859971547,0.052465771301435433
4959,0.5205789690138629,0.300402473687547,0.1265527859971547,0.052465771301435433
4960,0.5205789690138629,0.300402473687547,0.1265527859971547,0.052465771301435433
4961,0.5205789690138629,0.300402473687547,0.1265527859971547,0.052465771301435433
4962,0.5205789690138629,0.300402473687547,0.1265527859971547,0.052465771301435433
4963,0.5205789690138629,0.300402473687547,0.1265527859971547,0.052465771301435433
4964,0.5205789690138629,0.300402473687547,0.1265527859971547,0.052465771301435433
4965,0.5205789690138629,0.300402473687547,0.1265527859971547,0.052465771301435433
4966,0.5205789690138629,0.300402473687547,0.1265527859971547,0.052465771301435433
4967,0.5205789690138629,0.300402473687547,0.1265527859971547,0.052465771301435433
4968,0.5205789690138629,0.300402473687547,0.1265527859971547,0.052465771301435433
4969,0.5205789690138629,0.300402473687547,0.1265527859971547,0.052465771301435433
4970,0.5205789690138629,0.300402473687547,0.1265527859971547,0.052465771301435433
4971,0.5205789690138629,0.300402473687547,0.1265527859971547,0.052465771301435433
4972,0.5205789690138629,0.300402473687547,0.1265527859971547,0.052465771301435433
4973,0.5205789690138629,0.300402473687547,0.1265527859971547,0.052465771301435433
4974,0.5205789690138629,0.300402473687547,0.1265527859971547,0.052465771301435433
4975,0.5205789690138629,0.300402473687547,0.1265527859971547,0.052465771301435433
4976,0.5205789690138629,0.300402473687547,0.1265527859971547,0.052465771301435433
4977,0.5205789690138629,0.300402473687547,0.1265527859971547,0.052465771301435433
4978,0.5205789690138629,0.300402473687547,0.1265527859971547,0.052465771301435433
4979,0.5205789690138629,0.300402473687547,0.1265527859971547,0.052465771301435433
4980,0.5205789690138629,0.300402473687547,0.1265527859971547,0.052465771301435433
4981,0.5205789690138629,0.300402473687547,0.1265527859971547,0.052465771301435433
4982,0.5205789690138629,0.300402473687547,0.1265527859971547,0.052465771301435433
4983,0.5205789690138629,0.300402473687547,0.1265527859971547,0.052465771301435433
4984,0.5205789690138629,0.300402473687547,0.1265527859971547,0.052465771301435433
4985,0.5205789690138629,0.300402473687547,0.1265527859971547,0.052465771301435433
4986,0.5205789690138629,0.300402473687547,0.1265527859971547,0.052465771301435433
4987,0.5205789690138629,0.300402473687547,0.1265527859971547,0.052465771301435433
4988,0.5205789690138629,0.300402473687547,0.1265527859971547,0.052465771301435433
4989,0.5205789690138629,0.300402473687547,0.1265527859971547,0.052465771301435433
4990,0.5205789690138629,0.300402473687547,0.1265527859971547,0.052465771301435433
4991,0.5205789690138629,0.300402473687547,0.1265527859971547,0.052465771301435433
4992,0.5205789690138629,0.300402473687547,0.1265527859971547,0.052465771301435433
4993,0.5205789690138629,0.300402473687547,0.1265527859971547,0.052465771301435433
4994,0.5205789690138629,0.300402473687547,0.1265527859971547,0.052465771301435433
4995,0.5205789690138629,0.300402473687547,0.1265527859971547,0.052465771301435433
4996,0.5205789690138629,0.300402473687547,0.1265527859971547,0.052465771301435433
4997,0.5205789690138629,0.300402473687547,0.1265527859971547,0.052465771301435433
4998,0.5205789690138629,0.300402473687547,0.1265527859971547,0.052465771301435433
4999,0.5205789690138629,0.300402473687547,0.1265527859971547,0.052465771301435433
5000,0.5340599617879966,0.294503955588534,0.12953565208386203,0.04190043053960724
5001,0.5340599617879966,0.294503955588534,0.12953565208386203,0.04190043053960724
5002,0.5340599617879966,0.294503955588534,0.12953565208386203,0.04190043053960724
5003,0.5340599617879966,0.294503955588534,0.12953565208386203,0.04190043053960724
5004,0.5340599617879966,0.294503955588534,0.12953565208386203,0.04190043053960724
5005,0.5340599617879966,0.294503955588534,0.12953565208386203,0.04190043053960724
5006,0.5340599617879966,0.294503955588534,0.12953565208386203,0.04190043053960724
5007,0.5340599617879966,0.294503955588534,0.12953565208386203,0.04190043053960724
5008,0.5340599617879966,0.294503955588534,0.12953565208386203,0.04190043053960724
5009,0.5340599617879966,0.294503955588534,0.12953565208386203,0.04190043053960724
5010,0.5340599617879966,0.294503955588534,0.12953565208386203,0.04190043053960724
5011,0.5340599617879966,0.294503955588534,0.12953565208386203,0.04190043053960724
5012,0.5340599617879966,0.294503955588534,0.12953565208386203,0.04190043053960724
5013,0.5340599617879966,0.294503955588534,0.12953565208386203,0.04190043053960724
5014,0.5340599617879966,0.294503955588534,0.12953565208386203,0.04190043053960724
5015,0.5340599617879966,0.294503955588534,0.12953565208386203,0.04190043053960724
5016,0.5340599617879966,0.294503955588534,0.12953565208386203,0.04190043053960724
5017,0.5340599617879966,0.294503955588534,0.12953565208386203,0.04190043053960724
5018,0.5340599617879966,0.294503955588534,0.12953565208386203,0.04190043053960724
5019,0.5340599617879966,0.294503955588534,0.12953565208386203,0.04190043053960724
5020,0.5340599617879966,0.294503955588534,0.12953565208386203,0.04190043053960724
5021,0.5340599617879966,0.294503955588534,0.12953565208386203,0.04190043053960724
5022,0.5340599617879966,0.294503955588534,0.12953565208386203,0.04190043053960724
5023,0.5340599617879966,0.294503955588534,0.12953565208386203,0.04190043053960724
5024,0.5340599617879966,0.294503955588534,0.12953565208386203,0.04190043053960724
5025,0.5340599617879966,0.294503955588534,0.12953565208386203,0.04190043053960724
5026,0.5340599617879966,0.294503955588534,0.12953565208386203,0.04190043053960724
5027,0.5340599617879966,0.294503955588534,0.12953565208386203,0.04190043053960724
5028,0.5340599617879966,0.294503955588534,0.12953565208386203,0.04190043053960724
5029,0.5340599617879966,0.294503955588534,0.12953565208386203,0.04190043053960724
5030,0.5340599617879966,0.294503955588534,0.12953565208386203,0.04190043053960724
5031,0.5340599617879966,0.294503955588534,0.12953565208386203,0.04190043053960724
5032,0.5340599617879966,0.294503955588534,0.12953565208386203,0.04190043053960724
5033,0.5340599617879966,0.294503955588534,0.12953565208386203,0.04190043053960724
5034,0.5340599617879966,0.294503955588534,0.12953565208386203,0.04190043053960724
5035,0.5340599617879966,0.294503955588534,0.12953565208386203,0.04190043053960724
5036,0.5340599617879966,0.294503955588534,0.12953565208386203,0.04190043053960724
5037,0.5340599617879966,0.294503955588534,0.12953565208386203,0.04190043053960724
5038,0.5340599617879966,0.294503955588534,0.12953565208386203,0.04190043053960724
5039,0.5340599617879966,0.294503955588534,0.12953565208386203,0.04190043053960724
5040,0.5340599617879966,0.294503955588534,0.12953565208386203,0.04190043053960724
5041,0.5340599617879966,0.294503955588534,0.12953565208386203,0.04190043053960724
5042,0.5340599617879966,0.294503955588534,0.12953565208386203,0.04190043053960724
5043,0.5340599617879966,0.294503955588534,0.12953565208386203,0.04190043053960724
5044,0.5340599617879966,0.294503955588534,0.12953565208386203,0.04190043053960724
5045,0.5340599617879966,0.294503955588534,0.12953565208386203,0.04190043053960724
5046,0.5340599617879966,0.294503955588534,0.12953565208386203,0.04190043053960724
5047,0.5340599617879966,0.294503955588534,0.12953565208386203,0.04190043053960724
5048,0.5340599617879966,0.294503955588534,0.12953565208386203,0.04190043053960724
5049,0.5340599617879966,0.294503955588534,0.12953565208386203,0.04190043053960724
5050,0.5340599617879966,0.294503955588534,0.12953565208386203,0.04190043053960724
5051,0.5340599617879966,0.294503955588534,0.12953565208386203,0.04190043053960724
5052,0.5340599617879966,0.294503955588534,0.12953565208386203,0.04190043053960724
5053,0.5340599617879966,0.294503955588534,0.12953565208386203,0.04190043053960724
5054,0.5340599617879966,0.294503955588534,0.12953565208386203,0.04190043053960724
5055,0.5340599617879966,0.294503955588534,0.12953565208386203,0.04190043053960724
5056,0.5340599617879966,0.294503955588534,0.12953565208386203,0.04190043053960724
5057,0.5340599617879966,0.294503955588534,0.12953565208386203,0.04190043053960724
5058,0.5340599617879966,0.294503955588534,0.12953565208386203,0.04190043053960724
5059,0.5340599617879966,0.294503955588534,0.12953565208386203,0.04190043053960724
5060,0.5340599617879966,0.294503955588534,0.12953565208386203,0.04190043053960724
5061,0.5340599617879966,0.294503955588534,0.12953565208386203,0.04190043053960724
5062,0.5340599617879966,0.294503955588534,0.12953565208386203,0.04190043053960724
5063,0.5340599617879966,0.294503955588534,0.12953565208386203,0.04190043053960724
5064,0.5340599617879966,0.294503955588534,0.12953565208386203,0.04190043053960724
5065,0.5340599617879966,0.294503955588534,0.12953565208386203,0.04190043053960724
5066,0.5340599617879966,0.294503955588534,0.12953565208386203,0.04190043053960724
5067,0.5340599617879966,0.294503955588534,0.12953565208386203,0.04190043053960724
5068,0.5340599617879966,0.294503955588534,0.12953565208386203,0.04190043053960724
5069,0.5340599617879966,0.294503955588534,0.12953565208386203,0.04190043053960724
5070,0.5340599617879966,0.294503955588534,0.12953565208386203,0.04190043053960724
5071,0.5340599617879966,0.294503955588534,0.12953565208386203,0.04190043053960724
5072,0.5340599617879966,0.294503955588534,0.12953565208386203,0.04190043053960724
5073,0.5340599617879966,0.294503955588534,0.12953565208386203,0.04190043053960724
5074,0.5340599617879966,0.294503955588534,0.12953565208386203,0.04190043053960724
5075,0.5340599617879966,0.294503955588534,0.12953565208386203,0.04190043053960724
5076,0.5340599617879966,0.294503955588534,0.12953565208386203,0.04190043053960724
5077,0.5340599617879966,0.294503955588534,0.12953565208386203,0.04190043053960724
5078,0.5340599617879966,0.294503955588534,0.12953565208386203,0.04190043053960724
5079,0.5340599617879966,0.294503955588534,0.12953565208386203,0.04190043053960724
5080,0.5340599617879966,0.294503955588534,0.12953565208386203,0.04190043053960724
5081,0.5340599617879966,0.294503955588534,0.12953565208386203,0.04190043053960724
5082,0.5340599617879966,0.294503955588534,0.12953565208386203,0.04190043053960724
5083,0.5340599617879966,0.294503955588534,0.12953565208386203,0.04190043053960724
5084,0.5340599617879966,0.294503955588534,0.12953565208386203,0.04190043053960724
5085,0.5340599617879966,0.294503955588534,0.12953565208386203,0.04190043053960724
5086,0.5340599617879966,0.294503955588534,0.12953565208386203,0.04190043053960724
5087,0.5340599617879966,0.294503955588534,0.12953565208386203,0.04190043053960724
5088,0.5340599617879966,0.294503955588534,0.12953565208386203,0.04190043053960724
5089,0.5340599617879966,0.294503955588534,0.12953565208386203,0.04190043053960724
5090,0.5340599617879966,0.294503955588534,0.12953565208386203,0.04190043053960724
5091,0.5340599617879966,0.294503955588534,0.12953565208386203,0.04190043053960724
5092,0.5340599617879966,0.294503955588534,0.12953565208386203,0.04190043053960724
5093,0.5340599617879966,0.294503955588534,0.12953565208386203,0.04190043053960724
5094,0.5340599617879966,0.294503955588534,0.12953565208386203,0.04190043053960724
5095,0.5340599617879966,0.294503955588534,0.12953565208386203,0.04190043053960724
5096,0.5340599617879966,0.294503955588534,0.12953565208386203,0.04190043053960724
5097,0.5340599617879966,0.294503955588534,0.12953565208386203,0.04190043053960724
5098,0.5340599617879966,0.294503955588534,0.12953565208386203,0.04190043053960724
5099,0.5340599617879966,0.294503955588534,0.12953565208386203,0.04190043053960724
5100,0.5489157445205145,0.27729027031974224,0.12891578651849364,0.04487819864124968
5101,0.5489157445205145,0.27729027031974224,0.12891578651849364,0.04487819864124968
5102,0.5489157445205145,0.27729027031974224,0.12891578651849364,0.04487819864124968
5103,0.5489157445205145,0.27729027031974224,0.12891578651849364,0.04487819864124968
5104,0.5489157445205145,0.27729027031974224,0.12891578651849364,0.04487819864124968
5105,0.5489157445205145,0.27729027031974224,0.12891578651849364,0.04487819864124968
5106,0.5489157445205145,0.27729027031974224,0.12891578651849364,0.04487819864124968
5107,0.5489157445205145,0.27729027031974224,0.12891578651849364,0.04487819864124968
5108,0.5489157445205145,0.27729027031974224,0.12891578651849364,0.04487819864124968
5109,0.5489157445205145,0.27729027031974224,0.12891578651849364,0.04487819864124968
5110,0.5489157445205145,0.27729027031974224,0.12891578651849364,0.04487819864124968
5111,0.5489157445205145,0.27729027031974224,0.12891578651849364,0.04487819864124968
5112,0.5489157445205145,0.27729027031974224,0.12891578651849364,0.04487819864124968
5113,0.5489157445205145,0.27729027031974224,0.12891578651849364,0.04487819864124968
5114,0.5489157445205145,0.27729027031974224,0.12891578651849364,0.04487819864124968
5115,0.5489157445205145,0.27729027031974224,0.12891578651849364,0.04487819864124968
5116,0.5489157445205145,0.27729027031974224,0.12891578651849364,0.04487819864124968
5117,0.5489157445205145,0.27729027031974224,0.12891578651849364,0.04487819864124968
5118,0.5489157445205145,0.27729027031974224,0.12891578651849364,0.04487819864124968
5119,0.5489157445205145,0.27729027031974224,0.12891578651849364,0.04487819864124968
5120,0.5489157445205145,0.27729027031974224,0.12891578651849364,0.04487819864124968
5121,0.5489157445205145,0.27729027031974224,0.12891578651849364,0.04487819864124968
5122,0.5489157445205145,0.27729027031974224,0.12891578651849364,0.04487819864124968
5123,0.5489157445205145,0.27729027031974224,0.12891578651849364,0.04487819864124968
5124,0.5489157445205145,0.27729027031974224,0.12891578651849364,0.04487819864124968
5125,0.5489157445205145,0.27729027031974224,0.12891578651849364,0.04487819864124968
5126,0.5489157445205145,0.27729027031974224,0.12891578651849364,0.04487819864124968
5127,0.5489157445205145,0.27729027031974224,0.12891578651849364,0.04487819864124968
5128,0.5489157445205145,0.27729027031974224,0.12891578651849364,0.04487819864124968
5129,0.5489157445205145,0.27729027031974224,0.12891578651849364,0.04487819864124968
5130,0.5489157445205145,0.27729027031974224,0.12891578651849364,0.04487819864124968
5131,0.5489157445205145,0.27729027031974224,0.12891578651849364,0.04487819864124968
5132,0.5489157445205145,0.27729027031974224,0.12891578651849364,0.04487819864124968
5133,0.5489157445205145,0.27729027031974224,0.12891578651849364,0.04487819864124968
5134,0.5489157445205145,0.27729027031974224,0.12891578651849364,0.04487819864124968
5135,0.5489157445205145,0.27729027031974224,0.12891578651849364,0.04487819864124968
5136,0.5489157445205145,0.27729027031974224,0.12891578651849364,0.04487819864124968
5137,0.5489157445205145,0.27729027031974224,0.12891578651849364,0.04487819864124968
5138,0.5489157445205145,0.27729027031974224,0.12891578651849364,0.04487819864124968
5139,0.5489157445205145,0.27729027031974224,0.12891578651849364,0.04487819864124968
5140,0.5489157445205145,0.27729027031974224,0.12891578651849364,0.04487819864124968
5141,0.5489157445205145,0.27729027031974224,0.12891578651849364,0.04487819864124968
5142,0.5489157445205145,0.27729027031974224,0.12891578651849364,0.04487819864124968
5143,0.5489157445205145,0.27729027031974224,0.12891578651849364,0.04487819864124968
5144,0.5489157445205145,0.27729027031974224,0.12891578651849364,0.04487819864124968
5145,0.5489157445205145,0.27729027031974224,0.12891578651849364,0.04487819864124968
5146,0.5489157445205145,0.27729027031974224,0.12891578651849364,0.04487819864124968
5147,0.5489157445205145,0.27729027031974224,0.12891578651849364,0.04487819864124968
5148,0.5489157445205145,0.27729027031974224,0.12891578651849364,0.04487819864124968
5149,0.5489157445205145,0.27729027031974224,0.12891578651849364,0.04487819864124968
5150,0.5489157445205145,0.27729027031974224,0.12891578651849364,0.04487819864124968
5151,0.5489157445205145,0.27729027031974224,0.12891578651849364,0.04487819864124968
5152,0.5489157445205145,0.27729027031974224,0.12891578651849364,0.04487819864124968
5153,0.5489157445205145,0.27729027031974224,0.12891578651849364,0.04487819864124968
5154,0.5489157445205145,0.27729027031974224,0.12891578651849364,0.04487819864124968
5155,0.5489157445205145,0.27729027031974224,0.12891578651849364,0.04487819864124968
5156,0.5489157445205145,0.27729027031974224,0.12891578651849364,0.04487819864124968
5157,0.5489157445205145,0.27729027031974224,0.12891578651849364,0.04487819864124968
5158,0.5489157445205145,0.27729027031974224,0.12891578651849364,0.04487819864124968
5159,0.5489157445205145,0.27729027031974224,0.12891578651849364,0.04487819864124968
5160,0.5489157445205145,0.27729027031974224,0.12891578651849364,0.04487819864124968
5161,0.5489157445205145,0.27729027031974224,0.12891578651849364,0.04487819864124968
5162,0.5489157445205145,0.27729027031974224,0.12891578651849364,0.04487819864124968
5163,0.5489157445205145,0.27729027031974224,0.12891578651849364,0.04487819864124968
5164,0.5489157445205145,0.27729027031974224,0.12891578651849364,0.04487819864124968
5165,0.5489157445205145,0.27729027031974224,0.12891578651849364,0.04487819864124968
5166,0.5489157445205145,0.27729027031974224,0.12891578651849364,0.04487819864124968
5167,0.5489157445205145,0.27729027031974224,0.12891578651849364,0.04487819864124968
5168,0.5489157445205145,0.27729027031974224,0.12891578651849364,0.04487819864124968
5169,0.5489157445205145,0.27729027031974224,0.12891578651849364,0.04487819864124968
5170,0.5489157445205145,0.27729027031974224,0.12891578651849364,0.04487819864124968
5171,0.5489157445205145,0.27729027031974224,0.12891578651849364,0.04487819864124968
5172,0.5489157445205145,0.27729027031974224,0.12891578651849364,0.04487819864124968
5173,0.5489157445205145,0.27729027031974224,0.12891578651849364,0.04487819864124968
5174,0.5489157445205145,0.27729027031974224,0.12891578651849364,0.04487819864124968
5175,0.5489157445205145,0.27729027031974224,0.12891578651849364,0.04487819864124968
5176,0.5489157445205145,0.27729027031974224,0.12891578651849364,0.04487819864124968
5177,0.5489157445205145,0.27729027031974224,0.12891578651849364,0.04487819864124968
5178,0.5489157445205145,0.27729027031974224,0.12891578651849364,0.04487819864124968
5179,0.5489157445205145,0.27729027031974224,0.12891578651849364,0.04487819864124968
5180,0.5489157445205145,0.27729027031974224,0.12891578651849364,0.04487819864124968
5181,0.5489157445205145,0.27729027031974224,0.12891578651849364,0.04487819864124968
5182,0.5489157445205145,0.27729027031974224,0.12891578651849364,0.04487819864124968
5183,0.5489157445205145,0.27729027031974224,0.12891578651849364,0.04487819864124968
5184,0.5489157445205145,0.27729027031974224,0.12891578651849364,0.04487819864124968
5185,0.5489157445205145,0.27729027031974224,0.12891578651849364,0.04487819864124968
5186,0.5489157445205145,0.27729027031974224,0.12891578651849364,0.04487819864124968
5187,0.5489157445205145,0.27729027031974224,0.12891578651849364,0.04487819864124968
5188,0.5489157445205145,0.27729027031974224,0.12891578651849364,0.04487819864124968
5189,0.5489157445205145,0.27729027031974224,0.12891578651849364,0.04487819864124968
5190,0.5489157445205145,0.27729027031974224,0.12891578651849364,0.04487819864124968
5191,0.5489157445205145,0.27729027031974224,0.12891578651849364,0.04487819864124968
5192,0.5489157445205145,0.27729027031974224,0.12891578651849364,0.04487819864124968
5193,0.5489157445205145,0.27729027031974224,0.12891578651849364,0.04487819864124968
5194,0.5489157445205145,0.27729027031974224,0.12891578651849364,0.04487819864124968
5195,0.5489157445205145,0.27729027031974224,0.12891578651849364,0.04487819864124968
5196,0.5489157445205145,0.27729027031974224,0.12891578651849364,0.04487819864124968
5197,0.5489157445205145,0.27729027031974224,0.12891578651849364,0.04487819864124968
5198,0.5489157445205145,0.27729027031974224,0.12891578651849364,0.04487819864124968
5199,0.5489157445205145,0.27729027031974224,0.12891578651849364,0.04487819864124968
5200,0.5691873199719938,0.2991043672399143,0.08870365941557373,0.04300465337251808
5201,0.5691873199719938,0.2991043672399143,0.08870365941557373,0.04300465337251808
5202,0.5691873199719938,0.2991043672399143,0.08870365941557373,0.04300465337251808
5203,0.5691873199719938,0.2991043672399143,0.08870365941557373,0.04300465337251808
5204,0.5691873199719938,0.2991043672399143,0.08870365941557373,0.04300465337251808
5205,0.5691873199719938,0.2991043672399143,0.08870365941557373,0.04300465337251808
5206,0.5691873199719938,0.2991043672399143,0.08870365941557373,0.04300465337251808
5207,0.5691873199719938,0.2991043672399143,0.08870365941557373,0.04300465337251808
5208,0.5691873199719938,0.2991043672399143,0.08870365941557373,0.04300465337251808
5209,0.5691873199719938,0.2991043672399143,0.08870365941557373,0.04300465337251808
5210,0.5691873199719938,0.2991043672399143,0.08870365941557373,0.04300465337251808
5211,0.5691873199719938,0.2991043672399143,0.08870365941557373,0.04300465337251808
5212,0.5691873199719938,0.2991043672399143,0.08870365941557373,0.04300465337251808
5213,0.5691873199719938,0.2991043672399143,0.08870365941557373,0.04300465337251808
5214,0.5691873199719938,0.2991043672399143,0.08870365941557373,0.04300465337251808
5215,0.5691873199719938,0.2991043672399143,0.08870365941557373,0.04300465337251808
5216,0.5691873199719938,0.2991043672399143,0.08870365941557373,0.04300465337251808
5217,0.5691873199719938,0.2991043672399143,0.08870365941557373,0.04300465337251808
5218,0.5691873199719938,0.2991043672399143,0.08870365941557373,0.04300465337251808
5219,0.5691873199719938,0.2991043672399143,0.08870365941557373,0.04300465337251808
5220,0.5691873199719938,0.2991043672399143,0.08870365941557373,0.04300465337251808
5221,0.5691873199719938,0.2991043672399143,0.08870365941557373,0.04300465337251808
5222,0.5691873199719938,0.2991043672399143,0.08870365941557373,0.04300465337251808
5223,0.5691873199719938,0.2991043672399143,0.08870365941557373,0.04300465337251808
5224,0.5691873199719938,0.2991043672399143,0.08870365941557373,0.04300465337251808
5225,0.5691873199719938,0.2991043672399143,0.08870365941557373,0.04300465337251808
5226,0.5691873199719938,0.2991043672399143,0.08870365941557373,0.04300465337251808
5227,0.5691873199719938,0.2991043672399143,0.08870365941557373,0.04300465337251808
5228,0.5691873199719938,0.2991043672399143,0.08870365941557373,0.04300465337251808
5229,0.5691873199719938,0.2991043672399143,0.08870365941557373,0.04300465337251808
5230,0.5691873199719938,0.2991043672399143,0.08870365941557373,0.04300465337251808
5231,0.5691873199719938,0.2991043672399143,0.08870365941557373,0.04300465337251808
5232,0.5691873199719938,0.2991043672399143,0.08870365941557373,0.04300465337251808
5233,0.5691873199719938,0.2991043672399143,0.08870365941557373,0.04300465337251808
5234,0.5691873199719938,0.2991043672399143,0.08870365941557373,0.04300465337251808
5235,0.5691873199719938,0.2991043672399143,0.08870365941557373,0.04300465337251808
5236,0.5691873199719938,0.2991043672399143,0.08870365941557373,0.04300465337251808
5237,0.5691873199719938,0.2991043672399143,0.08870365941557373,0.04300465337251808
5238,0.5691873199719938,0.2991043672399143,0.08870365941557373,0.04300465337251808
5239,0.5691873199719938,0.2991043672399143,0.08870365941557373,0.04300465337251808
5240,0.5691873199719938,0.2991043672399143,0.08870365941557373,0.04300465337251808
5241,0.5691873199719938,0.2991043672399143,0.08870365941557373,0.04300465337251808
5242,0.5691873199719938,0.2991043672399143,0.08870365941557373,0.04300465337251808
5243,0.5691873199719938,0.2991043672399143,0.08870365941557373,0.04300465337251808
5244,0.5691873199719938,0.2991043672399143,0.08870365941557373,0.04300465337251808
5245,0.5691873199719938,0.2991043672399143,0.08870365941557373,0.04300465337251808
5246,0.5691873199719938,0.2991043672399143,0.08870365941557373,0.04300465337251808
5247,0.5691873199719938,0.2991043672399143,0.08870365941557373,0.04300465337251808
5248,0.5691873199719938,0.2991043672399143,0.08870365941557373,0.04300465337251808
5249,0.5691873199719938,0.2991043672399143,0.08870365941557373,0.04300465337251808
5250,0.5691873199719938,0.2991043672399143,0.08870365941557373,0.04300465337251808
5251,0.5691873199719938,0.2991043672399143,0.08870365941557373,0.04300465337251808
5252,0.5691873199719938,0.2991043672399143,0.08870365941557373,0.04300465337251808
5253,0.5691873199719938,0.2991043672399143,0.08870365941557373,0.04300465337251808
5254,0.5691873199719938,0.2991043672399143,0.08870365941557373,0.04300465337251808
5255,0.5691873199719938,0.2991043672399143,0.08870365941557373,0.04300465337251808
5256,0.5691873199719938,0.2991043672399143,0.08870365941557373,0.04300465337251808
5257,0.5691873199719938,0.2991043672399143,0.08870365941557373,0.04300465337251808
5258,0.5691873199719938,0.2991043672399143,0.08870365941557373,0.04300465337251808
5259,0.5691873199719938,0.2991043672399143,0.08870365941557373,0.04300465337251808
5260,0.5691873199719938,0.2991043672399143,0.08870365941557373,0.04300465337251808
5261,0.5691873199719938,0.2991043672399143,0.08870365941557373,0.04300465337251808
5262,0.5691873199719938,0.2991043672399143,0.08870365941557373,0.04300465337251808
5263,0.5691873199719938,0.2991043672399143,0.08870365941557373,0.04300465337251808
5264,0.5691873199719938,0.2991043672399143,0.08870365941557373,0.04300465337251808
5265,0.5691873199719938,0.2991043672399143,0.08870365941557373,0.04300465337251808
5266,0.5691873199719938,0.2991043672399143,0.08870365941557373,0.04300465337251808
5267,0.5691873199719938,0.2991043672399143,0.08870365941557373,0.04300465337251808
5268,0.5691873199719938,0.2991043672399143,0.08870365941557373,0.04300465337251808
5269,0.5691873199719938,0.2991043672399143,0.08870365941557373,0.04300465337251808
5270,0.5691873199719938,0.2991043672399143,0.08870365941557373,0.04300465337251808
5271,0.5691873199719938,0.2991043672399143,0.08870365941557373,0.04300465337251808
5272,0.5691873199719938,0.2991043672399143,0.08870365941557373,0.04300465337251808
5273,0.5691873199719938,0.2991043672399143,0.08870365941557373,0.04300465337251808
5274,0.5691873199719938,0.2991043672399143,0.08870365941557373,0.04300465337251808
5275,0.5691873199719938,0.2991043672399143,0.08870365941557373,0.04300465337251808
5276,0.5691873199719938,0.2991043672399143,0.08870365941557373,0.04300465337251808
5277,0.5691873199719938,0.2991043672399143,0.08870365941557373,0.04300465337251808
5278,0.5691873199719938,0.2991043672399143,0.08870365941557373,0.04300465337251808
5279,0.5691873199719938,0.2991043672399143,0.08870365941557373,0.04300465337251808
5280,0.5691873199719938,0.2991043672399143,0.08870365941557373,0.04300465337251808
5281,0.5691873199719938,0.2991043672399143,0.08870365941557373,0.04300465337251808
5282,0.5691873199719938,0.2991043672399143,0.08870365941557373,0.04300465337251808
5283,0.5691873199719938,0.2991043672399143,0.08870365941557373,0.04300465337251808
5284,0.5691873199719938,0.2991043672399143,0.08870365941557373,0.04300465337251808
5285,0.5691873199719938,0.2991043672399143,0.08870365941557373,0.04300465337251808
5286,0.5691873199719938,0.2991043672399143,0.08870365941557373,0.04300465337251808
5287,0.5691873199719938,0.2991043672399143,0.08870365941557373,0.04300465337251808
5288,0.5691873199719938,0.2991043672399143,0.08870365941557373,0.04300465337251808
5289,0.5691873199719938,0.2991043672399143,0.08870365941557373,0.04300465337251808
5290,0.5691873199719938,0.2991043672399143,0.08870365941557373,0.04300465337251808
5291,0.5691873199719938,0.2991043672399143,0.08870365941557373,0.04300465337251808
5292,0.5691873199719938,0.2991043672399143,0.08870365941557373,0.04300465337251808
5293,0.5691873199719938,0.2991043672399143,0.08870365941557373,0.04300465337251808
5294,0.5691873199719938,0.2991043672399143,0.08870365941557373,0.04300465337251808
5295,0.5691873199719938,0.2991043672399143,0.08870365941557373,0.04300465337251808
5296,0.5691873199719938,0.2991043672399143,0.08870365941557373,0.04300465337251808
5297,0.5691873199719938,0.2991043672399143,0.08870365941557373,0.04300465337251808
5298,0.5691873199719938,0.2991043672399143,0.08870365941557373,0.04300465337251808
5299,0.5691873199719938,0.2991043672399143,0.08870365941557373,0.04300465337251808
5300,0.5929661015560329,0.27580662478482443,0.08734863697715706,0.04387863668198555
5301,0.5929661015560329,0.27580662478482443,0.08734863697715706,0.04387863668198555
5302,0.5929661015560329,0.27580662478482443,0.08734863697715706,0.04387863668198555
5303,0.5929661015560329,0.27580662478482443,0.08734863697715706,0.04387863668198555
5304,0.5929661015560329,0.27580662478482443,0.08734863697715706,0.04387863668198555
5305,0.5929661015560329,0.27580662478482443,0.08734863697715706,0.04387863668198555
5306,0.5929661015560329,0.27580662478482443,0.08734863697715706,0.04387863668198555
5307,0.5929661015560329,0.27580662478482443,0.08734863697715706,0.04387863668198555
5308,0.5929661015560329,0.27580662478482443,0.08734863697715706,0.04387863668198555
5309,0.5929661015560329,0.27580662478482443,0.08734863697715706,0.04387863668198555
5310,0.5929661015560329,0.27580662478482443,0.08734863697715706,0.04387863668198555
5311,0.5929661015560329,0.27580662478482443,0.08734863697715706,0.04387863668198555
5312,0.5929661015560329,0.27580662478482443,0.08734863697715706,0.04387863668198555
5313,0.5929661015560329,0.27580662478482443,0.08734863697715706,0.04387863668198555
5314,0.5929661015560329,0.27580662478482443,0.08734863697715706,0.04387863668198555
5315,0.5929661015560329,0.27580662478482443,0.08734863697715706,0.04387863668198555
5316,0.5929661015560329,0.27580662478482443,0.08734863697715706,0.04387863668198555
5317,0.5929661015560329,0.27580662478482443,0.08734863697715706,0.04387863668198555
5318,0.5929661015560329,0.27580662478482443,0.08734863697715706,0.04387863668198555
5319,0.5929661015560329,0.27580662478482443,0.08734863697715706,0.04387863668198555
5320,0.5929661015560329,0.27580662478482443,0.08734863697715706,0.04387863668198555
5321,0.5929661015560329,0.27580662478482443,0.08734863697715706,0.04387863668198555
5322,0.5929661015560329,0.27580662478482443,0.08734863697715706,0.04387863668198555
5323,0.5929661015560329,0.27580662478482443,0.08734863697715706,0.04387863668198555
5324,0.5929661015560329,0.27580662478482443,0.08734863697715706,0.04387863668198555
5325,0.5929661015560329,0.27580662478482443,0.08734863697715706,0.04387863668198555
5326,0.5929661015560329,0.27580662478482443,0.08734863697715706,0.04387863668198555
5327,0.5929661015560329,0.27580662478482443,0.08734863697715706,0.04387863668198555
5328,0.5929661015560329,0.27580662478482443,0.08734863697715706,0.04387863668198555
5329,0.5929661015560329,0.27580662478482443,0.08734863697715706,0.04387863668198555
5330,0.5929661015560329,0.27580662478482443,0.08734863697715706,0.04387863668198555
5331,0.5929661015560329,0.27580662478482443,0.08734863697715706,0.04387863668198555
5332,0.5929661015560329,0.27580662478482443,0.08734863697715706,0.04387863668198555
5333,0.5929661015560329,0.27580662478482443,0.08734863697715706,0.04387863668198555
5334,0.5929661015560329,0.27580662478482443,0.08734863697715706,0.04387863668198555
5335,0.5929661015560329,0.27580662478482443,0.08734863697715706,0.04387863668198555
5336,0.5929661015560329,0.27580662478482443,0.08734863697715706,0.04387863668198555
5337,0.5929661015560329,0.27580662478482443,0.08734863697715706,0.04387863668198555
5338,0.5929661015560329,0.27580662478482443,0.08734863697715706,0.04387863668198555
5339,0.5929661015560329,0.27580662478482443,0.08734863697715706,0.04387863668198555
5340,0.5929661015560329,0.27580662478482443,0.08734863697715706,0.04387863668198555
5341,0.5929661015560329,0.27580662478482443,0.08734863697715706,0.04387863668198555
5342,0.5929661015560329,0.27580662478482443,0.08734863697715706,0.04387863668198555
5343,0.5929661015560329,0.27580662478482443,0.08734863697715706,0.04387863668198555
5344,0.5929661015560329,0.27580662478482443,0.08734863697715706,0.04387863668198555
5345,0.5929661015560329,0.27580662478482443,0.08734863697715706,0.04387863668198555
5346,0.5929661015560329,0.27580662478482443,0.08734863697715706,0.04387863668198555
5347,0.5929661015560329,0.27580662478482443,0.08734863697715706,0.04387863668198555
5348,0.5929661015560329,0.27580662478482443,0.08734863697715706,0.04387863668198555
5349,0.5929661015560329,0.27580662478482443,0.08734863697715706,0.04387863668198555
5350,0.5929661015560329,0.27580662478482443,0.08734863697715706,0.04387863668198555
5351,0.5929661015560329,0.27580662478482443,0.08734863697715706,0.04387863668198555
5352,0.5929661015560329,0.27580662478482443,0.08734863697715706,0.04387863668198555
5353,0.5929661015560329,0.27580662478482443,0.08734863697715706,0.04387863668198555
5354,0.5929661015560329,0.27580662478482443,0.08734863697715706,0.04387863668198555
5355,0.5929661015560329,0.27580662478482443,0.08734863697715706,0.04387863668198555
5356,0.5929661015560329,0.27580662478482443,0.08734863697715706,0.04387863668198555
5357,0.5929661015560329,0.27580662478482443,0.08734863697715706,0.04387863668198555
5358,0.5929661015560329,0.27580662478482443,0.08734863697715706,0.04387863668198555
5359,0.5929661015560329,0.27580662478482443,0.08734863697715706,0.04387863668198555
5360,0.5929661015560329,0.27580662478482443,0.08734863697715706,0.04387863668198555
5361,0.5929661015560329,0.27580662478482443,0.08734863697715706,0.04387863668198555
5362,0.5929661015560329,0.27580662478482443,0.08734863697715706,0.04387863668198555
5363,0.5929661015560329,0.27580662478482443,0.08734863697715706,0.04387863668198555
5364,0.5929661015560329,0.27580662478482443,0.08734863697715706,0.04387863668198555
5365,0.5929661015560329,0.27580662478482443,0.08734863697715706,0.04387863668198555
5366,0.5929661015560329,0.27580662478482443,0.08734863697715706,0.04387863668198555
5367,0.5929661015560329,0.27580662478482443,0.08734863697715706,0.04387863668198555
5368,0.5929661015560329,0.27580662478482443,0.08734863697715706,0.04387863668198555
5369,0.5929661015560329,0.27580662478482443,0.08734863697715706,0.04387863668198555
5370,0.5929661015560329,0.27580662478482443,0.08734863697715706,0.04387863668198555
5371,0.5929661015560329,0.27580662478482443,0.08734863697715706,0.04387863668198555
5372,0.5929661015560329,0.27580662478482443,0.08734863697715706,0.04387863668198555
5373,0.5929661015560329,0.27580662478482443,0.08734863697715706,0.04387863668198555
5374,0.5929661015560329,0.27580662478482443,0.08734863697715706,0.04387863668198555
5375,0.5929661015560329,0.27580662478482443,0.08734863697715706,0.04387863668198555
5376,0.5929661015560329,0.27580662478482443,0.08734863697715706,0.04387863668198555
5377,0.5929661015560329,0.27580662478482443,0.08734863697715706,0.04387863668198555
5378,0.5929661015560329,0.27580662478482443,0.08734863697715706,0.04387863668198555
5379,0.5929661015560329,0.27580662478482443,0.08734863697715706,0.04387863668198555
5380,0.5929661015560329,0.27580662478482443,0.08734863697715706,0.04387863668198555
5381,0.5929661015560329,0.27580662478482443,0.08734863697715706,0.04387863668198555
5382,0.5929661015560329,0.27580662478482443,0.08734863697715706,0.04387863668198555
5383,0.5929661015560329,0.27580662478482443,0.08734863697715706,0.04387863668198555
5384,0.5929661015560329,0.27580662478482443,0.08734863697715706,0.04387863668198555
5385,0.5929661015560329,0.27580662478482443,0.08734863697715706,0.04387863668198555
5386,0.5929661015560329,0.27580662478482443,0.08734863697715706,0.04387863668198555
5387,0.5929661015560329,0.27580662478482443,0.08734863697715706,0.04387863668198555
5388,0.5929661015560329,0.27580662478482443,0.08734863697715706,0.04387863668198555
5389,0.5929661015560329,0.27580662478482443,0.08734863697715706,0.04387863668198555
5390,0.5929661015560329,0.27580662478482443,0.08734863697715706,0.04387863668198555
5391,0.5929661015560329,0.27580662478482443,0.08734863697715706,0.04387863668198555
5392,0.5929661015560329,0.27580662478482443,0.08734863697715706,0.04387863668198555
5393,0.5929661015560329,0.27580662478482443,0.08734863697715706,0.04387863668198555
5394,0.5929661015560329,0.27580662478482443,0.08734863697715706,0.04387863668198555
5395,0.5929661015560329,0.27580662478482443,0.08734863697715706,0.04387863668198555
5396,0.5929661015560329,0.27580662478482443,0.08734863697715706,0.04387863668198555
5397,0.5929661015560329,0.27580662478482443,0.08734863697715706,0.04387863668198555
5398,0.5929661015560329,0.27580662478482443,0.08734863697715706,0.04387863668198555
5399,0.5929661015560329,0.27580662478482443,0.08734863697715706,0.04387863668198555
5400,0.5744106182166449,0.29367711205585567,0.0906584639339124,0.04125380579358704
5401,0.5744106182166449,0.29367711205585567,0.0906584639339124,0.04125380579358704
5402,0.5744106182166449,0.29367711205585567,0.0906584639339124,0.04125380579358704
5403,0.5744106182166449,0.29367711205585567,0.0906584639339124,0.04125380579358704
5404,0.5744106182166449,0.29367711205585567,0.0906584639339124,0.04125380579358704
5405,0.5744106182166449,0.29367711205585567,0.0906584639339124,0.04125380579358704
5406,0.5744106182166449,0.29367711205585567,0.0906584639339124,0.04125380579358704
5407,0.5744106182166449,0.29367711205585567,0.0906584639339124,0.04125380579358704
5408,0.5744106182166449,0.29367711205585567,0.0906584639339124,0.04125380579358704
5409,0.5744106182166449,0.29367711205585567,0.0906584639339124,0.04125380579358704
5410,0.5744106182166449,0.29367711205585567,0.0906584639339124,0.04125380579358704
5411,0.5744106182166449,0.29367711205585567,0.0906584639339124,0.04125380579358704
5412,0.5744106182166449,0.29367711205585567,0.0906584639339124,0.04125380579358704
5413,0.5744106182166449,0.29367711205585567,0.0906584639339124,0.04125380579358704
5414,0.5744106182166449,0.29367711205585567,0.0906584639339124,0.04125380579358704
5415,0.5744106182166449,0.29367711205585567,0.0906584639339124,0.04125380579358704
5416,0.5744106182166449,0.29367711205585567,0.0906584639339124,0.04125380579358704
5417,0.5744106182166449,0.29367711205585567,0.0906584639339124,0.04125380579358704
5418,0.5744106182166449,0.29367711205585567,0.0906584639339124,0.04125380579358704
5419,0.5744106182166449,0.29367711205585567,0.0906584639339124,0.04125380579358704
5420,0.5744106182166449,0.29367711205585567,0.0906584639339124,0.04125380579358704
5421,0.5744106182166449,0.29367711205585567,0.0906584639339124,0.04125380579358704
5422,0.5744106182166449,0.29367711205585567,0.0906584639339124,0.04125380579358704
5423,0.5744106182166449,0.29367711205585567,0.0906584639339124,0.04125380579358704
5424,0.5744106182166449,0.29367711205585567,0.0906584639339124,0.04125380579358704
5425,0.5744106182166449,0.29367711205585567,0.0906584639339124,0.04125380579358704
5426,0.5744106182166449,0.29367711205585567,0.0906584639339124,0.04125380579358704
5427,0.5744106182166449,0.29367711205585567,0.0906584639339124,0.04125380579358704
5428,0.5744106182166449,0.29367711205585567,0.0906584639339124,0.04125380579358704
5429,0.5744106182166449,0.29367711205585567,0.0906584639339124,0.04125380579358704
5430,0.5744106182166449,0.29367711205585567,0.0906584639339124,0.04125380579358704
5431,0.5744106182166449,0.29367711205585567,0.0906584639339124,0.04125380579358704
5432,0.5744106182166449,0.29367711205585567,0.0906584639339124,0.04125380579358704
5433,0.5744106182166449,0.29367711205585567,0.0906584639339124,0.04125380579358704
5434,0.5744106182166449,0.29367711205585567,0.0906584639339124,0.04125380579358704
5435,0.5744106182166449,0.29367711205585567,0.0906584639339124,0.04125380579358704
5436,0.5744106182166449,0.29367711205585567,0.0906584639339124,0.04125380579358704
5437,0.5744106182166449,0.29367711205585567,0.0906584639339124,0.04125380579358704
5438,0.5744106182166449,0.29367711205585567,0.0906584639339124,0.04125380579358704
5439,0.5744106182166449,0.29367711205585567,0.0906584639339124,0.04125380579358704
5440,0.5744106182166449,0.29367711205585567,0.0906584639339124,0.04125380579358704
5441,0.5744106182166449,0.29367711205585567,0.0906584639339124,0.04125380579358704
5442,0.5744106182166449,0.29367711205585567,0.0906584639339124,0.04125380579358704
5443,0.5744106182166449,0.29367711205585567,0.0906584639339124,0.04125380579358704
5444,0.5744106182166449,0.29367711205585567,0.0906584639339124,0.04125380579358704
5445,0.5744106182166449,0.29367711205585567,0.0906584639339124,0.04125380579358704
5446,0.5744106182166449,0.29367711205585567,0.0906584639339124,0.04125380579358704
5447,0.5744106182166449,0.29367711205585567,0.0906584639339124,0.04125380579358704
5448,0.5744106182166449,0.29367711205585567,0.0906584639339124,0.04125380579358704
5449,0.5744106182166449,0.29367711205585567,0.0906584639339124,0.04125380579358704
5450,0.5744106182166449,0.29367711205585567,0.0906584639339124,0.04125380579358704
5451,0.5744106182166449,0.29367711205585567,0.0906584639339124,0.04125380579358704
5452,0.5744106182166449,0.29367711205585567,0.0906584639339124,0.04125380579358704
5453,0.5744106182166449,0.29367711205585567,0.0906584639339124,0.04125380579358704
5454,0.5744106182166449,0.29367711205585567,0.0906584639339124,0.04125380579358704
5455,0.5744106182166449,0.29367711205585567,0.0906584639339124,0.04125380579358704
5456,0.5744106182166449,0.29367711205585567,0.0906584639339124,0.04125380579358704
5457,0.5744106182166449,0.29367711205585567,0.0906584639339124,0.04125380579358704
5458,0.5744106182166449,0.29367711205585567,0.0906584639339124,0.04125380579358704
5459,0.5744106182166449,0.29367711205585567,0.0906584639339124,0.04125380579358704
5460,0.5744106182166449,0.29367711205585567,0.0906584639339124,0.04125380579358704
5461,0.5744106182166449,0.29367711205585567,0.0906584639339124,0.04125380579358704
5462,0.5744106182166449,0.29367711205585567,0.0906584639339124,0.04125380579358704
5463,0.5744106182166449,0.29367711205585567,0.0906584639339124,0.04125380579358704
5464,0.5744106182166449,0.29367711205585567,0.0906584639339124,0.04125380579358704
5465,0.5744106182166449,0.29367711205585567,0.0906584639339124,0.04125380579358704
5466,0.5744106182166449,0.29367711205585567,0.0906584639339124,0.04125380579358704
5467,0.5744106182166449,0.29367711205585567,0.0906584639339124,0.04125380579358704
5468,0.5744106182166449,0.29367711205585567,0.0906584639339124,0.04125380579358704
5469,0.5744106182166449,0.29367711205585567,0.0906584639339124,0.04125380579358704
5470,0.5744106182166449,0.29367711205585567,0.0906584639339124,0.04125380579358704
5471,0.5744106182166449,0.29367711205585567,0.0906584639339124,0.04125380579358704
5472,0.5744106182166449,0.29367711205585567,0.0906584639339124,0.04125380579358704
5473,0.5744106182166449,0.29367711205585567,0.0906584639339124,0.04125380579358704
5474,0.5744106182166449,0.29367711205585567,0.0906584639339124,0.04125380579358704
5475,0.5744106182166449,0.29367711205585567,0.0906584639339124,0.04125380579358704
5476,0.5744106182166449,0.29367711205585567,0.0906584639339124,0.04125380579358704
5477,0.5744106182166449,0.29367711205585567,0.0906584639339124,0.04125380579358704
5478,0.5744106182166449,0.29367711205585567,0.0906584639339124,0.04125380579358704
5479,0.5744106182166449,0.29367711205585567,0.0906584639339124,0.04125380579358704
5480,0.5744106182166449,0.29367711205585567,0.0906584639339124,0.04125380579358704
5481,0.5744106182166449,0.29367711205585567,0.0906584639339124,0.04125380579358704
5482,0.5744106182166449,0.29367711205585567,0.0906584639339124,0.04125380579358704
5483,0.5744106182166449,0.29367711205585567,0.0906584639339124,0.04125380579358704
5484,0.5744106182166449,0.29367711205585567,0.0906584639339124,0.04125380579358704
5485,0.5744106182166449,0.29367711205585567,0.0906584639339124,0.04125380579358704
5486,0.5744106182166449,0.29367711205585567,0.0906584639339124,0.04125380579358704
5487,0.5744106182166449,0.29367711205585567,0.0906584639339124,0.04125380579358704
5488,0.5744106182166449,0.29367711205585567,0.0906584639339124,0.04125380579358704
5489,0.5744106182166449,0.29367711205585567,0.0906584639339124,0.04125380579358704
5490,0.5744106182166449,0.29367711205585567,0.0906584639339124,0.04125380579358704
5491,0.5744106182166449,0.29367711205585567,0.0906584639339124,0.04125380579358704
5492,0.5744106182166449,0.29367711205585567,0.0906584639339124,0.04125380579358704
5493,0.5744106182166449,0.29367711205585567,0.0906584639339124,0.04125380579358704
5494,0.5744106182166449,0.29367711205585567,0.0906584639339124,0.04125380579358704
5495,0.5744106182166449,0.29367711205585567,0.0906584639339124,0.04125380579358704
5496,0.5744106182166449,0.29367711205585567,0.0906584639339124,0.04125380579358704
5497,0.5744106182166449,0.29367711205585567,0.0906584639339124,0.04125380579358704
5498,0.5744106182166449,0.29367711205585567,0.0906584639339124,0.04125380579358704
5499,0.5744106182166449,0.29367711205585567,0.0906584639339124,0.04125380579358704
5500,0.566288272724989,0.31708900830058095,0.0763382526511144,0.0402844663233156
5501,0.566288272724989,0.31708900830058095,0.0763382526511144,0.0402844663233156
5502,0.566288272724989,0.31708900830058095,0.0763382526511144,0.0402844663233156
5503,0.566288272724989,0.31708900830058095,0.0763382526511144,0.0402844663233156
5504,0.566288272724989,0.31708900830058095,0.0763382526511144,0.0402844663233156
5505,0.566288272724989,0.31708900830058095,0.0763382526511144,0.0402844663233156
5506,0.566288272724989,0.31708900830058095,0.0763382526511144,0.0402844663233156
5507,0.566288272724989,0.31708900830058095,0.0763382526511144,0.0402844663233156
5508,0.566288272724989,0.31708900830058095,0.0763382526511144,0.0402844663233156
5509,0.566288272724989,0.31708900830058095,0.0763382526511144,0.0402844663233156
5510,0.566288272724989,0.31708900830058095,0.0763382526511144,0.0402844663233156
5511,0.566288272724989,0.31708900830058095,0.0763382526511144,0.0402844663233156
5512,0.566288272724989,0.31708900830058095,0.0763382526511144,0.0402844663233156
5513,0.566288272724989,0.31708900830058095,0.0763382526511144,0.0402844663233156
5514,0.566288272724989,0.31708900830058095,0.0763382526511144,0.0402844663233156
5515,0.566288272724989,0.31708900830058095,0.0763382526511144,0.0402844663233156
5516,0.566288272724989,0.31708900830058095,0.0763382526511144,0.0402844663233156
5517,0.566288272724989,0.31708900830058095,0.0763382526511144,0.0402844663233156
5518,0.566288272724989,0.31708900830058095,0.0763382526511144,0.0402844663233156
5519,0.566288272724989,0.31708900830058095,0.0763382526511144,0.0402844663233156
5520,0.566288272724989,0.31708900830058095,0.0763382526511144,0.0402844663233156
5521,0.566288272724989,0.31708900830058095,0.0763382526511144,0.0402844663233156
5522,0.566288272724989,0.31708900830058095,0.0763382526511144,0.0402844663233156
5523,0.566288272724989,0.31708900830058095,0.0763382526511144,0.0402844663233156
5524,0.566288272724989,0.31708900830058095,0.0763382526511144,0.0402844663233156
5525,0.566288272724989,0.31708900830058095,0.0763382526511144,0.0402844663233156
5526,0.566288272724989,0.31708900830058095,0.0763382526511144,0.0402844663233156
5527,0.566288272724989,0.31708900830058095,0.0763382526511144,0.0402844663233156
5528,0.566288272724989,0.31708900830058095,0.0763382526511144,0.0402844663233156
5529,0.566288272724989,0.31708900830058095,0.0763382526511144,0.0402844663233156
5530,0.566288272724989,0.31708900830058095,0.0763382526511144,0.0402844663233156
5531,0.566288272724989,0.31708900830058095,0.0763382526511144,0.0402844663233156
5532,0.566288272724989,0.31708900830058095,0.0763382526511144,0.0402844663233156
5533,0.566288272724989,0.31708900830058095,0.0763382526511144,0.0402844663233156
5534,0.566288272724989,0.31708900830058095,0.0763382526511144,0.0402844663233156
5535,0.566288272724989,0.31708900830058095,0.0763382526511144,0.0402844663233156
5536,0.566288272724989,0.31708900830058095,0.0763382526511144,0.0402844663233156
5537,0.566288272724989,0.31708900830058095,0.0763382526511144,0.0402844663233156
5538,0.566288272724989,0.31708900830058095,0.0763382526511144,0.0402844663233156
5539,0.566288272724989,0.31708900830058095,0.0763382526511144,0.0402844663233156
5540,0.566288272724989,0.31708900830058095,0.0763382526511144,0.0402844663233156
5541,0.566288272724989,0.31708900830058095,0.0763382526511144,0.0402844663233156
5542,0.566288272724989,0.31708900830058095,0.0763382526511144,0.0402844663233156
5543,0.566288272724989,0.31708900830058095,0.0763382526511144,0.0402844663233156
5544,0.566288272724989,0.31708900830058095,0.0763382526511144,0.0402844663233156
5545,0.566288272724989,0.31708900830058095,0.0763382526511144,0.0402844663233156
5546,0.566288272724989,0.31708900830058095,0.0763382526511144,0.0402844663233156
5547,0.566288272724989,0.31708900830058095,0.0763382526511144,0.0402844663233156
5548,0.566288272724989,0.31708900830058095,0.0763382526511144,0.0402844663233156
5549,0.566288272724989,0.31708900830058095,0.0763382526511144,0.0402844663233156
5550,0.566288272724989,0.31708900830058095,0.0763382526511144,0.0402844663233156
5551,0.566288272724989,0.31708900830058095,0.0763382526511144,0.0402844663233156
5552,0.566288272724989,0.31708900830058095,0.0763382526511144,0.0402844663233156
5553,0.566288272724989,0.31708900830058095,0.0763382526511144,0.0402844663233156
5554,0.566288272724989,0.31708900830058095,0.0763382526511144,0.0402844663233156
5555,0.566288272724989,0.31708900830058095,0.0763382526511144,0.0402844663233156
5556,0.566288272724989,0.31708900830058095,0.0763382526511144,0.0402844663233156
5557,0.566288272724989,0.31708900830058095,0.0763382526511144,0.0402844663233156
5558,0.566288272724989,0.31708900830058095,0.0763382526511144,0.0402844663233156
5559,0.566288272724989,0.31708900830058095,0.0763382526511144,0.0402844663233156
5560,0.566288272724989,0.31708900830058095,0.0763382526511144,0.0402844663233156
5561,0.566288272724989,0.31708900830058095,0.0763382526511144,0.0402844663233156
5562,0.566288272724989,0.31708900830058095,0.0763382526511144,0.0402844663233156
5563,0.566288272724989,0.31708900830058095,0.0763382526511144,0.0402844663233156
5564,0.566288272724989,0.31708900830058095,0.0763382526511144,0.0402844663233156
5565,0.566288272724989,0.31708900830058095,0.0763382526511144,0.0402844663233156
5566,0.566288272724989,0.31708900830058095,0.0763382526511144,0.0402844663233156
5567,0.566288272724989,0.31708900830058095,0.0763382526511144,0.0402844663233156
5568,0.566288272724989,0.31708900830058095,0.0763382526511144,0.0402844663233156
5569,0.566288272724989,0.31708900830058095,0.0763382526511144,0.0402844663233156
5570,0.566288272724989,0.31708900830058095,0.0763382526511144,0.0402844663233156
5571,0.566288272724989,0.31708900830058095,0.0763382526511144,0.0402844663233156
5572,0.566288272724989,0.31708900830058095,0.0763382526511144,0.0402844663233156
5573,0.566288272724989,0.31708900830058095,0.0763382526511144,0.0402844663233156
5574,0.566288272724989,0.31708900830058095,0.0763382526511144,0.0402844663233156
5575,0.566288272724989,0.31708900830058095,0.0763382526511144,0.0402844663233156
5576,0.566288272724989,0.31708900830058095,0.0763382526511144,0.0402844663233156
5577,0.566288272724989,0.31708900830058095,0.0763382526511144,0.0402844663233156
5578,0.566288272724989,0.31708900830058095,0.0763382526511144,0.0402844663233156
5579,0.566288272724989,0.31708900830058095,0.0763382526511144,0.0402844663233156
5580,0.566288272724989,0.31708900830058095,0.0763382526511144,0.0402844663233156
5581,0.566288272724989,0.31708900830058095,0.0763382526511144,0.0402844663233156
5582,0.566288272724989,0.31708900830058095,0.0763382526511144,0.0402844663233156
5583,0.566288272724989,0.31708900830058095,0.0763382526511144,0.0402844663233156
5584,0.566288272724989,0.31708900830058095,0.0763382526511144,0.0402844663233156
5585,0.566288272724989,0.31708900830058095,0.0763382526511144,0.0402844663233156
5586,0.566288272724989,0.31708900830058095,0.0763382526511144,0.0402844663233156
5587,0.566288272724989,0.31708900830058095,0.0763382526511144,0.0402844663233156
5588,0.566288272724989,0.31708900830058095,0.0763382526511144,0.0402844663233156
5589,0.566288272724989,0.31708900830058095,0.0763382526511144,0.0402844663233156
5590,0.566288272724989,0.31708900830058095,0.0763382526511144,0.0402844663233156
5591,0.566288272724989,0.31708900830058095,0.0763382526511144,0.0402844663233156
5592,0.566288272724989,0.31708900830058095,0.0763382526511144,0.0402844663233156
5593,0.566288272724989,0.31708900830058095,0.0763382526511144,0.0402844663233156
5594,0.566288272724989,0.31708900830058095,0.0763382526511144,0.0402844663233156
5595,0.566288272724989,0.31708900830058095,0.0763382526511144,0.0402844663233156
5596,0.566288272724989,0.31708900830058095,0.0763382526511144,0.0402844663233156
5597,0.566288272724989,0.31708900830058095,0.0763382526511144,0.0402844663233156
5598,0.566288272724989,0.31708900830058095,0.0763382526511144,0.0402844663233156
5599,0.566288272724989,0.31708900830058095,0.0763382526511144,0.0402844663233156
5600,0.5765737706899235,0.31871843341027056,0.06262400027167887,0.0420837956281269
5601,0.5765737706899235,0.31871843341027056,0.06262400027167887,0.0420837956281269
5602,0.5765737706899235,0.31871843341027056,0.06262400027167887,0.0420837956281269
5603,0.5765737706899235,0.31871843341027056,0.06262400027167887,0.0420837956281269
5604,0.5765737706899235,0.31871843341027056,0.06262400027167887,0.0420837956281269
5605,0.5765737706899235,0.31871843341027056,0.06262400027167887,0.0420837956281269
5606,0.5765737706899235,0.31871843341027056,0.06262400027167887,0.0420837956281269
5607,0.5765737706899235,0.31871843341027056,0.06262400027167887,0.0420837956281269
5608,0.5765737706899235,0.31871843341027056,0.06262400027167887,0.0420837956281269
5609,0.5765737706899235,0.31871843341027056,0.06262400027167887,0.0420837956281269
5610,0.5765737706899235,0.31871843341027056,0.06262400027167887,0.0420837956281269
5611,0.5765737706899235,0.31871843341027056,0.06262400027167887,0.0420837956281269
5612,0.5765737706899235,0.31871843341027056,0.06262400027167887,0.0420837956281269
5613,0.5765737706899235,0.31871843341027056,0.06262400027167887,0.0420837956281269
5614,0.5765737706899235,0.31871843341027056,0.06262400027167887,0.0420837956281269
5615,0.5765737706899235,0.31871843341027056,0.06262400027167887,0.0420837956281269
5616,0.5765737706899235,0.31871843341027056,0.06262400027167887,0.0420837956281269
5617,0.5765737706899235,0.31871843341027056,0.06262400027167887,0.0420837956281269
5618,0.5765737706899235,0.31871843341027056,0.06262400027167887,0.0420837956281269
5619,0.5765737706899235,0.31871843341027056,0.06262400027167887,0.0420837956281269
5620,0.5765737706899235,0.31871843341027056,0.06262400027167887,0.0420837956281269
5621,0.5765737706899235,0.31871843341027056,0.06262400027167887,0.0420837956281269
5622,0.5765737706899235,0.31871843341027056,0.06262400027167887,0.0420837956281269
5623,0.5765737706899235,0.31871843341027056,0.06262400027167887,0.0420837956281269
5624,0.5765737706899235,0.31871843341027056,0.06262400027167887,0.0420837956281269
5625,0.5765737706899235,0.31871843341027056,0.06262400027167887,0.0420837956281269
5626,0.5765737706899235,0.31871843341027056,0.06262400027167887,0.0420837956281269
5627,0.5765737706899235,0.31871843341027056,0.06262400027167887,0.0420837956281269
5628,0.5765737706899235,0.31871843341027056,0.06262400027167887,0.0420837956281269
5629,0.5765737706899235,0.31871843341027056,0.06262400027167887,0.0420837956281269
5630,0.5765737706899235,0.31871843341027056,0.06262400027167887,0.0420837956281269
5631,0.5765737706899235,0.31871843341027056,0.06262400027167887,0.0420837956281269
5632,0.5765737706899235,0.31871843341027056,0.06262400027167887,0.0420837956281269
5633,0.5765737706899235,0.31871843341027056,0.06262400027167887,0.0420837956281269
5634,0.5765737706899235,0.31871843341027056,0.06262400027167887,0.0420837956281269
5635,0.5765737706899235,0.31871843341027056,0.06262400027167887,0.0420837956281269
5636,0.5765737706899235,0.31871843341027056,0.06262400027167887,0.0420837956281269
5637,0.5765737706899235,0.31871843341027056,0.06262400027167887,0.0420837956281269
5638,0.5765737706899235,0.31871843341027056,0.06262400027167887,0.0420837956281269
5639,0.5765737706899235,0.31871843341027056,0.06262400027167887,0.0420837956281269
5640,0.5765737706899235,0.31871843341027056,0.06262400027167887,0.0420837956281269
5641,0.5765737706899235,0.31871843341027056,0.06262400027167887,0.0420837956281269
5642,0.5765737706899235,0.31871843341027056,0.06262400027167887,0.0420837956281269
5643,0.5765737706899235,0.31871843341027056,0.06262400027167887,0.0420837956281269
5644,0.5765737706899235,0.31871843341027056,0.06262400027167887,0.0420837956281269
5645,0.5765737706899235,0.31871843341027056,0.06262400027167887,0.0420837956281269
5646,0.5765737706899235,0.31871843341027056,0.06262400027167887,0.0420837956281269
5647,0.5765737706899235,0.31871843341027056,0.06262400027167887,0.0420837956281269
5648,0.5765737706899235,0.31871843341027056,0.06262400027167887,0.0420837956281269
5649,0.5765737706899235,0.31871843341027056,0.06262400027167887,0.0420837956281269
5650,0.5765737706899235,0.31871843341027056,0.06262400027167887,0.0420837956281269
5651,0.5765737706899235,0.31871843341027056,0.06262400027167887,0.0420837956281269
5652,0.5765737706899235,0.31871843341027056,0.06262400027167887,0.0420837956281269
5653,0.5765737706899235,0.31871843341027056,0.06262400027167887,0.0420837956281269
5654,0.5765737706899235,0.31871843341027056,0.06262400027167887,0.0420837956281269
5655,0.5765737706899235,0.31871843341027056,0.06262400027167887,0.0420837956281269
5656,0.5765737706899235,0.31871843341027056,0.06262400027167887,0.0420837956281269
5657,0.5765737706899235,0.31871843341027056,0.06262400027167887,0.0420837956281269
5658,0.5765737706899235,0.31871843341027056,0.06262400027167887,0.0420837956281269
5659,0.5765737706899235,0.31871843341027056,0.06262400027167887,0.0420837956281269
5660,0.5765737706899235,0.31871843341027056,0.06262400027167887,0.0420837956281269
5661,0.5765737706899235,0.31871843341027056,0.06262400027167887,0.0420837956281269
5662,0.5765737706899235,0.31871843341027056,0.06262400027167887,0.0420837956281269
5663,0.5765737706899235,0.31871843341027056,0.06262400027167887,0.0420837956281269
5664,0.5765737706899235,0.31871843341027056,0.06262400027167887,0.0420837956281269
5665,0.5765737706899235,0.31871843341027056,0.06262400027167887,0.0420837956281269
5666,0.5765737706899235,0.31871843341027056,0.06262400027167887,0.0420837956281269
5667,0.5765737706899235,0.31871843341027056,0.06262400027167887,0.0420837956281269
5668,0.5765737706899235,0.31871843341027056,0.06262400027167887,0.0420837956281269
5669,0.5765737706899235,0.31871843341027056,0.06262400027167887,0.0420837956281269
5670,0.5765737706899235,0.31871843341027056,0.06262400027167887,0.0420837956281269
5671,0.5765737706899235,0.31871843341027056,0.06262400027167887,0.0420837956281269
5672,0.5765737706899235,0.31871843341027056,0.06262400027167887,0.0420837956281269
5673,0.5765737706899235,0.31871843341027056,0.06262400027167887,0.0420837956281269
5674,0.5765737706899235,0.31871843341027056,0.06262400027167887,0.0420837956281269
5675,0.5765737706899235,0.31871843341027056,0.06262400027167887,0.0420837956281269
5676,0.5765737706899235,0.31871843341027056,0.06262400027167887,0.0420837956281269
5677,0.5765737706899235,0.31871843341027056,0.06262400027167887,0.0420837956281269
5678,0.5765737706899235,0.31871843341027056,0.06262400027167887,0.0420837956281269
5679,0.5765737706899235,0.31871843341027056,0.06262400027167887,0.0420837956281269
5680,0.5765737706899235,0.31871843341027056,0.06262400027167887,0.0420837956281269
5681,0.5765737706899235,0.31871843341027056,0.06262400027167887,0.0420837956281269
5682,0.5765737706899235,0.31871843341027056,0.06262400027167887,0.0420837956281269
5683,0.5765737706899235,0.31871843341027056,0.06262400027167887,0.0420837956281269
5684,0.5765737706899235,0.31871843341027056,0.06262400027167887,0.0420837956281269
5685,0.5765737706899235,0.31871843341027056,0.06262400027167887,0.0420837956281269
5686,0.5765737706899235,0.31871843341027056,0.06262400027167887,0.0420837956281269
5687,0.5765737706899235,0.31871843341027056,0.06262400027167887,0.0420837956281269
5688,0.5765737706899235,0.31871843341027056,0.06262400027167887,0.0420837956281269
5689,0.5765737706899235,0.31871843341027056,0.06262400027167887,0.0420837956281269
5690,0.5765737706899235,0.31871843341027056,0.06262400027167887,0.0420837956281269
5691,0.5765737706899235,0.31871843341027056,0.06262400027167887,0.0420837956281269
5692,0.5765737706899235,0.31871843341027056,0.06262400027167887,0.0420837956281269
5693,0.5765737706899235,0.31871843341027056,0.06262400027167887,0.0420837956281269
5694,0.5765737706899235,0.31871843341027056,0.06262400027167887,0.0420837956281269
5695,0.5765737706899235,0.31871843341027056,0.06262400027167887,0.0420837956281269
5696,0.5765737706899235,0.31871843341027056,0.06262400027167887,0.0420837956281269
5697,0.5765737706899235,0.31871843341027056,0.06262400027167887,0.0420837956281269
5698,0.5765737706899235,0.31871843341027056,0.06262400027167887,0.0420837956281269
5699,0.5765737706899235,0.31871843341027056,0.06262400027167887,0.0420837956281269
5700,0.5419250009137887,0.27769597015309244,0.1394022719174189,0.04097675701569984
5701,0.5419250009137887,0.27769597015309244,0.1394022719174189,0.04097675701569984
5702,0.5419250009137887,0.27769597015309244,0.1394022719174189,0.04097675701569984
5703,0.5419250009137887,0.27769597015309244,0.1394022719174189,0.04097675701569984
5704,0.5419250009137887,0.27769597015309244,0.1394022719174189,0.04097675701569984
5705,0.5419250009137887,0.27769597015309244,0.1394022719174189,0.04097675701569984
5706,0.5419250009137887,0.27769597015309244,0.1394022719174189,0.04097675701569984
5707,0.5419250009137887,0.27769597015309244,0.1394022719174189,0.04097675701569984
5708,0.5419250009137887,0.27769597015309244,0.1394022719174189,0.04097675701569984
5709,0.5419250009137887,0.27769597015309244,0.1394022719174189,0.04097675701569984
5710,0.5419250009137887,0.27769597015309244,0.1394022719174189,0.04097675701569984
5711,0.5419250009137887,0.27769597015309244,0.1394022719174189,0.04097675701569984
5712,0.5419250009137887,0.27769597015309244,0.1394022719174189,0.04097675701569984
5713,0.5419250009137887,0.27769597015309244,0.1394022719174189,0.04097675701569984
5714,0.5419250009137887,0.27769597015309244,0.1394022719174189,0.04097675701569984
5715,0.5419250009137887,0.27769597015309244,0.1394022719174189,0.04097675701569984
5716,0.5419250009137887,0.27769597015309244,0.1394022719174189,0.04097675701569984
5717,0.5419250009137887,0.27769597015309244,0.1394022719174189,0.04097675701569984
5718,0.5419250009137887,0.27769597015309244,0.1394022719174189,0.04097675701569984
5719,0.5419250009137887,0.27769597015309244,0.1394022719174189,0.04097675701569984
5720,0.5419250009137887,0.27769597015309244,0.1394022719174189,0.04097675701569984
5721,0.5419250009137887,0.27769597015309244,0.1394022719174189,0.04097675701569984
5722,0.5419250009137887,0.27769597015309244,0.1394022719174189,0.04097675701569984
5723,0.5419250009137887,0.27769597015309244,0.1394022719174189,0.04097675701569984
5724,0.5419250009137887,0.27769597015309244,0.1394022719174189,0.04097675701569984
5725,0.5419250009137887,0.27769597015309244,0.1394022719174189,0.04097675701569984
5726,0.5419250009137887,0.27769597015309244,0.1394022719174189,0.04097675701569984
5727,0.5419250009137887,0.27769597015309244,0.1394022719174189,0.04097675701569984
5728,0.5419250009137887,0.27769597015309244,0.1394022719174189,0.04097675701569984
5729,0.5419250009137887,0.27769597015309244,0.1394022719174189,0.04097675701569984
5730,0.5419250009137887,0.27769597015309244,0.1394022719174189,0.04097675701569984
5731,0.5419250009137887,0.27769597015309244,0.1394022719174189,0.04097675701569984
5732,0.5419250009137887,0.27769597015309244,0.1394022719174189,0.04097675701569984
5733,0.5419250009137887,0.27769597015309244,0.1394022719174189,0.04097675701569984
5734,0.5419250009137887,0.27769597015309244,0.1394022719174189,0.04097675701569984
5735,0.5419250009137887,0.27769597015309244,0.1394022719174189,0.04097675701569984
5736,0.5419250009137887,0.27769597015309244,0.1394022719174189,0.04097675701569984
5737,0.5419250009137887,0.27769597015309244,0.1394022719174189,0.04097675701569984
5738,0.5419250009137887,0.27769597015309244,0.1394022719174189,0.04097675701569984
5739,0.5419250009137887,0.27769597015309244,0.1394022719174189,0.04097675701569984
5740,0.5419250009137887,0.27769597015309244,0.1394022719174189,0.04097675701569984
5741,0.5419250009137887,0.27769597015309244,0.1394022719174189,0.04097675701569984
5742,0.5419250009137887,0.27769597015309244,0.1394022719174189,0.04097675701569984
5743,0.5419250009137887,0.27769597015309244,0.1394022719174189,0.04097675701569984
5744,0.5419250009137887,0.27769597015309244,0.1394022719174189,0.04097675701569984
5745,0.5419250009137887,0.27769597015309244,0.1394022719174189,0.04097675701569984
5746,0.5419250009137887,0.27769597015309244,0.1394022719174189,0.04097675701569984
5747,0.5419250009137887,0.27769597015309244,0.1394022719174189,0.04097675701569984
5748,0.5419250009137887,0.27769597015309244,0.1394022719174189,0.04097675701569984
5749,0.5419250009137887,0.27769597015309244,0.1394022719174189,0.04097675701569984
5750,0.5419250009137887,0.27769597015309244,0.1394022719174189,0.04097675701569984
5751,0.5419250009137887,0.27769597015309244,0.1394022719174189,0.04097675701569984
5752,0.5419250009137887,0.27769597015309244,0.1394022719174189,0.04097675701569984
5753,0.5419250009137887,0.27769597015309244,0.1394022719174189,0.04097675701569984
5754,0.5419250009137887,0.27769597015309244,0.1394022719174189,0.04097675701569984
5755,0.5419250009137887,0.27769597015309244,0.1394022719174189,0.04097675701569984
5756,0.5419250009137887,0.27769597015309244,0.1394022719174189,0.04097675701569984
5757,0.5419250009137887,0.27769597015309244,0.1394022719174189,0.04097675701569984
5758,0.5419250009137887,0.27769597015309244,0.1394022719174189,0.04097675701569984
5759,0.5419250009137887,0.27769597015309244,0.1394022719174189,0.04097675701569984
5760,0.5419250009137887,0.27769597015309244,0.1394022719174189,0.04097675701569984
5761,0.5419250009137887,0.27769597015309244,0.1394022719174189,0.04097675701569984
5762,0.5419250009137887,0.27769597015309244,0.1394022719174189,0.04097675701569984
5763,0.5419250009137887,0.27769597015309244,0.1394022719174189,0.04097675701569984
5764,0.5419250009137887,0.27769597015309244,0.1394022719174189,0.04097675701569984
5765,0.5419250009137887,0.27769597015309244,0.1394022719174189,0.04097675701569984
5766,0.5419250009137887,0.27769597015309244,0.1394022719174189,0.04097675701569984
5767,0.5419250009137887,0.27769597015309244,0.1394022719174189,0.04097675701569984
5768,0.5419250009137887,0.27769597015309244,0.1394022719174189,0.04097675701569984
5769,0.5419250009137887,0.27769597015309244,0.1394022719174189,0.04097675701569984
5770,0.5419250009137887,0.27769597015309244,0.1394022719174189,0.04097675701569984
5771,0.5419250009137887,0.27769597015309244,0.1394022719174189,0.04097675701569984
5772,0.5419250009137887,0.27769597015309244,0.1394022719174189,0.04097675701569984
5773,0.5419250009137887,0.27769597015309244,0.1394022719174189,0.04097675701569984
5774,0.5419250009137887,0.27769597015309244,0.1394022719174189,0.04097675701569984
5775,0.5419250009137887,0.27769597015309244,0.1394022719174189,0.04097675701569984
5776,0.5419250009137887,0.27769597015309244,0.1394022719174189,0.04097675701569984
5777,0.5419250009137887,0.27769597015309244,0.1394022719174189,0.04097675701569984
5778,0.5419250009137887,0.27769597015309244,0.1394022719174189,0.04097675701569984
5779,0.5419250009137887,0.27769597015309244,0.1394022719174189,0.04097675701569984
5780,0.5419250009137887,0.27769597015309244,0.1394022719174189,0.04097675701569984
5781,0.5419250009137887,0.27769597015309244,0.1394022719174189,0.04097675701569984
5782,0.5419250009137887,0.27769597015309244,0.1394022719174189,0.04097675701569984
5783,0.5419250009137887,0.27769597015309244,0.1394022719174189,0.04097675701569984
5784,0.5419250009137887,0.27769597015309244,0.1394022719174189,0.04097675701569984
5785,0.5419250009137887,0.27769597015309244,0.1394022719174189,0.04097675701569984
5786,0.5419250009137887,0.27769597015309244,0.1394022719174189,0.04097675701569984
5787,0.5419250009137887,0.27769597015309244,0.1394022719174189,0.04097675701569984
5788,0.5419250009137887,0.27769597015309244,0.1394022719174189,0.04097675701569984
5789,0.5419250009137887,0.27769597015309244,0.1394022719174189,0.04097675701569984
5790,0.5419250009137887,0.27769597015309244,0.1394022719174189,0.04097675701569984
5791,0.5419250009137887,0.27769597015309244,0.1394022719174189,0.04097675701569984
5792,0.5419250009137887,0.27769597015309244,0.1394022719174189,0.04097675701569984
5793,0.5419250009137887,0.27769597015309244,0.1394022719174189,0.04097675701569984
5794,0.5419250009137887,0.27769597015309244,0.1394022719174189,0.04097675701569984
5795,0.5419250009137887,0.27769597015309244,0.1394022719174189,0.04097675701569984
5796,0.5419250009137887,0.27769597015309244,0.1394022719174189,0.04097675701569984
5797,0.5419250009137887,0.27769597015309244,0.1394022719174189,0.04097675701569984
5798,0.5419250009137887,0.27769597015309244,0.1394022719174189,0.04097675701569984
5799,0.5419250009137887,0.27769597015309244,0.1394022719174189,0.04097675701569984
5800,0.5816273373049224,0.26998960936620614,0.10595277529791192,0.0424302780309595
5801,0.5816273373049224,0.26998960936620614,0.10595277529791192,0.0424302780309595
5802,0.5816273373049224,0.26998960936620614,0.10595277529791192,0.0424302780309595
5803,0.5816273373049224,0.26998960936620614,0.10595277529791192,0.0424302780309595
5804,0.5816273373049224,0.26998960936620614,0.10595277529791192,0.0424302780309595
5805,0.5816273373049224,0.26998960936620614,0.10595277529791192,0.0424302780309595
5806,0.5816273373049224,0.26998960936620614,0.10595277529791192,0.0424302780309595
5807,0.5816273373049224,0.26998960936620614,0.10595277529791192,0.0424302780309595
5808,0.5816273373049224,0.26998960936620614,0.10595277529791192,0.0424302780309595
5809,0.5816273373049224,0.26998960936620614,0.10595277529791192,0.0424302780309595
5810,0.5816273373049224,0.26998960936620614,0.10595277529791192,0.0424302780309595
5811,0.5816273373049224,0.26998960936620614,0.10595277529791192,0.0424302780309595
5812,0.5816273373049224,0.26998960936620614,0.10595277529791192,0.0424302780309595
5813,0.5816273373049224,0.26998960936620614,0.10595277529791192,0.0424302780309595
5814,0.5816273373049224,0.26998960936620614,0.10595277529791192,0.0424302780309595
5815,0.5816273373049224,0.26998960936620614,0.10595277529791192,0.0424302780309595
5816,0.5816273373049224,0.26998960936620614,0.10595277529791192,0.0424302780309595
5817,0.5816273373049224,0.26998960936620614,0.10595277529791192,0.0424302780309595
5818,0.5816273373049224,0.26998960936620614,0.10595277529791192,0.0424302780309595
5819,0.5816273373049224,0.26998960936620614,0.10595277529791192,0.0424302780309595
5820,0.5816273373049224,0.26998960936620614,0.10595277529791192,0.0424302780309595
5821,0.5816273373049224,0.26998960936620614,0.10595277529791192,0.0424302780309595
5822,0.5816273373049224,0.26998960936620614,0.10595277529791192,0.0424302780309595
5823,0.5816273373049224,0.26998960936620614,0.10595277529791192,0.0424302780309595
5824,0.5816273373049224,0.26998960936620614,0.10595277529791192,0.0424302780309595
5825,0.5816273373049224,0.26998960936620614,0.10595277529791192,0.0424302780309595
5826,0.5816273373049224,0.26998960936620614,0.10595277529791192,0.0424302780309595
5827,0.5816273373049224,0.26998960936620614,0.10595277529791192,0.0424302780309595
5828,0.5816273373049224,0.26998960936620614,0.10595277529791192,0.0424302780309595
5829,0.5816273373049224,0.26998960936620614,0.10595277529791192,0.0424302780309595
5830,0.5816273373049224,0.26998960936620614,0.10595277529791192,0.0424302780309595
5831,0.5816273373049224,0.26998960936620614,0.10595277529791192,0.0424302780309595
5832,0.5816273373049224,0.26998960936620614,0.10595277529791192,0.0424302780309595
5833,0.5816273373049224,0.26998960936620614,0.10595277529791192,0.0424302780309595
5834,0.5816273373049224,0.26998960936620614,0.10595277529791192,0.0424302780309595
5835,0.5816273373049224,0.26998960936620614,0.10595277529791192,0.0424302780309595
5836,0.5816273373049224,0.26998960936620614,0.10595277529791192,0.0424302780309595
5837,0.5816273373049224,0.26998960936620614,0.10595277529791192,0.0424302780309595
5838,0.5816273373049224,0.26998960936620614,0.10595277529791192,0.0424302780309595
5839,0.5816273373049224,0.26998960936620614,0.10595277529791192,0.0424302780309595
5840,0.5816273373049224,0.26998960936620614,0.10595277529791192,0.0424302780309595
5841,0.5816273373049224,0.26998960936620614,0.10595277529791192,0.0424302780309595
5842,0.5816273373049224,0.26998960936620614,0.10595277529791192,0.0424302780309595
5843,0.5816273373049224,0.26998960936620614,0.10595277529791192,0.0424302780309595
5844,0.5816273373049224,0.26998960936620614,0.10595277529791192,0.0424302780309595
5845,0.5816273373049224,0.26998960936620614,0.10595277529791192,0.0424302780309595
5846,0.5816273373049224,0.26998960936620614,0.10595277529791192,0.0424302780309595
5847,0.5816273373049224,0.26998960936620614,0.10595277529791192,0.0424302780309595
5848,0.5816273373049224,0.26998960936620614,0.10595277529791192,0.0424302780309595
5849,0.5816273373049224,0.26998960936620614,0.10595277529791192,0.0424302780309595
5850,0.5816273373049224,0.26998960936620614,0.10595277529791192,0.0424302780309595
5851,0.5816273373049224,0.26998960936620614,0.10595277529791192,0.0424302780309595
5852,0.5816273373049224,0.26998960936620614,0.10595277529791192,0.0424302780309595
5853,0.5816273373049224,0.26998960936620614,0.10595277529791192,0.0424302780309595
5854,0.5816273373049224,0.26998960936620614,0.10595277529791192,0.0424302780309595
5855,0.5816273373049224,0.26998960936620614,0.10595277529791192,0.0424302780309595
5856,0.5816273373049224,0.26998960936620614,0.10595277529791192,0.0424302780309595
5857,0.5816273373049224,0.26998960936620614,0.10595277529791192,0.0424302780309595
5858,0.5816273373049224,0.26998960936620614,0.10595277529791192,0.0424302780309595
5859,0.5816273373049224,0.26998960936620614,0.10595277529791192,0.0424302780309595
5860,0.5816273373049224,0.26998960936620614,0.10595277529791192,0.0424302780309595
5861,0.5816273373049224,0.26998960936620614,0.10595277529791192,0.0424302780309595
5862,0.5816273373049224,0.26998960936620614,0.10595277529791192,0.0424302780309595
5863,0.5816273373049224,0.26998960936620614,0.10595277529791192,0.0424302780309595
5864,0.5816273373049224,0.26998960936620614,0.10595277529791192,0.0424302780309595
5865,0.5816273373049224,0.26998960936620614,0.10595277529791192,0.0424302780309595
5866,0.5816273373049224,0.26998960936620614,0.10595277529791192,0.0424302780309595
5867,0.5816273373049224,0.26998960936620614,0.10595277529791192,0.0424302780309595
5868,0.5816273373049224,0.26998960936620614,0.10595277529791192,0.0424302780309595
5869,0.5816273373049224,0.26998960936620614,0.10595277529791192,0.0424302780309595
5870,0.5816273373049224,0.26998960936620614,0.10595277529791192,0.0424302780309595
5871,0.5816273373049224,0.26998960936620614,0.10595277529791192,0.0424302780309595
5872,0.5816273373049224,0.26998960936620614,0.10595277529791192,0.0424302780309595
5873,0.5816273373049224,0.26998960936620614,0.10595277529791192,0.0424302780309595
5874,0.5816273373049224,0.26998960936620614,0.10595277529791192,0.0424302780309595
5875,0.5816273373049224,0.26998960936620614,0.10595277529791192,0.0424302780309595
5876,0.5816273373049224,0.26998960936620614,0.10595277529791192,0.0424302780309595
5877,0.5816273373049224,0.26998960936620614,0.10595277529791192,0.0424302780309595
5878,0.5816273373049224,0.26998960936620614,0.10595277529791192,0.0424302780309595
5879,0.5816273373049224,0.26998960936620614,0.10595277529791192,0.0424302780309595
5880,0.5816273373049224,0.26998960936620614,0.10595277529791192,0.0424302780309595
5881,0.5816273373049224,0.26998960936620614,0.10595277529791192,0.0424302780309595
5882,0.5816273373049224,0.26998960936620614,0.10595277529791192,0.0424302780309595
5883,0.5816273373049224,0.26998960936620614,0.10595277529791192,0.0424302780309595
5884,0.5816273373049224,0.26998960936620614,0.10595277529791192,0.0424302780309595
5885,0.5816273373049224,0.26998960936620614,0.10595277529791192,0.0424302780309595
5886,0.5816273373049224,0.26998960936620614,0.10595277529791192,0.0424302780309595
5887,0.5816273373049224,0.26998960936620614,0.10595277529791192,0.0424302780309595
5888,0.5816273373049224,0.26998960936620614,0.10595277529791192,0.0424302780309595
5889,0.5816273373049224,0.26998960936620614,0.10595277529791192,0.0424302780309595
5890,0.5816273373049224,0.26998960936620614,0.10595277529791192,0.0424302780309595
5891,0.5816273373049224,0.26998960936620614,0.10595277529791192,0.0424302780309595
5892,0.5816273373049224,0.26998960936620614,0.10595277529791192,0.0424302780309595
5893,0.5816273373049224,0.26998960936620614,0.10595277529791192,0.0424302780309595
5894,0.5816273373049224,0.26998960936620614,0.10595277529791192,0.0424302780309595
5895,0.5816273373049224,0.26998960936620614,0.10595277529791192,0.0424302780309595
5896,0.5816273373049224,0.26998960936620614,0.10595277529791192,0.0424302780309595
5897,0.5816273373049224,0.26998960936620614,0.10595277529791192,0.0424302780309595
5898,0.5816273373049224,0.26998960936620614,0.10595277529791192,0.0424302780309595
5899,0.5816273373049224,0.26998960936620614,0.10595277529791192,0.0424302780309595
5900,0.5950586448892825,0.27585728259701353,0.08119080083659135,0.04789327167711258
5901,0.5950586448892825,0.27585728259701353,0.08119080083659135,0.04789327167711258
5902,0.5950586448892825,0.27585728259701353,0.08119080083659135,0.04789327167711258
5903,0.5950586448892825,0.27585728259701353,0.08119080083659135,0.04789327167711258
5904,0.5950586448892825,0.27585728259701353,0.08119080083659135,0.04789327167711258
5905,0.5950586448892825,0.27585728259701353,0.08119080083659135,0.04789327167711258
5906,0.5950586448892825,0.27585728259701353,0.08119080083659135,0.04789327167711258
5907,0.5950586448892825,0.27585728259701353,0.08119080083659135,0.04789327167711258
5908,0.5950586448892825,0.27585728259701353,0.08119080083659135,0.04789327167711258
5909,0.5950586448892825,0.27585728259701353,0.08119080083659135,0.04789327167711258
5910,0.5950586448892825,0.27585728259701353,0.08119080083659135,0.04789327167711258
5911,0.5950586448892825,0.27585728259701353,0.08119080083659135,0.04789327167711258
5912,0.5950586448892825,0.27585728259701353,0.08119080083659135,0.04789327167711258
5913,0.5950586448892825,0.27585728259701353,0.08119080083659135,0.04789327167711258
5914,0.5950586448892825,0.27585728259701353,0.08119080083659135,0.04789327167711258
5915,0.5950586448892825,0.27585728259701353,0.08119080083659135,0.04789327167711258
5916,0.5950586448892825,0.27585728259701353,0.08119080083659135,0.04789327167711258
5917,0.5950586448892825,0.27585728259701353,0.08119080083659135,0.04789327167711258
5918,0.5950586448892825,0.27585728259701353,0.08119080083659135,0.04789327167711258
5919,0.5950586448892825,0.27585728259701353,0.08119080083659135,0.04789327167711258
5920,0.5950586448892825,0.27585728259701353,0.08119080083659135,0.04789327167711258
5921,0.5950586448892825,0.27585728259701353,0.08119080083659135,0.04789327167711258
5922,0.5950586448892825,0.27585728259701353,0.08119080083659135,0.04789327167711258
5923,0.5950586448892825,0.27585728259701353,0.08119080083659135,0.04789327167711258
5924,0.5950586448892825,0.27585728259701353,0.08119080083659135,0.04789327167711258
5925,0.5950586448892825,0.27585728259701353,0.08119080083659135,0.04789327167711258
5926,0.5950586448892825,0.27585728259701353,0.08119080083659135,0.04789327167711258
5927,0.5950586448892825,0.27585728259701353,0.08119080083659135,0.04789327167711258
5928,0.5950586448892825,0.27585728259701353,0.08119080083659135,0.04789327167711258
5929,0.5950586448892825,0.27585728259701353,0.08119080083659135,0.04789327167711258
5930,0.5950586448892825,0.27585728259701353,0.08119080083659135,0.04789327167711258
5931,0.5950586448892825,0.27585728259701353,0.08119080083659135,0.04789327167711258
5932,0.5950586448892825,0.27585728259701353,0.08119080083659135,0.04789327167711258
5933,0.5950586448892825,0.27585728259701353,0.08119080083659135,0.04789327167711258
5934,0.5950586448892825,0.27585728259701353,0.08119080083659135,0.04789327167711258
5935,0.5950586448892825,0.27585728259701353,0.08119080083659135,0.04789327167711258
5936,0.5950586448892825,0.27585728259701353,0.08119080083659135,0.04789327167711258
5937,0.5950586448892825,0.27585728259701353,0.08119080083659135,0.04789327167711258
5938,0.5950586448892825,0.27585728259701353,0.08119080083659135,0.04789327167711258
5939,0.5950586448892825,0.27585728259701353,0.08119080083659135,0.04789327167711258
5940,0.5950586448892825,0.27585728259701353,0.08119080083659135,0.04789327167711258
5941,0.5950586448892825,0.27585728259701353,0.08119080083659135,0.04789327167711258
5942,0.5950586448892825,0.27585728259701353,0.08119080083659135,0.04789327167711258
5943,0.5950586448892825,0.27585728259701353,0.08119080083659135,0.04789327167711258
5944,0.5950586448892825,0.27585728259701353,0.08119080083659135,0.04789327167711258
5945,0.5950586448892825,0.27585728259701353,0.08119080083659135,0.04789327167711258
5946,0.5950586448892825,0.27585728259701353,0.08119080083659135,0.04789327167711258
5947,0.5950586448892825,0.27585728259701353,0.08119080083659135,0.04789327167711258
5948,0.5950586448892825,0.27585728259701353,0.08119080083659135,0.04789327167711258
5949,0.5950586448892825,0.27585728259701353,0.08119080083659135,0.04789327167711258
5950,0.5950586448892825,0.27585728259701353,0.08119080083659135,0.04789327167711258
5951,0.5950586448892825,0.27585728259701353,0.08119080083659135,0.04789327167711258
5952,0.5950586448892825,0.27585728259701353,0.08119080083659135,0.04789327167711258
5953,0.5950586448892825,0.27585728259701353,0.08119080083659135,0.04789327167711258
5954,0.5950586448892825,0.27585728259701353,0.08119080083659135,0.04789327167711258
5955,0.5950586448892825,0.27585728259701353,0.08119080083659135,0.04789327167711258
5956,0.5950586448892825,0.27585728259701353,0.08119080083659135,0.04789327167711258
5957,0.5950586448892825,0.27585728259701353,0.08119080083659135,0.04789327167711258
5958,0.5950586448892825,0.27585728259701353,0.08119080083659135,0.04789327167711258
5959,0.5950586448892825,0.27585728259701353,0.08119080083659135,0.04789327167711258
5960,0.5950586448892825,0.27585728259701353,0.08119080083659135,0.04789327167711258
5961,0.5950586448892825,0.27585728259701353,0.08119080083659135,0.04789327167711258
5962,0.5950586448892825,0.27585728259701353,0.08119080083659135,0.04789327167711258
5963,0.5950586448892825,0.27585728259701353,0.08119080083659135,0.04789327167711258
5964,0.5950586448892825,0.27585728259701353,0.08119080083659135,0.04789327167711258
5965,0.5950586448892825,0.27585728259701353,0.08119080083659135,0.04789327167711258
5966,0.5950586448892825,0.27585728259701353,0.08119080083659135,0.04789327167711258
5967,0.5950586448892825,0.27585728259701353,0.08119080083659135,0.04789327167711258
5968,0.5950586448892825,0.27585728259701353,0.08119080083659135,0.04789327167711258
5969,0.5950586448892825,0.27585728259701353,0.08119080083659135,0.04789327167711258
5970,0.5950586448892825,0.27585728259701353,0.08119080083659135,0.04789327167711258
5971,0.5950586448892825,0.27585728259701353,0.08119080083659135,0.04789327167711258
5972,0.5950586448892825,0.27585728259701353,0.08119080083659135,0.04789327167711258
5973,0.5950586448892825,0.27585728259701353,0.08119080083659135,0.04789327167711258
5974,0.5950586448892825,0.27585728259701353,0.08119080083659135,0.04789327167711258
5975,0.5950586448892825,0.27585728259701353,0.08119080083659135,0.04789327167711258
5976,0.5950586448892825,0.27585728259701353,0.08119080083659135,0.04789327167711258
5977,0.5950586448892825,0.27585728259701353,0.08119080083659135,0.04789327167711258
5978,0.5950586448892825,0.27585728259701353,0.08119080083659135,0.04789327167711258
5979,0.5950586448892825,0.27585728259701353,0.08119080083659135,0.04789327167711258
5980,0.5950586448892825,0.27585728259701353,0.08119080083659135,0.04789327167711258
5981,0.5950586448892825,0.27585728259701353,0.08119080083659135,0.04789327167711258
5982,0.5950586448892825,0.27585728259701353,0.08119080083659135,0.04789327167711258
5983,0.5950586448892825,0.27585728259701353,0.08119080083659135,0.04789327167711258
5984,0.5950586448892825,0.27585728259701353,0.08119080083659135,0.04789327167711258
5985,0.5950586448892825,0.27585728259701353,0.08119080083659135,0.04789327167711258
5986,0.5950586448892825,0.27585728259701353,0.08119080083659135,0.04789327167711258
5987,0.5950586448892825,0.27585728259701353,0.08119080083659135,0.04789327167711258
5988,0.5950586448892825,0.27585728259701353,0.08119080083659135,0.04789327167711258
5989,0.5950586448892825,0.27585728259701353,0.08119080083659135,0.04789327167711258
5990,0.5950586448892825,0.27585728259701353,0.08119080083659135,0.04789327167711258
5991,0.5950586448892825,0.27585728259701353,0.08119080083659135,0.04789327167711258
5992,0.5950586448892825,0.27585728259701353,0.08119080083659135,0.04789327167711258
5993,0.5950586448892825,0.27585728259701353,0.08119080083659135,0.04789327167711258
5994,0.5950586448892825,0.27585728259701353,0.08119080083659135,0.04789327167711258
5995,0.5950586448892825,0.27585728259701353,0.08119080083659135,0.04789327167711258
5996,0.5950586448892825,0.27585728259701353,0.08119080083659135,0.04789327167711258
5997,0.5950586448892825,0.27585728259701353,0.08119080083659135,0.04789327167711258
5998,0.5950586448892825,0.27585728259701353,0.08119080083659135,0.04789327167711258
5999,0.5950586448892825,0.27585728259701353,0.08119080083659135,0.04789327167711258
6000,0.6165793579781147,0.2606225741530518,0.05838963578907219,0.06440843207976144
6001,0.6165793579781147,0.2606225741530518,0.05838963578907219,0.06440843207976144
6002,0.6165793579781147,0.2606225741530518,0.05838963578907219,0.06440843207976144
6003,0.6165793579781147,0.2606225741530518,0.05838963578907219,0.06440843207976144
6004,0.6165793579781147,0.2606225741530518,0.05838963578907219,0.06440843207976144
6005,0.6165793579781147,0.2606225741530518,0.05838963578907219,0.06440843207976144
6006,0.6165793579781147,0.2606225741530518,0.05838963578907219,0.06440843207976144
6007,0.6165793579781147,0.2606225741530518,0.05838963578907219,0.06440843207976144
6008,0.6165793579781147,0.2606225741530518,0.05838963578907219,0.06440843207976144
6009,0.6165793579781147,0.2606225741530518,0.05838963578907219,0.06440843207976144
6010,0.6165793579781147,0.2606225741530518,0.05838963578907219,0.06440843207976144
6011,0.6165793579781147,0.2606225741530518,0.05838963578907219,0.06440843207976144
6012,0.6165793579781147,0.2606225741530518,0.05838963578907219,0.06440843207976144
6013,0.6165793579781147,0.2606225741530518,0.05838963578907219,0.06440843207976144
6014,0.6165793579781147,0.2606225741530518,0.05838963578907219,0.06440843207976144
6015,0.6165793579781147,0.2606225741530518,0.05838963578907219,0.06440843207976144
6016,0.6165793579781147,0.2606225741530518,0.05838963578907219,0.06440843207976144
6017,0.6165793579781147,0.2606225741530518,0.05838963578907219,0.06440843207976144
6018,0.6165793579781147,0.2606225741530518,0.05838963578907219,0.06440843207976144
6019,0.6165793579781147,0.2606225741530518,0.05838963578907219,0.06440843207976144
6020,0.6165793579781147,0.2606225741530518,0.05838963578907219,0.06440843207976144
6021,0.6165793579781147,0.2606225741530518,0.05838963578907219,0.06440843207976144
6022,0.6165793579781147,0.2606225741530518,0.05838963578907219,0.06440843207976144
6023,0.6165793579781147,0.2606225741530518,0.05838963578907219,0.06440843207976144
6024,0.6165793579781147,0.2606225741530518,0.05838963578907219,0.06440843207976144
6025,0.6165793579781147,0.2606225741530518,0.05838963578907219,0.06440843207976144
6026,0.6165793579781147,0.2606225741530518,0.05838963578907219,0.06440843207976144
6027,0.6165793579781147,0.2606225741530518,0.05838963578907219,0.06440843207976144
6028,0.6165793579781147,0.2606225741530518,0.05838963578907219,0.06440843207976144
6029,0.6165793579781147,0.2606225741530518,0.05838963578907219,0.06440843207976144
6030,0.6165793579781147,0.2606225741530518,0.05838963578907219,0.06440843207976144
6031,0.6165793579781147,0.2606225741530518,0.05838963578907219,0.06440843207976144
6032,0.6165793579781147,0.2606225741530518,0.05838963578907219,0.06440843207976144
6033,0.6165793579781147,0.2606225741530518,0.05838963578907219,0.06440843207976144
6034,0.6165793579781147,0.2606225741530518,0.05838963578907219,0.06440843207976144
6035,0.6165793579781147,0.2606225741530518,0.05838963578907219,0.06440843207976144
6036,0.6165793579781147,0.2606225741530518,0.05838963578907219,0.06440843207976144
6037,0.6165793579781147,0.2606225741530518,0.05838963578907219,0.06440843207976144
6038,0.6165793579781147,0.2606225741530518,0.05838963578907219,0.06440843207976144
6039,0.6165793579781147,0.2606225741530518,0.05838963578907219,0.06440843207976144
6040,0.6165793579781147,0.2606225741530518,0.05838963578907219,0.06440843207976144
6041,0.6165793579781147,0.2606225741530518,0.05838963578907219,0.06440843207976144
6042,0.6165793579781147,0.2606225741530518,0.05838963578907219,0.06440843207976144
6043,0.6165793579781147,0.2606225741530518,0.05838963578907219,0.06440843207976144
6044,0.6165793579781147,0.2606225741530518,0.05838963578907219,0.06440843207976144
6045,0.6165793579781147,0.2606225741530518,0.05838963578907219,0.06440843207976144
6046,0.6165793579781147,0.2606225741530518,0.05838963578907219,0.06440843207976144
6047,0.6165793579781147,0.2606225741530518,0.05838963578907219,0.06440843207976144
6048,0.6165793579781147,0.2606225741530518,0.05838963578907219,0.06440843207976144
6049,0.6165793579781147,0.2606225741530518,0.05838963578907219,0.06440843207976144
6050,0.6165793579781147,0.2606225741530518,0.05838963578907219,0.06440843207976144
6051,0.6165793579781147,0.2606225741530518,0.05838963578907219,0.06440843207976144
6052,0.6165793579781147,0.2606225741530518,0.05838963578907219,0.06440843207976144
6053,0.6165793579781147,0.2606225741530518,0.05838963578907219,0.06440843207976144
6054,0.6165793579781147,0.2606225741530518,0.05838963578907219,0.06440843207976144
6055,0.6165793579781147,0.2606225741530518,0.05838963578907219,0.06440843207976144
6056,0.6165793579781147,0.2606225741530518,0.05838963578907219,0.06440843207976144
6057,0.6165793579781147,0.2606225741530518,0.05838963578907219,0.06440843207976144
6058,0.6165793579781147,0.2606225741530518,0.05838963578907219,0.06440843207976144
6059,0.6165793579781147,0.2606225741530518,0.05838963578907219,0.06440843207976144
6060,0.6165793579781147,0.2606225741530518,0.05838963578907219,0.06440843207976144
6061,0.6165793579781147,0.2606225741530518,0.05838963578907219,0.06440843207976144
6062,0.6165793579781147,0.2606225741530518,0.05838963578907219,0.06440843207976144
6063,0.6165793579781147,0.2606225741530518,0.05838963578907219,0.06440843207976144
6064,0.6165793579781147,0.2606225741530518,0.05838963578907219,0.06440843207976144
6065,0.6165793579781147,0.2606225741530518,0.05838963578907219,0.06440843207976144
6066,0.6165793579781147,0.2606225741530518,0.05838963578907219,0.06440843207976144
6067,0.6165793579781147,0.2606225741530518,0.05838963578907219,0.06440843207976144
6068,0.6165793579781147,0.2606225741530518,0.05838963578907219,0.06440843207976144
6069,0.6165793579781147,0.2606225741530518,0.05838963578907219,0.06440843207976144
6070,0.6165793579781147,0.2606225741530518,0.05838963578907219,0.06440843207976144
6071,0.6165793579781147,0.2606225741530518,0.05838963578907219,0.06440843207976144
6072,0.6165793579781147,0.2606225741530518,0.05838963578907219,0.06440843207976144
6073,0.6165793579781147,0.2606225741530518,0.05838963578907219,0.06440843207976144
6074,0.6165793579781147,0.2606225741530518,0.05838963578907219,0.06440843207976144
6075,0.6165793579781147,0.2606225741530518,0.05838963578907219,0.06440843207976144
6076,0.6165793579781147,0.2606225741530518,0.05838963578907219,0.06440843207976144
6077,0.6165793579781147,0.2606225741530518,0.05838963578907219,0.06440843207976144
6078,0.6165793579781147,0.2606225741530518,0.05838963578907219,0.06440843207976144
6079,0.6165793579781147,0.2606225741530518,0.05838963578907219,0.06440843207976144
6080,0.6165793579781147,0.2606225741530518,0.05838963578907219,0.06440843207976144
6081,0.6165793579781147,0.2606225741530518,0.05838963578907219,0.06440843207976144
6082,0.6165793579781147,0.2606225741530518,0.05838963578907219,0.06440843207976144
6083,0.6165793579781147,0.2606225741530518,0.05838963578907219,0.06440843207976144
6084,0.6165793579781147,0.2606225741530518,0.05838963578907219,0.06440843207976144
6085,0.6165793579781147,0.2606225741530518,0.05838963578907219,0.06440843207976144
6086,0.6165793579781147,0.2606225741530518,0.05838963578907219,0.06440843207976144
6087,0.6165793579781147,0.2606225741530518,0.05838963578907219,0.06440843207976144
6088,0.6165793579781147,0.2606225741530518,0.05838963578907219,0.06440843207976144
6089,0.6165793579781147,0.2606225741530518,0.05838963578907219,0.06440843207976144
6090,0.6165793579781147,0.2606225741530518,0.05838963578907219,0.06440843207976144
6091,0.6165793579781147,0.2606225741530518,0.05838963578907219,0.06440843207976144
6092,0.6165793579781147,0.2606225741530518,0.05838963578907219,0.06440843207976144
6093,0.6165793579781147,0.2606225741530518,0.05838963578907219,0.06440843207976144
6094,0.6165793579781147,0.2606225741530518,0.05838963578907219,0.06440843207976144
6095,0.6165793579781147,0.2606225741530518,0.05838963578907219,0.06440843207976144
6096,0.6165793579781147,0.2606225741530518,0.05838963578907219,0.06440843207976144
6097,0.6165793579781147,0.2606225741530518,0.05838963578907219,0.06440843207976144
6098,0.6165793579781147,0.2606225741530518,0.05838963578907219,0.06440843207976144
6099,0.6165793579781147,0.2606225741530518,0.05838963578907219,0.06440843207976144
6100,0.5929236829895349,0.3223511942595789,0.0417255188260643,0.04299960392482192
6101,0.5929236829895349,0.3223511942595789,0.0417255188260643,0.04299960392482192
6102,0.5929236829895349,0.3223511942595789,0.0417255188260643,0.04299960392482192
6103,0.5929236829895349,0.3223511942595789,0.0417255188260643,0.04299960392482192
6104,0.5929236829895349,0.3223511942595789,0.0417255188260643,0.04299960392482192
6105,0.5929236829895349,0.3223511942595789,0.0417255188260643,0.04299960392482192
6106,0.5929236829895349,0.3223511942595789,0.0417255188260643,0.04299960392482192
6107,0.5929236829895349,0.3223511942595789,0.0417255188260643,0.04299960392482192
6108,0.5929236829895349,0.3223511942595789,0.0417255188260643,0.04299960392482192
6109,0.5929236829895349,0.3223511942595789,0.0417255188260643,0.04299960392482192
6110,0.5929236829895349,0.3223511942595789,0.0417255188260643,0.04299960392482192
6111,0.5929236829895349,0.3223511942595789,0.0417255188260643,0.04299960392482192
6112,0.5929236829895349,0.3223511942595789,0.0417255188260643,0.04299960392482192
6113,0.5929236829895349,0.3223511942595789,0.0417255188260643,0.04299960392482192
6114,0.5929236829895349,0.3223511942595789,0.0417255188260643,0.04299960392482192
6115,0.5929236829895349,0.3223511942595789,0.0417255188260643,0.04299960392482192
6116,0.5929236829895349,0.3223511942595789,0.0417255188260643,0.04299960392482192
6117,0.5929236829895349,0.3223511942595789,0.0417255188260643,0.04299960392482192
6118,0.5929236829895349,0.3223511942595789,0.0417255188260643,0.04299960392482192
6119,0.5929236829895349,0.3223511942595789,0.0417255188260643,0.04299960392482192
6120,0.5929236829895349,0.3223511942595789,0.0417255188260643,0.04299960392482192
6121,0.5929236829895349,0.3223511942595789,0.0417255188260643,0.04299960392482192
6122,0.5929236829895349,0.3223511942595789,0.0417255188260643,0.04299960392482192
6123,0.5929236829895349,0.3223511942595789,0.0417255188260643,0.04299960392482192
6124,0.5929236829895349,0.3223511942595789,0.0417255188260643,0.04299960392482192
6125,0.5929236829895349,0.3223511942595789,0.0417255188260643,0.04299960392482192
6126,0.5929236829895349,0.3223511942595789,0.0417255188260643,0.04299960392482192
6127,0.5929236829895349,0.3223511942595789,0.0417255188260643,0.04299960392482192
6128,0.5929236829895349,0.3223511942595789,0.0417255188260643,0.04299960392482192
6129,0.5929236829895349,0.3223511942595789,0.0417255188260643,0.04299960392482192
6130,0.5929236829895349,0.3223511942595789,0.0417255188260643,0.04299960392482192
6131,0.5929236829895349,0.3223511942595789,0.0417255188260643,0.04299960392482192
6132,0.5929236829895349,0.3223511942595789,0.0417255188260643,0.04299960392482192
6133,0.5929236829895349,0.3223511942595789,0.0417255188260643,0.04299960392482192
6134,0.5929236829895349,0.3223511942595789,0.0417255188260643,0.04299960392482192
6135,0.5929236829895349,0.3223511942595789,0.0417255188260643,0.04299960392482192
6136,0.5929236829895349,0.3223511942595789,0.0417255188260643,0.04299960392482192
6137,0.5929236829895349,0.3223511942595789,0.0417255188260643,0.04299960392482192
6138,0.5929236829895349,0.3223511942595789,0.0417255188260643,0.04299960392482192
6139,0.5929236829895349,0.3223511942595789,0.0417255188260643,0.04299960392482192
6140,0.5929236829895349,0.3223511942595789,0.0417255188260643,0.04299960392482192
6141,0.5929236829895349,0.3223511942595789,0.0417255188260643,0.04299960392482192
6142,0.5929236829895349,0.3223511942595789,0.0417255188260643,0.04299960392482192
6143,0.5929236829895349,0.3223511942595789,0.0417255188260643,0.04299960392482192
6144,0.5929236829895349,0.3223511942595789,0.0417255188260643,0.04299960392482192
6145,0.5929236829895349,0.3223511942595789,0.0417255188260643,0.04299960392482192
6146,0.5929236829895349,0.3223511942595789,0.0417255188260643,0.04299960392482192
6147,0.5929236829895349,0.3223511942595789,0.0417255188260643,0.04299960392482192
6148,0.5929236829895349,0.3223511942595789,0.0417255188260643,0.04299960392482192
6149,0.5929236829895349,0.3223511942595789,0.0417255188260643,0.04299960392482192
6150,0.5929236829895349,0.3223511942595789,0.0417255188260643,0.04299960392482192
6151,0.5929236829895349,0.3223511942595789,0.0417255188260643,0.04299960392482192
6152,0.5929236829895349,0.3223511942595789,0.0417255188260643,0.04299960392482192
6153,0.5929236829895349,0.3223511942595789,0.0417255188260643,0.04299960392482192
6154,0.5929236829895349,0.3223511942595789,0.0417255188260643,0.04299960392482192
6155,0.5929236829895349,0.3223511942595789,0.0417255188260643,0.04299960392482192
6156,0.5929236829895349,0.3223511942595789,0.0417255188260643,0.04299960392482192
6157,0.5929236829895349,0.3223511942595789,0.0417255188260643,0.04299960392482192
6158,0.5929236829895349,0.3223511942595789,0.0417255188260643,0.04299960392482192
6159,0.5929236829895349,0.3223511942595789,0.0417255188260643,0.04299960392482192
6160,0.5929236829895349,0.3223511942595789,0.0417255188260643,0.04299960392482192
6161,0.5929236829895349,0.3223511942595789,0.0417255188260643,0.04299960392482192
6162,0.5929236829895349,0.3223511942595789,0.0417255188260643,0.04299960392482192
6163,0.5929236829895349,0.3223511942595789,0.0417255188260643,0.04299960392482192
6164,0.5929236829895349,0.3223511942595789,0.0417255188260643,0.04299960392482192
6165,0.5929236829895349,0.3223511942595789,0.0417255188260643,0.04299960392482192
6166,0.5929236829895349,0.3223511942595789,0.0417255188260643,0.04299960392482192
6167,0.5929236829895349,0.3223511942595789,0.0417255188260643,0.04299960392482192
6168,0.5929236829895349,0.3223511942595789,0.0417255188260643,0.04299960392482192
6169,0.5929236829895349,0.3223511942595789,0.0417255188260643,0.04299960392482192
6170,0.5929236829895349,0.3223511942595789,0.0417255188260643,0.04299960392482192
6171,0.5929236829895349,0.3223511942595789,0.0417255188260643,0.04299960392482192
6172,0.5929236829895349,0.3223511942595789,0.0417255188260643,0.04299960392482192
6173,0.5929236829895349,0.3223511942595789,0.0417255188260643,0.04299960392482192
6174,0.5929236829895349,0.3223511942595789,0.0417255188260643,0.04299960392482192
6175,0.5929236829895349,0.3223511942595789,0.0417255188260643,0.04299960392482192
6176,0.5929236829895349,0.3223511942595789,0.0417255188260643,0.04299960392482192
6177,0.5929236829895349,0.3223511942595789,0.0417255188260643,0.04299960392482192
6178,0.5929236829895349,0.3223511942595789,0.0417255188260643,0.04299960392482192
6179,0.5929236829895349,0.3223511942595789,0.0417255188260643,0.04299960392482192
6180,0.5929236829895349,0.3223511942595789,0.0417255188260643,0.04299960392482192
6181,0.5929236829895349,0.3223511942595789,0.0417255188260643,0.04299960392482192
6182,0.5929236829895349,0.3223511942595789,0.0417255188260643,0.04299960392482192
6183,0.5929236829895349,0.3223511942595789,0.0417255188260643,0.04299960392482192
6184,0.5929236829895349,0.3223511942595789,0.0417255188260643,0.04299960392482192
6185,0.5929236829895349,0.3223511942595789,0.0417255188260643,0.04299960392482192
6186,0.5929236829895349,0.3223511942595789,0.0417255188260643,0.04299960392482192
6187,0.5929236829895349,0.3223511942595789,0.0417255188260643,0.04299960392482192
6188,0.5929236829895349,0.3223511942595789,0.0417255188260643,0.04299960392482192
6189,0.5929236829895349,0.3223511942595789,0.0417255188260643,0.04299960392482192
6190,0.5929236829895349,0.3223511942595789,0.0417255188260643,0.04299960392482192
6191,0.5929236829895349,0.3223511942595789,0.0417255188260643,0.04299960392482192
6192,0.5929236829895349,0.3223511942595789,0.0417255188260643,0.04299960392482192
6193,0.5929236829895349,0.3223511942595789,0.0417255188260643,0.04299960392482192
6194,0.5929236829895349,0.3223511942595789,0.0417255188260643,0.04299960392482192
6195,0.5929236829895349,0.3223511942595789,0.0417255188260643,0.04299960392482192
6196,0.5929236829895349,0.3223511942595789,0.0417255188260643,0.04299960392482192
6197,0.5929236829895349,0.3223511942595789,0.0417255188260643,0.04299960392482192
6198,0.5929236829895349,0.3223511942595789,0.0417255188260643,0.04299960392482192
6199,0.5929236829895349,0.3223511942595789,0.0417255188260643,0.04299960392482192
6200,0.5862886998943785,0.32982399056600953,0.04194365476980591,0.04194365476980591
6201,0.5862886998943785,0.32982399056600953,0.04194365476980591,0.04194365476980591
6202,0.5862886998943785,0.32982399056600953,0.04194365476980591,0.04194365476980591
6203,0.5862886998943785,0.32982399056600953,0.04194365476980591,0.04194365476980591
6204,0.5862886998943785,0.32982399056600953,0.04194365476980591,0.04194365476980591
6205,0.5862886998943785,0.32982399056600953,0.04194365476980591,0.04194365476980591
6206,0.5862886998943785,0.32982399056600953,0.04194365476980591,0.04194365476980591
6207,0.5862886998943785,0.32982399056600953,0.04194365476980591,0.04194365476980591
6208,0.5862886998943785,0.32982399056600953,0.04194365476980591,0.04194365476980591
6209,0.5862886998943785,0.32982399056600953,0.04194365476980591,0.04194365476980591
6210,0.5862886998943785,0.32982399056600953,0.04194365476980591,0.04194365476980591
6211,0.5862886998943785,0.32982399056600953,0.04194365476980591,0.04194365476980591
6212,0.5862886998943785,0.32982399056600953,0.04194365476980591,0.04194365476980591
6213,0.5862886998943785,0.32982399056600953,0.04194365476980591,0.04194365476980591
6214,0.5862886998943785,0.32982399056600953,0.04194365476980591,0.04194365476980591
6215,0.5862886998943785,0.32982399056600953,0.04194365476980591,0.04194365476980591
6216,0.5862886998943785,0.32982399056600953,0.04194365476980591,0.04194365476980591
6217,0.5862886998943785,0.32982399056600953,0.04194365476980591,0.04194365476980591
6218,0.5862886998943785,0.32982399056600953,0.04194365476980591,0.04194365476980591
6219,0.5862886998943785,0.32982399056600953,0.04194365476980591,0.04194365476980591
6220,0.5862886998943785,0.32982399056600953,0.04194365476980591,0.04194365476980591
6221,0.5862886998943785,0.32982399056600953,0.04194365476980591,0.04194365476980591
6222,0.5862886998943785,0.32982399056600953,0.04194365476980591,0.04194365476980591
6223,0.5862886998943785,0.32982399056600953,0.04194365476980591,0.04194365476980591
6224,0.5862886998943785,0.32982399056600953,0.04194365476980591,0.04194365476980591
6225,0.5862886998943785,0.32982399056600953,0.04194365476980591,0.04194365476980591
6226,0.5862886998943785,0.32982399056600953,0.04194365476980591,0.04194365476980591
6227,0.5862886998943785,0.32982399056600953,0.04194365476980591,0.04194365476980591
6228,0.5862886998943785,0.32982399056600953,0.04194365476980591,0.04194365476980591
6229,0.5862886998943785,0.32982399056600953,0.04194365476980591,0.04194365476980591
6230,0.5862886998943785,0.32982399056600953,0.04194365476980591,0.04194365476980591
6231,0.5862886998943785,0.32982399056600953,0.04194365476980591,0.04194365476980591
6232,0.5862886998943785,0.32982399056600953,0.04194365476980591,0.04194365476980591
6233,0.5862886998943785,0.32982399056600953,0.04194365476980591,0.04194365476980591
6234,0.5862886998943785,0.32982399056600953,0.04194365476980591,0.04194365476980591
6235,0.5862886998943785,0.32982399056600953,0.04194365476980591,0.04194365476980591
6236,0.5862886998943785,0.32982399056600953,0.04194365476980591,0.04194365476980591
6237,0.5862886998943785,0.32982399056600953,0.04194365476980591,0.04194365476980591
6238,0.5862886998943785,0.32982399056600953,0.04194365476980591,0.04194365476980591
6239,0.5862886998943785,0.32982399056600953,0.04194365476980591,0.04194365476980591
6240,0.5862886998943785,0.32982399056600953,0.04194365476980591,0.04194365476980591
6241,0.5862886998943785,0.32982399056600953,0.04194365476980591,0.04194365476980591
6242,0.5862886998943785,0.32982399056600953,0.04194365476980591,0.04194365476980591
6243,0.5862886998943785,0.32982399056600953,0.04194365476980591,0.04194365476980591
6244,0.5862886998943785,0.32982399056600953,0.04194365476980591,0.04194365476980591
6245,0.5862886998943785,0.32982399056600953,0.04194365476980591,0.04194365476980591
6246,0.5862886998943785,0.32982399056600953,0.04194365476980591,0.04194365476980591
6247,0.5862886998943785,0.32982399056600953,0.04194365476980591,0.04194365476980591
6248,0.5862886998943785,0.32982399056600953,0.04194365476980591,0.04194365476980591
6249,0.5862886998943785,0.32982399056600953,0.04194365476980591,0.04194365476980591
6250,0.5862886998943785,0.32982399056600953,0.04194365476980591,0.04194365476980591
6251,0.5862886998943785,0.32982399056600953,0.04194365476980591,0.04194365476980591
6252,0.5862886998943785,0.32982399056600953,0.04194365476980591,0.04194365476980591
6253,0.5862886998943785,0.32982399056600953,0.04194365476980591,0.04194365476980591
6254,0.5862886998943785,0.32982399056600953,0.04194365476980591,0.04194365476980591
6255,0.5862886998943785,0.32982399056600953,0.04194365476980591,0.04194365476980591
6256,0.5862886998943785,0.32982399056600953,0.04194365476980591,0.04194365476980591
6257,0.5862886998943785,0.32982399056600953,0.04194365476980591,0.04194365476980591
6258,0.5862886998943785,0.32982399056600953,0.04194365476980591,0.04194365476980591
6259,0.5862886998943785,0.32982399056600953,0.04194365476980591,0.04194365476980591
6260,0.5862886998943785,0.32982399056600953,0.04194365476980591,0.04194365476980591
6261,0.5862886998943785,0.32982399056600953,0.04194365476980591,0.04194365476980591
6262,0.5862886998943785,0.32982399056600953,0.04194365476980591,0.04194365476980591
6263,0.5862886998943785,0.32982399056600953,0.04194365476980591,0.04194365476980591
6264,0.5862886998943785,0.32982399056600953,0.04194365476980591,0.04194365476980591
6265,0.5862886998943785,0.32982399056600953,0.04194365476980591,0.04194365476980591
6266,0.5862886998943785,0.32982399056600953,0.04194365476980591,0.04194365476980591
6267,0.5862886998943785,0.32982399056600953,0.04194365476980591,0.04194365476980591
6268,0.5862886998943785,0.32982399056600953,0.04194365476980591,0.04194365476980591
6269,0.5862886998943785,0.32982399056600953,0.04194365476980591,0.04194365476980591
6270,0.5862886998943785,0.32982399056600953,0.04194365476980591,0.04194365476980591
6271,0.5862886998943785,0.32982399056600953,0.04194365476980591,0.04194365476980591
6272,0.5862886998943785,0.32982399056600953,0.04194365476980591,0.04194365476980591
6273,0.5862886998943785,0.32982399056600953,0.04194365476980591,0.04194365476980591
6274,0.5862886998943785,0.32982399056600953,0.04194365476980591,0.04194365476980591
6275,0.5862886998943785,0.32982399056600953,0.04194365476980591,0.04194365476980591
6276,0.5862886998943785,0.32982399056600953,0.04194365476980591,0.04194365476980591
6277,0.5862886998943785,0.32982399056600953,0.04194365476980591,0.04194365476980591
6278,0.5862886998943785,0.32982399056600953,0.04194365476980591,0.04194365476980591
6279,0.5862886998943785,0.32982399056600953,0.04194365476980591,0.04194365476980591
6280,0.5862886998943785,0.32982399056600953,0.04194365476980591,0.04194365476980591
6281,0.5862886998943785,0.32982399056600953,0.04194365476980591,0.04194365476980591
6282,0.5862886998943785,0.32982399056600953,0.04194365476980591,0.04194365476980591
6283,0.5862886998943785,0.32982399056600953,0.04194365476980591,0.04194365476980591
6284,0.5862886998943785,0.32982399056600953,0.04194365476980591,0.04194365476980591
6285,0.5862886998943785,0.32982399056600953,0.04194365476980591,0.04194365476980591
6286,0.5862886998943785,0.32982399056600953,0.04194365476980591,0.04194365476980591
6287,0.5862886998943785,0.32982399056600953,0.04194365476980591,0.04194365476980591
6288,0.5862886998943785,0.32982399056600953,0.04194365476980591,0.04194365476980591
6289,0.5862886998943785,0.32982399056600953,0.04194365476980591,0.04194365476980591
6290,0.5862886998943785,0.32982399056600953,0.04194365476980591,0.04194365476980591
6291,0.5862886998943785,0.32982399056600953,0.04194365476980591,0.04194365476980591
6292,0.5862886998943785,0.32982399056600953,0.04194365476980591,0.04194365476980591
6293,0.5862886998943785,0.32982399056600953,0.04194365476980591,0.04194365476980591
6294,0.5862886998943785,0.32982399056600953,0.04194365476980591,0.04194365476980591
6295,0.5862886998943785,0.32982399056600953,0.04194365476980591,0.04194365476980591
6296,0.5862886998943785,0.32982399056600953,0.04194365476980591,0.04194365476980591
6297,0.5862886998943785,0.32982399056600953,0.04194365476980591,0.04194365476980591
6298,0.5862886998943785,0.32982399056600953,0.04194365476980591,0.04194365476980591
6299,0.5862886998943785,0.32982399056600953,0.04194365476980591,0.04194365476980591
6300,0.6253055612927121,0.28308669423326616,0.045803872237010886,0.045803872237010886
6301,0.6253055612927121,0.28308669423326616,0.045803872237010886,0.045803872237010886
6302,0.6253055612927121,0.28308669423326616,0.045803872237010886,0.045803872237010886
6303,0.6253055612927121,0.28308669423326616,0.045803872237010886,0.045803872237010886
6304,0.6253055612927121,0.28308669423326616,0.045803872237010886,0.045803872237010886
6305,0.6253055612927121,0.28308669423326616,0.045803872237010886,0.045803872237010886
6306,0.6253055612927121,0.28308669423326616,0.045803872237010886,0.045803872237010886
6307,0.6253055612927121,0.28308669423326616,0.045803872237010886,0.045803872237010886
6308,0.6253055612927121,0.28308669423326616,0.045803872237010886,0.045803872237010886
6309,0.6253055612927121,0.28308669423326616,0.045803872237010886,0.045803872237010886
6310,0.6253055612927121,0.28308669423326616,0.045803872237010886,0.045803872237010886
6311,0.6253055612927121,0.28308669423326616,0.045803872237010886,0.045803872237010886
6312,0.6253055612927121,0.28308669423326616,0.045803872237010886,0.045803872237010886
6313,0.6253055612927121,0.28308669423326616,0.045803872237010886,0.045803872237010886
6314,0.6253055612927121,0.28308669423326616,0.045803872237010886,0.045803872237010886
6315,0.6253055612927121,0.28308669423326616,0.045803872237010886,0.045803872237010886
6316,0.6253055612927121,0.28308669423326616,0.045803872237010886,0.045803872237010886
6317,0.6253055612927121,0.28308669423326616,0.045803872237010886,0.045803872237010886
6318,0.6253055612927121,0.28308669423326616,0.045803872237010886,0.045803872237010886
6319,0.6253055612927121,0.28308669423326616,0.045803872237010886,0.045803872237010886
6320,0.6253055612927121,0.28308669423326616,0.045803872237010886,0.045803872237010886
6321,0.6253055612927121,0.28308669423326616,0.045803872237010886,0.045803872237010886
6322,0.6253055612927121,0.28308669423326616,0.045803872237010886,0.045803872237010886
6323,0.6253055612927121,0.28308669423326616,0.045803872237010886,0.045803872237010886
6324,0.6253055612927121,0.28308669423326616,0.045803872237010886,0.045803872237010886
6325,0.6253055612927121,0.28308669423326616,0.045803872237010886,0.045803872237010886
6326,0.6253055612927121,0.28308669423326616,0.045803872237010886,0.045803872237010886
6327,0.6253055612927121,0.28308669423326616,0.045803872237010886,0.045803872237010886
6328,0.6253055612927121,0.28308669423326616,0.045803872237010886,0.045803872237010886
6329,0.6253055612927121,0.28308669423326616,0.045803872237010886,0.045803872237010886
6330,0.6253055612927121,0.28308669423326616,0.045803872237010886,0.045803872237010886
6331,0.6253055612927121,0.28308669423326616,0.045803872237010886,0.045803872237010886
6332,0.6253055612927121,0.28308669423326616,0.045803872237010886,0.045803872237010886
6333,0.6253055612927121,0.28308669423326616,0.045803872237010886,0.045803872237010886
6334,0.6253055612927121,0.28308669423326616,0.045803872237010886,0.045803872237010886
6335,0.6253055612927121,0.28308669423326616,0.045803872237010886,0.045803872237010886
6336,0.6253055612927121,0.28308669423326616,0.045803872237010886,0.045803872237010886
6337,0.6253055612927121,0.28308669423326616,0.045803872237010886,0.045803872237010886
6338,0.6253055612927121,0.28308669423326616,0.045803872237010886,0.045803872237010886
6339,0.6253055612927121,0.28308669423326616,0.045803872237010886,0.045803872237010886
6340,0.6253055612927121,0.28308669423326616,0.045803872237010886,0.045803872237010886
6341,0.6253055612927121,0.28308669423326616,0.045803872237010886,0.045803872237010886
6342,0.6253055612927121,0.28308669423326616,0.045803872237010886,0.045803872237010886
6343,0.6253055612927121,0.28308669423326616,0.045803872237010886,0.045803872237010886
6344,0.6253055612927121,0.28308669423326616,0.045803872237010886,0.045803872237010886
6345,0.6253055612927121,0.28308669423326616,0.045803872237010886,0.045803872237010886
6346,0.6253055612927121,0.28308669423326616,0.045803872237010886,0.045803872237010886
6347,0.6253055612927121,0.28308669423326616,0.045803872237010886,0.045803872237010886
6348,0.6253055612927121,0.28308669423326616,0.045803872237010886,0.045803872237010886
6349,0.6253055612927121,0.28308669423326616,0.045803872237010886,0.045803872237010886
6350,0.6253055612927121,0.28308669423326616,0.045803872237010886,0.045803872237010886
6351,0.6253055612927121,0.28308669423326616,0.045803872237010886,0.045803872237010886
6352,0.6253055612927121,0.28308669423326616,0.045803872237010886,0.045803872237010886
6353,0.6253055612927121,0.28308669423326616,0.045803872237010886,0.045803872237010886
6354,0.6253055612927121,0.28308669423326616,0.045803872237010886,0.045803872237010886
6355,0.6253055612927121,0.28308669423326616,0.045803872237010886,0.045803872237010886
6356,0.6253055612927121,0.28308669423326616,0.045803872237010886,0.045803872237010886
6357,0.6253055612927121,0.28308669423326616,0.045803872237010886,0.045803872237010886
6358,0.6253055612927121,0.28308669423326616,0.045803872237010886,0.045803872237010886
6359,0.6253055612927121,0.28308669423326616,0.045803872237010886,0.045803872237010886
6360,0.6253055612927121,0.28308669423326616,0.045803872237010886,0.045803872237010886
6361,0.6253055612927121,0.28308669423326616,0.045803872237010886,0.045803872237010886
6362,0.6253055612927121,0.28308669423326616,0.045803872237010886,0.045803872237010886
6363,0.6253055612927121,0.28308669423326616,0.045803872237010886,0.045803872237010886
6364,0.6253055612927121,0.28308669423326616,0.045803872237010886,0.045803872237010886
6365,0.6253055612927121,0.28308669423326616,0.045803872237010886,0.045803872237010886
6366,0.6253055612927121,0.28308669423326616,0.045803872237010886,0.045803872237010886
6367,0.6253055612927121,0.28308669423326616,0.045803872237010886,0.045803872237010886
6368,0.6253055612927121,0.28308669423326616,0.045803872237010886,0.045803872237010886
6369,0.6253055612927121,0.28308669423326616,0.045803872237010886,0.045803872237010886
6370,0.6253055612927121,0.28308669423326616,0.045803872237010886,0.045803872237010886
6371,0.6253055612927121,0.28308669423326616,0.045803872237010886,0.045803872237010886
6372,0.6253055612927121,0.28308669423326616,0.045803872237010886,0.045803872237010886
6373,0.6253055612927121,0.28308669423326616,0.045803872237010886,0.045803872237010886
6374,0.6253055612927121,0.28308669423326616,0.045803872237010886,0.045803872237010886
6375,0.6253055612927121,0.28308669423326616,0.045803872237010886,0.045803872237010886
6376,0.6253055612927121,0.28308669423326616,0.045803872237010886,0.045803872237010886
6377,0.6253055612927121,0.28308669423326616,0.045803872237010886,0.045803872237010886
6378,0.6253055612927121,0.28308669423326616,0.045803872237010886,0.045803872237010886
6379,0.6253055612927121,0.28308669423326616,0.045803872237010886,0.045803872237010886
6380,0.6253055612927121,0.28308669423326616,0.045803872237010886,0.045803872237010886
6381,0.6253055612927121,0.28308669423326616,0.045803872237010886,0.045803872237010886
6382,0.6253055612927121,0.28308669423326616,0.045803872237010886,0.045803872237010886
6383,0.6253055612927121,0.28308669423326616,0.045803872237010886,0.045803872237010886
6384,0.6253055612927121,0.28308669423326616,0.045803872237010886,0.045803872237010886
6385,0.6253055612927121,0.28308669423326616,0.045803872237010886,0.045803872237010886
6386,0.6253055612927121,0.28308669423326616,0.045803872237010886,0.045803872237010886
6387,0.6253055612927121,0.28308669423326616,0.045803872237010886,0.045803872237010886
6388,0.6253055612927121,0.28308669423326616,0.045803872237010886,0.045803872237010886
6389,0.6253055612927121,0.28308669423326616,0.045803872237010886,0.045803872237010886
6390,0.6253055612927121,0.28308669423326616,0.045803872237010886,0.045803872237010886
6391,0.6253055612927121,0.28308669423326616,0.045803872237010886,0.045803872237010886
6392,0.6253055612927121,0.28308669423326616,0.045803872237010886,0.045803872237010886
6393,0.6253055612927121,0.28308669423326616,0.045803872237010886,0.045803872237010886
6394,0.6253055612927121,0.28308669423326616,0.045803872237010886,0.045803872237010886
6395,0.6253055612927121,0.28308669423326616,0.045803872237010886,0.045803872237010886
6396,0.6253055612927121,0.28308669423326616,0.045803872237010886,0.045803872237010886
6397,0.6253055612927121,0.28308669423326616,0.045803872237010886,0.045803872237010886
6398,0.6253055612927121,0.28308669423326616,0.045803872237010886,0.045803872237010886
6399,0.6253055612927121,0.28308669423326616,0.045803872237010886,0.045803872237010886
6400,0.6281456605040776,0.2835711324324521,0.044141603531735116,0.044141603531735116
6401,0.6281456605040776,0.2835711324324521,0.044141603531735116,0.044141603531735116
6402,0.6281456605040776,0.2835711324324521,0.044141603531735116,0.044141603531735116
6403,0.6281456605040776,0.2835711324324521,0.044141603531735116,0.044141603531735116
6404,0.6281456605040776,0.2835711324324521,0.044141603531735116,0.044141603531735116
6405,0.6281456605040776,0.2835711324324521,0.044141603531735116,0.044141603531735116
6406,0.6281456605040776,0.2835711324324521,0.044141603531735116,0.044141603531735116
6407,0.6281456605040776,0.2835711324324521,0.044141603531735116,0.044141603531735116
6408,0.6281456605040776,0.2835711324324521,0.044141603531735116,0.044141603531735116
6409,0.6281456605040776,0.2835711324324521,0.044141603531735116,0.044141603531735116
6410,0.6281456605040776,0.2835711324324521,0.044141603531735116,0.044141603531735116
6411,0.6281456605040776,0.2835711324324521,0.044141603531735116,0.044141603531735116
6412,0.6281456605040776,0.2835711324324521,0.044141603531735116,0.044141603531735116
6413,0.6281456605040776,0.2835711324324521,0.044141603531735116,0.044141603531735116
6414,0.6281456605040776,0.2835711324324521,0.044141603531735116,0.044141603531735116
6415,0.6281456605040776,0.2835711324324521,0.044141603531735116,0.044141603531735116
6416,0.6281456605040776,0.2835711324324521,0.044141603531735116,0.044141603531735116
6417,0.6281456605040776,0.2835711324324521,0.044141603531735116,0.044141603531735116
6418,0.6281456605040776,0.2835711324324521,0.044141603531735116,0.044141603531735116
6419,0.6281456605040776,0.2835711324324521,0.044141603531735116,0.044141603531735116
6420,0.6281456605040776,0.2835711324324521,0.044141603531735116,0.044141603531735116
6421,0.6281456605040776,0.2835711324324521,0.044141603531735116,0.044141603531735116
6422,0.6281456605040776,0.2835711324324521,0.044141603531735116,0.044141603531735116
6423,0.6281456605040776,0.2835711324324521,0.044141603531735116,0.044141603531735116
6424,0.6281456605040776,0.2835711324324521,0.044141603531735116,0.044141603531735116
6425,0.6281456605040776,0.2835711324324521,0.044141603531735116,0.044141603531735116
6426,0.6281456605040776,0.2835711324324521,0.044141603531735116,0.044141603531735116
6427,0.6281456605040776,0.2835711324324521,0.044141603531735116,0.044141603531735116
6428,0.6281456605040776,0.2835711324324521,0.044141603531735116,0.044141603531735116
6429,0.6281456605040776,0.2835711324324521,0.044141603531735116,0.044141603531735116
6430,0.6281456605040776,0.2835711324324521,0.044141603531735116,0.044141603531735116
6431,0.6281456605040776,0.2835711324324521,0.044141603531735116,0.044141603531735116
6432,0.6281456605040776,0.2835711324324521,0.044141603531735116,0.044141603531735116
6433,0.6281456605040776,0.2835711324324521,0.044141603531735116,0.044141603531735116
6434,0.6281456605040776,0.2835711324324521,0.044141603531735116,0.044141603531735116
6435,0.6281456605040776,0.2835711324324521,0.044141603531735116,0.044141603531735116
6436,0.6281456605040776,0.2835711324324521,0.044141603531735116,0.044141603531735116
6437,0.6281456605040776,0.2835711324324521,0.044141603531735116,0.044141603531735116
6438,0.6281456605040776,0.2835711324324521,0.044141603531735116,0.044141603531735116
6439,0.6281456605040776,0.2835711324324521,0.044141603531735116,0.044141603531735116
6440,0.6281456605040776,0.2835711324324521,0.044141603531735116,0.044141603531735116
6441,0.6281456605040776,0.2835711324324521,0.044141603531735116,0.044141603531735116
6442,0.6281456605040776,0.2835711324324521,0.044141603531735116,0.044141603531735116
6443,0.6281456605040776,0.2835711324324521,0.044141603531735116,0.044141603531735116
6444,0.6281456605040776,0.2835711324324521,0.044141603531735116,0.044141603531735116
6445,0.6281456605040776,0.2835711324324521,0.044141603531735116,0.044141603531735116
6446,0.6281456605040776,0.2835711324324521,0.044141603531735116,0.044141603531735116
6447,0.6281456605040776,0.2835711324324521,0.044141603531735116,0.044141603531735116
6448,0.6281456605040776,0.2835711324324521,0.044141603531735116,0.044141603531735116
6449,0.6281456605040776,0.2835711324324521,0.044141603531735116,0.044141603531735116
6450,0.6281456605040776,0.2835711324324521,0.044141603531735116,0.044141603531735116
6451,0.6281456605040776,0.2835711324324521,0.044141603531735116,0.044141603531735116
6452,0.6281456605040776,0.2835711324324521,0.044141603531735116,0.044141603531735116
6453,0.6281456605040776,0.2835711324324521,0.044141603531735116,0.044141603531735116
6454,0.6281456605040776,0.2835711324324521,0.044141603531735116,0.044141603531735116
6455,0.6281456605040776,0.2835711324324521,0.044141603531735116,0.044141603531735116
6456,0.6281456605040776,0.2835711324324521,0.044141603531735116,0.044141603531735116
6457,0.6281456605040776,0.2835711324324521,0.044141603531735116,0.044141603531735116
6458,0.6281456605040776,0.2835711324324521,0.044141603531735116,0.044141603531735116
6459,0.6281456605040776,0.2835711324324521,0.044141603531735116,0.044141603531735116
6460,0.6281456605040776,0.2835711324324521,0.044141603531735116,0.044141603531735116
6461,0.6281456605040776,0.2835711324324521,0.044141603531735116,0.044141603531735116
6462,0.6281456605040776,0.2835711324324521,0.044141603531735116,0.044141603531735116
6463,0.6281456605040776,0.2835711324324521,0.044141603531735116,0.044141603531735116
6464,0.6281456605040776,0.2835711324324521,0.044141603531735116,0.044141603531735116
6465,0.6281456605040776,0.2835711324324521,0.044141603531735116,0.044141603531735116
6466,0.6281456605040776,0.2835711324324521,0.044141603531735116,0.044141603531735116
6467,0.6281456605040776,0.2835711324324521,0.044141603531735116,0.044141603531735116
6468,0.6281456605040776,0.2835711324324521,0.044141603531735116,0.044141603531735116
6469,0.6281456605040776,0.2835711324324521,0.044141603531735116,0.044141603531735116
6470,0.6281456605040776,0.2835711324324521,0.044141603531735116,0.044141603531735116
6471,0.6281456605040776,0.2835711324324521,0.044141603531735116,0.044141603531735116
6472,0.6281456605040776,0.2835711324324521,0.044141603531735116,0.044141603531735116
6473,0.6281456605040776,0.2835711324324521,0.044141603531735116,0.044141603531735116
6474,0.6281456605040776,0.2835711324324521,0.044141603531735116,0.044141603531735116
6475,0.6281456605040776,0.2835711324324521,0.044141603531735116,0.044141603531735116
6476,0.6281456605040776,0.2835711324324521,0.044141603531735116,0.044141603531735116
6477,0.6281456605040776,0.2835711324324521,0.044141603531735116,0.044141603531735116
6478,0.6281456605040776,0.2835711324324521,0.044141603531735116,0.044141603531735116
6479,0.6281456605040776,0.2835711324324521,0.044141603531735116,0.044141603531735116
6480,0.6281456605040776,0.2835711324324521,0.044141603531735116,0.044141603531735116
6481,0.6281456605040776,0.2835711324324521,0.044141603531735116,0.044141603531735116
6482,0.6281456605040776,0.2835711324324521,0.044141603531735116,0.044141603531735116
6483,0.6281456605040776,0.2835711324324521,0.044141603531735116,0.044141603531735116
6484,0.6281456605040776,0.2835711324324521,0.044141603531735116,0.044141603531735116
6485,0.6281456605040776,0.2835711324324521,0.044141603531735116,0.044141603531735116
6486,0.6281456605040776,0.2835711324324521,0.044141603531735116,0.044141603531735116
6487,0.6281456605040776,0.2835711324324521,0.044141603531735116,0.044141603531735116
6488,0.6281456605040776,0.2835711324324521,0.044141603531735116,0.044141603531735116
6489,0.6281456605040776,0.2835711324324521,0.044141603531735116,0.044141603531735116
6490,0.6281456605040776,0.2835711324324521,0.044141603531735116,0.044141603531735116
6491,0.6281456605040776,0.2835711324324521,0.044141603531735116,0.044141603531735116
6492,0.6281456605040776,0.2835711324324521,0.044141603531735116,0.044141603531735116
6493,0.6281456605040776,0.2835711324324521,0.044141603531735116,0.044141603531735116
6494,0.6281456605040776,0.2835711324324521,0.044141603531735116,0.044141603531735116
6495,0.6281456605040776,0.2835711324324521,0.044141603531735116,0.044141603531735116
6496,0.6281456605040776,0.2835711324324521,0.044141603531735116,0.044141603531735116
6497,0.6281456605040776,0.2835711324324521,0.044141603531735116,0.044141603531735116
6498,0.6281456605040776,0.2835711324324521,0.044141603531735116,0.044141603531735116
6499,0.6281456605040776,0.2835711324324521,0.044141603531735116,0.044141603531735116
6500,0.6510097951511795,0.2574883577183607,0.04575092356522984,0.04575092356522984
6501,0.6510097951511795,0.2574883577183607,0.04575092356522984,0.04575092356522984
6502,0.6510097951511795,0.2574883577183607,0.04575092356522984,0.04575092356522984
6503,0.6510097951511795,0.2574883577183607,0.04575092356522984,0.04575092356522984
6504,0.6510097951511795,0.2574883577183607,0.04575092356522984,0.04575092356522984
6505,0.6510097951511795,0.2574883577183607,0.04575092356522984,0.04575092356522984
6506,0.6510097951511795,0.2574883577183607,0.04575092356522984,0.04575092356522984
6507,0.6510097951511795,0.2574883577183607,0.04575092356522984,0.04575092356522984
6508,0.6510097951511795,0.2574883577183607,0.04575092356522984,0.04575092356522984
6509,0.6510097951511795,0.2574883577183607,0.04575092356522984,0.04575092356522984
6510,0.6510097951511795,0.2574883577183607,0.04575092356522984,0.04575092356522984
6511,0.6510097951511795,0.2574883577183607,0.04575092356522984,0.04575092356522984
6512,0.6510097951511795,0.2574883577183607,0.04575092356522984,0.04575092356522984
6513,0.6510097951511795,0.2574883577183607,0.04575092356522984,0.04575092356522984
6514,0.6510097951511795,0.2574883577183607,0.04575092356522984,0.04575092356522984
6515,0.6510097951511795,0.2574883577183607,0.04575092356522984,0.04575092356522984
6516,0.6510097951511795,0.2574883577183607,0.04575092356522984,0.04575092356522984
6517,0.6510097951511795,0.2574883577183607,0.04575092356522984,0.04575092356522984
6518,0.6510097951511795,0.2574883577183607,0.04575092356522984,0.04575092356522984
6519,0.6510097951511795,0.2574883577183607,0.04575092356522984,0.04575092356522984
6520,0.6510097951511795,0.2574883577183607,0.04575092356522984,0.04575092356522984
6521,0.6510097951511795,0.2574883577183607,0.04575092356522984,0.04575092356522984
6522,0.6510097951511795,0.2574883577183607,0.04575092356522984,0.04575092356522984
6523,0.6510097951511795,0.2574883577183607,0.04575092356522984,0.04575092356522984
6524,0.6510097951511795,0.2574883577183607,0.04575092356522984,0.04575092356522984
6525,0.6510097951511795,0.2574883577183607,0.04575092356522984,0.04575092356522984
6526,0.6510097951511795,0.2574883577183607,0.04575092356522984,0.04575092356522984
6527,0.6510097951511795,0.2574883577183607,0.04575092356522984,0.04575092356522984
6528,0.6510097951511795,0.2574883577183607,0.04575092356522984,0.04575092356522984
6529,0.6510097951511795,0.2574883577183607,0.04575092356522984,0.04575092356522984
6530,0.6510097951511795,0.2574883577183607,0.04575092356522984,0.04575092356522984
6531,0.6510097951511795,0.2574883577183607,0.04575092356522984,0.04575092356522984
6532,0.6510097951511795,0.2574883577183607,0.04575092356522984,0.04575092356522984
6533,0.6510097951511795,0.2574883577183607,0.04575092356522984,0.04575092356522984
6534,0.6510097951511795,0.2574883577183607,0.04575092356522984,0.04575092356522984
6535,0.6510097951511795,0.2574883577183607,0.04575092356522984,0.04575092356522984
6536,0.6510097951511795,0.2574883577183607,0.04575092356522984,0.04575092356522984
6537,0.6510097951511795,0.2574883577183607,0.04575092356522984,0.04575092356522984
6538,0.6510097951511795,0.2574883577183607,0.04575092356522984,0.04575092356522984
6539,0.6510097951511795,0.2574883577183607,0.04575092356522984,0.04575092356522984
6540,0.6510097951511795,0.2574883577183607,0.04575092356522984,0.04575092356522984
6541,0.6510097951511795,0.2574883577183607,0.04575092356522984,0.04575092356522984
6542,0.6510097951511795,0.2574883577183607,0.04575092356522984,0.04575092356522984
6543,0.6510097951511795,0.2574883577183607,0.04575092356522984,0.04575092356522984
6544,0.6510097951511795,0.2574883577183607,0.04575092356522984,0.04575092356522984
6545,0.6510097951511795,0.2574883577183607,0.04575092356522984,0.04575092356522984
6546,0.6510097951511795,0.2574883577183607,0.04575092356522984,0.04575092356522984
6547,0.6510097951511795,0.2574883577183607,0.04575092356522984,0.04575092356522984
6548,0.6510097951511795,0.2574883577183607,0.04575092356522984,0.04575092356522984
6549,0.6510097951511795,0.2574883577183607,0.04575092356522984,0.04575092356522984
6550,0.6510097951511795,0.2574883577183607,0.04575092356522984,0.04575092356522984
6551,0.6510097951511795,0.2574883577183607,0.04575092356522984,0.04575092356522984
6552,0.6510097951511795,0.2574883577183607,0.04575092356522984,0.04575092356522984
6553,0.6510097951511795,0.2574883577183607,0.04575092356522984,0.04575092356522984
6554,0.6510097951511795,0.2574883577183607,0.04575092356522984,0.04575092356522984
6555,0.6510097951511795,0.2574883577183607,0.04575092356522984,0.04575092356522984
6556,0.6510097951511795,0.2574883577183607,0.04575092356522984,0.04575092356522984
6557,0.6510097951511795,0.2574883577183607,0.04575092356522984,0.04575092356522984
6558,0.6510097951511795,0.2574883577183607,0.04575092356522984,0.04575092356522984
6559,0.6510097951511795,0.2574883577183607,0.04575092356522984,0.04575092356522984
6560,0.6510097951511795,0.2574883577183607,0.04575092356522984,0.04575092356522984
6561,0.6510097951511795,0.2574883577183607,0.04575092356522984,0.04575092356522984
6562,0.6510097951511795,0.2574883577183607,0.04575092356522984,0.04575092356522984
6563,0.6510097951511795,0.2574883577183607,0.04575092356522984,0.04575092356522984
6564,0.6510097951511795,0.2574883577183607,0.04575092356522984,0.04575092356522984
6565,0.6510097951511795,0.2574883577183607,0.04575092356522984,0.04575092356522984
6566,0.6510097951511795,0.2574883577183607,0.04575092356522984,0.04575092356522984
6567,0.6510097951511795,0.2574883577183607,0.04575092356522984,0.04575092356522984
6568,0.6510097951511795,0.2574883577183607,0.04575092356522984,0.04575092356522984
6569,0.6510097951511795,0.2574883577183607,0.04575092356522984,0.04575092356522984
6570,0.6510097951511795,0.2574883577183607,0.04575092356522984,0.04575092356522984
6571,0.6510097951511795,0.2574883577183607,0.04575092356522984,0.04575092356522984
6572,0.6510097951511795,0.2574883577183607,0.04575092356522984,0.04575092356522984
6573,0.6510097951511795,0.2574883577183607,0.04575092356522984,0.04575092356522984
6574,0.6510097951511795,0.2574883577183607,0.04575092356522984,0.04575092356522984
6575,0.6510097951511795,0.2574883577183607,0.04575092356522984,0.04575092356522984
6576,0.6510097951511795,0.2574883577183607,0.04575092356522984,0.04575092356522984
6577,0.6510097951511795,0.2574883577183607,0.04575092356522984,0.04575092356522984
6578,0.6510097951511795,0.2574883577183607,0.04575092356522984,0.04575092356522984
6579,0.6510097951511795,0.2574883577183607,0.04575092356522984,0.04575092356522984
6580,0.6510097951511795,0.2574883577183607,0.04575092356522984,0.04575092356522984
6581,0.6510097951511795,0.2574883577183607,0.04575092356522984,0.04575092356522984
6582,0.6510097951511795,0.2574883577183607,0.04575092356522984,0.04575092356522984
6583,0.6510097951511795,0.2574883577183607,0.04575092356522984,0.04575092356522984
6584,0.6510097951511795,0.2574883577183607,0.04575092356522984,0.04575092356522984
6585,0.6510097951511795,0.2574883577183607,0.04575092356522984,0.04575092356522984
6586,0.6510097951511795,0.2574883577183607,0.04575092356522984,0.04575092356522984
6587,0.6510097951511795,0.2574883577183607,0.04575092356522984,0.04575092356522984
6588,0.6510097951511795,0.2574883577183607,0.04575092356522984,0.04575092356522984
6589,0.6510097951511795,0.2574883577183607,0.04575092356522984,0.04575092356522984
6590,0.6510097951511795,0.2574883577183607,0.04575092356522984,0.04575092356522984
6591,0.6510097951511795,0.2574883577183607,0.04575092356522984,0.04575092356522984
6592,0.6510097951511795,0.2574883577183607,0.04575092356522984,0.04575092356522984
6593,0.6510097951511795,0.2574883577183607,0.04575092356522984,0.04575092356522984
6594,0.6510097951511795,0.2574883577183607,0.04575092356522984,0.04575092356522984
6595,0.6510097951511795,0.2574883577183607,0.04575092356522984,0.04575092356522984
6596,0.6510097951511795,0.2574883577183607,0.04575092356522984,0.04575092356522984
6597,0.6510097951511795,0.2574883577183607,0.04575092356522984,0.04575092356522984
6598,0.6510097951511795,0.2574883577183607,0.04575092356522984,0.04575092356522984
6599,0.6510097951511795,0.2574883577183607,0.04575092356522984,0.04575092356522984
6600,0.6843665523756649,0.22261514373828395,0.04650915194302554,0.04650915194302554
6601,0.6843665523756649,0.22261514373828395,0.04650915194302554,0.04650915194302554
6602,0.6843665523756649,0.22261514373828395,0.04650915194302554,0.04650915194302554
6603,0.6843665523756649,0.22261514373828395,0.04650915194302554,0.04650915194302554
6604,0.6843665523756649,0.22261514373828395,0.04650915194302554,0.04650915194302554
6605,0.6843665523756649,0.22261514373828395,0.04650915194302554,0.04650915194302554
6606,0.6843665523756649,0.22261514373828395,0.04650915194302554,0.04650915194302554
6607,0.6843665523756649,0.22261514373828395,0.04650915194302554,0.04650915194302554
6608,0.6843665523756649,0.22261514373828395,0.04650915194302554,0.04650915194302554
6609,0.6843665523756649,0.22261514373828395,0.04650915194302554,0.04650915194302554
6610,0.6843665523756649,0.22261514373828395,0.04650915194302554,0.04650915194302554
6611,0.6843665523756649,0.22261514373828395,0.04650915194302554,0.04650915194302554
6612,0.6843665523756649,0.22261514373828395,0.04650915194302554,0.04650915194302554
6613,0.6843665523756649,0.22261514373828395,0.04650915194302554,0.04650915194302554
6614,0.6843665523756649,0.22261514373828395,0.04650915194302554,0.04650915194302554
6615,0.6843665523756649,0.22261514373828395,0.04650915194302554,0.04650915194302554
6616,0.6843665523756649,0.22261514373828395,0.04650915194302554,0.04650915194302554
6617,0.6843665523756649,0.22261514373828395,0.04650915194302554,0.04650915194302554
6618,0.6843665523756649,0.22261514373828395,0.04650915194302554,0.04650915194302554
6619,0.6843665523756649,0.22261514373828395,0.04650915194302554,0.04650915194302554
6620,0.6843665523756649,0.22261514373828395,0.04650915194302554,0.04650915194302554
6621,0.6843665523756649,0.22261514373828395,0.04650915194302554,0.04650915194302554
6622,0.6843665523756649,0.22261514373828395,0.04650915194302554,0.04650915194302554
6623,0.6843665523756649,0.22261514373828395,0.04650915194302554,0.04650915194302554
6624,0.6843665523756649,0.22261514373828395,0.04650915194302554,0.04650915194302554
6625,0.6843665523756649,0.22261514373828395,0.04650915194302554,0.04650915194302554
6626,0.6843665523756649,0.22261514373828395,0.04650915194302554,0.04650915194302554
6627,0.6843665523756649,0.22261514373828395,0.04650915194302554,0.04650915194302554
6628,0.6843665523756649,0.22261514373828395,0.04650915194302554,0.04650915194302554
6629,0.6843665523756649,0.22261514373828395,0.04650915194302554,0.04650915194302554
6630,0.6843665523756649,0.22261514373828395,0.04650915194302554,0.04650915194302554
6631,0.6843665523756649,0.22261514373828395,0.04650915194302554,0.04650915194302554
6632,0.6843665523756649,0.22261514373828395,0.04650915194302554,0.04650915194302554
6633,0.6843665523756649,0.22261514373828395,0.04650915194302554,0.04650915194302554
6634,0.6843665523756649,0.22261514373828395,0.04650915194302554,0.04650915194302554
6635,0.6843665523756649,0.22261514373828395,0.04650915194302554,0.04650915194302554
6636,0.6843665523756649,0.22261514373828395,0.04650915194302554,0.04650915194302554
6637,0.6843665523756649,0.22261514373828395,0.04650915194302554,0.04650915194302554
6638,0.6843665523756649,0.22261514373828395,0.04650915194302554,0.04650915194302554
6639,0.6843665523756649,0.22261514373828395,0.04650915194302554,0.04650915194302554
6640,0.6843665523756649,0.22261514373828395,0.04650915194302554,0.04650915194302554
6641,0.6843665523756649,0.22261514373828395,0.04650915194302554,0.04650915194302554
6642,0.6843665523756649,0.22261514373828395,0.04650915194302554,0.04650915194302554
6643,0.6843665523756649,0.22261514373828395,0.04650915194302554,0.04650915194302554
6644,0.6843665523756649,0.22261514373828395,0.04650915194302554,0.04650915194302554
6645,0.6843665523756649,0.22261514373828395,0.04650915194302554,0.04650915194302554
6646,0.6843665523756649,0.22261514373828395,0.04650915194302554,0.04650915194302554
6647,0.6843665523756649,0.22261514373828395,0.04650915194302554,0.04650915194302554
6648,0.6843665523756649,0.22261514373828395,0.04650915194302554,0.04650915194302554
6649,0.6843665523756649,0.22261514373828395,0.04650915194302554,0.04650915194302554
6650,0.6843665523756649,0.22261514373828395,0.04650915194302554,0.04650915194302554
6651,0.6843665523756649,0.22261514373828395,0.04650915194302554,0.04650915194302554
6652,0.6843665523756649,0.22261514373828395,0.04650915194302554,0.04650915194302554
6653,0.6843665523756649,0.22261514373828395,0.04650915194302554,0.04650915194302554
6654,0.6843665523756649,0.22261514373828395,0.04650915194302554,0.04650915194302554
6655,0.6843665523756649,0.22261514373828395,0.04650915194302554,0.04650915194302554
6656,0.6843665523756649,0.22261514373828395,0.04650915194302554,0.04650915194302554
6657,0.6843665523756649,0.22261514373828395,0.04650915194302554,0.04650915194302554
6658,0.6843665523756649,0.22261514373828395,0.04650915194302554,0.04650915194302554
6659,0.6843665523756649,0.22261514373828395,0.04650915194302554,0.04650915194302554
6660,0.6843665523756649,0.22261514373828395,0.04650915194302554,0.04650915194302554
6661,0.6843665523756649,0.22261514373828395,0.04650915194302554,0.04650915194302554
6662,0.6843665523756649,0.22261514373828395,0.04650915194302554,0.04650915194302554
6663,0.6843665523756649,0.22261514373828395,0.04650915194302554,0.04650915194302554
6664,0.6843665523756649,0.22261514373828395,0.04650915194302554,0.04650915194302554
6665,0.6843665523756649,0.22261514373828395,0.04650915194302554,0.04650915194302554
6666,0.6843665523756649,0.22261514373828395,0.04650915194302554,0.04650915194302554
6667,0.6843665523756649,0.22261514373828395,0.04650915194302554,0.04650915194302554
6668,0.6843665523756649,0.22261514373828395,0.04650915194302554,0.04650915194302554
6669,0.6843665523756649,0.22261514373828395,0.04650915194302554,0.04650915194302554
6670,0.6843665523756649,0.22261514373828395,0.04650915194302554,0.04650915194302554
6671,0.6843665523756649,0.22261514373828395,0.04650915194302554,0.04650915194302554
6672,0.6843665523756649,0.22261514373828395,0.04650915194302554,0.04650915194302554
6673,0.6843665523756649,0.22261514373828395,0.04650915194302554,0.04650915194302554
6674,0.6843665523756649,0.22261514373828395,0.04650915194302554,0.04650915194302554
6675,0.6843665523756649,0.22261514373828395,0.04650915194302554,0.04650915194302554
6676,0.6843665523756649,0.22261514373828395,0.04650915194302554,0.04650915194302554
6677,0.6843665523756649,0.22261514373828395,0.04650915194302554,0.04650915194302554
6678,0.6843665523756649,0.22261514373828395,0.04650915194302554,0.04650915194302554
6679,0.6843665523756649,0.22261514373828395,0.04650915194302554,0.04650915194302554
6680,0.6843665523756649,0.22261514373828395,0.04650915194302554,0.04650915194302554
6681,0.6843665523756649,0.22261514373828395,0.04650915194302554,0.04650915194302554
6682,0.6843665523756649,0.22261514373828395,0.04650915194302554,0.04650915194302554
6683,0.6843665523756649,0.22261514373828395,0.04650915194302554,0.04650915194302554
6684,0.6843665523756649,0.22261514373828395,0.04650915194302554,0.04650915194302554
6685,0.6843665523756649,0.22261514373828395,0.04650915194302554,0.04650915194302554
6686,0.6843665523756649,0.22261514373828395,0.04650915194302554,0.04650915194302554
6687,0.6843665523756649,0.22261514373828395,0.04650915194302554,0.04650915194302554
6688,0.6843665523756649,0.22261514373828395,0.04650915194302554,0.04650915194302554
6689,0.6843665523756649,0.22261514373828395,0.04650915194302554,0.04650915194302554
6690,0.6843665523756649,0.22261514373828395,0.04650915194302554,0.04650915194302554
6691,0.6843665523756649,0.22261514373828395,0.04650915194302554,0.04650915194302554
6692,0.6843665523756649,0.22261514373828395,0.04650915194302554,0.04650915194302554
6693,0.6843665523756649,0.22261514373828395,0.04650915194302554,0.04650915194302554
6694,0.6843665523756649,0.22261514373828395,0.04650915194302554,0.04650915194302554
6695,0.6843665523756649,0.22261514373828395,0.04650915194302554,0.04650915194302554
6696,0.6843665523756649,0.22261514373828395,0.04650915194302554,0.04650915194302554
6697,0.6843665523756649,0.22261514373828395,0.04650915194302554,0.04650915194302554
6698,0.6843665523756649,0.22261514373828395,0.04650915194302554,0.04650915194302554
6699,0.6843665523756649,0.22261514373828395,0.04650915194302554,0.04650915194302554
6700,0.6797030949866117,0.22666805740836116,0.04681442380251353,0.04681442380251353
6701,0.6797030949866117,0.22666805740836116,0.04681442380251353,0.04681442380251353
6702,0.6797030949866117,0.22666805740836116,0.04681442380251353,0.04681442380251353
6703,0.6797030949866117,0.22666805740836116,0.04681442380251353,0.04681442380251353
6704,0.6797030949866117,0.22666805740836116,0.04681442380251353,0.04681442380251353
6705,0.6797030949866117,0.22666805740836116,0.04681442380251353,0.04681442380251353
6706,0.6797030949866117,0.22666805740836116,0.04681442380251353,0.04681442380251353
6707,0.6797030949866117,0.22666805740836116,0.04681442380251353,0.04681442380251353
6708,0.6797030949866117,0.22666805740836116,0.04681442380251353,0.04681442380251353
6709,0.6797030949866117,0.22666805740836116,0.04681442380251353,0.04681442380251353
6710,0.6797030949866117,0.22666805740836116,0.04681442380251353,0.04681442380251353
6711,0.6797030949866117,0.22666805740836116,0.04681442380251353,0.04681442380251353
6712,0.6797030949866117,0.22666805740836116,0.04681442380251353,0.04681442380251353
6713,0.6797030949866117,0.22666805740836116,0.04681442380251353,0.04681442380251353
6714,0.6797030949866117,0.22666805740836116,0.04681442380251353,0.04681442380251353
6715,0.6797030949866117,0.22666805740836116,0.04681442380251353,0.04681442380251353
6716,0.6797030949866117,0.22666805740836116,0.04681442380251353,0.04681442380251353
6717,0.6797030949866117,0.22666805740836116,0.04681442380251353,0.04681442380251353
6718,0.6797030949866117,0.22666805740836116,0.04681442380251353,0.04681442380251353
6719,0.6797030949866117,0.22666805740836116,0.04681442380251353,0.04681442380251353
6720,0.6797030949866117,0.22666805740836116,0.04681442380251353,0.04681442380251353
6721,0.6797030949866117,0.22666805740836116,0.04681442380251353,0.04681442380251353
6722,0.6797030949866117,0.22666805740836116,0.04681442380251353,0.04681442380251353
6723,0.6797030949866117,0.22666805740836116,0.04681442380251353,0.04681442380251353
6724,0.6797030949866117,0.22666805740836116,0.04681442380251353,0.04681442380251353
6725,0.6797030949866117,0.22666805740836116,0.04681442380251353,0.04681442380251353
6726,0.6797030949866117,0.22666805740836116,0.04681442380251353,0.04681442380251353
6727,0.6797030949866117,0.22666805740836116,0.04681442380251353,0.04681442380251353
6728,0.6797030949866117,0.22666805740836116,0.04681442380251353,0.04681442380251353
6729,0.6797030949866117,0.22666805740836116,0.04681442380251353,0.04681442380251353
6730,0.6797030949866117,0.22666805740836116,0.04681442380251353,0.04681442380251353
6731,0.6797030949866117,0.22666805740836116,0.04681442380251353,0.04681442380251353
6732,0.6797030949866117,0.22666805740836116,0.04681442380251353,0.04681442380251353
6733,0.6797030949866117,0.22666805740836116,0.04681442380251353,0.04681442380251353
6734,0.6797030949866117,0.22666805740836116,0.04681442380251353,0.04681442380251353
6735,0.6797030949866117,0.22666805740836116,0.04681442380251353,0.04681442380251353
6736,0.6797030949866117,0.22666805740836116,0.04681442380251353,0.04681442380251353
6737,0.6797030949866117,0.22666805740836116,0.04681442380251353,0.04681442380251353
6738,0.6797030949866117,0.22666805740836116,0.04681442380251353,0.04681442380251353
6739,0.6797030949866117,0.22666805740836116,0.04681442380251353,0.04681442380251353
6740,0.6797030949866117,0.22666805740836116,0.04681442380251353,0.04681442380251353
6741,0.6797030949866117,0.22666805740836116,0.04681442380251353,0.04681442380251353
6742,0.6797030949866117,0.22666805740836116,0.04681442380251353,0.04681442380251353
6743,0.6797030949866117,0.22666805740836116,0.04681442380251353,0.04681442380251353
6744,0.6797030949866117,0.22666805740836116,0.04681442380251353,0.04681442380251353
6745,0.6797030949866117,0.22666805740836116,0.04681442380251353,0.04681442380251353
6746,0.6797030949866117,0.22666805740836116,0.04681442380251353,0.04681442380251353
6747,0.6797030949866117,0.22666805740836116,0.04681442380251353,0.04681442380251353
6748,0.6797030949866117,0.22666805740836116,0.04681442380251353,0.04681442380251353
6749,0.6797030949866117,0.22666805740836116,0.04681442380251353,0.04681442380251353
6750,0.6797030949866117,0.22666805740836116,0.04681442380251353,0.04681442380251353
6751,0.6797030949866117,0.22666805740836116,0.04681442380251353,0.04681442380251353
6752,0.6797030949866117,0.22666805740836116,0.04681442380251353,0.04681442380251353
6753,0.6797030949866117,0.22666805740836116,0.04681442380251353,0.04681442380251353
6754,0.6797030949866117,0.22666805740836116,0.04681442380251353,0.04681442380251353
6755,0.6797030949866117,0.22666805740836116,0.04681442380251353,0.04681442380251353
6756,0.6797030949866117,0.22666805740836116,0.04681442380251353,0.04681442380251353
6757,0.6797030949866117,0.22666805740836116,0.04681442380251353,0.04681442380251353
6758,0.6797030949866117,0.22666805740836116,0.04681442380251353,0.04681442380251353
6759,0.6797030949866117,0.22666805740836116,0.04681442380251353,0.04681442380251353
6760,0.6797030949866117,0.22666805740836116,0.04681442380251353,0.04681442380251353
6761,0.6797030949866117,0.22666805740836116,0.04681442380251353,0.04681442380251353
6762,0.6797030949866117,0.22666805740836116,0.04681442380251353,0.04681442380251353
6763,0.6797030949866117,0.22666805740836116,0.04681442380251353,0.04681442380251353
6764,0.6797030949866117,0.22666805740836116,0.04681442380251353,0.04681442380251353
6765,0.6797030949866117,0.22666805740836116,0.04681442380251353,0.04681442380251353
6766,0.6797030949866117,0.22666805740836116,0.04681442380251353,0.04681442380251353
6767,0.6797030949866117,0.22666805740836116,0.04681442380251353,0.04681442380251353
6768,0.6797030949866117,0.22666805740836116,0.04681442380251353,0.04681442380251353
6769,0.6797030949866117,0.22666805740836116,0.04681442380251353,0.04681442380251353
6770,0.6797030949866117,0.22666805740836116,0.04681442380251353,0.04681442380251353
6771,0.6797030949866117,0.22666805740836116,0.04681442380251353,0.04681442380251353
6772,0.6797030949866117,0.22666805740836116,0.04681442380251353,0.04681442380251353
6773,0.6797030949866117,0.22666805740836116,0.04681442380251353,0.04681442380251353
6774,0.6797030949866117,0.22666805740836116,0.04681442380251353,0.04681442380251353
6775,0.6797030949866117,0.22666805740836116,0.04681442380251353,0.04681442380251353
6776,0.6797030949866117,0.22666805740836116,0.04681442380251353,0.04681442380251353
6777,0.6797030949866117,0.22666805740836116,0.04681442380251353,0.04681442380251353
6778,0.6797030949866117,0.22666805740836116,0.04681442380251353,0.04681442380251353
6779,0.6797030949866117,0.22666805740836116,0.04681442380251353,0.04681442380251353
6780,0.6797030949866117,0.22666805740836116,0.04681442380251353,0.04681442380251353
6781,0.6797030949866117,0.22666805740836116,0.04681442380251353,0.04681442380251353
6782,0.6797030949866117,0.22666805740836116,0.04681442380251353,0.04681442380251353
6783,0.6797030949866117,0.22666805740836116,0.04681442380251353,0.04681442380251353
6784,0.6797030949866117,0.22666805740836116,0.04681442380251353,0.04681442380251353
6785,0.6797030949866117,0.22666805740836116,0.04681442380251353,0.04681442380251353
6786,0.6797030949866117,0.22666805740836116,0.04681442380251353,0.04681442380251353
6787,0.6797030949866117,0.22666805740836116,0.04681442380251353,0.04681442380251353
6788,0.6797030949866117,0.22666805740836116,0.04681442380251353,0.04681442380251353
6789,0.6797030949866117,0.22666805740836116,0.04681442380251353,0.04681442380251353
6790,0.6797030949866117,0.22666805740836116,0.04681442380251353,0.04681442380251353
6791,0.6797030949866117,0.22666805740836116,0.04681442380251353,0.04681442380251353
6792,0.6797030949866117,0.22666805740836116,0.04681442380251353,0.04681442380251353
6793,0.6797030949866117,0.22666805740836116,0.04681442380251353,0.04681442380251353
6794,0.6797030949866117,0.22666805740836116,0.04681442380251353,0.04681442380251353
6795,0.6797030949866117,0.22666805740836116,0.04681442380251353,0.04681442380251353
6796,0.6797030949866117,0.22666805740836116,0.04681442380251353,0.04681442380251353
6797,0.6797030949866117,0.22666805740836116,0.04681442380251353,0.04681442380251353
6798,0.6797030949866117,0.22666805740836116,0.04681442380251353,0.04681442380251353
6799,0.6797030949866117,0.22666805740836116,0.04681442380251353,0.04681442380251353
6800,0.6870123140026143,0.22195908496416641,0.04551430051660963,0.04551430051660963
6801,0.6870123140026143,0.22195908496416641,0.04551430051660963,0.04551430051660963
6802,0.6870123140026143,0.22195908496416641,0.04551430051660963,0.04551430051660963
6803,0.6870123140026143,0.22195908496416641,0.04551430051660963,0.04551430051660963
6804,0.6870123140026143,0.22195908496416641,0.04551430051660963,0.04551430051660963
6805,0.6870123140026143,0.22195908496416641,0.04551430051660963,0.04551430051660963
6806,0.6870123140026143,0.22195908496416641,0.04551430051660963,0.04551430051660963
6807,0.6870123140026143,0.22195908496416641,0.04551430051660963,0.04551430051660963
6808,0.6870123140026143,0.22195908496416641,0.04551430051660963,0.04551430051660963
6809,0.6870123140026143,0.22195908496416641,0.04551430051660963,0.04551430051660963
6810,0.6870123140026143,0.22195908496416641,0.04551430051660963,0.04551430051660963
6811,0.6870123140026143,0.22195908496416641,0.04551430051660963,0.04551430051660963
6812,0.6870123140026143,0.22195908496416641,0.04551430051660963,0.04551430051660963
6813,0.6870123140026143,0.22195908496416641,0.04551430051660963,0.04551430051660963
6814,0.6870123140026143,0.22195908496416641,0.04551430051660963,0.04551430051660963
6815,0.6870123140026143,0.22195908496416641,0.04551430051660963,0.04551430051660963
6816,0.6870123140026143,0.22195908496416641,0.04551430051660963,0.04551430051660963
6817,0.6870123140026143,0.22195908496416641,0.04551430051660963,0.04551430051660963
6818,0.6870123140026143,0.22195908496416641,0.04551430051660963,0.04551430051660963
6819,0.6870123140026143,0.22195908496416641,0.04551430051660963,0.04551430051660963
6820,0.6870123140026143,0.22195908496416641,0.04551430051660963,0.04551430051660963
6821,0.6870123140026143,0.22195908496416641,0.04551430051660963,0.04551430051660963
6822,0.6870123140026143,0.22195908496416641,0.04551430051660963,0.04551430051660963
6823,0.6870123140026143,0.22195908496416641,0.04551430051660963,0.04551430051660963
6824,0.6870123140026143,0.22195908496416641,0.04551430051660963,0.04551430051660963
6825,0.6870123140026143,0.22195908496416641,0.04551430051660963,0.04551430051660963
6826,0.6870123140026143,0.22195908496416641,0.04551430051660963,0.04551430051660963
6827,0.6870123140026143,0.22195908496416641,0.04551430051660963,0.04551430051660963
6828,0.6870123140026143,0.22195908496416641,0.04551430051660963,0.04551430051660963
6829,0.6870123140026143,0.22195908496416641,0.04551430051660963,0.04551430051660963
6830,0.6870123140026143,0.22195908496416641,0.04551430051660963,0.04551430051660963
6831,0.6870123140026143,0.22195908496416641,0.04551430051660963,0.04551430051660963
6832,0.6870123140026143,0.22195908496416641,0.04551430051660963,0.04551430051660963
6833,0.6870123140026143,0.22195908496416641,0.04551430051660963,0.04551430051660963
6834,0.6870123140026143,0.22195908496416641,0.04551430051660963,0.04551430051660963
6835,0.6870123140026143,0.22195908496416641,0.04551430051660963,0.04551430051660963
6836,0.6870123140026143,0.22195908496416641,0.04551430051660963,0.04551430051660963
6837,0.6870123140026143,0.22195908496416641,0.04551430051660963,0.04551430051660963
6838,0.6870123140026143,0.22195908496416641,0.04551430051660963,0.04551430051660963
6839,0.6870123140026143,0.22195908496416641,0.04551430051660963,0.04551430051660963
6840,0.6870123140026143,0.22195908496416641,0.04551430051660963,0.04551430051660963
6841,0.6870123140026143,0.22195908496416641,0.04551430051660963,0.04551430051660963
6842,0.6870123140026143,0.22195908496416641,0.04551430051660963,0.04551430051660963
6843,0.6870123140026143,0.22195908496416641,0.04551430051660963,0.04551430051660963
6844,0.6870123140026143,0.22195908496416641,0.04551430051660963,0.04551430051660963
6845,0.6870123140026143,0.22195908496416641,0.04551430051660963,0.04551430051660963
6846,0.6870123140026143,0.22195908496416641,0.04551430051660963,0.04551430051660963
6847,0.6870123140026143,0.22195908496416641,0.04551430051660963,0.04551430051660963
6848,0.6870123140026143,0.22195908496416641,0.04551430051660963,0.04551430051660963
6849,0.6870123140026143,0.22195908496416641,0.04551430051660963,0.04551430051660963
6850,0.6870123140026143,0.22195908496416641,0.04551430051660963,0.04551430051660963
6851,0.6870123140026143,0.22195908496416641,0.04551430051660963,0.04551430051660963
6852,0.6870123140026143,0.22195908496416641,0.04551430051660963,0.04551430051660963
6853,0.6870123140026143,0.22195908496416641,0.04551430051660963,0.04551430051660963
6854,0.6870123140026143,0.22195908496416641,0.04551430051660963,0.04551430051660963
6855,0.6870123140026143,0.22195908496416641,0.04551430051660963,0.04551430051660963
6856,0.6870123140026143,0.22195908496416641,0.04551430051660963,0.04551430051660963
6857,0.6870123140026143,0.22195908496416641,0.04551430051660963,0.04551430051660963
6858,0.6870123140026143,0.22195908496416641,0.04551430051660963,0.04551430051660963
6859,0.6870123140026143,0.22195908496416641,0.04551430051660963,0.04551430051660963
6860,0.6870123140026143,0.22195908496416641,0.04551430051660963,0.04551430051660963
6861,0.6870123140026143,0.22195908496416641,0.04551430051660963,0.04551430051660963
6862,0.6870123140026143,0.22195908496416641,0.04551430051660963,0.04551430051660963
6863,0.6870123140026143,0.22195908496416641,0.04551430051660963,0.04551430051660963
6864,0.6870123140026143,0.22195908496416641,0.04551430051660963,0.04551430051660963
6865,0.6870123140026143,0.22195908496416641,0.04551430051660963,0.04551430051660963
6866,0.6870123140026143,0.22195908496416641,0.04551430051660963,0.04551430051660963
6867,0.6870123140026143,0.22195908496416641,0.04551430051660963,0.04551430051660963
6868,0.6870123140026143,0.22195908496416641,0.04551430051660963,0.04551430051660963
6869,0.6870123140026143,0.22195908496416641,0.04551430051660963,0.04551430051660963
6870,0.6870123140026143,0.22195908496416641,0.04551430051660963,0.04551430051660963
6871,0.6870123140026143,0.22195908496416641,0.04551430051660963,0.04551430051660963
6872,0.6870123140026143,0.22195908496416641,0.04551430051660963,0.04551430051660963
6873,0.6870123140026143,0.22195908496416641,0.04551430051660963,0.04551430051660963
6874,0.6870123140026143,0.22195908496416641,0.04551430051660963,0.04551430051660963
6875,0.6870123140026143,0.22195908496416641,0.04551430051660963,0.04551430051660963
6876,0.6870123140026143,0.22195908496416641,0.04551430051660963,0.04551430051660963
6877,0.6870123140026143,0.22195908496416641,0.04551430051660963,0.04551430051660963
6878,0.6870123140026143,0.22195908496416641,0.04551430051660963,0.04551430051660963
6879,0.6870123140026143,0.22195908496416641,0.04551430051660963,0.04551430051660963
6880,0.6870123140026143,0.22195908496416641,0.04551430051660963,0.04551430051660963
6881,0.6870123140026143,0.22195908496416641,0.04551430051660963,0.04551430051660963
6882,0.6870123140026143,0.22195908496416641,0.04551430051660963,0.04551430051660963
6883,0.6870123140026143,0.22195908496416641,0.04551430051660963,0.04551430051660963
6884,0.6870123140026143,0.22195908496416641,0.04551430051660963,0.04551430051660963
6885,0.6870123140026143,0.22195908496416641,0.04551430051660963,0.04551430051660963
6886,0.6870123140026143,0.22195908496416641,0.04551430051660963,0.04551430051660963
6887,0.6870123140026143,0.22195908496416641,0.04551430051660963,0.04551430051660963
6888,0.6870123140026143,0.22195908496416641,0.04551430051660963,0.04551430051660963
6889,0.6870123140026143,0.22195908496416641,0.04551430051660963,0.04551430051660963
6890,0.6870123140026143,0.22195908496416641,0.04551430051660963,0.04551430051660963
6891,0.6870123140026143,0.22195908496416641,0.04551430051660963,0.04551430051660963
6892,0.6870123140026143,0.22195908496416641,0.04551430051660963,0.04551430051660963
6893,0.6870123140026143,0.22195908496416641,0.04551430051660963,0.04551430051660963
6894,0.6870123140026143,0.22195908496416641,0.04551430051660963,0.04551430051660963
6895,0.6870123140026143,0.22195908496416641,0.04551430051660963,0.04551430051660963
6896,0.6870123140026143,0.22195908496416641,0.04551430051660963,0.04551430051660963
6897,0.6870123140026143,0.22195908496416641,0.04551430051660963,0.04551430051660963
6898,0.6870123140026143,0.22195908496416641,0.04551430051660963,0.04551430051660963
6899,0.6870123140026143,0.22195908496416641,0.04551430051660963,0.04551430051660963
6900,0.5756890280618192,0.2739042298920137,0.11006406197441175,0.04034268007175538
6901,0.5756890280618192,0.2739042298920137,0.11006406197441175,0.04034268007175538
6902,0.5756890280618192,0.2739042298920137,0.11006406197441175,0.04034268007175538
6903,0.5756890280618192,0.2739042298920137,0.11006406197441175,0.04034268007175538
6904,0.5756890280618192,0.2739042298920137,0.11006406197441175,0.04034268007175538
6905,0.5756890280618192,0.2739042298920137,0.11006406197441175,0.04034268007175538
6906,0.5756890280618192,0.2739042298920137,0.11006406197441175,0.04034268007175538
6907,0.5756890280618192,0.2739042298920137,0.11006406197441175,0.04034268007175538
6908,0.5756890280618192,0.2739042298920137,0.11006406197441175,0.04034268007175538
6909,0.5756890280618192,0.2739042298920137,0.11006406197441175,0.04034268007175538
6910,0.5756890280618192,0.2739042298920137,0.11006406197441175,0.04034268007175538
6911,0.5756890280618192,0.2739042298920137,0.11006406197441175,0.04034268007175538
6912,0.5756890280618192,0.2739042298920137,0.11006406197441175,0.04034268007175538
6913,0.5756890280618192,0.2739042298920137,0.11006406197441175,0.04034268007175538
6914,0.5756890280618192,0.2739042298920137,0.11006406197441175,0.04034268007175538
6915,0.5756890280618192,0.2739042298920137,0.11006406197441175,0.04034268007175538
6916,0.5756890280618192,0.2739042298920137,0.11006406197441175,0.04034268007175538
6917,0.5756890280618192,0.2739042298920137,0.11006406197441175,0.04034268007175538
6918,0.5756890280618192,0.2739042298920137,0.11006406197441175,0.04034268007175538
6919,0.5756890280618192,0.2739042298920137,0.11006406197441175,0.04034268007175538
6920,0.5756890280618192,0.2739042298920137,0.11006406197441175,0.04034268007175538
6921,0.5756890280618192,0.2739042298920137,0.11006406197441175,0.04034268007175538
6922,0.5756890280618192,0.2739042298920137,0.11006406197441175,0.04034268007175538
6923,0.5756890280618192,0.2739042298920137,0.11006406197441175,0.04034268007175538
6924,0.5756890280618192,0.2739042298920137,0.11006406197441175,0.04034268007175538
6925,0.5756890280618192,0.2739042298920137,0.11006406197441175,0.04034268007175538
6926,0.5756890280618192,0.2739042298920137,0.11006406197441175,0.04034268007175538
6927,0.5756890280618192,0.2739042298920137,0.11006406197441175,0.04034268007175538
6928,0.5756890280618192,0.2739042298920137,0.11006406197441175,0.04034268007175538
6929,0.5756890280618192,0.2739042298920137,0.11006406197441175,0.04034268007175538
6930,0.5756890280618192,0.2739042298920137,0.11006406197441175,0.04034268007175538
6931,0.5756890280618192,0.2739042298920137,0.11006406197441175,0.04034268007175538
6932,0.5756890280618192,0.2739042298920137,0.11006406197441175,0.04034268007175538
6933,0.5756890280618192,0.2739042298920137,0.11006406197441175,0.04034268007175538
6934,0.5756890280618192,0.2739042298920137,0.11006406197441175,0.04034268007175538
6935,0.5756890280618192,0.2739042298920137,0.11006406197441175,0.04034268007175538
6936,0.5756890280618192,0.2739042298920137,0.11006406197441175,0.04034268007175538
6937,0.5756890280618192,0.2739042298920137,0.11006406197441175,0.04034268007175538
6938,0.5756890280618192,0.2739042298920137,0.11006406197441175,0.04034268007175538
6939,0.5756890280618192,0.2739042298920137,0.11006406197441175,0.04034268007175538
6940,0.5756890280618192,0.2739042298920137,0.11006406197441175,0.04034268007175538
6941,0.5756890280618192,0.2739042298920137,0.11006406197441175,0.04034268007175538
6942,0.5756890280618192,0.2739042298920137,0.11006406197441175,0.04034268007175538
6943,0.5756890280618192,0.2739042298920137,0.11006406197441175,0.04034268007175538
6944,0.5756890280618192,0.2739042298920137,0.11006406197441175,0.04034268007175538
6945,0.5756890280618192,0.2739042298920137,0.11006406197441175,0.04034268007175538
6946,0.5756890280618192,0.2739042298920137,0.11006406197441175,0.04034268007175538
6947,0.5756890280618192,0.2739042298920137,0.11006406197441175,0.04034268007175538
6948,0.5756890280618192,0.2739042298920137,0.11006406197441175,0.04034268007175538
6949,0.5756890280618192,0.2739042298920137,0.11006406197441175,0.04034268007175538
6950,0.5756890280618192,0.2739042298920137,0.11006406197441175,0.04034268007175538
6951,0.5756890280618192,0.2739042298920137,0.11006406197441175,0.04034268007175538
6952,0.5756890280618192,0.2739042298920137,0.11006406197441175,0.04034268007175538
6953,0.5756890280618192,0.2739042298920137,0.11006406197441175,0.04034268007175538
6954,0.5756890280618192,0.2739042298920137,0.11006406197441175,0.04034268007175538
6955,0.5756890280618192,0.2739042298920137,0.11006406197441175,0.04034268007175538
6956,0.5756890280618192,0.2739042298920137,0.11006406197441175,0.04034268007175538
6957,0.5756890280618192,0.2739042298920137,0.11006406197441175,0.04034268007175538
6958,0.5756890280618192,0.2739042298920137,0.11006406197441175,0.04034268007175538
6959,0.5756890280618192,0.2739042298920137,0.11006406197441175,0.04034268007175538
6960,0.5756890280618192,0.2739042298920137,0.11006406197441175,0.04034268007175538
6961,0.5756890280618192,0.2739042298920137,0.11006406197441175,0.04034268007175538
6962,0.5756890280618192,0.2739042298920137,0.11006406197441175,0.04034268007175538
6963,0.5756890280618192,0.2739042298920137,0.11006406197441175,0.04034268007175538
6964,0.5756890280618192,0.2739042298920137,0.11006406197441175,0.04034268007175538
6965,0.5756890280618192,0.2739042298920137,0.11006406197441175,0.04034268007175538
6966,0.5756890280618192,0.2739042298920137,0.11006406197441175,0.04034268007175538
6967,0.5756890280618192,0.2739042298920137,0.11006406197441175,0.04034268007175538
6968,0.5756890280618192,0.2739042298920137,0.11006406197441175,0.04034268007175538
6969,0.5756890280618192,0.2739042298920137,0.11006406197441175,0.04034268007175538
6970,0.5756890280618192,0.2739042298920137,0.11006406197441175,0.04034268007175538
6971,0.5756890280618192,0.2739042298920137,0.11006406197441175,0.04034268007175538
6972,0.5756890280618192,0.2739042298920137,0.11006406197441175,0.04034268007175538
6973,0.5756890280618192,0.2739042298920137,0.11006406197441175,0.04034268007175538
6974,0.5756890280618192,0.2739042298920137,0.11006406197441175,0.04034268007175538
6975,0.5756890280618192,0.2739042298920137,0.11006406197441175,0.04034268007175538
6976,0.5756890280618192,0.2739042298920137,0.11006406197441175,0.04034268007175538
6977,0.5756890280618192,0.2739042298920137,0.11006406197441175,0.04034268007175538
6978,0.5756890280618192,0.2739042298920137,0.11006406197441175,0.04034268007175538
6979,0.5756890280618192,0.2739042298920137,0.11006406197441175,0.04034268007175538
6980,0.5756890280618192,0.2739042298920137,0.11006406197441175,0.04034268007175538
6981,0.5756890280618192,0.2739042298920137,0.11006406197441175,0.04034268007175538
6982,0.5756890280618192,0.2739042298920137,0.11006406197441175,0.04034268007175538
6983,0.5756890280618192,0.2739042298920137,0.11006406197441175,0.04034268007175538
6984,0.5756890280618192,0.2739042298920137,0.11006406197441175,0.04034268007175538
6985,0.5756890280618192,0.2739042298920137,0.11006406197441175,0.04034268007175538
6986,0.5756890280618192,0.2739042298920137,0.11006406197441175,0.04034268007175538
6987,0.5756890280618192,0.2739042298920137,0.11006406197441175,0.04034268007175538
6988,0.5756890280618192,0.2739042298920137,0.11006406197441175,0.04034268007175538
6989,0.5756890280618192,0.2739042298920137,0.11006406197441175,0.04034268007175538
6990,0.5756890280618192,0.2739042298920137,0.11006406197441175,0.04034268007175538
6991,0.5756890280618192,0.2739042298920137,0.11006406197441175,0.04034268007175538
6992,0.5756890280618192,0.2739042298920137,0.11006406197441175,0.04034268007175538
6993,0.5756890280618192,0.2739042298920137,0.11006406197441175,0.04034268007175538
6994,0.5756890280618192,0.2739042298920137,0.11006406197441175,0.04034268007175538
6995,0.5756890280618192,0.2739042298920137,0.11006406197441175,0.04034268007175538
6996,0.5756890280618192,0.2739042298920137,0.11006406197441175,0.04034268007175538
6997,0.5756890280618192,0.2739042298920137,0.11006406197441175,0.04034268007175538
6998,0.5756890280618192,0.2739042298920137,0.11006406197441175,0.04034268007175538
6999,0.5756890280618192,0.2739042298920137,0.11006406197441175,0.04034268007175538
7000,0.5650815850800175,0.27408491920172234,0.11907953724608175,0.04175395847217838
7001,0.5650815850800175,0.27408491920172234,0.11907953724608175,0.04175395847217838
7002,0.5650815850800175,0.27408491920172234,0.11907953724608175,0.04175395847217838
7003,0.5650815850800175,0.27408491920172234,0.11907953724608175,0.04175395847217838
7004,0.5650815850800175,0.27408491920172234,0.11907953724608175,0.04175395847217838
7005,0.5650815850800175,0.27408491920172234,0.11907953724608175,0.04175395847217838
7006,0.5650815850800175,0.27408491920172234,0.11907953724608175,0.04175395847217838
7007,0.5650815850800175,0.27408491920172234,0.11907953724608175,0.04175395847217838
7008,0.5650815850800175,0.27408491920172234,0.11907953724608175,0.04175395847217838
7009,0.5650815850800175,0.27408491920172234,0.11907953724608175,0.04175395847217838
7010,0.5650815850800175,0.27408491920172234,0.11907953724608175,0.04175395847217838
7011,0.5650815850800175,0.27408491920172234,0.11907953724608175,0.04175395847217838
7012,0.5650815850800175,0.27408491920172234,0.11907953724608175,0.04175395847217838
7013,0.5650815850800175,0.27408491920172234,0.11907953724608175,0.04175395847217838
7014,0.5650815850800175,0.27408491920172234,0.11907953724608175,0.04175395847217838
7015,0.5650815850800175,0.27408491920172234,0.11907953724608175,0.04175395847217838
7016,0.5650815850800175,0.27408491920172234,0.11907953724608175,0.04175395847217838
7017,0.5650815850800175,0.27408491920172234,0.11907953724608175,0.04175395847217838
7018,0.5650815850800175,0.27408491920172234,0.11907953724608175,0.04175395847217838
7019,0.5650815850800175,0.27408491920172234,0.11907953724608175,0.04175395847217838
7020,0.5650815850800175,0.27408491920172234,0.11907953724608175,0.04175395847217838
7021,0.5650815850800175,0.27408491920172234,0.11907953724608175,0.04175395847217838
7022,0.5650815850800175,0.27408491920172234,0.11907953724608175,0.04175395847217838
7023,0.5650815850800175,0.27408491920172234,0.11907953724608175,0.04175395847217838
7024,0.5650815850800175,0.27408491920172234,0.11907953724608175,0.04175395847217838
7025,0.5650815850800175,0.27408491920172234,0.11907953724608175,0.04175395847217838
7026,0.5650815850800175,0.27408491920172234,0.11907953724608175,0.04175395847217838
7027,0.5650815850800175,0.27408491920172234,0.11907953724608175,0.04175395847217838
7028,0.5650815850800175,0.27408491920172234,0.11907953724608175,0.04175395847217838
7029,0.5650815850800175,0.27408491920172234,0.11907953724608175,0.04175395847217838
7030,0.5650815850800175,0.27408491920172234,0.11907953724608175,0.04175395847217838
7031,0.5650815850800175,0.27408491920172234,0.11907953724608175,0.04175395847217838
7032,0.5650815850800175,0.27408491920172234,0.11907953724608175,0.04175395847217838
7033,0.5650815850800175,0.27408491920172234,0.11907953724608175,0.04175395847217838
7034,0.5650815850800175,0.27408491920172234,0.11907953724608175,0.04175395847217838
7035,0.5650815850800175,0.27408491920172234,0.11907953724608175,0.04175395847217838
7036,0.5650815850800175,0.27408491920172234,0.11907953724608175,0.04175395847217838
7037,0.5650815850800175,0.27408491920172234,0.11907953724608175,0.04175395847217838
7038,0.5650815850800175,0.27408491920172234,0.11907953724608175,0.04175395847217838
7039,0.5650815850800175,0.27408491920172234,0.11907953724608175,0.04175395847217838
7040,0.5650815850800175,0.27408491920172234,0.11907953724608175,0.04175395847217838
7041,0.5650815850800175,0.27408491920172234,0.11907953724608175,0.04175395847217838
7042,0.5650815850800175,0.27408491920172234,0.11907953724608175,0.04175395847217838
7043,0.5650815850800175,0.27408491920172234,0.11907953724608175,0.04175395847217838
7044,0.5650815850800175,0.27408491920172234,0.11907953724608175,0.04175395847217838
7045,0.5650815850800175,0.27408491920172234,0.11907953724608175,0.04175395847217838
7046,0.5650815850800175,0.27408491920172234,0.11907953724608175,0.04175395847217838
7047,0.5650815850800175,0.27408491920172234,0.11907953724608175,0.04175395847217838
7048,0.5650815850800175,0.27408491920172234,0.11907953724608175,0.04175395847217838
7049,0.5650815850800175,0.27408491920172234,0.11907953724608175,0.04175395847217838
7050,0.5650815850800175,0.27408491920172234,0.11907953724608175,0.04175395847217838
7051,0.5650815850800175,0.27408491920172234,0.11907953724608175,0.04175395847217838
7052,0.5650815850800175,0.27408491920172234,0.11907953724608175,0.04175395847217838
7053,0.5650815850800175,0.27408491920172234,0.11907953724608175,0.04175395847217838
7054,0.5650815850800175,0.27408491920172234,0.11907953724608175,0.04175395847217838
7055,0.5650815850800175,0.27408491920172234,0.11907953724608175,0.04175395847217838
7056,0.5650815850800175,0.27408491920172234,0.11907953724608175,0.04175395847217838
7057,0.5650815850800175,0.27408491920172234,0.11907953724608175,0.04175395847217838
7058,0.5650815850800175,0.27408491920172234,0.11907953724608175,0.04175395847217838
7059,0.5650815850800175,0.27408491920172234,0.11907953724608175,0.04175395847217838
7060,0.5650815850800175,0.27408491920172234,0.11907953724608175,0.04175395847217838
7061,0.5650815850800175,0.27408491920172234,0.11907953724608175,0.04175395847217838
7062,0.5650815850800175,0.27408491920172234,0.11907953724608175,0.04175395847217838
7063,0.5650815850800175,0.27408491920172234,0.11907953724608175,0.04175395847217838
7064,0.5650815850800175,0.27408491920172234,0.11907953724608175,0.04175395847217838
7065,0.5650815850800175,0.27408491920172234,0.11907953724608175,0.04175395847217838
7066,0.5650815850800175,0.27408491920172234,0.11907953724608175,0.04175395847217838
7067,0.5650815850800175,0.27408491920172234,0.11907953724608175,0.04175395847217838
7068,0.5650815850800175,0.27408491920172234,0.11907953724608175,0.04175395847217838
7069,0.5650815850800175,0.27408491920172234,0.11907953724608175,0.04175395847217838
7070,0.5650815850800175,0.27408491920172234,0.11907953724608175,0.04175395847217838
7071,0.5650815850800175,0.27408491920172234,0.11907953724608175,0.04175395847217838
7072,0.5650815850800175,0.27408491920172234,0.11907953724608175,0.04175395847217838
7073,0.5650815850800175,0.27408491920172234,0.11907953724608175,0.04175395847217838
7074,0.5650815850800175,0.27408491920172234,0.11907953724608175,0.04175395847217838
7075,0.5650815850800175,0.27408491920172234,0.11907953724608175,0.04175395847217838
7076,0.5650815850800175,0.27408491920172234,0.11907953724608175,0.04175395847217838
7077,0.5650815850800175,0.27408491920172234,0.11907953724608175,0.04175395847217838
7078,0.5650815850800175,0.27408491920172234,0.11907953724608175,0.04175395847217838
7079,0.5650815850800175,0.27408491920172234,0.11907953724608175,0.04175395847217838
7080,0.5650815850800175,0.27408491920172234,0.11907953724608175,0.04175395847217838
7081,0.5650815850800175,0.27408491920172234,0.11907953724608175,0.04175395847217838
7082,0.5650815850800175,0.27408491920172234,0.11907953724608175,0.04175395847217838
7083,0.5650815850800175,0.27408491920172234,0.11907953724608175,0.04175395847217838
7084,0.5650815850800175,0.27408491920172234,0.11907953724608175,0.04175395847217838
7085,0.5650815850800175,0.27408491920172234,0.11907953724608175,0.04175395847217838
7086,0.5650815850800175,0.27408491920172234,0.11907953724608175,0.04175395847217838
7087,0.5650815850800175,0.27408491920172234,0.11907953724608175,0.04175395847217838
7088,0.5650815850800175,0.27408491920172234,0.11907953724608175,0.04175395847217838
7089,0.5650815850800175,0.27408491920172234,0.11907953724608175,0.04175395847217838
7090,0.5650815850800175,0.27408491920172234,0.11907953724608175,0.04175395847217838
7091,0.5650815850800175,0.27408491920172234,0.11907953724608175,0.04175395847217838
7092,0.5650815850800175,0.27408491920172234,0.11907953724608175,0.04175395847217838
7093,0.5650815850800175,0.27408491920172234,0.11907953724608175,0.04175395847217838
7094,0.5650815850800175,0.27408491920172234,0.11907953724608175,0.04175395847217838
7095,0.5650815850800175,0.27408491920172234,0.11907953724608175,0.04175395847217838
7096,0.5650815850800175,0.27408491920172234,0.11907953724608175,0.04175395847217838
7097,0.5650815850800175,0.27408491920172234,0.11907953724608175,0.04175395847217838
7098,0.5650815850800175,0.27408491920172234,0.11907953724608175,0.04175395847217838
7099,0.5650815850800175,0.27408491920172234,0.11907953724608175,0.04175395847217838
7100,0.5850820426513762,0.29014313463542857,0.08182710658918037,0.04294771612401486
7101,0.5850820426513762,0.29014313463542857,0.08182710658918037,0.04294771612401486
7102,0.5850820426513762,0.29014313463542857,0.08182710658918037,0.04294771612401486
7103,0.5850820426513762,0.29014313463542857,0.08182710658918037,0.04294771612401486
7104,0.5850820426513762,0.29014313463542857,0.08182710658918037,0.04294771612401486
7105,0.5850820426513762,0.29014313463542857,0.08182710658918037,0.04294771612401486
7106,0.5850820426513762,0.29014313463542857,0.08182710658918037,0.04294771612401486
7107,0.5850820426513762,0.29014313463542857,0.08182710658918037,0.04294771612401486
7108,0.5850820426513762,0.29014313463542857,0.08182710658918037,0.04294771612401486
7109,0.5850820426513762,0.29014313463542857,0.08182710658918037,0.04294771612401486
7110,0.5850820426513762,0.29014313463542857,0.08182710658918037,0.04294771612401486
7111,0.5850820426513762,0.29014313463542857,0.08182710658918037,0.04294771612401486
7112,0.5850820426513762,0.29014313463542857,0.08182710658918037,0.04294771612401486
7113,0.5850820426513762,0.29014313463542857,0.08182710658918037,0.04294771612401486
7114,0.5850820426513762,0.29014313463542857,0.08182710658918037,0.04294771612401486
7115,0.5850820426513762,0.29014313463542857,0.08182710658918037,0.04294771612401486
7116,0.5850820426513762,0.29014313463542857,0.08182710658918037,0.04294771612401486
7117,0.5850820426513762,0.29014313463542857,0.08182710658918037,0.04294771612401486
7118,0.5850820426513762,0.29014313463542857,0.08182710658918037,0.04294771612401486
7119,0.5850820426513762,0.29014313463542857,0.08182710658918037,0.04294771612401486
7120,0.5850820426513762,0.29014313463542857,0.08182710658918037,0.04294771612401486
7121,0.5850820426513762,0.29014313463542857,0.08182710658918037,0.04294771612401486
7122,0.5850820426513762,0.29014313463542857,0.08182710658918037,0.04294771612401486
7123,0.5850820426513762,0.29014313463542857,0.08182710658918037,0.04294771612401486
7124,0.5850820426513762,0.29014313463542857,0.08182710658918037,0.04294771612401486
7125,0.5850820426513762,0.29014313463542857,0.08182710658918037,0.04294771612401486
7126,0.5850820426513762,0.29014313463542857,0.08182710658918037,0.04294771612401486
7127,0.5850820426513762,0.29014313463542857,0.08182710658918037,0.04294771612401486
7128,0.5850820426513762,0.29014313463542857,0.08182710658918037,0.04294771612401486
7129,0.5850820426513762,0.29014313463542857,0.08182710658918037,0.04294771612401486
7130,0.5850820426513762,0.29014313463542857,0.08182710658918037,0.04294771612401486
7131,0.5850820426513762,0.29014313463542857,0.08182710658918037,0.04294771612401486
7132,0.5850820426513762,0.29014313463542857,0.08182710658918037,0.04294771612401486
7133,0.5850820426513762,0.29014313463542857,0.08182710658918037,0.04294771612401486
7134,0.5850820426513762,0.29014313463542857,0.08182710658918037,0.04294771612401486
7135,0.5850820426513762,0.29014313463542857,0.08182710658918037,0.04294771612401486
7136,0.5850820426513762,0.29014313463542857,0.08182710658918037,0.04294771612401486
7137,0.5850820426513762,0.29014313463542857,0.08182710658918037,0.04294771612401486
7138,0.5850820426513762,0.29014313463542857,0.08182710658918037,0.04294771612401486
7139,0.5850820426513762,0.29014313463542857,0.08182710658918037,0.04294771612401486
7140,0.5850820426513762,0.29014313463542857,0.08182710658918037,0.04294771612401486
7141,0.5850820426513762,0.29014313463542857,0.08182710658918037,0.04294771612401486
7142,0.5850820426513762,0.29014313463542857,0.08182710658918037,0.04294771612401486
7143,0.5850820426513762,0.29014313463542857,0.08182710658918037,0.04294771612401486
7144,0.5850820426513762,0.29014313463542857,0.08182710658918037,0.04294771612401486
7145,0.5850820426513762,0.29014313463542857,0.08182710658918037,0.04294771612401486
7146,0.5850820426513762,0.29014313463542857,0.08182710658918037,0.04294771612401486
7147,0.5850820426513762,0.29014313463542857,0.08182710658918037,0.04294771612401486
7148,0.5850820426513762,0.29014313463542857,0.08182710658918037,0.04294771612401486
7149,0.5850820426513762,0.29014313463542857,0.08182710658918037,0.04294771612401486
7150,0.5850820426513762,0.29014313463542857,0.08182710658918037,0.04294771612401486
7151,0.5850820426513762,0.29014313463542857,0.08182710658918037,0.04294771612401486
7152,0.5850820426513762,0.29014313463542857,0.08182710658918037,0.04294771612401486
7153,0.5850820426513762,0.29014313463542857,0.08182710658918037,0.04294771612401486
7154,0.5850820426513762,0.29014313463542857,0.08182710658918037,0.04294771612401486
7155,0.5850820426513762,0.29014313463542857,0.08182710658918037,0.04294771612401486
7156,0.5850820426513762,0.29014313463542857,0.08182710658918037,0.04294771612401486
7157,0.5850820426513762,0.29014313463542857,0.08182710658918037,0.04294771612401486
7158,0.5850820426513762,0.29014313463542857,0.08182710658918037,0.04294771612401486
7159,0.5850820426513762,0.29014313463542857,0.08182710658918037,0.04294771612401486
7160,0.5850820426513762,0.29014313463542857,0.08182710658918037,0.04294771612401486
7161,0.5850820426513762,0.29014313463542857,0.08182710658918037,0.04294771612401486
7162,0.5850820426513762,0.29014313463542857,0.08182710658918037,0.04294771612401486
7163,0.5850820426513762,0.29014313463542857,0.08182710658918037,0.04294771612401486
7164,0.5850820426513762,0.29014313463542857,0.08182710658918037,0.04294771612401486
7165,0.5850820426513762,0.29014313463542857,0.08182710658918037,0.04294771612401486
7166,0.5850820426513762,0.29014313463542857,0.08182710658918037,0.04294771612401486
7167,0.5850820426513762,0.29014313463542857,0.08182710658918037,0.04294771612401486
7168,0.5850820426513762,0.29014313463542857,0.08182710658918037,0.04294771612401486
7169,0.5850820426513762,0.29014313463542857,0.08182710658918037,0.04294771612401486
7170,0.5850820426513762,0.29014313463542857,0.08182710658918037,0.04294771612401486
7171,0.5850820426513762,0.29014313463542857,0.08182710658918037,0.04294771612401486
7172,0.5850820426513762,0.29014313463542857,0.08182710658918037,0.04294771612401486
7173,0.5850820426513762,0.29014313463542857,0.08182710658918037,0.04294771612401486
7174,0.5850820426513762,0.29014313463542857,0.08182710658918037,0.04294771612401486
7175,0.5850820426513762,0.29014313463542857,0.08182710658918037,0.04294771612401486
7176,0.5850820426513762,0.29014313463542857,0.08182710658918037,0.04294771612401486
7177,0.5850820426513762,0.29014313463542857,0.08182710658918037,0.04294771612401486
7178,0.5850820426513762,0.29014313463542857,0.08182710658918037,0.04294771612401486
7179,0.5850820426513762,0.29014313463542857,0.08182710658918037,0.04294771612401486
7180,0.5850820426513762,0.29014313463542857,0.08182710658918037,0.04294771612401486
7181,0.5850820426513762,0.29014313463542857,0.08182710658918037,0.04294771612401486
7182,0.5850820426513762,0.29014313463542857,0.08182710658918037,0.04294771612401486
7183,0.5850820426513762,0.29014313463542857,0.08182710658918037,0.04294771612401486
7184,0.5850820426513762,0.29014313463542857,0.08182710658918037,0.04294771612401486
7185,0.5850820426513762,0.29014313463542857,0.08182710658918037,0.04294771612401486
7186,0.5850820426513762,0.29014313463542857,0.08182710658918037,0.04294771612401486
7187,0.5850820426513762,0.29014313463542857,0.08182710658918037,0.04294771612401486
7188,0.5850820426513762,0.29014313463542857,0.08182710658918037,0.04294771612401486
7189,0.5850820426513762,0.29014313463542857,0.08182710658918037,0.04294771612401486
7190,0.5850820426513762,0.29014313463542857,0.08182710658918037,0.04294771612401486
7191,0.5850820426513762,0.29014313463542857,0.08182710658918037,0.04294771612401486
7192,0.5850820426513762,0.29014313463542857,0.08182710658918037,0.04294771612401486
7193,0.5850820426513762,0.29014313463542857,0.08182710658918037,0.04294771612401486
7194,0.5850820426513762,0.29014313463542857,0.08182710658918037,0.04294771612401486
7195,0.5850820426513762,0.29014313463542857,0.08182710658918037,0.04294771612401486
7196,0.5850820426513762,0.29014313463542857,0.08182710658918037,0.04294771612401486
7197,0.5850820426513762,0.29014313463542857,0.08182710658918037,0.04294771612401486
7198,0.5850820426513762,0.29014313463542857,0.08182710658918037,0.04294771612401486
7199,0.5850820426513762,0.29014313463542857,0.08182710658918037,0.04294771612401486
7200,0.6151046014789612,0.2776137150072552,0.060823984900748924,0.046457698613034705
7201,0.6151046014789612,0.2776137150072552,0.060823984900748924,0.046457698613034705
7202,0.6151046014789612,0.2776137150072552,0.060823984900748924,0.046457698613034705
7203,0.6151046014789612,0.2776137150072552,0.060823984900748924,0.046457698613034705
7204,0.6151046014789612,0.2776137150072552,0.060823984900748924,0.046457698613034705
7205,0.6151046014789612,0.2776137150072552,0.060823984900748924,0.046457698613034705
7206,0.6151046014789612,0.2776137150072552,0.060823984900748924,0.046457698613034705
7207,0.6151046014789612,0.2776137150072552,0.060823984900748924,0.046457698613034705
7208,0.6151046014789612,0.2776137150072552,0.060823984900748924,0.046457698613034705
7209,0.6151046014789612,0.2776137150072552,0.060823984900748924,0.046457698613034705
7210,0.6151046014789612,0.2776137150072552,0.060823984900748924,0.046457698613034705
7211,0.6151046014789612,0.2776137150072552,0.060823984900748924,0.046457698613034705
7212,0.6151046014789612,0.2776137150072552,0.060823984900748924,0.046457698613034705
7213,0.6151046014789612,0.2776137150072552,0.060823984900748924,0.046457698613034705
7214,0.6151046014789612,0.2776137150072552,0.060823984900748924,0.046457698613034705
7215,0.6151046014789612,0.2776137150072552,0.060823984900748924,0.046457698613034705
7216,0.6151046014789612,0.2776137150072552,0.060823984900748924,0.046457698613034705
7217,0.6151046014789612,0.2776137150072552,0.060823984900748924,0.046457698613034705
7218,0.6151046014789612,0.2776137150072552,0.060823984900748924,0.046457698613034705
7219,0.6151046014789612,0.2776137150072552,0.060823984900748924,0.046457698613034705
7220,0.6151046014789612,0.2776137150072552,0.060823984900748924,0.046457698613034705
7221,0.6151046014789612,0.2776137150072552,0.060823984900748924,0.046457698613034705
7222,0.6151046014789612,0.2776137150072552,0.060823984900748924,0.046457698613034705
7223,0.6151046014789612,0.2776137150072552,0.060823984900748924,0.046457698613034705
7224,0.6151046014789612,0.2776137150072552,0.060823984900748924,0.046457698613034705
7225,0.6151046014789612,0.2776137150072552,0.060823984900748924,0.046457698613034705
7226,0.6151046014789612,0.2776137150072552,0.060823984900748924,0.046457698613034705
7227,0.6151046014789612,0.2776137150072552,0.060823984900748924,0.046457698613034705
7228,0.6151046014789612,0.2776137150072552,0.060823984900748924,0.046457698613034705
7229,0.6151046014789612,0.2776137150072552,0.060823984900748924,0.046457698613034705
7230,0.6151046014789612,0.2776137150072552,0.060823984900748924,0.046457698613034705
7231,0.6151046014789612,0.2776137150072552,0.060823984900748924,0.046457698613034705
7232,0.6151046014789612,0.2776137150072552,0.060823984900748924,0.046457698613034705
7233,0.6151046014789612,0.2776137150072552,0.060823984900748924,0.046457698613034705
7234,0.6151046014789612,0.2776137150072552,0.060823984900748924,0.046457698613034705
7235,0.6151046014789612,0.2776137150072552,0.060823984900748924,0.046457698613034705
7236,0.6151046014789612,0.2776137150072552,0.060823984900748924,0.046457698613034705
7237,0.6151046014789612,0.2776137150072552,0.060823984900748924,0.046457698613034705
7238,0.6151046014789612,0.2776137150072552,0.060823984900748924,0.046457698613034705
7239,0.6151046014789612,0.2776137150072552,0.060823984900748924,0.046457698613034705
7240,0.6151046014789612,0.2776137150072552,0.060823984900748924,0.046457698613034705
7241,0.6151046014789612,0.2776137150072552,0.060823984900748924,0.046457698613034705
7242,0.6151046014789612,0.2776137150072552,0.060823984900748924,0.046457698613034705
7243,0.6151046014789612,0.2776137150072552,0.060823984900748924,0.046457698613034705
7244,0.6151046014789612,0.2776137150072552,0.060823984900748924,0.046457698613034705
7245,0.6151046014789612,0.2776137150072552,0.060823984900748924,0.046457698613034705
7246,0.6151046014789612,0.2776137150072552,0.060823984900748924,0.046457698613034705
7247,0.6151046014789612,0.2776137150072552,0.060823984900748924,0.046457698613034705
7248,0.6151046014789612,0.2776137150072552,0.060823984900748924,0.046457698613034705
7249,0.6151046014789612,0.2776137150072552,0.060823984900748924,0.046457698613034705
7250,0.6151046014789612,0.2776137150072552,0.060823984900748924,0.046457698613034705
7251,0.6151046014789612,0.2776137150072552,0.060823984900748924,0.046457698613034705
7252,0.6151046014789612,0.2776137150072552,0.060823984900748924,0.046457698613034705
7253,0.6151046014789612,0.2776137150072552,0.060823984900748924,0.046457698613034705
7254,0.6151046014789612,0.2776137150072552,0.060823984900748924,0.046457698613034705
7255,0.6151046014789612,0.2776137150072552,0.060823984900748924,0.046457698613034705
7256,0.6151046014789612,0.2776137150072552,0.060823984900748924,0.046457698613034705
7257,0.6151046014789612,0.2776137150072552,0.060823984900748924,0.046457698613034705
7258,0.6151046014789612,0.2776137150072552,0.060823984900748924,0.046457698613034705
7259,0.6151046014789612,0.2776137150072552,0.060823984900748924,0.046457698613034705
7260,0.6151046014789612,0.2776137150072552,0.060823984900748924,0.046457698613034705
7261,0.6151046014789612,0.2776137150072552,0.060823984900748924,0.046457698613034705
7262,0.6151046014789612,0.2776137150072552,0.060823984900748924,0.046457698613034705
7263,0.6151046014789612,0.2776137150072552,0.060823984900748924,0.046457698613034705
7264,0.6151046014789612,0.2776137150072552,0.060823984900748924,0.046457698613034705
7265,0.6151046014789612,0.2776137150072552,0.060823984900748924,0.046457698613034705
7266,0.6151046014789612,0.2776137150072552,0.060823984900748924,0.046457698613034705
7267,0.6151046014789612,0.2776137150072552,0.060823984900748924,0.046457698613034705
7268,0.6151046014789612,0.2776137150072552,0.060823984900748924,0.046457698613034705
7269,0.6151046014789612,0.2776137150072552,0.060823984900748924,0.046457698613034705
7270,0.6151046014789612,0.2776137150072552,0.060823984900748924,0.046457698613034705
7271,0.6151046014789612,0.2776137150072552,0.060823984900748924,0.046457698613034705
7272,0.6151046014789612,0.2776137150072552,0.060823984900748924,0.046457698613034705
7273,0.6151046014789612,0.2776137150072552,0.060823984900748924,0.046457698613034705
7274,0.6151046014789612,0.2776137150072552,0.060823984900748924,0.046457698613034705
7275,0.6151046014789612,0.2776137150072552,0.060823984900748924,0.046457698613034705
7276,0.6151046014789612,0.2776137150072552,0.060823984900748924,0.046457698613034705
7277,0.6151046014789612,0.2776137150072552,0.060823984900748924,0.046457698613034705
7278,0.6151046014789612,0.2776137150072552,0.060823984900748924,0.046457698613034705
7279,0.6151046014789612,0.2776137150072552,0.060823984900748924,0.046457698613034705
7280,0.6151046014789612,0.2776137150072552,0.060823984900748924,0.046457698613034705
7281,0.6151046014789612,0.2776137150072552,0.060823984900748924,0.046457698613034705
7282,0.6151046014789612,0.2776137150072552,0.060823984900748924,0.046457698613034705
7283,0.6151046014789612,0.2776137150072552,0.060823984900748924,0.046457698613034705
7284,0.6151046014789612,0.2776137150072552,0.060823984900748924,0.046457698613034705
7285,0.6151046014789612,0.2776137150072552,0.060823984900748924,0.046457698613034705
7286,0.6151046014789612,0.2776137150072552,0.060823984900748924,0.046457698613034705
7287,0.6151046014789612,0.2776137150072552,0.060823984900748924,0.046457698613034705
7288,0.6151046014789612,0.2776137150072552,0.060823984900748924,0.046457698613034705
7289,0.6151046014789612,0.2776137150072552,0.060823984900748924,0.046457698613034705
7290,0.6151046014789612,0.2776137150072552,0.060823984900748924,0.046457698613034705
7291,0.6151046014789612,0.2776137150072552,0.060823984900748924,0.046457698613034705
7292,0.6151046014789612,0.2776137150072552,0.060823984900748924,0.046457698613034705
7293,0.6151046014789612,0.2776137150072552,0.060823984900748924,0.046457698613034705
7294,0.6151046014789612,0.2776137150072552,0.060823984900748924,0.046457698613034705
7295,0.6151046014789612,0.2776137150072552,0.060823984900748924,0.046457698613034705
7296,0.6151046014789612,0.2776137150072552,0.060823984900748924,0.046457698613034705
7297,0.6151046014789612,0.2776137150072552,0.060823984900748924,0.046457698613034705
7298,0.6151046014789612,0.2776137150072552,0.060823984900748924,0.046457698613034705
7299,0.6151046014789612,0.2776137150072552,0.060823984900748924,0.046457698613034705
7300,0.5860954300652373,0.25619517103234085,0.114940394285539,0.042769004616882655
7301,0.5860954300652373,0.25619517103234085,0.114940394285539,0.042769004616882655
7302,0.5860954300652373,0.25619517103234085,0.114940394285539,0.042769004616882655
7303,0.5860954300652373,0.25619517103234085,0.114940394285539,0.042769004616882655
7304,0.5860954300652373,0.25619517103234085,0.114940394285539,0.042769004616882655
7305,0.5860954300652373,0.25619517103234085,0.114940394285539,0.042769004616882655
7306,0.5860954300652373,0.25619517103234085,0.114940394285539,0.042769004616882655
7307,0.5860954300652373,0.25619517103234085,0.114940394285539,0.042769004616882655
7308,0.5860954300652373,0.25619517103234085,0.114940394285539,0.042769004616882655
7309,0.5860954300652373,0.25619517103234085,0.114940394285539,0.042769004616882655
7310,0.5860954300652373,0.25619517103234085,0.114940394285539,0.042769004616882655
7311,0.5860954300652373,0.25619517103234085,0.114940394285539,0.042769004616882655
7312,0.5860954300652373,0.25619517103234085,0.114940394285539,0.042769004616882655
7313,0.5860954300652373,0.25619517103234085,0.114940394285539,0.042769004616882655
7314,0.5860954300652373,0.25619517103234085,0.114940394285539,0.042769004616882655
7315,0.5860954300652373,0.25619517103234085,0.114940394285539,0.042769004616882655
7316,0.5860954300652373,0.25619517103234085,0.114940394285539,0.042769004616882655
7317,0.5860954300652373,0.25619517103234085,0.114940394285539,0.042769004616882655
7318,0.5860954300652373,0.25619517103234085,0.114940394285539,0.042769004616882655
7319,0.5860954300652373,0.25619517103234085,0.114940394285539,0.042769004616882655
7320,0.5860954300652373,0.25619517103234085,0.114940394285539,0.042769004616882655
7321,0.5860954300652373,0.25619517103234085,0.114940394285539,0.042769004616882655
7322,0.5860954300652373,0.25619517103234085,0.114940394285539,0.042769004616882655
7323,0.5860954300652373,0.25619517103234085,0.114940394285539,0.042769004616882655
7324,0.5860954300652373,0.25619517103234085,0.114940394285539,0.042769004616882655
7325,0.5860954300652373,0.25619517103234085,0.114940394285539,0.042769004616882655
7326,0.5860954300652373,0.25619517103234085,0.114940394285539,0.042769004616882655
7327,0.5860954300652373,0.25619517103234085,0.114940394285539,0.042769004616882655
7328,0.5860954300652373,0.25619517103234085,0.114940394285539,0.042769004616882655
7329,0.5860954300652373,0.25619517103234085,0.114940394285539,0.042769004616882655
7330,0.5860954300652373,0.25619517103234085,0.114940394285539,0.042769004616882655
7331,0.5860954300652373,0.25619517103234085,0.114940394285539,0.042769004616882655
7332,0.5860954300652373,0.25619517103234085,0.114940394285539,0.042769004616882655
7333,0.5860954300652373,0.25619517103234085,0.114940394285539,0.042769004616882655
7334,0.5860954300652373,0.25619517103234085,0.114940394285539,0.042769004616882655
7335,0.5860954300652373,0.25619517103234085,0.114940394285539,0.042769004616882655
7336,0.5860954300652373,0.25619517103234085,0.114940394285539,0.042769004616882655
7337,0.5860954300652373,0.25619517103234085,0.114940394285539,0.042769004616882655
7338,0.5860954300652373,0.25619517103234085,0.114940394285539,0.042769004616882655
7339,0.5860954300652373,0.25619517103234085,0.114940394285539,0.042769004616882655
7340,0.5860954300652373,0.25619517103234085,0.114940394285539,0.042769004616882655
7341,0.5860954300652373,0.25619517103234085,0.114940394285539,0.042769004616882655
7342,0.5860954300652373,0.25619517103234085,0.114940394285539,0.042769004616882655
7343,0.5860954300652373,0.25619517103234085,0.114940394285539,0.042769004616882655
7344,0.5860954300652373,0.25619517103234085,0.114940394285539,0.042769004616882655
7345,0.5860954300652373,0.25619517103234085,0.114940394285539,0.042769004616882655
7346,0.5860954300652373,0.25619517103234085,0.114940394285539,0.042769004616882655
7347,0.5860954300652373,0.25619517103234085,0.114940394285539,0.042769004616882655
7348,0.5860954300652373,0.25619517103234085,0.114940394285539,0.042769004616882655
7349,0.5860954300652373,0.25619517103234085,0.114940394285539,0.042769004616882655
7350,0.5860954300652373,0.25619517103234085,0.114940394285539,0.042769004616882655
7351,0.5860954300652373,0.25619517103234085,0.114940394285539,0.042769004616882655
7352,0.5860954300652373,0.25619517103234085,0.114940394285539,0.042769004616882655
7353,0.5860954300652373,0.25619517103234085,0.114940394285539,0.042769004616882655
7354,0.5860954300652373,0.25619517103234085,0.114940394285539,0.042769004616882655
7355,0.5860954300652373,0.25619517103234085,0.114940394285539,0.042769004616882655
7356,0.5860954300652373,0.25619517103234085,0.114940394285539,0.042769004616882655
7357,0.5860954300652373,0.25619517103234085,0.114940394285539,0.042769004616882655
7358,0.5860954300652373,0.25619517103234085,0.114940394285539,0.042769004616882655
7359,0.5860954300652373,0.25619517103234085,0.114940394285539,0.042769004616882655
7360,0.5860954300652373,0.25619517103234085,0.114940394285539,0.042769004616882655
7361,0.5860954300652373,0.25619517103234085,0.114940394285539,0.042769004616882655
7362,0.5860954300652373,0.25619517103234085,0.114940394285539,0.042769004616882655
7363,0.5860954300652373,0.25619517103234085,0.114940394285539,0.042769004616882655
7364,0.5860954300652373,0.25619517103234085,0.114940394285539,0.042769004616882655
7365,0.5860954300652373,0.25619517103234085,0.114940394285539,0.042769004616882655
7366,0.5860954300652373,0.25619517103234085,0.114940394285539,0.042769004616882655
7367,0.5860954300652373,0.25619517103234085,0.114940394285539,0.042769004616882655
7368,0.5860954300652373,0.25619517103234085,0.114940394285539,0.042769004616882655
7369,0.5860954300652373,0.25619517103234085,0.114940394285539,0.042769004616882655
7370,0.5860954300652373,0.25619517103234085,0.114940394285539,0.042769004616882655
7371,0.5860954300652373,0.25619517103234085,0.114940394285539,0.042769004616882655
7372,0.5860954300652373,0.25619517103234085,0.114940394285539,0.042769004616882655
7373,0.5860954300652373,0.25619517103234085,0.114940394285539,0.042769004616882655
7374,0.5860954300652373,0.25619517103234085,0.114940394285539,0.042769004616882655
7375,0.5860954300652373,0.25619517103234085,0.114940394285539,0.042769004616882655
7376,0.5860954300652373,0.25619517103234085,0.114940394285539,0.042769004616882655
7377,0.5860954300652373,0.25619517103234085,0.114940394285539,0.042769004616882655
7378,0.5860954300652373,0.25619517103234085,0.114940394285539,0.042769004616882655
7379,0.5860954300652373,0.25619517103234085,0.114940394285539,0.042769004616882655
7380,0.5860954300652373,0.25619517103234085,0.114940394285539,0.042769004616882655
7381,0.5860954300652373,0.25619517103234085,0.114940394285539,0.042769004616882655
7382,0.5860954300652373,0.25619517103234085,0.114940394285539,0.042769004616882655
7383,0.5860954300652373,0.25619517103234085,0.114940394285539,0.042769004616882655
7384,0.5860954300652373,0.25619517103234085,0.114940394285539,0.042769004616882655
7385,0.5860954300652373,0.25619517103234085,0.114940394285539,0.042769004616882655
7386,0.5860954300652373,0.25619517103234085,0.114940394285539,0.042769004616882655
7387,0.5860954300652373,0.25619517103234085,0.114940394285539,0.042769004616882655
7388,0.5860954300652373,0.25619517103234085,0.114940394285539,0.042769004616882655
7389,0.5860954300652373,0.25619517103234085,0.114940394285539,0.042769004616882655
7390,0.5860954300652373,0.25619517103234085,0.114940394285539,0.042769004616882655
7391,0.5860954300652373,0.25619517103234085,0.114940394285539,0.042769004616882655
7392,0.5860954300652373,0.25619517103234085,0.114940394285539,0.042769004616882655
7393,0.5860954300652373,0.25619517103234085,0.114940394285539,0.042769004616882655
7394,0.5860954300652373,0.25619517103234085,0.114940394285539,0.042769004616882655
7395,0.5860954300652373,0.25619517103234085,0.114940394285539,0.042769004616882655
7396,0.5860954300652373,0.25619517103234085,0.114940394285539,0.042769004616882655
7397,0.5860954300652373,0.25619517103234085,0.114940394285539,0.042769004616882655
7398,0.5860954300652373,0.25619517103234085,0.114940394285539,0.042769004616882655
7399,0.5860954300652373,0.25619517103234085,0.114940394285539,0.042769004616882655
7400,0.6215384322960134,0.24302453328193602,0.0918280352962412,0.04360899912580936
7401,0.6215384322960134,0.24302453328193602,0.0918280352962412,0.04360899912580936
7402,0.6215384322960134,0.24302453328193602,0.0918280352962412,0.04360899912580936
7403,0.6215384322960134,0.24302453328193602,0.0918280352962412,0.04360899912580936
7404,0.6215384322960134,0.24302453328193602,0.0918280352962412,0.04360899912580936
7405,0.6215384322960134,0.24302453328193602,0.0918280352962412,0.04360899912580936
7406,0.6215384322960134,0.24302453328193602,0.0918280352962412,0.04360899912580936
7407,0.6215384322960134,0.24302453328193602,0.0918280352962412,0.04360899912580936
7408,0.6215384322960134,0.24302453328193602,0.0918280352962412,0.04360899912580936
7409,0.6215384322960134,0.24302453328193602,0.0918280352962412,0.04360899912580936
7410,0.6215384322960134,0.24302453328193602,0.0918280352962412,0.04360899912580936
7411,0.6215384322960134,0.24302453328193602,0.0918280352962412,0.04360899912580936
7412,0.6215384322960134,0.24302453328193602,0.0918280352962412,0.04360899912580936
7413,0.6215384322960134,0.24302453328193602,0.0918280352962412,0.04360899912580936
7414,0.6215384322960134,0.24302453328193602,0.0918280352962412,0.04360899912580936
7415,0.6215384322960134,0.24302453328193602,0.0918280352962412,0.04360899912580936
7416,0.6215384322960134,0.24302453328193602,0.0918280352962412,0.04360899912580936
7417,0.6215384322960134,0.24302453328193602,0.0918280352962412,0.04360899912580936
7418,0.6215384322960134,0.24302453328193602,0.0918280352962412,0.04360899912580936
7419,0.6215384322960134,0.24302453328193602,0.0918280352962412,0.04360899912580936
7420,0.6215384322960134,0.24302453328193602,0.0918280352962412,0.04360899912580936
7421,0.6215384322960134,0.24302453328193602,0.0918280352962412,0.04360899912580936
7422,0.6215384322960134,0.24302453328193602,0.0918280352962412,0.04360899912580936
7423,0.6215384322960134,0.24302453328193602,0.0918280352962412,0.04360899912580936
7424,0.6215384322960134,0.24302453328193602,0.0918280352962412,0.04360899912580936
7425,0.6215384322960134,0.24302453328193602,0.0918280352962412,0.04360899912580936
7426,0.6215384322960134,0.24302453328193602,0.0918280352962412,0.04360899912580936
7427,0.6215384322960134,0.24302453328193602,0.0918280352962412,0.04360899912580936
7428,0.6215384322960134,0.24302453328193602,0.0918280352962412,0.04360899912580936
7429,0.6215384322960134,0.24302453328193602,0.0918280352962412,0.04360899912580936
7430,0.6215384322960134,0.24302453328193602,0.0918280352962412,0.04360899912580936
7431,0.6215384322960134,0.24302453328193602,0.0918280352962412,0.04360899912580936
7432,0.6215384322960134,0.24302453328193602,0.0918280352962412,0.04360899912580936
7433,0.6215384322960134,0.24302453328193602,0.0918280352962412,0.04360899912580936
7434,0.6215384322960134,0.24302453328193602,0.0918280352962412,0.04360899912580936
7435,0.6215384322960134,0.24302453328193602,0.0918280352962412,0.04360899912580936
7436,0.6215384322960134,0.24302453328193602,0.0918280352962412,0.04360899912580936
7437,0.6215384322960134,0.24302453328193602,0.0918280352962412,0.04360899912580936
7438,0.6215384322960134,0.24302453328193602,0.0918280352962412,0.04360899912580936
7439,0.6215384322960134,0.24302453328193602,0.0918280352962412,0.04360899912580936
7440,0.6215384322960134,0.24302453328193602,0.0918280352962412,0.04360899912580936
7441,0.6215384322960134,0.24302453328193602,0.0918280352962412,0.04360899912580936
7442,0.6215384322960134,0.24302453328193602,0.0918280352962412,0.04360899912580936
7443,0.6215384322960134,0.24302453328193602,0.0918280352962412,0.04360899912580936
7444,0.6215384322960134,0.24302453328193602,0.0918280352962412,0.04360899912580936
7445,0.6215384322960134,0.24302453328193602,0.0918280352962412,0.04360899912580936
7446,0.6215384322960134,0.24302453328193602,0.0918280352962412,0.04360899912580936
7447,0.6215384322960134,0.24302453328193602,0.0918280352962412,0.04360899912580936
7448,0.6215384322960134,0.24302453328193602,0.0918280352962412,0.04360899912580936
7449,0.6215384322960134,0.24302453328193602,0.0918280352962412,0.04360899912580936
7450,0.6215384322960134,0.24302453328193602,0.0918280352962412,0.04360899912580936
7451,0.6215384322960134,0.24302453328193602,0.0918280352962412,0.04360899912580936
7452,0.6215384322960134,0.24302453328193602,0.0918280352962412,0.04360899912580936
7453,0.6215384322960134,0.24302453328193602,0.0918280352962412,0.04360899912580936
7454,0.6215384322960134,0.24302453328193602,0.0918280352962412,0.04360899912580936
7455,0.6215384322960134,0.24302453328193602,0.0918280352962412,0.04360899912580936
7456,0.6215384322960134,0.24302453328193602,0.0918280352962412,0.04360899912580936
7457,0.6215384322960134,0.24302453328193602,0.0918280352962412,0.04360899912580936
7458,0.6215384322960134,0.24302453328193602,0.0918280352962412,0.04360899912580936
7459,0.6215384322960134,0.24302453328193602,0.0918280352962412,0.04360899912580936
7460,0.6215384322960134,0.24302453328193602,0.0918280352962412,0.04360899912580936
7461,0.6215384322960134,0.24302453328193602,0.0918280352962412,0.04360899912580936
7462,0.6215384322960134,0.24302453328193602,0.0918280352962412,0.04360899912580936
7463,0.6215384322960134,0.24302453328193602,0.0918280352962412,0.04360899912580936
7464,0.6215384322960134,0.24302453328193602,0.0918280352962412,0.04360899912580936
7465,0.6215384322960134,0.24302453328193602,0.0918280352962412,0.04360899912580936
7466,0.6215384322960134,0.24302453328193602,0.0918280352962412,0.04360899912580936
7467,0.6215384322960134,0.24302453328193602,0.0918280352962412,0.04360899912580936
7468,0.6215384322960134,0.24302453328193602,0.0918280352962412,0.04360899912580936
7469,0.6215384322960134,0.24302453328193602,0.0918280352962412,0.04360899912580936
7470,0.6215384322960134,0.24302453328193602,0.0918280352962412,0.04360899912580936
7471,0.6215384322960134,0.24302453328193602,0.0918280352962412,0.04360899912580936
7472,0.6215384322960134,0.24302453328193602,0.0918280352962412,0.04360899912580936
7473,0.6215384322960134,0.24302453328193602,0.0918280352962412,0.04360899912580936
7474,0.6215384322960134,0.24302453328193602,0.0918280352962412,0.04360899912580936
7475,0.6215384322960134,0.24302453328193602,0.0918280352962412,0.04360899912580936
7476,0.6215384322960134,0.24302453328193602,0.0918280352962412,0.04360899912580936
7477,0.6215384322960134,0.24302453328193602,0.0918280352962412,0.04360899912580936
7478,0.6215384322960134,0.24302453328193602,0.0918280352962412,0.04360899912580936
7479,0.6215384322960134,0.24302453328193602,0.0918280352962412,0.04360899912580936
7480,0.6215384322960134,0.24302453328193602,0.0918280352962412,0.04360899912580936
7481,0.6215384322960134,0.24302453328193602,0.0918280352962412,0.04360899912580936
7482,0.6215384322960134,0.24302453328193602,0.0918280352962412,0.04360899912580936
7483,0.6215384322960134,0.24302453328193602,0.0918280352962412,0.04360899912580936
7484,0.6215384322960134,0.24302453328193602,0.0918280352962412,0.04360899912580936
7485,0.6215384322960134,0.24302453328193602,0.0918280352962412,0.04360899912580936
7486,0.6215384322960134,0.24302453328193602,0.0918280352962412,0.04360899912580936
7487,0.6215384322960134,0.24302453328193602,0.0918280352962412,0.04360899912580936
7488,0.6215384322960134,0.24302453328193602,0.0918280352962412,0.04360899912580936
7489,0.6215384322960134,0.24302453328193602,0.0918280352962412,0.04360899912580936
7490,0.6215384322960134,0.24302453328193602,0.0918280352962412,0.04360899912580936
7491,0.6215384322960134,0.24302453328193602,0.0918280352962412,0.04360899912580936
7492,0.6215384322960134,0.24302453328193602,0.0918280352962412,0.04360899912580936
7493,0.6215384322960134,0.24302453328193602,0.0918280352962412,0.04360899912580936
7494,0.6215384322960134,0.24302453328193602,0.0918280352962412,0.04360899912580936
7495,0.6215384322960134,0.24302453328193602,0.0918280352962412,0.04360899912580936
7496,0.6215384322960134,0.24302453328193602,0.0918280352962412,0.04360899912580936
7497,0.6215384322960134,0.24302453328193602,0.0918280352962412,0.04360899912580936
7498,0.6215384322960134,0.24302453328193602,0.0918280352962412,0.04360899912580936
7499,0.6215384322960134,0.24302453328193602,0.0918280352962412,0.04360899912580936
7500,0.6200578636751128,0.26302760290550575,0.07678864059166988,0.04012589282771139
7501,0.6200578636751128,0.26302760290550575,0.07678864059166988,0.04012589282771139
7502,0.6200578636751128,0.26302760290550575,0.07678864059166988,0.04012589282771139
7503,0.6200578636751128,0.26302760290550575,0.07678864059166988,0.04012589282771139
7504,0.6200578636751128,0.26302760290550575,0.07678864059166988,0.04012589282771139
7505,0.6200578636751128,0.26302760290550575,0.07678864059166988,0.04012589282771139
7506,0.6200578636751128,0.26302760290550575,0.07678864059166988,0.04012589282771139
7507,0.6200578636751128,0.26302760290550575,0.07678864059166988,0.04012589282771139
7508,0.6200578636751128,0.26302760290550575,0.07678864059166988,0.04012589282771139
7509,0.6200578636751128,0.26302760290550575,0.07678864059166988,0.04012589282771139
7510,0.6200578636751128,0.26302760290550575,0.07678864059166988,0.04012589282771139
7511,0.6200578636751128,0.26302760290550575,0.07678864059166988,0.04012589282771139
7512,0.6200578636751128,0.26302760290550575,0.07678864059166988,0.04012589282771139
7513,0.6200578636751128,0.26302760290550575,0.07678864059166988,0.04012589282771139
7514,0.6200578636751128,0.26302760290550575,0.07678864059166988,0.04012589282771139
7515,0.6200578636751128,0.26302760290550575,0.07678864059166988,0.04012589282771139
7516,0.6200578636751128,0.26302760290550575,0.07678864059166988,0.04012589282771139
7517,0.6200578636751128,0.26302760290550575,0.07678864059166988,0.04012589282771139
7518,0.6200578636751128,0.26302760290550575,0.07678864059166988,0.04012589282771139
7519,0.6200578636751128,0.26302760290550575,0.07678864059166988,0.04012589282771139
7520,0.6200578636751128,0.26302760290550575,0.07678864059166988,0.04012589282771139
7521,0.6200578636751128,0.26302760290550575,0.07678864059166988,0.04012589282771139
7522,0.6200578636751128,0.26302760290550575,0.07678864059166988,0.04012589282771139
7523,0.6200578636751128,0.26302760290550575,0.07678864059166988,0.04012589282771139
7524,0.6200578636751128,0.26302760290550575,0.07678864059166988,0.04012589282771139
7525,0.6200578636751128,0.26302760290550575,0.07678864059166988,0.04012589282771139
7526,0.6200578636751128,0.26302760290550575,0.07678864059166988,0.04012589282771139
7527,0.6200578636751128,0.26302760290550575,0.07678864059166988,0.04012589282771139
7528,0.6200578636751128,0.26302760290550575,0.07678864059166988,0.04012589282771139
7529,0.6200578636751128,0.26302760290550575,0.07678864059166988,0.04012589282771139
7530,0.6200578636751128,0.26302760290550575,0.07678864059166988,0.04012589282771139
7531,0.6200578636751128,0.26302760290550575,0.07678864059166988,0.04012589282771139
7532,0.6200578636751128,0.26302760290550575,0.07678864059166988,0.04012589282771139
7533,0.6200578636751128,0.26302760290550575,0.07678864059166988,0.04012589282771139
7534,0.6200578636751128,0.26302760290550575,0.07678864059166988,0.04012589282771139
7535,0.6200578636751128,0.26302760290550575,0.07678864059166988,0.04012589282771139
7536,0.6200578636751128,0.26302760290550575,0.07678864059166988,0.04012589282771139
7537,0.6200578636751128,0.26302760290550575,0.07678864059166988,0.04012589282771139
7538,0.6200578636751128,0.26302760290550575,0.07678864059166988,0.04012589282771139
7539,0.6200578636751128,0.26302760290550575,0.07678864059166988,0.04012589282771139
7540,0.6200578636751128,0.26302760290550575,0.07678864059166988,0.04012589282771139
7541,0.6200578636751128,0.26302760290550575,0.07678864059166988,0.04012589282771139
7542,0.6200578636751128,0.26302760290550575,0.07678864059166988,0.04012589282771139
7543,0.6200578636751128,0.26302760290550575,0.07678864059166988,0.04012589282771139
7544,0.6200578636751128,0.26302760290550575,0.07678864059166988,0.04012589282771139
7545,0.6200578636751128,0.26302760290550575,0.07678864059166988,0.04012589282771139
7546,0.6200578636751128,0.26302760290550575,0.07678864059166988,0.04012589282771139
7547,0.6200578636751128,0.26302760290550575,0.07678864059166988,0.04012589282771139
7548,0.6200578636751128,0.26302760290550575,0.07678864059166988,0.04012589282771139
7549,0.6200578636751128,0.26302760290550575,0.07678864059166988,0.04012589282771139
7550,0.6200578636751128,0.26302760290550575,0.07678864059166988,0.04012589282771139
7551,0.6200578636751128,0.26302760290550575,0.07678864059166988,0.04012589282771139
7552,0.6200578636751128,0.26302760290550575,0.07678864059166988,0.04012589282771139
7553,0.6200578636751128,0.26302760290550575,0.07678864059166988,0.04012589282771139
7554,0.6200578636751128,0.26302760290550575,0.07678864059166988,0.04012589282771139
7555,0.6200578636751128,0.26302760290550575,0.07678864059166988,0.04012589282771139
7556,0.6200578636751128,0.26302760290550575,0.07678864059166988,0.04012589282771139
7557,0.6200578636751128,0.26302760290550575,0.07678864059166988,0.04012589282771139
7558,0.6200578636751128,0.26302760290550575,0.07678864059166988,0.04012589282771139
7559,0.6200578636751128,0.26302760290550575,0.07678864059166988,0.04012589282771139
7560,0.6200578636751128,0.26302760290550575,0.07678864059166988,0.04012589282771139
7561,0.6200578636751128,0.26302760290550575,0.07678864059166988,0.04012589282771139
7562,0.6200578636751128,0.26302760290550575,0.07678864059166988,0.04012589282771139
7563,0.6200578636751128,0.26302760290550575,0.07678864059166988,0.04012589282771139
7564,0.6200578636751128,0.26302760290550575,0.07678864059166988,0.04012589282771139
7565,0.6200578636751128,0.26302760290550575,0.07678864059166988,0.04012589282771139
7566,0.6200578636751128,0.26302760290550575,0.07678864059166988,0.04012589282771139
7567,0.6200578636751128,0.26302760290550575,0.07678864059166988,0.04012589282771139
7568,0.6200578636751128,0.26302760290550575,0.07678864059166988,0.04012589282771139
7569,0.6200578636751128,0.26302760290550575,0.07678864059166988,0.04012589282771139
7570,0.6200578636751128,0.26302760290550575,0.07678864059166988,0.04012589282771139
7571,0.6200578636751128,0.26302760290550575,0.07678864059166988,0.04012589282771139
7572,0.6200578636751128,0.26302760290550575,0.07678864059166988,0.04012589282771139
7573,0.6200578636751128,0.26302760290550575,0.07678864059166988,0.04012589282771139
7574,0.6200578636751128,0.26302760290550575,0.07678864059166988,0.04012589282771139
7575,0.6200578636751128,0.26302760290550575,0.07678864059166988,0.04012589282771139
7576,0.6200578636751128,0.26302760290550575,0.07678864059166988,0.04012589282771139
7577,0.6200578636751128,0.26302760290550575,0.07678864059166988,0.04012589282771139
7578,0.6200578636751128,0.26302760290550575,0.07678864059166988,0.04012589282771139
7579,0.6200578636751128,0.26302760290550575,0.07678864059166988,0.04012589282771139
7580,0.6200578636751128,0.26302760290550575,0.07678864059166988,0.04012589282771139
7581,0.6200578636751128,0.26302760290550575,0.07678864059166988,0.04012589282771139
7582,0.6200578636751128,0.26302760290550575,0.07678864059166988,0.04012589282771139
7583,0.6200578636751128,0.26302760290550575,0.07678864059166988,0.04012589282771139
7584,0.6200578636751128,0.26302760290550575,0.07678864059166988,0.04012589282771139
7585,0.6200578636751128,0.26302760290550575,0.07678864059166988,0.04012589282771139
7586,0.6200578636751128,0.26302760290550575,0.07678864059166988,0.04012589282771139
7587,0.6200578636751128,0.26302760290550575,0.07678864059166988,0.04012589282771139
7588,0.6200578636751128,0.26302760290550575,0.07678864059166988,0.04012589282771139
7589,0.6200578636751128,0.26302760290550575,0.07678864059166988,0.04012589282771139
7590,0.6200578636751128,0.26302760290550575,0.07678864059166988,0.04012589282771139
7591,0.6200578636751128,0.26302760290550575,0.07678864059166988,0.04012589282771139
7592,0.6200578636751128,0.26302760290550575,0.07678864059166988,0.04012589282771139
7593,0.6200578636751128,0.26302760290550575,0.07678864059166988,0.04012589282771139
7594,0.6200578636751128,0.26302760290550575,0.07678864059166988,0.04012589282771139
7595,0.6200578636751128,0.26302760290550575,0.07678864059166988,0.04012589282771139
7596,0.6200578636751128,0.26302760290550575,0.07678864059166988,0.04012589282771139
7597,0.6200578636751128,0.26302760290550575,0.07678864059166988,0.04012589282771139
7598,0.6200578636751128,0.26302760290550575,0.07678864059166988,0.04012589282771139
7599,0.6200578636751128,0.26302760290550575,0.07678864059166988,0.04012589282771139
7600,0.6449316100379722,0.24321589482840777,0.06702695460699223,0.044825540526627766
7601,0.6449316100379722,0.24321589482840777,0.06702695460699223,0.044825540526627766
7602,0.6449316100379722,0.24321589482840777,0.06702695460699223,0.044825540526627766
7603,0.6449316100379722,0.24321589482840777,0.06702695460699223,0.044825540526627766
7604,0.6449316100379722,0.24321589482840777,0.06702695460699223,0.044825540526627766
7605,0.6449316100379722,0.24321589482840777,0.06702695460699223,0.044825540526627766
7606,0.6449316100379722,0.24321589482840777,0.06702695460699223,0.044825540526627766
7607,0.6449316100379722,0.24321589482840777,0.06702695460699223,0.044825540526627766
7608,0.6449316100379722,0.24321589482840777,0.06702695460699223,0.044825540526627766
7609,0.6449316100379722,0.24321589482840777,0.06702695460699223,0.044825540526627766
7610,0.6449316100379722,0.24321589482840777,0.06702695460699223,0.044825540526627766
7611,0.6449316100379722,0.24321589482840777,0.06702695460699223,0.044825540526627766
7612,0.6449316100379722,0.24321589482840777,0.06702695460699223,0.044825540526627766
7613,0.6449316100379722,0.24321589482840777,0.06702695460699223,0.044825540526627766
7614,0.6449316100379722,0.24321589482840777,0.06702695460699223,0.044825540526627766
7615,0.6449316100379722,0.24321589482840777,0.06702695460699223,0.044825540526627766
7616,0.6449316100379722,0.24321589482840777,0.06702695460699223,0.044825540526627766
7617,0.6449316100379722,0.24321589482840777,0.06702695460699223,0.044825540526627766
7618,0.6449316100379722,0.24321589482840777,0.06702695460699223,0.044825540526627766
7619,0.6449316100379722,0.24321589482840777,0.06702695460699223,0.044825540526627766
7620,0.6449316100379722,0.24321589482840777,0.06702695460699223,0.044825540526627766
7621,0.6449316100379722,0.24321589482840777,0.06702695460699223,0.044825540526627766
7622,0.6449316100379722,0.24321589482840777,0.06702695460699223,0.044825540526627766
7623,0.6449316100379722,0.24321589482840777,0.06702695460699223,0.044825540526627766
7624,0.6449316100379722,0.24321589482840777,0.06702695460699223,0.044825540526627766
7625,0.6449316100379722,0.24321589482840777,0.06702695460699223,0.044825540526627766
7626,0.6449316100379722,0.24321589482840777,0.06702695460699223,0.044825540526627766
7627,0.6449316100379722,0.24321589482840777,0.06702695460699223,0.044825540526627766
7628,0.6449316100379722,0.24321589482840777,0.06702695460699223,0.044825540526627766
7629,0.6449316100379722,0.24321589482840777,0.06702695460699223,0.044825540526627766
7630,0.6449316100379722,0.24321589482840777,0.06702695460699223,0.044825540526627766
7631,0.6449316100379722,0.24321589482840777,0.06702695460699223,0.044825540526627766
7632,0.6449316100379722,0.24321589482840777,0.06702695460699223,0.044825540526627766
7633,0.6449316100379722,0.24321589482840777,0.06702695460699223,0.044825540526627766
7634,0.6449316100379722,0.24321589482840777,0.06702695460699223,0.044825540526627766
7635,0.6449316100379722,0.24321589482840777,0.06702695460699223,0.044825540526627766
7636,0.6449316100379722,0.24321589482840777,0.06702695460699223,0.044825540526627766
7637,0.6449316100379722,0.24321589482840777,0.06702695460699223,0.044825540526627766
7638,0.6449316100379722,0.24321589482840777,0.06702695460699223,0.044825540526627766
7639,0.6449316100379722,0.24321589482840777,0.06702695460699223,0.044825540526627766
7640,0.6449316100379722,0.24321589482840777,0.06702695460699223,0.044825540526627766
7641,0.6449316100379722,0.24321589482840777,0.06702695460699223,0.044825540526627766
7642,0.6449316100379722,0.24321589482840777,0.06702695460699223,0.044825540526627766
7643,0.6449316100379722,0.24321589482840777,0.06702695460699223,0.044825540526627766
7644,0.6449316100379722,0.24321589482840777,0.06702695460699223,0.044825540526627766
7645,0.6449316100379722,0.24321589482840777,0.06702695460699223,0.044825540526627766
7646,0.6449316100379722,0.24321589482840777,0.06702695460699223,0.044825540526627766
7647,0.6449316100379722,0.24321589482840777,0.06702695460699223,0.044825540526627766
7648,0.6449316100379722,0.24321589482840777,0.06702695460699223,0.044825540526627766
7649,0.6449316100379722,0.24321589482840777,0.06702695460699223,0.044825540526627766
7650,0.6449316100379722,0.24321589482840777,0.06702695460699223,0.044825540526627766
7651,0.6449316100379722,0.24321589482840777,0.06702695460699223,0.044825540526627766
7652,0.6449316100379722,0.24321589482840777,0.06702695460699223,0.044825540526627766
7653,0.6449316100379722,0.24321589482840777,0.06702695460699223,0.044825540526627766
7654,0.6449316100379722,0.24321589482840777,0.06702695460699223,0.044825540526627766
7655,0.6449316100379722,0.24321589482840777,0.06702695460699223,0.044825540526627766
7656,0.6449316100379722,0.24321589482840777,0.06702695460699223,0.044825540526627766
7657,0.6449316100379722,0.24321589482840777,0.06702695460699223,0.044825540526627766
7658,0.6449316100379722,0.24321589482840777,0.06702695460699223,0.044825540526627766
7659,0.6449316100379722,0.24321589482840777,0.06702695460699223,0.044825540526627766
7660,0.6449316100379722,0.24321589482840777,0.06702695460699223,0.044825540526627766
7661,0.6449316100379722,0.24321589482840777,0.06702695460699223,0.044825540526627766
7662,0.6449316100379722,0.24321589482840777,0.06702695460699223,0.044825540526627766
7663,0.6449316100379722,0.24321589482840777,0.06702695460699223,0.044825540526627766
7664,0.6449316100379722,0.24321589482840777,0.06702695460699223,0.044825540526627766
7665,0.6449316100379722,0.24321589482840777,0.06702695460699223,0.044825540526627766
7666,0.6449316100379722,0.24321589482840777,0.06702695460699223,0.044825540526627766
7667,0.6449316100379722,0.24321589482840777,0.06702695460699223,0.044825540526627766
7668,0.6449316100379722,0.24321589482840777,0.06702695460699223,0.044825540526627766
7669,0.6449316100379722,0.24321589482840777,0.06702695460699223,0.044825540526627766
7670,0.6449316100379722,0.24321589482840777,0.06702695460699223,0.044825540526627766
7671,0.6449316100379722,0.24321589482840777,0.06702695460699223,0.044825540526627766
7672,0.6449316100379722,0.24321589482840777,0.06702695460699223,0.044825540526627766
7673,0.6449316100379722,0.24321589482840777,0.06702695460699223,0.044825540526627766
7674,0.6449316100379722,0.24321589482840777,0.06702695460699223,0.044825540526627766
7675,0.6449316100379722,0.24321589482840777,0.06702695460699223,0.044825540526627766
7676,0.6449316100379722,0.24321589482840777,0.06702695460699223,0.044825540526627766
7677,0.6449316100379722,0.24321589482840777,0.06702695460699223,0.044825540526627766
7678,0.6449316100379722,0.24321589482840777,0.06702695460699223,0.044825540526627766
7679,0.6449316100379722,0.24321589482840777,0.06702695460699223,0.044825540526627766
7680,0.6449316100379722,0.24321589482840777,0.06702695460699223,0.044825540526627766
7681,0.6449316100379722,0.24321589482840777,0.06702695460699223,0.044825540526627766
7682,0.6449316100379722,0.24321589482840777,0.06702695460699223,0.044825540526627766
7683,0.6449316100379722,0.24321589482840777,0.06702695460699223,0.044825540526627766
7684,0.6449316100379722,0.24321589482840777,0.06702695460699223,0.044825540526627766
7685,0.6449316100379722,0.24321589482840777,0.06702695460699223,0.044825540526627766
7686,0.6449316100379722,0.24321589482840777,0.06702695460699223,0.044825540526627766
7687,0.6449316100379722,0.24321589482840777,0.06702695460699223,0.044825540526627766
7688,0.6449316100379722,0.24321589482840777,0.06702695460699223,0.044825540526627766
7689,0.6449316100379722,0.24321589482840777,0.06702695460699223,0.044825540526627766
7690,0.6449316100379722,0.24321589482840777,0.06702695460699223,0.044825540526627766
7691,0.6449316100379722,0.24321589482840777,0.06702695460699223,0.044825540526627766
7692,0.6449316100379722,0.24321589482840777,0.06702695460699223,0.044825540526627766
7693,0.6449316100379722,0.24321589482840777,0.06702695460699223,0.044825540526627766
7694,0.6449316100379722,0.24321589482840777,0.06702695460699223,0.044825540526627766
7695,0.6449316100379722,0.24321589482840777,0.06702695460699223,0.044825540526627766
7696,0.6449316100379722,0.24321589482840777,0.06702695460699223,0.044825540526627766
7697,0.6449316100379722,0.24321589482840777,0.06702695460699223,0.044825540526627766
7698,0.6449316100379722,0.24321589482840777,0.06702695460699223,0.044825540526627766
7699,0.6449316100379722,0.24321589482840777,0.06702695460699223,0.044825540526627766
7700,0.6450425391361368,0.24267700657789532,0.06766940993602422,0.044611044349943646
7701,0.6450425391361368,0.24267700657789532,0.06766940993602422,0.044611044349943646
7702,0.6450425391361368,0.24267700657789532,0.06766940993602422,0.044611044349943646
7703,0.6450425391361368,0.24267700657789532,0.06766940993602422,0.044611044349943646
7704,0.6450425391361368,0.24267700657789532,0.06766940993602422,0.044611044349943646
7705,0.6450425391361368,0.24267700657789532,0.06766940993602422,0.044611044349943646
7706,0.6450425391361368,0.24267700657789532,0.06766940993602422,0.044611044349943646
7707,0.6450425391361368,0.24267700657789532,0.06766940993602422,0.044611044349943646
7708,0.6450425391361368,0.24267700657789532,0.06766940993602422,0.044611044349943646
7709,0.6450425391361368,0.24267700657789532,0.06766940993602422,0.044611044349943646
7710,0.6450425391361368,0.24267700657789532,0.06766940993602422,0.044611044349943646
7711,0.6450425391361368,0.24267700657789532,0.06766940993602422,0.044611044349943646
7712,0.6450425391361368,0.24267700657789532,0.06766940993602422,0.044611044349943646
7713,0.6450425391361368,0.24267700657789532,0.06766940993602422,0.044611044349943646
7714,0.6450425391361368,0.24267700657789532,0.06766940993602422,0.044611044349943646
7715,0.6450425391361368,0.24267700657789532,0.06766940993602422,0.044611044349943646
7716,0.6450425391361368,0.24267700657789532,0.06766940993602422,0.044611044349943646
7717,0.6450425391361368,0.24267700657789532,0.06766940993602422,0.044611044349943646
7718,0.6450425391361368,0.24267700657789532,0.06766940993602422,0.044611044349943646
7719,0.6450425391361368,0.24267700657789532,0.06766940993602422,0.044611044349943646
7720,0.6450425391361368,0.24267700657789532,0.06766940993602422,0.044611044349943646
7721,0.6450425391361368,0.24267700657789532,0.06766940993602422,0.044611044349943646
7722,0.6450425391361368,0.24267700657789532,0.06766940993602422,0.044611044349943646
7723,0.6450425391361368,0.24267700657789532,0.06766940993602422,0.044611044349943646
7724,0.6450425391361368,0.24267700657789532,0.06766940993602422,0.044611044349943646
7725,0.6450425391361368,0.24267700657789532,0.06766940993602422,0.044611044349943646
7726,0.6450425391361368,0.24267700657789532,0.06766940993602422,0.044611044349943646
7727,0.6450425391361368,0.24267700657789532,0.06766940993602422,0.044611044349943646
7728,0.6450425391361368,0.24267700657789532,0.06766940993602422,0.044611044349943646
7729,0.6450425391361368,0.24267700657789532,0.06766940993602422,0.044611044349943646
7730,0.6450425391361368,0.24267700657789532,0.06766940993602422,0.044611044349943646
7731,0.6450425391361368,0.24267700657789532,0.06766940993602422,0.044611044349943646
7732,0.6450425391361368,0.24267700657789532,0.06766940993602422,0.044611044349943646
7733,0.6450425391361368,0.24267700657789532,0.06766940993602422,0.044611044349943646
7734,0.6450425391361368,0.24267700657789532,0.06766940993602422,0.044611044349943646
7735,0.6450425391361368,0.24267700657789532,0.06766940993602422,0.044611044349943646
7736,0.6450425391361368,0.24267700657789532,0.06766940993602422,0.044611044349943646
7737,0.6450425391361368,0.24267700657789532,0.06766940993602422,0.044611044349943646
7738,0.6450425391361368,0.24267700657789532,0.06766940993602422,0.044611044349943646
7739,0.6450425391361368,0.24267700657789532,0.06766940993602422,0.044611044349943646
7740,0.6450425391361368,0.24267700657789532,0.06766940993602422,0.044611044349943646
7741,0.6450425391361368,0.24267700657789532,0.06766940993602422,0.044611044349943646
7742,0.6450425391361368,0.24267700657789532,0.06766940993602422,0.044611044349943646
7743,0.6450425391361368,0.24267700657789532,0.06766940993602422,0.044611044349943646
7744,0.6450425391361368,0.24267700657789532,0.06766940993602422,0.044611044349943646
7745,0.6450425391361368,0.24267700657789532,0.06766940993602422,0.044611044349943646
7746,0.6450425391361368,0.24267700657789532,0.06766940993602422,0.044611044349943646
7747,0.6450425391361368,0.24267700657789532,0.06766940993602422,0.044611044349943646
7748,0.6450425391361368,0.24267700657789532,0.06766940993602422,0.044611044349943646
7749,0.6450425391361368,0.24267700657789532,0.06766940993602422,0.044611044349943646
7750,0.6450425391361368,0.24267700657789532,0.06766940993602422,0.044611044349943646
7751,0.6450425391361368,0.24267700657789532,0.06766940993602422,0.044611044349943646
7752,0.6450425391361368,0.24267700657789532,0.06766940993602422,0.044611044349943646
7753,0.6450425391361368,0.24267700657789532,0.06766940993602422,0.044611044349943646
7754,0.6450425391361368,0.24267700657789532,0.06766940993602422,0.044611044349943646
7755,0.6450425391361368,0.24267700657789532,0.06766940993602422,0.044611044349943646
7756,0.6450425391361368,0.24267700657789532,0.06766940993602422,0.044611044349943646
7757,0.6450425391361368,0.24267700657789532,0.06766940993602422,0.044611044349943646
7758,0.6450425391361368,0.24267700657789532,0.06766940993602422,0.044611044349943646
7759,0.6450425391361368,0.24267700657789532,0.06766940993602422,0.044611044349943646
7760,0.6450425391361368,0.24267700657789532,0.06766940993602422,0.044611044349943646
7761,0.6450425391361368,0.24267700657789532,0.06766940993602422,0.044611044349943646
7762,0.6450425391361368,0.24267700657789532,0.06766940993602422,0.044611044349943646
7763,0.6450425391361368,0.24267700657789532,0.06766940993602422,0.044611044349943646
7764,0.6450425391361368,0.24267700657789532,0.06766940993602422,0.044611044349943646
7765,0.6450425391361368,0.24267700657789532,0.06766940993602422,0.044611044349943646
7766,0.6450425391361368,0.24267700657789532,0.06766940993602422,0.044611044349943646
7767,0.6450425391361368,0.24267700657789532,0.06766940993602422,0.044611044349943646
7768,0.6450425391361368,0.24267700657789532,0.06766940993602422,0.044611044349943646
7769,0.6450425391361368,0.24267700657789532,0.06766940993602422,0.044611044349943646
7770,0.6450425391361368,0.24267700657789532,0.06766940993602422,0.044611044349943646
7771,0.6450425391361368,0.24267700657789532,0.06766940993602422,0.044611044349943646
7772,0.6450425391361368,0.24267700657789532,0.06766940993602422,0.044611044349943646
7773,0.6450425391361368,0.24267700657789532,0.06766940993602422,0.044611044349943646
7774,0.6450425391361368,0.24267700657789532,0.06766940993602422,0.044611044349943646
7775,0.6450425391361368,0.24267700657789532,0.06766940993602422,0.044611044349943646
7776,0.6450425391361368,0.24267700657789532,0.06766940993602422,0.044611044349943646
7777,0.6450425391361368,0.24267700657789532,0.06766940993602422,0.044611044349943646
7778,0.6450425391361368,0.24267700657789532,0.06766940993602422,0.044611044349943646
7779,0.6450425391361368,0.24267700657789532,0.06766940993602422,0.044611044349943646
7780,0.6450425391361368,0.24267700657789532,0.06766940993602422,0.044611044349943646
7781,0.6450425391361368,0.24267700657789532,0.06766940993602422,0.044611044349943646
7782,0.6450425391361368,0.24267700657789532,0.06766940993602422,0.044611044349943646
7783,0.6450425391361368,0.24267700657789532,0.06766940993602422,0.044611044349943646
7784,0.6450425391361368,0.24267700657789532,0.06766940993602422,0.044611044349943646
7785,0.6450425391361368,0.24267700657789532,0.06766940993602422,0.044611044349943646
7786,0.6450425391361368,0.24267700657789532,0.06766940993602422,0.044611044349943646
7787,0.6450425391361368,0.24267700657789532,0.06766940993602422,0.044611044349943646
7788,0.6450425391361368,0.24267700657789532,0.06766940993602422,0.044611044349943646
7789,0.6450425391361368,0.24267700657789532,0.06766940993602422,0.044611044349943646
7790,0.6450425391361368,0.24267700657789532,0.06766940993602422,0.044611044349943646
7791,0.6450425391361368,0.24267700657789532,0.06766940993602422,0.044611044349943646
7792,0.6450425391361368,0.24267700657789532,0.06766940993602422,0.044611044349943646
7793,0.6450425391361368,0.24267700657789532,0.06766940993602422,0.044611044349943646
7794,0.6450425391361368,0.24267700657789532,0.06766940993602422,0.044611044349943646
7795,0.6450425391361368,0.24267700657789532,0.06766940993602422,0.044611044349943646
7796,0.6450425391361368,0.24267700657789532,0.06766940993602422,0.044611044349943646
7797,0.6450425391361368,0.24267700657789532,0.06766940993602422,0.044611044349943646
7798,0.6450425391361368,0.24267700657789532,0.06766940993602422,0.044611044349943646
7799,0.6450425391361368,0.24267700657789532,0.06766940993602422,0.044611044349943646
7800,0.6328848774324357,0.2700679457894282,0.05045060273194071,0.04659657404619527
7801,0.6328848774324357,0.2700679457894282,0.05045060273194071,0.04659657404619527
7802,0.6328848774324357,0.2700679457894282,0.05045060273194071,0.04659657404619527
7803,0.6328848774324357,0.2700679457894282,0.05045060273194071,0.04659657404619527
7804,0.6328848774324357,0.2700679457894282,0.05045060273194071,0.04659657404619527
7805,0.6328848774324357,0.2700679457894282,0.05045060273194071,0.04659657404619527
7806,0.6328848774324357,0.2700679457894282,0.05045060273194071,0.04659657404619527
7807,0.6328848774324357,0.2700679457894282,0.05045060273194071,0.04659657404619527
7808,0.6328848774324357,0.2700679457894282,0.05045060273194071,0.04659657404619527
7809,0.6328848774324357,0.2700679457894282,0.05045060273194071,0.04659657404619527
7810,0.6328848774324357,0.2700679457894282,0.05045060273194071,0.04659657404619527
7811,0.6328848774324357,0.2700679457894282,0.05045060273194071,0.04659657404619527
7812,0.6328848774324357,0.2700679457894282,0.05045060273194071,0.04659657404619527
7813,0.6328848774324357,0.2700679457894282,0.05045060273194071,0.04659657404619527
7814,0.6328848774324357,0.2700679457894282,0.05045060273194071,0.04659657404619527
7815,0.6328848774324357,0.2700679457894282,0.05045060273194071,0.04659657404619527
7816,0.6328848774324357,0.2700679457894282,0.05045060273194071,0.04659657404619527
7817,0.6328848774324357,0.2700679457894282,0.05045060273194071,0.04659657404619527
7818,0.6328848774324357,0.2700679457894282,0.05045060273194071,0.04659657404619527
7819,0.6328848774324357,0.2700679457894282,0.05045060273194071,0.04659657404619527
7820,0.6328848774324357,0.2700679457894282,0.05045060273194071,0.04659657404619527
7821,0.6328848774324357,0.2700679457894282,0.05045060273194071,0.04659657404619527
7822,0.6328848774324357,0.2700679457894282,0.05045060273194071,0.04659657404619527
7823,0.6328848774324357,0.2700679457894282,0.05045060273194071,0.04659657404619527
7824,0.6328848774324357,0.2700679457894282,0.05045060273194071,0.04659657404619527
7825,0.6328848774324357,0.2700679457894282,0.05045060273194071,0.04659657404619527
7826,0.6328848774324357,0.2700679457894282,0.05045060273194071,0.04659657404619527
7827,0.6328848774324357,0.2700679457894282,0.05045060273194071,0.04659657404619527
7828,0.6328848774324357,0.2700679457894282,0.05045060273194071,0.04659657404619527
7829,0.6328848774324357,0.2700679457894282,0.05045060273194071,0.04659657404619527
7830,0.6328848774324357,0.2700679457894282,0.05045060273194071,0.04659657404619527
7831,0.6328848774324357,0.2700679457894282,0.05045060273194071,0.04659657404619527
7832,0.6328848774324357,0.2700679457894282,0.05045060273194071,0.04659657404619527
7833,0.6328848774324357,0.2700679457894282,0.05045060273194071,0.04659657404619527
7834,0.6328848774324357,0.2700679457894282,0.05045060273194071,0.04659657404619527
7835,0.6328848774324357,0.2700679457894282,0.05045060273194071,0.04659657404619527
7836,0.6328848774324357,0.2700679457894282,0.05045060273194071,0.04659657404619527
7837,0.6328848774324357,0.2700679457894282,0.05045060273194071,0.04659657404619527
7838,0.6328848774324357,0.2700679457894282,0.05045060273194071,0.04659657404619527
7839,0.6328848774324357,0.2700679457894282,0.05045060273194071,0.04659657404619527
7840,0.6328848774324357,0.2700679457894282,0.05045060273194071,0.04659657404619527
7841,0.6328848774324357,0.2700679457894282,0.05045060273194071,0.04659657404619527
7842,0.6328848774324357,0.2700679457894282,0.05045060273194071,0.04659657404619527
7843,0.6328848774324357,0.2700679457894282,0.05045060273194071,0.04659657404619527
7844,0.6328848774324357,0.2700679457894282,0.05045060273194071,0.04659657404619527
7845,0.6328848774324357,0.2700679457894282,0.05045060273194071,0.04659657404619527
7846,0.6328848774324357,0.2700679457894282,0.05045060273194071,0.04659657404619527
7847,0.6328848774324357,0.2700679457894282,0.05045060273194071,0.04659657404619527
7848,0.6328848774324357,0.2700679457894282,0.05045060273194071,0.04659657404619527
7849,0.6328848774324357,0.2700679457894282,0.05045060273194071,0.04659657404619527
7850,0.6328848774324357,0.2700679457894282,0.05045060273194071,0.04659657404619527
7851,0.6328848774324357,0.2700679457894282,0.05045060273194071,0.04659657404619527
7852,0.6328848774324357,0.2700679457894282,0.05045060273194071,0.04659657404619527
7853,0.6328848774324357,0.2700679457894282,0.05045060273194071,0.04659657404619527
7854,0.6328848774324357,0.2700679457894282,0.05045060273194071,0.04659657404619527
7855,0.6328848774324357,0.2700679457894282,0.05045060273194071,0.04659657404619527
7856,0.6328848774324357,0.2700679457894282,0.05045060273194071,0.04659657404619527
7857,0.6328848774324357,0.2700679457894282,0.05045060273194071,0.04659657404619527
7858,0.6328848774324357,0.2700679457894282,0.05045060273194071,0.04659657404619527
7859,0.6328848774324357,0.2700679457894282,0.05045060273194071,0.04659657404619527
7860,0.6328848774324357,0.2700679457894282,0.05045060273194071,0.04659657404619527
7861,0.6328848774324357,0.2700679457894282,0.05045060273194071,0.04659657404619527
7862,0.6328848774324357,0.2700679457894282,0.05045060273194071,0.04659657404619527
7863,0.6328848774324357,0.2700679457894282,0.05045060273194071,0.04659657404619527
7864,0.6328848774324357,0.2700679457894282,0.05045060273194071,0.04659657404619527
7865,0.6328848774324357,0.2700679457894282,0.05045060273194071,0.04659657404619527
7866,0.6328848774324357,0.2700679457894282,0.05045060273194071,0.04659657404619527
7867,0.6328848774324357,0.2700679457894282,0.05045060273194071,0.04659657404619527
7868,0.6328848774324357,0.2700679457894282,0.05045060273194071,0.04659657404619527
7869,0.6328848774324357,0.2700679457894282,0.05045060273194071,0.04659657404619527
7870,0.6328848774324357,0.2700679457894282,0.05045060273194071,0.04659657404619527
7871,0.6328848774324357,0.2700679457894282,0.05045060273194071,0.04659657404619527
7872,0.6328848774324357,0.2700679457894282,0.05045060273194071,0.04659657404619527
7873,0.6328848774324357,0.2700679457894282,0.05045060273194071,0.04659657404619527
7874,0.6328848774324357,0.2700679457894282,0.05045060273194071,0.04659657404619527
7875,0.6328848774324357,0.2700679457894282,0.05045060273194071,0.04659657404619527
7876,0.6328848774324357,0.2700679457894282,0.05045060273194071,0.04659657404619527
7877,0.6328848774324357,0.2700679457894282,0.05045060273194071,0.04659657404619527
7878,0.6328848774324357,0.2700679457894282,0.05045060273194071,0.04659657404619527
7879,0.6328848774324357,0.2700679457894282,0.05045060273194071,0.04659657404619527
7880,0.6328848774324357,0.2700679457894282,0.05045060273194071,0.04659657404619527
7881,0.6328848774324357,0.2700679457894282,0.05045060273194071,0.04659657404619527
7882,0.6328848774324357,0.2700679457894282,0.05045060273194071,0.04659657404619527
7883,0.6328848774324357,0.2700679457894282,0.05045060273194071,0.04659657404619527
7884,0.6328848774324357,0.2700679457894282,0.05045060273194071,0.04659657404619527
7885,0.6328848774324357,0.2700679457894282,0.05045060273194071,0.04659657404619527
7886,0.6328848774324357,0.2700679457894282,0.05045060273194071,0.04659657404619527
7887,0.6328848774324357,0.2700679457894282,0.05045060273194071,0.04659657404619527
7888,0.6328848774324357,0.2700679457894282,0.05045060273194071,0.04659657404619527
7889,0.6328848774324357,0.2700679457894282,0.05045060273194071,0.04659657404619527
7890,0.6328848774324357,0.2700679457894282,0.05045060273194071,0.04659657404619527
7891,0.6328848774324357,0.2700679457894282,0.05045060273194071,0.04659657404619527
7892,0.6328848774324357,0.2700679457894282,0.05045060273194071,0.04659657404619527
7893,0.6328848774324357,0.2700679457894282,0.05045060273194071,0.04659657404619527
7894,0.6328848774324357,0.2700679457894282,0.05045060273194071,0.04659657404619527
7895,0.6328848774324357,0.2700679457894282,0.05045060273194071,0.04659657404619527
7896,0.6328848774324357,0.2700679457894282,0.05045060273194071,0.04659657404619527
7897,0.6328848774324357,0.2700679457894282,0.05045060273194071,0.04659657404619527
7898,0.6328848774324357,0.2700679457894282,0.05045060273194071,0.04659657404619527
7899,0.6328848774324357,0.2700679457894282,0.05045060273194071,0.04659657404619527
7900,0.6253186882171312,0.28462545590471816,0.04502792793907531,0.04502792793907531
7901,0.6253186882171312,0.28462545590471816,0.04502792793907531,0.04502792793907531
7902,0.6253186882171312,0.28462545590471816,0.04502792793907531,0.04502792793907531
7903,0.6253186882171312,0.28462545590471816,0.04502792793907531,0.04502792793907531
7904,0.6253186882171312,0.28462545590471816,0.04502792793907531,0.04502792793907531
7905,0.6253186882171312,0.28462545590471816,0.04502792793907531,0.04502792793907531
7906,0.6253186882171312,0.28462545590471816,0.04502792793907531,0.04502792793907531
7907,0.6253186882171312,0.28462545590471816,0.04502792793907531,0.04502792793907531
7908,0.6253186882171312,0.28462545590471816,0.04502792793907531,0.04502792793907531
7909,0.6253186882171312,0.28462545590471816,0.04502792793907531,0.04502792793907531
7910,0.6253186882171312,0.28462545590471816,0.04502792793907531,0.04502792793907531
7911,0.6253186882171312,0.28462545590471816,0.04502792793907531,0.04502792793907531
7912,0.6253186882171312,0.28462545590471816,0.04502792793907531,0.04502792793907531
7913,0.6253186882171312,0.28462545590471816,0.04502792793907531,0.04502792793907531
7914,0.6253186882171312,0.28462545590471816,0.04502792793907531,0.04502792793907531
7915,0.6253186882171312,0.28462545590471816,0.04502792793907531,0.04502792793907531
7916,0.6253186882171312,0.28462545590471816,0.04502792793907531,0.04502792793907531
7917,0.6253186882171312,0.28462545590471816,0.04502792793907531,0.04502792793907531
7918,0.6253186882171312,0.28462545590471816,0.04502792793907531,0.04502792793907531
7919,0.6253186882171312,0.28462545590471816,0.04502792793907531,0.04502792793907531
7920,0.6253186882171312,0.28462545590471816,0.04502792793907531,0.04502792793907531
7921,0.6253186882171312,0.28462545590471816,0.04502792793907531,0.04502792793907531
7922,0.6253186882171312,0.28462545590471816,0.04502792793907531,0.04502792793907531
7923,0.6253186882171312,0.28462545590471816,0.04502792793907531,0.04502792793907531
7924,0.6253186882171312,0.28462545590471816,0.04502792793907531,0.04502792793907531
7925,0.6253186882171312,0.28462545590471816,0.04502792793907531,0.04502792793907531
7926,0.6253186882171312,0.28462545590471816,0.04502792793907531,0.04502792793907531
7927,0.6253186882171312,0.28462545590471816,0.04502792793907531,0.04502792793907531
7928,0.6253186882171312,0.28462545590471816,0.04502792793907531,0.04502792793907531
7929,0.6253186882171312,0.28462545590471816,0.04502792793907531,0.04502792793907531
7930,0.6253186882171312,0.28462545590471816,0.04502792793907531,0.04502792793907531
7931,0.6253186882171312,0.28462545590471816,0.04502792793907531,0.04502792793907531
7932,0.6253186882171312,0.28462545590471816,0.04502792793907531,0.04502792793907531
7933,0.6253186882171312,0.28462545590471816,0.04502792793907531,0.04502792793907531
7934,0.6253186882171312,0.28462545590471816,0.04502792793907531,0.04502792793907531
7935,0.6253186882171312,0.28462545590471816,0.04502792793907531,0.04502792793907531
7936,0.6253186882171312,0.28462545590471816,0.04502792793907531,0.04502792793907531
7937,0.6253186882171312,0.28462545590471816,0.04502792793907531,0.04502792793907531
7938,0.6253186882171312,0.28462545590471816,0.04502792793907531,0.04502792793907531
7939,0.6253186882171312,0.28462545590471816,0.04502792793907531,0.04502792793907531
7940,0.6253186882171312,0.28462545590471816,0.04502792793907531,0.04502792793907531
7941,0.6253186882171312,0.28462545590471816,0.04502792793907531,0.04502792793907531
7942,0.6253186882171312,0.28462545590471816,0.04502792793907531,0.04502792793907531
7943,0.6253186882171312,0.28462545590471816,0.04502792793907531,0.04502792793907531
7944,0.6253186882171312,0.28462545590471816,0.04502792793907531,0.04502792793907531
7945,0.6253186882171312,0.28462545590471816,0.04502792793907531,0.04502792793907531
7946,0.6253186882171312,0.28462545590471816,0.04502792793907531,0.04502792793907531
7947,0.6253186882171312,0.28462545590471816,0.04502792793907531,0.04502792793907531
7948,0.6253186882171312,0.28462545590471816,0.04502792793907531,0.04502792793907531
7949,0.6253186882171312,0.28462545590471816,0.04502792793907531,0.04502792793907531
7950,0.6253186882171312,0.28462545590471816,0.04502792793907531,0.04502792793907531
7951,0.6253186882171312,0.28462545590471816,0.04502792793907531,0.04502792793907531
7952,0.6253186882171312,0.28462545590471816,0.04502792793907531,0.04502792793907531
7953,0.6253186882171312,0.28462545590471816,0.04502792793907531,0.04502792793907531
7954,0.6253186882171312,0.28462545590471816,0.04502792793907531,0.04502792793907531
7955,0.6253186882171312,0.28462545590471816,0.04502792793907531,0.04502792793907531
7956,0.6253186882171312,0.28462545590471816,0.04502792793907531,0.04502792793907531
7957,0.6253186882171312,0.28462545590471816,0.04502792793907531,0.04502792793907531
7958,0.6253186882171312,0.28462545590471816,0.04502792793907531,0.04502792793907531
7959,0.6253186882171312,0.28462545590471816,0.04502792793907531,0.04502792793907531
7960,0.6253186882171312,0.28462545590471816,0.04502792793907531,0.04502792793907531
7961,0.6253186882171312,0.28462545590471816,0.04502792793907531,0.04502792793907531
7962,0.6253186882171312,0.28462545590471816,0.04502792793907531,0.04502792793907531
7963,0.6253186882171312,0.28462545590471816,0.04502792793907531,0.04502792793907531
7964,0.6253186882171312,0.28462545590471816,0.04502792793907531,0.04502792793907531
7965,0.6253186882171312,0.28462545590471816,0.04502792793907531,0.04502792793907531
7966,0.6253186882171312,0.28462545590471816,0.04502792793907531,0.04502792793907531
7967,0.6253186882171312,0.28462545590471816,0.04502792793907531,0.04502792793907531
7968,0.6253186882171312,0.28462545590471816,0.04502792793907531,0.04502792793907531
7969,0.6253186882171312,0.28462545590471816,0.04502792793907531,0.04502792793907531
7970,0.6253186882171312,0.28462545590471816,0.04502792793907531,0.04502792793907531
7971,0.6253186882171312,0.28462545590471816,0.04502792793907531,0.04502792793907531
7972,0.6253186882171312,0.28462545590471816,0.04502792793907531,0.04502792793907531
7973,0.6253186882171312,0.28462545590471816,0.04502792793907531,0.04502792793907531
7974,0.6253186882171312,0.28462545590471816,0.04502792793907531,0.04502792793907531
7975,0.6253186882171312,0.28462545590471816,0.04502792793907531,0.04502792793907531
7976,0.6253186882171312,0.28462545590471816,0.04502792793907531,0.04502792793907531
7977,0.6253186882171312,0.28462545590471816,0.04502792793907531,0.04502792793907531
7978,0.6253186882171312,0.28462545590471816,0.04502792793907531,0.04502792793907531
7979,0.6253186882171312,0.28462545590471816,0.04502792793907531,0.04502792793907531
7980,0.6253186882171312,0.28462545590471816,0.04502792793907531,0.04502792793907531
7981,0.6253186882171312,0.28462545590471816,0.04502792793907531,0.04502792793907531
7982,0.6253186882171312,0.28462545590471816,0.04502792793907531,0.04502792793907531
7983,0.6253186882171312,0.28462545590471816,0.04502792793907531,0.04502792793907531
7984,0.6253186882171312,0.28462545590471816,0.04502792793907531,0.04502792793907531
7985,0.6253186882171312,0.28462545590471816,0.04502792793907531,0.04502792793907531
7986,0.6253186882171312,0.28462545590471816,0.04502792793907531,0.04502792793907531
7987,0.6253186882171312,0.28462545590471816,0.04502792793907531,0.04502792793907531
7988,0.6253186882171312,0.28462545590471816,0.04502792793907531,0.04502792793907531
7989,0.6253186882171312,0.28462545590471816,0.04502792793907531,0.04502792793907531
7990,0.6253186882171312,0.28462545590471816,0.04502792793907531,0.04502792793907531
7991,0.6253186882171312,0.28462545590471816,0.04502792793907531,0.04502792793907531
7992,0.6253186882171312,0.28462545590471816,0.04502792793907531,0.04502792793907531
7993,0.6253186882171312,0.28462545590471816,0.04502792793907531,0.04502792793907531
7994,0.6253186882171312,0.28462545590471816,0.04502792793907531,0.04502792793907531
7995,0.6253186882171312,0.28462545590471816,0.04502792793907531,0.04502792793907531
7996,0.6253186882171312,0.28462545590471816,0.04502792793907531,0.04502792793907531
7997,0.6253186882171312,0.28462545590471816,0.04502792793907531,0.04502792793907531
7998,0.6253186882171312,0.28462545590471816,0.04502792793907531,0.04502792793907531
7999,0.6253186882171312,0.28462545590471816,0.04502792793907531,0.04502792793907531
8000,0.6457372673656013,0.26839102725897296,0.04293585268771284,0.04293585268771284
8001,0.6457372673656013,0.26839102725897296,0.04293585268771284,0.04293585268771284
8002,0.6457372673656013,0.26839102725897296,0.04293585268771284,0.04293585268771284
8003,0.6457372673656013,0.26839102725897296,0.04293585268771284,0.04293585268771284
8004,0.6457372673656013,0.26839102725897296,0.04293585268771284,0.04293585268771284
8005,0.6457372673656013,0.26839102725897296,0.04293585268771284,0.04293585268771284
8006,0.6457372673656013,0.26839102725897296,0.04293585268771284,0.04293585268771284
8007,0.6457372673656013,0.26839102725897296,0.04293585268771284,0.04293585268771284
8008,0.6457372673656013,0.26839102725897296,0.04293585268771284,0.04293585268771284
8009,0.6457372673656013,0.26839102725897296,0.04293585268771284,0.04293585268771284
8010,0.6457372673656013,0.26839102725897296,0.04293585268771284,0.04293585268771284
8011,0.6457372673656013,0.26839102725897296,0.04293585268771284,0.04293585268771284
8012,0.6457372673656013,0.26839102725897296,0.04293585268771284,0.04293585268771284
8013,0.6457372673656013,0.26839102725897296,0.04293585268771284,0.04293585268771284
8014,0.6457372673656013,0.26839102725897296,0.04293585268771284,0.04293585268771284
8015,0.6457372673656013,0.26839102725897296,0.04293585268771284,0.04293585268771284
8016,0.6457372673656013,0.26839102725897296,0.04293585268771284,0.04293585268771284
8017,0.6457372673656013,0.26839102725897296,0.04293585268771284,0.04293585268771284
8018,0.6457372673656013,0.26839102725897296,0.04293585268771284,0.04293585268771284
8019,0.6457372673656013,0.26839102725897296,0.04293585268771284,0.04293585268771284
8020,0.6457372673656013,0.26839102725897296,0.04293585268771284,0.04293585268771284
8021,0.6457372673656013,0.26839102725897296,0.04293585268771284,0.04293585268771284
8022,0.6457372673656013,0.26839102725897296,0.04293585268771284,0.04293585268771284
8023,0.6457372673656013,0.26839102725897296,0.04293585268771284,0.04293585268771284
8024,0.6457372673656013,0.26839102725897296,0.04293585268771284,0.04293585268771284
8025,0.6457372673656013,0.26839102725897296,0.04293585268771284,0.04293585268771284
8026,0.6457372673656013,0.26839102725897296,0.04293585268771284,0.04293585268771284
8027,0.6457372673656013,0.26839102725897296,0.04293585268771284,0.04293585268771284
8028,0.6457372673656013,0.26839102725897296,0.04293585268771284,0.04293585268771284
8029,0.6457372673656013,0.26839102725897296,0.04293585268771284,0.04293585268771284
8030,0.6457372673656013,0.26839102725897296,0.04293585268771284,0.04293585268771284
8031,0.6457372673656013,0.26839102725897296,0.04293585268771284,0.04293585268771284
8032,0.6457372673656013,0.26839102725897296,0.04293585268771284,0.04293585268771284
8033,0.6457372673656013,0.26839102725897296,0.04293585268771284,0.04293585268771284
8034,0.6457372673656013,0.26839102725897296,0.04293585268771284,0.04293585268771284
8035,0.6457372673656013,0.26839102725897296,0.04293585268771284,0.04293585268771284
8036,0.6457372673656013,0.26839102725897296,0.04293585268771284,0.04293585268771284
8037,0.6457372673656013,0.26839102725897296,0.04293585268771284,0.04293585268771284
8038,0.6457372673656013,0.26839102725897296,0.04293585268771284,0.04293585268771284
8039,0.6457372673656013,0.26839102725897296,0.04293585268771284,0.04293585268771284
8040,0.6457372673656013,0.26839102725897296,0.04293585268771284,0.04293585268771284
8041,0.6457372673656013,0.26839102725897296,0.04293585268771284,0.04293585268771284
8042,0.6457372673656013,0.26839102725897296,0.04293585268771284,0.04293585268771284
8043,0.6457372673656013,0.26839102725897296,0.04293585268771284,0.04293585268771284
8044,0.6457372673656013,0.26839102725897296,0.04293585268771284,0.04293585268771284
8045,0.6457372673656013,0.26839102725897296,0.04293585268771284,0.04293585268771284
8046,0.6457372673656013,0.26839102725897296,0.04293585268771284,0.04293585268771284
8047,0.6457372673656013,0.26839102725897296,0.04293585268771284,0.04293585268771284
8048,0.6457372673656013,0.26839102725897296,0.04293585268771284,0.04293585268771284
8049,0.6457372673656013,0.26839102725897296,0.04293585268771284,0.04293585268771284
8050,0.6457372673656013,0.26839102725897296,0.04293585268771284,0.04293585268771284
8051,0.6457372673656013,0.26839102725897296,0.04293585268771284,0.04293585268771284
8052,0.6457372673656013,0.26839102725897296,0.04293585268771284,0.04293585268771284
8053,0.6457372673656013,0.26839102725897296,0.04293585268771284,0.04293585268771284
8054,0.6457372673656013,0.26839102725897296,0.04293585268771284,0.04293585268771284
8055,0.6457372673656013,0.26839102725897296,0.04293585268771284,0.04293585268771284
8056,0.6457372673656013,0.26839102725897296,0.04293585268771284,0.04293585268771284
8057,0.6457372673656013,0.26839102725897296,0.04293585268771284,0.04293585268771284
8058,0.6457372673656013,0.26839102725897296,0.04293585268771284,0.04293585268771284
8059,0.6457372673656013,0.26839102725897296,0.04293585268771284,0.04293585268771284
8060,0.6457372673656013,0.26839102725897296,0.04293585268771284,0.04293585268771284
8061,0.6457372673656013,0.26839102725897296,0.04293585268771284,0.04293585268771284
8062,0.6457372673656013,0.26839102725897296,0.04293585268771284,0.04293585268771284
8063,0.6457372673656013,0.26839102725897296,0.04293585268771284,0.04293585268771284
8064,0.6457372673656013,0.26839102725897296,0.04293585268771284,0.04293585268771284
8065,0.6457372673656013,0.26839102725897296,0.04293585268771284,0.04293585268771284
8066,0.6457372673656013,0.26839102725897296,0.04293585268771284,0.04293585268771284
8067,0.6457372673656013,0.26839102725897296,0.04293585268771284,0.04293585268771284
8068,0.6457372673656013,0.26839102725897296,0.04293585268771284,0.04293585268771284
8069,0.6457372673656013,0.26839102725897296,0.04293585268771284,0.04293585268771284
8070,0.6457372673656013,0.26839102725897296,0.04293585268771284,0.04293585268771284
8071,0.6457372673656013,0.26839102725897296,0.04293585268771284,0.04293585268771284
8072,0.6457372673656013,0.26839102725897296,0.04293585268771284,0.04293585268771284
8073,0.6457372673656013,0.26839102725897296,0.04293585268771284,0.04293585268771284
8074,0.6457372673656013,0.26839102725897296,0.04293585268771284,0.04293585268771284
8075,0.6457372673656013,0.26839102725897296,0.04293585268771284,0.04293585268771284
8076,0.6457372673656013,0.26839102725897296,0.04293585268771284,0.04293585268771284
8077,0.6457372673656013,0.26839102725897296,0.04293585268771284,0.04293585268771284
8078,0.6457372673656013,0.26839102725897296,0.04293585268771284,0.04293585268771284
8079,0.6457372673656013,0.26839102725897296,0.04293585268771284,0.04293585268771284
8080,0.6457372673656013,0.26839102725897296,0.04293585268771284,0.04293585268771284
8081,0.6457372673656013,0.26839102725897296,0.04293585268771284,0.04293585268771284
8082,0.6457372673656013,0.26839102725897296,0.04293585268771284,0.04293585268771284
8083,0.6457372673656013,0.26839102725897296,0.04293585268771284,0.04293585268771284
8084,0.6457372673656013,0.26839102725897296,0.04293585268771284,0.04293585268771284
8085,0.6457372673656013,0.26839102725897296,0.04293585268771284,0.04293585268771284
8086,0.6457372673656013,0.26839102725897296,0.04293585268771284,0.04293585268771284
8087,0.6457372673656013,0.26839102725897296,0.04293585268771284,0.04293585268771284
8088,0.6457372673656013,0.26839102725897296,0.04293585268771284,0.04293585268771284
8089,0.6457372673656013,0.26839102725897296,0.04293585268771284,0.04293585268771284
8090,0.6457372673656013,0.26839102725897296,0.04293585268771284,0.04293585268771284
8091,0.6457372673656013,0.26839102725897296,0.04293585268771284,0.04293585268771284
8092,0.6457372673656013,0.26839102725897296,0.04293585268771284,0.04293585268771284
8093,0.6457372673656013,0.26839102725897296,0.04293585268771284,0.04293585268771284
8094,0.6457372673656013,0.26839102725897296,0.04293585268771284,0.04293585268771284
8095,0.6457372673656013,0.26839102725897296,0.04293585268771284,0.04293585268771284
8096,0.6457372673656013,0.26839102725897296,0.04293585268771284,0.04293585268771284
8097,0.6457372673656013,0.26839102725897296,0.04293585268771284,0.04293585268771284
8098,0.6457372673656013,0.26839102725897296,0.04293585268771284,0.04293585268771284
8099,0.6457372673656013,0.26839102725897296,0.04293585268771284,0.04293585268771284
8100,0.5918737942494922,0.2919924306668926,0.07291274260865391,0.04322103247496127
8101,0.5918737942494922,0.2919924306668926,0.07291274260865391,0.04322103247496127
8102,0.5918737942494922,0.2919924306668926,0.07291274260865391,0.04322103247496127
8103,0.5918737942494922,0.2919924306668926,0.07291274260865391,0.04322103247496127
8104,0.5918737942494922,0.2919924306668926,0.07291274260865391,0.04322103247496127
8105,0.5918737942494922,0.2919924306668926,0.07291274260865391,0.04322103247496127
8106,0.5918737942494922,0.2919924306668926,0.07291274260865391,0.04322103247496127
8107,0.5918737942494922,0.2919924306668926,0.07291274260865391,0.04322103247496127
8108,0.5918737942494922,0.2919924306668926,0.07291274260865391,0.04322103247496127
8109,0.5918737942494922,0.2919924306668926,0.07291274260865391,0.04322103247496127
8110,0.5918737942494922,0.2919924306668926,0.07291274260865391,0.04322103247496127
8111,0.5918737942494922,0.2919924306668926,0.07291274260865391,0.04322103247496127
8112,0.5918737942494922,0.2919924306668926,0.07291274260865391,0.04322103247496127
8113,0.5918737942494922,0.2919924306668926,0.07291274260865391,0.04322103247496127
8114,0.5918737942494922,0.2919924306668926,0.07291274260865391,0.04322103247496127
8115,0.5918737942494922,0.2919924306668926,0.07291274260865391,0.04322103247496127
8116,0.5918737942494922,0.2919924306668926,0.07291274260865391,0.04322103247496127
8117,0.5918737942494922,0.2919924306668926,0.07291274260865391,0.04322103247496127
8118,0.5918737942494922,0.2919924306668926,0.07291274260865391,0.04322103247496127
8119,0.5918737942494922,0.2919924306668926,0.07291274260865391,0.04322103247496127
8120,0.5918737942494922,0.2919924306668926,0.07291274260865391,0.04322103247496127
8121,0.5918737942494922,0.2919924306668926,0.07291274260865391,0.04322103247496127
8122,0.5918737942494922,0.2919924306668926,0.07291274260865391,0.04322103247496127
8123,0.5918737942494922,0.2919924306668926,0.07291274260865391,0.04322103247496127
8124,0.5918737942494922,0.2919924306668926,0.07291274260865391,0.04322103247496127
8125,0.5918737942494922,0.2919924306668926,0.07291274260865391,0.04322103247496127
8126,0.5918737942494922,0.2919924306668926,0.07291274260865391,0.04322103247496127
8127,0.5918737942494922,0.2919924306668926,0.07291274260865391,0.04322103247496127
8128,0.5918737942494922,0.2919924306668926,0.07291274260865391,0.04322103247496127
8129,0.5918737942494922,0.2919924306668926,0.07291274260865391,0.04322103247496127
8130,0.5918737942494922,0.2919924306668926,0.07291274260865391,0.04322103247496127
8131,0.5918737942494922,0.2919924306668926,0.07291274260865391,0.04322103247496127
8132,0.5918737942494922,0.2919924306668926,0.07291274260865391,0.04322103247496127
8133,0.5918737942494922,0.2919924306668926,0.07291274260865391,0.04322103247496127
8134,0.5918737942494922,0.2919924306668926,0.07291274260865391,0.04322103247496127
8135,0.5918737942494922,0.2919924306668926,0.07291274260865391,0.04322103247496127
8136,0.5918737942494922,0.2919924306668926,0.07291274260865391,0.04322103247496127
8137,0.5918737942494922,0.2919924306668926,0.07291274260865391,0.04322103247496127
8138,0.5918737942494922,0.2919924306668926,0.07291274260865391,0.04322103247496127
8139,0.5918737942494922,0.2919924306668926,0.07291274260865391,0.04322103247496127
8140,0.5918737942494922,0.2919924306668926,0.07291274260865391,0.04322103247496127
8141,0.5918737942494922,0.2919924306668926,0.07291274260865391,0.04322103247496127
8142,0.5918737942494922,0.2919924306668926,0.07291274260865391,0.04322103247496127
8143,0.5918737942494922,0.2919924306668926,0.07291274260865391,0.04322103247496127
8144,0.5918737942494922,0.2919924306668926,0.07291274260865391,0.04322103247496127
8145,0.5918737942494922,0.2919924306668926,0.07291274260865391,0.04322103247496127
8146,0.5918737942494922,0.2919924306668926,0.07291274260865391,0.04322103247496127
8147,0.5918737942494922,0.2919924306668926,0.07291274260865391,0.04322103247496127
8148,0.5918737942494922,0.2919924306668926,0.07291274260865391,0.04322103247496127
8149,0.5918737942494922,0.2919924306668926,0.07291274260865391,0.04322103247496127
8150,0.5918737942494922,0.2919924306668926,0.07291274260865391,0.04322103247496127
8151,0.5918737942494922,0.2919924306668926,0.07291274260865391,0.04322103247496127
8152,0.5918737942494922,0.2919924306668926,0.07291274260865391,0.04322103247496127
8153,0.5918737942494922,0.2919924306668926,0.07291274260865391,0.04322103247496127
8154,0.5918737942494922,0.2919924306668926,0.07291274260865391,0.04322103247496127
8155,0.5918737942494922,0.2919924306668926,0.07291274260865391,0.04322103247496127
8156,0.5918737942494922,0.2919924306668926,0.07291274260865391,0.04322103247496127
8157,0.5918737942494922,0.2919924306668926,0.07291274260865391,0.04322103247496127
8158,0.5918737942494922,0.2919924306668926,0.07291274260865391,0.04322103247496127
8159,0.5918737942494922,0.2919924306668926,0.07291274260865391,0.04322103247496127
8160,0.5918737942494922,0.2919924306668926,0.07291274260865391,0.04322103247496127
8161,0.5918737942494922,0.2919924306668926,0.07291274260865391,0.04322103247496127
8162,0.5918737942494922,0.2919924306668926,0.07291274260865391,0.04322103247496127
8163,0.5918737942494922,0.2919924306668926,0.07291274260865391,0.04322103247496127
8164,0.5918737942494922,0.2919924306668926,0.07291274260865391,0.04322103247496127
8165,0.5918737942494922,0.2919924306668926,0.07291274260865391,0.04322103247496127
8166,0.5918737942494922,0.2919924306668926,0.07291274260865391,0.04322103247496127
8167,0.5918737942494922,0.2919924306668926,0.07291274260865391,0.04322103247496127
8168,0.5918737942494922,0.2919924306668926,0.07291274260865391,0.04322103247496127
8169,0.5918737942494922,0.2919924306668926,0.07291274260865391,0.04322103247496127
8170,0.5918737942494922,0.2919924306668926,0.07291274260865391,0.04322103247496127
8171,0.5918737942494922,0.2919924306668926,0.07291274260865391,0.04322103247496127
8172,0.5918737942494922,0.2919924306668926,0.07291274260865391,0.04322103247496127
8173,0.5918737942494922,0.2919924306668926,0.07291274260865391,0.04322103247496127
8174,0.5918737942494922,0.2919924306668926,0.07291274260865391,0.04322103247496127
8175,0.5918737942494922,0.2919924306668926,0.07291274260865391,0.04322103247496127
8176,0.5918737942494922,0.2919924306668926,0.07291274260865391,0.04322103247496127
8177,0.5918737942494922,0.2919924306668926,0.07291274260865391,0.04322103247496127
8178,0.5918737942494922,0.2919924306668926,0.07291274260865391,0.04322103247496127
8179,0.5918737942494922,0.2919924306668926,0.07291274260865391,0.04322103247496127
8180,0.5918737942494922,0.2919924306668926,0.07291274260865391,0.04322103247496127
8181,0.5918737942494922,0.2919924306668926,0.07291274260865391,0.04322103247496127
8182,0.5918737942494922,0.2919924306668926,0.07291274260865391,0.04322103247496127
8183,0.5918737942494922,0.2919924306668926,0.07291274260865391,0.04322103247496127
8184,0.5918737942494922,0.2919924306668926,0.07291274260865391,0.04322103247496127
8185,0.5918737942494922,0.2919924306668926,0.07291274260865391,0.04322103247496127
8186,0.5918737942494922,0.2919924306668926,0.07291274260865391,0.04322103247496127
8187,0.5918737942494922,0.2919924306668926,0.07291274260865391,0.04322103247496127
8188,0.5918737942494922,0.2919924306668926,0.07291274260865391,0.04322103247496127
8189,0.5918737942494922,0.2919924306668926,0.07291274260865391,0.04322103247496127
8190,0.5918737942494922,0.2919924306668926,0.07291274260865391,0.04322103247496127
8191,0.5918737942494922,0.2919924306668926,0.07291274260865391,0.04322103247496127
8192,0.5918737942494922,0.2919924306668926,0.07291274260865391,0.04322103247496127
8193,0.5918737942494922,0.2919924306668926,0.07291274260865391,0.04322103247496127
8194,0.5918737942494922,0.2919924306668926,0.07291274260865391,0.04322103247496127
8195,0.5918737942494922,0.2919924306668926,0.07291274260865391,0.04322103247496127
8196,0.5918737942494922,0.2919924306668926,0.07291274260865391,0.04322103247496127
8197,0.5918737942494922,0.2919924306668926,0.07291274260865391,0.04322103247496127
8198,0.5918737942494922,0.2919924306668926,0.07291274260865391,0.04322103247496127
8199,0.5918737942494922,0.2919924306668926,0.07291274260865391,0.04322103247496127
8200,0.5541181346959347,0.3102655795356938,0.09533346945487589,0.04028281631349549
8201,0.5541181346959347,0.3102655795356938,0.09533346945487589,0.04028281631349549
8202,0.5541181346959347,0.3102655795356938,0.09533346945487589,0.04028281631349549
8203,0.5541181346959347,0.3102655795356938,0.09533346945487589,0.04028281631349549
8204,0.5541181346959347,0.3102655795356938,0.09533346945487589,0.04028281631349549
8205,0.5541181346959347,0.3102655795356938,0.09533346945487589,0.04028281631349549
8206,0.5541181346959347,0.3102655795356938,0.09533346945487589,0.04028281631349549
8207,0.5541181346959347,0.3102655795356938,0.09533346945487589,0.04028281631349549
8208,0.5541181346959347,0.3102655795356938,0.09533346945487589,0.04028281631349549
8209,0.5541181346959347,0.3102655795356938,0.09533346945487589,0.04028281631349549
8210,0.5541181346959347,0.3102655795356938,0.09533346945487589,0.04028281631349549
8211,0.5541181346959347,0.3102655795356938,0.09533346945487589,0.04028281631349549
8212,0.5541181346959347,0.3102655795356938,0.09533346945487589,0.04028281631349549
8213,0.5541181346959347,0.3102655795356938,0.09533346945487589,0.04028281631349549
8214,0.5541181346959347,0.3102655795356938,0.09533346945487589,0.04028281631349549
8215,0.5541181346959347,0.3102655795356938,0.09533346945487589,0.04028281631349549
8216,0.5541181346959347,0.3102655795356938,0.09533346945487589,0.04028281631349549
8217,0.5541181346959347,0.3102655795356938,0.09533346945487589,0.04028281631349549
8218,0.5541181346959347,0.3102655795356938,0.09533346945487589,0.04028281631349549
8219,0.5541181346959347,0.3102655795356938,0.09533346945487589,0.04028281631349549
8220,0.5541181346959347,0.3102655795356938,0.09533346945487589,0.04028281631349549
8221,0.5541181346959347,0.3102655795356938,0.09533346945487589,0.04028281631349549
8222,0.5541181346959347,0.3102655795356938,0.09533346945487589,0.04028281631349549
8223,0.5541181346959347,0.3102655795356938,0.09533346945487589,0.04028281631349549
8224,0.5541181346959347,0.3102655795356938,0.09533346945487589,0.04028281631349549
8225,0.5541181346959347,0.3102655795356938,0.09533346945487589,0.04028281631349549
8226,0.5541181346959347,0.3102655795356938,0.09533346945487589,0.04028281631349549
8227,0.5541181346959347,0.3102655795356938,0.09533346945487589,0.04028281631349549
8228,0.5541181346959347,0.3102655795356938,0.09533346945487589,0.04028281631349549
8229,0.5541181346959347,0.3102655795356938,0.09533346945487589,0.04028281631349549
8230,0.5541181346959347,0.3102655795356938,0.09533346945487589,0.04028281631349549
8231,0.5541181346959347,0.3102655795356938,0.09533346945487589,0.04028281631349549
8232,0.5541181346959347,0.3102655795356938,0.09533346945487589,0.04028281631349549
8233,0.5541181346959347,0.3102655795356938,0.09533346945487589,0.04028281631349549
8234,0.5541181346959347,0.3102655795356938,0.09533346945487589,0.04028281631349549
8235,0.5541181346959347,0.3102655795356938,0.09533346945487589,0.04028281631349549
8236,0.5541181346959347,0.3102655795356938,0.09533346945487589,0.04028281631349549
8237,0.5541181346959347,0.3102655795356938,0.09533346945487589,0.04028281631349549
8238,0.5541181346959347,0.3102655795356938,0.09533346945487589,0.04028281631349549
8239,0.5541181346959347,0.3102655795356938,0.09533346945487589,0.04028281631349549
8240,0.5541181346959347,0.3102655795356938,0.09533346945487589,0.04028281631349549
8241,0.5541181346959347,0.3102655795356938,0.09533346945487589,0.04028281631349549
8242,0.5541181346959347,0.3102655795356938,0.09533346945487589,0.04028281631349549
8243,0.5541181346959347,0.3102655795356938,0.09533346945487589,0.04028281631349549
8244,0.5541181346959347,0.3102655795356938,0.09533346945487589,0.04028281631349549
8245,0.5541181346959347,0.3102655795356938,0.09533346945487589,0.04028281631349549
8246,0.5541181346959347,0.3102655795356938,0.09533346945487589,0.04028281631349549
8247,0.5541181346959347,0.3102655795356938,0.09533346945487589,0.04028281631349549
8248,0.5541181346959347,0.3102655795356938,0.09533346945487589,0.04028281631349549
8249,0.5541181346959347,0.3102655795356938,0.09533346945487589,0.04028281631349549
8250,0.5541181346959347,0.3102655795356938,0.09533346945487589,0.04028281631349549
8251,0.5541181346959347,0.3102655795356938,0.09533346945487589,0.04028281631349549
8252,0.5541181346959347,0.3102655795356938,0.09533346945487589,0.04028281631349549
8253,0.5541181346959347,0.3102655795356938,0.09533346945487589,0.04028281631349549
8254,0.5541181346959347,0.3102655795356938,0.09533346945487589,0.04028281631349549
8255,0.5541181346959347,0.3102655795356938,0.09533346945487589,0.04028281631349549
8256,0.5541181346959347,0.3102655795356938,0.09533346945487589,0.04028281631349549
8257,0.5541181346959347,0.3102655795356938,0.09533346945487589,0.04028281631349549
8258,0.5541181346959347,0.3102655795356938,0.09533346945487589,0.04028281631349549
8259,0.5541181346959347,0.3102655795356938,0.09533346945487589,0.04028281631349549
8260,0.5541181346959347,0.3102655795356938,0.09533346945487589,0.04028281631349549
8261,0.5541181346959347,0.3102655795356938,0.09533346945487589,0.04028281631349549
8262,0.5541181346959347,0.3102655795356938,0.09533346945487589,0.04028281631349549
8263,0.5541181346959347,0.3102655795356938,0.09533346945487589,0.04028281631349549
8264,0.5541181346959347,0.3102655795356938,0.09533346945487589,0.04028281631349549
8265,0.5541181346959347,0.3102655795356938,0.09533346945487589,0.04028281631349549
8266,0.5541181346959347,0.3102655795356938,0.09533346945487589,0.04028281631349549
8267,0.5541181346959347,0.3102655795356938,0.09533346945487589,0.04028281631349549
8268,0.5541181346959347,0.3102655795356938,0.09533346945487589,0.04028281631349549
8269,0.5541181346959347,0.3102655795356938,0.09533346945487589,0.04028281631349549
8270,0.5541181346959347,0.3102655795356938,0.09533346945487589,0.04028281631349549
8271,0.5541181346959347,0.3102655795356938,0.09533346945487589,0.04028281631349549
8272,0.5541181346959347,0.3102655795356938,0.09533346945487589,0.04028281631349549
8273,0.5541181346959347,0.3102655795356938,0.09533346945487589,0.04028281631349549
8274,0.5541181346959347,0.3102655795356938,0.09533346945487589,0.04028281631349549
8275,0.5541181346959347,0.3102655795356938,0.09533346945487589,0.04028281631349549
8276,0.5541181346959347,0.3102655795356938,0.09533346945487589,0.04028281631349549
8277,0.5541181346959347,0.3102655795356938,0.09533346945487589,0.04028281631349549
8278,0.5541181346959347,0.3102655795356938,0.09533346945487589,0.04028281631349549
8279,0.5541181346959347,0.3102655795356938,0.09533346945487589,0.04028281631349549
8280,0.5541181346959347,0.3102655795356938,0.09533346945487589,0.04028281631349549
8281,0.5541181346959347,0.3102655795356938,0.09533346945487589,0.04028281631349549
8282,0.5541181346959347,0.3102655795356938,0.09533346945487589,0.04028281631349549
8283,0.5541181346959347,0.3102655795356938,0.09533346945487589,0.04028281631349549
8284,0.5541181346959347,0.3102655795356938,0.09533346945487589,0.04028281631349549
8285,0.5541181346959347,0.3102655795356938,0.09533346945487589,0.04028281631349549
8286,0.5541181346959347,0.3102655795356938,0.09533346945487589,0.04028281631349549
8287,0.5541181346959347,0.3102655795356938,0.09533346945487589,0.04028281631349549
8288,0.5541181346959347,0.3102655795356938,0.09533346945487589,0.04028281631349549
8289,0.5541181346959347,0.3102655795356938,0.09533346945487589,0.04028281631349549
8290,0.5541181346959347,0.3102655795356938,0.09533346945487589,0.04028281631349549
8291,0.5541181346959347,0.3102655795356938,0.09533346945487589,0.04028281631349549
8292,0.5541181346959347,0.3102655795356938,0.09533346945487589,0.04028281631349549
8293,0.5541181346959347,0.3102655795356938,0.09533346945487589,0.04028281631349549
8294,0.5541181346959347,0.3102655795356938,0.09533346945487589,0.04028281631349549
8295,0.5541181346959347,0.3102655795356938,0.09533346945487589,0.04028281631349549
8296,0.5541181346959347,0.3102655795356938,0.09533346945487589,0.04028281631349549
8297,0.5541181346959347,0.3102655795356938,0.09533346945487589,0.04028281631349549
8298,0.5541181346959347,0.3102655795356938,0.09533346945487589,0.04028281631349549
8299,0.5541181346959347,0.3102655795356938,0.09533346945487589,0.04028281631349549
8300,0.5658028567056054,0.31865009989551046,0.06979191783918824,0.04575512555969574
8301,0.5658028567056054,0.31865009989551046,0.06979191783918824,0.04575512555969574
8302,0.5658028567056054,0.31865009989551046,0.06979191783918824,0.04575512555969574
8303,0.5658028567056054,0.31865009989551046,0.06979191783918824,0.04575512555969574
8304,0.5658028567056054,0.31865009989551046,0.06979191783918824,0.04575512555969574
8305,0.5658028567056054,0.31865009989551046,0.06979191783918824,0.04575512555969574
8306,0.5658028567056054,0.31865009989551046,0.06979191783918824,0.04575512555969574
8307,0.5658028567056054,0.31865009989551046,0.06979191783918824,0.04575512555969574
8308,0.5658028567056054,0.31865009989551046,0.06979191783918824,0.04575512555969574
8309,0.5658028567056054,0.31865009989551046,0.06979191783918824,0.04575512555969574
8310,0.5658028567056054,0.31865009989551046,0.06979191783918824,0.04575512555969574
8311,0.5658028567056054,0.31865009989551046,0.06979191783918824,0.04575512555969574
8312,0.5658028567056054,0.31865009989551046,0.06979191783918824,0.04575512555969574
8313,0.5658028567056054,0.31865009989551046,0.06979191783918824,0.04575512555969574
8314,0.5658028567056054,0.31865009989551046,0.06979191783918824,0.04575512555969574
8315,0.5658028567056054,0.31865009989551046,0.06979191783918824,0.04575512555969574
8316,0.5658028567056054,0.31865009989551046,0.06979191783918824,0.04575512555969574
8317,0.5658028567056054,0.31865009989551046,0.06979191783918824,0.04575512555969574
8318,0.5658028567056054,0.31865009989551046,0.06979191783918824,0.04575512555969574
8319,0.5658028567056054,0.31865009989551046,0.06979191783918824,0.04575512555969574
8320,0.5658028567056054,0.31865009989551046,0.06979191783918824,0.04575512555969574
8321,0.5658028567056054,0.31865009989551046,0.06979191783918824,0.04575512555969574
8322,0.5658028567056054,0.31865009989551046,0.06979191783918824,0.04575512555969574
8323,0.5658028567056054,0.31865009989551046,0.06979191783918824,0.04575512555969574
8324,0.5658028567056054,0.31865009989551046,0.06979191783918824,0.04575512555969574
8325,0.5658028567056054,0.31865009989551046,0.06979191783918824,0.04575512555969574
8326,0.5658028567056054,0.31865009989551046,0.06979191783918824,0.04575512555969574
8327,0.5658028567056054,0.31865009989551046,0.06979191783918824,0.04575512555969574
8328,0.5658028567056054,0.31865009989551046,0.06979191783918824,0.04575512555969574
8329,0.5658028567056054,0.31865009989551046,0.06979191783918824,0.04575512555969574
8330,0.5658028567056054,0.31865009989551046,0.06979191783918824,0.04575512555969574
8331,0.5658028567056054,0.31865009989551046,0.06979191783918824,0.04575512555969574
8332,0.5658028567056054,0.31865009989551046,0.06979191783918824,0.04575512555969574
8333,0.5658028567056054,0.31865009989551046,0.06979191783918824,0.04575512555969574
8334,0.5658028567056054,0.31865009989551046,0.06979191783918824,0.04575512555969574
8335,0.5658028567056054,0.31865009989551046,0.06979191783918824,0.04575512555969574
8336,0.5658028567056054,0.31865009989551046,0.06979191783918824,0.04575512555969574
8337,0.5658028567056054,0.31865009989551046,0.06979191783918824,0.04575512555969574
8338,0.5658028567056054,0.31865009989551046,0.06979191783918824,0.04575512555969574
8339,0.5658028567056054,0.31865009989551046,0.06979191783918824,0.04575512555969574
8340,0.5658028567056054,0.31865009989551046,0.06979191783918824,0.04575512555969574
8341,0.5658028567056054,0.31865009989551046,0.06979191783918824,0.04575512555969574
8342,0.5658028567056054,0.31865009989551046,0.06979191783918824,0.04575512555969574
8343,0.5658028567056054,0.31865009989551046,0.06979191783918824,0.04575512555969574
8344,0.5658028567056054,0.31865009989551046,0.06979191783918824,0.04575512555969574
8345,0.5658028567056054,0.31865009989551046,0.06979191783918824,0.04575512555969574
8346,0.5658028567056054,0.31865009989551046,0.06979191783918824,0.04575512555969574
8347,0.5658028567056054,0.31865009989551046,0.06979191783918824,0.04575512555969574
8348,0.5658028567056054,0.31865009989551046,0.06979191783918824,0.04575512555969574
8349,0.5658028567056054,0.31865009989551046,0.06979191783918824,0.04575512555969574
8350,0.5658028567056054,0.31865009989551046,0.06979191783918824,0.04575512555969574
8351,0.5658028567056054,0.31865009989551046,0.06979191783918824,0.04575512555969574
8352,0.5658028567056054,0.31865009989551046,0.06979191783918824,0.04575512555969574
8353,0.5658028567056054,0.31865009989551046,0.06979191783918824,0.04575512555969574
8354,0.5658028567056054,0.31865009989551046,0.06979191783918824,0.04575512555969574
8355,0.5658028567056054,0.31865009989551046,0.06979191783918824,0.04575512555969574
8356,0.5658028567056054,0.31865009989551046,0.06979191783918824,0.04575512555969574
8357,0.5658028567056054,0.31865009989551046,0.06979191783918824,0.04575512555969574
8358,0.5658028567056054,0.31865009989551046,0.06979191783918824,0.04575512555969574
8359,0.5658028567056054,0.31865009989551046,0.06979191783918824,0.04575512555969574
8360,0.5658028567056054,0.31865009989551046,0.06979191783918824,0.04575512555969574
8361,0.5658028567056054,0.31865009989551046,0.06979191783918824,0.04575512555969574
8362,0.5658028567056054,0.31865009989551046,0.06979191783918824,0.04575512555969574
8363,0.5658028567056054,0.31865009989551046,0.06979191783918824,0.04575512555969574
8364,0.5658028567056054,0.31865009989551046,0.06979191783918824,0.04575512555969574
8365,0.5658028567056054,0.31865009989551046,0.06979191783918824,0.04575512555969574
8366,0.5658028567056054,0.31865009989551046,0.06979191783918824,0.04575512555969574
8367,0.5658028567056054,0.31865009989551046,0.06979191783918824,0.04575512555969574
8368,0.5658028567056054,0.31865009989551046,0.06979191783918824,0.04575512555969574
8369,0.5658028567056054,0.31865009989551046,0.06979191783918824,0.04575512555969574
8370,0.5658028567056054,0.31865009989551046,0.06979191783918824,0.04575512555969574
8371,0.5658028567056054,0.31865009989551046,0.06979191783918824,0.04575512555969574
8372,0.5658028567056054,0.31865009989551046,0.06979191783918824,0.04575512555969574
8373,0.5658028567056054,0.31865009989551046,0.06979191783918824,0.04575512555969574
8374,0.5658028567056054,0.31865009989551046,0.06979191783918824,0.04575512555969574
8375,0.5658028567056054,0.31865009989551046,0.06979191783918824,0.04575512555969574
8376,0.5658028567056054,0.31865009989551046,0.06979191783918824,0.04575512555969574
8377,0.5658028567056054,0.31865009989551046,0.06979191783918824,0.04575512555969574
8378,0.5658028567056054,0.31865009989551046,0.06979191783918824,0.04575512555969574
8379,0.5658028567056054,0.31865009989551046,0.06979191783918824,0.04575512555969574
8380,0.5658028567056054,0.31865009989551046,0.06979191783918824,0.04575512555969574
8381,0.5658028567056054,0.31865009989551046,0.06979191783918824,0.04575512555969574
8382,0.5658028567056054,0.31865009989551046,0.06979191783918824,0.04575512555969574
8383,0.5658028567056054,0.31865009989551046,0.06979191783918824,0.04575512555969574
8384,0.5658028567056054,0.31865009989551046,0.06979191783918824,0.04575512555969574
8385,0.5658028567056054,0.31865009989551046,0.06979191783918824,0.04575512555969574
8386,0.5658028567056054,0.31865009989551046,0.06979191783918824,0.04575512555969574
8387,0.5658028567056054,0.31865009989551046,0.06979191783918824,0.04575512555969574
8388,0.5658028567056054,0.31865009989551046,0.06979191783918824,0.04575512555969574
8389,0.5658028567056054,0.31865009989551046,0.06979191783918824,0.04575512555969574
8390,0.5658028567056054,0.31865009989551046,0.06979191783918824,0.04575512555969574
8391,0.5658028567056054,0.31865009989551046,0.06979191783918824,0.04575512555969574
8392,0.5658028567056054,0.31865009989551046,0.06979191783918824,0.04575512555969574
8393,0.5658028567056054,0.31865009989551046,0.06979191783918824,0.04575512555969574
8394,0.5658028567056054,0.31865009989551046,0.06979191783918824,0.04575512555969574
8395,0.5658028567056054,0.31865009989551046,0.06979191783918824,0.04575512555969574
8396,0.5658028567056054,0.31865009989551046,0.06979191783918824,0.04575512555969574
8397,0.5658028567056054,0.31865009989551046,0.06979191783918824,0.04575512555969574
8398,0.5658028567056054,0.31865009989551046,0.06979191783918824,0.04575512555969574
8399,0.5658028567056054,0.31865009989551046,0.06979191783918824,0.04575512555969574
8400,0.5823161672922287,0.31584949634749854,0.053723717612921926,0.04811061874735085
8401,0.5823161672922287,0.31584949634749854,0.053723717612921926,0.04811061874735085
8402,0.5823161672922287,0.31584949634749854,0.053723717612921926,0.04811061874735085
8403,0.5823161672922287,0.31584949634749854,0.053723717612921926,0.04811061874735085
8404,0.5823161672922287,0.31584949634749854,0.053723717612921926,0.04811061874735085
8405,0.5823161672922287,0.31584949634749854,0.053723717612921926,0.04811061874735085
8406,0.5823161672922287,0.31584949634749854,0.053723717612921926,0.04811061874735085
8407,0.5823161672922287,0.31584949634749854,0.053723717612921926,0.04811061874735085
8408,0.5823161672922287,0.31584949634749854,0.053723717612921926,0.04811061874735085
8409,0.5823161672922287,0.31584949634749854,0.053723717612921926,0.04811061874735085
8410,0.5823161672922287,0.31584949634749854,0.053723717612921926,0.04811061874735085
8411,0.5823161672922287,0.31584949634749854,0.053723717612921926,0.04811061874735085
8412,0.5823161672922287,0.31584949634749854,0.053723717612921926,0.04811061874735085
8413,0.5823161672922287,0.31584949634749854,0.053723717612921926,0.04811061874735085
8414,0.5823161672922287,0.31584949634749854,0.053723717612921926,0.04811061874735085
8415,0.5823161672922287,0.31584949634749854,0.053723717612921926,0.04811061874735085
8416,0.5823161672922287,0.31584949634749854,0.053723717612921926,0.04811061874735085
8417,0.5823161672922287,0.31584949634749854,0.053723717612921926,0.04811061874735085
8418,0.5823161672922287,0.31584949634749854,0.053723717612921926,0.04811061874735085
8419,0.5823161672922287,0.31584949634749854,0.053723717612921926,0.04811061874735085
8420,0.5823161672922287,0.31584949634749854,0.053723717612921926,0.04811061874735085
8421,0.5823161672922287,0.31584949634749854,0.053723717612921926,0.04811061874735085
8422,0.5823161672922287,0.31584949634749854,0.053723717612921926,0.04811061874735085
8423,0.5823161672922287,0.31584949634749854,0.053723717612921926,0.04811061874735085
8424,0.5823161672922287,0.31584949634749854,0.053723717612921926,0.04811061874735085
8425,0.5823161672922287,0.31584949634749854,0.053723717612921926,0.04811061874735085
8426,0.5823161672922287,0.31584949634749854,0.053723717612921926,0.04811061874735085
8427,0.5823161672922287,0.31584949634749854,0.053723717612921926,0.04811061874735085
8428,0.5823161672922287,0.31584949634749854,0.053723717612921926,0.04811061874735085
8429,0.5823161672922287,0.31584949634749854,0.053723717612921926,0.04811061874735085
8430,0.5823161672922287,0.31584949634749854,0.053723717612921926,0.04811061874735085
8431,0.5823161672922287,0.31584949634749854,0.053723717612921926,0.04811061874735085
8432,0.5823161672922287,0.31584949634749854,0.053723717612921926,0.04811061874735085
8433,0.5823161672922287,0.31584949634749854,0.053723717612921926,0.04811061874735085
8434,0.5823161672922287,0.31584949634749854,0.053723717612921926,0.04811061874735085
8435,0.5823161672922287,0.31584949634749854,0.053723717612921926,0.04811061874735085
8436,0.5823161672922287,0.31584949634749854,0.053723717612921926,0.04811061874735085
8437,0.5823161672922287,0.31584949634749854,0.053723717612921926,0.04811061874735085
8438,0.5823161672922287,0.31584949634749854,0.053723717612921926,0.04811061874735085
8439,0.5823161672922287,0.31584949634749854,0.053723717612921926,0.04811061874735085
8440,0.5823161672922287,0.31584949634749854,0.053723717612921926,0.04811061874735085
8441,0.5823161672922287,0.31584949634749854,0.053723717612921926,0.04811061874735085
8442,0.5823161672922287,0.31584949634749854,0.053723717612921926,0.04811061874735085
8443,0.5823161672922287,0.31584949634749854,0.053723717612921926,0.04811061874735085
8444,0.5823161672922287,0.31584949634749854,0.053723717612921926,0.04811061874735085
8445,0.5823161672922287,0.31584949634749854,0.053723717612921926,0.04811061874735085
8446,0.5823161672922287,0.31584949634749854,0.053723717612921926,0.04811061874735085
8447,0.5823161672922287,0.31584949634749854,0.053723717612921926,0.04811061874735085
8448,0.5823161672922287,0.31584949634749854,0.053723717612921926,0.04811061874735085
8449,0.5823161672922287,0.31584949634749854,0.053723717612921926,0.04811061874735085
8450,0.5823161672922287,0.31584949634749854,0.053723717612921926,0.04811061874735085
8451,0.5823161672922287,0.31584949634749854,0.053723717612921926,0.04811061874735085
8452,0.5823161672922287,0.31584949634749854,0.053723717612921926,0.04811061874735085
8453,0.5823161672922287,0.31584949634749854,0.053723717612921926,0.04811061874735085
8454,0.5823161672922287,0.31584949634749854,0.053723717612921926,0.04811061874735085
8455,0.5823161672922287,0.31584949634749854,0.053723717612921926,0.04811061874735085
8456,0.5823161672922287,0.31584949634749854,0.053723717612921926,0.04811061874735085
8457,0.5823161672922287,0.31584949634749854,0.053723717612921926,0.04811061874735085
8458,0.5823161672922287,0.31584949634749854,0.053723717612921926,0.04811061874735085
8459,0.5823161672922287,0.31584949634749854,0.053723717612921926,0.04811061874735085
8460,0.5823161672922287,0.31584949634749854,0.053723717612921926,0.04811061874735085
8461,0.5823161672922287,0.31584949634749854,0.053723717612921926,0.04811061874735085
8462,0.5823161672922287,0.31584949634749854,0.053723717612921926,0.04811061874735085
8463,0.5823161672922287,0.31584949634749854,0.053723717612921926,0.04811061874735085
8464,0.5823161672922287,0.31584949634749854,0.053723717612921926,0.04811061874735085
8465,0.5823161672922287,0.31584949634749854,0.053723717612921926,0.04811061874735085
8466,0.5823161672922287,0.31584949634749854,0.053723717612921926,0.04811061874735085
8467,0.5823161672922287,0.31584949634749854,0.053723717612921926,0.04811061874735085
8468,0.5823161672922287,0.31584949634749854,0.053723717612921926,0.04811061874735085
8469,0.5823161672922287,0.31584949634749854,0.053723717612921926,0.04811061874735085
8470,0.5823161672922287,0.31584949634749854,0.053723717612921926,0.04811061874735085
8471,0.5823161672922287,0.31584949634749854,0.053723717612921926,0.04811061874735085
8472,0.5823161672922287,0.31584949634749854,0.053723717612921926,0.04811061874735085
8473,0.5823161672922287,0.31584949634749854,0.053723717612921926,0.04811061874735085
8474,0.5823161672922287,0.31584949634749854,0.053723717612921926,0.04811061874735085
8475,0.5823161672922287,0.31584949634749854,0.053723717612921926,0.04811061874735085
8476,0.5823161672922287,0.31584949634749854,0.053723717612921926,0.04811061874735085
8477,0.5823161672922287,0.31584949634749854,0.053723717612921926,0.04811061874735085
8478,0.5823161672922287,0.31584949634749854,0.053723717612921926,0.04811061874735085
8479,0.5823161672922287,0.31584949634749854,0.053723717612921926,0.04811061874735085
8480,0.5823161672922287,0.31584949634749854,0.053723717612921926,0.04811061874735085
8481,0.5823161672922287,0.31584949634749854,0.053723717612921926,0.04811061874735085
8482,0.5823161672922287,0.31584949634749854,0.053723717612921926,0.04811061874735085
8483,0.5823161672922287,0.31584949634749854,0.053723717612921926,0.04811061874735085
8484,0.5823161672922287,0.31584949634749854,0.053723717612921926,0.04811061874735085
8485,0.5823161672922287,0.31584949634749854,0.053723717612921926,0.04811061874735085
8486,0.5823161672922287,0.31584949634749854,0.053723717612921926,0.04811061874735085
8487,0.5823161672922287,0.31584949634749854,0.053723717612921926,0.04811061874735085
8488,0.5823161672922287,0.31584949634749854,0.053723717612921926,0.04811061874735085
8489,0.5823161672922287,0.31584949634749854,0.053723717612921926,0.04811061874735085
8490,0.5823161672922287,0.31584949634749854,0.053723717612921926,0.04811061874735085
8491,0.5823161672922287,0.31584949634749854,0.053723717612921926,0.04811061874735085
8492,0.5823161672922287,0.31584949634749854,0.053723717612921926,0.04811061874735085
8493,0.5823161672922287,0.31584949634749854,0.053723717612921926,0.04811061874735085
8494,0.5823161672922287,0.31584949634749854,0.053723717612921926,0.04811061874735085
8495,0.5823161672922287,0.31584949634749854,0.053723717612921926,0.04811061874735085
8496,0.5823161672922287,0.31584949634749854,0.053723717612921926,0.04811061874735085
8497,0.5823161672922287,0.31584949634749854,0.053723717612921926,0.04811061874735085
8498,0.5823161672922287,0.31584949634749854,0.053723717612921926,0.04811061874735085
8499,0.5823161672922287,0.31584949634749854,0.053723717612921926,0.04811061874735085
8500,0.5678785579077361,0.3233302658340971,0.0640397094280255,0.04475146683014124
8501,0.5678785579077361,0.3233302658340971,0.0640397094280255,0.04475146683014124
8502,0.5678785579077361,0.3233302658340971,0.0640397094280255,0.04475146683014124
8503,0.5678785579077361,0.3233302658340971,0.0640397094280255,0.04475146683014124
8504,0.5678785579077361,0.3233302658340971,0.0640397094280255,0.04475146683014124
8505,0.5678785579077361,0.3233302658340971,0.0640397094280255,0.04475146683014124
8506,0.5678785579077361,0.3233302658340971,0.0640397094280255,0.04475146683014124
8507,0.5678785579077361,0.3233302658340971,0.0640397094280255,0.04475146683014124
8508,0.5678785579077361,0.3233302658340971,0.0640397094280255,0.04475146683014124
8509,0.5678785579077361,0.3233302658340971,0.0640397094280255,0.04475146683014124
8510,0.5678785579077361,0.3233302658340971,0.0640397094280255,0.04475146683014124
8511,0.5678785579077361,0.3233302658340971,0.0640397094280255,0.04475146683014124
8512,0.5678785579077361,0.3233302658340971,0.0640397094280255,0.04475146683014124
8513,0.5678785579077361,0.3233302658340971,0.0640397094280255,0.04475146683014124
8514,0.5678785579077361,0.3233302658340971,0.0640397094280255,0.04475146683014124
8515,0.5678785579077361,0.3233302658340971,0.0640397094280255,0.04475146683014124
8516,0.5678785579077361,0.3233302658340971,0.0640397094280255,0.04475146683014124
8517,0.5678785579077361,0.3233302658340971,0.0640397094280255,0.04475146683014124
8518,0.5678785579077361,0.3233302658340971,0.0640397094280255,0.04475146683014124
8519,0.5678785579077361,0.3233302658340971,0.0640397094280255,0.04475146683014124
8520,0.5678785579077361,0.3233302658340971,0.0640397094280255,0.04475146683014124
8521,0.5678785579077361,0.3233302658340971,0.0640397094280255,0.04475146683014124
8522,0.5678785579077361,0.3233302658340971,0.0640397094280255,0.04475146683014124
8523,0.5678785579077361,0.3233302658340971,0.0640397094280255,0.04475146683014124
8524,0.5678785579077361,0.3233302658340971,0.0640397094280255,0.04475146683014124
8525,0.5678785579077361,0.3233302658340971,0.0640397094280255,0.04475146683014124
8526,0.5678785579077361,0.3233302658340971,0.0640397094280255,0.04475146683014124
8527,0.5678785579077361,0.3233302658340971,0.0640397094280255,0.04475146683014124
8528,0.5678785579077361,0.3233302658340971,0.0640397094280255,0.04475146683014124
8529,0.5678785579077361,0.3233302658340971,0.0640397094280255,0.04475146683014124
8530,0.5678785579077361,0.3233302658340971,0.0640397094280255,0.04475146683014124
8531,0.5678785579077361,0.3233302658340971,0.0640397094280255,0.04475146683014124
8532,0.5678785579077361,0.3233302658340971,0.0640397094280255,0.04475146683014124
8533,0.5678785579077361,0.3233302658340971,0.0640397094280255,0.04475146683014124
8534,0.5678785579077361,0.3233302658340971,0.0640397094280255,0.04475146683014124
8535,0.5678785579077361,0.3233302658340971,0.0640397094280255,0.04475146683014124
8536,0.5678785579077361,0.3233302658340971,0.0640397094280255,0.04475146683014124
8537,0.5678785579077361,0.3233302658340971,0.0640397094280255,0.04475146683014124
8538,0.5678785579077361,0.3233302658340971,0.0640397094280255,0.04475146683014124
8539,0.5678785579077361,0.3233302658340971,0.0640397094280255,0.04475146683014124
8540,0.5678785579077361,0.3233302658340971,0.0640397094280255,0.04475146683014124
8541,0.5678785579077361,0.3233302658340971,0.0640397094280255,0.04475146683014124
8542,0.5678785579077361,0.3233302658340971,0.0640397094280255,0.04475146683014124
8543,0.5678785579077361,0.3233302658340971,0.0640397094280255,0.04475146683014124
8544,0.5678785579077361,0.3233302658340971,0.0640397094280255,0.04475146683014124
8545,0.5678785579077361,0.3233302658340971,0.0640397094280255,0.04475146683014124
8546,0.5678785579077361,0.3233302658340971,0.0640397094280255,0.04475146683014124
8547,0.5678785579077361,0.3233302658340971,0.0640397094280255,0.04475146683014124
8548,0.5678785579077361,0.3233302658340971,0.0640397094280255,0.04475146683014124
8549,0.5678785579077361,0.3233302658340971,0.0640397094280255,0.04475146683014124
8550,0.5678785579077361,0.3233302658340971,0.0640397094280255,0.04475146683014124
8551,0.5678785579077361,0.3233302658340971,0.0640397094280255,0.04475146683014124
8552,0.5678785579077361,0.3233302658340971,0.0640397094280255,0.04475146683014124
8553,0.5678785579077361,0.3233302658340971,0.0640397094280255,0.04475146683014124
8554,0.5678785579077361,0.3233302658340971,0.0640397094280255,0.04475146683014124
8555,0.5678785579077361,0.3233302658340971,0.0640397094280255,0.04475146683014124
8556,0.5678785579077361,0.3233302658340971,0.0640397094280255,0.04475146683014124
8557,0.5678785579077361,0.3233302658340971,0.0640397094280255,0.04475146683014124
8558,0.5678785579077361,0.3233302658340971,0.0640397094280255,0.04475146683014124
8559,0.5678785579077361,0.3233302658340971,0.0640397094280255,0.04475146683014124
8560,0.5678785579077361,0.3233302658340971,0.0640397094280255,0.04475146683014124
8561,0.5678785579077361,0.3233302658340971,0.0640397094280255,0.04475146683014124
8562,0.5678785579077361,0.3233302658340971,0.0640397094280255,0.04475146683014124
8563,0.5678785579077361,0.3233302658340971,0.0640397094280255,0.04475146683014124
8564,0.5678785579077361,0.3233302658340971,0.0640397094280255,0.04475146683014124
8565,0.5678785579077361,0.3233302658340971,0.0640397094280255,0.04475146683014124
8566,0.5678785579077361,0.3233302658340971,0.0640397094280255,0.04475146683014124
8567,0.5678785579077361,0.3233302658340971,0.0640397094280255,0.04475146683014124
8568,0.5678785579077361,0.3233302658340971,0.0640397094280255,0.04475146683014124
8569,0.5678785579077361,0.3233302658340971,0.0640397094280255,0.04475146683014124
8570,0.5678785579077361,0.3233302658340971,0.0640397094280255,0.04475146683014124
8571,0.5678785579077361,0.3233302658340971,0.0640397094280255,0.04475146683014124
8572,0.5678785579077361,0.3233302658340971,0.0640397094280255,0.04475146683014124
8573,0.5678785579077361,0.3233302658340971,0.0640397094280255,0.04475146683014124
8574,0.5678785579077361,0.3233302658340971,0.0640397094280255,0.04475146683014124
8575,0.5678785579077361,0.3233302658340971,0.0640397094280255,0.04475146683014124
8576,0.5678785579077361,0.3233302658340971,0.0640397094280255,0.04475146683014124
8577,0.5678785579077361,0.3233302658340971,0.0640397094280255,0.04475146683014124
8578,0.5678785579077361,0.3233302658340971,0.0640397094280255,0.04475146683014124
8579,0.5678785579077361,0.3233302658340971,0.0640397094280255,0.04475146683014124
8580,0.5678785579077361,0.3233302658340971,0.0640397094280255,0.04475146683014124
8581,0.5678785579077361,0.3233302658340971,0.0640397094280255,0.04475146683014124
8582,0.5678785579077361,0.3233302658340971,0.0640397094280255,0.04475146683014124
8583,0.5678785579077361,0.3233302658340971,0.0640397094280255,0.04475146683014124
8584,0.5678785579077361,0.3233302658340971,0.0640397094280255,0.04475146683014124
8585,0.5678785579077361,0.3233302658340971,0.0640397094280255,0.04475146683014124
8586,0.5678785579077361,0.3233302658340971,0.0640397094280255,0.04475146683014124
8587,0.5678785579077361,0.3233302658340971,0.0640397094280255,0.04475146683014124
8588,0.5678785579077361,0.3233302658340971,0.0640397094280255,0.04475146683014124
8589,0.5678785579077361,0.3233302658340971,0.0640397094280255,0.04475146683014124
8590,0.5678785579077361,0.3233302658340971,0.0640397094280255,0.04475146683014124
8591,0.5678785579077361,0.3233302658340971,0.0640397094280255,0.04475146683014124
8592,0.5678785579077361,0.3233302658340971,0.0640397094280255,0.04475146683014124
8593,0.5678785579077361,0.3233302658340971,0.0640397094280255,0.04475146683014124
8594,0.5678785579077361,0.3233302658340971,0.0640397094280255,0.04475146683014124
8595,0.5678785579077361,0.3233302658340971,0.0640397094280255,0.04475146683014124
8596,0.5678785579077361,0.3233302658340971,0.0640397094280255,0.04475146683014124
8597,0.5678785579077361,0.3233302658340971,0.0640397094280255,0.04475146683014124
8598,0.5678785579077361,0.3233302658340971,0.0640397094280255,0.04475146683014124
8599,0.5678785579077361,0.3233302658340971,0.0640397094280255,0.04475146683014124
8600,0.5471440480931714,0.3651776037552986,0.04437260022275403,0.043305747928775916
8601,0.5471440480931714,0.3651776037552986,0.04437260022275403,0.043305747928775916
8602,0.5471440480931714,0.3651776037552986,0.04437260022275403,0.043305747928775916
8603,0.5471440480931714,0.3651776037552986,0.04437260022275403,0.043305747928775916
8604,0.5471440480931714,0.3651776037552986,0.04437260022275403,0.043305747928775916
8605,0.5471440480931714,0.3651776037552986,0.04437260022275403,0.043305747928775916
8606,0.5471440480931714,0.3651776037552986,0.04437260022275403,0.043305747928775916
8607,0.5471440480931714,0.3651776037552986,0.04437260022275403,0.043305747928775916
8608,0.5471440480931714,0.3651776037552986,0.04437260022275403,0.043305747928775916
8609,0.5471440480931714,0.3651776037552986,0.04437260022275403,0.043305747928775916
8610,0.5471440480931714,0.3651776037552986,0.04437260022275403,0.043305747928775916
8611,0.5471440480931714,0.3651776037552986,0.04437260022275403,0.043305747928775916
8612,0.5471440480931714,0.3651776037552986,0.04437260022275403,0.043305747928775916
8613,0.5471440480931714,0.3651776037552986,0.04437260022275403,0.043305747928775916
8614,0.5471440480931714,0.3651776037552986,0.04437260022275403,0.043305747928775916
8615,0.5471440480931714,0.3651776037552986,0.04437260022275403,0.043305747928775916
8616,0.5471440480931714,0.3651776037552986,0.04437260022275403,0.043305747928775916
8617,0.5471440480931714,0.3651776037552986,0.04437260022275403,0.043305747928775916
8618,0.5471440480931714,0.3651776037552986,0.04437260022275403,0.043305747928775916
8619,0.5471440480931714,0.3651776037552986,0.04437260022275403,0.043305747928775916
8620,0.5471440480931714,0.3651776037552986,0.04437260022275403,0.043305747928775916
8621,0.5471440480931714,0.3651776037552986,0.04437260022275403,0.043305747928775916
8622,0.5471440480931714,0.3651776037552986,0.04437260022275403,0.043305747928775916
8623,0.5471440480931714,0.3651776037552986,0.04437260022275403,0.043305747928775916
8624,0.5471440480931714,0.3651776037552986,0.04437260022275403,0.043305747928775916
8625,0.5471440480931714,0.3651776037552986,0.04437260022275403,0.043305747928775916
8626,0.5471440480931714,0.3651776037552986,0.04437260022275403,0.043305747928775916
8627,0.5471440480931714,0.3651776037552986,0.04437260022275403,0.043305747928775916
8628,0.5471440480931714,0.3651776037552986,0.04437260022275403,0.043305747928775916
8629,0.5471440480931714,0.3651776037552986,0.04437260022275403,0.043305747928775916
8630,0.5471440480931714,0.3651776037552986,0.04437260022275403,0.043305747928775916
8631,0.5471440480931714,0.3651776037552986,0.04437260022275403,0.043305747928775916
8632,0.5471440480931714,0.3651776037552986,0.04437260022275403,0.043305747928775916
8633,0.5471440480931714,0.3651776037552986,0.04437260022275403,0.043305747928775916
8634,0.5471440480931714,0.3651776037552986,0.04437260022275403,0.043305747928775916
8635,0.5471440480931714,0.3651776037552986,0.04437260022275403,0.043305747928775916
8636,0.5471440480931714,0.3651776037552986,0.04437260022275403,0.043305747928775916
8637,0.5471440480931714,0.3651776037552986,0.04437260022275403,0.043305747928775916
8638,0.5471440480931714,0.3651776037552986,0.04437260022275403,0.043305747928775916
8639,0.5471440480931714,0.3651776037552986,0.04437260022275403,0.043305747928775916
8640,0.5471440480931714,0.3651776037552986,0.04437260022275403,0.043305747928775916
8641,0.5471440480931714,0.3651776037552986,0.04437260022275403,0.043305747928775916
8642,0.5471440480931714,0.3651776037552986,0.04437260022275403,0.043305747928775916
8643,0.5471440480931714,0.3651776037552986,0.04437260022275403,0.043305747928775916
8644,0.5471440480931714,0.3651776037552986,0.04437260022275403,0.043305747928775916
8645,0.5471440480931714,0.3651776037552986,0.04437260022275403,0.043305747928775916
8646,0.5471440480931714,0.3651776037552986,0.04437260022275403,0.043305747928775916
8647,0.5471440480931714,0.3651776037552986,0.04437260022275403,0.043305747928775916
8648,0.5471440480931714,0.3651776037552986,0.04437260022275403,0.043305747928775916
8649,0.5471440480931714,0.3651776037552986,0.04437260022275403,0.043305747928775916
8650,0.5471440480931714,0.3651776037552986,0.04437260022275403,0.043305747928775916
8651,0.5471440480931714,0.3651776037552986,0.04437260022275403,0.043305747928775916
8652,0.5471440480931714,0.3651776037552986,0.04437260022275403,0.043305747928775916
8653,0.5471440480931714,0.3651776037552986,0.04437260022275403,0.043305747928775916
8654,0.5471440480931714,0.3651776037552986,0.04437260022275403,0.043305747928775916
8655,0.5471440480931714,0.3651776037552986,0.04437260022275403,0.043305747928775916
8656,0.5471440480931714,0.3651776037552986,0.04437260022275403,0.043305747928775916
8657,0.5471440480931714,0.3651776037552986,0.04437260022275403,0.043305747928775916
8658,0.5471440480931714,0.3651776037552986,0.04437260022275403,0.043305747928775916
8659,0.5471440480931714,0.3651776037552986,0.04437260022275403,0.043305747928775916
8660,0.5471440480931714,0.3651776037552986,0.04437260022275403,0.043305747928775916
8661,0.5471440480931714,0.3651776037552986,0.04437260022275403,0.043305747928775916
8662,0.5471440480931714,0.3651776037552986,0.04437260022275403,0.043305747928775916
8663,0.5471440480931714,0.3651776037552986,0.04437260022275403,0.043305747928775916
8664,0.5471440480931714,0.3651776037552986,0.04437260022275403,0.043305747928775916
8665,0.5471440480931714,0.3651776037552986,0.04437260022275403,0.043305747928775916
8666,0.5471440480931714,0.3651776037552986,0.04437260022275403,0.043305747928775916
8667,0.5471440480931714,0.3651776037552986,0.04437260022275403,0.043305747928775916
8668,0.5471440480931714,0.3651776037552986,0.04437260022275403,0.043305747928775916
8669,0.5471440480931714,0.3651776037552986,0.04437260022275403,0.043305747928775916
8670,0.5471440480931714,0.3651776037552986,0.04437260022275403,0.043305747928775916
8671,0.5471440480931714,0.3651776037552986,0.04437260022275403,0.043305747928775916
8672,0.5471440480931714,0.3651776037552986,0.04437260022275403,0.043305747928775916
8673,0.5471440480931714,0.3651776037552986,0.04437260022275403,0.043305747928775916
8674,0.5471440480931714,0.3651776037552986,0.04437260022275403,0.043305747928775916
8675,0.5471440480931714,0.3651776037552986,0.04437260022275403,0.043305747928775916
8676,0.5471440480931714,0.3651776037552986,0.04437260022275403,0.043305747928775916
8677,0.5471440480931714,0.3651776037552986,0.04437260022275403,0.043305747928775916
8678,0.5471440480931714,0.3651776037552986,0.04437260022275403,0.043305747928775916
8679,0.5471440480931714,0.3651776037552986,0.04437260022275403,0.043305747928775916
8680,0.5471440480931714,0.3651776037552986,0.04437260022275403,0.043305747928775916
8681,0.5471440480931714,0.3651776037552986,0.04437260022275403,0.043305747928775916
8682,0.5471440480931714,0.3651776037552986,0.04437260022275403,0.043305747928775916
8683,0.5471440480931714,0.3651776037552986,0.04437260022275403,0.043305747928775916
8684,0.5471440480931714,0.3651776037552986,0.04437260022275403,0.043305747928775916
8685,0.5471440480931714,0.3651776037552986,0.04437260022275403,0.043305747928775916
8686,0.5471440480931714,0.3651776037552986,0.04437260022275403,0.043305747928775916
8687,0.5471440480931714,0.3651776037552986,0.04437260022275403,0.043305747928775916
8688,0.5471440480931714,0.3651776037552986,0.04437260022275403,0.043305747928775916
8689,0.5471440480931714,0.3651776037552986,0.04437260022275403,0.043305747928775916
8690,0.5471440480931714,0.3651776037552986,0.04437260022275403,0.043305747928775916
8691,0.5471440480931714,0.3651776037552986,0.04437260022275403,0.043305747928775916
8692,0.5471440480931714,0.3651776037552986,0.04437260022275403,0.043305747928775916
8693,0.5471440480931714,0.3651776037552986,0.04437260022275403,0.043305747928775916
8694,0.5471440480931714,0.3651776037552986,0.04437260022275403,0.043305747928775916
8695,0.5471440480931714,0.3651776037552986,0.04437260022275403,0.043305747928775916
8696,0.5471440480931714,0.3651776037552986,0.04437260022275403,0.043305747928775916
8697,0.5471440480931714,0.3651776037552986,0.04437260022275403,0.043305747928775916
8698,0.5471440480931714,0.3651776037552986,0.04437260022275403,0.043305747928775916
8699,0.5471440480931714,0.3651776037552986,0.04437260022275403,0.043305747928775916
8700,0.5088148101382427,0.2659629234394611,0.18577852195268085,0.039443744469615384
8701,0.5088148101382427,0.2659629234394611,0.18577852195268085,0.039443744469615384
8702,0.5088148101382427,0.2659629234394611,0.18577852195268085,0.039443744469615384
8703,0.5088148101382427,0.2659629234394611,0.18577852195268085,0.039443744469615384
8704,0.5088148101382427,0.2659629234394611,0.18577852195268085,0.039443744469615384
8705,0.5088148101382427,0.2659629234394611,0.18577852195268085,0.039443744469615384
8706,0.5088148101382427,0.2659629234394611,0.18577852195268085,0.039443744469615384
8707,0.5088148101382427,0.2659629234394611,0.18577852195268085,0.039443744469615384
8708,0.5088148101382427,0.2659629234394611,0.18577852195268085,0.039443744469615384
8709,0.5088148101382427,0.2659629234394611,0.18577852195268085,0.039443744469615384
8710,0.5088148101382427,0.2659629234394611,0.18577852195268085,0.039443744469615384
8711,0.5088148101382427,0.2659629234394611,0.18577852195268085,0.039443744469615384
8712,0.5088148101382427,0.2659629234394611,0.18577852195268085,0.039443744469615384
8713,0.5088148101382427,0.2659629234394611,0.18577852195268085,0.039443744469615384
8714,0.5088148101382427,0.2659629234394611,0.18577852195268085,0.039443744469615384
8715,0.5088148101382427,0.2659629234394611,0.18577852195268085,0.039443744469615384
8716,0.5088148101382427,0.2659629234394611,0.18577852195268085,0.039443744469615384
8717,0.5088148101382427,0.2659629234394611,0.18577852195268085,0.039443744469615384
8718,0.5088148101382427,0.2659629234394611,0.18577852195268085,0.039443744469615384
8719,0.5088148101382427,0.2659629234394611,0.18577852195268085,0.039443744469615384
8720,0.5088148101382427,0.2659629234394611,0.18577852195268085,0.039443744469615384
8721,0.5088148101382427,0.2659629234394611,0.18577852195268085,0.039443744469615384
8722,0.5088148101382427,0.2659629234394611,0.18577852195268085,0.039443744469615384
8723,0.5088148101382427,0.2659629234394611,0.18577852195268085,0.039443744469615384
8724,0.5088148101382427,0.2659629234394611,0.18577852195268085,0.039443744469615384
8725,0.5088148101382427,0.2659629234394611,0.18577852195268085,0.039443744469615384
8726,0.5088148101382427,0.2659629234394611,0.18577852195268085,0.039443744469615384
8727,0.5088148101382427,0.2659629234394611,0.18577852195268085,0.039443744469615384
8728,0.5088148101382427,0.2659629234394611,0.18577852195268085,0.039443744469615384
8729,0.5088148101382427,0.2659629234394611,0.18577852195268085,0.039443744469615384
8730,0.5088148101382427,0.2659629234394611,0.18577852195268085,0.039443744469615384
8731,0.5088148101382427,0.2659629234394611,0.18577852195268085,0.039443744469615384
8732,0.5088148101382427,0.2659629234394611,0.18577852195268085,0.039443744469615384
8733,0.5088148101382427,0.2659629234394611,0.18577852195268085,0.039443744469615384
8734,0.5088148101382427,0.2659629234394611,0.18577852195268085,0.039443744469615384
8735,0.5088148101382427,0.2659629234394611,0.18577852195268085,0.039443744469615384
8736,0.5088148101382427,0.2659629234394611,0.18577852195268085,0.039443744469615384
8737,0.5088148101382427,0.2659629234394611,0.18577852195268085,0.039443744469615384
8738,0.5088148101382427,0.2659629234394611,0.18577852195268085,0.039443744469615384
8739,0.5088148101382427,0.2659629234394611,0.18577852195268085,0.039443744469615384
8740,0.5088148101382427,0.2659629234394611,0.18577852195268085,0.039443744469615384
8741,0.5088148101382427,0.2659629234394611,0.18577852195268085,0.039443744469615384
8742,0.5088148101382427,0.2659629234394611,0.18577852195268085,0.039443744469615384
8743,0.5088148101382427,0.2659629234394611,0.18577852195268085,0.039443744469615384
8744,0.5088148101382427,0.2659629234394611,0.18577852195268085,0.039443744469615384
8745,0.5088148101382427,0.2659629234394611,0.18577852195268085,0.039443744469615384
8746,0.5088148101382427,0.2659629234394611,0.18577852195268085,0.039443744469615384
8747,0.5088148101382427,0.2659629234394611,0.18577852195268085,0.039443744469615384
8748,0.5088148101382427,0.2659629234394611,0.18577852195268085,0.039443744469615384
8749,0.5088148101382427,0.2659629234394611,0.18577852195268085,0.039443744469615384
8750,0.5088148101382427,0.2659629234394611,0.18577852195268085,0.039443744469615384
8751,0.5088148101382427,0.2659629234394611,0.18577852195268085,0.039443744469615384
8752,0.5088148101382427,0.2659629234394611,0.18577852195268085,0.039443744469615384
8753,0.5088148101382427,0.2659629234394611,0.18577852195268085,0.039443744469615384
8754,0.5088148101382427,0.2659629234394611,0.18577852195268085,0.039443744469615384
8755,0.5088148101382427,0.2659629234394611,0.18577852195268085,0.039443744469615384
8756,0.5088148101382427,0.2659629234394611,0.18577852195268085,0.039443744469615384
8757,0.5088148101382427,0.2659629234394611,0.18577852195268085,0.039443744469615384
8758,0.5088148101382427,0.2659629234394611,0.18577852195268085,0.039443744469615384
8759,0.5088148101382427,0.2659629234394611,0.18577852195268085,0.039443744469615384
8760,0.5088148101382427,0.2659629234394611,0.18577852195268085,0.039443744469615384
8761,0.5088148101382427,0.2659629234394611,0.18577852195268085,0.039443744469615384
8762,0.5088148101382427,0.2659629234394611,0.18577852195268085,0.039443744469615384
8763,0.5088148101382427,0.2659629234394611,0.18577852195268085,0.039443744469615384
8764,0.5088148101382427,0.2659629234394611,0.18577852195268085,0.039443744469615384
8765,0.5088148101382427,0.2659629234394611,0.18577852195268085,0.039443744469615384
8766,0.5088148101382427,0.2659629234394611,0.18577852195268085,0.039443744469615384
8767,0.5088148101382427,0.2659629234394611,0.18577852195268085,0.039443744469615384
8768,0.5088148101382427,0.2659629234394611,0.18577852195268085,0.039443744469615384
8769,0.5088148101382427,0.2659629234394611,0.18577852195268085,0.039443744469615384
8770,0.5088148101382427,0.2659629234394611,0.18577852195268085,0.039443744469615384
8771,0.5088148101382427,0.2659629234394611,0.18577852195268085,0.039443744469615384
8772,0.5088148101382427,0.2659629234394611,0.18577852195268085,0.039443744469615384
8773,0.5088148101382427,0.2659629234394611,0.18577852195268085,0.039443744469615384
8774,0.5088148101382427,0.2659629234394611,0.18577852195268085,0.039443744469615384
8775,0.5088148101382427,0.2659629234394611,0.18577852195268085,0.039443744469615384
8776,0.5088148101382427,0.2659629234394611,0.18577852195268085,0.039443744469615384
8777,0.5088148101382427,0.2659629234394611,0.18577852195268085,0.039443744469615384
8778,0.5088148101382427,0.2659629234394611,0.18577852195268085,0.039443744469615384
8779,0.5088148101382427,0.2659629234394611,0.18577852195268085,0.039443744469615384
8780,0.5088148101382427,0.2659629234394611,0.18577852195268085,0.039443744469615384
8781,0.5088148101382427,0.2659629234394611,0.18577852195268085,0.039443744469615384
8782,0.5088148101382427,0.2659629234394611,0.18577852195268085,0.039443744469615384
8783,0.5088148101382427,0.2659629234394611,0.18577852195268085,0.039443744469615384
8784,0.5088148101382427,0.2659629234394611,0.18577852195268085,0.039443744469615384
8785,0.5088148101382427,0.2659629234394611,0.18577852195268085,0.039443744469615384
8786,0.5088148101382427,0.2659629234394611,0.18577852195268085,0.039443744469615384
8787,0.5088148101382427,0.2659629234394611,0.18577852195268085,0.039443744469615384
8788,0.5088148101382427,0.2659629234394611,0.18577852195268085,0.039443744469615384
8789,0.5088148101382427,0.2659629234394611,0.18577852195268085,0.039443744469615384
8790,0.5088148101382427,0.2659629234394611,0.18577852195268085,0.039443744469615384
8791,0.5088148101382427,0.2659629234394611,0.18577852195268085,0.039443744469615384
8792,0.5088148101382427,0.2659629234394611,0.18577852195268085,0.039443744469615384
8793,0.5088148101382427,0.2659629234394611,0.18577852195268085,0.039443744469615384
8794,0.5088148101382427,0.2659629234394611,0.18577852195268085,0.039443744469615384
8795,0.5088148101382427,0.2659629234394611,0.18577852195268085,0.039443744469615384
8796,0.5088148101382427,0.2659629234394611,0.18577852195268085,0.039443744469615384
8797,0.5088148101382427,0.2659629234394611,0.18577852195268085,0.039443744469615384
8798,0.5088148101382427,0.2659629234394611,0.18577852195268085,0.039443744469615384
8799,0.5088148101382427,0.2659629234394611,0.18577852195268085,0.039443744469615384
8800,0.5204679841171652,0.28597042468015804,0.15122951051478506,0.04233208068789163
8801,0.5204679841171652,0.28597042468015804,0.15122951051478506,0.04233208068789163
8802,0.5204679841171652,0.28597042468015804,0.15122951051478506,0.04233208068789163
8803,0.5204679841171652,0.28597042468015804,0.15122951051478506,0.04233208068789163
8804,0.5204679841171652,0.28597042468015804,0.15122951051478506,0.04233208068789163
8805,0.5204679841171652,0.28597042468015804,0.15122951051478506,0.04233208068789163
8806,0.5204679841171652,0.28597042468015804,0.15122951051478506,0.04233208068789163
8807,0.5204679841171652,0.28597042468015804,0.15122951051478506,0.04233208068789163
8808,0.5204679841171652,0.28597042468015804,0.15122951051478506,0.04233208068789163
8809,0.5204679841171652,0.28597042468015804,0.15122951051478506,0.04233208068789163
8810,0.5204679841171652,0.28597042468015804,0.15122951051478506,0.04233208068789163
8811,0.5204679841171652,0.28597042468015804,0.15122951051478506,0.04233208068789163
8812,0.5204679841171652,0.28597042468015804,0.15122951051478506,0.04233208068789163
8813,0.5204679841171652,0.28597042468015804,0.15122951051478506,0.04233208068789163
8814,0.5204679841171652,0.28597042468015804,0.15122951051478506,0.04233208068789163
8815,0.5204679841171652,0.28597042468015804,0.15122951051478506,0.04233208068789163
8816,0.5204679841171652,0.28597042468015804,0.15122951051478506,0.04233208068789163
8817,0.5204679841171652,0.28597042468015804,0.15122951051478506,0.04233208068789163
8818,0.5204679841171652,0.28597042468015804,0.15122951051478506,0.04233208068789163
8819,0.5204679841171652,0.28597042468015804,0.15122951051478506,0.04233208068789163
8820,0.5204679841171652,0.28597042468015804,0.15122951051478506,0.04233208068789163
8821,0.5204679841171652,0.28597042468015804,0.15122951051478506,0.04233208068789163
8822,0.5204679841171652,0.28597042468015804,0.15122951051478506,0.04233208068789163
8823,0.5204679841171652,0.28597042468015804,0.15122951051478506,0.04233208068789163
8824,0.5204679841171652,0.28597042468015804,0.15122951051478506,0.04233208068789163
8825,0.5204679841171652,0.28597042468015804,0.15122951051478506,0.04233208068789163
8826,0.5204679841171652,0.28597042468015804,0.15122951051478506,0.04233208068789163
8827,0.5204679841171652,0.28597042468015804,0.15122951051478506,0.04233208068789163
8828,0.5204679841171652,0.28597042468015804,0.15122951051478506,0.04233208068789163
8829,0.5204679841171652,0.28597042468015804,0.15122951051478506,0.04233208068789163
8830,0.5204679841171652,0.28597042468015804,0.15122951051478506,0.04233208068789163
8831,0.5204679841171652,0.28597042468015804,0.15122951051478506,0.04233208068789163
8832,0.5204679841171652,0.28597042468015804,0.15122951051478506,0.04233208068789163
8833,0.5204679841171652,0.28597042468015804,0.15122951051478506,0.04233208068789163
8834,0.5204679841171652,0.28597042468015804,0.15122951051478506,0.04233208068789163
8835,0.5204679841171652,0.28597042468015804,0.15122951051478506,0.04233208068789163
8836,0.5204679841171652,0.28597042468015804,0.15122951051478506,0.04233208068789163
8837,0.5204679841171652,0.28597042468015804,0.15122951051478506,0.04233208068789163
8838,0.5204679841171652,0.28597042468015804,0.15122951051478506,0.04233208068789163
8839,0.5204679841171652,0.28597042468015804,0.15122951051478506,0.04233208068789163
8840,0.5204679841171652,0.28597042468015804,0.15122951051478506,0.04233208068789163
8841,0.5204679841171652,0.28597042468015804,0.15122951051478506,0.04233208068789163
8842,0.5204679841171652,0.28597042468015804,0.15122951051478506,0.04233208068789163
8843,0.5204679841171652,0.28597042468015804,0.15122951051478506,0.04233208068789163
8844,0.5204679841171652,0.28597042468015804,0.15122951051478506,0.04233208068789163
8845,0.5204679841171652,0.28597042468015804,0.15122951051478506,0.04233208068789163
8846,0.5204679841171652,0.28597042468015804,0.15122951051478506,0.04233208068789163
8847,0.5204679841171652,0.28597042468015804,0.15122951051478506,0.04233208068789163
8848,0.5204679841171652,0.28597042468015804,0.15122951051478506,0.04233208068789163
8849,0.5204679841171652,0.28597042468015804,0.15122951051478506,0.04233208068789163
8850,0.5204679841171652,0.28597042468015804,0.15122951051478506,0.04233208068789163
8851,0.5204679841171652,0.28597042468015804,0.15122951051478506,0.04233208068789163
8852,0.5204679841171652,0.28597042468015804,0.15122951051478506,0.04233208068789163
8853,0.5204679841171652,0.28597042468015804,0.15122951051478506,0.04233208068789163
8854,0.5204679841171652,0.28597042468015804,0.15122951051478506,0.04233208068789163
8855,0.5204679841171652,0.28597042468015804,0.15122951051478506,0.04233208068789163
8856,0.5204679841171652,0.28597042468015804,0.15122951051478506,0.04233208068789163
8857,0.5204679841171652,0.28597042468015804,0.15122951051478506,0.04233208068789163
8858,0.5204679841171652,0.28597042468015804,0.15122951051478506,0.04233208068789163
8859,0.5204679841171652,0.28597042468015804,0.15122951051478506,0.04233208068789163
8860,0.5204679841171652,0.28597042468015804,0.15122951051478506,0.04233208068789163
8861,0.5204679841171652,0.28597042468015804,0.15122951051478506,0.04233208068789163
8862,0.5204679841171652,0.28597042468015804,0.15122951051478506,0.04233208068789163
8863,0.5204679841171652,0.28597042468015804,0.15122951051478506,0.04233208068789163
8864,0.5204679841171652,0.28597042468015804,0.15122951051478506,0.04233208068789163
8865,0.5204679841171652,0.28597042468015804,0.15122951051478506,0.04233208068789163
8866,0.5204679841171652,0.28597042468015804,0.15122951051478506,0.04233208068789163
8867,0.5204679841171652,0.28597042468015804,0.15122951051478506,0.04233208068789163
8868,0.5204679841171652,0.28597042468015804,0.15122951051478506,0.04233208068789163
8869,0.5204679841171652,0.28597042468015804,0.15122951051478506,0.04233208068789163
8870,0.5204679841171652,0.28597042468015804,0.15122951051478506,0.04233208068789163
8871,0.5204679841171652,0.28597042468015804,0.15122951051478506,0.04233208068789163
8872,0.5204679841171652,0.28597042468015804,0.15122951051478506,0.04233208068789163
8873,0.5204679841171652,0.28597042468015804,0.15122951051478506,0.04233208068789163
8874,0.5204679841171652,0.28597042468015804,0.15122951051478506,0.04233208068789163
8875,0.5204679841171652,0.28597042468015804,0.15122951051478506,0.04233208068789163
8876,0.5204679841171652,0.28597042468015804,0.15122951051478506,0.04233208068789163
8877,0.5204679841171652,0.28597042468015804,0.15122951051478506,0.04233208068789163
8878,0.5204679841171652,0.28597042468015804,0.15122951051478506,0.04233208068789163
8879,0.5204679841171652,0.28597042468015804,0.15122951051478506,0.04233208068789163
8880,0.5204679841171652,0.28597042468015804,0.15122951051478506,0.04233208068789163
8881,0.5204679841171652,0.28597042468015804,0.15122951051478506,0.04233208068789163
8882,0.5204679841171652,0.28597042468015804,0.15122951051478506,0.04233208068789163
8883,0.5204679841171652,0.28597042468015804,0.15122951051478506,0.04233208068789163
8884,0.5204679841171652,0.28597042468015804,0.15122951051478506,0.04233208068789163
8885,0.5204679841171652,0.28597042468015804,0.15122951051478506,0.04233208068789163
8886,0.5204679841171652,0.28597042468015804,0.15122951051478506,0.04233208068789163
8887,0.5204679841171652,0.28597042468015804,0.15122951051478506,0.04233208068789163
8888,0.5204679841171652,0.28597042468015804,0.15122951051478506,0.04233208068789163
8889,0.5204679841171652,0.28597042468015804,0.15122951051478506,0.04233208068789163
8890,0.5204679841171652,0.28597042468015804,0.15122951051478506,0.04233208068789163
8891,0.5204679841171652,0.28597042468015804,0.15122951051478506,0.04233208068789163
8892,0.5204679841171652,0.28597042468015804,0.15122951051478506,0.04233208068789163
8893,0.5204679841171652,0.28597042468015804,0.15122951051478506,0.04233208068789163
8894,0.5204679841171652,0.28597042468015804,0.15122951051478506,0.04233208068789163
8895,0.5204679841171652,0.28597042468015804,0.15122951051478506,0.04233208068789163
8896,0.5204679841171652,0.28597042468015804,0.15122951051478506,0.04233208068789163
8897,0.5204679841171652,0.28597042468015804,0.15122951051478506,0.04233208068789163
8898,0.5204679841171652,0.28597042468015804,0.15122951051478506,0.04233208068789163
8899,0.5204679841171652,0.28597042468015804,0.15122951051478506,0.04233208068789163
8900,0.5251742315106941,0.3182420538168377,0.1145744838382748,0.042009230834193424
8901,0.5251742315106941,0.3182420538168377,0.1145744838382748,0.042009230834193424
8902,0.5251742315106941,0.3182420538168377,0.1145744838382748,0.042009230834193424
8903,0.5251742315106941,0.3182420538168377,0.1145744838382748,0.042009230834193424
8904,0.5251742315106941,0.3182420538168377,0.1145744838382748,0.042009230834193424
8905,0.5251742315106941,0.3182420538168377,0.1145744838382748,0.042009230834193424
8906,0.5251742315106941,0.3182420538168377,0.1145744838382748,0.042009230834193424
8907,0.5251742315106941,0.3182420538168377,0.1145744838382748,0.042009230834193424
8908,0.5251742315106941,0.3182420538168377,0.1145744838382748,0.042009230834193424
8909,0.5251742315106941,0.3182420538168377,0.1145744838382748,0.042009230834193424
8910,0.5251742315106941,0.3182420538168377,0.1145744838382748,0.042009230834193424
8911,0.5251742315106941,0.3182420538168377,0.1145744838382748,0.042009230834193424
8912,0.5251742315106941,0.3182420538168377,0.1145744838382748,0.042009230834193424
8913,0.5251742315106941,0.3182420538168377,0.1145744838382748,0.042009230834193424
8914,0.5251742315106941,0.3182420538168377,0.1145744838382748,0.042009230834193424
8915,0.5251742315106941,0.3182420538168377,0.1145744838382748,0.042009230834193424
8916,0.5251742315106941,0.3182420538168377,0.1145744838382748,0.042009230834193424
8917,0.5251742315106941,0.3182420538168377,0.1145744838382748,0.042009230834193424
8918,0.5251742315106941,0.3182420538168377,0.1145744838382748,0.042009230834193424
8919,0.5251742315106941,0.3182420538168377,0.1145744838382748,0.042009230834193424
8920,0.5251742315106941,0.3182420538168377,0.1145744838382748,0.042009230834193424
8921,0.5251742315106941,0.3182420538168377,0.1145744838382748,0.042009230834193424
8922,0.5251742315106941,0.3182420538168377,0.1145744838382748,0.042009230834193424
8923,0.5251742315106941,0.3182420538168377,0.1145744838382748,0.042009230834193424
8924,0.5251742315106941,0.3182420538168377,0.1145744838382748,0.042009230834193424
8925,0.5251742315106941,0.3182420538168377,0.1145744838382748,0.042009230834193424
8926,0.5251742315106941,0.3182420538168377,0.1145744838382748,0.042009230834193424
8927,0.5251742315106941,0.3182420538168377,0.1145744838382748,0.042009230834193424
8928,0.5251742315106941,0.3182420538168377,0.1145744838382748,0.042009230834193424
8929,0.5251742315106941,0.3182420538168377,0.1145744838382748,0.042009230834193424
8930,0.5251742315106941,0.3182420538168377,0.1145744838382748,0.042009230834193424
8931,0.5251742315106941,0.3182420538168377,0.1145744838382748,0.042009230834193424
8932,0.5251742315106941,0.3182420538168377,0.1145744838382748,0.042009230834193424
8933,0.5251742315106941,0.3182420538168377,0.1145744838382748,0.042009230834193424
8934,0.5251742315106941,0.3182420538168377,0.1145744838382748,0.042009230834193424
8935,0.5251742315106941,0.3182420538168377,0.1145744838382748,0.042009230834193424
8936,0.5251742315106941,0.3182420538168377,0.1145744838382748,0.042009230834193424
8937,0.5251742315106941,0.3182420538168377,0.1145744838382748,0.042009230834193424
8938,0.5251742315106941,0.3182420538168377,0.1145744838382748,0.042009230834193424
8939,0.5251742315106941,0.3182420538168377,0.1145744838382748,0.042009230834193424
8940,0.5251742315106941,0.3182420538168377,0.1145744838382748,0.042009230834193424
8941,0.5251742315106941,0.3182420538168377,0.1145744838382748,0.042009230834193424
8942,0.5251742315106941,0.3182420538168377,0.1145744838382748,0.042009230834193424
8943,0.5251742315106941,0.3182420538168377,0.1145744838382748,0.042009230834193424
8944,0.5251742315106941,0.3182420538168377,0.1145744838382748,0.042009230834193424
8945,0.5251742315106941,0.3182420538168377,0.1145744838382748,0.042009230834193424
8946,0.5251742315106941,0.3182420538168377,0.1145744838382748,0.042009230834193424
8947,0.5251742315106941,0.3182420538168377,0.1145744838382748,0.042009230834193424
8948,0.5251742315106941,0.3182420538168377,0.1145744838382748,0.042009230834193424
8949,0.5251742315106941,0.3182420538168377,0.1145744838382748,0.042009230834193424
8950,0.5251742315106941,0.3182420538168377,0.1145744838382748,0.042009230834193424
8951,0.5251742315106941,0.3182420538168377,0.1145744838382748,0.042009230834193424
8952,0.5251742315106941,0.3182420538168377,0.1145744838382748,0.042009230834193424
8953,0.5251742315106941,0.3182420538168377,0.1145744838382748,0.042009230834193424
8954,0.5251742315106941,0.3182420538168377,0.1145744838382748,0.042009230834193424
8955,0.5251742315106941,0.3182420538168377,0.1145744838382748,0.042009230834193424
8956,0.5251742315106941,0.3182420538168377,0.1145744838382748,0.042009230834193424
8957,0.5251742315106941,0.3182420538168377,0.1145744838382748,0.042009230834193424
8958,0.5251742315106941,0.3182420538168377,0.1145744838382748,0.042009230834193424
8959,0.5251742315106941,0.3182420538168377,0.1145744838382748,0.042009230834193424
8960,0.5251742315106941,0.3182420538168377,0.1145744838382748,0.042009230834193424
8961,0.5251742315106941,0.3182420538168377,0.1145744838382748,0.042009230834193424
8962,0.5251742315106941,0.3182420538168377,0.1145744838382748,0.042009230834193424
8963,0.5251742315106941,0.3182420538168377,0.1145744838382748,0.042009230834193424
8964,0.5251742315106941,0.3182420538168377,0.1145744838382748,0.042009230834193424
8965,0.5251742315106941,0.3182420538168377,0.1145744838382748,0.042009230834193424
8966,0.5251742315106941,0.3182420538168377,0.1145744838382748,0.042009230834193424
8967,0.5251742315106941,0.3182420538168377,0.1145744838382748,0.042009230834193424
8968,0.5251742315106941,0.3182420538168377,0.1145744838382748,0.042009230834193424
8969,0.5251742315106941,0.3182420538168377,0.1145744838382748,0.042009230834193424
8970,0.5251742315106941,0.3182420538168377,0.1145744838382748,0.042009230834193424
8971,0.5251742315106941,0.3182420538168377,0.1145744838382748,0.042009230834193424
8972,0.5251742315106941,0.3182420538168377,0.1145744838382748,0.042009230834193424
8973,0.5251742315106941,0.3182420538168377,0.1145744838382748,0.042009230834193424
8974,0.5251742315106941,0.3182420538168377,0.1145744838382748,0.042009230834193424
8975,0.5251742315106941,0.3182420538168377,0.1145744838382748,0.042009230834193424
8976,0.5251742315106941,0.3182420538168377,0.1145744838382748,0.042009230834193424
8977,0.5251742315106941,0.3182420538168377,0.1145744838382748,0.042009230834193424
8978,0.5251742315106941,0.3182420538168377,0.1145744838382748,0.042009230834193424
8979,0.5251742315106941,0.3182420538168377,0.1145744838382748,0.042009230834193424
8980,0.5251742315106941,0.3182420538168377,0.1145744838382748,0.042009230834193424
8981,0.5251742315106941,0.3182420538168377,0.1145744838382748,0.042009230834193424
8982,0.5251742315106941,0.3182420538168377,0.1145744838382748,0.042009230834193424
8983,0.5251742315106941,0.3182420538168377,0.1145744838382748,0.042009230834193424
8984,0.5251742315106941,0.3182420538168377,0.1145744838382748,0.042009230834193424
8985,0.5251742315106941,0.3182420538168377,0.1145744838382748,0.042009230834193424
8986,0.5251742315106941,0.3182420538168377,0.1145744838382748,0.042009230834193424
8987,0.5251742315106941,0.3182420538168377,0.1145744838382748,0.042009230834193424
8988,0.5251742315106941,0.3182420538168377,0.1145744838382748,0.042009230834193424
8989,0.5251742315106941,0.3182420538168377,0.1145744838382748,0.042009230834193424
8990,0.5251742315106941,0.3182420538168377,0.1145744838382748,0.042009230834193424
8991,0.5251742315106941,0.3182420538168377,0.1145744838382748,0.042009230834193424
8992,0.5251742315106941,0.3182420538168377,0.1145744838382748,0.042009230834193424
8993,0.5251742315106941,0.3182420538168377,0.1145744838382748,0.042009230834193424
8994,0.5251742315106941,0.3182420538168377,0.1145744838382748,0.042009230834193424
8995,0.5251742315106941,0.3182420538168377,0.1145744838382748,0.042009230834193424
8996,0.5251742315106941,0.3182420538168377,0.1145744838382748,0.042009230834193424
8997,0.5251742315106941,0.3182420538168377,0.1145744838382748,0.042009230834193424
8998,0.5251742315106941,0.3182420538168377,0.1145744838382748,0.042009230834193424
8999,0.5251742315106941,0.3182420538168377,0.1145744838382748,0.042009230834193424
9000,0.5323345713870591,0.31497120709718407,0.1078451025288758,0.044849118986881084
9001,0.5323345713870591,0.31497120709718407,0.1078451025288758,0.044849118986881084
9002,0.5323345713870591,0.31497120709718407,0.1078451025288758,0.044849118986881084
9003,0.5323345713870591,0.31497120709718407,0.1078451025288758,0.044849118986881084
9004,0.5323345713870591,0.31497120709718407,0.1078451025288758,0.044849118986881084
9005,0.5323345713870591,0.31497120709718407,0.1078451025288758,0.044849118986881084
9006,0.5323345713870591,0.31497120709718407,0.1078451025288758,0.044849118986881084
9007,0.5323345713870591,0.31497120709718407,0.1078451025288758,0.044849118986881084
9008,0.5323345713870591,0.31497120709718407,0.1078451025288758,0.044849118986881084
9009,0.5323345713870591,0.31497120709718407,0.1078451025288758,0.044849118986881084
9010,0.5323345713870591,0.31497120709718407,0.1078451025288758,0.044849118986881084
9011,0.5323345713870591,0.31497120709718407,0.1078451025288758,0.044849118986881084
9012,0.5323345713870591,0.31497120709718407,0.1078451025288758,0.044849118986881084
9013,0.5323345713870591,0.31497120709718407,0.1078451025288758,0.044849118986881084
9014,0.5323345713870591,0.31497120709718407,0.1078451025288758,0.044849118986881084
9015,0.5323345713870591,0.31497120709718407,0.1078451025288758,0.044849118986881084
9016,0.5323345713870591,0.31497120709718407,0.1078451025288758,0.044849118986881084
9017,0.5323345713870591,0.31497120709718407,0.1078451025288758,0.044849118986881084
9018,0.5323345713870591,0.31497120709718407,0.1078451025288758,0.044849118986881084
9019,0.5323345713870591,0.31497120709718407,0.1078451025288758,0.044849118986881084
9020,0.5323345713870591,0.31497120709718407,0.1078451025288758,0.044849118986881084
9021,0.5323345713870591,0.31497120709718407,0.1078451025288758,0.044849118986881084
9022,0.5323345713870591,0.31497120709718407,0.1078451025288758,0.044849118986881084
9023,0.5323345713870591,0.31497120709718407,0.1078451025288758,0.044849118986881084
9024,0.5323345713870591,0.31497120709718407,0.1078451025288758,0.044849118986881084
9025,0.5323345713870591,0.31497120709718407,0.1078451025288758,0.044849118986881084
9026,0.5323345713870591,0.31497120709718407,0.1078451025288758,0.044849118986881084
9027,0.5323345713870591,0.31497120709718407,0.1078451025288758,0.044849118986881084
9028,0.5323345713870591,0.31497120709718407,0.1078451025288758,0.044849118986881084
9029,0.5323345713870591,0.31497120709718407,0.1078451025288758,0.044849118986881084
9030,0.5323345713870591,0.31497120709718407,0.1078451025288758,0.044849118986881084
9031,0.5323345713870591,0.31497120709718407,0.1078451025288758,0.044849118986881084
9032,0.5323345713870591,0.31497120709718407,0.1078451025288758,0.044849118986881084
9033,0.5323345713870591,0.31497120709718407,0.1078451025288758,0.044849118986881084
9034,0.5323345713870591,0.31497120709718407,0.1078451025288758,0.044849118986881084
9035,0.5323345713870591,0.31497120709718407,0.1078451025288758,0.044849118986881084
9036,0.5323345713870591,0.31497120709718407,0.1078451025288758,0.044849118986881084
9037,0.5323345713870591,0.31497120709718407,0.1078451025288758,0.044849118986881084
9038,0.5323345713870591,0.31497120709718407,0.1078451025288758,0.044849118986881084
9039,0.5323345713870591,0.31497120709718407,0.1078451025288758,0.044849118986881084
9040,0.5323345713870591,0.31497120709718407,0.1078451025288758,0.044849118986881084
9041,0.5323345713870591,0.31497120709718407,0.1078451025288758,0.044849118986881084
9042,0.5323345713870591,0.31497120709718407,0.1078451025288758,0.044849118986881084
9043,0.5323345713870591,0.31497120709718407,0.1078451025288758,0.044849118986881084
9044,0.5323345713870591,0.31497120709718407,0.1078451025288758,0.044849118986881084
9045,0.5323345713870591,0.31497120709718407,0.1078451025288758,0.044849118986881084
9046,0.5323345713870591,0.31497120709718407,0.1078451025288758,0.044849118986881084
9047,0.5323345713870591,0.31497120709718407,0.1078451025288758,0.044849118986881084
9048,0.5323345713870591,0.31497120709718407,0.1078451025288758,0.044849118986881084
9049,0.5323345713870591,0.31497120709718407,0.1078451025288758,0.044849118986881084
9050,0.5323345713870591,0.31497120709718407,0.1078451025288758,0.044849118986881084
9051,0.5323345713870591,0.31497120709718407,0.1078451025288758,0.044849118986881084
9052,0.5323345713870591,0.31497120709718407,0.1078451025288758,0.044849118986881084
9053,0.5323345713870591,0.31497120709718407,0.1078451025288758,0.044849118986881084
9054,0.5323345713870591,0.31497120709718407,0.1078451025288758,0.044849118986881084
9055,0.5323345713870591,0.31497120709718407,0.1078451025288758,0.044849118986881084
9056,0.5323345713870591,0.31497120709718407,0.1078451025288758,0.044849118986881084
9057,0.5323345713870591,0.31497120709718407,0.1078451025288758,0.044849118986881084
9058,0.5323345713870591,0.31497120709718407,0.1078451025288758,0.044849118986881084
9059,0.5323345713870591,0.31497120709718407,0.1078451025288758,0.044849118986881084
9060,0.5323345713870591,0.31497120709718407,0.1078451025288758,0.044849118986881084
9061,0.5323345713870591,0.31497120709718407,0.1078451025288758,0.044849118986881084
9062,0.5323345713870591,0.31497120709718407,0.1078451025288758,0.044849118986881084
9063,0.5323345713870591,0.31497120709718407,0.1078451025288758,0.044849118986881084
9064,0.5323345713870591,0.31497120709718407,0.1078451025288758,0.044849118986881084
9065,0.5323345713870591,0.31497120709718407,0.1078451025288758,0.044849118986881084
9066,0.5323345713870591,0.31497120709718407,0.1078451025288758,0.044849118986881084
9067,0.5323345713870591,0.31497120709718407,0.1078451025288758,0.044849118986881084
9068,0.5323345713870591,0.31497120709718407,0.1078451025288758,0.044849118986881084
9069,0.5323345713870591,0.31497120709718407,0.1078451025288758,0.044849118986881084
9070,0.5323345713870591,0.31497120709718407,0.1078451025288758,0.044849118986881084
9071,0.5323345713870591,0.31497120709718407,0.1078451025288758,0.044849118986881084
9072,0.5323345713870591,0.31497120709718407,0.1078451025288758,0.044849118986881084
9073,0.5323345713870591,0.31497120709718407,0.1078451025288758,0.044849118986881084
9074,0.5323345713870591,0.31497120709718407,0.1078451025288758,0.044849118986881084
9075,0.5323345713870591,0.31497120709718407,0.1078451025288758,0.044849118986881084
9076,0.5323345713870591,0.31497120709718407,0.1078451025288758,0.044849118986881084
9077,0.5323345713870591,0.31497120709718407,0.1078451025288758,0.044849118986881084
9078,0.5323345713870591,0.31497120709718407,0.1078451025288758,0.044849118986881084
9079,0.5323345713870591,0.31497120709718407,0.1078451025288758,0.044849118986881084
9080,0.5323345713870591,0.31497120709718407,0.1078451025288758,0.044849118986881084
9081,0.5323345713870591,0.31497120709718407,0.1078451025288758,0.044849118986881084
9082,0.5323345713870591,0.31497120709718407,0.1078451025288758,0.044849118986881084
9083,0.5323345713870591,0.31497120709718407,0.1078451025288758,0.044849118986881084
9084,0.5323345713870591,0.31497120709718407,0.1078451025288758,0.044849118986881084
9085,0.5323345713870591,0.31497120709718407,0.1078451025288758,0.044849118986881084
9086,0.5323345713870591,0.31497120709718407,0.1078451025288758,0.044849118986881084
9087,0.5323345713870591,0.31497120709718407,0.1078451025288758,0.044849118986881084
9088,0.5323345713870591,0.31497120709718407,0.1078451025288758,0.044849118986881084
9089,0.5323345713870591,0.31497120709718407,0.1078451025288758,0.044849118986881084
9090,0.5323345713870591,0.31497120709718407,0.1078451025288758,0.044849118986881084
9091,0.5323345713870591,0.31497120709718407,0.1078451025288758,0.044849118986881084
9092,0.5323345713870591,0.31497120709718407,0.1078451025288758,0.044849118986881084
9093,0.5323345713870591,0.31497120709718407,0.1078451025288758,0.044849118986881084
9094,0.5323345713870591,0.31497120709718407,0.1078451025288758,0.044849118986881084
9095,0.5323345713870591,0.31497120709718407,0.1078451025288758,0.044849118986881084
9096,0.5323345713870591,0.31497120709718407,0.1078451025288758,0.044849118986881084
9097,0.5323345713870591,0.31497120709718407,0.1078451025288758,0.044849118986881084
9098,0.5323345713870591,0.31497120709718407,0.1078451025288758,0.044849118986881084
9099,0.5323345713870591,0.31497120709718407,0.1078451025288758,0.044849118986881084
9100,0.5524011832479915,0.3252617269077687,0.07745133732330149,0.044885752520938356
9101,0.5524011832479915,0.3252617269077687,0.07745133732330149,0.044885752520938356
9102,0.5524011832479915,0.3252617269077687,0.07745133732330149,0.044885752520938356
9103,0.5524011832479915,0.3252617269077687,0.07745133732330149,0.044885752520938356
9104,0.5524011832479915,0.3252617269077687,0.07745133732330149,0.044885752520938356
9105,0.5524011832479915,0.3252617269077687,0.07745133732330149,0.044885752520938356
9106,0.5524011832479915,0.3252617269077687,0.07745133732330149,0.044885752520938356
9107,0.5524011832479915,0.3252617269077687,0.07745133732330149,0.044885752520938356
9108,0.5524011832479915,0.3252617269077687,0.07745133732330149,0.044885752520938356
9109,0.5524011832479915,0.3252617269077687,0.07745133732330149,0.044885752520938356
9110,0.5524011832479915,0.3252617269077687,0.07745133732330149,0.044885752520938356
9111,0.5524011832479915,0.3252617269077687,0.07745133732330149,0.044885752520938356
9112,0.5524011832479915,0.3252617269077687,0.07745133732330149,0.044885752520938356
9113,0.5524011832479915,0.3252617269077687,0.07745133732330149,0.044885752520938356
9114,0.5524011832479915,0.3252617269077687,0.07745133732330149,0.044885752520938356
9115,0.5524011832479915,0.3252617269077687,0.07745133732330149,0.044885752520938356
9116,0.5524011832479915,0.3252617269077687,0.07745133732330149,0.044885752520938356
9117,0.5524011832479915,0.3252617269077687,0.07745133732330149,0.044885752520938356
9118,0.5524011832479915,0.3252617269077687,0.07745133732330149,0.044885752520938356
9119,0.5524011832479915,0.3252617269077687,0.07745133732330149,0.044885752520938356
9120,0.5524011832479915,0.3252617269077687,0.07745133732330149,0.044885752520938356
9121,0.5524011832479915,0.3252617269077687,0.07745133732330149,0.044885752520938356
9122,0.5524011832479915,0.3252617269077687,0.07745133732330149,0.044885752520938356
9123,0.5524011832479915,0.3252617269077687,0.07745133732330149,0.044885752520938356
9124,0.5524011832479915,0.3252617269077687,0.07745133732330149,0.044885752520938356
9125,0.5524011832479915,0.3252617269077687,0.07745133732330149,0.044885752520938356
9126,0.5524011832479915,0.3252617269077687,0.07745133732330149,0.044885752520938356
9127,0.5524011832479915,0.3252617269077687,0.07745133732330149,0.044885752520938356
9128,0.5524011832479915,0.3252617269077687,0.07745133732330149,0.044885752520938356
9129,0.5524011832479915,0.3252617269077687,0.07745133732330149,0.044885752520938356
9130,0.5524011832479915,0.3252617269077687,0.07745133732330149,0.044885752520938356
9131,0.5524011832479915,0.3252617269077687,0.07745133732330149,0.044885752520938356
9132,0.5524011832479915,0.3252617269077687,0.07745133732330149,0.044885752520938356
9133,0.5524011832479915,0.3252617269077687,0.07745133732330149,0.044885752520938356
9134,0.5524011832479915,0.3252617269077687,0.07745133732330149,0.044885752520938356
9135,0.5524011832479915,0.3252617269077687,0.07745133732330149,0.044885752520938356
9136,0.5524011832479915,0.3252617269077687,0.07745133732330149,0.044885752520938356
9137,0.5524011832479915,0.3252617269077687,0.07745133732330149,0.044885752520938356
9138,0.5524011832479915,0.3252617269077687,0.07745133732330149,0.044885752520938356
9139,0.5524011832479915,0.3252617269077687,0.07745133732330149,0.044885752520938356
9140,0.5524011832479915,0.3252617269077687,0.07745133732330149,0.044885752520938356
9141,0.5524011832479915,0.3252617269077687,0.07745133732330149,0.044885752520938356
9142,0.5524011832479915,0.3252617269077687,0.07745133732330149,0.044885752520938356
9143,0.5524011832479915,0.3252617269077687,0.07745133732330149,0.044885752520938356
9144,0.5524011832479915,0.3252617269077687,0.07745133732330149,0.044885752520938356
9145,0.5524011832479915,0.3252617269077687,0.07745133732330149,0.044885752520938356
9146,0.5524011832479915,0.3252617269077687,0.07745133732330149,0.044885752520938356
9147,0.5524011832479915,0.3252617269077687,0.07745133732330149,0.044885752520938356
9148,0.5524011832479915,0.3252617269077687,0.07745133732330149,0.044885752520938356
9149,0.5524011832479915,0.3252617269077687,0.07745133732330149,0.044885752520938356
9150,0.5524011832479915,0.3252617269077687,0.07745133732330149,0.044885752520938356
9151,0.5524011832479915,0.3252617269077687,0.07745133732330149,0.044885752520938356
9152,0.5524011832479915,0.3252617269077687,0.07745133732330149,0.044885752520938356
9153,0.5524011832479915,0.3252617269077687,0.07745133732330149,0.044885752520938356
9154,0.5524011832479915,0.3252617269077687,0.07745133732330149,0.044885752520938356
9155,0.5524011832479915,0.3252617269077687,0.07745133732330149,0.044885752520938356
9156,0.5524011832479915,0.3252617269077687,0.07745133732330149,0.044885752520938356
9157,0.5524011832479915,0.3252617269077687,0.07745133732330149,0.044885752520938356
9158,0.5524011832479915,0.3252617269077687,0.07745133732330149,0.044885752520938356
9159,0.5524011832479915,0.3252617269077687,0.07745133732330149,0.044885752520938356
9160,0.5524011832479915,0.3252617269077687,0.07745133732330149,0.044885752520938356
9161,0.5524011832479915,0.3252617269077687,0.07745133732330149,0.044885752520938356
9162,0.5524011832479915,0.3252617269077687,0.07745133732330149,0.044885752520938356
9163,0.5524011832479915,0.3252617269077687,0.07745133732330149,0.044885752520938356
9164,0.5524011832479915,0.3252617269077687,0.07745133732330149,0.044885752520938356
9165,0.5524011832479915,0.3252617269077687,0.07745133732330149,0.044885752520938356
9166,0.5524011832479915,0.3252617269077687,0.07745133732330149,0.044885752520938356
9167,0.5524011832479915,0.3252617269077687,0.07745133732330149,0.044885752520938356
9168,0.5524011832479915,0.3252617269077687,0.07745133732330149,0.044885752520938356
9169,0.5524011832479915,0.3252617269077687,0.07745133732330149,0.044885752520938356
9170,0.5524011832479915,0.3252617269077687,0.07745133732330149,0.044885752520938356
9171,0.5524011832479915,0.3252617269077687,0.07745133732330149,0.044885752520938356
9172,0.5524011832479915,0.3252617269077687,0.07745133732330149,0.044885752520938356
9173,0.5524011832479915,0.3252617269077687,0.07745133732330149,0.044885752520938356
9174,0.5524011832479915,0.3252617269077687,0.07745133732330149,0.044885752520938356
9175,0.5524011832479915,0.3252617269077687,0.07745133732330149,0.044885752520938356
9176,0.5524011832479915,0.3252617269077687,0.07745133732330149,0.044885752520938356
9177,0.5524011832479915,0.3252617269077687,0.07745133732330149,0.044885752520938356
9178,0.5524011832479915,0.3252617269077687,0.07745133732330149,0.044885752520938356
9179,0.5524011832479915,0.3252617269077687,0.07745133732330149,0.044885752520938356
9180,0.5524011832479915,0.3252617269077687,0.07745133732330149,0.044885752520938356
9181,0.5524011832479915,0.3252617269077687,0.07745133732330149,0.044885752520938356
9182,0.5524011832479915,0.3252617269077687,0.07745133732330149,0.044885752520938356
9183,0.5524011832479915,0.3252617269077687,0.07745133732330149,0.044885752520938356
9184,0.5524011832479915,0.3252617269077687,0.07745133732330149,0.044885752520938356
9185,0.5524011832479915,0.3252617269077687,0.07745133732330149,0.044885752520938356
9186,0.5524011832479915,0.3252617269077687,0.07745133732330149,0.044885752520938356
9187,0.5524011832479915,0.3252617269077687,0.07745133732330149,0.044885752520938356
9188,0.5524011832479915,0.3252617269077687,0.07745133732330149,0.044885752520938356
9189,0.5524011832479915,0.3252617269077687,0.07745133732330149,0.044885752520938356
9190,0.5524011832479915,0.3252617269077687,0.07745133732330149,0.044885752520938356
9191,0.5524011832479915,0.3252617269077687,0.07745133732330149,0.044885752520938356
9192,0.5524011832479915,0.3252617269077687,0.07745133732330149,0.044885752520938356
9193,0.5524011832479915,0.3252617269077687,0.07745133732330149,0.044885752520938356
9194,0.5524011832479915,0.3252617269077687,0.07745133732330149,0.044885752520938356
9195,0.5524011832479915,0.3252617269077687,0.07745133732330149,0.044885752520938356
9196,0.5524011832479915,0.3252617269077687,0.07745133732330149,0.044885752520938356
9197,0.5524011832479915,0.3252617269077687,0.07745133732330149,0.044885752520938356
9198,0.5524011832479915,0.3252617269077687,0.07745133732330149,0.044885752520938356
9199,0.5524011832479915,0.3252617269077687,0.07745133732330149,0.044885752520938356
9200,0.5520555323092989,0.3495429580414002,0.05445698957033956,0.04394452007896124
9201,0.5520555323092989,0.3495429580414002,0.05445698957033956,0.04394452007896124
9202,0.5520555323092989,0.3495429580414002,0.05445698957033956,0.04394452007896124
9203,0.5520555323092989,0.3495429580414002,0.05445698957033956,0.04394452007896124
9204,0.5520555323092989,0.3495429580414002,0.05445698957033956,0.04394452007896124
9205,0.5520555323092989,0.3495429580414002,0.05445698957033956,0.04394452007896124
9206,0.5520555323092989,0.3495429580414002,0.05445698957033956,0.04394452007896124
9207,0.5520555323092989,0.3495429580414002,0.05445698957033956,0.04394452007896124
9208,0.5520555323092989,0.3495429580414002,0.05445698957033956,0.04394452007896124
9209,0.5520555323092989,0.3495429580414002,0.05445698957033956,0.04394452007896124
9210,0.5520555323092989,0.3495429580414002,0.05445698957033956,0.04394452007896124
9211,0.5520555323092989,0.3495429580414002,0.05445698957033956,0.04394452007896124
9212,0.5520555323092989,0.3495429580414002,0.05445698957033956,0.04394452007896124
9213,0.5520555323092989,0.3495429580414002,0.05445698957033956,0.04394452007896124
9214,0.5520555323092989,0.3495429580414002,0.05445698957033956,0.04394452007896124
9215,0.5520555323092989,0.3495429580414002,0.05445698957033956,0.04394452007896124
9216,0.5520555323092989,0.3495429580414002,0.05445698957033956,0.04394452007896124
9217,0.5520555323092989,0.3495429580414002,0.05445698957033956,0.04394452007896124
9218,0.5520555323092989,0.3495429580414002,0.05445698957033956,0.04394452007896124
9219,0.5520555323092989,0.3495429580414002,0.05445698957033956,0.04394452007896124
9220,0.5520555323092989,0.3495429580414002,0.05445698957033956,0.04394452007896124
9221,0.5520555323092989,0.3495429580414002,0.05445698957033956,0.04394452007896124
9222,0.5520555323092989,0.3495429580414002,0.05445698957033956,0.04394452007896124
9223,0.5520555323092989,0.3495429580414002,0.05445698957033956,0.04394452007896124
9224,0.5520555323092989,0.3495429580414002,0.05445698957033956,0.04394452007896124
9225,0.5520555323092989,0.3495429580414002,0.05445698957033956,0.04394452007896124
9226,0.5520555323092989,0.3495429580414002,0.05445698957033956,0.04394452007896124
9227,0.5520555323092989,0.3495429580414002,0.05445698957033956,0.04394452007896124
9228,0.5520555323092989,0.3495429580414002,0.05445698957033956,0.04394452007896124
9229,0.5520555323092989,0.3495429580414002,0.05445698957033956,0.04394452007896124
9230,0.5520555323092989,0.3495429580414002,0.05445698957033956,0.04394452007896124
9231,0.5520555323092989,0.3495429580414002,0.05445698957033956,0.04394452007896124
9232,0.5520555323092989,0.3495429580414002,0.05445698957033956,0.04394452007896124
9233,0.5520555323092989,0.3495429580414002,0.05445698957033956,0.04394452007896124
9234,0.5520555323092989,0.3495429580414002,0.05445698957033956,0.04394452007896124
9235,0.5520555323092989,0.3495429580414002,0.05445698957033956,0.04394452007896124
9236,0.5520555323092989,0.3495429580414002,0.05445698957033956,0.04394452007896124
9237,0.5520555323092989,0.3495429580414002,0.05445698957033956,0.04394452007896124
9238,0.5520555323092989,0.3495429580414002,0.05445698957033956,0.04394452007896124
9239,0.5520555323092989,0.3495429580414002,0.05445698957033956,0.04394452007896124
9240,0.5520555323092989,0.3495429580414002,0.05445698957033956,0.04394452007896124
9241,0.5520555323092989,0.3495429580414002,0.05445698957033956,0.04394452007896124
9242,0.5520555323092989,0.3495429580414002,0.05445698957033956,0.04394452007896124
9243,0.5520555323092989,0.3495429580414002,0.05445698957033956,0.04394452007896124
9244,0.5520555323092989,0.3495429580414002,0.05445698957033956,0.04394452007896124
9245,0.5520555323092989,0.3495429580414002,0.05445698957033956,0.04394452007896124
9246,0.5520555323092989,0.3495429580414002,0.05445698957033956,0.04394452007896124
9247,0.5520555323092989,0.3495429580414002,0.05445698957033956,0.04394452007896124
9248,0.5520555323092989,0.3495429580414002,0.05445698957033956,0.04394452007896124
9249,0.5520555323092989,0.3495429580414002,0.05445698957033956,0.04394452007896124
9250,0.5520555323092989,0.3495429580414002,0.05445698957033956,0.04394452007896124
9251,0.5520555323092989,0.3495429580414002,0.05445698957033956,0.04394452007896124
9252,0.5520555323092989,0.3495429580414002,0.05445698957033956,0.04394452007896124
9253,0.5520555323092989,0.3495429580414002,0.05445698957033956,0.04394452007896124
9254,0.5520555323092989,0.3495429580414002,0.05445698957033956,0.04394452007896124
9255,0.5520555323092989,0.3495429580414002,0.05445698957033956,0.04394452007896124
9256,0.5520555323092989,0.3495429580414002,0.05445698957033956,0.04394452007896124
9257,0.5520555323092989,0.3495429580414002,0.05445698957033956,0.04394452007896124
9258,0.5520555323092989,0.3495429580414002,0.05445698957033956,0.04394452007896124
9259,0.5520555323092989,0.3495429580414002,0.05445698957033956,0.04394452007896124
9260,0.5520555323092989,0.3495429580414002,0.05445698957033956,0.04394452007896124
9261,0.5520555323092989,0.3495429580414002,0.05445698957033956,0.04394452007896124
9262,0.5520555323092989,0.3495429580414002,0.05445698957033956,0.04394452007896124
9263,0.5520555323092989,0.3495429580414002,0.05445698957033956,0.04394452007896124
9264,0.5520555323092989,0.3495429580414002,0.05445698957033956,0.04394452007896124
9265,0.5520555323092989,0.3495429580414002,0.05445698957033956,0.04394452007896124
9266,0.5520555323092989,0.3495429580414002,0.05445698957033956,0.04394452007896124
9267,0.5520555323092989,0.3495429580414002,0.05445698957033956,0.04394452007896124
9268,0.5520555323092989,0.3495429580414002,0.05445698957033956,0.04394452007896124
9269,0.5520555323092989,0.3495429580414002,0.05445698957033956,0.04394452007896124
9270,0.5520555323092989,0.3495429580414002,0.05445698957033956,0.04394452007896124
9271,0.5520555323092989,0.3495429580414002,0.05445698957033956,0.04394452007896124
9272,0.5520555323092989,0.3495429580414002,0.05445698957033956,0.04394452007896124
9273,0.5520555323092989,0.3495429580414002,0.05445698957033956,0.04394452007896124
9274,0.5520555323092989,0.3495429580414002,0.05445698957033956,0.04394452007896124
9275,0.5520555323092989,0.3495429580414002,0.05445698957033956,0.04394452007896124
9276,0.5520555323092989,0.3495429580414002,0.05445698957033956,0.04394452007896124
9277,0.5520555323092989,0.3495429580414002,0.05445698957033956,0.04394452007896124
9278,0.5520555323092989,0.3495429580414002,0.05445698957033956,0.04394452007896124
9279,0.5520555323092989,0.3495429580414002,0.05445698957033956,0.04394452007896124
9280,0.5520555323092989,0.3495429580414002,0.05445698957033956,0.04394452007896124
9281,0.5520555323092989,0.3495429580414002,0.05445698957033956,0.04394452007896124
9282,0.5520555323092989,0.3495429580414002,0.05445698957033956,0.04394452007896124
9283,0.5520555323092989,0.3495429580414002,0.05445698957033956,0.04394452007896124
9284,0.5520555323092989,0.3495429580414002,0.05445698957033956,0.04394452007896124
9285,0.5520555323092989,0.3495429580414002,0.05445698957033956,0.04394452007896124
9286,0.5520555323092989,0.3495429580414002,0.05445698957033956,0.04394452007896124
9287,0.5520555323092989,0.3495429580414002,0.05445698957033956,0.04394452007896124
9288,0.5520555323092989,0.3495429580414002,0.05445698957033956,0.04394452007896124
9289,0.5520555323092989,0.3495429580414002,0.05445698957033956,0.04394452007896124
9290,0.5520555323092989,0.3495429580414002,0.05445698957033956,0.04394452007896124
9291,0.5520555323092989,0.3495429580414002,0.05445698957033956,0.04394452007896124
9292,0.5520555323092989,0.3495429580414002,0.05445698957033956,0.04394452007896124
9293,0.5520555323092989,0.3495429580414002,0.05445698957033956,0.04394452007896124
9294,0.5520555323092989,0.3495429580414002,0.05445698957033956,0.04394452007896124
9295,0.5520555323092989,0.3495429580414002,0.05445698957033956,0.04394452007896124
9296,0.5520555323092989,0.3495429580414002,0.05445698957033956,0.04394452007896124
9297,0.5520555323092989,0.3495429580414002,0.05445698957033956,0.04394452007896124
9298,0.5520555323092989,0.3495429580414002,0.05445698957033956,0.04394452007896124
9299,0.5520555323092989,0.3495429580414002,0.05445698957033956,0.04394452007896124
9300,0.5605682895062619,0.34880808623356907,0.04531181213008442,0.04531181213008442
9301,0.5605682895062619,0.34880808623356907,0.04531181213008442,0.04531181213008442
9302,0.5605682895062619,0.34880808623356907,0.04531181213008442,0.04531181213008442
9303,0.5605682895062619,0.34880808623356907,0.04531181213008442,0.04531181213008442
9304,0.5605682895062619,0.34880808623356907,0.04531181213008442,0.04531181213008442
9305,0.5605682895062619,0.34880808623356907,0.04531181213008442,0.04531181213008442
9306,0.5605682895062619,0.34880808623356907,0.04531181213008442,0.04531181213008442
9307,0.5605682895062619,0.34880808623356907,0.04531181213008442,0.04531181213008442
9308,0.5605682895062619,0.34880808623356907,0.04531181213008442,0.04531181213008442
9309,0.5605682895062619,0.34880808623356907,0.04531181213008442,0.04531181213008442
9310,0.5605682895062619,0.34880808623356907,0.04531181213008442,0.04531181213008442
9311,0.5605682895062619,0.34880808623356907,0.04531181213008442,0.04531181213008442
9312,0.5605682895062619,0.34880808623356907,0.04531181213008442,0.04531181213008442
9313,0.5605682895062619,0.34880808623356907,0.04531181213008442,0.04531181213008442
9314,0.5605682895062619,0.34880808623356907,0.04531181213008442,0.04531181213008442
9315,0.5605682895062619,0.34880808623356907,0.04531181213008442,0.04531181213008442
9316,0.5605682895062619,0.34880808623356907,0.04531181213008442,0.04531181213008442
9317,0.5605682895062619,0.34880808623356907,0.04531181213008442,0.04531181213008442
9318,0.5605682895062619,0.34880808623356907,0.04531181213008442,0.04531181213008442
9319,0.5605682895062619,0.34880808623356907,0.04531181213008442,0.04531181213008442
9320,0.5605682895062619,0.34880808623356907,0.04531181213008442,0.04531181213008442
9321,0.5605682895062619,0.34880808623356907,0.04531181213008442,0.04531181213008442
9322,0.5605682895062619,0.34880808623356907,0.04531181213008442,0.04531181213008442
9323,0.5605682895062619,0.34880808623356907,0.04531181213008442,0.04531181213008442
9324,0.5605682895062619,0.34880808623356907,0.04531181213008442,0.04531181213008442
9325,0.5605682895062619,0.34880808623356907,0.04531181213008442,0.04531181213008442
9326,0.5605682895062619,0.34880808623356907,0.04531181213008442,0.04531181213008442
9327,0.5605682895062619,0.34880808623356907,0.04531181213008442,0.04531181213008442
9328,0.5605682895062619,0.34880808623356907,0.04531181213008442,0.04531181213008442
9329,0.5605682895062619,0.34880808623356907,0.04531181213008442,0.04531181213008442
9330,0.5605682895062619,0.34880808623356907,0.04531181213008442,0.04531181213008442
9331,0.5605682895062619,0.34880808623356907,0.04531181213008442,0.04531181213008442
9332,0.5605682895062619,0.34880808623356907,0.04531181213008442,0.04531181213008442
9333,0.5605682895062619,0.34880808623356907,0.04531181213008442,0.04531181213008442
9334,0.5605682895062619,0.34880808623356907,0.04531181213008442,0.04531181213008442
9335,0.5605682895062619,0.34880808623356907,0.04531181213008442,0.04531181213008442
9336,0.5605682895062619,0.34880808623356907,0.04531181213008442,0.04531181213008442
9337,0.5605682895062619,0.34880808623356907,0.04531181213008442,0.04531181213008442
9338,0.5605682895062619,0.34880808623356907,0.04531181213008442,0.04531181213008442
9339,0.5605682895062619,0.34880808623356907,0.04531181213008442,0.04531181213008442
9340,0.5605682895062619,0.34880808623356907,0.04531181213008442,0.04531181213008442
9341,0.5605682895062619,0.34880808623356907,0.04531181213008442,0.04531181213008442
9342,0.5605682895062619,0.34880808623356907,0.04531181213008442,0.04531181213008442
9343,0.5605682895062619,0.34880808623356907,0.04531181213008442,0.04531181213008442
9344,0.5605682895062619,0.34880808623356907,0.04531181213008442,0.04531181213008442
9345,0.5605682895062619,0.34880808623356907,0.04531181213008442,0.04531181213008442
9346,0.5605682895062619,0.34880808623356907,0.04531181213008442,0.04531181213008442
9347,0.5605682895062619,0.34880808623356907,0.04531181213008442,0.04531181213008442
9348,0.5605682895062619,0.34880808623356907,0.04531181213008442,0.04531181213008442
9349,0.5605682895062619,0.34880808623356907,0.04531181213008442,0.04531181213008442
9350,0.5605682895062619,0.34880808623356907,0.04531181213008442,0.04531181213008442
9351,0.5605682895062619,0.34880808623356907,0.04531181213008442,0.04531181213008442
9352,0.5605682895062619,0.34880808623356907,0.04531181213008442,0.04531181213008442
9353,0.5605682895062619,0.34880808623356907,0.04531181213008442,0.04531181213008442
9354,0.5605682895062619,0.34880808623356907,0.04531181213008442,0.04531181213008442
9355,0.5605682895062619,0.34880808623356907,0.04531181213008442,0.04531181213008442
9356,0.5605682895062619,0.34880808623356907,0.04531181213008442,0.04531181213008442
9357,0.5605682895062619,0.34880808623356907,0.04531181213008442,0.04531181213008442
9358,0.5605682895062619,0.34880808623356907,0.04531181213008442,0.04531181213008442
9359,0.5605682895062619,0.34880808623356907,0.04531181213008442,0.04531181213008442
9360,0.5605682895062619,0.34880808623356907,0.04531181213008442,0.04531181213008442
9361,0.5605682895062619,0.34880808623356907,0.04531181213008442,0.04531181213008442
9362,0.5605682895062619,0.34880808623356907,0.04531181213008442,0.04531181213008442
9363,0.5605682895062619,0.34880808623356907,0.04531181213008442,0.04531181213008442
9364,0.5605682895062619,0.34880808623356907,0.04531181213008442,0.04531181213008442
9365,0.5605682895062619,0.34880808623356907,0.04531181213008442,0.04531181213008442
9366,0.5605682895062619,0.34880808623356907,0.04531181213008442,0.04531181213008442
9367,0.5605682895062619,0.34880808623356907,0.04531181213008442,0.04531181213008442
9368,0.5605682895062619,0.34880808623356907,0.04531181213008442,0.04531181213008442
9369,0.5605682895062619,0.34880808623356907,0.04531181213008442,0.04531181213008442
9370,0.5605682895062619,0.34880808623356907,0.04531181213008442,0.04531181213008442
9371,0.5605682895062619,0.34880808623356907,0.04531181213008442,0.04531181213008442
9372,0.5605682895062619,0.34880808623356907,0.04531181213008442,0.04531181213008442
9373,0.5605682895062619,0.34880808623356907,0.04531181213008442,0.04531181213008442
9374,0.5605682895062619,0.34880808623356907,0.04531181213008442,0.04531181213008442
9375,0.5605682895062619,0.34880808623356907,0.04531181213008442,0.04531181213008442
9376,0.5605682895062619,0.34880808623356907,0.04531181213008442,0.04531181213008442
9377,0.5605682895062619,0.34880808623356907,0.04531181213008442,0.04531181213008442
9378,0.5605682895062619,0.34880808623356907,0.04531181213008442,0.04531181213008442
9379,0.5605682895062619,0.34880808623356907,0.04531181213008442,0.04531181213008442
9380,0.5605682895062619,0.34880808623356907,0.04531181213008442,0.04531181213008442
9381,0.5605682895062619,0.34880808623356907,0.04531181213008442,0.04531181213008442
9382,0.5605682895062619,0.34880808623356907,0.04531181213008442,0.04531181213008442
9383,0.5605682895062619,0.34880808623356907,0.04531181213008442,0.04531181213008442
9384,0.5605682895062619,0.34880808623356907,0.04531181213008442,0.04531181213008442
9385,0.5605682895062619,0.34880808623356907,0.04531181213008442,0.04531181213008442
9386,0.5605682895062619,0.34880808623356907,0.04531181213008442,0.04531181213008442
9387,0.5605682895062619,0.34880808623356907,0.04531181213008442,0.04531181213008442
9388,0.5605682895062619,0.34880808623356907,0.04531181213008442,0.04531181213008442
9389,0.5605682895062619,0.34880808623356907,0.04531181213008442,0.04531181213008442
9390,0.5605682895062619,0.34880808623356907,0.04531181213008442,0.04531181213008442
9391,0.5605682895062619,0.34880808623356907,0.04531181213008442,0.04531181213008442
9392,0.5605682895062619,0.34880808623356907,0.04531181213008442,0.04531181213008442
9393,0.5605682895062619,0.34880808623356907,0.04531181213008442,0.04531181213008442
9394,0.5605682895062619,0.34880808623356907,0.04531181213008442,0.04531181213008442
9395,0.5605682895062619,0.34880808623356907,0.04531181213008442,0.04531181213008442
9396,0.5605682895062619,0.34880808623356907,0.04531181213008442,0.04531181213008442
9397,0.5605682895062619,0.34880808623356907,0.04531181213008442,0.04531181213008442
9398,0.5605682895062619,0.34880808623356907,0.04531181213008442,0.04531181213008442
9399,0.5605682895062619,0.34880808623356907,0.04531181213008442,0.04531181213008442
9400,0.5920549441628001,0.31750092560078985,0.04522206511820498,0.04522206511820498
9401,0.5920549441628001,0.31750092560078985,0.04522206511820498,0.04522206511820498
9402,0.5920549441628001,0.31750092560078985,0.04522206511820498,0.04522206511820498
9403,0.5920549441628001,0.31750092560078985,0.04522206511820498,0.04522206511820498
9404,0.5920549441628001,0.31750092560078985,0.04522206511820498,0.04522206511820498
9405,0.5920549441628001,0.31750092560078985,0.04522206511820498,0.04522206511820498
9406,0.5920549441628001,0.31750092560078985,0.04522206511820498,0.04522206511820498
9407,0.5920549441628001,0.31750092560078985,0.04522206511820498,0.04522206511820498
9408,0.5920549441628001,0.31750092560078985,0.04522206511820498,0.04522206511820498
9409,0.5920549441628001,0.31750092560078985,0.04522206511820498,0.04522206511820498
9410,0.5920549441628001,0.31750092560078985,0.04522206511820498,0.04522206511820498
9411,0.5920549441628001,0.31750092560078985,0.04522206511820498,0.04522206511820498
9412,0.5920549441628001,0.31750092560078985,0.04522206511820498,0.04522206511820498
9413,0.5920549441628001,0.31750092560078985,0.04522206511820498,0.04522206511820498
9414,0.5920549441628001,0.31750092560078985,0.04522206511820498,0.04522206511820498
9415,0.5920549441628001,0.31750092560078985,0.04522206511820498,0.04522206511820498
9416,0.5920549441628001,0.31750092560078985,0.04522206511820498,0.04522206511820498
9417,0.5920549441628001,0.31750092560078985,0.04522206511820498,0.04522206511820498
9418,0.5920549441628001,0.31750092560078985,0.04522206511820498,0.04522206511820498
9419,0.5920549441628001,0.31750092560078985,0.04522206511820498,0.04522206511820498
9420,0.5920549441628001,0.31750092560078985,0.04522206511820498,0.04522206511820498
9421,0.5920549441628001,0.31750092560078985,0.04522206511820498,0.04522206511820498
9422,0.5920549441628001,0.31750092560078985,0.04522206511820498,0.04522206511820498
9423,0.5920549441628001,0.31750092560078985,0.04522206511820498,0.04522206511820498
9424,0.5920549441628001,0.31750092560078985,0.04522206511820498,0.04522206511820498
9425,0.5920549441628001,0.31750092560078985,0.04522206511820498,0.04522206511820498
9426,0.5920549441628001,0.31750092560078985,0.04522206511820498,0.04522206511820498
9427,0.5920549441628001,0.31750092560078985,0.04522206511820498,0.04522206511820498
9428,0.5920549441628001,0.31750092560078985,0.04522206511820498,0.04522206511820498
9429,0.5920549441628001,0.31750092560078985,0.04522206511820498,0.04522206511820498
9430,0.5920549441628001,0.31750092560078985,0.04522206511820498,0.04522206511820498
9431,0.5920549441628001,0.31750092560078985,0.04522206511820498,0.04522206511820498
9432,0.5920549441628001,0.31750092560078985,0.04522206511820498,0.04522206511820498
9433,0.5920549441628001,0.31750092560078985,0.04522206511820498,0.04522206511820498
9434,0.5920549441628001,0.31750092560078985,0.04522206511820498,0.04522206511820498
9435,0.5920549441628001,0.31750092560078985,0.04522206511820498,0.04522206511820498
9436,0.5920549441628001,0.31750092560078985,0.04522206511820498,0.04522206511820498
9437,0.5920549441628001,0.31750092560078985,0.04522206511820498,0.04522206511820498
9438,0.5920549441628001,0.31750092560078985,0.04522206511820498,0.04522206511820498
9439,0.5920549441628001,0.31750092560078985,0.04522206511820498,0.04522206511820498
9440,0.5920549441628001,0.31750092560078985,0.04522206511820498,0.04522206511820498
9441,0.5920549441628001,0.31750092560078985,0.04522206511820498,0.04522206511820498
9442,0.5920549441628001,0.31750092560078985,0.04522206511820498,0.04522206511820498
9443,0.5920549441628001,0.31750092560078985,0.04522206511820498,0.04522206511820498
9444,0.5920549441628001,0.31750092560078985,0.04522206511820498,0.04522206511820498
9445,0.5920549441628001,0.31750092560078985,0.04522206511820498,0.04522206511820498
9446,0.5920549441628001,0.31750092560078985,0.04522206511820498,0.04522206511820498
9447,0.5920549441628001,0.31750092560078985,0.04522206511820498,0.04522206511820498
9448,0.5920549441628001,0.31750092560078985,0.04522206511820498,0.04522206511820498
9449,0.5920549441628001,0.31750092560078985,0.04522206511820498,0.04522206511820498
9450,0.5920549441628001,0.31750092560078985,0.04522206511820498,0.04522206511820498
9451,0.5920549441628001,0.31750092560078985,0.04522206511820498,0.04522206511820498
9452,0.5920549441628001,0.31750092560078985,0.04522206511820498,0.04522206511820498
9453,0.5920549441628001,0.31750092560078985,0.04522206511820498,0.04522206511820498
9454,0.5920549441628001,0.31750092560078985,0.04522206511820498,0.04522206511820498
9455,0.5920549441628001,0.31750092560078985,0.04522206511820498,0.04522206511820498
9456,0.5920549441628001,0.31750092560078985,0.04522206511820498,0.04522206511820498
9457,0.5920549441628001,0.31750092560078985,0.04522206511820498,0.04522206511820498
9458,0.5920549441628001,0.31750092560078985,0.04522206511820498,0.04522206511820498
9459,0.5920549441628001,0.31750092560078985,0.04522206511820498,0.04522206511820498
9460,0.5920549441628001,0.31750092560078985,0.04522206511820498,0.04522206511820498
9461,0.5920549441628001,0.31750092560078985,0.04522206511820498,0.04522206511820498
9462,0.5920549441628001,0.31750092560078985,0.04522206511820498,0.04522206511820498
9463,0.5920549441628001,0.31750092560078985,0.04522206511820498,0.04522206511820498
9464,0.5920549441628001,0.31750092560078985,0.04522206511820498,0.04522206511820498
9465,0.5920549441628001,0.31750092560078985,0.04522206511820498,0.04522206511820498
9466,0.5920549441628001,0.31750092560078985,0.04522206511820498,0.04522206511820498
9467,0.5920549441628001,0.31750092560078985,0.04522206511820498,0.04522206511820498
9468,0.5920549441628001,0.31750092560078985,0.04522206511820498,0.04522206511820498
9469,0.5920549441628001,0.31750092560078985,0.04522206511820498,0.04522206511820498
9470,0.5920549441628001,0.31750092560078985,0.04522206511820498,0.04522206511820498
9471,0.5920549441628001,0.31750092560078985,0.04522206511820498,0.04522206511820498
9472,0.5920549441628001,0.31750092560078985,0.04522206511820498,0.04522206511820498
9473,0.5920549441628001,0.31750092560078985,0.04522206511820498,0.04522206511820498
9474,0.5920549441628001,0.31750092560078985,0.04522206511820498,0.04522206511820498
9475,0.5920549441628001,0.31750092560078985,0.04522206511820498,0.04522206511820498
9476,0.5920549441628001,0.31750092560078985,0.04522206511820498,0.04522206511820498
9477,0.5920549441628001,0.31750092560078985,0.04522206511820498,0.04522206511820498
9478,0.5920549441628001,0.31750092560078985,0.04522206511820498,0.04522206511820498
9479,0.5920549441628001,0.31750092560078985,0.04522206511820498,0.04522206511820498
9480,0.5920549441628001,0.31750092560078985,0.04522206511820498,0.04522206511820498
9481,0.5920549441628001,0.31750092560078985,0.04522206511820498,0.04522206511820498
9482,0.5920549441628001,0.31750092560078985,0.04522206511820498,0.04522206511820498
9483,0.5920549441628001,0.31750092560078985,0.04522206511820498,0.04522206511820498
9484,0.5920549441628001,0.31750092560078985,0.04522206511820498,0.04522206511820498
9485,0.5920549441628001,0.31750092560078985,0.04522206511820498,0.04522206511820498
9486,0.5920549441628001,0.31750092560078985,0.04522206511820498,0.04522206511820498
9487,0.5920549441628001,0.31750092560078985,0.04522206511820498,0.04522206511820498
9488,0.5920549441628001,0.31750092560078985,0.04522206511820498,0.04522206511820498
9489,0.5920549441628001,0.31750092560078985,0.04522206511820498,0.04522206511820498
9490,0.5920549441628001,0.31750092560078985,0.04522206511820498,0.04522206511820498
9491,0.5920549441628001,0.31750092560078985,0.04522206511820498,0.04522206511820498
9492,0.5920549441628001,0.31750092560078985,0.04522206511820498,0.04522206511820498
9493,0.5920549441628001,0.31750092560078985,0.04522206511820498,0.04522206511820498
9494,0.5920549441628001,0.31750092560078985,0.04522206511820498,0.04522206511820498
9495,0.5920549441628001,0.31750092560078985,0.04522206511820498,0.04522206511820498
9496,0.5920549441628001,0.31750092560078985,0.04522206511820498,0.04522206511820498
9497,0.5920549441628001,0.31750092560078985,0.04522206511820498,0.04522206511820498
9498,0.5920549441628001,0.31750092560078985,0.04522206511820498,0.04522206511820498
9499,0.5920549441628001,0.31750092560078985,0.04522206511820498,0.04522206511820498
9500,0.6276699268135874,0.2767910130629802,0.0477695300617162,0.0477695300617162
9501,0.6276699268135874,0.2767910130629802,0.0477695300617162,0.0477695300617162
9502,0.6276699268135874,0.2767910130629802,0.0477695300617162,0.0477695300617162
9503,0.6276699268135874,0.2767910130629802,0.0477695300617162,0.0477695300617162
9504,0.6276699268135874,0.2767910130629802,0.0477695300617162,0.0477695300617162
9505,0.6276699268135874,0.2767910130629802,0.0477695300617162,0.0477695300617162
9506,0.6276699268135874,0.2767910130629802,0.0477695300617162,0.0477695300617162
9507,0.6276699268135874,0.2767910130629802,0.0477695300617162,0.0477695300617162
9508,0.6276699268135874,0.2767910130629802,0.0477695300617162,0.0477695300617162
9509,0.6276699268135874,0.2767910130629802,0.0477695300617162,0.0477695300617162
9510,0.6276699268135874,0.2767910130629802,0.0477695300617162,0.0477695300617162
9511,0.6276699268135874,0.2767910130629802,0.0477695300617162,0.0477695300617162
9512,0.6276699268135874,0.2767910130629802,0.0477695300617162,0.0477695300617162
9513,0.6276699268135874,0.2767910130629802,0.0477695300617162,0.0477695300617162
9514,0.6276699268135874,0.2767910130629802,0.0477695300617162,0.0477695300617162
9515,0.6276699268135874,0.2767910130629802,0.0477695300617162,0.0477695300617162
9516,0.6276699268135874,0.2767910130629802,0.0477695300617162,0.0477695300617162
9517,0.6276699268135874,0.2767910130629802,0.0477695300617162,0.0477695300617162
9518,0.6276699268135874,0.2767910130629802,0.0477695300617162,0.0477695300617162
9519,0.6276699268135874,0.2767910130629802,0.0477695300617162,0.0477695300617162
9520,0.6276699268135874,0.2767910130629802,0.0477695300617162,0.0477695300617162
9521,0.6276699268135874,0.2767910130629802,0.0477695300617162,0.0477695300617162
9522,0.6276699268135874,0.2767910130629802,0.0477695300617162,0.0477695300617162
9523,0.6276699268135874,0.2767910130629802,0.0477695300617162,0.0477695300617162
9524,0.6276699268135874,0.2767910130629802,0.0477695300617162,0.0477695300617162
9525,0.6276699268135874,0.2767910130629802,0.0477695300617162,0.0477695300617162
9526,0.6276699268135874,0.2767910130629802,0.0477695300617162,0.0477695300617162
9527,0.6276699268135874,0.2767910130629802,0.0477695300617162,0.0477695300617162
9528,0.6276699268135874,0.2767910130629802,0.0477695300617162,0.0477695300617162
9529,0.6276699268135874,0.2767910130629802,0.0477695300617162,0.0477695300617162
9530,0.6276699268135874,0.2767910130629802,0.0477695300617162,0.0477695300617162
9531,0.6276699268135874,0.2767910130629802,0.0477695300617162,0.0477695300617162
9532,0.6276699268135874,0.2767910130629802,0.0477695300617162,0.0477695300617162
9533,0.6276699268135874,0.2767910130629802,0.0477695300617162,0.0477695300617162
9534,0.6276699268135874,0.2767910130629802,0.0477695300617162,0.0477695300617162
9535,0.6276699268135874,0.2767910130629802,0.0477695300617162,0.0477695300617162
9536,0.6276699268135874,0.2767910130629802,0.0477695300617162,0.0477695300617162
9537,0.6276699268135874,0.2767910130629802,0.0477695300617162,0.0477695300617162
9538,0.6276699268135874,0.2767910130629802,0.0477695300617162,0.0477695300617162
9539,0.6276699268135874,0.2767910130629802,0.0477695300617162,0.0477695300617162
9540,0.6276699268135874,0.2767910130629802,0.0477695300617162,0.0477695300617162
9541,0.6276699268135874,0.2767910130629802,0.0477695300617162,0.0477695300617162
9542,0.6276699268135874,0.2767910130629802,0.0477695300617162,0.0477695300617162
9543,0.6276699268135874,0.2767910130629802,0.0477695300617162,0.0477695300617162
9544,0.6276699268135874,0.2767910130629802,0.0477695300617162,0.0477695300617162
9545,0.6276699268135874,0.2767910130629802,0.0477695300617162,0.0477695300617162
9546,0.6276699268135874,0.2767910130629802,0.0477695300617162,0.0477695300617162
9547,0.6276699268135874,0.2767910130629802,0.0477695300617162,0.0477695300617162
9548,0.6276699268135874,0.2767910130629802,0.0477695300617162,0.0477695300617162
9549,0.6276699268135874,0.2767910130629802,0.0477695300617162,0.0477695300617162
9550,0.6276699268135874,0.2767910130629802,0.0477695300617162,0.0477695300617162
9551,0.6276699268135874,0.2767910130629802,0.0477695300617162,0.0477695300617162
9552,0.6276699268135874,0.2767910130629802,0.0477695300617162,0.0477695300617162
9553,0.6276699268135874,0.2767910130629802,0.0477695300617162,0.0477695300617162
9554,0.6276699268135874,0.2767910130629802,0.0477695300617162,0.0477695300617162
9555,0.6276699268135874,0.2767910130629802,0.0477695300617162,0.0477695300617162
9556,0.6276699268135874,0.2767910130629802,0.0477695300617162,0.0477695300617162
9557,0.6276699268135874,0.2767910130629802,0.0477695300617162,0.0477695300617162
9558,0.6276699268135874,0.2767910130629802,0.0477695300617162,0.0477695300617162
9559,0.6276699268135874,0.2767910130629802,0.0477695300617162,0.0477695300617162
9560,0.6276699268135874,0.2767910130629802,0.0477695300617162,0.0477695300617162
9561,0.6276699268135874,0.2767910130629802,0.0477695300617162,0.0477695300617162
9562,0.6276699268135874,0.2767910130629802,0.0477695300617162,0.0477695300617162
9563,0.6276699268135874,0.2767910130629802,0.0477695300617162,0.0477695300617162
9564,0.6276699268135874,0.2767910130629802,0.0477695300617162,0.0477695300617162
9565,0.6276699268135874,0.2767910130629802,0.0477695300617162,0.0477695300617162
9566,0.6276699268135874,0.2767910130629802,0.0477695300617162,0.0477695300617162
9567,0.6276699268135874,0.2767910130629802,0.0477695300617162,0.0477695300617162
9568,0.6276699268135874,0.2767910130629802,0.0477695300617162,0.0477695300617162
9569,0.6276699268135874,0.2767910130629802,0.0477695300617162,0.0477695300617162
9570,0.6276699268135874,0.2767910130629802,0.0477695300617162,0.0477695300617162
9571,0.6276699268135874,0.2767910130629802,0.0477695300617162,0.0477695300617162
9572,0.6276699268135874,0.2767910130629802,0.0477695300617162,0.0477695300617162
9573,0.6276699268135874,0.2767910130629802,0.0477695300617162,0.0477695300617162
9574,0.6276699268135874,0.2767910130629802,0.0477695300617162,0.0477695300617162
9575,0.6276699268135874,0.2767910130629802,0.0477695300617162,0.0477695300617162
9576,0.6276699268135874,0.2767910130629802,0.0477695300617162,0.0477695300617162
9577,0.6276699268135874,0.2767910130629802,0.0477695300617162,0.0477695300617162
9578,0.6276699268135874,0.2767910130629802,0.0477695300617162,0.0477695300617162
9579,0.6276699268135874,0.2767910130629802,0.0477695300617162,0.0477695300617162
9580,0.6276699268135874,0.2767910130629802,0.0477695300617162,0.0477695300617162
9581,0.6276699268135874,0.2767910130629802,0.0477695300617162,0.0477695300617162
9582,0.6276699268135874,0.2767910130629802,0.0477695300617162,0.0477695300617162
9583,0.6276699268135874,0.2767910130629802,0.0477695300617162,0.0477695300617162
9584,0.6276699268135874,0.2767910130629802,0.0477695300617162,0.0477695300617162
9585,0.6276699268135874,0.2767910130629802,0.0477695300617162,0.0477695300617162
9586,0.6276699268135874,0.2767910130629802,0.0477695300617162,0.0477695300617162
9587,0.6276699268135874,0.2767910130629802,0.0477695300617162,0.0477695300617162
9588,0.6276699268135874,0.2767910130629802,0.0477695300617162,0.0477695300617162
9589,0.6276699268135874,0.2767910130629802,0.0477695300617162,0.0477695300617162
9590,0.6276699268135874,0.2767910130629802,0.0477695300617162,0.0477695300617162
9591,0.6276699268135874,0.2767910130629802,0.0477695300617162,0.0477695300617162
9592,0.6276699268135874,0.2767910130629802,0.0477695300617162,0.0477695300617162
9593,0.6276699268135874,0.2767910130629802,0.0477695300617162,0.0477695300617162
9594,0.6276699268135874,0.2767910130629802,0.0477695300617162,0.0477695300617162
9595,0.6276699268135874,0.2767910130629802,0.0477695300617162,0.0477695300617162
9596,0.6276699268135874,0.2767910130629802,0.0477695300617162,0.0477695300617162
9597,0.6276699268135874,0.2767910130629802,0.0477695300617162,0.0477695300617162
9598,0.6276699268135874,0.2767910130629802,0.0477695300617162,0.0477695300617162
9599,0.6276699268135874,0.2767910130629802,0.0477695300617162,0.0477695300617162
9600,0.6186565472511616,0.2866971569025434,0.04732314792314752,0.04732314792314752
9601,0.6186565472511616,0.2866971569025434,0.04732314792314752,0.04732314792314752
9602,0.6186565472511616,0.2866971569025434,0.04732314792314752,0.04732314792314752
9603,0.6186565472511616,0.2866971569025434,0.04732314792314752,0.04732314792314752
9604,0.6186565472511616,0.2866971569025434,0.04732314792314752,0.04732314792314752
9605,0.6186565472511616,0.2866971569025434,0.04732314792314752,0.04732314792314752
9606,0.6186565472511616,0.2866971569025434,0.04732314792314752,0.04732314792314752
9607,0.6186565472511616,0.2866971569025434,0.04732314792314752,0.04732314792314752
9608,0.6186565472511616,0.2866971569025434,0.04732314792314752,0.04732314792314752
9609,0.6186565472511616,0.2866971569025434,0.04732314792314752,0.04732314792314752
9610,0.6186565472511616,0.2866971569025434,0.04732314792314752,0.04732314792314752
9611,0.6186565472511616,0.2866971569025434,0.04732314792314752,0.04732314792314752
9612,0.6186565472511616,0.2866971569025434,0.04732314792314752,0.04732314792314752
9613,0.6186565472511616,0.2866971569025434,0.04732314792314752,0.04732314792314752
9614,0.6186565472511616,0.2866971569025434,0.04732314792314752,0.04732314792314752
9615,0.6186565472511616,0.2866971569025434,0.04732314792314752,0.04732314792314752
9616,0.6186565472511616,0.2866971569025434,0.04732314792314752,0.04732314792314752
9617,0.6186565472511616,0.2866971569025434,0.04732314792314752,0.04732314792314752
9618,0.6186565472511616,0.2866971569025434,0.04732314792314752,0.04732314792314752
9619,0.6186565472511616,0.2866971569025434,0.04732314792314752,0.04732314792314752
9620,0.6186565472511616,0.2866971569025434,0.04732314792314752,0.04732314792314752
9621,0.6186565472511616,0.2866971569025434,0.04732314792314752,0.04732314792314752
9622,0.6186565472511616,0.2866971569025434,0.04732314792314752,0.04732314792314752
9623,0.6186565472511616,0.2866971569025434,0.04732314792314752,0.04732314792314752
9624,0.6186565472511616,0.2866971569025434,0.04732314792314752,0.04732314792314752
9625,0.6186565472511616,0.2866971569025434,0.04732314792314752,0.04732314792314752
9626,0.6186565472511616,0.2866971569025434,0.04732314792314752,0.04732314792314752
9627,0.6186565472511616,0.2866971569025434,0.04732314792314752,0.04732314792314752
9628,0.6186565472511616,0.2866971569025434,0.04732314792314752,0.04732314792314752
9629,0.6186565472511616,0.2866971569025434,0.04732314792314752,0.04732314792314752
9630,0.6186565472511616,0.2866971569025434,0.04732314792314752,0.04732314792314752
9631,0.6186565472511616,0.2866971569025434,0.04732314792314752,0.04732314792314752
9632,0.6186565472511616,0.2866971569025434,0.04732314792314752,0.04732314792314752
9633,0.6186565472511616,0.2866971569025434,0.04732314792314752,0.04732314792314752
9634,0.6186565472511616,0.2866971569025434,0.04732314792314752,0.04732314792314752
9635,0.6186565472511616,0.2866971569025434,0.04732314792314752,0.04732314792314752
9636,0.6186565472511616,0.2866971569025434,0.04732314792314752,0.04732314792314752
9637,0.6186565472511616,0.2866971569025434,0.04732314792314752,0.04732314792314752
9638,0.6186565472511616,0.2866971569025434,0.04732314792314752,0.04732314792314752
9639,0.6186565472511616,0.2866971569025434,0.04732314792314752,0.04732314792314752
9640,0.6186565472511616,0.2866971569025434,0.04732314792314752,0.04732314792314752
9641,0.6186565472511616,0.2866971569025434,0.04732314792314752,0.04732314792314752
9642,0.6186565472511616,0.2866971569025434,0.04732314792314752,0.04732314792314752
9643,0.6186565472511616,0.2866971569025434,0.04732314792314752,0.04732314792314752
9644,0.6186565472511616,0.2866971569025434,0.04732314792314752,0.04732314792314752
9645,0.6186565472511616,0.2866971569025434,0.04732314792314752,0.04732314792314752
9646,0.6186565472511616,0.2866971569025434,0.04732314792314752,0.04732314792314752
9647,0.6186565472511616,0.2866971569025434,0.04732314792314752,0.04732314792314752
9648,0.6186565472511616,0.2866971569025434,0.04732314792314752,0.04732314792314752
9649,0.6186565472511616,0.2866971569025434,0.04732314792314752,0.04732314792314752
9650,0.6186565472511616,0.2866971569025434,0.04732314792314752,0.04732314792314752
9651,0.6186565472511616,0.2866971569025434,0.04732314792314752,0.04732314792314752
9652,0.6186565472511616,0.2866971569025434,0.04732314792314752,0.04732314792314752
9653,0.6186565472511616,0.2866971569025434,0.04732314792314752,0.04732314792314752
9654,0.6186565472511616,0.2866971569025434,0.04732314792314752,0.04732314792314752
9655,0.6186565472511616,0.2866971569025434,0.04732314792314752,0.04732314792314752
9656,0.6186565472511616,0.2866971569025434,0.04732314792314752,0.04732314792314752
9657,0.6186565472511616,0.2866971569025434,0.04732314792314752,0.04732314792314752
9658,0.6186565472511616,0.2866971569025434,0.04732314792314752,0.04732314792314752
9659,0.6186565472511616,0.2866971569025434,0.04732314792314752,0.04732314792314752
9660,0.6186565472511616,0.2866971569025434,0.04732314792314752,0.04732314792314752
9661,0.6186565472511616,0.2866971569025434,0.04732314792314752,0.04732314792314752
9662,0.6186565472511616,0.2866971569025434,0.04732314792314752,0.04732314792314752
9663,0.6186565472511616,0.2866971569025434,0.04732314792314752,0.04732314792314752
9664,0.6186565472511616,0.2866971569025434,0.04732314792314752,0.04732314792314752
9665,0.6186565472511616,0.2866971569025434,0.04732314792314752,0.04732314792314752
9666,0.6186565472511616,0.2866971569025434,0.04732314792314752,0.04732314792314752
9667,0.6186565472511616,0.2866971569025434,0.04732314792314752,0.04732314792314752
9668,0.6186565472511616,0.2866971569025434,0.04732314792314752,0.04732314792314752
9669,0.6186565472511616,0.2866971569025434,0.04732314792314752,0.04732314792314752
9670,0.6186565472511616,0.2866971569025434,0.04732314792314752,0.04732314792314752
9671,0.6186565472511616,0.2866971569025434,0.04732314792314752,0.04732314792314752
9672,0.6186565472511616,0.2866971569025434,0.04732314792314752,0.04732314792314752
9673,0.6186565472511616,0.2866971569025434,0.04732314792314752,0.04732314792314752
9674,0.6186565472511616,0.2866971569025434,0.04732314792314752,0.04732314792314752
9675,0.6186565472511616,0.2866971569025434,0.04732314792314752,0.04732314792314752
9676,0.6186565472511616,0.2866971569025434,0.04732314792314752,0.04732314792314752
9677,0.6186565472511616,0.2866971569025434,0.04732314792314752,0.04732314792314752
9678,0.6186565472511616,0.2866971569025434,0.04732314792314752,0.04732314792314752
9679,0.6186565472511616,0.2866971569025434,0.04732314792314752,0.04732314792314752
9680,0.6186565472511616,0.2866971569025434,0.04732314792314752,0.04732314792314752
9681,0.6186565472511616,0.2866971569025434,0.04732314792314752,0.04732314792314752
9682,0.6186565472511616,0.2866971569025434,0.04732314792314752,0.04732314792314752
9683,0.6186565472511616,0.2866971569025434,0.04732314792314752,0.04732314792314752
9684,0.6186565472511616,0.2866971569025434,0.04732314792314752,0.04732314792314752
9685,0.6186565472511616,0.2866971569025434,0.04732314792314752,0.04732314792314752
9686,0.6186565472511616,0.2866971569025434,0.04732314792314752,0.04732314792314752
9687,0.6186565472511616,0.2866971569025434,0.04732314792314752,0.04732314792314752
9688,0.6186565472511616,0.2866971569025434,0.04732314792314752,0.04732314792314752
9689,0.6186565472511616,0.2866971569025434,0.04732314792314752,0.04732314792314752
9690,0.6186565472511616,0.2866971569025434,0.04732314792314752,0.04732314792314752
9691,0.6186565472511616,0.2866971569025434,0.04732314792314752,0.04732314792314752
9692,0.6186565472511616,0.2866971569025434,0.04732314792314752,0.04732314792314752
9693,0.6186565472511616,0.2866971569025434,0.04732314792314752,0.04732314792314752
9694,0.6186565472511616,0.2866971569025434,0.04732314792314752,0.04732314792314752
9695,0.6186565472511616,0.2866971569025434,0.04732314792314752,0.04732314792314752
9696,0.6186565472511616,0.2866971569025434,0.04732314792314752,0.04732314792314752
9697,0.6186565472511616,0.2866971569025434,0.04732314792314752,0.04732314792314752
9698,0.6186565472511616,0.2866971569025434,0.04732314792314752,0.04732314792314752
9699,0.6186565472511616,0.2866971569025434,0.04732314792314752,0.04732314792314752
9700,0.5625398463965368,0.3561559239977026,0.04065211480288025,0.04065211480288025
9701,0.5625398463965368,0.3561559239977026,0.04065211480288025,0.04065211480288025
9702,0.5625398463965368,0.3561559239977026,0.04065211480288025,0.04065211480288025
9703,0.5625398463965368,0.3561559239977026,0.04065211480288025,0.04065211480288025
9704,0.5625398463965368,0.3561559239977026,0.04065211480288025,0.04065211480288025
9705,0.5625398463965368,0.3561559239977026,0.04065211480288025,0.04065211480288025
9706,0.5625398463965368,0.3561559239977026,0.04065211480288025,0.04065211480288025
9707,0.5625398463965368,0.3561559239977026,0.04065211480288025,0.04065211480288025
9708,0.5625398463965368,0.3561559239977026,0.04065211480288025,0.04065211480288025
9709,0.5625398463965368,0.3561559239977026,0.04065211480288025,0.04065211480288025
9710,0.5625398463965368,0.3561559239977026,0.04065211480288025,0.04065211480288025
9711,0.5625398463965368,0.3561559239977026,0.04065211480288025,0.04065211480288025
9712,0.5625398463965368,0.3561559239977026,0.04065211480288025,0.04065211480288025
9713,0.5625398463965368,0.3561559239977026,0.04065211480288025,0.04065211480288025
9714,0.5625398463965368,0.3561559239977026,0.04065211480288025,0.04065211480288025
9715,0.5625398463965368,0.3561559239977026,0.04065211480288025,0.04065211480288025
9716,0.5625398463965368,0.3561559239977026,0.04065211480288025,0.04065211480288025
9717,0.5625398463965368,0.3561559239977026,0.04065211480288025,0.04065211480288025
9718,0.5625398463965368,0.3561559239977026,0.04065211480288025,0.04065211480288025
9719,0.5625398463965368,0.3561559239977026,0.04065211480288025,0.04065211480288025
9720,0.5625398463965368,0.3561559239977026,0.04065211480288025,0.04065211480288025
9721,0.5625398463965368,0.3561559239977026,0.04065211480288025,0.04065211480288025
9722,0.5625398463965368,0.3561559239977026,0.04065211480288025,0.04065211480288025
9723,0.5625398463965368,0.3561559239977026,0.04065211480288025,0.04065211480288025
9724,0.5625398463965368,0.3561559239977026,0.04065211480288025,0.04065211480288025
9725,0.5625398463965368,0.3561559239977026,0.04065211480288025,0.04065211480288025
9726,0.5625398463965368,0.3561559239977026,0.04065211480288025,0.04065211480288025
9727,0.5625398463965368,0.3561559239977026,0.04065211480288025,0.04065211480288025
9728,0.5625398463965368,0.3561559239977026,0.04065211480288025,0.04065211480288025
9729,0.5625398463965368,0.3561559239977026,0.04065211480288025,0.04065211480288025
9730,0.5625398463965368,0.3561559239977026,0.04065211480288025,0.04065211480288025
9731,0.5625398463965368,0.3561559239977026,0.04065211480288025,0.04065211480288025
9732,0.5625398463965368,0.3561559239977026,0.04065211480288025,0.04065211480288025
9733,0.5625398463965368,0.3561559239977026,0.04065211480288025,0.04065211480288025
9734,0.5625398463965368,0.3561559239977026,0.04065211480288025,0.04065211480288025
9735,0.5625398463965368,0.3561559239977026,0.04065211480288025,0.04065211480288025
9736,0.5625398463965368,0.3561559239977026,0.04065211480288025,0.04065211480288025
9737,0.5625398463965368,0.3561559239977026,0.04065211480288025,0.04065211480288025
9738,0.5625398463965368,0.3561559239977026,0.04065211480288025,0.04065211480288025
9739,0.5625398463965368,0.3561559239977026,0.04065211480288025,0.04065211480288025
9740,0.5625398463965368,0.3561559239977026,0.04065211480288025,0.04065211480288025
9741,0.5625398463965368,0.3561559239977026,0.04065211480288025,0.04065211480288025
9742,0.5625398463965368,0.3561559239977026,0.04065211480288025,0.04065211480288025
9743,0.5625398463965368,0.3561559239977026,0.04065211480288025,0.04065211480288025
9744,0.5625398463965368,0.3561559239977026,0.04065211480288025,0.04065211480288025
9745,0.5625398463965368,0.3561559239977026,0.04065211480288025,0.04065211480288025
9746,0.5625398463965368,0.3561559239977026,0.04065211480288025,0.04065211480288025
9747,0.5625398463965368,0.3561559239977026,0.04065211480288025,0.04065211480288025
9748,0.5625398463965368,0.3561559239977026,0.04065211480288025,0.04065211480288025
9749,0.5625398463965368,0.3561559239977026,0.04065211480288025,0.04065211480288025
9750,0.5625398463965368,0.3561559239977026,0.04065211480288025,0.04065211480288025
9751,0.5625398463965368,0.3561559239977026,0.04065211480288025,0.04065211480288025
9752,0.5625398463965368,0.3561559239977026,0.04065211480288025,0.04065211480288025
9753,0.5625398463965368,0.3561559239977026,0.04065211480288025,0.04065211480288025
9754,0.5625398463965368,0.3561559239977026,0.04065211480288025,0.04065211480288025
9755,0.5625398463965368,0.3561559239977026,0.04065211480288025,0.04065211480288025
9756,0.5625398463965368,0.3561559239977026,0.04065211480288025,0.04065211480288025
9757,0.5625398463965368,0.3561559239977026,0.04065211480288025,0.04065211480288025
9758,0.5625398463965368,0.3561559239977026,0.04065211480288025,0.04065211480288025
9759,0.5625398463965368,0.3561559239977026,0.04065211480288025,0.04065211480288025
9760,0.5625398463965368,0.3561559239977026,0.04065211480288025,0.04065211480288025
9761,0.5625398463965368,0.3561559239977026,0.04065211480288025,0.04065211480288025
9762,0.5625398463965368,0.3561559239977026,0.04065211480288025,0.04065211480288025
9763,0.5625398463965368,0.3561559239977026,0.04065211480288025,0.04065211480288025
9764,0.5625398463965368,0.3561559239977026,0.04065211480288025,0.04065211480288025
9765,0.5625398463965368,0.3561559239977026,0.04065211480288025,0.04065211480288025
9766,0.5625398463965368,0.3561559239977026,0.04065211480288025,0.04065211480288025
9767,0.5625398463965368,0.3561559239977026,0.04065211480288025,0.04065211480288025
9768,0.5625398463965368,0.3561559239977026,0.04065211480288025,0.04065211480288025
9769,0.5625398463965368,0.3561559239977026,0.04065211480288025,0.04065211480288025
9770,0.5625398463965368,0.3561559239977026,0.04065211480288025,0.04065211480288025
9771,0.5625398463965368,0.3561559239977026,0.04065211480288025,0.04065211480288025
9772,0.5625398463965368,0.3561559239977026,0.04065211480288025,0.04065211480288025
9773,0.5625398463965368,0.3561559239977026,0.04065211480288025,0.04065211480288025
9774,0.5625398463965368,0.3561559239977026,0.04065211480288025,0.04065211480288025
9775,0.5625398463965368,0.3561559239977026,0.04065211480288025,0.04065211480288025
9776,0.5625398463965368,0.3561559239977026,0.04065211480288025,0.04065211480288025
9777,0.5625398463965368,0.3561559239977026,0.04065211480288025,0.04065211480288025
9778,0.5625398463965368,0.3561559239977026,0.04065211480288025,0.04065211480288025
9779,0.5625398463965368,0.3561559239977026,0.04065211480288025,0.04065211480288025
9780,0.5625398463965368,0.3561559239977026,0.04065211480288025,0.04065211480288025
9781,0.5625398463965368,0.3561559239977026,0.04065211480288025,0.04065211480288025
9782,0.5625398463965368,0.3561559239977026,0.04065211480288025,0.04065211480288025
9783,0.5625398463965368,0.3561559239977026,0.04065211480288025,0.04065211480288025
9784,0.5625398463965368,0.3561559239977026,0.04065211480288025,0.04065211480288025
9785,0.5625398463965368,0.3561559239977026,0.04065211480288025,0.04065211480288025
9786,0.5625398463965368,0.3561559239977026,0.04065211480288025,0.04065211480288025
9787,0.5625398463965368,0.3561559239977026,0.04065211480288025,0.04065211480288025
9788,0.5625398463965368,0.3561559239977026,0.04065211480288025,0.04065211480288025
9789,0.5625398463965368,0.3561559239977026,0.04065211480288025,0.04065211480288025
9790,0.5625398463965368,0.3561559239977026,0.04065211480288025,0.04065211480288025
9791,0.5625398463965368,0.3561559239977026,0.04065211480288025,0.04065211480288025
9792,0.5625398463965368,0.3561559239977026,0.04065211480288025,0.04065211480288025
9793,0.5625398463965368,0.3561559239977026,0.04065211480288025,0.04065211480288025
9794,0.5625398463965368,0.3561559239977026,0.04065211480288025,0.04065211480288025
9795,0.5625398463965368,0.3561559239977026,0.04065211480288025,0.04065211480288025
9796,0.5625398463965368,0.3561559239977026,0.04065211480288025,0.04065211480288025
9797,0.5625398463965368,0.3561559239977026,0.04065211480288025,0.04065211480288025
9798,0.5625398463965368,0.3561559239977026,0.04065211480288025,0.04065211480288025
9799,0.5625398463965368,0.3561559239977026,0.04065211480288025,0.04065211480288025
9800,0.6119741157139899,0.2780895212850644,0.06507232245927445,0.044864040541671216
9801,0.6119741157139899,0.2780895212850644,0.06507232245927445,0.044864040541671216
9802,0.6119741157139899,0.2780895212850644,0.06507232245927445,0.044864040541671216
9803,0.6119741157139899,0.2780895212850644,0.06507232245927445,0.044864040541671216
9804,0.6119741157139899,0.2780895212850644,0.06507232245927445,0.044864040541671216
9805,0.6119741157139899,0.2780895212850644,0.06507232245927445,0.044864040541671216
9806,0.6119741157139899,0.2780895212850644,0.06507232245927445,0.044864040541671216
9807,0.6119741157139899,0.2780895212850644,0.06507232245927445,0.044864040541671216
9808,0.6119741157139899,0.2780895212850644,0.06507232245927445,0.044864040541671216
9809,0.6119741157139899,0.2780895212850644,0.06507232245927445,0.044864040541671216
9810,0.6119741157139899,0.2780895212850644,0.06507232245927445,0.044864040541671216
9811,0.6119741157139899,0.2780895212850644,0.06507232245927445,0.044864040541671216
9812,0.6119741157139899,0.2780895212850644,0.06507232245927445,0.044864040541671216
9813,0.6119741157139899,0.2780895212850644,0.06507232245927445,0.044864040541671216
9814,0.6119741157139899,0.2780895212850644,0.06507232245927445,0.044864040541671216
9815,0.6119741157139899,0.2780895212850644,0.06507232245927445,0.044864040541671216
9816,0.6119741157139899,0.2780895212850644,0.06507232245927445,0.044864040541671216
9817,0.6119741157139899,0.2780895212850644,0.06507232245927445,0.044864040541671216
9818,0.6119741157139899,0.2780895212850644,0.06507232245927445,0.044864040541671216
9819,0.6119741157139899,0.2780895212850644,0.06507232245927445,0.044864040541671216
9820,0.6119741157139899,0.2780895212850644,0.06507232245927445,0.044864040541671216
9821,0.6119741157139899,0.2780895212850644,0.06507232245927445,0.044864040541671216
9822,0.6119741157139899,0.2780895212850644,0.06507232245927445,0.044864040541671216
9823,0.6119741157139899,0.2780895212850644,0.06507232245927445,0.044864040541671216
9824,0.6119741157139899,0.2780895212850644,0.06507232245927445,0.044864040541671216
9825,0.6119741157139899,0.2780895212850644,0.06507232245927445,0.044864040541671216
9826,0.6119741157139899,0.2780895212850644,0.06507232245927445,0.044864040541671216
9827,0.6119741157139899,0.2780895212850644,0.06507232245927445,0.044864040541671216
9828,0.6119741157139899,0.2780895212850644,0.06507232245927445,0.044864040541671216
9829,0.6119741157139899,0.2780895212850644,0.06507232245927445,0.044864040541671216
9830,0.6119741157139899,0.2780895212850644,0.06507232245927445,0.044864040541671216
9831,0.6119741157139899,0.2780895212850644,0.06507232245927445,0.044864040541671216
9832,0.6119741157139899,0.2780895212850644,0.06507232245927445,0.044864040541671216
9833,0.6119741157139899,0.2780895212850644,0.06507232245927445,0.044864040541671216
9834,0.6119741157139899,0.2780895212850644,0.06507232245927445,0.044864040541671216
9835,0.6119741157139899,0.2780895212850644,0.06507232245927445,0.044864040541671216
9836,0.6119741157139899,0.2780895212850644,0.06507232245927445,0.044864040541671216
9837,0.6119741157139899,0.2780895212850644,0.06507232245927445,0.044864040541671216
9838,0.6119741157139899,0.2780895212850644,0.06507232245927445,0.044864040541671216
9839,0.6119741157139899,0.2780895212850644,0.06507232245927445,0.044864040541671216
9840,0.6119741157139899,0.2780895212850644,0.06507232245927445,0.044864040541671216
9841,0.6119741157139899,0.2780895212850644,0.06507232245927445,0.044864040541671216
9842,0.6119741157139899,0.2780895212850644,0.06507232245927445,0.044864040541671216
9843,0.6119741157139899,0.2780895212850644,0.06507232245927445,0.044864040541671216
9844,0.6119741157139899,0.2780895212850644,0.06507232245927445,0.044864040541671216
9845,0.6119741157139899,0.2780895212850644,0.06507232245927445,0.044864040541671216
9846,0.6119741157139899,0.2780895212850644,0.06507232245927445,0.044864040541671216
9847,0.6119741157139899,0.2780895212850644,0.06507232245927445,0.044864040541671216
9848,0.6119741157139899,0.2780895212850644,0.06507232245927445,0.044864040541671216
9849,0.6119741157139899,0.2780895212850644,0.06507232245927445,0.044864040541671216
9850,0.6119741157139899,0.2780895212850644,0.06507232245927445,0.044864040541671216
9851,0.6119741157139899,0.2780895212850644,0.06507232245927445,0.044864040541671216
9852,0.6119741157139899,0.2780895212850644,0.06507232245927445,0.044864040541671216
9853,0.6119741157139899,0.2780895212850644,0.06507232245927445,0.044864040541671216
9854,0.6119741157139899,0.2780895212850644,0.06507232245927445,0.044864040541671216
9855,0.6119741157139899,0.2780895212850644,0.06507232245927445,0.044864040541671216
9856,0.6119741157139899,0.2780895212850644,0.06507232245927445,0.044864040541671216
9857,0.6119741157139899,0.2780895212850644,0.06507232245927445,0.044864040541671216
9858,0.6119741157139899,0.2780895212850644,0.06507232245927445,0.044864040541671216
9859,0.6119741157139899,0.2780895212850644,0.06507232245927445,0.044864040541671216
9860,0.6119741157139899,0.2780895212850644,0.06507232245927445,0.044864040541671216
9861,0.6119741157139899,0.2780895212850644,0.06507232245927445,0.044864040541671216
9862,0.6119741157139899,0.2780895212850644,0.06507232245927445,0.044864040541671216
9863,0.6119741157139899,0.2780895212850644,0.06507232245927445,0.044864040541671216
9864,0.6119741157139899,0.2780895212850644,0.06507232245927445,0.044864040541671216
9865,0.6119741157139899,0.2780895212850644,0.06507232245927445,0.044864040541671216
9866,0.6119741157139899,0.2780895212850644,0.06507232245927445,0.044864040541671216
9867,0.6119741157139899,0.2780895212850644,0.06507232245927445,0.044864040541671216
9868,0.6119741157139899,0.2780895212850644,0.06507232245927445,0.044864040541671216
9869,0.6119741157139899,0.2780895212850644,0.06507232245927445,0.044864040541671216
9870,0.6119741157139899,0.2780895212850644,0.06507232245927445,0.044864040541671216
9871,0.6119741157139899,0.2780895212850644,0.06507232245927445,0.044864040541671216
9872,0.6119741157139899,0.2780895212850644,0.06507232245927445,0.044864040541671216
9873,0.6119741157139899,0.2780895212850644,0.06507232245927445,0.044864040541671216
9874,0.6119741157139899,0.2780895212850644,0.06507232245927445,0.044864040541671216
9875,0.6119741157139899,0.2780895212850644,0.06507232245927445,0.044864040541671216
9876,0.6119741157139899,0.2780895212850644,0.06507232245927445,0.044864040541671216
9877,0.6119741157139899,0.2780895212850644,0.06507232245927445,0.044864040541671216
9878,0.6119741157139899,0.2780895212850644,0.06507232245927445,0.044864040541671216
9879,0.6119741157139899,0.2780895212850644,0.06507232245927445,0.044864040541671216
9880,0.6119741157139899,0.2780895212850644,0.06507232245927445,0.044864040541671216
9881,0.6119741157139899,0.2780895212850644,0.06507232245927445,0.044864040541671216
9882,0.6119741157139899,0.2780895212850644,0.06507232245927445,0.044864040541671216
9883,0.6119741157139899,0.2780895212850644,0.06507232245927445,0.044864040541671216
9884,0.6119741157139899,0.2780895212850644,0.06507232245927445,0.044864040541671216
9885,0.6119741157139899,0.2780895212850644,0.06507232245927445,0.044864040541671216
9886,0.6119741157139899,0.2780895212850644,0.06507232245927445,0.044864040541671216
9887,0.6119741157139899,0.2780895212850644,0.06507232245927445,0.044864040541671216
9888,0.6119741157139899,0.2780895212850644,0.06507232245927445,0.044864040541671216
9889,0.6119741157139899,0.2780895212850644,0.06507232245927445,0.044864040541671216
9890,0.6119741157139899,0.2780895212850644,0.06507232245927445,0.044864040541671216
9891,0.6119741157139899,0.2780895212850644,0.06507232245927445,0.044864040541671216
9892,0.6119741157139899,0.2780895212850644,0.06507232245927445,0.044864040541671216
9893,0.6119741157139899,0.2780895212850644,0.06507232245927445,0.044864040541671216
9894,0.6119741157139899,0.2780895212850644,0.06507232245927445,0.044864040541671216
9895,0.6119741157139899,0.2780895212850644,0.06507232245927445,0.044864040541671216
9896,0.6119741157139899,0.2780895212850644,0.06507232245927445,0.044864040541671216
9897,0.6119741157139899,0.2780895212850644,0.06507232245927445,0.044864040541671216
9898,0.6119741157139899,0.2780895212850644,0.06507232245927445,0.044864040541671216
9899,0.6119741157139899,0.2780895212850644,0.06507232245927445,0.044864040541671216
