iteration,best_cost,incumbent_cost
0,18387821,18387821
1,17588292,17588292
2,16863990,16863990
3,16863990,16863990
4,16863990,16863990
5,16863990,16863990
6,16384297,16384297
7,16384297,16384297
8,16324115,16324115
9,16324115,16324115
10,15990262,15990262
11,15734795,15734795
12,15712482,15712482
13,15712482,15712482
14,15712482,15712482
15,15712482,15712482
16,15712482,15712482
17,15712482,15712482
18,15712482,15712482
19,14781131,14781131
20,14715315,14715315
21,14715315,14715315
22,14715315,14715315
23,14576343,14576343
24,14073767,14073767
25,14067322,14067322
26,13980938,13980938
27,13834662,13834662
28,13800302,13800302
29,13800302,13800302
30,13800302,13800302
31,13756908,13756908
32,12511577,12511577
33,12511577,12553097
34,12511577,12553097
35,12427377,12427377
36,12427377,12427377
37,12427377,12674625
38,12427377,12583898
39,12200192,12200192
40,12071472,12071472
41,12071472,12071472
42,11750381,11750381
43,11750381,11750381
44,11684564,11684564
45,11256560,11256560
46,11070279,11070279
47,11070279,11070279
48,10991885,10991885
49,10991885,10991885
50,10991885,10991885
51,10885957,10885957
52,10885957,11267759
53,10885957,11267759
54,10885957,11262372
55,10885957,11262372
56,10885957,11262372
57,10885957,11245592
58,10885957,11098531
59,10368387,10368387
60,10368387,10368387
61,10221191,10221191
62,10123021,10123021
63,10050904,10050904
64,9930760,9930760
65,9876428,9876428
66,9828277,9828277
67,9828277,9828277
68,9828277,9828277
69,9111673,9111673
70,8705266,8705266
71,8678875,8678875
72,8478028,8478028
73,8478028,8731632
74,7802623,7802623
75,7591480,7591480
76,7591480,7929489
77,7591480,7929489
78,7591480,7929489
79,7591480,7929489
80,7591480,7642595
81,7591480,7642595
82,7591480,7729259
83,7591480,7729259
84,7591480,7729259
85,7591480,7604873
86,7591480,7599377
87,7528900,7528900
88,7269554,7269554
89,7257253,7257253
90,7257253,7293723
91,7172289,7172289
92,7172289,7172289
93,7172289,7172289
94,7172289,7172289
95,6958316,6958316
96,6958316,6958316
97,6958316,6958316
98,6958316,6958316
99,6958316,6958316
100,6958316,6958316
101,6958316,6958316
102,6958316,7342746
103,6958316,7342746
104,6958316,7487362
105,6958316,7733066
106,6958316,7617652
107,6958316,7617652
108,6958316,7587091
109,6958316,7538704
110,6958316,7467688
111,6958316,7467688
112,6958316,7361706
113,6958316,7702512
114,6958316,7702512
115,6958316,7702512
116,6958316,7567758
117,6958316,7562974
118,6958316,7562974
119,6958316,7552674
120,6958316,7348136
121,6958316,7325015
122,6958316,7327087
123,6958316,7812952
124,6958316,7756510
125,6958316,7756510
126,6958316,7632948
127,6958316,7735114
128,6958316,7871311
129,6958316,7875475
130,6958316,7865647
131,6958316,7710210
132,6958316,7710210
133,6958316,7710210
134,6958316,7705704
135,6958316,8245601
136,6958316,8248197
137,6958316,8243529
138,6958316,8112406
139,6958316,8489898
140,6958316,8368110
141,6958316,7747003
142,6958316,7747003
143,6958316,7747003
144,6796214,6796214
145,6696511,6696511
146,6696511,7336078
147,6696511,8858443
148,6696511,8490209
149,6696511,8193255
150,6696511,8193255
151,6696511,8152344
152,6696511,8152344
153,6696511,8152344
154,6696511,8783387
155,6696511,8624667
156,6696511,8624667
157,6696511,8551757
158,6696511,8549558
159,6696511,8549558
160,6696511,8733772
161,6696511,8733772
162,6696511,8729300
163,6696511,8724935
164,6696511,8277824
165,6696511,8173170
166,6696511,8032395
167,6696511,8073656
168,6696511,8033564
169,6696511,8033564
170,6696511,7989288
171,6696511,7989288
172,6696511,7989287
173,6696511,7944784
174,6696511,7865392
175,6696511,8123944
176,6696511,8123944
177,6696511,8123292
178,6696511,8123292
179,6696511,8123293
180,6696511,8123293
181,6696511,8105815
182,6696511,8105815
183,6696511,8105815
184,6696511,8063047
185,6696511,8063047
186,6696511,8040268
187,6696511,8040268
188,6696511,7921167
189,6696511,7371642
190,6696511,7360286
191,6696511,7360286
192,6696511,7360286
193,6696511,7330974
194,6696511,7308314
195,6696511,7308314
196,6696511,7147571
197,6696511,6856056
198,6696511,6856056
199,6696511,6856056
200,6696511,6856056
201,6696511,6856056
202,6696511,7048146
203,6696511,7048146
204,6696511,7026028
205,6696511,7026028
206,6696511,6985686
207,6696511,6985686
208,6696511,6985686
209,6696511,6985686
210,6696511,6985686
211,6696511,6982922
212,6696511,6982922
213,6696511,7157784
214,6696511,7996014
215,6696511,8301564
216,6696511,8301564
217,6696511,8789188
218,6696511,8689642
219,6696511,8502462
220,6696511,8502462
221,6696511,8502462
222,6696511,8372603
223,6696511,8443225
224,6696511,8441616
225,6696511,8441616
226,6696511,8531249
227,6696511,8427399
228,6696511,8427399
229,6696511,8833311
230,6696511,8699435
231,6696511,8448196
232,6696511,8384677
233,6696511,8314055
234,6696511,8314055
235,6696511,8314055
236,6696511,8857094
237,6696511,8783178
238,6696511,8783178
239,6696511,8778341
240,6696511,8668772
241,6696511,8653917
242,6696511,8618674
243,6696511,8494544
244,6696511,8643855
245,6696511,8563098
246,6696511,8563098
247,6696511,8665729
248,6696511,8598253
249,6696511,8528256
250,6696511,8528256
251,6696511,7949105
252,6696511,7979046
253,6696511,7579207
254,6696511,7542271
255,6696511,7484634
256,6696511,7549104
257,6696511,7549104
258,6696511,8274660
259,6696511,8187745
260,6696511,8151872
261,6696511,8550602
262,6696511,8517499
263,6696511,8418786
264,6696511,8509822
265,6696511,8509822
266,6696511,8509822
267,6696511,8509822
268,6696511,8509822
269,6696511,8509822
270,6696511,8509822
271,6696511,8711940
272,6696511,8552662
273,6696511,8552662
274,6696511,8552662
275,6696511,8480926
276,6696511,8480926
277,6696511,8472205
278,6696511,8463507
279,6696511,8099218
280,6696511,8007130
281,6696511,7937213
282,6696511,7937213
283,6696511,8028962
284,6696511,7997655
285,6696511,8093476
286,6696511,8078778
287,6696511,8078778
288,6696511,8003722
289,6696511,8003722
290,6696511,7965584
291,6696511,7864398
292,6696511,7833380
293,6696511,7832469
294,6696511,7832469
295,6696511,7565288
296,6696511,7565288
297,6696511,7472448
298,6696511,7408860
299,6696511,7308647
300,6696511,7289263
301,6696511,7289263
302,6696511,7792207
303,6696511,8194488
304,6696511,8145245
305,6696511,8620677
306,6696511,8620677
307,6696511,8200648
308,6696511,8028831
309,6696511,6777665
310,6696511,6765565
311,6696511,6742720
312,6696511,6742720
313,6696511,6742720
314,6696511,7128951
315,6696511,7060849
316,6696511,6811864
317,6696511,6801363
318,6696511,7425989
319,6696511,7425989
320,6696511,7425989
321,6696511,7321132
322,6696511,7296789
323,6696511,7234573
324,6696511,7199261
325,6696511,7399931
326,6696511,6866178
327,6696511,6770538
328,6377984,6377984
329,6258123,6258123
330,6258123,6258123
331,6258123,6258123
332,6141339,6141339
333,6072787,6072787
334,6041416,6041416
335,6041416,6587095
336,6041416,6584718
337,6041416,6529527
338,6041416,6824553
339,6041416,6824553
340,6041416,6824553
341,6041416,6668939
342,6041416,6668939
343,6041416,6585231
344,6041416,6585231
345,6041416,6541944
346,6041416,6433730
347,6041416,6145690
348,6041416,6641126
349,6041416,6641126
350,6041416,6641126
351,6041416,6641126
352,6041416,6754486
353,6041416,6754486
354,6041416,6754486
355,6041416,6754486
356,6041416,6667571
357,6041416,6613980
358,6041416,6613980
359,6041416,6613980
360,6041416,6613980
361,6041416,6613980
362,6041416,6582761
363,6041416,6582761
364,6041416,6412566
365,6041416,6896631
366,6041416,6968085
367,6041416,6936131
368,6041416,7158192
369,6041416,7091164
370,6041416,7076731
371,6041416,7076731
372,6041416,6972200
373,6041416,6972200
374,6041416,6972200
375,6041416,6972200
376,6041416,6972200
377,6041416,6944062
378,6041416,6533122
379,6041416,6533122
380,6041416,6944062
381,6041416,7130655
382,6041416,7132514
383,6041416,7117836
384,6041416,7117836
385,6041416,7050809
386,6041416,7045443
387,6041416,6920450
388,6041416,6665057
389,6041416,6665057
390,6041416,6663064
391,6041416,6641778
392,6041416,6641778
393,6041416,6641778
394,6041416,6641778
395,6041416,6641941
396,6041416,6641941
397,6041416,7192237
398,6041416,7111965
399,6041416,7111965
400,6041416,7416877
401,6041416,7966305
402,6041416,7719653
403,6041416,7719653
404,6041416,7930302
405,6041416,7924714
406,6041416,7863054
407,6041416,8344967
408,6041416,8217691
409,6041416,7914412
410,6041416,7849570
411,6041416,7804193
412,6041416,7791736
413,6041416,7791736
414,6041416,8136602
415,6041416,8101173
416,6041416,8651168
417,6041416,8442283
418,6041416,8238662
419,6041416,7610540
420,6041416,7781648
421,6041416,8500883
422,6041416,8342100
423,6041416,8342100
424,6041416,8342100
425,6041416,8237760
426,6041416,8237760
427,6041416,8186245
428,6041416,8251229
429,6041416,8077846
430,6041416,8077846
431,6041416,8818055
432,6041416,8813658
433,6041416,8704151
434,6041416,8664830
435,6041416,8652165
436,6041416,8611254
437,6041416,8922642
438,6041416,8810359
439,6041416,9036629
440,6041416,9036629
441,6041416,8932495
442,6041416,8880729
443,6041416,8880729
444,6041416,8863309
445,6041416,8863309
446,6041416,8961626
447,6041416,8961626
448,6041416,8852635
449,6041416,8716621
450,6041416,8716621
451,6041416,8696431
452,6041416,8522064
453,6041416,8490403
454,6041416,8490403
455,6041416,8490403
456,6041416,8490403
457,6041416,9233268
458,6041416,9233268
459,6041416,8916360
460,6041416,8858428
461,6041416,8858428
462,6041416,8739300
463,6041416,8682412
464,6041416,8682412
465,6041416,8443947
466,6041416,8443947
467,6041416,8443947
468,6041416,8425594
469,6041416,8339013
470,6041416,8339013
471,6041416,8339013
472,6041416,8339013
473,6041416,8319293
474,6041416,8183862
475,6041416,8161852
476,6041416,8740530
477,6041416,8740530
478,6041416,8687517
479,6041416,8687517
480,6041416,8757323
481,6041416,8810336
482,6041416,8983752
483,6041416,8967148
484,6041416,8909551
485,6041416,9092023
486,6041416,8912898
487,6041416,8824499
488,6041416,8792722
489,6041416,8792722
490,6041416,8792722
491,6041416,7892285
492,6041416,7892285
493,6041416,7892285
494,6041416,7874864
495,6041416,7788354
496,6041416,7784627
497,6041416,7784627
498,6041416,7784627
499,6041416,7688985
500,6041416,7735015
501,6041416,7729482
502,6041416,8040598
503,6041416,7876041
504,6041416,8341695
505,6041416,8243851
506,6041416,8191675
507,6041416,8191675
508,6041416,8191675
509,6041416,8191675
510,6041416,8655882
511,6041416,8601873
512,6041416,8482716
513,6041416,8737157
514,6041416,8732868
515,6041416,8689095
516,6041416,8689095
517,6041416,8689095
518,6041416,8667354
519,6041416,8667354
520,6041416,8655064
521,6041416,8763057
522,6041416,8676142
523,6041416,8676142
524,6041416,8558736
525,6041416,8554754
526,6041416,8518072
527,6041416,8487284
528,6041416,8354942
529,6041416,8353960
530,6041416,9181162
531,6041416,9181162
532,6041416,9072205
533,6041416,9041671
534,6041416,9041671
535,6041416,8696014
536,6041416,8693050
537,6041416,9186601
538,6041416,8946261
539,6041416,8921900
540,6041416,8921900
541,6041416,8921900
542,6041416,8878067
543,6041416,8878067
544,6041416,8784653
545,6041416,8640802
546,6041416,9689825
547,6041416,9689825
548,6041416,9689825
549,6041416,9619957
550,6041416,8661927
551,6041416,8482706
552,6041416,8472796
553,6041416,8472796
554,6041416,8472796
555,6041416,8440882
556,6041416,7861551
557,6041416,7828289
558,6041416,7838986
559,6041416,7817687
560,6041416,7817687
561,6041416,7817687
562,6041416,8596217
563,6041416,8596217
564,6041416,8481615
565,6041416,8386885
566,6041416,8327071
567,6041416,8327071
568,6041416,8302862
569,6041416,8302862
570,6041416,8302862
571,6041416,8143104
572,6041416,8143104
573,6041416,8272375
574,6041416,8172875
575,6041416,9089666
576,6041416,9075549
577,6041416,9066261
578,6041416,8969325
579,6041416,8969325
580,6041416,8968299
581,6041416,8324018
582,6041416,8279438
583,6041416,8105274
584,6041416,8609497
585,6041416,8609497
586,6041416,8579206
587,6041416,8579206
588,6041416,8902824
589,6041416,8822223
590,6041416,8770406
591,6041416,8710621
592,6041416,8671777
593,6041416,8645137
594,6041416,8739002
595,6041416,8739002
596,6041416,8711798
597,6041416,8711798
598,6041416,8711670
599,6041416,8710464
600,6041416,8710464
601,6041416,8586533
602,6041416,8613865
603,6041416,8591171
604,6041416,8686096
605,6041416,8764449
606,6041416,8764449
607,6041416,8689486
608,6041416,8689486
609,6041416,8157524
610,6041416,8157524
611,6041416,8157524
612,6041416,8123578
613,6041416,8882227
614,6041416,8853480
615,6041416,8582843
616,6041416,8512475
617,6041416,8451308
618,6041416,8211525
619,6041416,8151387
620,6041416,8046573
621,6041416,8003100
622,6041416,7848670
623,6041416,7848670
624,6041416,7777602
625,6041416,7777602
626,6041416,7915551
627,6041416,7559025
628,6041416,7559025
629,6041416,7559025
630,6041416,7610358
631,6041416,7610358
632,6041416,7610358
633,6041416,7610358
634,6041416,7598838
635,6041416,7541379
636,6041416,7541379
637,6041416,7539871
638,6041416,7539871
639,6041416,7539871
640,6041416,7600420
641,6041416,7583227
642,6041416,7507177
643,6041416,8624658
644,6041416,8620476
645,6041416,8456962
646,6041416,8882286
647,6041416,8882286
648,6041416,8882640
649,6041416,8779805
650,6041416,8753130
651,6041416,8760029
652,6041416,8655783
653,6041416,8327731
654,6041416,8024669
655,6041416,8007804
656,6041416,8030640
657,6041416,7941671
658,6041416,7906478
659,6041416,7921255
660,6041416,7921255
661,6041416,7921255
662,6041416,7921255
663,6041416,7774389
664,6041416,7774389
665,6041416,8258570
666,6041416,8179017
667,6041416,8179017
668,6041416,7895979
669,6041416,7441349
670,6041416,7441349
671,6041416,7441349
672,6041416,7441349
673,6041416,8220631
674,6041416,8217494
675,6041416,8217475
676,6041416,8207107
677,6041416,8207107
678,6041416,8079249
679,6041416,8146844
680,6041416,8141919
681,6041416,8141919
682,6041416,8102425
683,6041416,8090238
684,6041416,8569462
685,6041416,8297631
686,6041416,8287636
687,6041416,8176041
688,6041416,8196324
689,6041416,8186831
690,6041416,7987495
691,6041416,7987495
692,6041416,7987495
693,6041416,8181740
694,6041416,8085442
695,6041416,8018203
696,6041416,8104497
697,6041416,8178377
698,6041416,7869476
699,6041416,7857637
700,6041416,7857637
701,6041416,7869061
702,6041416,7869061
703,6041416,7848933
704,6041416,7900228
705,6041416,8038551
706,6041416,8038551
707,6041416,7997445
708,6041416,7997445
709,6041416,7984507
710,6041416,7984507
711,6041416,7946555
712,6041416,7948761
713,6041416,7948537
714,6041416,7855942
715,6041416,7855942
716,6041416,7855942
717,6041416,7919460
718,6041416,7919460
719,6041416,7907449
720,6041416,7194405
721,6041416,7194405
722,6041416,7194405
723,6041416,7549199
724,6041416,7549199
725,6041416,7446855
726,6041416,7405468
727,6041416,7405468
728,6041416,7405468
729,6041416,7405468
730,6041416,7405468
731,6041416,7537085
732,6041416,7533993
733,6041416,7533993
734,6041416,7517324
735,6041416,7600185
736,6041416,7598196
737,6041416,6801082
738,6041416,6801082
739,6041416,6795301
740,6041416,6795301
741,6041416,6802662
742,6041416,6788816
743,6041416,6788816
744,6041416,6776535
745,6041416,6967786
746,6041416,6905705
747,6041416,7047125
748,6041416,6865897
749,6041416,6738456
750,6041416,6697805
751,6041416,6697805
752,6041416,6697805
753,6041416,6697805
754,6041416,7083218
755,6041416,7144677
756,6041416,7108114
757,6041416,7042317
758,6041416,7347207
759,6041416,7347207
760,6041416,7397164
761,6041416,7397164
762,6041416,7468815
763,6041416,7864903
764,6041416,7864903
765,6041416,7804142
766,6041416,7751336
767,6041416,7704458
768,6041416,7621896
769,6041416,7621896
770,6041416,7763454
771,6041416,7971159
772,6041416,7953040
773,6041416,7913664
774,6041416,7998087
775,6041416,8777369
776,6041416,8578117
777,6041416,7798835
778,6041416,7795197
779,6041416,8180028
780,6041416,7743100
781,6041416,7733146
782,6041416,8000795
783,6041416,7562717
784,6041416,7552955
785,6041416,7422957
786,6041416,7849181
787,6041416,7827025
788,6041416,7787258
789,6041416,7705629
790,6041416,7643348
791,6041416,7643337
792,6041416,8464776
793,6041416,8441949
794,6041416,8451144
795,6041416,8379538
796,6041416,8094130
797,6041416,8094130
798,6041416,8079428
799,6041416,8028852
800,6041416,8028852
801,6041416,8028852
802,6041416,8188238
803,6041416,8153409
804,6041416,8246389
805,6041416,8229050
806,6041416,8083191
807,6041416,8016278
808,6041416,8020011
809,6041416,8020011
810,6041416,7718288
811,6041416,7849066
812,6041416,7970073
813,6041416,7841255
814,6041416,7751881
815,6041416,7735026
816,6041416,7636901
817,6041416,7565465
818,6041416,7565628
819,6041416,7475415
820,6041416,7459365
821,6041416,7459365
822,6041416,7459365
823,6041416,7303333
824,6041416,7311276
825,6041416,7311276
826,6041416,7311276
827,6041416,7311276
828,6041416,7311276
829,6041416,7311276
830,6041416,7311276
831,6041416,7279455
832,6041416,7249483
833,6041416,7249483
834,6041416,7024169
835,6041416,7235184
836,6041416,7318201
837,6041416,7335589
838,6041416,7627361
839,6041416,7692613
840,6041416,7241072
841,6041416,6901740
842,6041416,6897080
843,6041416,7007217
844,6041416,6896619
845,6041416,7641056
846,6041416,7865602
847,6041416,7865602
848,6041416,8167087
849,6041416,8413395
850,6041416,8432381
851,6041416,8912828
852,6041416,9779289
853,6041416,9603778
854,6041416,9189650
855,6041416,8511451
856,6041416,8281458
857,6041416,8328368
858,6041416,8328367
859,6041416,8964532
860,6041416,7846031
861,6041416,7780092
862,6041416,7689680
863,6041416,7689680
864,6041416,7974304
865,6041416,7910097
866,6041416,8233586
867,6041416,8165516
868,6041416,7798743
869,6041416,7608417
870,6041416,7575776
871,6041416,7661628
872,6041416,6930909
873,6041416,7172149
874,6041416,6940916
875,6041416,6980956
876,6041416,7584418
877,6041416,7130199
878,6041416,7119450
879,6041416,7611237
880,6041416,7490172
881,6041416,7657290
882,6041416,8293455
883,6041416,7978882
884,6041416,7918173
885,6041416,8475782
886,6041416,9529234
887,6041416,9498873
888,6041416,9942149
889,6041416,10075638
890,6041416,10364804
891,6041416,10296648
892,6041416,10208513
893,6041416,9875691
894,6041416,10683005
895,6041416,10683005
896,6041416,10606136
897,6041416,10825478
898,6041416,10996114
899,6041416,10397464
900,6041416,9565924
901,6041416,9427301
902,6041416,9459897
903,6041416,9013264
904,6041416,8980668
905,6041416,9135093
906,6041416,8864383
907,6041416,8864383
908,6041416,9106611
909,6041416,9117150
910,6041416,9117150
911,6041416,9052257
912,6041416,9052257
913,6041416,9124051
914,6041416,9340873
915,6041416,8810214
916,6041416,8571301
917,6041416,9069688
918,6041416,8857843
919,6041416,9320105
920,6041416,9404018
921,6041416,9377635
922,6041416,9377635
923,6041416,9306649
924,6041416,9081896
925,6041416,9803228
926,6041416,9697315
927,6041416,10001275
928,6041416,10079876
929,6041416,10201427
930,6041416,10017385
931,6041416,10090085
932,6041416,9987213
933,6041416,9702232
934,6041416,9635151
935,6041416,9575973
936,6041416,9663085
937,6041416,9598425
938,6041416,9590021
939,6041416,8627966
940,6041416,8869392
941,6041416,8869392
942,6041416,9159203
943,6041416,8663173
944,6041416,8576714
945,6041416,9043152
946,6041416,9111718
947,6041416,9535613
948,6041416,10070345
949,6041416,9705293
950,6041416,10298230
951,6041416,9878030
952,6041416,9878030
953,6041416,9851222
954,6041416,10130935
955,6041416,10064799
956,6041416,10355156
957,6041416,10355156
958,6041416,10512216
959,6041416,10786127
960,6041416,10568905
961,6041416,10628710
962,6041416,10611508
963,6041416,11079689
964,6041416,11256303
965,6041416,10800915
966,6041416,11384253
967,6041416,11199279
968,6041416,11114839
969,6041416,11238211
970,6041416,11482405
971,6041416,11450753
972,6041416,11450753
973,6041416,11895441
974,6041416,12119771
975,6041416,11861131
976,6041416,11875213
977,6041416,11811863
978,6041416,11640367
979,6041416,12033411
980,6041416,12013661
981,6041416,12022820
982,6041416,12003674
983,6041416,11626827
984,6041416,10719826
985,6041416,10127142
986,6041416,9868116
987,6041416,9302703
988,6041416,8360964
989,6041416,8991853
990,6041416,8889679
991,6041416,8889679
992,6041416,8887997
993,6041416,9263343
994,6041416,9575501
995,6041416,9551489
996,6041416,8888551
997,6041416,9430364
998,6041416,9223729
999,6041416,9088469
1000,6041416,9084119
1001,6041416,9439714
1002,6041416,9808805
1003,6041416,9680070
1004,6041416,9416560
1005,6041416,9490182
1006,6041416,9416560
1007,6041416,9667016
1008,6041416,9101097
1009,6041416,8710965
1010,6041416,9113619
1011,6041416,9122604
1012,6041416,9107356
1013,6041416,9067594
1014,6041416,9624376
1015,6041416,9807617
1016,6041416,9460845
1017,6041416,9997005
1018,6041416,10038398
1019,6041416,10449159
1020,6041416,10404020
1021,6041416,10577277
1022,6041416,10577277
1023,6041416,9743024
1024,6041416,9733092
1025,6041416,9620952
1026,6041416,9982407
1027,6041416,9770492
1028,6041416,9845659
1029,6041416,9845659
1030,6041416,10162978
1031,6041416,10929909
1032,6041416,10712021
1033,6041416,10612010
1034,6041416,9890947
1035,6041416,10069372
1036,6041416,10069372
1037,6041416,9981899
1038,6041416,9668131
1039,6041416,9894796
1040,6041416,9422143
1041,6041416,9311376
1042,6041416,9638498
1043,6041416,9596514
1044,6041416,9686290
1045,6041416,9556198
1046,6041416,9478908
1047,6041416,9002069
1048,6041416,8968967
1049,6041416,8932442
1050,6041416,8991514
1051,6041416,8991514
1052,6041416,9562973
1053,6041416,9562973
1054,6041416,9499295
1055,6041416,10084250
1056,6041416,10163819
1057,6041416,9797573
1058,6041416,9311553
1059,6041416,9280163
1060,6041416,9164485
1061,6041416,8862589
1062,6041416,8862589
1063,6041416,9071781
1064,6041416,9052418
1065,6041416,9119574
1066,6041416,8924622
1067,6041416,8211341
1068,6041416,8068914
1069,6041416,8365609
1070,6041416,9021805
1071,6041416,9439752
1072,6041416,9543178
1073,6041416,9339805
1074,6041416,8901514
1075,6041416,8231361
1076,6041416,8216571
1077,6041416,8216571
1078,6041416,7912005
1079,6041416,7912005
1080,6041416,8322643
1081,6041416,8377785
1082,6041416,8305653
1083,6041416,8643676
1084,6041416,9001312
1085,6041416,9687420
1086,6041416,9693361
1087,6041416,10181290
1088,6041416,9780977
1089,6041416,9400493
1090,6041416,9952058
1091,6041416,10789022
1092,6041416,10607185
1093,6041416,10314673
1094,6041416,10222791
1095,6041416,10123665
1096,6041416,10058507
1097,6041416,10854331
1098,6041416,10837152
1099,6041416,11099947
1100,6041416,11099947
1101,6041416,11540356
1102,6041416,11388606
1103,6041416,11071238
1104,6041416,11341780
1105,6041416,10671627
1106,6041416,10616005
1107,6041416,11020478
1108,6041416,10833780
1109,6041416,10504847
1110,6041416,10262586
1111,6041416,9803280
1112,6041416,9803280
1113,6041416,10103723
1114,6041416,10048180
1115,6041416,9600559
1116,6041416,9277384
1117,6041416,9391016
1118,6041416,9262182
1119,6041416,9353895
1120,6041416,8702819
1121,6041416,8581033
1122,6041416,8581033
1123,6041416,8522475
1124,6041416,8499659
1125,6041416,8650610
1126,6041416,8485112
1127,6041416,8477351
1128,6041416,8477351
1129,6041416,8241955
1130,6041416,8808462
1131,6041416,8808462
1132,6041416,8669897
1133,6041416,8632468
1134,6041416,8601916
1135,6041416,8923923
1136,6041416,8516731
1137,6041416,8269055
1138,6041416,8604004
1139,6041416,8446591
1140,6041416,8237202
1141,6041416,7963260
1142,6041416,7727259
1143,6041416,7690751
1144,6041416,7700984
1145,6041416,7691049
1146,6041416,7682043
1147,6041416,7382043
1148,6041416,7144456
1149,6041416,7435982
1150,6041416,7322623
1151,6041416,7184000
1152,6041416,7184000
1153,6041416,7758463
1154,6041416,8202681
1155,6041416,7935884
1156,6041416,7930777
1157,6041416,7930777
1158,6041416,8020061
1159,6041416,8141465
1160,6041416,8548503
1161,6041416,8041704
1162,6041416,8285688
1163,6041416,7928052
1164,6041416,7928052
1165,6041416,7829218
1166,6041416,8198223
1167,6041416,7910184
1168,6041416,7594793
1169,6041416,8616998
1170,6041416,8598901
1171,6041416,8974483
1172,6041416,9209561
1173,6041416,9209561
1174,6041416,9132934
1175,6041416,9640381
1176,6041416,9582331
1177,6041416,8877379
1178,6041416,8645849
1179,6041416,8261923
1180,6041416,8639645
1181,6041416,8639645
1182,6041416,8603747
1183,6041416,8511856
1184,6041416,8453027
1185,6041416,8962385
1186,6041416,9662801
1187,6041416,9769946
1188,6041416,10563255
1189,6041416,10149287
1190,6041416,10233921
1191,6041416,9905869
1192,6041416,9913754
1193,6041416,10011969
1194,6041416,10367180
1195,6041416,10262700
1196,6041416,10174770
1197,6041416,10014646
1198,6041416,10070058
1199,6041416,10226039
1200,6041416,9446757
1201,6041416,9165007
1202,6041416,9655243
1203,6041416,9229678
1204,6041416,9542232
1205,6041416,8733129
1206,6041416,8405508
1207,6041416,8405508
1208,6041416,8417668
1209,6041416,8417668
1210,6041416,8780283
1211,6041416,8461437
1212,6041416,8100558
1213,6041416,7668904
1214,6041416,7826294
1215,6041416,7970437
1216,6041416,7889420
1217,6041416,7981904
1218,6041416,7881479
1219,6041416,8751290
1220,6041416,8847585
1221,6041416,9004174
1222,6041416,9276063
1223,6041416,8972455
1224,6041416,8482048
1225,6041416,8319830
1226,6041416,8231747
1227,6041416,8291168
1228,6041416,8352703
1229,6041416,8177475
1230,6041416,8177476
1231,6041416,8078101
1232,6041416,8902630
1233,6041416,9490824
1234,6041416,9461048
1235,6041416,8391648
1236,6041416,8292822
1237,6041416,8355215
1238,6041416,8355215
1239,6041416,9053352
1240,6041416,9617359
1241,6041416,9458988
1242,6041416,9735160
1243,6041416,9716695
1244,6041416,10007315
1245,6041416,10334663
1246,6041416,9943952
1247,6041416,10038691
1248,6041416,9929297
1249,6041416,10605084
1250,6041416,10599408
1251,6041416,10824825
1252,6041416,10809205
1253,6041416,10962686
1254,6041416,11005393
1255,6041416,10922258
1256,6041416,11633137
1257,6041416,10907452
1258,6041416,10267063
1259,6041416,10545024
1260,6041416,10485312
1261,6041416,9136595
1262,6041416,9013662
1263,6041416,8758450
1264,6041416,9243405
1265,6041416,9185181
1266,6041416,9026251
1267,6041416,9026251
1268,6041416,8910609
1269,6041416,9296213
1270,6041416,9181079
1271,6041416,8745651
1272,6041416,8346957
1273,6041416,8470479
1274,6041416,7969288
1275,6041416,7878900
1276,6041416,7459471
1277,6041416,7380688
1278,6041416,7834852
1279,6041416,7483181
1280,6041416,7029017
1281,6041416,7225790
1282,6041416,7587939
1283,6041416,7502094
1284,6041416,7630236
1285,6041416,7323596
1286,6041416,7075474
1287,6041416,7002182
1288,6041416,7002182
1289,6041416,7439430
1290,6041416,7540017
1291,6041416,7859362
1292,6041416,7335261
1293,6041416,6923300
1294,6041416,7818794
1295,6041416,7448650
1296,6041416,7338451
1297,6041416,6876454
1298,6041416,7053003
1299,6041416,6636944
1300,6041416,6506582
1301,6041416,6506582
1302,6041416,6871348
1303,6041416,7245026
1304,6041416,6592914
1305,6041416,6592914
1306,6041416,7585356
1307,6041416,8402240
1308,6041416,8083722
1309,6041416,8626613
1310,6041416,8288867
1311,6041416,8699119
1312,6041416,8699119
1313,6041416,8724213
1314,6041416,8425232
1315,6041416,8125534
1316,6041416,8626846
1317,6041416,8626846
1318,6041416,8665915
1319,6041416,8247257
1320,6041416,8442189
1321,6041416,8683910
1322,6041416,8554332
1323,6041416,8687899
1324,6041416,8588860
1325,6041416,8844179
1326,6041416,8805383
1327,6041416,8724075
1328,6041416,8724075
1329,6041416,8478035
1330,6041416,8455108
1331,6041416,8448352
1332,6041416,8790252
1333,6041416,8790252
1334,6041416,8703563
1335,6041416,8598097
1336,6041416,8104386
1337,6041416,8056254
1338,6041416,8397047
1339,6041416,8657934
1340,6041416,8631457
1341,6041416,8631457
1342,6041416,8752932
1343,6041416,9150855
1344,6041416,9797125
1345,6041416,9661106
1346,6041416,9594745
1347,6041416,9590958
1348,6041416,9288601
1349,6041416,9208855
1350,6041416,9085992
1351,6041416,9086014
1352,6041416,9441329
1353,6041416,8834274
1354,6041416,8665977
1355,6041416,7987084
1356,6041416,7665722
1357,6041416,7981748
1358,6041416,8376329
1359,6041416,8617238
1360,6041416,8753415
1361,6041416,8824595
1362,6041416,8710883
1363,6041416,8695430
1364,6041416,8605651
1365,6041416,9042862
1366,6041416,8792232
1367,6041416,8512692
1368,6041416,8276902
1369,6041416,8188027
1370,6041416,8173640
1371,6041416,8582502
1372,6041416,8813380
1373,6041416,8474432
1374,6041416,8127942
1375,6041416,8127942
1376,6041416,8119199
1377,6041416,9192080
1378,6041416,9192081
1379,6041416,9192081
1380,6041416,9181045
1381,6041416,9466165
1382,6041416,9430015
1383,6041416,9822151
1384,6041416,9953267
1385,6041416,9647181
1386,6041416,9897251
1387,6041416,9238496
1388,6041416,9593183
1389,6041416,9075230
1390,6041416,9075230
1391,6041416,10235351
1392,6041416,10106169
1393,6041416,10000371
1394,6041416,10310147
1395,6041416,10663188
1396,6041416,10267326
1397,6041416,10018164
1398,6041416,10416537
1399,6041416,9886893
1400,6041416,9076477
1401,6041416,8369280
1402,6041416,8369280
1403,6041416,8369280
1404,6041416,8347056
1405,6041416,8207123
1406,6041416,8108995
1407,6041416,8160139
1408,6041416,8232025
1409,6041416,8200337
1410,6041416,8159075
1411,6041416,7704551
1412,6041416,8231828
1413,6041416,7815572
1414,6041416,7815572
1415,6041416,8109769
1416,6041416,8062170
1417,6041416,8062170
1418,6041416,7894113
1419,6041416,8805010
1420,6041416,8924858
1421,6041416,8732438
1422,6041416,9123513
1423,6041416,9242587
1424,6041416,8933606
1425,6041416,8907627
1426,6041416,8907627
1427,6041416,9232132
1428,6041416,9207632
1429,6041416,9288125
1430,6041416,9379063
1431,6041416,9501811
1432,6041416,9501811
1433,6041416,9501811
1434,6041416,9879735
1435,6041416,9740198
1436,6041416,9710014
1437,6041416,9410062
1438,6041416,9176067
1439,6041416,9176067
1440,6041416,9251125
1441,6041416,8964509
1442,6041416,9590099
1443,6041416,9381338
1444,6041416,9679298
1445,6041416,9099603
1446,6041416,9102734
1447,6041416,9102734
1448,6041416,9451674
1449,6041416,9550471
1450,6041416,9400969
1451,6041416,10723152
1452,6041416,11269209
1453,6041416,11088695
1454,6041416,11065229
1455,6041416,9870941
1456,6041416,10208393
1457,6041416,9455550
1458,6041416,9359424
1459,6041416,9619502
1460,6041416,9407363
1461,6041416,9736559
1462,6041416,9428952
1463,6041416,9329551
1464,6041416,8800647
1465,6041416,8800647
1466,6041416,9299807
1467,6041416,9266823
1468,6041416,9162171
1469,6041416,9124457
1470,6041416,8624039
1471,6041416,8799258
1472,6041416,8251575
1473,6041416,8666290
1474,6041416,8763614
1475,6041416,9207832
1476,6041416,9207832
1477,6041416,9620579
1478,6041416,9671755
1479,6041416,9873292
1480,6041416,9520372
1481,6041416,9558437
1482,6041416,8997191
1483,6041416,8573882
1484,6041416,8632315
1485,6041416,9114999
1486,6041416,9418936
1487,6041416,10045885
1488,6041416,10088618
1489,6041416,10088618
1490,6041416,10058124
1491,6041416,9991796
1492,6041416,9991796
1493,6041416,9991796
1494,6041416,9979258
1495,6041416,9767723
1496,6041416,9767712
1497,6041416,9487368
1498,6041416,9729432
1499,6041416,10454949
1500,6041416,10007436
1501,6041416,9460754
1502,6041416,9449262
1503,6041416,9427187
1504,6041416,10056328
1505,6041416,10297814
1506,6041416,10940031
1507,6041416,10565083
1508,6041416,10504162
1509,6041416,10504162
1510,6041416,10715697
1511,6041416,10582948
1512,6041416,11152384
1513,6041416,10954370
1514,6041416,10207081
1515,6041416,11041973
1516,6041416,10493815
1517,6041416,10336004
1518,6041416,10238956
1519,6041416,10847553
1520,6041416,10020279
1521,6041416,9752744
1522,6041416,9344303
1523,6041416,9299580
1524,6041416,9231645
1525,6041416,9085366
1526,6041416,8629921
1527,6041416,8628376
1528,6041416,8707767
1529,6041416,8505825
1530,6041416,8707414
1531,6041416,10380623
1532,6041416,10196487
1533,6041416,10375978
1534,6041416,10245584
1535,6041416,9423208
1536,6041416,9422304
1537,6041416,9412405
1538,6041416,9412405
1539,6041416,9718660
1540,6041416,9437703
1541,6041416,9455218
1542,6041416,9536449
1543,6041416,9166544
1544,6041416,9427962
1545,6041416,9977983
1546,6041416,10114759
1547,6041416,9688724
1548,6041416,9143523
1549,6041416,8510600
1550,6041416,8935101
1551,6041416,8902529
1552,6041416,8823792
1553,6041416,9169542
1554,6041416,9216191
1555,6041416,9392297
1556,6041416,9360437
1557,6041416,9360437
1558,6041416,8819123
1559,6041416,8766578
1560,6041416,9198556
1561,6041416,8691153
1562,6041416,9250119
1563,6041416,9250119
1564,6041416,9244287
1565,6041416,9396036
1566,6041416,9365746
1567,6041416,9289960
1568,6041416,9245516
1569,6041416,8761281
1570,6041416,8684815
1571,6041416,8834397
1572,6041416,8639983
1573,6041416,8293160
1574,6041416,8293160
1575,6041416,8726599
1576,6041416,8689568
1577,6041416,8670645
1578,6041416,8616681
1579,6041416,8581529
1580,6041416,8834984
1581,6041416,9044294
1582,6041416,8408721
1583,6041416,8038338
1584,6041416,8241683
1585,6041416,9257665
1586,6041416,9185973
1587,6041416,8966692
1588,6041416,8965913
1589,6041416,9782797
1590,6041416,9603587
1591,6041416,10193379
1592,6041416,10193379
1593,6041416,10007800
1594,6041416,11052874
1595,6041416,10962719
1596,6041416,10564333
1597,6041416,9757203
1598,6041416,9257300
1599,6041416,9220096
1600,6041416,10060556
1601,6041416,9970292
1602,6041416,9851507
1603,6041416,9974103
1604,6041416,9823704
1605,6041416,9617069
1606,6041416,9744051
1607,6041416,9582760
1608,6041416,9842921
1609,6041416,10618616
1610,6041416,10099897
1611,6041416,10766272
1612,6041416,10866231
1613,6041416,11881477
1614,6041416,11692355
1615,6041416,11669779
1616,6041416,11028728
1617,6041416,10723788
1618,6041416,10102345
1619,6041416,10102345
1620,6041416,9863344
1621,6041416,8693468
1622,6041416,9338980
1623,6041416,9079536
1624,6041416,8851847
1625,6041416,8855520
1626,6041416,8705238
1627,6041416,8705238
1628,6041416,8663272
1629,6041416,9176457
1630,6041416,8823924
1631,6041416,9111964
1632,6041416,9084642
1633,6041416,8782512
1634,6041416,8782512
1635,6041416,8003530
1636,6041416,8003530
1637,6041416,8506346
1638,6041416,8506346
1639,6041416,8695166
1640,6041416,8695166
1641,6041416,8458483
1642,6041416,8456166
1643,6041416,8456166
1644,6041416,8197919
1645,6041416,8220558
1646,6041416,8161730
1647,6041416,8936770
1648,6041416,9743087
1649,6041416,10045444
1650,6041416,9440613
1651,6041416,10205282
1652,6041416,11271094
1653,6041416,10386566
1654,6041416,10007075
1655,6041416,10234536
1656,6041416,10447034
1657,6041416,10442034
1658,6041416,10710088
1659,6041416,10018725
1660,6041416,10462833
1661,6041416,10400737
1662,6041416,10417337
1663,6041416,10257212
1664,6041416,10636546
1665,6041416,11102212
1666,6041416,11616730
1667,6041416,11347416
1668,6041416,11347416
1669,6041416,11674506
1670,6041416,10724482
1671,6041416,10391187
1672,6041416,9632366
1673,6041416,9221985
1674,6041416,9114634
1675,6041416,9331153
1676,6041416,9210952
1677,6041416,9182482
1678,6041416,9182482
1679,6041416,9889679
1680,6041416,9580121
1681,6041416,9932099
1682,6041416,9590921
1683,6041416,8376873
1684,6041416,8930949
1685,6041416,8171869
1686,6041416,8134127
1687,6041416,8507899
1688,6041416,8463562
1689,6041416,8232552
1690,6041416,7716766
1691,6041416,7631829
1692,6041416,7609994
1693,6041416,7567226
1694,6041416,7413842
1695,6041416,7413842
1696,6041416,7501468
1697,6041416,7441636
1698,6041416,7854834
1699,6041416,7892385
1700,6041416,7883539
1701,6041416,7703557
1702,6041416,7746683
1703,6041416,7855105
1704,6041416,7896915
1705,6041416,7896915
1706,6041416,7373002
1707,6041416,7327956
1708,6041416,7353737
1709,6041416,7599774
1710,6041416,7213551
1711,6041416,7396659
1712,6041416,7396659
1713,6041416,7811112
1714,6041416,7396659
1715,6041416,8069950
1716,6041416,7672211
1717,6041416,7662325
1718,6041416,9013838
1719,6041416,9716595
1720,6041416,9611104
1721,6041416,9516659
1722,6041416,9516659
1723,6041416,9468627
1724,6041416,9598462
1725,6041416,9464730
1726,6041416,8949375
1727,6041416,9297112
1728,6041416,8965261
1729,6041416,8902081
1730,6041416,8843383
1731,6041416,8844034
1732,6041416,9114337
1733,6041416,9176163
1734,6041416,9784630
1735,6041416,9744706
1736,6041416,9629195
1737,6041416,9177666
1738,6041416,9440784
1739,6041416,9591653
1740,6041416,9700992
1741,6041416,9720700
1742,6041416,9122363
1743,6041416,9084292
1744,6041416,9084292
1745,6041416,8700211
1746,6041416,8405161
1747,6041416,8404739
1748,6041416,8341579
1749,6041416,9741905
1750,6041416,9394560
1751,6041416,9394561
1752,6041416,9296258
1753,6041416,9314901
1754,6041416,9314901
1755,6041416,8398695
1756,6041416,8381760
1757,6041416,8450510
1758,6041416,8729568
1759,6041416,8145915
1760,6041416,8492151
1761,6041416,9041453
1762,6041416,9041770
1763,6041416,9029668
1764,6041416,9720835
1765,6041416,8774441
1766,6041416,8769071
1767,6041416,9378004
1768,6041416,9805695
1769,6041416,9805695
1770,6041416,10050143
1771,6041416,9876500
1772,6041416,10067050
1773,6041416,10261989
1774,6041416,10215432
1775,6041416,10184223
1776,6041416,10402084
1777,6041416,9864908
1778,6041416,9571151
1779,6041416,9584920
1780,6041416,9076944
1781,6041416,9461964
1782,6041416,9533620
1783,6041416,9571806
1784,6041416,9855387
1785,6041416,9406844
1786,6041416,9406844
1787,6041416,9396190
1788,6041416,9315541
1789,6041416,9193705
1790,6041416,9729997
1791,6041416,10887006
1792,6041416,10445084
1793,6041416,10445084
1794,6041416,9912077
1795,6041416,10076180
1796,6041416,11079103
1797,6041416,10941958
1798,6041416,10862369
1799,6041416,11096607
1800,6041416,11447158
1801,6041416,11341179
1802,6041416,11794058
1803,6041416,11323211
1804,6041416,11307142
1805,6041416,11307142
1806,6041416,11246301
1807,6041416,11649740
1808,6041416,11590371
1809,6041416,11714096
1810,6041416,11305906
1811,6041416,11301521
1812,6041416,11291824
1813,6041416,10834194
1814,6041416,10763989
1815,6041416,10674475
1816,6041416,10674475
1817,6041416,10680992
1818,6041416,10052795
1819,6041416,10026397
1820,6041416,9994030
1821,6041416,10417744
1822,6041416,11108591
1823,6041416,10538196
1824,6041416,10157273
1825,6041416,9939793
1826,6041416,9939793
1827,6041416,10206772
1828,6041416,9444072
1829,6041416,9177093
1830,6041416,9940159
1831,6041416,9846150
1832,6041416,9846150
1833,6041416,9719192
1834,6041416,9470637
1835,5972234,5972234
1836,5955741,5955741
1837,5955741,6848880
1838,5955741,6848880
1839,5955741,7784891
1840,5955741,7754205
1841,5955741,7754205
1842,5955741,7697769
1843,5955741,7686897
1844,5955741,7810908
1845,5955741,7683568
1846,5955741,7789986
1847,5955741,7789986
1848,5955741,7789986
1849,5955741,7575558
1850,5955741,7512744
1851,5955741,7451256
1852,5955741,7478462
1853,5955741,7478462
1854,5955741,7478462
1855,5955741,7416974
1856,5955741,7411812
1857,5955741,7100542
1858,5955741,7121835
1859,5955741,7104431
1860,5955741,7042393
1861,5955741,7042393
1862,5955741,7041892
1863,5955741,7161229
1864,5955741,7161229
1865,5955741,7453782
1866,5955741,7365673
1867,5955741,7365673
1868,5955741,7335181
1869,5955741,8181181
1870,5955741,8061823
1871,5955741,8055809
1872,5955741,8036237
1873,5955741,7819078
1874,5955741,7778683
1875,5955741,7778683
1876,5955741,7778683
1877,5955741,7681974
1878,5955741,7681974
1879,5955741,7681974
1880,5955741,7681974
1881,5955741,7996169
1882,5955741,7996169
1883,5955741,7859114
1884,5955741,7820744
1885,5955741,7679243
1886,5955741,7668734
1887,5955741,7668734
1888,5955741,7668734
1889,5955741,7668734
1890,5955741,7610807
1891,5955741,7150484
1892,5955741,7150484
1893,5955741,7150484
1894,5955741,7202643
1895,5955741,7202643
1896,5955741,7202644
1897,5955741,7202644
1898,5955741,7179006
1899,5955741,7101790
1900,5955741,7101820
1901,5955741,7101820
1902,5955741,7101820
1903,5955741,7101820
1904,5955741,7101820
1905,5955741,7006342
1906,5955741,7006342
1907,5955741,7006342
1908,5955741,7006342
1909,5955741,7006342
1910,5955741,6776963
1911,5955741,7152078
1912,5955741,7152078
1913,5955741,7152078
1914,5955741,7152078
1915,5955741,7177163
1916,5955741,7134335
1917,5955741,7134335
1918,5955741,7134335
1919,5955741,7134335
1920,5955741,7134335
1921,5955741,7134335
1922,5955741,7070862
1923,5955741,7521061
1924,5955741,7600194
1925,5955741,7319235
1926,5955741,7278998
1927,5955741,7140556
1928,5955741,7140556
1929,5955741,7171494
1930,5955741,7035188
1931,5955741,7035188
1932,5955741,6994032
1933,5955741,6994032
1934,5955741,6984452
1935,5955741,7049093
1936,5955741,7348914
1937,5955741,7284495
1938,5955741,7034959
1939,5955741,7034081
1940,5955741,6940354
1941,5955741,7216158
1942,5955741,7090459
1943,5955741,7064458
1944,5955741,7064458
1945,5955741,7064458
1946,5955741,7064458
1947,5955741,7015513
1948,5955741,6823555
1949,5955741,6809460
1950,5955741,7356439
1951,5955741,7286992
1952,5955741,6939095
1953,5955741,6939095
1954,5955741,6939095
1955,5955741,6939095
1956,5955741,6924180
1957,5955741,6924180
1958,5955741,6924180
1959,5955741,7126176
1960,5955741,7063584
1961,5955741,7063584
1962,5955741,6654693
1963,5955741,6543795
1964,5955741,6373670
1965,5955741,6362635
1966,5955741,6362635
1967,5955741,6311146
1968,5955741,6262403
1969,5955741,6262403
1970,5955741,6256165
1971,5955741,6359806
1972,5955741,6359806
1973,5955741,6359806
1974,5955741,6359806
1975,5955741,6359806
1976,5955741,6359806
1977,5955741,6359806
1978,5955741,6387150
1979,5955741,6225376
1980,5955741,6225376
1981,5955741,6225376
1982,5955741,6225376
1983,5955741,6225376
1984,5955741,7311599
1985,5955741,7304158
1986,5955741,7248202
1987,5955741,7248202
1988,5955741,7259727
1989,5955741,7212718
1990,5955741,7165416
1991,5955741,7474122
1992,5955741,7428678
1993,5955741,7358651
1994,5955741,7320268
1995,5955741,7320268
1996,5955741,7320268
1997,5955741,7270152
1998,5955741,7197922
1999,5955741,7194144
2000,5955741,7667821
2001,5955741,7667821
2002,5955741,7667458
2003,5955741,7747048
2004,5955741,7732395
2005,5955741,7728119
2006,5955741,7425226
2007,5955741,7406554
2008,5955741,7526778
2009,5955741,7526778
2010,5955741,7593235
2011,5955741,7593235
2012,5955741,7566074
2013,5955741,7566074
2014,5955741,7514772
2015,5955741,7514772
2016,5955741,7399265
2017,5955741,7245388
2018,5955741,7245388
2019,5955741,7245388
2020,5955741,7237783
2021,5955741,7056732
2022,5955741,7053430
2023,5955741,7800012
2024,5955741,7694192
2025,5955741,7694192
2026,5955741,7279354
2027,5955741,7279354
2028,5955741,7279354
2029,5955741,7545833
2030,5955741,7417108
2031,5955741,7310955
2032,5955741,7025790
2033,5955741,7013806
2034,5955741,6869350
2035,5955741,6826706
2036,5955741,7877776
2037,5955741,7682380
2038,5955741,7682380
2039,5955741,7489806
2040,5955741,7217510
2041,5955741,7118503
2042,5955741,7286201
2043,5955741,8100123
2044,5955741,7748045
2045,5955741,8294254
2046,5955741,8294252
2047,5955741,8294252
2048,5955741,8456735
2049,5955741,8456735
2050,5955741,8418922
2051,5955741,8152195
2052,5955741,7980266
2053,5955741,8020291
2054,5955741,8020291
2055,5955741,8246167
2056,5955741,8246167
2057,5955741,8246167
2058,5955741,8246167
2059,5955741,8246167
2060,5955741,8246167
2061,5955741,8288494
2062,5955741,8390889
2063,5955741,8230537
2064,5955741,8858636
2065,5955741,8854526
2066,5955741,8854526
2067,5955741,8854526
2068,5955741,9007716
2069,5955741,8981933
2070,5955741,8981933
2071,5955741,8981933
2072,5955741,8981933
2073,5955741,8981933
2074,5955741,8975018
2075,5955741,8811920
2076,5955741,8992537
2077,5955741,8763158
2078,5955741,8636115
2079,5955741,8636115
2080,5955741,8636115
2081,5955741,8946129
2082,5955741,8794970
2083,5955741,8775576
2084,5955741,8784287
2085,5955741,8767281
2086,5955741,8600898
2087,5955741,8600898
2088,5955741,8158014
2089,5955741,8158014
2090,5955741,8245180
2091,5955741,8140094
2092,5955741,8129338
2093,5955741,8214438
2094,5955741,8755990
2095,5955741,8733544
2096,5955741,8594350
2097,5955741,8594350
2098,5955741,8495574
2099,5955741,8433049
2100,5955741,8433049
2101,5955741,8326633
2102,5955741,8301978
2103,5955741,8217389
2104,5955741,8121973
2105,5955741,7912258
2106,5955741,7458148
2107,5955741,7456188
2108,5955741,7363098
2109,5955741,7259375
2110,5955741,7241965
2111,5955741,7241965
2112,5955741,7233132
2113,5955741,7233132
2114,5955741,7046455
2115,5955741,7212379
2116,5955741,7187932
2117,5955741,7165560
2118,5955741,7165560
2119,5955741,7165560
2120,5955741,7123382
2121,5955741,7116617
2122,5955741,7096156
2123,5955741,6965554
2124,5955741,6974858
2125,5955741,6974858
2126,5955741,6866645
2127,5955741,6838506
2128,5955741,6838506
2129,5955741,6838506
2130,5955741,6838506
2131,5955741,6866645
2132,5955741,6754510
2133,5955741,6857684
2134,5955741,7175001
2135,5955741,7116421
2136,5955741,7116421
2137,5955741,7116421
2138,5955741,7116421
2139,5955741,7116421
2140,5955741,7116421
2141,5955741,7107273
2142,5955741,6752479
2143,5955741,6752479
2144,5955741,6752479
2145,5955741,6747134
2146,5955741,6747134
2147,5955741,6736399
2148,5955741,6736399
2149,5955741,6736399
2150,5955741,6721257
2151,5955741,6721257
2152,5955741,6450324
2153,5955741,6450324
2154,5955741,6450317
2155,5955741,6450317
2156,5955741,6948558
2157,5955741,6948558
2158,5955741,7881251
2159,5955741,7827679
2160,5955741,7794985
2161,5955741,7990126
2162,5955741,7946148
2163,5955741,7925904
2164,5955741,7816954
2165,5955741,7816954
2166,5955741,7808704
2167,5955741,8086500
2168,5955741,8048797
2169,5955741,8027002
2170,5955741,7931427
2171,5955741,7908316
2172,5955741,7904569
2173,5955741,7904569
2174,5955741,7904569
2175,5955741,7899407
2176,5955741,7889301
2177,5955741,7657381
2178,5955741,8478508
2179,5955741,8457930
2180,5955741,8862832
2181,5955741,8862832
2182,5955741,8293670
2183,5955741,8319839
2184,5955741,8270894
2185,5955741,7947716
2186,5955741,7919541
2187,5955741,7916408
2188,5955741,7916408
2189,5955741,7916408
2190,5955741,7688229
2191,5955741,7296427
2192,5955741,7296427
2193,5955741,7296427
2194,5955741,7296427
2195,5955741,7283677
2196,5955741,7283677
2197,5955741,7283677
2198,5955741,7283677
2199,5955741,7205478
2200,5955741,7205478
2201,5955741,7205478
2202,5955741,7218113
2203,5955741,7197324
2204,5955741,7197324
2205,5955741,7197324
2206,5955741,7139509
2207,5955741,7139509
2208,5955741,7139509
2209,5955741,7139509
2210,5955741,7102119
2211,5955741,7105023
2212,5955741,7082275
2213,5955741,7340649
2214,5955741,7340649
2215,5955741,7021917
2216,5955741,7021917
2217,5955741,7021917
2218,5955741,7312090
2219,5955741,7258499
2220,5955741,7940293
2221,5955741,7842450
2222,5955741,7842450
2223,5955741,7667454
2224,5955741,7667454
2225,5955741,7659721
2226,5955741,9041687
2227,5955741,9010911
2228,5955741,8841897
2229,5955741,8729601
2230,5955741,8729601
2231,5955741,8632619
2232,5955741,8735867
2233,5955741,8719444
2234,5955741,8719444
2235,5955741,8683115
2236,5955741,8683115
2237,5955741,8409011
2238,5955741,8473775
2239,5955741,8507868
2240,5955741,8474977
2241,5955741,8436965
2242,5955741,8316608
2243,5955741,8313803
2244,5955741,8071141
2245,5955741,8071141
2246,5955741,8003632
2247,5955741,8080311
2248,5955741,8064913
2249,5955741,8049094
2250,5955741,8014627
2251,5955741,8358614
2252,5955741,8216864
2253,5955741,7897063
2254,5955741,7811857
2255,5955741,7801880
2256,5955741,7861136
2257,5955741,7861136
2258,5955741,7875608
2259,5955741,8820955
2260,5955741,8724442
2261,5955741,8673174
2262,5955741,9069107
2263,5955741,8976112
2264,5955741,9363058
2265,5955741,9340462
2266,5955741,9386959
2267,5955741,9383681
2268,5955741,9385885
2269,5955741,9102546
2270,5955741,9042010
2271,5955741,8939022
2272,5955741,8863556
2273,5955741,8846077
2274,5955741,8843575
2275,5955741,8832147
2276,5955741,8724695
2277,5955741,8660374
2278,5955741,9118721
2279,5955741,8933446
2280,5955741,9025510
2281,5955741,9571546
2282,5955741,9571546
2283,5955741,9712978
2284,5955741,9621089
2285,5955741,9488455
2286,5955741,9388696
2287,5955741,8987820
2288,5955741,8987820
2289,5955741,8987820
2290,5955741,8987820
2291,5955741,8224518
2292,5955741,8121087
2293,5955741,8121087
2294,5955741,8121087
2295,5955741,8253564
2296,5955741,8253564
2297,5955741,8565746
2298,5955741,9213809
2299,5955741,9174022
2300,5955741,9096503
2301,5955741,9089885
2302,5955741,8943741
2303,5955741,8274007
2304,5955741,8254103
2305,5955741,8254103
2306,5955741,8254103
2307,5955741,8247985
2308,5955741,8247985
2309,5955741,8254103
2310,5955741,8253836
2311,5955741,8253836
2312,5955741,8224752
2313,5955741,8805885
2314,5955741,8956587
2315,5955741,9555727
2316,5955741,9555727
2317,5955741,9950909
2318,5955741,9673848
2319,5955741,9588161
2320,5955741,9457411
2321,5955741,9429223
2322,5955741,9429223
2323,5955741,9412042
2324,5955741,8410809
2325,5955741,8736825
2326,5955741,8736825
2327,5955741,8736825
2328,5955741,8649382
2329,5955741,8649382
2330,5955741,8619993
2331,5955741,8489300
2332,5955741,8489300
2333,5955741,8489300
2334,5955741,8809101
2335,5955741,8809101
2336,5955741,8483670
2337,5955741,8483670
2338,5955741,8466811
2339,5955741,8389769
2340,5955741,8389769
2341,5955741,8389769
2342,5955741,8462482
2343,5955741,8463494
2344,5955741,8463657
2345,5955741,8370843
2346,5955741,7829938
2347,5955741,7800362
2348,5955741,7793450
2349,5955741,8212663
2350,5955741,7844267
2351,5955741,7844267
2352,5955741,7749608
2353,5955741,7820305
2354,5955741,7417050
2355,5955741,7413574
2356,5955741,7882537
2357,5955741,8148842
2358,5955741,8098878
2359,5955741,8048163
2360,5955741,8048163
2361,5955741,8537351
2362,5955741,8374514
2363,5955741,8147710
2364,5955741,7820348
2365,5955741,8149345
2366,5955741,8404717
2367,5955741,8108039
2368,5955741,8678232
2369,5955741,8108039
2370,5955741,7717013
2371,5955741,7689680
2372,5955741,7484701
2373,5955741,7556314
2374,5955741,7788735
2375,5955741,8336751
2376,5955741,8342484
2377,5955741,7791299
2378,5955741,8390516
2379,5955741,8374966
2380,5955741,7994339
2381,5955741,7994339
2382,5955741,7699289
2383,5955741,7878537
2384,5955741,8239977
2385,5955741,8189750
2386,5955741,8377051
2387,5955741,8377051
2388,5955741,8353772
2389,5955741,8107731
2390,5955741,7565294
2391,5955741,7960154
2392,5955741,8088558
2393,5955741,7778168
2394,5955741,7777658
2395,5955741,7777658
2396,5955741,8011167
2397,5955741,8011167
2398,5955741,7896902
2399,5955741,8079974
2400,5955741,8043870
2401,5955741,8534583
2402,5955741,8625833
2403,5955741,8575843
2404,5955741,8543415
2405,5955741,9301596
2406,5955741,9669830
2407,5955741,10140292
2408,5955741,9744252
2409,5955741,8951154
2410,5955741,8597165
2411,5955741,8718433
2412,5955741,8596514
2413,5955741,8794933
2414,5955741,8936118
2415,5955741,9154933
2416,5955741,9154933
2417,5955741,9045737
2418,5955741,9045737
2419,5955741,8508044
2420,5955741,8786721
2421,5955741,9257881
2422,5955741,9379332
2423,5955741,9426150
2424,5955741,9597693
2425,5955741,8796029
2426,5955741,9233672
2427,5955741,9541920
2428,5955741,10046870
2429,5955741,9816876
2430,5955741,10208180
2431,5955741,9875612
2432,5955741,9474619
2433,5955741,9640188
2434,5955741,9261308
2435,5955741,9263056
2436,5955741,9517188
2437,5955741,9149336
2438,5955741,9165466
2439,5955741,9325493
2440,5955741,9730339
2441,5955741,9829553
2442,5955741,9877601
2443,5955741,9775583
2444,5955741,9729978
2445,5955741,9729977
2446,5955741,9828754
2447,5955741,9893139
2448,5955741,9942536
2449,5955741,9750295
2450,5955741,9868289
2451,5955741,9451030
2452,5955741,9407173
2453,5955741,9607209
2454,5955741,9429402
2455,5955741,9325183
2456,5955741,9318141
2457,5955741,9023660
2458,5955741,8931938
2459,5955741,8888837
2460,5955741,9277150
2461,5955741,9317358
2462,5955741,9147643
2463,5955741,9107116
2464,5955741,8946744
2465,5955741,8903215
2466,5955741,9449519
2467,5955741,9426492
2468,5955741,10125091
2469,5955741,9961597
2470,5955741,9961597
2471,5955741,9646593
2472,5955741,9171360
2473,5955741,9942269
2474,5955741,9946670
2475,5955741,9612628
2476,5955741,9612628
2477,5955741,10705908
2478,5955741,10583311
2479,5955741,10173229
2480,5955741,10109810
2481,5955741,10083511
2482,5955741,10117284
2483,5955741,10498030
2484,5955741,9363055
2485,5955741,9363055
2486,5955741,9337467
2487,5955741,9960300
2488,5955741,9474922
2489,5955741,9447671
2490,5955741,9644672
2491,5955741,9581908
2492,5955741,9185737
2493,5955741,9198911
2494,5955741,10302169
2495,5955741,10231418
2496,5955741,9635069
2497,5955741,8773816
2498,5955741,8683062
2499,5955741,7827088
2500,5955741,7762621
2501,5955741,7723182
2502,5955741,7991963
2503,5955741,8029233
2504,5955741,7769736
2505,5955741,8039822
2506,5955741,8070251
2507,5955741,8041652
2508,5955741,8041652
2509,5955741,8039043
2510,5955741,8386374
2511,5955741,8802631
2512,5955741,9047275
2513,5955741,9029955
2514,5955741,9523199
2515,5955741,9635638
2516,5955741,9831085
2517,5955741,9511544
2518,5955741,9794578
2519,5955741,10154347
2520,5955741,10234488
2521,5955741,10327991
2522,5955741,10242411
2523,5955741,9335985
2524,5955741,8857386
2525,5955741,8524258
2526,5955741,8627270
2527,5955741,8849546
2528,5955741,8952639
2529,5955741,9267645
2530,5955741,9253203
2531,5955741,9145363
2532,5955741,9235204
2533,5955741,8598445
2534,5955741,8966735
2535,5955741,9856686
2536,5955741,9793501
2537,5955741,9784057
2538,5955741,10019728
2539,5955741,9692579
2540,5955741,9657346
2541,5955741,9633810
2542,5955741,9633810
2543,5955741,9302649
2544,5955741,9341663
2545,5955741,9356867
2546,5955741,9162165
2547,5955741,9053740
2548,5955741,8819532
2549,5955741,8755327
2550,5955741,9427949
2551,5955741,9085100
2552,5955741,8652730
2553,5955741,8759846
2554,5955741,9244809
2555,5955741,9381849
2556,5955741,9215559
2557,5955741,9202562
2558,5955741,8916875
2559,5955741,8916705
2560,5955741,9170639
2561,5955741,8885039
2562,5955741,8925480
2563,5955741,8455542
2564,5955741,8365799
2565,5955741,8676095
2566,5955741,8657496
2567,5955741,8867133
2568,5955741,9350687
2569,5955741,9230033
2570,5955741,8915027
2571,5955741,8901567
2572,5955741,9525757
2573,5955741,9190360
2574,5955741,9982149
2575,5955741,9935700
2576,5955741,9935700
2577,5955741,10255449
2578,5955741,10309664
2579,5955741,10373039
2580,5955741,11391333
2581,5955741,11749649
2582,5955741,11740073
2583,5955741,11925962
2584,5955741,12017702
2585,5955741,11979324
2586,5955741,11911273
2587,5955741,11902787
2588,5955741,11396655
2589,5955741,11758117
2590,5955741,11787866
2591,5955741,11724172
2592,5955741,11241796
2593,5955741,11551392
2594,5955741,11812094
2595,5955741,11812094
2596,5955741,12313607
2597,5955741,12770161
2598,5955741,12333627
2599,5955741,11951677
2600,5955741,12120316
2601,5955741,12218688
2602,5955741,11913639
2603,5955741,11913639
2604,5955741,11851213
2605,5955741,12295179
2606,5955741,12252599
2607,5955741,11742028
2608,5955741,11821539
2609,5955741,11807217
2610,5955741,11793321
2611,5955741,11756114
2612,5955741,11399948
2613,5955741,10683829
2614,5955741,10652831
2615,5955741,10621237
2616,5955741,10534731
2617,5955741,10993133
2618,5955741,10632560
2619,5955741,10538142
2620,5955741,10379041
2621,5955741,10720669
2622,5955741,11163527
2623,5955741,10738533
2624,5955741,10738533
2625,5955741,10552779
2626,5955741,9936567
2627,5955741,10705800
2628,5955741,10661620
2629,5955741,10394251
2630,5955741,9522328
2631,5955741,9780632
2632,5955741,9822307
2633,5955741,10507703
2634,5955741,9445564
2635,5955741,9098833
2636,5955741,8993946
2637,5955741,9810091
2638,5955741,9697560
2639,5955741,9697560
2640,5955741,10081795
2641,5955741,9646469
2642,5955741,9940177
2643,5955741,9819988
2644,5955741,10105993
2645,5955741,9904304
2646,5955741,9549772
2647,5955741,9883625
2648,5955741,9572253
2649,5955741,9620200
2650,5955741,9578867
2651,5955741,9856082
2652,5955741,9621883
2653,5955741,9840112
2654,5955741,9188509
2655,5955741,9049459
2656,5955741,8868366
2657,5955741,8868366
2658,5955741,9607276
2659,5955741,9582256
2660,5955741,9477312
2661,5955741,9477312
2662,5955741,9100964
2663,5955741,9458939
2664,5955741,8877417
2665,5955741,8638859
2666,5955741,8543987
2667,5955741,8543209
2668,5955741,9337432
2669,5955741,9332264
2670,5955741,9336103
2671,5955741,9135371
2672,5955741,9273958
2673,5955741,8938964
2674,5955741,8921786
2675,5955741,8883228
2676,5955741,9389341
2677,5955741,8413890
2678,5955741,8591598
2679,5955741,8621814
2680,5955741,8761561
2681,5955741,8209418
2682,5955741,8194771
2683,5955741,7925200
2684,5955741,7925200
2685,5955741,7841091
2686,5955741,7935011
2687,5955741,7875168
2688,5955741,7875168
2689,5955741,8300452
2690,5955741,8264155
2691,5955741,8424670
2692,5955741,8073025
2693,5955741,8232572
2694,5955741,8645643
2695,5955741,8907018
2696,5955741,9131603
2697,5955741,10270686
2698,5955741,10270686
2699,5955741,10140938
2700,5955741,10140938
2701,5955741,9678013
2702,5955741,9536525
2703,5955741,9031352
2704,5955741,8201017
2705,5955741,8097012
2706,5955741,8233220
2707,5955741,8549949
2708,5955741,8538185
2709,5955741,8688359
2710,5955741,8620201
2711,5955741,8392847
2712,5955741,8376388
2713,5955741,8376388
2714,5955741,8376388
2715,5955741,8250785
2716,5955741,8565687
2717,5955741,9113740
2718,5955741,9052374
2719,5955741,9357660
2720,5955741,9283493
2721,5955741,9157740
2722,5955741,9516645
2723,5955741,8816108
2724,5955741,8560896
2725,5955741,8646099
2726,5955741,9680931
2727,5955741,9664493
2728,5955741,9538828
2729,5955741,9835270
2730,5955741,9813197
2731,5955741,8662322
2732,5955741,8662322
2733,5955741,8988340
2734,5955741,8640317
2735,5955741,8199532
2736,5955741,8405077
2737,5955741,8061460
2738,5955741,7656412
2739,5955741,7514187
2740,5955741,7746242
2741,5955741,7657607
2742,5955741,7794329
2743,5955741,8008630
2744,5955741,7886985
2745,5955741,8376019
2746,5955741,8409005
2747,5955741,8191713
2748,5955741,7998956
2749,5955741,8298077
2750,5955741,8240095
2751,5955741,7376097
2752,5955741,8081570
2753,5955741,8067636
2754,5955741,7250752
2755,5955741,7585509
2756,5955741,6700047
2757,5955741,6700047
2758,5955741,7933229
2759,5955741,7933229
2760,5955741,8048108
2761,5955741,7974509
2762,5955741,7736757
2763,5955741,7730474
2764,5955741,7851949
2765,5955741,7894785
2766,5955741,7933167
2767,5955741,7952930
2768,5955741,8622725
2769,5955741,8673773
2770,5955741,8348909
2771,5955741,8630626
2772,5955741,8564412
2773,5955741,8562206
2774,5955741,8407901
2775,5955741,8763228
2776,5955741,8601410
2777,5955741,7919039
2778,5955741,7887500
2779,5955741,7840295
2780,5955741,7972083
2781,5955741,7854106
2782,5955741,7825257
2783,5955741,7865252
2784,5955741,8158557
2785,5955741,8074115
2786,5955741,8584631
2787,5955741,8720642
2788,5955741,8677626
2789,5955741,8890538
2790,5955741,9154435
2791,5955741,9154081
2792,5955741,9154081
2793,5955741,8516786
2794,5955741,8516786
2795,5955741,8704314
2796,5955741,9001966
2797,5955741,9605133
2798,5955741,9665861
2799,5955741,9585832
2800,5955741,9506981
2801,5955741,9556476
2802,5955741,8890876
2803,5955741,8890876
2804,5955741,9125075
2805,5955741,9357839
2806,5955741,9302061
2807,5955741,8761502
2808,5955741,8238178
2809,5955741,8956467
2810,5955741,8956467
2811,5955741,8969037
2812,5955741,9282412
2813,5955741,10134450
2814,5955741,10111504
2815,5955741,10087662
2816,5955741,10174905
2817,5955741,9962104
2818,5955741,10147145
2819,5955741,9817018
2820,5955741,9690877
2821,5955741,9637595
2822,5955741,9637595
2823,5955741,9542949
2824,5955741,9430548
2825,5955741,9167753
2826,5955741,9167753
2827,5955741,9320158
2828,5955741,9106644
2829,5955741,9247740
2830,5955741,8580196
2831,5955741,8018065
2832,5955741,8409190
2833,5955741,8387675
2834,5955741,8734877
2835,5955741,8597033
2836,5955741,8920800
2837,5955741,8678713
2838,5955741,9246569
2839,5955741,8905616
2840,5955741,8648510
2841,5955741,8058258
2842,5955741,8212388
2843,5955741,8239932
2844,5955741,7943966
2845,5955741,7885879
2846,5955741,7803056
2847,5955741,8113499
2848,5955741,7824020
2849,5955741,7582886
2850,5955741,8243569
2851,5955741,8480915
2852,5955741,8382496
2853,5955741,8374762
2854,5955741,8374762
2855,5955741,7857422
2856,5955741,8108967
2857,5955741,8108967
2858,5955741,8108967
2859,5955741,8099814
2860,5955741,8603477
2861,5955741,8520296
2862,5955741,8438093
2863,5955741,8548349
2864,5955741,7797636
2865,5955741,7668433
2866,5955741,7810453
2867,5955741,7780112
2868,5955741,7783488
2869,5955741,8112422
2870,5955741,8108774
2871,5955741,8171291
2872,5955741,8071263
2873,5955741,8149091
2874,5955741,8003009
2875,5955741,7963604
2876,5955741,8113187
2877,5955741,8294478
2878,5955741,8512075
2879,5955741,8000094
2880,5955741,7880676
2881,5955741,8009605
2882,5955741,8142780
2883,5955741,8116953
2884,5955741,7982922
2885,5955741,8611822
2886,5955741,8767939
2887,5955741,8684188
2888,5955741,9529684
2889,5955741,9187800
2890,5955741,9335862
2891,5955741,9225313
2892,5955741,9131949
2893,5955741,8864816
2894,5955741,8783753
2895,5955741,8728997
2896,5955741,8724010
2897,5955741,9146606
2898,5955741,9847951
2899,5955741,9201487
2900,5955741,9504861
2901,5955741,9773068
2902,5955741,9269808
2903,5955741,9263585
2904,5955741,9633480
2905,5955741,9828406
2906,5955741,10161606
2907,5955741,9173632
2908,5955741,8367794
2909,5955741,9030027
2910,5955741,9149858
2911,5955741,9887776
2912,5955741,9763580
2913,5955741,10195244
2914,5955741,10260023
2915,5955741,10256207
2916,5955741,9633627
2917,5955741,9633627
2918,5955741,8976814
2919,5955741,9546250
2920,5955741,9778097
2921,5955741,9840756
2922,5955741,9826042
2923,5955741,9774950
2924,5955741,9762849
2925,5955741,9719281
2926,5955741,9844850
2927,5955741,9911663
2928,5955741,9957445
2929,5955741,9714721
2930,5955741,9622371
2931,5955741,9914124
2932,5955741,9622034
2933,5955741,9913373
2934,5955741,10098405
2935,5955741,10266688
2936,5955741,10261187
2937,5955741,9532934
2938,5955741,9301326
2939,5955741,9794773
2940,5955741,9630420
2941,5955741,9630420
2942,5955741,10638010
2943,5955741,11041197
2944,5955741,11237381
2945,5955741,11169896
2946,5955741,11677462
2947,5955741,11206827
2948,5955741,11067074
2949,5955741,9944119
2950,5955741,9943548
2951,5955741,9776721
2952,5955741,9163097
2953,5955741,9507091
2954,5955741,9926370
2955,5955741,9804405
2956,5955741,9790011
2957,5955741,9254053
2958,5955741,8852363
2959,5955741,8998240
2960,5955741,8959099
2961,5955741,9207465
2962,5955741,8624322
2963,5955741,8242992
2964,5955741,8361228
2965,5955741,7776837
2966,5955741,7841238
2967,5955741,7824397
2968,5955741,8240128
2969,5955741,8966557
2970,5955741,8991071
2971,5955741,8779536
2972,5955741,8820790
2973,5955741,8487108
2974,5955741,8487108
2975,5955741,8034402
2976,5955741,8226350
2977,5955741,9017091
2978,5955741,9272183
2979,5955741,9132848
2980,5955741,8738849
2981,5955741,8738849
2982,5955741,8412180
2983,5955741,8263636
2984,5955741,8259730
2985,5955741,8244025
2986,5955741,8374899
2987,5955741,8237647
2988,5955741,8508760
2989,5955741,8540458
2990,5955741,8184093
2991,5955741,8883750
2992,5955741,8537043
2993,5955741,8749763
2994,5955741,9719200
2995,5955741,9449918
2996,5955741,9374452
2997,5955741,9158751
2998,5955741,8951613
2999,5955741,10079800
3000,5955741,10147752
3001,5955741,10272427
3002,5955741,10243580
3003,5955741,9518740
3004,5955741,9503603
3005,5955741,9502359
3006,5955741,10068575
3007,5955741,10560238
3008,5955741,10172319
3009,5955741,9758642
3010,5955741,9914639
3011,5955741,10636793
3012,5955741,10286719
3013,5955741,9494930
3014,5955741,8700338
3015,5955741,8727617
3016,5955741,8640523
3017,5955741,8124096
3018,5955741,8089565
3019,5955741,7940699
3020,5955741,7905482
3021,5955741,7456138
3022,5955741,7031144
3023,5955741,7619235
3024,5955741,7619235
3025,5955741,7911142
3026,5955741,7851407
3027,5955741,7535062
3028,5955741,7329335
3029,5955741,6465108
3030,5955741,6465108
3031,5955741,6742904
3032,5955741,6742904
3033,5955741,7139120
3034,5955741,6993049
3035,5955741,7425389
3036,5955741,7409243
3037,5955741,7244686
3038,5955741,7211085
3039,5955741,7193786
3040,5955741,6738607
3041,5955741,6863998
3042,5955741,7150693
3043,5955741,7227797
3044,5955741,9233227
3045,5955741,8921615
3046,5955741,8921615
3047,5955741,8905924
3048,5955741,9026251
3049,5955741,9500901
3050,5955741,9375510
3051,5955741,10625345
3052,5955741,10542756
3053,5955741,9794919
3054,5955741,9289280
3055,5955741,8491067
3056,5955741,8491067
3057,5955741,8423206
3058,5955741,8624805
3059,5955741,8049435
3060,5955741,8641084
3061,5955741,8641084
3062,5955741,8639891
3063,5955741,8639891
3064,5955741,8639891
3065,5955741,8639891
3066,5955741,8789211
3067,5955741,8789211
3068,5955741,9143929
3069,5955741,9149797
3070,5955741,9113380
3071,5955741,9113380
3072,5955741,9203572
3073,5955741,9203572
3074,5955741,9515568
3075,5955741,9242464
3076,5955741,9490294
3077,5955741,9063656
3078,5955741,8677079
3079,5955741,8888994
3080,5955741,9105258
3081,5955741,9108742
3082,5955741,9108742
3083,5955741,9255566
3084,5955741,9089723
3085,5955741,9785473
3086,5955741,9678473
3087,5955741,9156944
3088,5955741,9688148
3089,5955741,9263944
3090,5955741,8982496
3091,5955741,8957178
3092,5955741,9695698
3093,5955741,9664766
3094,5955741,9458684
3095,5955741,9691221
3096,5955741,9691220
3097,5955741,9683481
3098,5955741,8892111
3099,5955741,8859220
3100,5955741,8562036
3101,5955741,8562036
3102,5955741,8440208
3103,5955741,8383594
3104,5955741,8538772
3105,5955741,8938703
3106,5955741,8806575
3107,5955741,8806575
3108,5955741,8607911
3109,5955741,8352539
3110,5955741,7967778
3111,5955741,8098845
3112,5955741,8277380
3113,5955741,8249189
3114,5955741,8258543
3115,5955741,8168359
3116,5955741,8168359
3117,5955741,8316286
3118,5955741,8763397
3119,5955741,9044267
3120,5955741,8737957
3121,5955741,8532919
3122,5955741,8164947
3123,5955741,7635389
3124,5955741,7583045
3125,5955741,7583045
3126,5955741,7366896
3127,5955741,7342615
3128,5955741,7610481
3129,5955741,8023515
3130,5955741,7569313
3131,5955741,7839952
3132,5955741,7812425
3133,5955741,7812425
3134,5955741,8244612
3135,5955741,8242054
3136,5955741,7661344
3137,5955741,7617764
3138,5955741,7167599
3139,5955741,7717828
3140,5955741,8032736
3141,5955741,7903349
3142,5955741,8302134
3143,5955741,8389680
3144,5955741,8389680
3145,5955741,8583126
3146,5955741,9207079
3147,5955741,9328391
3148,5955741,9031941
3149,5955741,8979184
3150,5955741,9322186
3151,5955741,8819312
3152,5955741,8701422
3153,5955741,8830011
3154,5955741,8764374
3155,5955741,8774407
3156,5955741,8774407
3157,5955741,8379573
3158,5955741,9091836
3159,5955741,8938059
3160,5955741,9329550
3161,5955741,9278708
3162,5955741,8975646
3163,5955741,8947932
3164,5955741,9168240
3165,5955741,9955230
3166,5955741,9955230
3167,5955741,10270355
3168,5955741,9949525
3169,5955741,9600846
3170,5955741,9753642
3171,5955741,9970981
3172,5955741,9970981
3173,5955741,10247654
3174,5955741,10011143
3175,5955741,10384962
3176,5955741,9203701
3177,5955741,9558949
3178,5955741,9107884
3179,5955741,8897597
3180,5955741,8818301
3181,5955741,8818301
3182,5955741,8409842
3183,5955741,8454930
3184,5955741,7791854
3185,5955741,7532605
3186,5955741,7516934
3187,5955741,7483774
3188,5955741,7838492
3189,5955741,8092893
3190,5955741,7756177
3191,5955741,7401459
3192,5955741,7250690
3193,5955741,7250690
3194,5955741,7462225
3195,5955741,7203848
3196,5955741,6757618
3197,5955741,8142870
3198,5955741,8142870
3199,5955741,8323388
3200,5955741,8323388
3201,5955741,8323388
3202,5955741,7932175
3203,5955741,8061495
3204,5955741,8051772
3205,5955741,7761840
3206,5955741,8056213
3207,5955741,7911022
3208,5955741,8396619
3209,5955741,8049671
3210,5955741,7959021
3211,5955741,7959021
3212,5955741,7670367
3213,5955741,8131980
3214,5955741,8084636
3215,5955741,8638124
3216,5955741,8504867
3217,5955741,8439155
3218,5955741,8168812
3219,5955741,8030676
3220,5955741,8030676
3221,5955741,8399885
3222,5955741,9485150
3223,5955741,9873522
3224,5955741,9485150
3225,5955741,9485149
3226,5955741,9538534
3227,5955741,9127171
3228,5955741,9215834
3229,5955741,8660351
3230,5955741,8612605
3231,5955741,9013070
3232,5955741,9013070
3233,5955741,8708441
3234,5955741,9488971
3235,5955741,9104202
3236,5955741,8820060
3237,5955741,8747661
3238,5955741,8747661
3239,5955741,9102595
3240,5955741,8775008
3241,5955741,8465750
3242,5955741,8643508
3243,5955741,8951807
3244,5955741,8951807
3245,5955741,8964375
3246,5955741,9154655
3247,5955741,9154655
3248,5955741,8619488
3249,5955741,9012075
3250,5955741,8867955
3251,5955741,9033333
3252,5955741,9323185
3253,5955741,9058663
3254,5955741,8895044
3255,5955741,9516529
3256,5955741,9565102
3257,5955741,9565102
3258,5955741,9349525
3259,5955741,9464774
3260,5955741,9100268
3261,5955741,9103008
3262,5955741,9224403
3263,5955741,8597401
3264,5955741,8459361
3265,5955741,8625976
3266,5955741,8554892
3267,5955741,8510304
3268,5955741,9372509
3269,5955741,9923577
3270,5955741,9813658
3271,5955741,9777028
3272,5955741,11058684
3273,5955741,10210053
3274,5955741,10217956
3275,5955741,10049148
3276,5955741,10365778
3277,5955741,11150448
3278,5955741,11096232
3279,5955741,11147817
3280,5955741,11191087
3281,5955741,11069829
3282,5955741,11632765
3283,5955741,12218456
3284,5955741,11994290
3285,5955741,11826807
3286,5955741,12152260
3287,5955741,11852031
3288,5955741,12134035
3289,5955741,11666902
3290,5955741,11724770
3291,5955741,11954474
3292,5955741,11566884
3293,5955741,11449161
3294,5955741,11496057
3295,5955741,11870541
3296,5955741,11935370
3297,5955741,11929705
3298,5955741,11710551
3299,5955741,11383461
3300,5955741,11383461
3301,5955741,10619241
3302,5955741,10619241
3303,5955741,10351187
3304,5955741,10727955
3305,5955741,10958890
3306,5955741,10942151
3307,5955741,10528121
3308,5955741,9711237
3309,5955741,9788539
3310,5955741,10039238
3311,5955741,10515158
3312,5955741,10444279
3313,5955741,9904564
3314,5955741,9886626
3315,5955741,8974182
3316,5955741,8956187
3317,5955741,9401470
3318,5955741,8995758
3319,5955741,8995758
3320,5955741,8813222
3321,5955741,8854898
3322,5955741,8762047
3323,5955741,8560620
3324,5955741,8575180
3325,5955741,8572543
3326,5955741,8567520
3327,5955741,8825728
3328,5955741,9606407
3329,5955741,9596331
3330,5955741,9602842
3331,5955741,9931016
3332,5955741,9778408
3333,5955741,9865201
3334,5955741,9819906
3335,5955741,9761700
3336,5955741,9761700
3337,5955741,6354982
3338,5955741,6322271
3339,5955741,6322271
3340,5955741,6322271
3341,5955741,6321869
3342,5955741,6232426
3343,5955741,6232426
3344,5955741,6232426
3345,5955741,6232426
3346,5955741,6232426
3347,5955741,6117108
3348,5955741,6117108
3349,5955741,6814397
3350,5955741,7280690
3351,5955741,7250718
3352,5955741,7250718
3353,5955741,7104210
3354,5955741,7172490
3355,5955741,7133843
3356,5955741,6942457
3357,5955741,6935694
3358,5955741,6909147
3359,5955741,6857772
3360,5955741,6857772
3361,5955741,6857772
3362,5955741,6785791
3363,5955741,6785791
3364,5955741,6889869
3365,5955741,6852440
3366,5955741,6959018
3367,5955741,6959018
3368,5955741,6959018
3369,5955741,6959018
3370,5955741,6959017
3371,5955741,6673015
3372,5955741,6673015
3373,5955741,6673015
3374,5955741,7095495
3375,5955741,7055258
3376,5955741,7055258
3377,5955741,7062528
3378,5955741,7032056
3379,5955741,7028131
3380,5955741,7028131
3381,5955741,7270714
3382,5955741,7270714
3383,5955741,7124004
3384,5955741,7146808
3385,5955741,7146808
3386,5955741,7146808
3387,5955741,8235207
3388,5955741,8210698
3389,5955741,8194322
3390,5955741,8193376
3391,5955741,8172315
3392,5955741,8087756
3393,5955741,8046518
3394,5955741,7925050
3395,5955741,7925050
3396,5955741,7925050
3397,5955741,7279787
3398,5955741,7277533
3399,5955741,7254011
3400,5955741,7254011
3401,5955741,7251958
3402,5955741,7230224
3403,5955741,7230224
3404,5955741,7230224
3405,5955741,7168311
3406,5955741,7168311
3407,5955741,7736853
3408,5955741,7736853
3409,5955741,8519967
3410,5955741,8519967
3411,5955741,8519967
3412,5955741,8446634
3413,5955741,8354058
3414,5955741,8354058
3415,5955741,8342628
3416,5955741,8326024
3417,5955741,7666195
3418,5955741,8031013
3419,5955741,8240582
3420,5955741,8240582
3421,5955741,8070497
3422,5955741,7917752
3423,5955741,7859439
3424,5955741,7759480
3425,5955741,7759480
3426,5955741,7895941
3427,5955741,7801128
3428,5955741,7790244
3429,5955741,7772579
3430,5955741,7266659
3431,5955741,7070557
3432,5955741,7070557
3433,5955741,7070556
3434,5955741,7070556
3435,5955741,6883771
3436,5955741,6883771
3437,5955741,7225770
3438,5955741,7225770
3439,5955741,7225770
3440,5955741,7218580
3441,5955741,7397476
3442,5955741,7297584
3443,5955741,7247139
3444,5955741,7217699
3445,5955741,7114905
3446,5955741,6950485
3447,5955741,6950485
3448,5955741,6950485
3449,5955741,6889786
3450,5955741,6825341
3451,5955741,7291831
3452,5955741,7291831
3453,5955741,7291831
3454,5955741,7298719
3455,5955741,7265984
3456,5955741,7379908
3457,5955741,7379908
3458,5955741,7399855
3459,5955741,8007927
3460,5955741,7677685
3461,5955741,8099572
3462,5955741,8173004
3463,5955741,7595854
3464,5955741,7569610
3465,5955741,7916014
3466,5955741,8299495
3467,5955741,8085981
3468,5955741,8085981
3469,5955741,7648682
3470,5955741,7648682
3471,5955741,7648682
3472,5955741,7541124
3473,5955741,7541124
3474,5955741,7541124
3475,5955741,7295204
3476,5955741,7323758
3477,5955741,7298181
3478,5955741,7298181
3479,5955741,7298181
3480,5955741,7188814
3481,5955741,7245239
3482,5955741,7245258
3483,5955741,7208701
3484,5955741,7191818
3485,5955741,7657031
3486,5955741,7657031
3487,5955741,7856078
3488,5955741,7760846
3489,5955741,7705997
3490,5955741,7677708
3491,5955741,7677109
3492,5955741,7677109
3493,5955741,7528825
3494,5955741,7392765
3495,5955741,7386663
3496,5955741,7043615
3497,5955741,7236918
3498,5955741,7660227
3499,5955741,7602932
3500,5955741,7275376
3501,5955741,7121145
3502,5955741,7110528
3503,5955741,7110528
3504,5955741,7092017
3505,5955741,7092017
3506,5955741,7092017
3507,5955741,7181028
3508,5955741,7084364
3509,5955741,6864654
3510,5955741,6784374
3511,5955741,6784374
3512,5955741,6784374
3513,5955741,6704847
3514,5955741,7404712
3515,5955741,7177576
3516,5955741,7177576
3517,5955741,7250749
3518,5955741,8714162
3519,5955741,8769800
3520,5955741,8607638
3521,5955741,8607638
3522,5955741,8606903
3523,5955741,8592105
3524,5955741,8590033
3525,5955741,8598993
3526,5955741,8502045
3527,5955741,8502045
3528,5955741,8502045
3529,5955741,8556069
3530,5955741,8108651
3531,5955741,8108651
3532,5955741,8005225
3533,5955741,8005225
3534,5955741,7957560
3535,5955741,7957560
3536,5955741,7933828
3537,5955741,7920407
3538,5955741,7933940
3539,5955741,8405145
3540,5955741,8357807
3541,5955741,8336828
3542,5955741,8254030
3543,5955741,7872744
3544,5955741,7840754
3545,5955741,7840754
3546,5955741,6987798
3547,5955741,6890665
3548,5955741,6890665
3549,5955741,6875997
3550,5955741,6875997
3551,5955741,6875997
3552,5955741,6705922
3553,5955741,6672295
3554,5955741,6672295
3555,5955741,6795978
3556,5955741,6707232
3557,5955741,6707232
3558,5955741,6707232
3559,5955741,6707232
3560,5955741,6707232
3561,5955741,6776603
3562,5955741,6826130
3563,5955741,6826130
3564,5955741,6826130
3565,5955741,6788934
3566,5955741,6801270
3567,5955741,6772536
3568,5955741,6763285
3569,5955741,6763285
3570,5955741,6709438
3571,5955741,7097572
3572,5955741,7097572
3573,5955741,7088478
3574,5955741,7088478
3575,5955741,7088478
3576,5955741,6965429
3577,5955741,6965429
3578,5955741,6964424
3579,5955741,6960435
3580,5955741,6942764
3581,5955741,7916078
3582,5955741,7824590
3583,5955741,7824590
3584,5955741,7806486
3585,5955741,7844754
3586,5955741,7822228
3587,5955741,7822228
3588,5955741,7817361
3589,5955741,7817361
3590,5955741,7591151
3591,5955741,7564768
3592,5955741,8039704
3593,5955741,7928325
3594,5955741,7814802
3595,5955741,8067858
3596,5955741,8067858
3597,5955741,7996679
3598,5955741,7996679
3599,5955741,7965719
3600,5955741,8801854
3601,5955741,8801854
3602,5955741,8788476
3603,5955741,9294956
3604,5955741,9252994
3605,5955741,9203774
3606,5955741,9177094
3607,5955741,9099820
3608,5955741,8969628
3609,5955741,8969628
3610,5955741,8896685
3611,5955741,8864420
3612,5955741,8881686
3613,5955741,8871511
3614,5955741,9535245
3615,5955741,9219047
3616,5955741,9213245
3617,5955741,9179729
3618,5955741,9077956
3619,5955741,9067471
3620,5955741,8948224
3621,5955741,8999542
3622,5955741,9028300
3623,5955741,9016869
3624,5955741,9016869
3625,5955741,9094983
3626,5955741,8957521
3627,5955741,9309786
3628,5955741,8544624
3629,5955741,8126162
3630,5955741,8106443
3631,5955741,8106443
3632,5955741,8041944
3633,5955741,7665275
3634,5955741,7665275
3635,5955741,7665275
3636,5955741,7768717
3637,5955741,7761964
3638,5955741,7767266
3639,5955741,7916669
3640,5955741,7898138
3641,5955741,7799836
3642,5955741,7849684
3643,5955741,7849684
3644,5955741,7823958
3645,5955741,7708661
3646,5955741,7634454
3647,5955741,7494803
3648,5955741,7494803
3649,5955741,7494803
3650,5955741,7494803
3651,5955741,7514122
3652,5955741,7514122
3653,5955741,7514122
3654,5955741,7494803
3655,5955741,7569689
3656,5955741,7569689
3657,5955741,7455664
3658,5955741,7418104
3659,5955741,7518941
3660,5955741,7518941
3661,5955741,7518941
3662,5955741,7518941
3663,5955741,7741133
3664,5955741,9125413
3665,5955741,9053331
3666,5955741,9009488
3667,5955741,8970436
3668,5955741,8926963
3669,5955741,8926963
3670,5955741,9098704
3671,5955741,9055513
3672,5955741,9029925
3673,5955741,9025686
3674,5955741,8973657
3675,5955741,8690810
3676,5955741,8685568
3677,5955741,8685568
3678,5955741,8685568
3679,5955741,8971774
3680,5955741,8817781
3681,5955741,8817781
3682,5955741,8817763
3683,5955741,8817763
3684,5955741,8800259
3685,5955741,8736883
3686,5955741,9049004
3687,5955741,9006472
3688,5955741,9480262
3689,5955741,9469366
3690,5955741,9405832
3691,5955741,9456296
3692,5955741,9281222
3693,5955741,9281222
3694,5955741,8410491
3695,5955741,8410491
3696,5955741,8338322
3697,5955741,8709523
3698,5955741,8709523
3699,5955741,8575055
3700,5955741,8575055
3701,5955741,8510474
3702,5955741,8485135
3703,5955741,8452072
3704,5955741,8452072
3705,5955741,9119816
3706,5955741,9067125
3707,5955741,9067125
3708,5955741,9067125
3709,5955741,9035910
3710,5955741,8951534
3711,5955741,8617980
3712,5955741,8469739
3713,5955741,8469739
3714,5955741,8689053
3715,5955741,8620661
3716,5955741,8494807
3717,5955741,8480409
3718,5955741,8406146
3719,5955741,8605672
3720,5955741,8548645
3721,5955741,7821357
3722,5955741,7693214
3723,5955741,7676350
3724,5955741,7661112
3725,5955741,7374496
3726,5955741,7374496
3727,5955741,7354542
3728,5955741,7354542
3729,5955741,7326072
3730,5955741,7260135
3731,5955741,7265190
3732,5955741,7550872
3733,5955741,7442047
3734,5955741,7396857
3735,5955741,7396857
3736,5955741,7908855
3737,5955741,8152162
3738,5955741,8100959
3739,5955741,8033860
3740,5955741,8123572
3741,5955741,8086449
3742,5955741,8086435
3743,5955741,7934889
3744,5955741,7934889
3745,5955741,7879700
3746,5955741,8437304
3747,5955741,8413532
3748,5955741,8249833
3749,5955741,8131114
3750,5955741,8131114
3751,5955741,8055557
3752,5955741,8044643
3753,5955741,7985719
3754,5955741,8155838
3755,5955741,7859210
3756,5955741,7831067
3757,5955741,7785859
3758,5955741,7757389
3759,5955741,7836564
3760,5955741,7691766
3761,5955741,7489550
3762,5955741,7545072
3763,5955741,7502010
3764,5955741,7502010
3765,5955741,7488052
3766,5955741,7471901
3767,5955741,7447685
3768,5955741,7447685
3769,5955741,7447685
3770,5955741,7401007
3771,5955741,7490116
3772,5955741,8059081
3773,5955741,7990043
3774,5955741,8917125
3775,5955741,8894733
3776,5955741,8894733
3777,5955741,9598118
3778,5955741,9588161
3779,5955741,9142122
3780,5955741,9090269
3781,5955741,8842917
3782,5955741,8592362
3783,5955741,8494500
3784,5955741,8542746
3785,5955741,8188215
3786,5955741,8200274
3787,5955741,8067633
3788,5955741,7850667
3789,5955741,8001152
3790,5955741,7926076
3791,5955741,7926076
3792,5955741,7923722
3793,5955741,7850417
3794,5955741,7814878
3795,5955741,7793592
3796,5955741,8137530
3797,5955741,8040084
3798,5955741,8040084
3799,5955741,8040084
3800,5955741,8040084
3801,5955741,7949647
3802,5955741,7935879
3803,5955741,7928294
3804,5955741,7928294
3805,5955741,7984442
3806,5955741,8469711
3807,5955741,8642317
3808,5955741,8496524
3809,5955741,8496522
3810,5955741,8424065
3811,5955741,7942370
3812,5955741,7604964
3813,5955741,7454240
3814,5955741,7441376
3815,5955741,7437470
3816,5955741,7437470
3817,5955741,7445026
3818,5955741,8003135
3819,5955741,7660504
3820,5955741,7660504
3821,5955741,7567251
3822,5955741,7548406
3823,5955741,7548406
3824,5955741,7542520
3825,5955741,7146647
3826,5955741,7513106
3827,5955741,7434216
3828,5955741,7434216
3829,5955741,7434216
3830,5955741,7429083
3831,5955741,7826657
3832,5955741,7589047
3833,5955741,7577144
3834,5955741,7458229
3835,5955741,7240389
3836,5955741,7232115
3837,5955741,7180717
3838,5955741,7180717
3839,5955741,7127704
3840,5955741,7680120
3841,5955741,8685256
3842,5955741,8632366
3843,5955741,8393858
3844,5955741,8511703
3845,5955741,8383624
3846,5955741,8846279
3847,5955741,8791178
3848,5955741,8791178
3849,5955741,8407252
3850,5955741,9049345
3851,5955741,8793878
3852,5955741,8732842
3853,5955741,8371063
3854,5955741,8371063
3855,5955741,8761184
3856,5955741,9053091
3857,5955741,8732129
3858,5955741,8732129
3859,5955741,8629682
3860,5955741,8625450
3861,5955741,8263402
3862,5955741,7971495
3863,5955741,8481190
3864,5955741,8577287
3865,5955741,8577287
3866,5955741,8442548
3867,5955741,7869350
3868,5955741,7833810
3869,5955741,8598972
3870,5955741,8598972
3871,5955741,8558088
3872,5955741,8301152
3873,5955741,7964587
3874,5955741,7823301
3875,5955741,7753083
3876,5955741,7753083
3877,5955741,7273726
3878,5955741,7273726
3879,5955741,7642000
3880,5955741,7807712
3881,5955741,7475289
3882,5955741,7134955
3883,5955741,7139872
3884,5955741,7349195
3885,5955741,7561334
3886,5955741,7561334
3887,5955741,7215735
3888,5955741,7138779
3889,5955741,7522850
3890,5955741,7513833
3891,5955741,7352827
3892,5955741,7350782
3893,5955741,7067514
3894,5955741,6972517
3895,5955741,7543024
3896,5955741,7871261
3897,5955741,8763442
3898,5955741,8808883
3899,5955741,8723855
3900,5955741,9246334
3901,5955741,9274278
3902,5955741,9580340
3903,5955741,8871912
3904,5955741,8871300
3905,5955741,8519118
3906,5955741,8772826
3907,5955741,9475692
3908,5955741,9475692
3909,5955741,9475692
3910,5955741,9288216
3911,5955741,9511433
3912,5955741,9479188
3913,5955741,9022497
3914,5955741,9403365
3915,5955741,9689367
3916,5955741,9689367
3917,5955741,9367491
3918,5955741,10651934
3919,5955741,9930648
3920,5955741,10073822
3921,5955741,10135694
3922,5955741,10590537
3923,5955741,9991645
3924,5955741,10059634
3925,5955741,9758845
3926,5955741,9758845
3927,5955741,9799663
3928,5955741,9384865
3929,5955741,9303357
3930,5955741,9346961
3931,5955741,8933653
3932,5955741,9558666
3933,5955741,10140513
3934,5955741,10390595
3935,5955741,9942873
3936,5955741,9841130
3937,5955741,9141337
3938,5955741,8915457
3939,5955741,8915457
3940,5955741,8851556
3941,5955741,9443330
3942,5955741,9633348
3943,5955741,9920989
3944,5955741,9839206
3945,5955741,9811373
3946,5955741,9811373
3947,5955741,9840230
3948,5955741,9752436
3949,5955741,9715341
3950,5955741,10054226
3951,5955741,9663771
3952,5955741,9300726
3953,5955741,9296307
3954,5955741,9383580
3955,5955741,9346397
3956,5955741,8925654
3957,5955741,9082809
3958,5955741,9036463
3959,5955741,9789444
3960,5955741,9753894
3961,5955741,10095707
3962,5955741,10482653
3963,5955741,10291406
3964,5955741,10594468
3965,5955741,9374270
3966,5955741,9229108
3967,5955741,9207872
3968,5955741,9374957
3969,5955741,9331064
3970,5955741,9296368
3971,5955741,9637218
3972,5955741,9559275
3973,5955741,9498233
3974,5955741,9887356
3975,5955741,10063281
3976,5955741,9876883
3977,5955741,7859140
3978,5955741,8437581
3979,5955741,8356376
3980,5955741,8040672
3981,5955741,7917839
3982,5955741,7876453
3983,5955741,7688398
3984,5955741,8232572
3985,5955741,8232572
3986,5955741,8157524
3987,5955741,9298366
3988,5955741,9479058
3989,5955741,8248055
3990,5955741,8180408
3991,5955741,8180408
3992,5955741,8145269
3993,5955741,8439777
3994,5955741,8468616
3995,5955741,7838321
3996,5955741,8338403
3997,5955741,8423277
3998,5955741,8423276
3999,5955741,8690255
4000,5955741,9396673
4001,5955741,9396673
4002,5955741,9956681
4003,5955741,9357066
4004,5955741,9782868
4005,5955741,9991761
4006,5955741,9597762
4007,5955741,9589821
4008,5955741,9571829
4009,5955741,9571829
4010,5955741,9431696
4011,5955741,8418591
4012,5955741,8500190
4013,5955741,8496564
4014,5955741,8439126
4015,5955741,8155316
4016,5955741,8349251
4017,5955741,8349526
4018,5955741,8149953
4019,5955741,8857249
4020,5955741,8857250
4021,5955741,8281004
4022,5955741,8727041
4023,5955741,8656437
4024,5955741,9084767
4025,5955741,9449585
4026,5955741,10479354
4027,5955741,10821664
4028,5955741,11160306
4029,5955741,9677450
4030,5955741,10426327
4031,5955741,9651515
4032,5955741,9148135
4033,5955741,9114472
4034,5955741,9116710
4035,5955741,9067549
4036,5955741,9239097
4037,5955741,9599212
4038,5955741,9591850
4039,5955741,9347250
4040,5955741,9682524
4041,5955741,8962297
4042,5955741,8589770
4043,5955741,8943115
4044,5955741,8739552
4045,5955741,8977149
4046,5955741,8977149
4047,5955741,8954259
4048,5955741,8938369
4049,5955741,8679290
4050,5955741,9076488
4051,5955741,9370672
4052,5955741,8832683
4053,5955741,8832683
4054,5955741,8225348
4055,5955741,8969053
4056,5955741,9366187
4057,5955741,9172918
4058,5955741,8980829
4059,5955741,8951063
4060,5955741,9277431
4061,5955741,9508946
4062,5955741,9054830
4063,5955741,9541881
4064,5955741,9375150
4065,5955741,10154432
4066,5955741,10394425
4067,5955741,10116679
4068,5955741,10872179
4069,5955741,10471973
4070,5955741,9477545
4071,5955741,9477545
4072,5955741,9043040
4073,5955741,8594121
4074,5955741,8248481
4075,5955741,8402367
4076,5955741,8263503
4077,5955741,9038945
4078,5955741,9098818
4079,5955741,8515663
4080,5955741,9002470
4081,5955741,9002470
4082,5955741,9081803
4083,5955741,9312673
4084,5955741,8391084
4085,5955741,8282405
4086,5955741,8193376
4087,5955741,7778122
4088,5955741,7403099
4089,5955741,7700666
4090,5955741,7535981
4091,5955741,7934012
4092,5955741,8408646
4093,5955741,8388308
4094,5955741,8628472
4095,5955741,9068273
4096,5955741,8882918
4097,5955741,8753717
4098,5955741,9048911
4099,5955741,9048911
4100,5955741,8990232
4101,5955741,9206337
4102,5955741,9206337
4103,5955741,8550250
4104,5955741,9250859
4105,5955741,9825350
4106,5955741,9591930
4107,5955741,9843595
4108,5955741,10443544
4109,5955741,10327825
4110,5955741,10419746
4111,5955741,10414224
4112,5955741,10387662
4113,5955741,10582462
4114,5955741,9866186
4115,5955741,10368989
4116,5955741,10289425
4117,5955741,10742256
4118,5955741,9560416
4119,5955741,9735302
4120,5955741,9735301
4121,5955741,9735301
4122,5955741,9705672
4123,5955741,9705672
4124,5955741,9291083
4125,5955741,9291083
4126,5955741,8676368
4127,5955741,8281471
4128,5955741,8200394
4129,5955741,7866389
4130,5955741,7434080
4131,5955741,7434080
4132,5955741,7804250
4133,5955741,7363108
4134,5955741,7067142
4135,5955741,7067142
4136,5955741,6855670
4137,5955741,6873766
4138,5955741,6873768
4139,5955741,6875805
4140,5955741,6875805
4141,5955741,6875805
4142,5955741,6670653
4143,5955741,6563574
4144,5955741,6525438
4145,5955741,6482226
4146,5955741,6339226
4147,5955741,6326784
4148,5955741,6717394
4149,5955741,6717394
4150,5955741,6717394
4151,5955741,7077857
4152,5955741,7073131
4153,5955741,7264264
4154,5955741,7264264
4155,5955741,8232792
4156,5955741,8062189
4157,5955741,8080880
4158,5955741,8039401
4159,5955741,8453318
4160,5955741,8453318
4161,5955741,8594124
4162,5955741,9002659
4163,5955741,9170663
4164,5955741,9170663
4165,5955741,9335367
4166,5955741,9496685
4167,5955741,9349662
4168,5955741,9349662
4169,5955741,9321673
4170,5955741,9219683
4171,5955741,9279330
4172,5955741,9973899
4173,5955741,9958376
4174,5955741,10658936
4175,5955741,10537238
4176,5955741,10024012
4177,5955741,9244730
4178,5955741,9719385
4179,5955741,9553542
4180,5955741,9318529
4181,5955741,9721512
4182,5955741,9699782
4183,5955741,9920308
4184,5955741,11028210
4185,5955741,11028210
4186,5955741,10352656
4187,5955741,10615451
4188,5955741,10055505
4189,5955741,9948348
4190,5955741,9538569
4191,5955741,9466827
4192,5955741,9570763
4193,5955741,9213270
4194,5955741,9211352
4195,5955741,9622878
4196,5955741,9328572
4197,5955741,9330668
4198,5955741,9306500
4199,5955741,9020827
4200,5955741,9191773
4201,5955741,8893138
4202,5955741,8893138
4203,5955741,8344862
4204,5955741,8644781
4205,5955741,8644781
4206,5955741,8842210
4207,5955741,9417085
4208,5955741,9318288
4209,5955741,9391443
4210,5955741,9456121
4211,5955741,8664342
4212,5955741,8664342
4213,5955741,8775646
4214,5955741,9348227
4215,5955741,9752147
4216,5955741,9840109
4217,5955741,9659045
4218,5955741,9219378
4219,5955741,9218986
4220,5955741,9590524
4221,5955741,10541101
4222,5955741,10221884
4223,5955741,9822285
4224,5955741,8863698
4225,5955741,8672163
4226,5955741,8672163
4227,5955741,8120198
4228,5955741,8118258
4229,5955741,8118258
4230,5955741,8893298
4231,5955741,8893298
4232,5955741,9424007
4233,5955741,9424007
4234,5955741,9787378
4235,5955741,9786081
4236,5955741,9366918
4237,5955741,9267305
4238,5955741,9326972
4239,5955741,9935802
4240,5955741,9935802
4241,5955741,9935802
4242,5955741,9820332
4243,5955741,10208114
4244,5955741,10443564
4245,5955741,9813687
4246,5955741,10158345
4247,5955741,10020391
4248,5955741,9977109
4249,5955741,10352766
4250,5955741,10548304
4251,5955741,9575491
4252,5955741,9425217
4253,5955741,9407748
4254,5955741,9741255
4255,5955741,9781692
4256,5955741,9754229
4257,5955741,9730398
4258,5955741,9720644
4259,5955741,8966227
4260,5955741,8958277
4261,5955741,8581596
4262,5955741,8472695
4263,5955741,8572833
4264,5955741,8572833
4265,5955741,8440407
4266,5955741,8383843
4267,5955741,9795848
4268,5955741,9769511
4269,5955741,9385276
4270,5955741,9353531
4271,5955741,8376008
4272,5955741,8752291
4273,5955741,8871325
4274,5955741,7838048
4275,5955741,7801436
4276,5955741,8445717
4277,5955741,8835340
4278,5955741,8656122
4279,5955741,8628628
4280,5955741,8320164
4281,5955741,9144307
4282,5955741,9144307
4283,5955741,8995051
4284,5955741,8995051
4285,5955741,8995051
4286,5955741,9137776
4287,5955741,9324836
4288,5955741,9112278
4289,5955741,9180671
4290,5955741,9512474
4291,5955741,9468129
4292,5955741,9620674
4293,5955741,9620674
4294,5955741,9214633
4295,5955741,9484525
4296,5955741,9876040
4297,5955741,9926607
4298,5955741,9863713
4299,5955741,10162744
4300,5955741,9749257
4301,5955741,9285392
4302,5955741,8768847
4303,5955741,9508013
4304,5955741,10097894
4305,5955741,9336497
4306,5955741,9248366
4307,5955741,9240626
4308,5955741,9011380
4309,5955741,8769621
4310,5955741,7958237
4311,5955741,8068129
4312,5955741,8123751
4313,5955741,8914622
4314,5955741,8713435
4315,5955741,8299948
4316,5955741,8154133
4317,5955741,7706269
4318,5955741,7695010
4319,5955741,7904891
4320,5955741,8415438
4321,5955741,8166346
4322,5955741,8431876
4323,5955741,8641926
4324,5955741,9157173
4325,5955741,8710062
4326,5955741,8710062
4327,5955741,8765840
4328,5955741,8680170
4329,5955741,9053962
4330,5955741,8591068
4331,5955741,8870763
4332,5955741,8353365
4333,5955741,9027196
4334,5955741,8975559
4335,5955741,8975559
4336,5955741,9255438
4337,5955741,9045342
4338,5955741,9007673
4339,5955741,9007673
4340,5955741,8353480
4341,5955741,8507361
4342,5955741,8185257
4343,5955741,8468852
4344,5955741,8589001
4345,5955741,8647715
4346,5955741,9255219
4347,5955741,9769669
4348,5955741,9837102
4349,5955741,9690738
4350,5955741,9656550
4351,5955741,9529810
4352,5955741,9776618
4353,5955741,9771119
4354,5955741,9535622
4355,5955741,9611021
4356,5955741,9645570
4357,5955741,10522023
4358,5955741,10704660
4359,5955741,10630359
4360,5955741,10344377
4361,5955741,9707306
4362,5955741,9665512
4363,5955741,10088829
4364,5955741,10556204
4365,5955741,10556204
4366,5955741,10817294
4367,5955741,10817294
4368,5955741,10817294
4369,5955741,10819741
4370,5955741,11133732
4371,5955741,10521877
4372,5955741,10710972
4373,5955741,9961538
4374,5955741,10775744
4375,5955741,11407322
4376,5955741,11387505
4377,5955741,10409610
4378,5955741,10684637
4379,5955741,10783548
4380,5955741,10445440
4381,5955741,10389344
4382,5955741,9893840
4383,5955741,10264139
4384,5955741,10301698
4385,5955741,10131334
4386,5955741,10438629
4387,5955741,10566044
4388,5955741,11234118
4389,5955741,11237650
4390,5955741,10743342
4391,5955741,10746530
4392,5955741,10632571
4393,5955741,11219606
4394,5955741,10518997
4395,5955741,10518997
4396,5955741,10898602
4397,5955741,10470227
4398,5955741,10756213
4399,5955741,10712992
4400,5955741,10784676
4401,5955741,10332920
4402,5955741,10309718
4403,5955741,10417236
4404,5955741,10713871
4405,5955741,10698434
4406,5955741,10270255
4407,5955741,9921755
4408,5955741,9921755
4409,5955741,9468088
4410,5955741,9585241
4411,5955741,9242534
4412,5955741,9224297
4413,5955741,9066705
4414,5955741,8734818
4415,5955741,8677977
4416,5955741,8135379
4417,5955741,8131470
4418,5955741,8682978
4419,5955741,8598461
4420,5955741,8249570
4421,5955741,7781181
4422,5955741,7646800
4423,5955741,7641501
4424,5955741,7454862
4425,5955741,7454862
4426,5955741,7422695
4427,5955741,7154642
4428,5955741,7663377
4429,5955741,8207177
4430,5955741,8163740
4431,5955741,8205954
4432,5955741,8461347
4433,5955741,8890692
4434,5955741,8832799
4435,5955741,8832799
4436,5955741,8716724
4437,5955741,8442506
4438,5955741,8701755
4439,5955741,7039481
4440,5955741,7039481
4441,5955741,6690756
4442,5955741,6954907
4443,5955741,6954907
4444,5955741,6954907
4445,5955741,7277369
4446,5955741,7731953
4447,5955741,7676670
4448,5955741,7840097
4449,5955741,7840098
4450,5955741,8226673
4451,5955741,8123994
4452,5955741,8318016
4453,5955741,8308839
4454,5955741,8766695
4455,5955741,9625042
4456,5955741,9619642
4457,5955741,9419318
4458,5955741,8317336
4459,5955741,8458168
4460,5955741,9462476
4461,5955741,9450648
4462,5955741,9602716
4463,5955741,9602716
4464,5955741,9317206
4465,5955741,9317206
4466,5955741,9317206
4467,5955741,8628510
4468,5955741,8990594
4469,5955741,8990594
4470,5955741,9001097
4471,5955741,8923453
4472,5955741,9435272
4473,5955741,9298177
4474,5955741,9201157
4475,5955741,9620039
4476,5955741,9776315
4477,5955741,9776315
4478,5955741,9724118
4479,5955741,10008832
4480,5955741,9769029
4481,5955741,9759093
4482,5955741,9662967
4483,5955741,9764672
4484,5955741,10518744
4485,5955741,10518744
4486,5955741,11011048
4487,5955741,10850849
4488,5955741,10422602
4489,5955741,10422602
4490,5955741,9903648
4491,5955741,9768492
4492,5955741,10369460
4493,5955741,10160369
4494,5955741,10588373
4495,5955741,10588373
4496,5955741,10913512
4497,5955741,11518187
4498,5955741,11518187
4499,5955741,11284075
4500,5955741,11340608
4501,5955741,11315152
4502,5955741,10769337
4503,5955741,10278331
4504,5955741,10620018
4505,5955741,10201520
4506,5955741,10144881
4507,5955741,9851633
4508,5955741,10946951
4509,5955741,10857757
4510,5955741,9962619
4511,5955741,10131447
4512,5955741,9252926
4513,5955741,9114273
4514,5955741,9101146
4515,5955741,9011877
4516,5955741,9011928
4517,5955741,8846376
4518,5955741,8846376
4519,5955741,8691635
4520,5955741,8146416
4521,5955741,7598443
4522,5955741,7590317
4523,5955741,8341218
4524,5955741,8312851
4525,5955741,8816414
4526,5955741,8924009
4527,5955741,9321499
4528,5955741,9742632
4529,5955741,9599555
4530,5955741,9593872
4531,5955741,9593872
4532,5955741,10141070
4533,5955741,10107580
4534,5955741,9687069
4535,5955741,9820719
4536,5955741,9946958
4537,5955741,10140165
4538,5955741,9411985
4539,5955741,8840162
4540,5955741,8591546
4541,5955741,8465565
4542,5955741,8336499
4543,5955741,8272184
4544,5955741,8610152
4545,5955741,9078979
4546,5955741,9378492
4547,5955741,9378492
4548,5955741,9378492
4549,5955741,9132283
4550,5955741,8634853
4551,5955741,8627945
4552,5955741,8328022
4553,5955741,8809675
4554,5955741,8337754
4555,5955741,7863099
4556,5955741,8298022
4557,5955741,9311780
4558,5955741,8996897
4559,5955741,8555420
4560,5955741,9103921
4561,5955741,8982625
4562,5955741,9078083
4563,5955741,8584635
4564,5955741,7805353
4565,5955741,7933603
4566,5955741,7782501
4567,5955741,8466673
4568,5955741,8886040
4569,5955741,9089372
4570,5955741,9211057
4571,5955741,9211057
4572,5955741,9143872
4573,5955741,9636143
4574,5955741,9614130
4575,5955741,9614130
4576,5955741,8960836
4577,5955741,9444532
4578,5955741,9648516
4579,5955741,9572631
4580,5955741,8918502
4581,5955741,8935860
4582,5955741,8984401
4583,5955741,8877509
4584,5955741,8877509
4585,5955741,8727689
4586,5955741,8727689
4587,5955741,9002602
4588,5955741,9021649
4589,5955741,8321842
4590,5955741,8321842
4591,5955741,8306160
4592,5955741,8239574
4593,5955741,8394167
4594,5955741,8142904
4595,5955741,7923650
4596,5955741,8304634
4597,5955741,8304634
4598,5955741,8568139
4599,5955741,8897710
4600,5955741,8899672
4601,5955741,8462850
4602,5955741,8462850
4603,5955741,8678372
4604,5955741,8598337
4605,5955741,8308124
4606,5955741,8106068
4607,5955741,7967860
4608,5955741,7613142
4609,5955741,8049437
4610,5955741,8259602
4611,5955741,8156463
4612,5955741,7960694
4613,5955741,7617864
4614,5955741,7937640
4615,5955741,7457283
4616,5955741,7752506
4617,5955741,7863961
4618,5955741,7424857
4619,5955741,7344516
4620,5955741,7344516
4621,5955741,7131816
4622,5955741,7131816
4623,5955741,7131816
4624,5955741,7167013
4625,5955741,7175124
4626,5955741,6638860
4627,5955741,7132576
4628,5955741,6995944
4629,5955741,7802170
4630,5955741,7802170
4631,5955741,7944488
4632,5955741,8038748
4633,5955741,8589074
4634,5955741,8741321
4635,5955741,8527770
4636,5955741,8275827
4637,5955741,9097295
4638,5955741,8985541
4639,5955741,9305193
4640,5955741,10055098
4641,5955741,10607876
4642,5955741,10607876
4643,5955741,10616028
4644,5955741,10479842
4645,5955741,10435874
4646,5955741,10119346
4647,5955741,10275089
4648,5955741,10112009
4649,5955741,10041118
4650,5955741,10041118
4651,5955741,9532876
4652,5955741,9882691
4653,5955741,9697979
4654,5955741,8747714
4655,5955741,8830860
4656,5955741,9686769
4657,5955741,9668157
4658,5955741,10051681
4659,5955741,9959489
4660,5955741,9710786
4661,5955741,10095562
4662,5955741,10754073
4663,5955741,10460965
4664,5955741,10015590
4665,5955741,10094248
4666,5955741,10452899
4667,5955741,9490373
4668,5955741,9957695
4669,5955741,10455545
4670,5955741,10722889
4671,5955741,10356529
4672,5955741,10323794
4673,5955741,10061794
4674,5955741,10040730
4675,5955741,10048104
4676,5955741,9656238
4677,5955741,8799316
4678,5955741,8799315
4679,5955741,8793513
4680,5955741,9669900
4681,5955741,9579640
4682,5955741,8879879
4683,5955741,8879879
4684,5955741,9392160
4685,5955741,9130493
4686,5955741,9363099
4687,5955741,9178023
4688,5955741,9116618
4689,5955741,9135024
4690,5955741,8909562
4691,5955741,8632954
4692,5955741,8632954
4693,5955741,8112277
4694,5955741,8630887
4695,5955741,8630887
4696,5955741,8101483
4697,5955741,7655697
4698,5955741,7665953
4699,5955741,7417265
4700,5955741,7302426
4701,5955741,7075258
4702,5955741,7075258
4703,5955741,7041954
4704,5955741,7176777
4705,5955741,7460491
4706,5955741,8046176
4707,5955741,8152506
4708,5955741,8152506
4709,5955741,8152506
4710,5955741,7821581
4711,5955741,6842550
4712,5955741,7363201
4713,5955741,6844449
4714,5955741,6844449
4715,5955741,6783738
4716,5955741,6784044
4717,5955741,7116016
4718,5955741,7099268
4719,5955741,7015360
4720,5955741,6950892
4721,5955741,7239404
4722,5955741,7298499
4723,5955741,7174390
4724,5955741,7549504
4725,5955741,8003771
4726,5955741,7687042
4727,5955741,7687042
4728,5955741,7687042
4729,5955741,6958192
4730,5955741,6911004
4731,5955741,6884886
4732,5955741,7293748
4733,5955741,7792369
4734,5955741,7823258
4735,5955741,7948044
4736,5955741,7820807
4737,5955741,8177869
4738,5955741,7904041
4739,5955741,7812089
4740,5955741,7823887
4741,5955741,7823887
4742,5955741,8195791
4743,5955741,8159392
4744,5955741,8159392
4745,5955741,8159392
4746,5955741,6861680
4747,5955741,6732077
4748,5955741,7613097
4749,5955741,8000043
4750,5955741,7788508
4751,5955741,8673875
4752,5955741,8616365
4753,5955741,9009144
4754,5955741,8694723
4755,5955741,8696238
4756,5955741,8170175
4757,5955741,7955202
4758,5955741,7830973
4759,5955741,7830973
4760,5955741,7542848
4761,5955741,7533803
4762,5955741,7528351
4763,5955741,7573570
4764,5955741,7206707
4765,5955741,7314544
4766,5955741,7314544
4767,5955741,7224541
4768,5955741,7390278
4769,5955741,7378847
4770,5955741,7378847
4771,5955741,7301870
4772,5955741,8303543
4773,5955741,8236588
4774,5955741,7463538
4775,5955741,7416915
4776,5955741,7384915
4777,5955741,7441405
4778,5955741,7383683
4779,5955741,7741501
4780,5955741,7743119
4781,5955741,8212873
4782,5955741,8410103
4783,5955741,9535679
4784,5955741,9532056
4785,5955741,9339076
4786,5955741,9227822
4787,5955741,9227822
4788,5955741,8952719
4789,5955741,8953675
4790,5955741,9195690
4791,5955741,9208385
4792,5955741,9112802
4793,5955741,9117943
4794,5955741,9750047
4795,5955741,9869779
4796,5955741,10175552
4797,5955741,10175552
4798,5955741,9740303
4799,5955741,8874070
4800,5955741,8992041
4801,5955741,8124922
4802,5955741,8620630
4803,5955741,8530993
4804,5955741,8506062
4805,5955741,8506062
4806,5955741,8320821
4807,5955741,8380300
4808,5955741,8256833
4809,5955741,8081496
4810,5955741,8071068
4811,5955741,8306826
4812,5955741,8095291
4813,5955741,7621266
4814,5955741,7302222
4815,5955741,7524760
4816,5955741,7524760
4817,5955741,8196220
4818,5955741,8196220
4819,5955741,8143202
4820,5955741,7722064
4821,5955741,8094107
4822,5955741,8042646
4823,5955741,7690604
4824,5955741,8042643
4825,5955741,8415942
4826,5955741,8628819
4827,5955741,8105577
4828,5955741,8807552
4829,5955741,8756090
4830,5955741,9402902
4831,5955741,9402902
4832,5955741,9177053
4833,5955741,9169320
4834,5955741,8990700
4835,5955741,8286752
4836,5955741,9023679
4837,5955741,9051796
4838,5955741,6841936
4839,5955741,6841936
4840,5955741,7035534
4841,5955741,7035534
4842,5955741,7447281
4843,5955741,7419692
4844,5955741,7419692
4845,5955741,7316048
4846,5955741,7397562
4847,5955741,7849828
4848,5955741,7601947
4849,5955741,7694611
4850,5955741,7815499
4851,5955741,7783565
4852,5955741,7724161
4853,5955741,7192454
4854,5955741,7192454
4855,5955741,7192454
4856,5955741,7192454
4857,5955741,7182381
4858,5955741,7163399
4859,5955741,7163361
4860,5955741,7163361
4861,5955741,7808776
4862,5955741,7769021
4863,5955741,7711903
4864,5955741,7959569
4865,5955741,7882612
4866,5955741,7664625
4867,5955741,7592523
4868,5955741,7570928
4869,5955741,7567615
4870,5955741,7567615
4871,5955741,7567615
4872,5955741,7567615
4873,5955741,7567615
4874,5955741,7546277
4875,5955741,7507449
4876,5955741,7932410
4877,5955741,7984208
4878,5955741,8062527
4879,5955741,7985478
4880,5955741,7969723
4881,5955741,7333708
4882,5955741,7333708
4883,5955741,7457986
4884,5955741,7608131
4885,5955741,7597831
4886,5955741,8122375
4887,5955741,8456559
4888,5955741,8421344
4889,5955741,8421344
4890,5955741,8418131
4891,5955741,8415571
4892,5955741,8401736
4893,5955741,8523078
4894,5955741,8489530
4895,5955741,8785538
4896,5955741,8723725
4897,5955741,8586635
4898,5955741,8586635
4899,5955741,8549842
4900,5955741,8522838
4901,5955741,7928455
4902,5955741,7928455
4903,5955741,7928455
4904,5955741,7343052
4905,5955741,6984853
4906,5955741,6984853
4907,5955741,6853165
4908,5955741,7473992
4909,5955741,7452232
4910,5955741,7452232
4911,5955741,7452232
4912,5955741,7452232
4913,5955741,7485826
4914,5955741,7484953
4915,5955741,7449087
4916,5955741,7055088
4917,5955741,7055088
4918,5955741,7032868
4919,5955741,6938037
4920,5955741,7112103
4921,5955741,6687110
4922,5955741,6861314
4923,5955741,6837964
4924,5955741,6715581
4925,5955741,6611145
4926,5955741,6292241
4927,5955741,6190229
4928,5955741,6002818
4929,5955741,6002818
4930,5955741,6002818
4931,5955741,6002818
4932,5955741,6002818
4933,5955741,6139282
4934,5955741,6560382
4935,5955741,6515503
4936,5955741,6515502
4937,5955741,6118676
4938,5955741,6141756
4939,5955741,6141756
4940,5955741,6177342
4941,5955741,6177342
4942,5955741,6213976
4943,5955741,5970341
4944,5955741,6521964
4945,5955741,6394450
4946,5955741,6394450
4947,5955741,6823294
4948,5955741,6766912
4949,5955741,6683838
4950,5955741,6642165
4951,5955741,6597939
4952,5955741,6597939
4953,5955741,6548361
4954,5955741,6450102
4955,5955741,6595835
4956,5955741,6591015
4957,5955741,6844035
4958,5955741,6606611
4959,5955741,6502714
4960,5955741,6588344
4961,5955741,6832103
4962,5955741,6776933
4963,5955741,6776933
4964,5955741,6776933
4965,5955741,6776933
4966,5955741,6775074
4967,5955741,6642680
4968,5955741,6642680
4969,5955741,6585138
4970,5955741,6585138
4971,5955741,6526773
4972,5955741,6526773
4973,5955741,6526773
4974,5955741,6463818
4975,5955741,6463818
4976,5955741,6463818
4977,5955741,6463818
4978,5955741,6463818
4979,5955741,6463818
4980,5955741,6463818
4981,5955741,6562466
4982,5955741,6562466
4983,5955741,6918960
4984,5955741,7014781
4985,5955741,7011540
4986,5955741,6980516
4987,5955741,6966315
4988,5955741,6966315
4989,5955741,6966315
4990,5955741,6941499
4991,5955741,6697483
4992,5955741,6697483
4993,5955741,6697483
4994,5955741,6163820
4995,5955741,6163820
4996,5955741,6163820
4997,5955741,6100243
4998,5955741,6015859
4999,5955741,6009621
5000,5955741,6009621
5001,5955741,6009621
5002,5943348,5943348
5003,5943348,5943348
5004,5943348,6413869
5005,5943348,6413869
5006,5943348,6413869
5007,5943348,6298820
5008,5943348,6298820
5009,5943348,6109945
5010,5943348,6622535
5011,5943348,6586293
5012,5943348,6568889
5013,5943348,6539036
5014,5943348,6734908
5015,5943348,6734908
5016,5943348,6249019
5017,5943348,6249019
5018,5943348,6249019
5019,5943348,6249019
5020,5943348,7103492
5021,5943348,7103492
5022,5943348,7555740
5023,5943348,7555740
5024,5943348,7583084
5025,5943348,7583084
5026,5943348,7606156
5027,5943348,7499858
5028,5943348,7386861
5029,5943348,7386861
5030,5943348,7369985
5031,5943348,7369985
5032,5943348,7297533
5033,5943348,7251858
5034,5943348,7251858
5035,5943348,7251858
5036,5943348,7229599
5037,5943348,7199037
5038,5943348,7199037
5039,5943348,7300485
5040,5943348,7092853
5041,5943348,7169075
5042,5943348,7936032
5043,5943348,7903213
5044,5943348,7903213
5045,5943348,7882683
5046,5943348,7882683
5047,5943348,8020740
5048,5943348,8020740
5049,5943348,8020740
5050,5943348,8020740
5051,5943348,8201696
5052,5943348,8201696
5053,5943348,7881698
5054,5943348,7985124
5055,5943348,7853809
5056,5943348,7966134
5057,5943348,7966134
5058,5943348,7934506
5059,5943348,7934506
5060,5943348,7934506
5061,5943348,7906386
5062,5943348,7906386
5063,5943348,7948686
5064,5943348,7948686
5065,5943348,8210472
5066,5943348,8222143
5067,5943348,8114851
5068,5943348,8732864
5069,5943348,8668147
5070,5943348,8653037
5071,5943348,8565563
5072,5943348,8565563
5073,5943348,8079674
5074,5943348,8042136
5075,5943348,8698346
5076,5943348,8629185
5077,5943348,8629185
5078,5943348,8629185
5079,5943348,8758394
5080,5943348,8560028
5081,5943348,8709706
5082,5943348,8304565
5083,5943348,8595113
5084,5943348,8484217
5085,5943348,8480978
5086,5943348,8032256
5087,5943348,7936435
5088,5943348,8065105
5089,5943348,8243956
5090,5943348,8077116
5091,5943348,7636304
5092,5943348,7576755
5093,5943348,7576755
5094,5943348,7560876
5095,5943348,7560876
5096,5943348,7458550
5097,5943348,7374096
5098,5943348,7374096
5099,5943348,7374096
5100,5943348,7675530
5101,5943348,7675530
5102,5943348,7392914
5103,5943348,7284550
5104,5943348,7284550
5105,5943348,7411423
5106,5943348,7411423
5107,5943348,7405185
5108,5943348,7405185
5109,5943348,7405185
5110,5943348,7204341
5111,5943348,7148557
5112,5943348,7581882
5113,5943348,7443109
5114,5943348,7443109
5115,5943348,7480314
5116,5943348,7480314
5117,5943348,7480314
5118,5943348,7578359
5119,5943348,7478848
5120,5943348,7478848
5121,5943348,7478848
5122,5943348,9494070
5123,5943348,9491556
5124,5943348,9436071
5125,5943348,9357360
5126,5943348,9287384
5127,5943348,9285986
5128,5943348,9285986
5129,5943348,9508010
5130,5943348,8883169
5131,5943348,8831395
5132,5943348,8295948
5133,5943348,8295948
5134,5943348,8295948
5135,5943348,8553528
5136,5943348,8553528
5137,5943348,8150618
5138,5943348,8371195
5139,5943348,8229638
5140,5943348,8229638
5141,5943348,8211808
5142,5943348,8211808
5143,5943348,8025458
5144,5943348,7919639
5145,5943348,7903763
5146,5943348,7903763
5147,5943348,7903763
5148,5943348,7903763
5149,5943348,7903763
5150,5943348,7903763
5151,5943348,7839988
5152,5943348,7839988
5153,5943348,8060675
5154,5943348,8060675
5155,5943348,8060675
5156,5943348,7969647
5157,5943348,8417123
5158,5943348,8417123
5159,5943348,8417123
5160,5943348,8318817
5161,5943348,8287591
5162,5943348,8287591
5163,5943348,8287591
5164,5943348,8287591
5165,5943348,8200117
5166,5943348,8156167
5167,5943348,8156167
5168,5943348,8156153
5169,5943348,8351859
5170,5943348,7892812
5171,5943348,7496204
5172,5943348,7383492
5173,5943348,7378861
5174,5943348,7378545
5175,5943348,7378545
5176,5943348,7133741
5177,5943348,7105440
5178,5943348,7105440
5179,5943348,7105440
5180,5943348,7105440
5181,5943348,7105440
5182,5943348,7062139
5183,5943348,6996027
5184,5943348,7530414
5185,5943348,7683125
5186,5943348,8711861
5187,5943348,8151720
5188,5943348,8128835
5189,5943348,8119630
5190,5943348,8278166
5191,5943348,8062912
5192,5943348,8062912
5193,5943348,8127083
5194,5943348,8127083
5195,5943348,8127083
5196,5943348,8496970
5197,5943348,8237617
5198,5943348,8185250
5199,5943348,8185250
5200,5943348,7896596
5201,5943348,7671864
5202,5943348,8044073
5203,5943348,8044073
5204,5943348,8036792
5205,5943348,8036792
5206,5943348,7975368
5207,5943348,7947518
5208,5943348,7947518
5209,5943348,7910322
5210,5943348,7745443
5211,5943348,7725973
5212,5943348,7607433
5213,5943348,8088331
5214,5943348,8124105
5215,5943348,8102374
5216,5943348,8022012
5217,5943348,7919142
5218,5943348,7870867
5219,5943348,7697447
5220,5943348,7688487
5221,5943348,7427893
5222,5943348,7386582
5223,5943348,7402127
5224,5943348,7588268
5225,5943348,7588268
5226,5943348,7588268
5227,5943348,7588268
5228,5943348,7505168
5229,5943348,7603062
5230,5943348,7590400
5231,5943348,7552379
5232,5943348,7552379
5233,5943348,7552379
5234,5943348,7552379
5235,5943348,7446581
5236,5943348,7273159
5237,5943348,8195158
5238,5943348,8327785
5239,5943348,8840365
5240,5943348,9015679
5241,5943348,8792354
5242,5943348,8456575
5243,5943348,8235057
5244,5943348,9013031
5245,5943348,8866228
5246,5943348,8820702
5247,5943348,8623560
5248,5943348,8764934
5249,5943348,8755278
5250,5943348,8755278
5251,5943348,8755278
5252,5943348,8463431
5253,5943348,8463431
5254,5943348,8378673
5255,5943348,8378673
5256,5943348,8481719
5257,5943348,8481719
5258,5943348,8480583
5259,5943348,8894877
5260,5943348,8860589
5261,5943348,8819688
5262,5943348,7888218
5263,5943348,7888218
5264,5943348,7888218
5265,5943348,7888218
5266,5943348,7816764
5267,5943348,7816764
5268,5943348,7842406
5269,5943348,7780793
5270,5943348,7691997
5271,5943348,7648481
5272,5943348,7648481
5273,5943348,7648481
5274,5943348,7648481
5275,5943348,7647863
5276,5943348,7647863
5277,5943348,7541108
5278,5943348,7512634
5279,5943348,7436375
5280,5943348,6686388
5281,5943348,6893483
5282,5943348,6893483
5283,5943348,6893483
5284,5943348,6893483
5285,5943348,6893483
5286,5943348,6893483
5287,5943348,6725304
5288,5943348,6810730
5289,5943348,6810730
5290,5943348,7231454
5291,5943348,7082535
5292,5943348,7082535
5293,5943348,7082535
5294,5943348,7082535
5295,5943348,6929563
5296,5943348,7383664
5297,5943348,7383664
5298,5943348,7752833
5299,5943348,7631599
5300,5943348,7666718
5301,5943348,7607869
5302,5943348,7607869
5303,5943348,7607477
5304,5943348,7818013
5305,5943348,7786954
5306,5943348,7786954
5307,5943348,7816315
5308,5943348,7708607
5309,5943348,7455098
5310,5943348,7455098
5311,5943348,7425767
5312,5943348,7425767
5313,5943348,7434860
5314,5943348,7405529
5315,5943348,7405529
5316,5943348,7405529
5317,5943348,7057032
5318,5943348,7057032
5319,5943348,7057032
5320,5943348,7044107
5321,5943348,7026787
5322,5943348,7026787
5323,5943348,7026787
5324,5943348,7026787
5325,5943348,7029698
5326,5943348,8365507
5327,5943348,8675095
5328,5943348,8667137
5329,5943348,8667137
5330,5943348,8667137
5331,5943348,8663417
5332,5943348,8654384
5333,5943348,7911514
5334,5943348,7901038
5335,5943348,7857756
5336,5943348,7857756
5337,5943348,7895316
5338,5943348,7895316
5339,5943348,7877741
5340,5943348,7719742
5341,5943348,7702184
5342,5943348,7702184
5343,5943348,7702184
5344,5943348,7691286
5345,5943348,7691286
5346,5943348,7684720
5347,5943348,8189162
5348,5943348,8155374
5349,5943348,8187730
5350,5943348,8187730
5351,5943348,8187730
5352,5943348,8187730
5353,5943348,8169990
5354,5943348,8169990
5355,5943348,8164646
5356,5943348,8164646
5357,5943348,8690098
5358,5943348,8612412
5359,5943348,8492848
5360,5943348,8401221
5361,5943348,8401221
5362,5943348,8399461
5363,5943348,8399461
5364,5943348,7934273
5365,5943348,7638921
5366,5943348,7555184
5367,5943348,7555184
5368,5943348,6792642
5369,5943348,6792642
5370,5943348,6792642
5371,5943348,6779336
5372,5943348,6779336
5373,5943348,7161383
5374,5943348,7161383
5375,5943348,7130294
5376,5943348,7130294
5377,5943348,7115219
5378,5943348,7115219
5379,5943348,7115219
5380,5943348,7115219
5381,5943348,7563206
5382,5943348,7540423
5383,5943348,7540423
5384,5943348,7677019
5385,5943348,7396120
5386,5943348,7396120
5387,5943348,6980698
5388,5943348,7205807
5389,5943348,7191182
5390,5943348,6842061
5391,5943348,6828032
5392,5943348,6753971
5393,5943348,7394740
5394,5943348,7223253
5395,5943348,7314320
5396,5943348,7215509
5397,5943348,7186215
5398,5943348,7150959
5399,5943348,7150959
5400,5943348,7150959
5401,5943348,7150959
5402,5943348,7150959
5403,5943348,7115967
5404,5943348,7330236
5405,5943348,7374369
5406,5943348,7305682
5407,5943348,7210750
5408,5943348,7453292
5409,5943348,7453292
5410,5943348,7453292
5411,5943348,7541322
5412,5943348,7541322
5413,5943348,8036578
5414,5943348,7995831
5415,5943348,7718194
5416,5943348,7714134
5417,5943348,7417569
5418,5943348,7417569
5419,5943348,7317474
5420,5943348,7356270
5421,5943348,7349907
5422,5943348,7345976
5423,5943348,7604848
5424,5943348,7604848
5425,5943348,7604848
5426,5943348,7604848
5427,5943348,7575319
5428,5943348,7681589
5429,5943348,7681589
5430,5943348,7775712
5431,5943348,8538138
5432,5943348,8350732
5433,5943348,8204182
5434,5943348,8572048
5435,5943348,8517977
5436,5943348,8364623
5437,5943348,8523810
5438,5943348,8523810
5439,5943348,8478427
5440,5943348,8402420
5441,5943348,8299201
5442,5943348,8299201
5443,5943348,8299201
5444,5943348,8336077
5445,5943348,8091585
5446,5943348,8037215
5447,5943348,7980240
5448,5943348,7986638
5449,5943348,8163099
5450,5943348,8049760
5451,5943348,8049760
5452,5943348,8355333
5453,5943348,8294645
5454,5943348,8581622
5455,5943348,8494707
5456,5943348,8260308
5457,5943348,8174525
5458,5943348,8156702
5459,5943348,8156702
5460,5943348,8113267
5461,5943348,8099547
5462,5943348,7781382
5463,5943348,7768989
5464,5943348,7603001
5465,5943348,7538898
5466,5943348,7539444
5467,5943348,7475262
5468,5943348,7423280
5469,5943348,7402113
5470,5943348,7432085
5471,5943348,7432085
5472,5943348,7425584
5473,5943348,8150910
5474,5943348,8106423
5475,5943348,8254213
5476,5943348,7953405
5477,5943348,8044632
5478,5943348,7946312
5479,5943348,7934132
5480,5943348,7860817
5481,5943348,7786859
5482,5943348,7786859
5483,5943348,7575556
5484,5943348,7110033
5485,5943348,7012132
5486,5943348,7012132
5487,5943348,7012132
5488,5943348,7012132
5489,5943348,7413567
5490,5943348,7413567
5491,5943348,7407928
5492,5943348,7407928
5493,5943348,7407928
5494,5943348,7407187
5495,5943348,7320898
5496,5943348,7065975
5497,5943348,7460628
5498,5943348,7460628
5499,5943348,7375392
5500,5943348,7365398
5501,5943348,7220729
5502,5943348,7220729
5503,5943348,7220729
5504,5943348,7137667
5505,5943348,7137667
5506,5943348,7137667
5507,5943348,8611228
5508,5943348,8396800
5509,5943348,8717233
5510,5943348,8116124
5511,5943348,8098991
5512,5943348,7768328
5513,5943348,7783763
5514,5943348,7506958
5515,5943348,7485672
5516,5943348,7955100
5517,5943348,9791686
5518,5943348,9970371
5519,5943348,9644959
5520,5943348,9627031
5521,5943348,9924153
5522,5943348,9406341
5523,5943348,9107450
5524,5943348,9156619
5525,5943348,9143575
5526,5943348,9822809
5527,5943348,9453348
5528,5943348,8946632
5529,5943348,8946632
5530,5943348,9094975
5531,5943348,9467251
5532,5943348,9824864
5533,5943348,9438636
5534,5943348,9401088
5535,5943348,9503610
5536,5943348,9450498
5537,5943348,9371783
5538,5943348,9920920
5539,5943348,9485222
5540,5943348,9305215
5541,5943348,9218970
5542,5943348,9240076
5543,5943348,9222430
5544,5943348,9458101
5545,5943348,9390394
5546,5943348,9261780
5547,5943348,9424294
5548,5943348,8654215
5549,5943348,8362205
5550,5943348,8067424
5551,5943348,8019278
5552,5943348,8317149
5553,5943348,8246003
5554,5943348,8246003
5555,5943348,7899269
5556,5943348,8173760
5557,5943348,8168207
5558,5943348,8168207
5559,5943348,8067785
5560,5943348,8271166
5561,5943348,8336754
5562,5943348,8629539
5563,5943348,8629539
5564,5943348,8759247
5565,5943348,8687924
5566,5943348,8846515
5567,5943348,8787357
5568,5943348,8787357
5569,5943348,8561357
5570,5943348,8326318
5571,5943348,7984277
5572,5943348,8073627
5573,5943348,8074521
5574,5943348,8588981
5575,5943348,8184075
5576,5943348,8797693
5577,5943348,8797693
5578,5943348,8604532
5579,5943348,8531995
5580,5943348,9009337
5581,5943348,9112441
5582,5943348,9101066
5583,5943348,9009337
5584,5943348,9389652
5585,5943348,9537846
5586,5943348,9288514
5587,5943348,8660035
5588,5943348,9051878
5589,5943348,9054276
5590,5943348,9070116
5591,5943348,9070116
5592,5943348,9599657
5593,5943348,9599657
5594,5943348,9520226
5595,5943348,9570556
5596,5943348,9570556
5597,5943348,9570556
5598,5943348,9531657
5599,5943348,9025977
5600,5943348,8746527
5601,5943348,8933358
5602,5943348,9326935
5603,5943348,9073040
5604,5943348,9300652
5605,5943348,8431231
5606,5943348,8335482
5607,5943348,8560010
5608,5943348,9027367
5609,5943348,9175092
5610,5943348,9094665
5611,5943348,9829857
5612,5943348,9582404
5613,5943348,9734042
5614,5943348,8533889
5615,5943348,8605307
5616,5943348,8216827
5617,5943348,8213988
5618,5943348,8410661
5619,5943348,8145277
5620,5943348,7928987
5621,5943348,7898727
5622,5943348,7469367
5623,5943348,7895819
5624,5943348,7736788
5625,5943348,7532866
5626,5943348,7846750
5627,5943348,7441151
5628,5943348,8538523
5629,5943348,8541465
5630,5943348,8341434
5631,5943348,9012526
5632,5943348,8818374
5633,5943348,8818374
5634,5943348,8432151
5635,5943348,8623582
5636,5943348,8863203
5637,5943348,9286512
5638,5943348,9482166
5639,5943348,9453885
5640,5943348,9241517
5641,5943348,9145516
5642,5943348,9287575
5643,5943348,9088553
5644,5943348,9294221
5645,5943348,9307538
5646,5943348,9262802
5647,5943348,9259170
5648,5943348,9553678
5649,5943348,9515613
5650,5943348,10302604
5651,5943348,9517313
5652,5943348,9488043
5653,5943348,9707179
5654,5943348,9292726
5655,5943348,9274946
5656,5943348,10541524
5657,5943348,10324423
5658,5943348,10191668
5659,5943348,10074845
5660,5943348,10074845
5661,5943348,8730585
5662,5943348,9287887
5663,5943348,9378637
5664,5943348,9582595
5665,5943348,9378799
5666,5943348,9343643
5667,5943348,8617109
5668,5943348,8833633
5669,5943348,9286157
5670,5943348,9433211
5671,5943348,9392776
5672,5943348,8657029
5673,5943348,8648980
5674,5943348,8536006
5675,5943348,8536006
5676,5943348,7829607
5677,5943348,8588925
5678,5943348,8393299
5679,5943348,8502381
5680,5943348,7970607
5681,5943348,8654924
5682,5943348,8512675
5683,5943348,8453353
5684,5943348,8434843
5685,5943348,9095231
5686,5943348,9149800
5687,5943348,9149800
5688,5943348,9070180
5689,5943348,9803856
5690,5943348,9760606
5691,5943348,9854903
5692,5943348,9840721
5693,5943348,10259096
5694,5943348,10017412
5695,5943348,10509901
5696,5943348,10950092
5697,5943348,10647539
5698,5943348,10647539
5699,5943348,10423304
5700,5943348,10690467
5701,5943348,10242513
5702,5943348,10871820
5703,5943348,10734730
5704,5943348,10349119
5705,5943348,10349119
5706,5943348,9859674
5707,5943348,10156664
5708,5943348,9703250
5709,5943348,10020291
5710,5943348,10697128
5711,5943348,11162261
5712,5943348,11091354
5713,5943348,11318967
5714,5943348,11013245
5715,5943348,11138929
5716,5943348,11131068
5717,5943348,11017952
5718,5943348,10942676
5719,5943348,11212617
5720,5943348,11429818
5721,5943348,11331502
5722,5943348,11239350
5723,5943348,10822116
5724,5943348,10435026
5725,5943348,10135004
5726,5943348,10294313
5727,5943348,10294313
5728,5943348,10205240
5729,5943348,10369899
5730,5943348,10369899
5731,5943348,9668470
5732,5943348,9075931
5733,5943348,9434968
5734,5943348,9370501
5735,5943348,9568131
5736,5943348,10393748
5737,5943348,10360214
5738,5943348,10640426
5739,5943348,10225161
5740,5943348,10181414
5741,5943348,9756613
5742,5943348,10182910
5743,5943348,10514688
5744,5943348,10830141
5745,5943348,10577795
5746,5943348,10396649
5747,5943348,10545803
5748,5943348,10472735
5749,5943348,10522353
5750,5943348,10410443
5751,5943348,10437936
5752,5943348,10208444
5753,5943348,10155367
5754,5943348,11048043
5755,5943348,10995774
5756,5943348,10104246
5757,5943348,10602879
5758,5943348,10602879
5759,5943348,10409930
5760,5943348,9855719
5761,5943348,10239520
5762,5943348,9670272
5763,5943348,9667864
5764,5943348,8847708
5765,5943348,8847708
5766,5943348,8701970
5767,5943348,8701970
5768,5943348,8248965
5769,5943348,9258395
5770,5943348,9614344
5771,5943348,9608992
5772,5943348,9617471
5773,5943348,9596571
5774,5943348,9596571
5775,5943348,9503428
5776,5943348,9761617
5777,5943348,9241738
5778,5943348,8867367
5779,5943348,8980548
5780,5943348,8871876
5781,5943348,9222691
5782,5943348,9676121
5783,5943348,9646461
5784,5943348,9585243
5785,5943348,9580528
5786,5943348,9000439
5787,5943348,9022570
5788,5943348,9265861
5789,5943348,10264080
5790,5943348,10718875
5791,5943348,10643020
5792,5943348,9642313
5793,5943348,9642313
5794,5943348,9631202
5795,5943348,9590598
5796,5943348,10180593
5797,5943348,10213942
5798,5943348,10050466
5799,5943348,10027947
5800,5943348,10142727
5801,5943348,10028977
5802,5943348,10325138
5803,5943348,10321531
5804,5943348,10321531
5805,5943348,10087845
5806,5943348,10069018
5807,5943348,10397698
5808,5943348,10491889
5809,5943348,10412495
5810,5943348,10277201
5811,5943348,9254969
5812,5943348,10531230
5813,5943348,10226356
5814,5943348,9846016
5815,5943348,9760556
5816,5943348,9682201
5817,5943348,9624082
5818,5943348,9427013
5819,5943348,8047593
5820,5943348,7845522
5821,5943348,7845522
5822,5943348,7435924
5823,5943348,9032090
5824,5943348,8849026
5825,5943348,8849026
5826,5943348,8783373
5827,5943348,8783373
5828,5943348,9075277
5829,5943348,9267235
5830,5943348,9447054
5831,5943348,9268806
5832,5943348,9055943
5833,5943348,9230116
5834,5943348,9500316
5835,5943348,9136616
5836,5943348,9052727
5837,5943348,9092879
5838,5943348,8797527
5839,5943348,8767880
5840,5943348,8767880
5841,5943348,8399947
5842,5943348,8781910
5843,5943348,9506322
5844,5943348,10299631
5845,5943348,10298389
5846,5943348,10298389
5847,5943348,10706262
5848,5943348,10820946
5849,5943348,10073236
5850,5943348,9926730
5851,5943348,9852442
5852,5943348,10178399
5853,5943348,10096981
5854,5943348,9837628
5855,5943348,9810556
5856,5943348,9857953
5857,5943348,9875869
5858,5943348,9378863
5859,5943348,9681451
5860,5943348,9681451
5861,5943348,9365495
5862,5943348,9365495
5863,5943348,9036814
5864,5943348,9044333
5865,5943348,9859985
5866,5943348,9798097
5867,5943348,9823596
5868,5943348,9687746
5869,5943348,9425463
5870,5943348,9485475
5871,5943348,9485475
5872,5943348,9485475
5873,5943348,9450561
5874,5943348,9450561
5875,5943348,9440590
5876,5943348,8625891
5877,5943348,8467586
5878,5943348,8825117
5879,5943348,8317264
5880,5943348,8332548
5881,5943348,7768732
5882,5943348,8154499
5883,5943348,8022716
5884,5943348,7822230
5885,5943348,7991900
5886,5943348,7690148
5887,5943348,7544715
5888,5943348,9653533
5889,5943348,9801274
5890,5943348,9927477
5891,5943348,9799560
5892,5943348,9794287
5893,5943348,9794287
5894,5943348,9766897
5895,5943348,9766897
5896,5943348,9785345
5897,5943348,10630493
5898,5943348,10554617
5899,5943348,10437397
5900,5943348,10328435
5901,5943348,8429119
5902,5943348,8838222
5903,5943348,8629497
5904,5943348,8629497
5905,5943348,8993065
5906,5943348,9402637
5907,5943348,9647215
5908,5943348,9583824
5909,5943348,10321111
5910,5943348,10321111
5911,5943348,10547097
5912,5943348,10727003
5913,5943348,11067871
5914,5943348,11451021
5915,5943348,11073936
5916,5943348,11056839
5917,5943348,11009073
5918,5943348,10531017
5919,5943348,10380192
5920,5943348,9975561
5921,5943348,9970392
5922,5943348,9931313
5923,5943348,11163466
5924,5943348,10844393
5925,5943348,10959464
5926,5943348,10320970
5927,5943348,10412063
5928,5943348,9602540
5929,5943348,9570866
5930,5943348,9840797
5931,5943348,8744787
5932,5943348,9529108
5933,5943348,9257042
5934,5943348,9625333
5935,5943348,9394292
5936,5943348,9362453
5937,5943348,9524492
5938,5943348,8757770
5939,5943348,8943706
5940,5943348,9210678
5941,5943348,8810790
5942,5943348,8918472
5943,5943348,8618110
5944,5943348,8569961
5945,5943348,8314749
5946,5943348,7999816
5947,5943348,7864654
5948,5943348,7822735
5949,5943348,8190905
5950,5943348,8827070
5951,5943348,8675552
5952,5943348,8810279
5953,5943348,8991147
5954,5943348,8884021
5955,5943348,8884021
5956,5943348,9032726
5957,5943348,8989315
5958,5943348,8536651
5959,5943348,8591513
5960,5943348,8921370
5961,5943348,8837675
5962,5943348,8823026
5963,5943348,8610261
5964,5943348,8414211
5965,5943348,7795343
5966,5943348,7514701
5967,5943348,7471498
5968,5943348,7308172
5969,5943348,7308172
5970,5943348,7241139
5971,5943348,7280382
5972,5943348,7280382
5973,5943348,8622606
5974,5943348,9760690
5975,5943348,9372069
5976,5943348,9901542
5977,5943348,9647687
5978,5943348,9581551
5979,5943348,9426504
5980,5943348,8841781
5981,5943348,9372512
5982,5943348,9325689
5983,5943348,9141745
5984,5943348,9134011
5985,5943348,9133477
5986,5943348,9122583
5987,5943348,9348711
5988,5943348,9104560
5989,5943348,8691375
5990,5943348,8584545
5991,5943348,8544325
5992,5943348,8426871
5993,5943348,8421717
5994,5943348,8421717
5995,5943348,8210182
5996,5943348,9133504
5997,5943348,9651812
5998,5943348,9818054
5999,5943348,9878054
6000,5943348,10493863
6001,5943348,10099441
6002,5943348,10369532
6003,5943348,10488229
6004,5943348,10469389
6005,5943348,10009025
6006,5943348,9878226
6007,5943348,10759111
6008,5943348,11367594
6009,5943348,10885899
6010,5943348,10856915
6011,5943348,10834440
6012,5943348,9953794
6013,5943348,9921166
6014,5943348,10075620
6015,5943348,10075620
6016,5943348,10287155
6017,5943348,10287154
6018,5943348,9771907
6019,5943348,9658233
6020,5943348,9591586
6021,5943348,10007208
6022,5943348,9743763
6023,5943348,9446946
6024,5943348,9483522
6025,5943348,9279869
6026,5943348,9334545
6027,5943348,9774044
6028,5943348,10025306
6029,5943348,9988737
6030,5943348,8958810
6031,5943348,8609689
6032,5943348,8563272
6033,5943348,8563271
6034,5943348,8565130
6035,5943348,8643056
6036,5943348,9381249
6037,5943348,9231422
6038,5943348,9231422
6039,5943348,9418324
6040,5943348,9518658
6041,5943348,9614436
6042,5943348,9631110
6043,5943348,10000209
6044,5943348,9618883
6045,5943348,9912302
6046,5943348,10179188
6047,5943348,9928564
6048,5943348,10445802
6049,5943348,10069178
6050,5943348,9784883
6051,5943348,9573495
6052,5943348,9947364
6053,5943348,10158285
6054,5943348,10925221
6055,5943348,11076353
6056,5943348,11053796
6057,5943348,11272666
6058,5943348,11116581
6059,5943348,11091484
6060,5943348,11091484
6061,5943348,10888079
6062,5943348,10865847
6063,5943348,10596339
6064,5943348,10365461
6065,5943348,10342753
6066,5943348,10326858
6067,5943348,9659937
6068,5943348,9587372
6069,5943348,10547862
6070,5943348,10107273
6071,5943348,10069710
6072,5943348,9785759
6073,5943348,9687332
6074,5943348,8923112
6075,5943348,8746617
6076,5943348,8861839
6077,5943348,8806106
6078,5943348,9006962
6079,5943348,9454073
6080,5943348,9445639
6081,5943348,9398064
6082,5943348,9398053
6083,5943348,9391390
6084,5943348,9985492
6085,5943348,10028326
6086,5943348,9494185
6087,5943348,9396187
6088,5943348,9390497
6089,5943348,9194773
6090,5943348,9432106
6091,5943348,9677334
6092,5943348,8849369
6093,5943348,8700613
6094,5943348,8506284
6095,5943348,8145646
6096,5943348,7499547
6097,5943348,7499547
6098,5943348,7209078
6099,5943348,6718473
6100,5943348,6694832
6101,5943348,7046689
6102,5943348,7031115
6103,5943348,7321663
6104,5943348,7319804
6105,5943348,6782857
6106,5943348,6766428
6107,5943348,6920346
6108,5943348,7176775
6109,5943348,7407428
6110,5943348,7256124
6111,5943348,7256124
6112,5943348,7870846
6113,5943348,8230673
6114,5943348,7984817
6115,5943348,7857453
6116,5943348,7848269
6117,5943348,8032923
6118,5943348,7533441
6119,5943348,7328957
6120,5943348,7899766
6121,5943348,7495778
6122,5943348,7544797
6123,5943348,8539368
6124,5943348,8522396
6125,5943348,7891907
6126,5943348,8369465
6127,5943348,8346333
6128,5943348,8549329
6129,5943348,8084531
6130,5943348,8199190
6131,5943348,8582418
6132,5943348,8509597
6133,5943348,8502635
6134,5943348,8968177
6135,5943348,9179289
6136,5943348,9592537
6137,5943348,8954752
6138,5943348,8569100
6139,5943348,8569100
6140,5943348,8545859
6141,5943348,8545859
6142,5943348,7885666
6143,5943348,8282036
6144,5943348,8281549
6145,5943348,8460807
6146,5943348,8460807
6147,5943348,8228045
6148,5943348,8185527
6149,5943348,9126322
6150,5943348,9773542
6151,5943348,9908463
6152,5943348,9918822
6153,5943348,10186169
6154,5943348,10209014
6155,5943348,10721414
6156,5943348,10695417
6157,5943348,11120553
6158,5943348,9995297
6159,5943348,9988173
6160,5943348,10149717
6161,5943348,10551203
6162,5943348,11250338
6163,5943348,11147553
6164,5943348,10948771
6165,5943348,10188258
6166,5943348,10180132
6167,5943348,10074649
6168,5943348,9956011
6169,5943348,10187497
6170,5943348,9817945
6171,5943348,9711196
6172,5943348,9017827
6173,5943348,9266843
6174,5943348,9257512
6175,5943348,9712691
6176,5943348,9882136
6177,5943348,9624834
6178,5943348,9452398
6179,5943348,9096969
6180,5943348,8952493
6181,5943348,9978749
6182,5943348,9849958
6183,5943348,9966888
6184,5943348,10441543
6185,5943348,10441543
6186,5943348,10176185
6187,5943348,10178912
6188,5943348,9704257
6189,5943348,10183063
6190,5943348,9803501
6191,5943348,9796064
6192,5943348,10030819
6193,5943348,9907802
6194,5943348,9907802
6195,5943348,10175844
6196,5943348,9673083
6197,5943348,9600673
6198,5943348,9496146
6199,5943348,9816536
6200,5943348,9294449
6201,5943348,9570861
6202,5943348,9180866
6203,5943348,9106034
6204,5943348,9104457
6205,5943348,9584291
6206,5943348,8900914
6207,5943348,9185771
6208,5943348,9168404
6209,5943348,8324768
6210,5943348,8579573
6211,5943348,9133205
6212,5943348,8771215
6213,5943348,8679187
6214,5943348,8624670
6215,5943348,8532418
6216,5943348,9379176
6217,5943348,9488793
6218,5943348,9780386
6219,5943348,9780386
6220,5943348,9780386
6221,5943348,9714281
6222,5943348,9594338
6223,5943348,9411629
6224,5943348,8069995
6225,5943348,8544684
6226,5943348,8704244
6227,5943348,8511257
6228,5943348,7898310
6229,5943348,8007226
6230,5943348,8255306
6231,5943348,8275333
6232,5943348,9009611
6233,5943348,8290638
6234,5943348,7491192
6235,5943348,7475876
6236,5943348,7507908
6237,5943348,7252984
6238,5943348,7766901
6239,5943348,7732838
6240,5943348,8121301
6241,5943348,8537001
6242,5943348,8561264
6243,5943348,9419611
6244,5943348,8661186
6245,5943348,9040055
6246,5943348,9034837
6247,5943348,9289760
6248,5943348,8608066
6249,5943348,8465038
6250,5943348,8431941
6251,5943348,8323390
6252,5943348,8023523
6253,5943348,8215033
6254,5943348,8847393
6255,5943348,9309205
6256,5943348,9307303
6257,5943348,9022239
6258,5943348,9443412
6259,5943348,9297291
6260,5943348,10910649
6261,5943348,10623694
6262,5943348,10863044
6263,5943348,11134962
6264,5943348,11519501
6265,5943348,11463724
6266,5943348,11890700
6267,5943348,11415432
6268,5943348,11110696
6269,5943348,11071946
6270,5943348,11396123
6271,5943348,10945456
6272,5943348,10127190
6273,5943348,10091997
6274,5943348,10045927
6275,5943348,10307441
6276,5943348,10044962
6277,5943348,9688728
6278,5943348,9307017
6279,5943348,9031472
6280,5943348,9031472
6281,5943348,9037786
6282,5943348,8968354
6283,5943348,8968354
6284,5943348,8912490
6285,5943348,8169203
6286,5943348,8169203
6287,5943348,8333525
6288,5943348,8363056
6289,5943348,8013052
6290,5943348,8029941
6291,5943348,7732994
6292,5943348,7732994
6293,5943348,7491792
6294,5943348,8511425
6295,5943348,8694285
6296,5943348,8562952
6297,5943348,9009814
6298,5943348,7835865
6299,5943348,8177678
6300,5943348,8177678
6301,5943348,8157121
6302,5943348,8157121
6303,5943348,7316254
6304,5943348,7539471
6305,5943348,7520834
6306,5943348,7293120
6307,5943348,7788508
6308,5943348,7771199
6309,5943348,7771199
6310,5943348,8344397
6311,5943348,8206001
6312,5943348,8018480
6313,5943348,8040771
6314,5943348,7935234
6315,5943348,7751032
6316,5943348,7851292
6317,5943348,7851292
6318,5943348,7849549
6319,5943348,8123002
6320,5943348,7927075
6321,5943348,7738671
6322,5943348,7738671
6323,5943348,7555731
6324,5943348,7550027
6325,5943348,7550027
6326,5943348,7478002
6327,5943348,7575042
6328,5943348,7022031
6329,5943348,7014564
6330,5943348,7315799
6331,5943348,7311879
6332,5943348,7408730
6333,5943348,7060225
6334,5943348,7875991
6335,5943348,8190845
6336,5943348,7830934
6337,5943348,8091978
6338,5943348,7946245
6339,5943348,8753152
6340,5943348,8753152
6341,5943348,8753152
6342,5943348,8610662
6343,5943348,8610662
6344,5943348,8330295
6345,5943348,8709255
6346,5943348,9488537
6347,5943348,10083801
6348,5943348,9745165
6349,5943348,9804552
6350,5943348,9197497
6351,5943348,9105627
6352,5943348,9105627
6353,5943348,9105627
6354,5943348,9068909
6355,5943348,9068848
6356,5943348,9068848
6357,5943348,9069027
6358,5943348,9207592
6359,5943348,9159360
6360,5943348,8714901
6361,5943348,8714901
6362,5943348,8701063
6363,5943348,8878351
6364,5943348,8834878
6365,5943348,9051081
6366,5943348,9233317
6367,5943348,9150314
6368,5943348,8268382
6369,5943348,8268382
6370,5943348,8570686
6371,5943348,8289727
6372,5943348,8110354
6373,5943348,8101319
6374,5943348,8560816
6375,5943348,9735478
6376,5943348,9735478
6377,5943348,9870462
6378,5943348,11401845
6379,5943348,11547140
6380,5943348,11530379
6381,5943348,11530379
6382,5943348,11404144
6383,5943348,11228125
6384,5943348,11264291
6385,5943348,10557094
6386,5943348,10253616
6387,5943348,9980447
6388,5943348,10583429
6389,5943348,10749647
6390,5943348,10854500
6391,5943348,10803285
6392,5943348,10399158
6393,5943348,9604427
6394,5943348,9891519
6395,5943348,9746181
6396,5943348,8934990
6397,5943348,9623057
6398,5943348,9209122
6399,5943348,8943780
6400,5943348,8254885
6401,5943348,7776909
6402,5943348,7982304
6403,5943348,8457925
6404,5943348,8071964
6405,5943348,8549852
6406,5943348,8252298
6407,5943348,8481031
6408,5943348,8094411
6409,5943348,8601127
6410,5943348,8615624
6411,5943348,8735703
6412,5943348,8979963
6413,5943348,9071703
6414,5943348,9362366
6415,5943348,9259100
6416,5943348,8675291
6417,5943348,8878224
6418,5943348,8371744
6419,5943348,8203719
6420,5943348,8203719
6421,5943348,7987932
6422,5943348,7977757
6423,5943348,7836657
6424,5943348,7817013
6425,5943348,8960223
6426,5943348,8572691
6427,5943348,8836919
6428,5943348,9293474
6429,5943348,9059275
6430,5943348,9341602
6431,5943348,9024874
6432,5943348,8958778
6433,5943348,8560845
6434,5943348,8560845
6435,5943348,9377728
6436,5943348,9359116
6437,5943348,9846566
6438,5943348,9686901
6439,5943348,10410927
6440,5943348,9811007
6441,5943348,9863669
6442,5943348,9781371
6443,5943348,9459568
6444,5943348,9459568
6445,5943348,9218630
6446,5943348,8816330
6447,5943348,8896199
6448,5943348,8832154
6449,5943348,9029752
6450,5943348,9131310
6451,5943348,9121202
6452,5943348,9506724
6453,5943348,9460574
6454,5943348,9444929
6455,5943348,8865017
6456,5943348,8962431
6457,5943348,8232462
6458,5943348,8201066
6459,5943348,8545462
6460,5943348,8376353
6461,5943348,8454750
6462,5943348,8549661
6463,5943348,8387828
6464,5943348,7664913
6465,5943348,8102586
6466,5943348,8624905
6467,5943348,8450201
6468,5943348,7938161
6469,5943348,7938161
6470,5943348,8369237
6471,5943348,8039995
6472,5943348,7907150
6473,5943348,7907150
6474,5943348,7890324
6475,5943348,8327131
6476,5943348,8327131
6477,5943348,8327130
6478,5943348,8460274
6479,5943348,9000980
6480,5943348,9468659
6481,5943348,8961305
6482,5943348,8747176
6483,5943348,8976483
6484,5943348,8966118
6485,5943348,9751224
6486,5943348,9442770
6487,5943348,9452070
6488,5943348,10092536
6489,5943348,9331738
6490,5943348,9615488
6491,5943348,9741913
6492,5943348,9740585
6493,5943348,9818854
6494,5943348,9889349
6495,5943348,9817684
6496,5943348,9229641
6497,5943348,8765370
6498,5943348,8809492
6499,5943348,8487092
6500,5943348,8730682
6501,5943348,8730682
6502,5943348,8379034
6503,5943347,5943347
6504,5943347,5943347
6505,5943347,5943347
6506,5943347,5943347
6507,5943347,5943347
6508,5943347,5943347
6509,5919499,5919499
6510,5919499,5919499
6511,5919499,5919499
6512,5919499,5919499
6513,5860978,5860978
6514,5860978,5860978
6515,5860978,5860978
6516,5860978,5860978
6517,5860978,5860978
6518,5860978,5860978
6519,5860978,5860978
6520,5860978,5860978
6521,5860978,5860978
6522,5860978,5860978
6523,5535654,5535654
6524,5503284,5503284
6525,5503284,5503284
6526,5503284,5561763
6527,5503284,5561763
6528,5503284,5561763
6529,5503284,5561763
6530,5503284,5561763
6531,5503284,5561763
6532,5503284,5561763
6533,5503284,5561763
6534,5503284,5543865
6535,5503284,5543865
6536,5503284,6323147
6537,5503284,6323147
6538,5503284,6323147
6539,5503284,6323147
6540,5503284,6323147
6541,5503284,6323147
6542,5503284,6312285
6543,5503284,6312285
6544,5503284,6312285
6545,5503284,5533003
6546,5503284,5566777
6547,5503284,5566777
6548,5503284,6701373
6549,5503284,6701373
6550,5503284,7230238
6551,5503284,7230238
6552,5503284,7230238
6553,5503284,6509175
6554,5503284,6509175
6555,5503284,6881136
6556,5503284,6881136
6557,5503284,6413815
6558,5503284,7203131
6559,5503284,7139106
6560,5503284,6744411
6561,5503284,6678382
6562,5503284,6760976
6563,5503284,6874984
6564,5503284,6863736
6565,5503284,6861474
6566,5503284,6835124
6567,5503284,6798951
6568,5503284,6798951
6569,5503284,6644783
6570,5503284,6644783
6571,5503284,6549193
6572,5503284,7245314
6573,5503284,7165242
6574,5503284,7460316
6575,5503284,7460316
6576,5503284,7460316
6577,5503284,7460316
6578,5503284,7016208
6579,5503284,7016208
6580,5503284,7016208
6581,5503284,7120167
6582,5503284,7008232
6583,5503284,6752472
6584,5503284,6752472
6585,5503284,6752472
6586,5503284,6752472
6587,5503284,6752472
6588,5503284,7444960
6589,5503284,7422874
6590,5503284,7326160
6591,5503284,7227345
6592,5503284,7227345
6593,5503284,7227345
6594,5503284,6971952
6595,5503284,7167928
6596,5503284,7167928
6597,5503284,7167928
6598,5503284,7083776
6599,5503284,7083776
6600,5503284,7083776
6601,5503284,7085107
6602,5503284,7085107
6603,5503284,6660068
6604,5503284,6654387
6605,5503284,6590415
6606,5503284,6582425
6607,5503284,6504057
6608,5503284,6438976
6609,5503284,6438976
6610,5503284,6438976
6611,5503284,6952938
6612,5503284,6959576
6613,5503284,6845211
6614,5503284,6845211
6615,5503284,6845211
6616,5503284,7353668
6617,5503284,8671742
6618,5503284,9046998
6619,5503284,8194747
6620,5503284,8131742
6621,5503284,8072074
6622,5503284,8072074
6623,5503284,8085928
6624,5503284,8085928
6625,5503284,8059304
6626,5503284,8059304
6627,5503284,7990038
6628,5503284,7990038
6629,5503284,8040822
6630,5503284,8040822
6631,5503284,7575809
6632,5503284,7528159
6633,5503284,7647918
6634,5503284,7788981
6635,5503284,7775372
6636,5503284,8052742
6637,5503284,7968907
6638,5503284,7656281
6639,5503284,7656281
6640,5503284,7644084
6641,5503284,7644084
6642,5503284,7642257
6643,5503284,7610480
6644,5503284,7609090
6645,5503284,7525813
6646,5503284,7230419
6647,5503284,7230419
6648,5503284,7258835
6649,5503284,7694010
6650,5503284,7694010
6651,5503284,7694010
6652,5503284,7603680
6653,5503284,7595378
6654,5503284,7595378
6655,5503284,7565793
6656,5503284,7565793
6657,5503284,7177287
6658,5503284,7046556
6659,5503284,7046556
6660,5503284,6963599
6661,5503284,6963599
6662,5503284,7328162
6663,5503284,7328162
6664,5503284,7328162
6665,5503284,7306347
6666,5503284,7587741
6667,5503284,7572386
6668,5503284,7572386
6669,5503284,7572386
6670,5503284,8216645
6671,5503284,8216645
6672,5503284,8210756
6673,5503284,8200261
6674,5503284,8200262
6675,5503284,8127064
6676,5503284,8079325
6677,5503284,8079325
6678,5503284,9077598
6679,5503284,8959513
6680,5503284,8824318
6681,5503284,8824318
6682,5503284,8822630
6683,5503284,8987876
6684,5503284,9065533
6685,5503284,9079163
6686,5503284,9377860
6687,5503284,9377860
6688,5503284,9218549
6689,5503284,9364273
6690,5503284,9364273
6691,5503284,9022072
6692,5503284,8718032
6693,5503284,8718032
6694,5503284,8718032
6695,5503284,8689627
6696,5503284,8689627
6697,5503284,8689627
6698,5503284,8503405
6699,5503284,8344982
6700,5503284,8127742
6701,5503284,7872818
6702,5503284,7722603
6703,5503284,7722603
6704,5503284,7712553
6705,5503284,7285062
6706,5503284,7285062
6707,5503284,7285062
6708,5503284,7285062
6709,5503284,7285062
6710,5503284,7191140
6711,5503284,7191140
6712,5503284,7191140
6713,5503284,7175345
6714,5503284,7175345
6715,5503284,7082410
6716,5503284,7082410
6717,5503284,7447227
6718,5503284,7447227
6719,5503284,7447227
6720,5503284,7381243
6721,5503284,7357882
6722,5503284,7348453
6723,5503284,7337205
6724,5503284,7005611
6725,5503284,7005928
6726,5503284,7005928
6727,5503284,7005928
6728,5503284,7005928
6729,5503284,7005928
6730,5503284,7213637
6731,5503284,7629996
6732,5503284,7527343
6733,5503284,7355098
6734,5503284,7310510
6735,5503284,7073507
6736,5503284,7073507
6737,5503284,7736928
6738,5503284,7620529
6739,5503284,7541707
6740,5503284,7505379
6741,5503284,7505379
6742,5503284,8652429
6743,5503284,8652849
6744,5503284,8652849
6745,5503284,8536804
6746,5503284,8454264
6747,5503284,8383126
6748,5503284,8383126
6749,5503284,8295276
6750,5503284,7788560
6751,5503284,7788560
6752,5503284,7788560
6753,5503284,7766225
6754,5503284,7375996
6755,5503284,7466899
6756,5503284,7662137
6757,5503284,7823850
6758,5503284,8461965
6759,5503284,7773070
6760,5503284,7687586
6761,5503284,7589042
6762,5503284,7541107
6763,5503284,7980366
6764,5503284,7798199
6765,5503284,8221508
6766,5503284,8075043
6767,5503284,8075043
6768,5503284,8062593
6769,5503284,8062593
6770,5503284,8851857
6771,5503284,8781103
6772,5503284,8701002
6773,5503284,8701002
6774,5503284,8672434
6775,5503284,8636455
6776,5503284,8620842
6777,5503284,8613900
6778,5503284,8559045
6779,5503284,8825185
6780,5503284,8767370
6781,5503284,8566021
6782,5503284,8934766
6783,5503284,8913446
6784,5503284,8913446
6785,5503284,9126773
6786,5503284,9126773
6787,5503284,9354992
6788,5503284,9354992
6789,5503284,9354992
6790,5503284,9354992
6791,5503284,9196318
6792,5503284,9041155
6793,5503284,9041155
6794,5503284,8530106
6795,5503284,8462816
6796,5503284,8412123
6797,5503284,8086903
6798,5503284,7939576
6799,5503284,8058147
6800,5503284,8039615
6801,5503284,7725172
6802,5503284,7725172
6803,5503284,7642928
6804,5503284,7642928
6805,5503284,7547931
6806,5503284,8537899
6807,5503284,8537899
6808,5503284,8898792
6809,5503284,8806273
6810,5503284,8843052
6811,5503284,8843052
6812,5503284,8843052
6813,5503284,8324779
6814,5503284,8288471
6815,5503284,8281623
6816,5503284,8255019
6817,5503284,8520328
6818,5503284,8526021
6819,5503284,8526021
6820,5503284,8541122
6821,5503284,8935809
6822,5503284,8923846
6823,5503284,8814381
6824,5503284,8697809
6825,5503284,8199689
6826,5503284,8199689
6827,5503284,8126778
6828,5503284,8221776
6829,5503284,8128526
6830,5503284,8375218
6831,5503284,8375218
6832,5503284,8375218
6833,5503284,8408628
6834,5503284,8408628
6835,5503284,8408342
6836,5503284,8316513
6837,5503284,8203126
6838,5503284,8076446
6839,5503284,8007530
6840,5503284,8007530
6841,5503284,8291477
6842,5503284,8291477
6843,5503284,8321478
6844,5503284,8321478
6845,5503284,8101171
6846,5503284,8101171
6847,5503284,7727818
6848,5503284,7727818
6849,5503284,7727818
6850,5503284,7643392
6851,5503284,7643392
6852,5503284,7643392
6853,5503284,7638628
6854,5503284,7458309
6855,5503284,7551441
6856,5503284,7498938
6857,5503284,7498938
6858,5503284,7461120
6859,5503284,7466804
6860,5503284,7356536
6861,5503284,7366794
6862,5503284,7671717
6863,5503284,7967268
6864,5503284,7935809
6865,5503284,7536645
6866,5503284,7536645
6867,5503284,7273082
6868,5503284,7140025
6869,5503284,7104303
6870,5503284,6996709
6871,5503284,6996709
6872,5503284,6996709
6873,5503284,6996709
6874,5503284,7671998
6875,5503284,8141945
6876,5503284,8108147
6877,5503284,8073039
6878,5503284,8073039
6879,5503284,7968463
6880,5503284,7968463
6881,5503284,7899828
6882,5503284,7817468
6883,5503284,7766300
6884,5503284,7790108
6885,5503284,7656468
6886,5503284,7667196
6887,5503284,7585737
6888,5503284,7265753
6889,5503284,7265753
6890,5503284,7227334
6891,5503284,7110912
6892,5503284,7110912
6893,5503284,7100246
6894,5503284,7153820
6895,5503284,7153820
6896,5503284,7152513
6897,5503284,7229262
6898,5503284,7180407
6899,5503284,7180407
6900,5503284,7180407
6901,5503284,7180407
6902,5503284,7212646
6903,5503284,7212646
6904,5503284,7955508
6905,5503284,7955508
6906,5503284,7285843
6907,5503284,7285843
6908,5503284,7304702
6909,5503284,7314108
6910,5503284,7303212
6911,5503284,7264464
6912,5503284,7264464
6913,5503284,7264464
6914,5503284,7264464
6915,5503284,7264464
6916,5503284,7060287
6917,5503284,7055051
6918,5503284,7055051
6919,5503284,7155263
6920,5503284,6981551
6921,5503284,7021911
6922,5503284,6931749
6923,5503284,6925126
6924,5503284,6901148
6925,5503284,6861188
6926,5503284,6861188
6927,5503284,6771629
6928,5503284,6767732
6929,5503284,6767732
6930,5503284,6767732
6931,5503284,6767732
6932,5503284,6838054
6933,5503284,6838054
6934,5503284,6838054
6935,5503284,6854339
6936,5503284,6803627
6937,5503284,6803627
6938,5503284,6746533
6939,5503284,6746533
6940,5503284,6746533
6941,5503284,6746533
6942,5503284,6746533
6943,5503284,6746533
6944,5503284,7081311
6945,5503284,7081311
6946,5503284,7081311
6947,5503284,6872773
6948,5503284,7262320
6949,5503284,7206495
6950,5503284,7206495
6951,5503284,7138684
6952,5503284,7138684
6953,5503284,7057068
6954,5503284,6914792
6955,5503284,6902508
6956,5503284,6902508
6957,5503284,6902508
6958,5503284,6902508
6959,5503284,6902508
6960,5503284,6902508
6961,5503284,6902508
6962,5503284,6902508
6963,5503284,6895474
6964,5503284,6895474
6965,5503284,6895474
6966,5503284,7105162
6967,5503284,7085325
6968,5503284,7090040
6969,5503284,7629532
6970,5503284,7629532
6971,5503284,7539300
6972,5503284,7538301
6973,5503284,7519485
6974,5503284,8039777
6975,5503284,8039777
6976,5503284,7867838
6977,5503284,7904581
6978,5503284,8517462
6979,5503284,8517462
6980,5503284,8535733
6981,5503284,8223199
6982,5503284,8135725
6983,5503284,7940373
6984,5503284,7926654
6985,5503284,7865779
6986,5503284,7844093
6987,5503284,7714197
6988,5503284,7714197
6989,5503284,7685324
6990,5503284,7616279
6991,5503284,7616279
6992,5503284,7613087
6993,5503284,7595572
6994,5503284,7594261
6995,5503284,7582160
6996,5503284,7551844
6997,5503284,7551844
6998,5503284,7551844
6999,5503284,7251591
7000,5503284,7113557
7001,5503284,7057628
7002,5503284,7451627
7003,5503284,7451627
7004,5503284,7819366
7005,5503284,7869428
7006,5503284,7791689
7007,5503284,7687708
7008,5503284,7635455
7009,5503284,7609601
7010,5503284,7609601
7011,5503284,7559709
7012,5503284,7548461
7013,5503284,7548461
7014,5503284,7469633
7015,5503284,7469633
7016,5503284,7435476
7017,5503284,7361332
7018,5503284,7361332
7019,5503284,7361332
7020,5503284,7327141
7021,5503284,7548348
7022,5503284,7548348
7023,5503284,8108489
7024,5503284,8217978
7025,5503284,7801216
7026,5503284,7382558
7027,5503284,7375981
7028,5503284,7372565
7029,5503284,7370114
7030,5503284,8141634
7031,5503284,8949214
7032,5503284,9317448
7033,5503284,9722119
7034,5503284,9780007
7035,5503284,10003668
7036,5503284,9744070
7037,5503284,9205162
7038,5503284,9224313
7039,5503284,8898789
7040,5503284,8851788
7041,5503284,8754542
7042,5503284,8859746
7043,5503284,9417596
7044,5503284,9113687
7045,5503284,8969532
7046,5503284,8457880
7047,5503284,8694140
7048,5503284,8867991
7049,5503284,8866738
7050,5503284,8933161
7051,5503284,8885487
7052,5503284,8891256
7053,5503284,9149486
7054,5503284,9766600
7055,5503284,9128336
7056,5503284,9368206
7057,5503284,9011698
7058,5503284,9517662
7059,5503284,9517662
7060,5503284,8951233
7061,5503284,8594643
7062,5503284,9337671
7063,5503284,8739018
7064,5503284,8739018
7065,5503284,8927146
7066,5503284,8927146
7067,5503284,8872377
7068,5503284,9123940
7069,5503284,9249723
7070,5503284,9218671
7071,5503284,8891648
7072,5503284,8920999
7073,5503284,9612651
7074,5503284,9282218
7075,5503284,8834712
7076,5503284,8934914
7077,5503284,8899556
7078,5503284,8898777
7079,5503284,8898777
7080,5503284,9116356
7081,5503284,8833171
7082,5503284,9472637
7083,5503284,9575180
7084,5503284,9696427
7085,5503284,9193921
7086,5503284,9511813
7087,5503284,10370866
7088,5503284,10022636
7089,5503284,9420035
7090,5503284,8530764
7091,5503284,8484614
7092,5503284,8484614
7093,5503284,8457205
7094,5503284,9160601
7095,5503284,8982139
7096,5503284,8779218
7097,5503284,8843493
7098,5503284,8351844
7099,5503284,8351844
7100,5503284,8250701
7101,5503284,9660732
7102,5503284,9858921
7103,5503284,9886403
7104,5503284,9751449
7105,5503284,9908092
7106,5503284,10004856
7107,5503284,10004856
7108,5503284,10363188
7109,5503284,10144158
7110,5503284,10552868
7111,5503284,10201834
7112,5503284,10197319
7113,5503284,10005374
7114,5503284,9491031
7115,5503284,9831824
7116,5503284,9789909
7117,5503284,9610338
7118,5503284,9939121
7119,5503284,9851524
7120,5503284,9977327
7121,5503284,9562379
7122,5503284,9562379
7123,5503284,9562379
7124,5503284,9547668
7125,5503284,9006868
7126,5503284,9530848
7127,5503284,9105505
7128,5503284,9105505
7129,5503284,8683507
7130,5503284,8597824
7131,5503284,8569924
7132,5503284,8810819
7133,5503284,9055950
7134,5503284,9191436
7135,5503284,8464979
7136,5503284,8577220
7137,5503284,8604467
7138,5503284,8535941
7139,5503284,9582029
7140,5503284,9311703
7141,5503284,9117422
7142,5503284,8630006
7143,5503284,9182739
7144,5503284,8941499
7145,5503284,9162129
7146,5503284,8554394
7147,5503284,8370345
7148,5503284,8370345
7149,5503284,8774127
7150,5503284,8428558
7151,5503284,8259885
7152,5503284,8360768
7153,5503284,9019493
7154,5503284,9008659
7155,5503284,9309371
7156,5503284,9008659
7157,5503284,8729432
7158,5503284,8501303
7159,5503284,8455535
7160,5503284,8757737
7161,5503284,8755654
7162,5503284,9042226
7163,5503284,8941233
7164,5503284,8869081
7165,5503284,9567051
7166,5503284,9772373
7167,5503284,9010808
7168,5503284,9010808
7169,5503284,8875086
7170,5503284,8542569
7171,5503284,8534994
7172,5503284,8899272
7173,5503284,8889763
7174,5503284,8835096
7175,5503284,9354379
7176,5503284,9253368
7177,5503284,9347848
7178,5503284,9187323
7179,5503284,9536299
7180,5503284,10175400
7181,5503284,10319048
7182,5503284,10063025
7183,5503284,10566429
7184,5503284,10528319
7185,5503284,9721412
7186,5503284,9279173
7187,5503284,9361787
7188,5503284,8536221
7189,5503284,8536221
7190,5503284,8270631
7191,5503284,8376868
7192,5503284,8593208
7193,5503284,8142529
7194,5503284,7783380
7195,5503284,8938879
7196,5503284,8644371
7197,5503284,8000884
7198,5503284,8270796
7199,5503284,7959637
7200,5503284,8202741
7201,5503284,8021886
7202,5503284,8872871
7203,5503284,8872871
7204,5503284,9003878
7205,5503284,9400877
7206,5503284,9318937
7207,5503284,9583740
7208,5503284,9611557
7209,5503284,9204420
7210,5503284,9702683
7211,5503284,9414439
7212,5503284,9073224
7213,5503284,8821638
7214,5503284,9082578
7215,5503284,9036793
7216,5503284,9026070
7217,5503284,8871036
7218,5503284,8367032
7219,5503284,8749643
7220,5503284,8711838
7221,5503284,9157173
7222,5503284,8846960
7223,5503284,9139393
7224,5503284,9074811
7225,5503284,9496781
7226,5503284,9636968
7227,5503284,9252733
7228,5503284,9786545
7229,5503284,10262173
7230,5503284,10143602
7231,5503284,10557874
7232,5503284,10646415
7233,5503284,10861980
7234,5503284,10370942
7235,5503284,9391786
7236,5503284,9382882
7237,5503284,9630652
7238,5503284,9667254
7239,5503284,9441130
7240,5503284,9654914
7241,5503284,10063332
7242,5503284,9939531
7243,5503284,10298239
7244,5503284,10587939
7245,5503284,10287157
7246,5503284,9912287
7247,5503284,10398438
7248,5503284,10382718
7249,5503284,10003060
7250,5503284,10342008
7251,5503284,10342008
7252,5503284,10792260
7253,5503284,10952752
7254,5503284,10615344
7255,5503284,11819078
7256,5503284,11757782
7257,5503284,11507073
7258,5503284,11477322
7259,5503284,11531941
7260,5503284,11249029
7261,5503284,11228292
7262,5503284,10074951
7263,5503284,10620496
7264,5503284,10064669
7265,5503284,10264424
7266,5503284,10186735
7267,5503284,9924821
7268,5503284,10073151
7269,5503284,9978218
7270,5503284,11289753
7271,5503284,11207276
7272,5503284,11042881
7273,5503284,11251132
7274,5503284,11175671
7275,5503284,10987932
7276,5503284,10544905
7277,5503284,10285176
7278,5503284,10266474
7279,5503284,10083984
7280,5503284,9930086
7281,5503284,9762274
7282,5503284,9994471
7283,5503284,9653518
7284,5503284,9509775
7285,5503284,9509774
7286,5503284,9744366
7287,5503284,9326137
7288,5503284,9312162
7289,5503284,8845901
7290,5503284,8845901
7291,5503284,8696983
7292,5503284,8391210
7293,5503284,8731763
7294,5503284,9201841
7295,5503284,8602352
7296,5503284,8854252
7297,5503284,8732660
7298,5503284,8428954
7299,5503284,8421708
7300,5503284,9593398
7301,5503284,9655804
7302,5503284,9938766
7303,5503284,9533751
7304,5503284,9469474
7305,5503284,9501711
7306,5503284,9452947
7307,5503284,9452424
7308,5503284,9463875
7309,5503284,9698250
7310,5503284,10140196
7311,5503284,10551151
7312,5503284,10521631
7313,5503284,10602462
7314,5503284,10322873
7315,5503284,9915200
7316,5503284,9944128
7317,5503284,9371020
7318,5503284,9807304
7319,5503284,9832238
7320,5503284,9098378
7321,5503284,8577245
7322,5503284,8323059
7323,5503284,8315644
7324,5503284,8275404
7325,5503284,8332958
7326,5503284,8299973
7327,5503284,7879309
7328,5503284,7879309
7329,5503284,7886956
7330,5503284,6910548
7331,5503284,6910548
7332,5503284,6910167
7333,5503284,6737066
7334,5503284,6679108
7335,5503284,7589949
7336,5503284,7871593
7337,5503284,8216565
7338,5503284,8006026
7339,5503284,7554929
7340,5503284,7560387
7341,5503284,7111384
7342,5503284,7111384
7343,5503284,6591593
7344,5503284,6591592
7345,5503284,6788467
7346,5503284,7887938
7347,5503284,7591033
7348,5503284,7590727
7349,5503284,6973684
7350,5503284,6934964
7351,5503284,6951703
7352,5503284,7199825
7353,5503284,7496886
7354,5503284,7718826
7355,5503284,8487821
7356,5503284,7851455
7357,5503284,6714796
7358,5503284,6681103
7359,5503284,7010030
7360,5503284,6937989
7361,5503284,6937989
7362,5503284,6894690
7363,5503284,8523072
7364,5503284,8202600
7365,5503284,8193801
7366,5503284,8182168
7367,5503284,8425770
7368,5503284,8799420
7369,5503284,9091691
7370,5503284,9028567
7371,5503284,9006826
7372,5503284,8830405
7373,5503284,9352870
7374,5503284,10155369
7375,5503284,10071202
7376,5503284,10267337
7377,5503284,9859289
7378,5503284,9164152
7379,5503284,8718989
7380,5503284,8679916
7381,5503284,8447694
7382,5503284,8434234
7383,5503284,8427555
7384,5503284,8155204
7385,5503284,9089122
7386,5503284,8936509
7387,5503284,8227607
7388,5503284,8283811
7389,5503284,8216487
7390,5503284,7900959
7391,5503284,8314446
7392,5503284,8961027
7393,5503284,9137929
7394,5503284,9328838
7395,5503284,9428124
7396,5503284,9225076
7397,5503284,8693713
7398,5503284,8259233
7399,5503284,8099654
7400,5503284,8088407
7401,5503284,7995400
7402,5503284,7870631
7403,5503284,7902962
7404,5503284,7919762
7405,5503284,7916036
7406,5503284,7826716
7407,5503284,8175837
7408,5503284,7581277
7409,5503284,8253845
7410,5503284,8181899
7411,5503284,8060121
7412,5503284,7698050
7413,5503284,8489839
7414,5503284,8060181
7415,5503284,8060181
7416,5503284,7917159
7417,5503284,7913459
7418,5503284,7536836
7419,5503284,7768739
7420,5503284,7768739
7421,5503284,7696686
7422,5503284,7562020
7423,5503284,7499844
7424,5503284,7812564
7425,5503284,7789375
7426,5503284,7775798
7427,5503284,7775798
7428,5503284,7775798
7429,5503284,7754694
7430,5503284,7303316
7431,5503284,7303316
7432,5503284,7831813
7433,5503284,6604688
7434,5503284,6728105
7435,5503284,7341816
7436,5503284,7693218
7437,5503284,8762426
7438,5503284,9489669
7439,5503284,9083915
7440,5503284,9149826
7441,5503284,9149826
7442,5503284,9363662
7443,5503284,9346863
7444,5503284,9346863
7445,5503284,8488516
7446,5503284,8655742
7447,5503284,8964735
7448,5503284,8964735
7449,5503284,8854531
7450,5503284,8699594
7451,5503284,8946697
7452,5503284,8617376
7453,5503284,7926540
7454,5503284,7824908
7455,5503284,8335201
7456,5503284,8214673
7457,5503284,8116913
7458,5503284,8113321
7459,5503284,8225990
7460,5503284,8758813
7461,5503284,8668448
7462,5503284,8614499
7463,5503284,8573374
7464,5503284,8573374
7465,5503284,8561273
7466,5503284,8166326
7467,5503284,8140891
7468,5503284,6839848
7469,5503284,6193468
7470,5503284,6121044
7471,5503284,7758444
7472,5503284,7758444
7473,5503284,7951742
7474,5503284,8370312
7475,5503284,8314134
7476,5503284,8941048
7477,5503284,8505620
7478,5503284,8758677
7479,5503284,8467359
7480,5503284,8528336
7481,5503284,8721369
7482,5503284,8375956
7483,5503284,9092199
7484,5503284,9109428
7485,5503284,9059461
7486,5503284,9254123
7487,5503284,8908945
7488,5503284,8908945
7489,5503284,9156479
7490,5503284,9222637
7491,5503284,8769653
7492,5503284,8668863
7493,5503284,9163260
7494,5503284,8623185
7495,5503284,8802486
7496,5503284,8873854
7497,5503284,9248801
7498,5503284,9116681
7499,5503284,9554998
7500,5503284,9441056
7501,5503284,9371873
7502,5503284,8972710
7503,5503284,8972710
7504,5503284,8854442
7505,5503284,8828071
7506,5503284,8606695
7507,5503284,9396728
7508,5503284,10118605
7509,5503284,10816314
7510,5503284,10760201
7511,5503284,10760201
7512,5503284,10657321
7513,5503284,10712882
7514,5503284,11075326
7515,5503284,11041029
7516,5503284,10286264
7517,5503284,10342983
7518,5503284,10321902
7519,5503284,10470994
7520,5503284,11047212
7521,5503284,10378400
7522,5503284,9937247
7523,5503284,9990947
7524,5503284,9548303
7525,5503284,9154304
7526,5503284,9032929
7527,5503284,9823120
7528,5503284,9089828
7529,5503284,8928378
7530,5503284,9112386
7531,5503284,9112386
7532,5503284,9106557
7533,5503284,9106557
7534,5503284,9105517
7535,5503284,9105579
7536,5503284,8869673
7537,5503284,8815059
7538,5503284,8772822
7539,5503284,9316231
7540,5503284,9035101
7541,5503284,9048417
7542,5503284,9017254
7543,5503284,9123779
7544,5503284,9483756
7545,5503284,8981946
7546,5503284,9265171
7547,5503284,9899326
7548,5503284,9585852
7549,5503284,9490340
7550,5503284,9466680
7551,5503284,9766671
7552,5503284,9636984
7553,5503284,9348290
7554,5503284,8601001
7555,5503284,8523066
7556,5503284,8309354
7557,5503284,8226878
7558,5503284,8788341
7559,5503284,8753168
7560,5503284,8980286
7561,5503284,7416524
7562,5503284,7416524
7563,5503284,7168880
7564,5503284,7526464
7565,5503284,7272075
7566,5503284,7312312
7567,5503284,7659890
7568,5503284,8114407
7569,5503284,8019494
7570,5503284,7534882
7571,5503284,7534882
7572,5503284,7534882
7573,5503284,7866304
7574,5503284,8103651
7575,5503284,8403164
7576,5503284,8350070
7577,5503284,9207244
7578,5503284,9207244
7579,5503284,9186298
7580,5503284,9005236
7581,5503284,8685946
7582,5503284,8665666
7583,5503284,8591692
7584,5503284,8605997
7585,5503284,9099867
7586,5503284,8750489
7587,5503284,8958540
7588,5503284,8968201
7589,5503284,8968201
7590,5503284,9045199
7591,5503284,8405229
7592,5503284,8598661
7593,5503284,8598661
7594,5503284,8931302
7595,5503284,8931291
7596,5503284,9080955
7597,5503284,8427707
7598,5503284,8427707
7599,5503284,8408434
7600,5503284,8326828
7601,5503284,7883764
7602,5503284,7979011
7603,5503284,7922910
7604,5503284,7816332
7605,5503284,8539586
7606,5503284,8274309
7607,5503284,8274309
7608,5503284,8070383
7609,5503284,7887919
7610,5503284,7721927
7611,5503284,8011446
7612,5503284,7998949
7613,5503284,9246616
7614,5503284,9147226
7615,5503284,8891759
7616,5503284,9146380
7617,5503284,9440647
7618,5503284,9436376
7619,5503284,10136436
7620,5503284,9945148
7621,5503284,9417185
7622,5503284,9411150
7623,5503284,9096338
7624,5503284,9872595
7625,5503284,10250343
7626,5503284,10892072
7627,5503284,10465872
7628,5503284,9968897
7629,5503284,10190040
7630,5503284,9867648
7631,5503284,10343631
7632,5503284,10438730
7633,5503284,10502079
7634,5503284,10289884
7635,5503284,9185956
7636,5503284,9164438
7637,5503284,8670229
7638,5503284,8748241
7639,5503284,8638488
7640,5503284,8951533
7641,5503284,8582364
7642,5503284,8621800
7643,5503284,8978277
7644,5503284,9020647
7645,5503284,8990738
7646,5503284,8952565
7647,5503284,8649623
7648,5503284,8907470
7649,5503284,9708251
7650,5503284,9682861
7651,5503284,9868344
7652,5503284,10811067
7653,5503284,10233374
7654,5503284,10042463
7655,5503284,9668951
7656,5503284,9625360
7657,5503284,9625360
7658,5503284,8993891
7659,5503284,9333166
7660,5503284,9078513
7661,5503284,9078513
7662,5503284,8802262
7663,5503284,8581552
7664,5503284,9070951
7665,5503284,9008081
7666,5503284,9201102
7667,5503284,8645593
7668,5503284,8674791
7669,5503284,8390175
7670,5503284,7622519
7671,5503284,7676297
7672,5503284,7436894
7673,5503284,7058135
7674,5503284,7615204
7675,5503284,8014155
7676,5503284,7941683
7677,5503284,7941694
7678,5503284,7997386
7679,5503284,7997386
7680,5503284,7980018
7681,5503284,7947259
7682,5503284,7926023
7683,5503284,8368493
7684,5503284,8206514
7685,5503284,8927760
7686,5503284,9042386
7687,5503284,9249482
7688,5503284,9249482
7689,5503284,9612545
7690,5503284,9500060
7691,5503284,9566995
7692,5503284,9501349
7693,5503284,9311368
7694,5503284,9727802
7695,5503284,9645744
7696,5503284,9738488
7697,5503284,9703529
7698,5503284,8894841
7699,5503284,8399885
7700,5503284,8454704
7701,5503284,8961190
7702,5503284,9468510
7703,5503284,9230160
7704,5503284,9663762
7705,5503284,9555744
7706,5503284,9094131
7707,5503284,9317083
7708,5503284,9213806
7709,5503284,8830347
7710,5503284,9923271
7711,5503284,9994241
7712,5503284,9134217
7713,5503284,9541860
7714,5503284,9417062
7715,5503284,9274648
7716,5503284,8779474
7717,5503284,8531513
7718,5503284,7720405
7719,5503284,7484441
7720,5503284,8035781
7721,5503284,7958663
7722,5503284,8408831
7723,5503284,8406122
7724,5503284,8384379
7725,5503284,8384379
7726,5503284,8360161
7727,5503284,8358897
7728,5503284,8423108
7729,5503284,8918031
7730,5503284,8155486
7731,5503284,8365525
7732,5503284,8309472
7733,5503284,8309472
7734,5503284,8895102
7735,5503284,8747478
7736,5503284,8590453
7737,5503284,8590453
7738,5503284,8589575
7739,5503284,8889088
7740,5503284,8887668
7741,5503284,8979484
7742,5503284,9430799
7743,5503284,9011935
7744,5503284,9011935
7745,5503284,9387896
7746,5503284,9473771
7747,5503284,9231642
7748,5503284,8671559
7749,5503284,8771960
7750,5503284,8142735
7751,5503284,8246601
7752,5503284,8229787
7753,5503284,8218891
7754,5503284,7889856
7755,5503284,8193813
7756,5503284,8367983
7757,5503284,8445064
7758,5503284,8363462
7759,5503284,8363462
7760,5503284,9404690
7761,5503284,9342113
7762,5503284,9161498
7763,5503284,9166543
7764,5503284,9410737
7765,5503284,9413134
7766,5503284,9310339
7767,5503284,9324196
7768,5503284,9351861
7769,5503284,9040489
7770,5503284,9184408
7771,5503284,8872079
7772,5503284,8803600
7773,5503284,9143961
7774,5503284,9048156
7775,5503284,9041590
7776,5503284,9012885
7777,5503284,9012885
7778,5503284,9122807
7779,5503284,9069924
7780,5503284,8947825
7781,5503284,8925329
7782,5503284,8925329
7783,5503284,8867844
7784,5503284,8830704
7785,5503284,8934203
7786,5503284,9481945
7787,5503284,9364527
7788,5503284,8832925
7789,5503284,8788405
7790,5503284,8788405
7791,5503284,8665865
7792,5503284,9449946
7793,5503284,9859889
7794,5503284,10545517
7795,5503284,10354576
7796,5503284,10029774
7797,5503284,9704291
7798,5503284,9944047
7799,5503284,9944047
7800,5503284,9915877
7801,5503284,9850800
7802,5503284,10281043
7803,5503284,9551262
7804,5503284,10281042
7805,5503284,10621574
7806,5503284,10679113
7807,5503284,10645805
7808,5503284,10364554
7809,5503284,10248045
7810,5503284,9881400
7811,5503284,9866399
7812,5503284,9767360
7813,5503284,9929333
7814,5503284,10344048
7815,5503284,10735711
7816,5503284,11280322
7817,5503284,11148825
7818,5503284,10858335
7819,5503284,10390344
7820,5503284,9964399
7821,5503284,10450129
7822,5503284,10512655
7823,5503284,10618333
7824,5503284,10662237
7825,5503284,10186483
7826,5503284,9728056
7827,5503284,10193307
7828,5503284,9559977
7829,5503284,9559977
7830,5503284,8715294
7831,5503284,8850341
7832,5503284,8850341
7833,5503284,8841710
7834,5503284,9134276
7835,5503284,9114954
7836,5503284,8976067
7837,5503284,9054595
7838,5503284,8988171
7839,5503284,8755895
7840,5503284,8214815
7841,5503284,8134905
7842,5503284,8103198
7843,5503284,8103198
7844,5503284,8155621
7845,5503284,8079641
7846,5503284,8132776
7847,5503284,8226227
7848,5503284,8494155
7849,5503284,8508009
7850,5503284,8794194
7851,5503284,8398690
7852,5503284,8384882
7853,5503284,8946530
7854,5503284,9345364
7855,5503284,9305759
7856,5503284,8366183
7857,5503284,8501254
7858,5503284,8497701
7859,5503284,8497701
7860,5503284,8196520
7861,5503284,8929997
7862,5503284,8924961
7863,5503284,8743123
7864,5503284,8853870
7865,5503284,8488315
7866,5503284,9036479
7867,5503284,8966197
7868,5503284,8637101
7869,5503284,8619895
7870,5503284,8591938
7871,5503284,7771124
7872,5503284,7771124
7873,5503284,7990111
7874,5503284,8533303
7875,5503284,7862000
7876,5503284,8235870
7877,5503284,8005959
7878,5503284,8005959
7879,5503284,7943100
7880,5503284,7963820
7881,5503284,7910229
7882,5503284,7910229
7883,5503284,7752502
7884,5503284,7738658
7885,5503284,7738658
7886,5503284,8206874
7887,5503284,8547827
7888,5503284,9113121
7889,5503284,9005276
7890,5503284,8877053
7891,5503284,8879042
7892,5503284,8814271
7893,5503284,8815795
7894,5503284,9215370
7895,5503284,9098893
7896,5503284,8762972
7897,5503284,8380346
7898,5503284,8316748
7899,5503284,7874158
7900,5503284,8249272
7901,5503284,8674266
7902,5503284,8648079
7903,5503284,8849085
7904,5503284,8877951
7905,5503284,8780590
7906,5503284,8912790
7907,5503284,9307659
7908,5503284,9447588
7909,5503284,8847633
7910,5503284,8715453
7911,5503284,8676300
7912,5503284,8676300
7913,5503284,8667108
7914,5503284,9353878
7915,5503284,9522174
7916,5503284,9837180
7917,5503284,9671775
7918,5503284,9220290
7919,5503284,8758219
7920,5503284,8655829
7921,5503284,8443331
7922,5503284,8546894
7923,5503284,8528171
7924,5503284,8840693
7925,5503284,9096383
7926,5503284,9096383
7927,5503284,9712310
7928,5503284,9675991
7929,5503284,9659279
7930,5503284,9577418
7931,5503284,9235692
7932,5503284,9219576
7933,5503284,8350543
7934,5503284,8954977
7935,5503284,8932132
7936,5503284,8932132
7937,5503284,8525829
7938,5503284,8525829
7939,5503284,8556346
7940,5503284,8556346
7941,5503284,8556346
7942,5503284,8558202
7943,5503284,8451388
7944,5503284,8585738
7945,5503284,8438426
7946,5503284,8438426
7947,5503284,8136223
7948,5503284,8412189
7949,5503284,8120342
7950,5503284,7515908
7951,5503284,8068230
7952,5503284,8068230
7953,5503284,8338480
7954,5503284,8332596
7955,5503284,8309107
7956,5503284,8178280
7957,5503284,8462406
7958,5503284,8492308
7959,5503284,8492308
7960,5503284,8641789
7961,5503284,8663490
7962,5503284,8603554
7963,5503284,8603554
7964,5503284,8523785
7965,5503284,9140333
7966,5503284,8810465
7967,5503284,8217219
7968,5503284,8457741
7969,5503284,8220527
7970,5503284,8504961
7971,5503284,8561908
7972,5503284,8061913
7973,5503284,8049262
7974,5503284,7994936
7975,5503284,8767465
7976,5503284,8485879
7977,5503284,8038793
7978,5503284,8038793
7979,5503284,7937446
7980,5503284,7760560
7981,5503284,6994317
7982,5503284,6994317
7983,5503284,6994317
7984,5503284,6502479
7985,5503284,6776738
7986,5503284,6691986
7987,5503284,6691986
7988,5503284,6437063
7989,5503284,6964080
7990,5503284,7398615
7991,5503284,7615674
7992,5503284,7229451
7993,5503284,7229451
7994,5503284,6936182
7995,5503284,6484658
7996,5503284,7281137
7997,5503284,7281137
7998,5503284,7281137
7999,5503284,7281137
8000,5503284,7419732
8001,5503284,6733236
8002,5503284,6580818
8003,5503284,6580818
8004,5503284,6383877
8005,5503284,6944587
8006,5503284,6944587
8007,5503284,6758263
8008,5503284,6758263
8009,5503284,7164327
8010,5503284,7140485
8011,5503284,8179037
8012,5503284,8237033
8013,5503284,8237033
8014,5503284,8211163
8015,5503284,8211163
8016,5503284,8211163
8017,5503284,8439130
8018,5503284,8417981
8019,5503284,7638699
8020,5503284,7664569
8021,5503284,8069416
8022,5503284,8464154
8023,5503284,8670100
8024,5503284,8207069
8025,5503284,5775633
8026,5503284,5775633
8027,5503284,5713871
8028,5503284,7265480
8029,5503284,7265480
8030,5503284,7678825
8031,5503284,7678825
8032,5503284,7556838
8033,5503284,7477121
8034,5503284,7367134
8035,5503284,7367134
8036,5503284,7526100
8037,5503284,7526100
8038,5503284,7482194
8039,5503284,7361983
8040,5503284,7345203
8041,5503284,7345203
8042,5503284,7345203
8043,5503284,6947348
8044,5503284,6647618
8045,5503284,6647618
8046,5503284,6647618
8047,5503284,6527466
8048,5503284,6500057
8049,5503284,7688927
8050,5503284,7688927
8051,5503284,7351778
8052,5503284,7113695
8053,5503284,7072603
8054,5503284,7400930
8055,5503284,7791926
8056,5503284,7753497
8057,5503284,7753497
8058,5503284,7753497
8059,5503284,7667605
8060,5503284,7566896
8061,5503284,7538969
8062,5503284,7512566
8063,5503284,7512566
8064,5503284,7633976
8065,5503284,7689516
8066,5503284,7639902
8067,5503284,7637318
8068,5503284,7637318
8069,5503284,7687499
8070,5503284,7687499
8071,5503284,7662590
8072,5503284,7662538
8073,5503284,7542817
8074,5503284,7542817
8075,5503284,7542817
8076,5503284,7563619
8077,5503284,7563619
8078,5503284,7442514
8079,5503284,7399922
8080,5503284,7546838
8081,5503284,7546838
8082,5503284,7040358
8083,5503284,7459950
8084,5503284,7699352
8085,5503284,7699352
8086,5503284,7922818
8087,5503284,7922818
8088,5503284,7922870
8089,5503284,7922870
8090,5503284,7922870
8091,5503284,7872351
8092,5503284,8385603
8093,5503284,8322175
8094,5503284,8322175
8095,5503284,8326407
8096,5503284,8256492
8097,5503284,8256493
8098,5503284,8243291
8099,5503284,8243291
8100,5503284,8140820
8101,5503284,8140820
8102,5503284,8140820
8103,5503284,8140820
8104,5503284,8140820
8105,5503284,8140820
8106,5503284,8086045
8107,5503284,8086045
8108,5503284,8071728
8109,5503284,7899713
8110,5503284,7899713
8111,5503284,7899713
8112,5503284,7885869
8113,5503284,7885870
8114,5503284,7868332
8115,5503284,7763761
8116,5503284,7667722
8117,5503284,8054630
8118,5503284,8001227
8119,5503284,7955262
8120,5503284,7955262
8121,5503284,8035604
8122,5503284,8022815
8123,5503284,8022815
8124,5503284,7585228
8125,5503284,7585228
8126,5503284,7595733
8127,5503284,7595733
8128,5503284,7595733
8129,5503284,7734964
8130,5503284,7715685
8131,5503284,7715685
8132,5503284,7676841
8133,5503284,8100150
8134,5503284,8250710
8135,5503284,8358123
8136,5503284,8584508
8137,5503284,8619113
8138,5503284,8597372
8139,5503284,8597372
8140,5503284,8563906
8141,5503284,8563906
8142,5503284,8563906
8143,5503284,8511149
8144,5503284,8386305
8145,5503284,8668871
8146,5503284,8804521
8147,5503284,8790754
8148,5503284,8900380
8149,5503284,8900380
8150,5503284,8900380
8151,5503284,9021931
8152,5503284,8959705
8153,5503284,8959705
8154,5503284,8965562
8155,5503284,8502893
8156,5503284,8498413
8157,5503284,8400442
8158,5503284,8179061
8159,5503284,8111803
8160,5503284,8111803
8161,5503284,8250670
8162,5503284,8250670
8163,5503284,8543662
8164,5503284,8543662
8165,5503284,8415673
8166,5503284,8401760
8167,5503284,8339100
8168,5503284,8523096
8169,5503284,8506418
8170,5503284,8496333
8171,5503284,8496051
8172,5503284,8438269
8173,5503284,8350684
8174,5503284,8315717
8175,5503284,8235270
8176,5503284,8110595
8177,5503284,8093816
8178,5503284,8281689
8179,5503284,8281689
8180,5503284,8253000
8181,5503284,9300719
8182,5503284,9247229
8183,5503284,9198470
8184,5503284,9198470
8185,5503284,9204289
8186,5503284,9118517
8187,5503284,9384532
8188,5503284,9342450
8189,5503284,9342450
8190,5503284,9219034
8191,5503284,9133421
8192,5503284,9109998
8193,5503284,9074019
8194,5503284,8648600
8195,5503284,8625570
8196,5503284,8484527
8197,5503284,8471941
8198,5503284,8344500
8199,5503284,7660852
8200,5503284,6709120
8201,5503284,6709120
8202,5503284,6659157
8203,5503284,6591762
8204,5503284,6784980
8205,5503284,6818605
8206,5503284,6773222
8207,5503284,7322676
8208,5503284,7295269
8209,5503284,7391390
8210,5503284,7330065
8211,5503284,7330065
8212,5503284,7330065
8213,5503284,7881178
8214,5503284,7737180
8215,5503284,7526359
8216,5503284,7526359
8217,5503284,7441181
8218,5503284,7607024
8219,5503284,7485263
8220,5503284,7413533
8221,5503284,7668490
8222,5503284,7562171
8223,5503284,7533026
8224,5503284,7533026
8225,5503284,7073378
8226,5503284,7073378
8227,5503284,7373063
8228,5503284,8041963
8229,5503284,7629640
8230,5503284,8070162
8231,5503284,8070162
8232,5503284,7910712
8233,5503284,8372597
8234,5503284,8055705
8235,5503284,8035007
8236,5503284,7884056
8237,5503284,7820661
8238,5503284,7607951
8239,5503284,7607951
8240,5503284,7607951
8241,5503284,7550502
8242,5503284,7504379
8243,5503284,7504379
8244,5503284,7817301
8245,5503284,8046426
8246,5503284,8054307
8247,5503284,8054307
8248,5503284,8103742
8249,5503284,8181331
8250,5503284,8164502
8251,5503284,8125647
8252,5503284,8090401
8253,5503284,8004677
8254,5503284,8003058
8255,5503284,8057382
8256,5503284,8057382
8257,5503284,8426281
8258,5503284,8835374
8259,5503284,9025749
8260,5503284,9435117
8261,5503284,9426818
8262,5503284,9185811
8263,5503284,9185811
8264,5503284,9181964
8265,5503284,9181964
8266,5503284,8283326
8267,5503284,8586284
8268,5503284,8280447
8269,5503284,8127044
8270,5503284,8008651
8271,5503284,7967192
8272,5503284,7921969
8273,5503284,7839556
8274,5503284,7788481
8275,5503284,7841304
8276,5503284,7802431
8277,5503284,7482630
8278,5503284,7470542
8279,5503284,7398790
8280,5503284,7398790
8281,5503284,7408732
8282,5503284,7282417
8283,5503284,7264611
8284,5503284,7052846
8285,5503284,7052846
8286,5503284,6958167
8287,5503284,6935066
8288,5503284,6935066
8289,5503284,6797968
8290,5503284,6542323
8291,5503284,6542323
8292,5503284,7319563
8293,5503284,7170251
8294,5503284,7181928
8295,5503284,7143067
8296,5503284,7141035
8297,5503284,7141035
8298,5503284,7057235
8299,5503284,7057235
8300,5503284,7060506
8301,5503284,7060506
8302,5503284,7060506
8303,5503284,7060506
8304,5503284,7060506
8305,5503284,7128159
8306,5503284,7128159
8307,5503284,7270469
8308,5503284,7270469
8309,5503284,7270469
8310,5503284,7270469
8311,5503284,7270469
8312,5503284,7270469
8313,5503284,7034512
8314,5503284,7297579
8315,5503284,7297579
8316,5503284,7297579
8317,5503284,7263886
8318,5503284,7263886
8319,5503284,7263886
8320,5503284,7262025
8321,5503284,7262025
8322,5503284,7262025
8323,5503284,7262025
8324,5503284,7844463
8325,5503284,7844463
8326,5503284,8383476
8327,5503284,8991727
8328,5503284,8154739
8329,5503284,8152937
8330,5503284,8198457
8331,5503284,8179623
8332,5503284,8095359
8333,5503284,8017582
8334,5503284,8017582
8335,5503284,7930495
8336,5503284,8361315
8337,5503284,8361315
8338,5503284,8359109
8339,5503284,8286789
8340,5503284,8286789
8341,5503284,8285238
8342,5503284,8708632
8343,5503284,8626946
8344,5503284,8502672
8345,5503284,8502672
8346,5503284,8759220
8347,5503284,8671516
8348,5503284,8671516
8349,5503284,8529350
8350,5503284,8517924
8351,5503284,8463460
8352,5503284,7986465
8353,5503284,7882980
8354,5503284,7836081
8355,5503284,7834908
8356,5503284,7834908
8357,5503284,7834908
8358,5503284,8054527
8359,5503284,7954527
8360,5503284,7630974
8361,5503284,7630974
8362,5503284,7630974
8363,5503284,7607752
8364,5503284,7607752
8365,5503284,7607752
8366,5503284,7726925
8367,5503284,7726925
8368,5503284,7726925
8369,5503284,8217942
8370,5503284,8099755
8371,5503284,8099755
8372,5503284,7739846
8373,5503284,7739846
8374,5503284,7739846
8375,5503284,7739846
8376,5503284,7739846
8377,5503284,7408371
8378,5503284,7260064
8379,5503284,7180092
8380,5503284,7174337
8381,5503284,7174337
8382,5503284,7667753
8383,5503284,7667753
8384,5503284,7667753
8385,5503284,7694036
8386,5503284,7625447
8387,5503284,7594202
8388,5503284,7434669
8389,5503284,7434669
8390,5503284,7434669
8391,5503284,8103743
8392,5503284,8082475
8393,5503284,8093443
8394,5503284,7752800
8395,5503284,7752830
8396,5503284,7752830
8397,5503284,7682649
8398,5503284,8334564
8399,5503284,8315322
8400,5503284,8315322
8401,5503284,8251047
8402,5503284,8251047
8403,5503284,8251047
8404,5503284,7658931
8405,5503284,7631493
8406,5503284,7634554
8407,5503284,7103100
8408,5503284,7510302
8409,5503284,8427242
8410,5503284,8419094
8411,5503284,8388121
8412,5503284,8372386
8413,5503284,8372386
8414,5503284,8363415
8415,5503284,8363415
8416,5503284,8363415
8417,5503284,8324953
8418,5503284,8324953
8419,5503284,8688683
8420,5503284,8667178
8421,5503284,8630347
8422,5503284,8698283
8423,5503284,8676656
8424,5503284,8618702
8425,5503284,9347251
8426,5503284,9327615
8427,5503284,8966651
8428,5503284,8811906
8429,5503284,8786052
8430,5503284,8786052
8431,5503284,8522229
8432,5503284,8400729
8433,5503284,8400729
8434,5503284,8400729
8435,5503284,8400729
8436,5503284,8190666
8437,5503284,8176012
8438,5503284,8175910
8439,5503284,8116015
8440,5503284,8116015
8441,5503284,8116015
8442,5503284,8116015
8443,5503284,8026988
8444,5503284,8102547
8445,5503284,8102547
8446,5503284,8083492
8447,5503284,8463999
8448,5503284,8317957
8449,5503284,8315708
8450,5503284,8315708
8451,5503284,8136345
8452,5503284,8015769
8453,5503284,8015769
8454,5503284,7919262
8455,5503284,8824460
8456,5503284,8824460
8457,5503284,8824460
8458,5503284,8754993
8459,5503284,8675860
8460,5503284,8595503
8461,5503284,8554524
8462,5503284,8951051
8463,5503284,8951051
8464,5503284,8844803
8465,5503284,9154579
8466,5503284,9053821
8467,5503284,8842679
8468,5503284,9112801
8469,5503284,9187360
8470,5503284,9066639
8471,5503284,9052598
8472,5503284,9200914
8473,5503284,9188794
8474,5503284,9334718
8475,5503284,9334718
8476,5503284,9242394
8477,5503284,8758381
8478,5503284,8001294
8479,5503284,8086812
8480,5503284,8027810
8481,5503284,7946517
8482,5503284,7946517
8483,5503284,7946517
8484,5503284,7678720
8485,5503284,7659190
8486,5503284,7563153
8487,5503284,7498718
8488,5503284,7498718
8489,5503284,7498718
8490,5503284,8134883
8491,5503284,8134883
8492,5503284,8108186
8493,5503284,8021279
8494,5503284,8016599
8495,5503284,8016599
8496,5503284,7916522
8497,5503284,7759549
8498,5503284,8097644
8499,5503284,7859024
8500,5503284,7755128
8501,5503284,7735253
8502,5503284,7721853
8503,5503284,7721853
8504,5503284,7657484
8505,5503284,7617770
8506,5503284,7590896
8507,5503284,7590896
8508,5503284,7590896
8509,5503284,7953389
8510,5503284,7931591
8511,5503284,9025701
8512,5503284,9949033
8513,5503284,10025329
8514,5503284,9827322
8515,5503284,9721519
8516,5503284,9699650
8517,5503284,9722455
8518,5503284,9505978
8519,5503284,9505978
8520,5503284,9520805
8521,5503284,9346577
8522,5503284,9328736
8523,5503284,9328736
8524,5503284,8969569
8525,5503284,8694926
8526,5503284,8694926
8527,5503284,8534543
8528,5503284,8452471
8529,5503284,8433926
8530,5503284,8616753
8531,5503284,8607217
8532,5503284,8929829
8533,5503284,8289938
8534,5503284,8289938
8535,5503284,8235316
8536,5503284,9147264
8537,5503284,9593801
8538,5503284,9509775
8539,5503284,9765242
8540,5503284,9993504
8541,5503284,9352011
8542,5503284,9352011
8543,5503284,9326445
8544,5503284,9119965
8545,5503284,9484783
8546,5503284,9342547
8547,5503284,9863419
8548,5503284,9363758
8549,5503284,9098057
8550,5503284,9003740
8551,5503284,9069769
8552,5503284,8987331
8553,5503284,8951820
8554,5503284,9163959
8555,5503284,9163959
8556,5503284,9629147
8557,5503284,9584047
8558,5503284,9586253
8559,5503284,9112493
8560,5503284,9408242
8561,5503284,9122435
8562,5503284,9136046
8563,5503284,9314037
8564,5503284,9772576
8565,5503284,9768353
8566,5503284,9508927
8567,5503284,9428963
8568,5503284,9181557
8569,5503284,9145543
8570,5503284,9484592
8571,5503284,9306920
8572,5503284,9281991
8573,5503284,8814000
8574,5503284,8814000
8575,5503284,9704747
8576,5503284,9978112
8577,5503284,9244263
8578,5503284,9170794
8579,5503284,9579101
8580,5503284,10029797
8581,5503284,10029797
8582,5503284,10313478
8583,5503284,9966255
8584,5503284,9931511
8585,5503284,9882569
8586,5503284,10680231
8587,5503284,10631289
8588,5503284,10223755
8589,5503284,10598309
8590,5503284,10467248
8591,5503284,10574434
8592,5503284,10658394
8593,5503284,10658395
8594,5503284,10751998
8595,5503284,10751998
8596,5503284,10456948
8597,5503284,10686227
8598,5503284,10638605
8599,5503284,10191494
8600,5503284,9892461
8601,5503284,10532571
8602,5503284,9343689
8603,5503284,9038414
8604,5503284,8904710
8605,5503284,9235729
8606,5503284,9169897
8607,5503284,9169897
8608,5503284,10080082
8609,5503284,9759981
8610,5503284,9998769
8611,5503284,10592818
8612,5503284,10333916
8613,5503284,10455530
8614,5503284,9992636
8615,5503284,9711677
8616,5503284,9429508
8617,5503284,9408107
8618,5503284,9294860
8619,5503284,9294860
8620,5503284,9046398
8621,5503284,9618793
8622,5503284,9533200
8623,5503284,9125566
8624,5503284,9139947
8625,5503284,8750624
8626,5503284,8698535
8627,5503284,9243712
8628,5503284,9377675
8629,5503284,10017234
8630,5503284,9448526
8631,5503284,9434128
8632,5503284,9261318
8633,5503284,9261318
8634,5503284,8990910
8635,5503284,9323175
8636,5503284,8881324
8637,5503284,8841965
8638,5503284,9399566
8639,5503284,9278606
8640,5503284,9133997
8641,5503284,9133997
8642,5503284,9105063
8643,5503284,9105063
8644,5503284,9038359
8645,5503284,9125882
8646,5503284,9363361
8647,5503284,9298679
8648,5503284,9256326
8649,5503284,7958755
8650,5503284,8776461
8651,5503284,9071610
8652,5503284,9071610
8653,5503284,9501670
8654,5503284,10238624
8655,5503284,9916600
8656,5503284,9803527
8657,5503284,9514370
8658,5503284,9266250
8659,5503284,9569003
8660,5503284,9483902
8661,5503284,9665089
8662,5503284,9623626
8663,5503284,9588325
8664,5503284,9293726
8665,5503284,9234563
8666,5503284,9261007
8667,5503284,9701977
8668,5503284,10077091
8669,5503284,10091933
8670,5503284,10088200
8671,5503284,10343593
8672,5503284,10124634
8673,5503284,10347881
8674,5503284,10383382
8675,5503284,10117444
8676,5503284,10144150
8677,5503284,10468598
8678,5503284,10464990
8679,5503284,10464990
8680,5503284,10198654
8681,5503284,10116231
8682,5503284,9886766
8683,5503284,9875871
8684,5503284,9783110
8685,5503284,9977256
8686,5503284,8971404
8687,5503284,9357688
8688,5503284,9402386
8689,5503284,9261102
8690,5503284,9272565
8691,5503284,9242102
8692,5503284,9203536
8693,5503284,9203536
8694,5503284,8964424
8695,5503284,9391306
8696,5503284,8938247
8697,5503284,8908930
8698,5503284,9110561
8699,5503284,9724014
8700,5503284,10180890
8701,5503284,10086285
8702,5503284,9740677
8703,5503284,9224211
8704,5503284,9224211
8705,5503284,8649866
8706,5503284,8541973
8707,5503284,8687219
8708,5503284,7798566
8709,5503284,8851623
8710,5503284,9472378
8711,5503284,9472378
8712,5503284,9296790
8713,5503284,9292773
8714,5503284,9249089
8715,5503284,8412332
8716,5503284,8624877
8717,5503284,8514264
8718,5503284,8447842
8719,5503284,9488021
8720,5503284,8760674
8721,5503284,8537925
8722,5503284,8501664
8723,5503284,8401172
8724,5503284,8401172
8725,5503284,8977781
8726,5503284,9005461
8727,5503284,9303660
8728,5503284,9461186
8729,5503284,9675490
8730,5503284,9942785
8731,5503284,8841493
8732,5503284,8795908
8733,5503284,8363114
8734,5503284,7186729
8735,5503284,7186729
8736,5503284,7544365
8737,5503284,8000171
8738,5503284,7402562
8739,5503284,7188930
8740,5503284,7250907
8741,5503284,6868907
8742,5503284,6807145
8743,5503284,6744273
8744,5503284,7167582
8745,5503284,6798128
8746,5503284,6298806
8747,5503284,6298806
8748,5503284,5904807
8749,5503284,5904807
8750,5503284,5904807
8751,5503284,6853442
8752,5503284,6769236
8753,5503284,7114530
8754,5503284,6875949
8755,5503284,7369463
8756,5503284,8044313
8757,5503284,7981780
8758,5503284,7837919
8759,5503284,6995438
8760,5503284,7184891
8761,5503284,7184891
8762,5503284,6869927
8763,5503284,7751405
8764,5503284,8427661
8765,5503284,8363598
8766,5503284,7178119
8767,5503284,7770389
8768,5503284,7770389
8769,5503284,8129164
8770,5503284,8049013
8771,5503284,7744827
8772,5503284,8136715
8773,5503284,8337629
8774,5503284,8519449
8775,5503284,8854921
8776,5503284,9081903
8777,5503284,8841984
8778,5503284,8667064
8779,5503284,8662893
8780,5503284,8662893
8781,5503284,8896351
8782,5503284,8371892
8783,5503284,8101618
8784,5503284,8334579
8785,5503284,8334578
8786,5503284,8334578
8787,5503284,9339193
8788,5503284,9312444
8789,5503284,9244642
8790,5503284,9022246
8791,5503284,8670207
8792,5503284,8244752
8793,5503284,8244752
8794,5503284,8588951
8795,5503284,8588951
8796,5503284,8681622
8797,5503284,8681622
8798,5503284,8681622
8799,5503284,8561260
8800,5503284,8561260
8801,5503284,8561260
8802,5503284,8731727
8803,5503284,8731727
8804,5503284,8366904
8805,5503284,8584401
8806,5503284,8584401
8807,5503284,8703614
8808,5503284,8676070
8809,5503284,8515292
8810,5503284,8850797
8811,5503284,9404429
8812,5503284,9390791
8813,5503284,9700441
8814,5503284,9207375
8815,5503284,8793045
8816,5503284,9132990
8817,5503284,9380160
8818,5503284,9426025
8819,5503284,9414178
8820,5503284,9228170
8821,5503284,8951445
8822,5503284,8546543
8823,5503284,8723251
8824,5503284,8723251
8825,5503284,8705277
8826,5503284,8279256
8827,5503284,8040644
8828,5503284,8078891
8829,5503284,8070080
8830,5503284,8469243
8831,5503284,8327353
8832,5503284,8049557
8833,5503284,8069575
8834,5503284,7637286
8835,5503284,7533215
8836,5503284,7510142
8837,5503284,7728047
8838,5503284,7727796
8839,5503284,8244340
8840,5503284,8218361
8841,5503284,7984658
8842,5503284,8069042
8843,5503284,8602972
8844,5503284,8867434
8845,5503284,8298396
8846,5503284,8383729
8847,5503284,9110615
8848,5503284,8436179
8849,5503284,7604528
8850,5503284,8605466
8851,5503284,8632569
8852,5503284,8559844
8853,5503284,8559844
8854,5503284,8559844
8855,5503284,8168190
8856,5503284,8480331
8857,5503284,8850801
8858,5503284,10309184
8859,5503284,10164671
8860,5503284,10442579
8861,5503284,10668792
8862,5503284,10618918
8863,5503284,10090403
8864,5503284,9906930
8865,5503284,9297512
8866,5503284,9016043
8867,5503284,8843736
8868,5503284,8839889
8869,5503284,8829633
8870,5503284,8843736
8871,5503284,8337979
8872,5503284,8635999
8873,5503284,8635999
8874,5503284,8577414
8875,5503284,8562428
8876,5503284,8688181
8877,5503284,8688181
8878,5503284,9341710
8879,5503284,8833019
8880,5503284,8619364
8881,5503284,8396199
8882,5503284,8434561
8883,5503284,8276147
8884,5503284,7852838
8885,5503284,7713845
8886,5503284,7704054
8887,5503284,7704055
8888,5503284,7704054
8889,5503284,8673082
8890,5503284,8572359
8891,5503284,8483817
8892,5503284,8066901
8893,5503284,8049239
8894,5503284,8175517
8895,5503284,7721385
8896,5503284,7721385
8897,5503284,8074849
8898,5503284,8891352
8899,5503284,8860165
8900,5503284,8772785
8901,5503284,8767404
8902,5503284,8955875
8903,5503284,8950508
8904,5503284,8056907
8905,5503284,8032927
8906,5503284,8226373
8907,5503284,8796614
8908,5503284,8252630
8909,5503284,8710910
8910,5503284,9151230
8911,5503284,8587502
8912,5503284,8548695
8913,5503284,8862185
8914,5503284,9205340
8915,5503284,9761167
8916,5503284,9570236
8917,5503284,9586111
8918,5503284,9132562
8919,5503284,8129480
8920,5503284,8789075
8921,5503284,9042116
8922,5503284,9245111
8923,5503284,9665605
8924,5503284,9665605
8925,5503284,10453211
8926,5503284,10661109
8927,5503284,10548184
8928,5503284,9356186
8929,5503284,9649294
8930,5503284,9567244
8931,5503284,9567244
8932,5503284,8625091
8933,5503284,8918360
8934,5503284,8918360
8935,5503284,8698542
8936,5503284,8705266
8937,5503284,8705266
8938,5503284,8590991
8939,5503284,8890504
8940,5503284,8534889
8941,5503284,8534889
8942,5503284,8581186
8943,5503284,8551708
8944,5503284,8551707
8945,5503284,8551707
8946,5503284,8935816
8947,5503284,9235250
8948,5503284,9621887
8949,5503284,9621887
8950,5503284,9249677
8951,5503284,8642402
8952,5503284,8679962
8953,5503284,9046915
8954,5503284,8914721
8955,5503284,9347064
8956,5503284,9268862
8957,5503284,8253516
8958,5503284,7888571
8959,5503284,7880839
8960,5503284,7880839
8961,5503284,8389481
8962,5503284,8261822
8963,5503284,7893798
8964,5503284,7678853
8965,5503284,7392851
8966,5503284,8433632
8967,5503284,7986999
8968,5503284,7761581
8969,5503284,7729855
8970,5503284,7728200
8971,5503284,7365381
8972,5503284,7416993
8973,5503284,7367780
8974,5503284,7655403
8975,5503284,7641941
8976,5503284,7247942
8977,5503284,7247942
8978,5503284,7310048
8979,5503284,8636730
8980,5503284,8970095
8981,5503284,8404238
8982,5503284,8113779
8983,5503284,8004418
8984,5503284,7569938
8985,5503284,8542466
8986,5503284,8392143
8987,5503284,8392143
8988,5503284,8640702
8989,5503284,8977254
8990,5503284,8977254
8991,5503284,8934592
8992,5503284,9009421
8993,5503284,7788334
8994,5503284,7720733
8995,5503284,7948141
8996,5503284,7730389
8997,5503284,7696388
8998,5503284,7696388
8999,5503284,7803140
9000,5503284,8161681
9001,5503284,7610223
9002,5503284,7674107
9003,5503284,8070711
9004,5503284,8037417
9005,5503284,8470038
9006,5503284,8870382
9007,5503284,8480775
9008,5503284,8903272
9009,5503284,8729606
9010,5503284,8266420
9011,5503284,8364590
9012,5503284,8277897
9013,5503284,8219287
9014,5503284,8216470
9015,5503284,8660328
9016,5503284,8557037
9017,5503284,8578117
9018,5503284,8430999
9019,5503284,8430999
9020,5503284,8750561
9021,5503284,8660255
9022,5503284,8331481
9023,5503284,8045559
9024,5503284,7700797
9025,5503284,7154379
9026,5503284,7185066
9027,5503284,6769583
9028,5503284,6769583
9029,5503284,6713231
9030,5503284,7333249
9031,5503284,7425397
9032,5503284,7576307
9033,5503284,7563424
9034,5503284,7772734
9035,5503284,7521708
9036,5503284,7841698
9037,5503284,8311452
9038,5503284,8016402
9039,5503284,7491648
9040,5503284,7344963
9041,5503284,6868570
9042,5503284,6868570
9043,5503284,6817478
9044,5503284,7228395
9045,5503284,7180847
9046,5503284,7246880
9047,5503284,7183947
9048,5503284,7183947
9049,5503284,7213522
9050,5503284,7483656
9051,5503284,7482965
9052,5503284,8142751
9053,5503284,7984521
9054,5503284,7974590
9055,5503284,7974590
9056,5503284,8312218
9057,5503284,8271150
9058,5503284,7965376
9059,5503284,8294614
9060,5503284,7904385
9061,5503284,8632618
9062,5503284,8632618
9063,5503284,8464296
9064,5503284,8464600
9065,5503284,8459403
9066,5503284,8183960
9067,5503284,8125451
9068,5503284,8325507
9069,5503284,8128912
9070,5503284,8128912
9071,5503284,7995403
9072,5503284,9204850
9073,5503284,9698573
9074,5503284,10704984
9075,5503284,10704984
9076,5503284,10704984
9077,5503284,10793701
9078,5503284,10970387
9079,5503284,10883323
9080,5503284,10813451
9081,5503284,10813451
9082,5503284,10530420
9083,5503284,11122214
9084,5503284,10953302
9085,5503284,10639322
9086,5503284,10735249
9087,5503284,10600820
9088,5503284,10418331
9089,5503284,10476811
9090,5503284,10888041
9091,5503284,10888041
9092,5503284,10883056
9093,5503284,10179443
9094,5503284,9814155
9095,5503284,9765495
9096,5503284,9753722
9097,5503284,10702663
9098,5503284,10969135
9099,5503284,10995819
9100,5503284,11007585
9101,5503284,9898964
9102,5503284,9897727
9103,5503284,9849588
9104,5503284,9894950
9105,5503284,10244290
9106,5503284,10217565
9107,5503284,9705705
9108,5503284,9683094
9109,5503284,9683094
9110,5503284,9430564
9111,5503284,9353539
9112,5503284,9871638
9113,5503284,9710296
9114,5503284,9704261
9115,5503284,9261183
9116,5503284,9739300
9117,5503284,9402281
9118,5503284,9090706
9119,5503284,9070007
9120,5503284,9592134
9121,5503284,9544562
9122,5503284,9358353
9123,5503284,9974724
9124,5503284,10419887
9125,5503284,10419887
9126,5503284,10471629
9127,5503284,9983841
9128,5503284,9878650
9129,5503284,9408753
9130,5503284,9408753
9131,5503284,8804516
9132,5503284,8469394
9133,5503284,8768907
9134,5503284,9282545
9135,5503284,9282545
9136,5503284,9516744
9137,5503284,9515382
9138,5503284,9650954
9139,5503284,9906421
9140,5503284,10181774
9141,5503284,10719486
9142,5503284,9673043
9143,5503284,9963970
9144,5503284,9786916
9145,5503284,9739696
9146,5503284,9739696
9147,5503284,9334225
9148,5503284,9851712
9149,5503284,9135436
9150,5503284,8693594
9151,5503284,8967888
9152,5503284,8709427
9153,5503284,8626199
9154,5503284,8442173
9155,5503284,8453740
9156,5503284,8617776
9157,5503284,8495013
9158,5503284,8022351
9159,5503284,8142310
9160,5503284,8101924
9161,5503284,7748885
9162,5503284,7573193
9163,5503284,7573193
9164,5503284,7907140
9165,5503284,8143701
9166,5503284,8061077
9167,5503284,8446734
9168,5503284,8979335
9169,5503284,7290168
9170,5503284,7290168
9171,5503284,7290168
9172,5503284,7641476
9173,5503284,8158735
9174,5503284,8406857
9175,5503284,7589973
9176,5503284,7589973
9177,5503284,7589973
9178,5503284,8003461
9179,5503284,8003461
9180,5503284,8028375
9181,5503284,8523385
9182,5503284,8215611
9183,5503284,8296338
9184,5503284,8257506
9185,5503284,8273904
9186,5503284,8728680
9187,5503284,8711213
9188,5503284,8662268
9189,5503284,8556813
9190,5503284,9377255
9191,5503284,9369515
9192,5503284,9710868
9193,5503284,9633374
9194,5503284,9624962
9195,5503284,9822411
9196,5503284,9729501
9197,5503284,9728539
9198,5503284,9595052
9199,5503284,9557669
9200,5503284,9263084
9201,5503284,9752695
9202,5503284,9712638
9203,5503284,9229576
9204,5503284,9468141
9205,5503284,9768571
9206,5503284,9993559
9207,5503284,10466437
9208,5503284,10466437
9209,5503284,10316301
9210,5503284,9951975
9211,5503284,9970775
9212,5503284,9689816
9213,5503284,9242117
9214,5503284,9955814
9215,5503284,9678772
9216,5503284,9055536
9217,5503284,8642784
9218,5503284,8997878
9219,5503284,8984659
9220,5503284,8984659
9221,5503284,8953133
9222,5503284,8927133
9223,5503284,8912146
9224,5503284,8468981
9225,5503284,8549212
9226,5503284,8449983
9227,5503284,9433015
9228,5503284,9403144
9229,5503284,9591080
9230,5503284,9782900
9231,5503284,8823194
9232,5503284,8326855
9233,5503284,8597121
9234,5503284,8524247
9235,5503284,8524247
9236,5503284,8524247
9237,5503284,8820912
9238,5503284,8812865
9239,5503284,9171002
9240,5503284,9205116
9241,5503284,9099876
9242,5503284,9308510
9243,5503284,9071812
9244,5503284,9695583
9245,5503284,9669486
9246,5503284,9686824
9247,5503284,9149112
9248,5503284,9336221
9249,5503284,8549721
9250,5503284,8663043
9251,5503284,9014077
9252,5503284,9176864
9253,5503284,9174304
9254,5503284,9603331
9255,5503284,9589043
9256,5503284,9153588
9257,5503284,8573770
9258,5503284,8573770
9259,5503284,8540136
9260,5503284,8453551
9261,5503284,8608181
9262,5503284,8608181
9263,5503284,8827359
9264,5503284,8683378
9265,5503284,9099932
9266,5503284,9026675
9267,5503284,9026675
9268,5503284,8321835
9269,5503284,8801959
9270,5503284,8580698
9271,5503284,8798045
9272,5503284,8526475
9273,5503284,8171757
9274,5503284,7716918
9275,5503284,7353615
9276,5503284,8308631
9277,5503284,7719734
9278,5503284,7719734
9279,5503284,8163568
9280,5503284,8374978
9281,5503284,8374978
9282,5503284,8357172
9283,5503284,8092171
9284,5503284,8092171
9285,5503284,7990167
9286,5503284,8849392
9287,5503284,8849295
9288,5503284,8151767
9289,5503284,8144586
9290,5503284,8144586
9291,5503284,8111140
9292,5503284,8401797
9293,5503284,8401797
9294,5503284,8298665
9295,5503284,9101296
9296,5503284,9058820
9297,5503284,9487191
9298,5503284,10359858
9299,5503284,10552382
9300,5503284,10451875
9301,5503284,10002377
9302,5503284,9563911
9303,5503284,9516239
9304,5503284,9631533
9305,5503284,9954316
9306,5503284,9971987
9307,5503284,9881814
9308,5503284,9861081
9309,5503284,9437608
9310,5503284,9329412
9311,5503284,9259013
9312,5503284,9246165
9313,5503284,9536887
9314,5503284,9218792
9315,5503284,8351082
9316,5503284,7630562
9317,5503284,8023148
9318,5503284,8010629
9319,5503284,7855466
9320,5503284,7855466
9321,5503284,7466362
9322,5503284,8276904
9323,5503284,7747821
9324,5503284,8116905
9325,5503284,7747821
9326,5503284,7772053
9327,5503284,7821346
9328,5503284,8085534
9329,5503284,8080125
9330,5503284,8049075
9331,5503284,7632818
9332,5503284,8151388
9333,5503284,8108766
9334,5503284,8108766
9335,5503284,8613897
9336,5503284,8880129
9337,5503284,8332354
9338,5503284,8332354
9339,5503284,8687565
9340,5503284,8823892
9341,5503284,8933418
9342,5503284,8906368
9343,5503284,8906368
9344,5503284,8906368
9345,5503284,8002129
9346,5503284,8575832
9347,5503284,8452043
9348,5503284,7672761
9349,5503284,8440794
9350,5503284,8087006
9351,5503284,8036924
9352,5503284,7251448
9353,5503284,7251448
9354,5503284,7481441
9355,5503284,7799453
9356,5503284,7761136
9357,5503284,7197791
9358,5503284,7623091
9359,5503284,7516264
9360,5503284,7484663
9361,5503284,7484663
9362,5503284,7408675
9363,5503284,7774058
9364,5503284,7788196
9365,5503284,7777366
9366,5503284,7690903
9367,5503284,7275383
9368,5503284,8044253
9369,5503284,8044253
9370,5503284,8202366
9371,5503284,8507383
9372,5503284,8067981
9373,5503284,7932058
9374,5503284,7723212
9375,5503284,7776522
9376,5503284,7776522
9377,5503284,7766266
9378,5503284,7654449
9379,5503284,7600210
9380,5503284,8094548
9381,5503284,8903568
9382,5503284,8819610
9383,5503284,8571030
9384,5503284,8343041
9385,5503284,8523107
9386,5503284,8585668
9387,5503284,8291923
9388,5503284,8249343
9389,5503284,8182711
9390,5503284,8386364
9391,5503284,8386364
9392,5503284,8386364
9393,5503284,8386364
9394,5503284,9165646
9395,5503284,9165646
9396,5503284,9144586
9397,5503284,8347234
9398,5503284,8143581
9399,5503284,8344733
9400,5503284,8625692
9401,5503284,8912308
9402,5503284,8550172
9403,5503284,9084359
9404,5503284,9286271
9405,5503284,9756025
9406,5503284,9751387
9407,5503284,9635146
9408,5503284,9626501
9409,5503284,9610686
9410,5503284,9610686
9411,5503284,9898709
9412,5503284,9416001
9413,5503284,9162364
9414,5503284,9173725
9415,5503284,9312320
9416,5503284,9935613
9417,5503284,9804165
9418,5503284,9800195
9419,5503284,9776709
9420,5503284,10137691
9421,5503284,9952769
9422,5503284,10066697
9423,5503284,10006081
9424,5503284,9693610
9425,5503284,9925434
9426,5503284,9208283
9427,5503284,9368441
9428,5503284,9489967
9429,5503284,9489740
9430,5503284,9014704
9431,5503284,8996072
9432,5503284,8382091
9433,5503284,8639216
9434,5503284,9222633
9435,5503284,9011098
9436,5503284,8581708
9437,5503284,8732075
9438,5503284,9112630
9439,5503284,8786586
9440,5503284,8710536
9441,5503284,8337899
9442,5503284,7688964
9443,5503284,8413746
9444,5503284,8732166
9445,5503284,9415697
9446,5503284,9343390
9447,5503284,9513261
9448,5503284,8945479
9449,5503284,9273356
9450,5503284,8866928
9451,5503284,8778097
9452,5503284,8401428
9453,5503284,8299325
9454,5503284,8721666
9455,5503284,8652202
9456,5503284,8918836
9457,5503284,8724824
9458,5503284,8402778
9459,5503284,7982225
9460,5503284,8256793
9461,5503284,7780367
9462,5503284,7780367
9463,5503284,8062983
9464,5503284,8319741
9465,5503284,8581552
9466,5503284,9406059
9467,5503284,9406059
9468,5503284,9695943
9469,5503284,9296992
9470,5503284,9336514
9471,5503284,8529797
9472,5503284,8421040
9473,5503284,8693771
9474,5503284,9582484
9475,5503284,9558339
9476,5503284,9494130
9477,5503284,9392959
9478,5503284,9259901
9479,5503284,9536270
9480,5503284,9117731
9481,5503284,9186343
9482,5503284,9180328
9483,5503284,8819906
9484,5503284,8142051
9485,5503284,8275659
9486,5503284,7959945
9487,5503284,8335230
9488,5503284,8501567
9489,5503284,8695844
9490,5503284,8695844
9491,5503284,8598837
9492,5503284,8532692
9493,5503284,8532692
9494,5503284,8586708
9495,5503284,8586708
9496,5503284,9264031
9497,5503284,9275657
9498,5503284,8893031
9499,5503284,9198512
9500,5503284,9120552
9501,5503284,9978369
9502,5503284,9916131
9503,5503284,9902085
9504,5503284,9902085
9505,5503284,10259507
9506,5503284,9935951
9507,5503284,9513712
9508,5503284,9570554
9509,5503284,9827613
9510,5503284,9812319
9511,5503284,10263016
9512,5503284,10263016
9513,5503284,10237400
9514,5503284,10515723
9515,5503284,10441365
9516,5503284,10479260
9517,5503284,10122148
9518,5503284,9553010
9519,5503284,9521790
9520,5503284,9460750
9521,5503284,9796073
9522,5503284,10219042
9523,5503284,10765880
9524,5503284,10313838
9525,5503284,10602843
9526,5503284,5503284
9527,5419755,5419755
9528,5419755,5419755
9529,5419755,5419755
9530,5419755,5419755
9531,5419755,5419755
9532,5419755,5419755
9533,5419755,5419755
9534,5419755,5561823
9535,5419755,5561823
9536,5419755,5419755
9537,5419755,5419755
9538,5419755,5419755
9539,5419755,5434818
9540,5419755,5434818
9541,5419755,5434818
9542,5419755,5457949
9543,5419755,5457949
9544,5419755,5456090
9545,5419755,5432539
9546,5419755,5432539
9547,5419755,5432539
9548,5419755,5432539
9549,5419755,5873681
9550,5419755,6982286
9551,5419755,6541144
9552,5419755,6459669
9553,5419755,6322938
9554,5419755,6734254
9555,5419755,7175396
9556,5419755,7255850
9557,5419755,7430547
9558,5419755,7382283
9559,5419755,7372022
9560,5419755,7372022
9561,5419755,7305939
9562,5419755,7155149
9563,5419755,7450291
9564,5419755,7450291
9565,5419755,7450291
9566,5419755,7458283
9567,5419755,7458283
9568,5419755,7399083
9569,5419755,7397756
9570,5419755,7397756
9571,5419755,7714600
9572,5419755,8440174
9573,5419755,8414284
9574,5419755,8402734
9575,5419755,8061229
9576,5419755,8246441
9577,5419755,8243665
9578,5419755,8243665
9579,5419755,8180788
9580,5419755,8180788
9581,5419755,8156776
9582,5419755,8150944
9583,5419755,8150944
9584,5419755,7920961
9585,5419755,7920961
9586,5419755,7858007
9587,5419755,7739148
9588,5419755,7738789
9589,5419755,7738789
9590,5419755,7641749
9591,5419755,7603718
9592,5419755,7603718
9593,5419755,7603718
9594,5419755,7543404
9595,5419755,7543404
9596,5419755,7543404
9597,5419755,7543404
9598,5419755,7261958
9599,5419755,7253801
9600,5419755,7211902
9601,5419755,7192407
9602,5419755,7130299
9603,5419755,7130299
9604,5419755,7115110
9605,5419755,7068241
9606,5419755,7068241
9607,5419755,7068241
9608,5419755,7068241
9609,5419755,7050461
9610,5419755,7050461
9611,5419755,7050461
9612,5419755,7117925
9613,5419755,7104071
9614,5419755,7665998
9615,5419755,7294871
9616,5419755,7294871
9617,5419755,7163882
9618,5419755,7996045
9619,5419755,7484498
9620,5419755,7280845
9621,5419755,7430584
9622,5419755,7410234
9623,5419755,7266653
9624,5419755,7199144
9625,5419755,7183914
9626,5419755,7183914
9627,5419755,7051988
9628,5419755,7062003
9629,5419755,8013000
9630,5419755,7935014
9631,5419755,7963421
9632,5419755,7955693
9633,5419755,7871194
9634,5419755,7993270
9635,5419755,7885579
9636,5419755,7885579
9637,5419755,7816261
9638,5419755,7698120
9639,5419755,7678625
9640,5419755,7678625
9641,5419755,7678625
9642,5419755,7377061
9643,5419755,7385226
9644,5419755,7385226
9645,5419755,7377581
9646,5419755,7377581
9647,5419755,7440871
9648,5419755,7440730
9649,5419755,7416813
9650,5419755,7360928
9651,5419755,7360928
9652,5419755,7351601
9653,5419755,7294318
9654,5419755,7362053
9655,5419755,7362053
9656,5419755,7362053
9657,5419755,7486062
9658,5419755,7666502
9659,5419755,7657199
9660,5419755,7653466
9661,5419755,7653466
9662,5419755,7653466
9663,5419755,7653466
9664,5419755,7626995
9665,5419755,7626995
9666,5419755,7565402
9667,5419755,7337015
9668,5419755,7309808
9669,5419755,7276600
9670,5419755,6673934
9671,5419755,6697204
9672,5419755,6713780
9673,5419755,6627290
9674,5419755,6626156
9675,5419755,6626156
9676,5419755,6562216
9677,5419755,7188995
9678,5419755,7168975
9679,5419755,7168975
9680,5419755,7175790
9681,5419755,7175789
9682,5419755,7160605
9683,5419755,7160605
9684,5419755,7286257
9685,5419755,7104284
9686,5419755,7099318
9687,5419755,7027989
9688,5419755,7027989
9689,5419755,7025666
9690,5419755,6962183
9691,5419755,6949306
9692,5419755,6949306
9693,5419755,6831294
9694,5419755,6922249
9695,5419755,6922249
9696,5419755,6908468
9697,5419755,6813427
9698,5419755,6871510
9699,5419755,6829050
9700,5419755,7463024
9701,5419755,7344165
9702,5419755,7070119
9703,5419755,7124996
9704,5419755,7533287
9705,5419755,7740892
9706,5419755,7698630
9707,5419755,7516214
9708,5419755,7640740
9709,5419755,7550266
9710,5419755,7579614
9711,5419755,7579614
9712,5419755,7554659
9713,5419755,7465566
9714,5419755,7455618
9715,5419755,7455618
9716,5419755,7425937
9717,5419755,7286788
9718,5419755,7336043
9719,5419755,7787430
9720,5419755,7555891
9721,5419755,7517917
9722,5419755,7053233
9723,5419755,7043900
9724,5419755,7043900
9725,5419755,7043900
9726,5419755,7023372
9727,5419755,6991168
9728,5419755,6961979
9729,5419755,6961979
9730,5419755,7079814
9731,5419755,6948619
9732,5419755,6986705
9733,5419755,6911431
9734,5419755,6911431
9735,5419755,6955015
9736,5419755,7585383
9737,5419755,7585383
9738,5419755,7557844
9739,5419755,7226547
9740,5419755,7226547
9741,5419755,7436304
9742,5419755,7302049
9743,5419755,7274808
9744,5419755,7267472
9745,5419755,7267472
9746,5419755,7178644
9747,5419755,7057115
9748,5419755,7057115
9749,5419755,7051972
9750,5419755,7051972
9751,5419755,6696665
9752,5419755,6443754
9753,5419755,6422470
9754,5419755,6422470
9755,5419755,6991430
9756,5419755,6991430
9757,5419755,6991430
9758,5419755,6954712
9759,5419755,6791614
9760,5419755,6791614
9761,5419755,6830143
9762,5419755,6740682
9763,5419755,6512898
9764,5419755,6306993
9765,5419755,6306993
9766,5419755,6306993
9767,5419755,6394208
9768,5419755,6421701
9769,5419755,6419141
9770,5419755,6256043
9771,5419755,6256043
9772,5419755,6215541
9773,5419755,7512474
9774,5419755,7020041
9775,5419755,7020041
9776,5419755,6820607
9777,5419755,6945774
9778,5419755,6808417
9779,5419755,6808417
9780,5419755,7802110
9781,5419755,7802110
9782,5419755,7802110
9783,5419755,7802110
9784,5419755,7719311
9785,5419755,8195385
9786,5419755,8195385
9787,5419755,8046217
9788,5419755,8046217
9789,5419755,8246044
9790,5419755,8220593
9791,5419755,8220593
9792,5419755,7655241
9793,5419755,7612765
9794,5419755,7595884
9795,5419755,7595884
9796,5419755,7309886
9797,5419755,7264947
9798,5419755,7262636
9799,5419755,7197788
9800,5419755,6988829
9801,5419755,6988829
9802,5419755,7004674
9803,5419755,6951059
9804,5419755,7691284
9805,5419755,7691284
9806,5419755,7057310
9807,5419755,7057310
9808,5419755,7057310
9809,5419755,7758681
9810,5419755,7735918
9811,5419755,7714632
9812,5419755,7673545
9813,5419755,7490396
9814,5419755,7711074
9815,5419755,8050910
9816,5419755,8440307
9817,5419755,8266025
9818,5419755,8266025
9819,5419755,8286139
9820,5419755,8271188
9821,5419755,8228130
9822,5419755,8130690
9823,5419755,7711973
9824,5419755,7758956
9825,5419755,7758956
9826,5419755,7751419
9827,5419755,7701361
9828,5419755,7697738
9829,5419755,7697544
9830,5419755,7665739
9831,5419755,7665739
9832,5419755,8517527
9833,5419755,8335681
9834,5419755,8326836
9835,5419755,8326836
9836,5419755,8326836
9837,5419755,8326836
9838,5419755,8319172
9839,5419755,8319172
9840,5419755,8319172
9841,5419755,8319172
9842,5419755,8319172
9843,5419755,8362849
9844,5419755,8351931
9845,5419755,8407880
9846,5419755,8335297
9847,5419755,7701783
9848,5419755,7701783
9849,5419755,7691736
9850,5419755,7691736
9851,5419755,7682097
9852,5419755,7679997
9853,5419755,8012723
9854,5419755,7979833
9855,5419755,7965679
9856,5419755,7965679
9857,5419755,7965679
9858,5419755,8363504
9859,5419755,8359146
9860,5419755,8303244
9861,5419755,8280820
9862,5419755,8280820
9863,5419755,8322206
9864,5419755,8252520
9865,5419755,8221921
9866,5419755,8221921
9867,5419755,8222756
9868,5419755,8200627
9869,5419755,8200627
9870,5419755,7974825
9871,5419755,8104305
9872,5419755,8104305
9873,5419755,8365280
9874,5419755,8340201
9875,5419755,8709393
9876,5419755,8596526
9877,5419755,8524404
9878,5419755,8413317
9879,5419755,8241798
9880,5419755,7988155
9881,5419755,7983373
9882,5419755,7981945
9883,5419755,8134022
9884,5419755,8134022
9885,5419755,7993906
9886,5419755,7987513
9887,5419755,7921182
9888,5419755,8275198
9889,5419755,8217105
9890,5419755,8217105
9891,5419755,8205674
9892,5419755,8690343
9893,5419755,8614436
9894,5419755,8440153
9895,5419755,8105198
9896,5419755,8105198
9897,5419755,8105198
9898,5419755,8105198
9899,5419755,8632355
9900,5419755,8632355
9901,5419755,8443459
9902,5419755,8353683
9903,5419755,8353683
9904,5419755,8353683
9905,5419755,8353683
9906,5419755,8210509
9907,5419755,8176919
9908,5419755,8413388
9909,5419755,7777098
9910,5419755,7709603
9911,5419755,7688317
9912,5419755,7711713
9913,5419755,8332470
9914,5419755,8012482
9915,5419755,8012482
9916,5419755,8012482
9917,5419755,8085568
9918,5419755,8052696
9919,5419755,8052696
9920,5419755,7965645
9921,5419755,7969951
9922,5419755,7969951
9923,5419755,7872729
9924,5419755,7872462
9925,5419755,7833623
9926,5419755,7833623
9927,5419755,7833623
9928,5419755,7833623
9929,5419755,8158281
9930,5419755,8037669
9931,5419755,8037669
9932,5419755,9201276
9933,5419755,9129607
9934,5419755,9129607
9935,5419755,9068079
9936,5419755,8016290
9937,5419755,8027756
9938,5419755,7949382
9939,5419755,8392760
9940,5419755,8321981
9941,5419755,8321981
9942,5419755,8321981
9943,5419755,8290466
9944,5419755,8290466
9945,5419755,8129641
9946,5419755,8098700
9947,5419755,8051375
9948,5419755,8051375
9949,5419755,8051375
9950,5419755,8039896
9951,5419755,8020273
9952,5419755,7882092
9953,5419755,7875702
9954,5419755,7739369
9955,5419755,7520134
9956,5419755,7520134
9957,5419755,7520134
9958,5419755,7563701
9959,5419755,7570824
9960,5419755,7341108
9961,5419755,7341108
9962,5419755,7341108
9963,5419755,7867762
9964,5419755,7713069
9965,5419755,7713069
9966,5419755,7785679
9967,5419755,7785679
9968,5419755,7642182
9969,5419755,7337818
9970,5419755,7289980
9971,5419755,7311467
9972,5419755,7306995
9973,5419755,7282122
9974,5419755,7453882
9975,5419755,7406523
9976,5419755,7289073
9977,5419755,8088806
9978,5419755,8073830
9979,5419755,8073830
9980,5419755,7993909
9981,5419755,7963294
9982,5419755,7987070
9983,5419755,7507764
9984,5419755,7507749
9985,5419755,6848921
9986,5419755,6848921
9987,5419755,6846624
9988,5419755,6759234
9989,5419755,7127555
9990,5419755,6976149
9991,5419755,6976149
9992,5419755,7168258
9993,5419755,7095285
9994,5419755,7081229
9995,5419755,7065693
9996,5419755,7012680
9997,5419755,7012680
9998,5419755,7218036
9999,5419755,7499188
10000,5419755,7204990
10001,5419755,7320857
10002,5419755,7320857
10003,5419755,7840733
10004,5419755,7840733
10005,5419755,7807295
10006,5419755,7720467
10007,5419755,7715265
10008,5419755,7447211
10009,5419755,7447211
10010,5419755,7704049
10011,5419755,7965196
10012,5419755,7965196
10013,5419755,8280826
10014,5419755,8280826
10015,5419755,8250149
10016,5419755,8675063
10017,5419755,8675063
10018,5419755,8624835
10019,5419755,8570145
10020,5419755,8570145
10021,5419755,8570145
10022,5419755,8567916
10023,5419755,8567916
10024,5419755,8567916
10025,5419755,8949895
10026,5419755,8858785
10027,5419755,8989224
10028,5419755,9154512
10029,5419755,8942977
10030,5419755,8942977
10031,5419755,9215451
10032,5419755,8917841
10033,5419755,8903809
10034,5419755,9255440
10035,5419755,8842132
10036,5419755,8838841
10037,5419755,8968326
10038,5419755,9380977
10039,5419755,9332700
10040,5419755,9332700
10041,5419755,8869664
10042,5419755,8960718
10043,5419755,8960718
10044,5419755,9078811
10045,5419755,9078811
10046,5419755,8911660
10047,5419755,8126742
10048,5419755,8374467
10049,5419755,8479454
10050,5419755,9082365
10051,5419755,9082365
10052,5419755,9443901
10053,5419755,9423090
10054,5419755,9353990
10055,5419755,10839428
10056,5419755,10401347
10057,5419755,10365393
10058,5419755,10284308
10059,5419755,9876371
10060,5419755,9863509
10061,5419755,9863509
10062,5419755,10241400
10063,5419755,9994718
10064,5419755,9105505
10065,5419755,8680656
10066,5419755,8985222
10067,5419755,9756742
10068,5419755,10247730
10069,5419755,10645166
10070,5419755,10943739
10071,5419755,10904885
10072,5419755,9541999
10073,5419755,9535612
10074,5419755,9756542
10075,5419755,10064064
10076,5419755,10045581
10077,5419755,9866418
10078,5419755,9673601
10079,5419755,9673601
10080,5419755,9769067
10081,5419755,9592404
10082,5419755,9855164
10083,5419755,9022627
10084,5419755,8474430
10085,5419755,8474430
10086,5419755,8414101
10087,5419755,9017316
10088,5419755,9327553
10089,5419755,8771382
10090,5419755,8676740
10091,5419755,8903820
10092,5419755,8442277
10093,5419755,8193079
10094,5419755,8128195
10095,5419755,8263170
10096,5419755,8743849
10097,5419755,9761826
10098,5419755,10459708
10099,5419755,9807591
10100,5419755,9388210
10101,5419755,9463990
10102,5419755,8523729
10103,5419755,8685804
10104,5419755,8597308
10105,5419755,8402377
10106,5419755,8697389
10107,5419755,9333391
10108,5419755,8975607
10109,5419755,9335623
10110,5419755,9010681
10111,5419755,8996139
10112,5419755,8343559
10113,5419755,8821872
10114,5419755,8997204
10115,5419755,8906430
10116,5419755,9860490
10117,5419755,9849736
10118,5419755,9769986
10119,5419755,9740719
10120,5419755,9497084
10121,5419755,9178245
10122,5419755,9171075
10123,5419755,8950216
10124,5419755,8943843
10125,5419755,8943843
10126,5419755,8990753
10127,5419755,8975845
10128,5419755,9252785
10129,5419755,9541953
10130,5419755,10226845
10131,5419755,9927118
10132,5419755,9804872
10133,5419755,9683261
10134,5419755,9527100
10135,5419755,9737047
10136,5419755,9331074
10137,5419755,9285902
10138,5419755,9074760
10139,5419755,9070155
10140,5419755,7904633
10141,5419755,7985680
10142,5419755,8379487
10143,5419755,8370005
10144,5419755,8219102
10145,5419755,8198668
10146,5419755,8026652
10147,5419755,8026652
10148,5419755,8044829
10149,5419755,8044992
10150,5419755,8226516
10151,5419755,8034079
10152,5419755,8034079
10153,5419755,8027681
10154,5419755,7829355
10155,5419755,7816911
10156,5419755,7771570
10157,5419755,7982299
10158,5419755,7982299
10159,5419755,8181942
10160,5419755,8130748
10161,5419755,7774736
10162,5419755,8306982
10163,5419755,8773878
10164,5419755,9133743
10165,5419755,10321767
10166,5419755,10263771
10167,5419755,10645797
10168,5419755,10652218
10169,5419755,10615451
10170,5419755,10676769
10171,5419755,10519029
10172,5419755,10294572
10173,5419755,9909153
10174,5419755,10203737
10175,5419755,9844556
10176,5419755,9767618
10177,5419755,9561991
10178,5419755,9561991
10179,5419755,9561991
10180,5419755,9467527
10181,5419755,10164706
10182,5419755,9632627
10183,5419755,9884504
10184,5419755,10531492
10185,5419755,10823850
10186,5419755,10810037
10187,5419755,10418378
10188,5419755,10125166
10189,5419755,10500113
10190,5419755,10055516
10191,5419755,9990585
10192,5419755,9984197
10193,5419755,10070171
10194,5419755,9667576
10195,5419755,9625677
10196,5419755,9435594
10197,5419755,9136280
10198,5419755,9671453
10199,5419755,9456591
10200,5419755,9456591
10201,5419755,9539630
10202,5419755,9638307
10203,5419755,9593660
10204,5419755,9155708
10205,5419755,9124476
10206,5419755,8500346
10207,5419755,8392302
10208,5419755,8314372
10209,5419755,8509123
10210,5419755,8501412
10211,5419755,8401470
10212,5419755,8305792
10213,5419755,8126572
10214,5419755,7904184
10215,5419755,8261820
10216,5419755,8239357
10217,5419755,8123218
10218,5419755,8842659
10219,5419755,9037571
10220,5419755,9535612
10221,5419755,9027037
10222,5419755,8402736
10223,5419755,8616990
10224,5419755,8559531
10225,5419755,8895897
10226,5419755,9231067
10227,5419755,9370074
10228,5419755,9622282
10229,5419755,9130632
10230,5419755,9411231
10231,5419755,10165549
10232,5419755,10099673
10233,5419755,9998595
10234,5419755,9671592
10235,5419755,10094445
10236,5419755,9804125
10237,5419755,9804125
10238,5419755,10950940
10239,5419755,10518316
10240,5419755,10330775
10241,5419755,10217081
10242,5419755,10939947
10243,5419755,10918263
10244,5419755,10916904
10245,5419755,10446882
10246,5419755,9725313
10247,5419755,10068435
10248,5419755,9462895
10249,5419755,8899391
10250,5419755,8822865
10251,5419755,8508820
10252,5419755,8990522
10253,5419755,9202012
10254,5419755,8939917
10255,5419755,8882973
10256,5419755,8474346
10257,5419755,8851491
10258,5419755,8733484
10259,5419755,8687284
10260,5419755,8687283
10261,5419755,8945296
10262,5419755,8613457
10263,5419755,8355375
10264,5419755,8800693
10265,5419755,8290073
10266,5419755,7873817
10267,5419755,7497189
10268,5419755,7421722
10269,5419755,7421722
10270,5419755,7421722
10271,5419755,8189338
10272,5419755,8172907
10273,5419755,7554227
10274,5419755,6801074
10275,5419755,7691750
10276,5419755,8228444
10277,5419755,8049500
10278,5419755,8029277
10279,5419755,8646544
10280,5419755,8629317
10281,5419755,8072284
10282,5419755,8196211
10283,5419755,7870115
10284,5419755,8425943
10285,5419755,8908657
10286,5419755,8887276
10287,5419755,8316459
10288,5419755,8702287
10289,5419755,9002972
10290,5419755,8230085
10291,5419755,8135276
10292,5419755,9495574
10293,5419755,9495574
10294,5419755,9495574
10295,5419755,9050291
10296,5419755,8975528
10297,5419755,9124803
10298,5419755,9417490
10299,5419755,9510630
10300,5419755,9510630
10301,5419755,9164742
10302,5419755,8743479
10303,5419755,9102043
10304,5419755,9217271
10305,5419755,10002324
10306,5419755,10002324
10307,5419755,9141546
10308,5419755,9284326
10309,5419755,9770643
10310,5419755,9784521
10311,5419755,9848591
10312,5419755,9687257
10313,5419755,9060310
10314,5419755,9066136
10315,5419755,9060493
10316,5419755,8955980
10317,5419755,8594087
10318,5419755,8566389
10319,5419755,9973809
10320,5419755,9500776
10321,5419755,10072101
10322,5419755,9580254
10323,5419755,9580254
10324,5419755,9994607
10325,5419755,9987716
10326,5419755,9156960
10327,5419755,9155900
10328,5419755,9127712
10329,5419755,9127712
10330,5419755,8942130
10331,5419755,9201005
10332,5419755,9285511
10333,5419755,9595395
10334,5419755,9181240
10335,5419755,9754686
10336,5419755,9587664
10337,5419755,9183221
10338,5419755,9140081
10339,5419755,8747593
10340,5419755,9142200
10341,5419755,8899958
10342,5419755,9053052
10343,5419755,8985411
10344,5419755,7934139
10345,5419755,7734838
10346,5419755,7691456
10347,5419755,7715769
10348,5419755,8337441
10349,5419755,8337441
10350,5419755,8337441
10351,5419755,8337643
10352,5419755,7868214
10353,5419755,7868214
10354,5419755,7640056
10355,5419755,7690237
10356,5419755,8285407
10357,5419755,8301844
10358,5419755,8321322
10359,5419755,8295924
10360,5419755,8401888
10361,5419755,8401888
10362,5419755,8217976
10363,5419755,9310355
10364,5419755,8601549
10365,5419755,9161658
10366,5419755,8704825
10367,5419755,9383311
10368,5419755,9480589
10369,5419755,9338520
10370,5419755,9652402
10371,5419755,9332847
10372,5419755,9605447
10373,5419755,9644433
10374,5419755,10212424
10375,5419755,9792452
10376,5419755,10131400
10377,5419755,10475911
10378,5419755,10475911
10379,5419755,10312689
10380,5419755,9885839
10381,5419755,9885839
10382,5419755,9862593
10383,5419755,9987661
10384,5419755,9971305
10385,5419755,10477416
10386,5419755,10154145
10387,5419755,10150169
10388,5419755,9580733
10389,5419755,9580733
10390,5419755,9486921
10391,5419755,9828635
10392,5419755,9476239
10393,5419755,9412502
10394,5419755,9709456
10395,5419755,9398252
10396,5419755,10004921
10397,5419755,9060295
10398,5419755,9926528
10399,5419755,9147246
10400,5419755,9196434
10401,5419755,9282213
10402,5419755,9282213
10403,5419755,9549654
10404,5419755,9549654
10405,5419755,9788233
10406,5419755,9730283
10407,5419755,9260109
10408,5419755,9250031
10409,5419755,9394940
10410,5419755,9316604
10411,5419755,10834689
10412,5419755,10283476
10413,5419755,9076896
10414,5419755,8932703
10415,5419755,9198587
10416,5419755,9145894
10417,5419755,8853290
10418,5419755,8790450
10419,5419755,9370045
10420,5419755,8903785
10421,5419755,8966059
10422,5419755,8530106
10423,5419755,8530106
10424,5419755,8530106
10425,5419755,8925967
10426,5419755,9254471
10427,5419755,9254471
10428,5419755,9296680
10429,5419755,9308575
10430,5419755,9251443
10431,5419755,8821700
10432,5419755,8821700
10433,5419755,8696332
10434,5419755,8696332
10435,5419755,8460357
10436,5419755,9287197
10437,5419755,8740257
10438,5419755,9080514
10439,5419755,9100632
10440,5419755,8302518
10441,5419755,8186723
10442,5419755,7855742
10443,5419755,7855741
10444,5419755,7896187
10445,5419755,7876680
10446,5419755,7956188
10447,5419755,7711648
10448,5419755,8119026
10449,5419755,8502760
10450,5419755,8502760
10451,5419755,8502762
10452,5419755,8214559
10453,5419755,8214560
10454,5419755,8561862
10455,5419755,8359662
10456,5419755,8262236
10457,5419755,8179820
10458,5419755,8204473
10459,5419755,8449013
10460,5419755,8864303
10461,5419755,8559737
10462,5419755,8854241
10463,5419755,8716687
10464,5419755,8629521
10465,5419755,8568756
10466,5419755,8142132
10467,5419755,8694655
10468,5419755,8694655
10469,5419755,8654507
10470,5419755,9625150
10471,5419755,9973624
10472,5419755,9971721
10473,5419755,10185358
10474,5419755,10522765
10475,5419755,11040078
10476,5419755,10773047
10477,5419755,10661426
10478,5419755,10438905
10479,5419755,10428634
10480,5419755,10263570
10481,5419755,10573871
10482,5419755,10417885
10483,5419755,10526423
10484,5419755,9974091
10485,5419755,10367226
10486,5419755,10616047
10487,5419755,10538197
10488,5419755,10538197
10489,5419755,10538197
10490,5419755,10457115
10491,5419755,9621462
10492,5419755,9510938
10493,5419755,9510938
10494,5419755,9759879
10495,5419755,9789956
10496,5419755,10652104
10497,5419755,10692299
10498,5419755,10647811
10499,5419755,10584416
10500,5419755,10298231
10501,5419755,10813478
10502,5419755,10945125
10503,5419755,10795687
10504,5419755,10178849
10505,5419755,10330257
10506,5419755,10283704
10507,5419755,10223610
10508,5419755,10179057
10509,5419755,10118820
10510,5419755,9910535
10511,5419755,9778560
10512,5419755,9522534
10513,5419755,9391539
10514,5419755,9398260
10515,5419755,9487451
10516,5419755,9051353
10517,5419755,9395554
10518,5419755,9339675
10519,5419755,9222161
10520,5419755,8737548
10521,5419755,8737548
10522,5419755,9191553
10523,5419755,9191553
10524,5419755,9199965
10525,5419755,8668081
10526,5419755,8665174
10527,5419755,8730238
10528,5419755,8730238
10529,5419755,8477536
10530,5419755,8535610
10531,5419755,8260658
10532,5419755,8425199
10533,5419755,7842802
10534,5419755,7908478
10535,5419755,7773992
10536,5419755,7962811
10537,5419755,7962811
10538,5419755,8741245
10539,5419755,8715114
10540,5419755,8664759
10541,5419755,8659935
10542,5419755,8692503
10543,5419755,8327863
10544,5419755,8762812
10545,5419755,8309470
10546,5419755,8626523
10547,5419755,8677576
10548,5419755,8569885
10549,5419755,8365124
10550,5419755,8573183
10551,5419755,8130136
10552,5419755,7884095
10553,5419755,7869625
10554,5419755,8422870
10555,5419755,8314138
10556,5419755,8049137
10557,5419755,8049137
10558,5419755,7414429
10559,5419755,7154603
10560,5419755,7154603
10561,5419755,7139067
10562,5419755,7132018
10563,5419755,6897819
10564,5419755,6897819
10565,5419755,6823653
10566,5419755,7243107
10567,5419755,7166401
10568,5419755,6920360
10569,5419755,7028568
10570,5419755,7398548
10571,5419755,7389520
10572,5419755,7559828
10573,5419755,7878596
10574,5419755,7878596
10575,5419755,7668715
10576,5419755,8195037
10577,5419755,8195037
10578,5419755,8133665
10579,5419755,7131993
10580,5419755,7065598
10581,5419755,7214167
10582,5419755,7277875
10583,5419755,6832592
10584,5419755,7560737
10585,5419755,7596920
10586,5419755,7452076
10587,5419755,7439669
10588,5419755,7364808
10589,5419755,7755018
10590,5419755,7309226
10591,5419755,7518368
10592,5419755,7779710
10593,5419755,7632214
10594,5419755,7632226
10595,5419755,7773620
10596,5419755,7541751
10597,5419755,7747115
10598,5419755,7661891
10599,5419755,7997479
10600,5419755,6758283
10601,5419755,6917785
10602,5419755,7155755
10603,5419755,7155755
10604,5419755,7155755
10605,5419755,7389964
10606,5419755,7389964
10607,5419755,7754806
10608,5419755,7691331
10609,5419755,7995492
10610,5419755,8361918
10611,5419755,8255851
10612,5419755,8792976
10613,5419755,8819471
10614,5419755,9002543
10615,5419755,8688304
10616,5419755,8889678
10617,5419755,8889678
10618,5419755,8889678
10619,5419755,8621127
10620,5419755,9072390
10621,5419755,9144861
10622,5419755,9105404
10623,5419755,9700688
10624,5419755,9863907
10625,5419755,9428054
10626,5419755,9411192
10627,5419755,8261861
10628,5419755,8608072
10629,5419755,9112641
10630,5419755,9084032
10631,5419755,9209080
10632,5419755,9209080
10633,5419755,9639489
10634,5419755,9720671
10635,5419755,9645189
10636,5419755,9912709
10637,5419755,10329826
10638,5419755,9718008
10639,5419755,9608981
10640,5419755,9208453
10641,5419755,10243379
10642,5419755,10412383
10643,5419755,9799619
10644,5419755,10180493
10645,5419755,9719388
10646,5419755,9671512
10647,5419755,9015244
10648,5419755,8905633
10649,5419755,8921748
10650,5419755,8633894
10651,5419755,8773091
10652,5419755,8773091
10653,5419755,8519352
10654,5419755,8771556
10655,5419755,8425083
10656,5419755,8425083
10657,5419755,8771556
10658,5419755,8169149
10659,5419755,8227535
10660,5419755,8698455
10661,5419755,9502205
10662,5419755,9224158
10663,5419755,9210225
10664,5419755,9674446
10665,5419755,9240085
10666,5419755,9117303
10667,5419755,9489241
10668,5419755,9426300
10669,5419755,9425990
10670,5419755,10052904
10671,5419755,9952799
10672,5419755,10393081
10673,5419755,10425652
10674,5419755,10394086
10675,5419755,10046741
10676,5419755,10010468
10677,5419755,9531909
10678,5419755,9140661
10679,5419755,9481614
10680,5419755,10156282
10681,5419755,10045757
10682,5419755,10395046
10683,5419755,9894997
10684,5419755,9861245
10685,5419755,8506665
10686,5419755,7172694
10687,5419755,7172694
10688,5419755,7585841
10689,5419755,7542559
10690,5419755,7810274
10691,5419755,7851808
10692,5419755,8025307
10693,5419755,8209092
10694,5419755,8209092
10695,5419755,8327128
10696,5419755,7860575
10697,5419755,7349588
10698,5419755,7325950
10699,5419755,8026747
10700,5419755,7993673
10701,5419755,7659656
10702,5419755,7602028
10703,5419755,8319116
10704,5419755,7472620
10705,5419755,7007119
10706,5419755,7395252
10707,5419755,7394071
10708,5419755,7372907
10709,5419755,7227844
10710,5419755,7673394
10711,5419755,7687200
10712,5419755,7687200
10713,5419755,7597191
10714,5419755,7597191
10715,5419755,7597191
10716,5419755,8301069
10717,5419755,8702618
10718,5419755,9171882
10719,5419755,9244688
10720,5419755,8505927
10721,5419755,8434855
10722,5419755,8434855
10723,5419755,8775808
10724,5419755,8781772
10725,5419755,8670367
10726,5419755,8836919
10727,5419755,8836919
10728,5419755,9736628
10729,5419755,9736627
10730,5419755,9295356
10731,5419755,9483869
10732,5419755,9075149
10733,5419755,8502861
10734,5419755,8073205
10735,5419755,8372688
10736,5419755,7883769
10737,5419755,8018464
10738,5419755,7893735
10739,5419755,7891597
10740,5419755,7792187
10741,5419755,8605507
10742,5419755,8866594
10743,5419755,8510433
10744,5419755,8381280
10745,5419755,8154190
10746,5419755,7815781
10747,5419755,7891630
10748,5419755,7891630
10749,5419755,8308737
10750,5419755,8494631
10751,5419755,8017803
10752,5419755,8561565
10753,5419755,8549242
10754,5419755,8311233
10755,5419755,8534182
10756,5419755,9135889
10757,5419755,9646844
10758,5419755,9546187
10759,5419755,9909803
10760,5419755,9825658
10761,5419755,9906351
10762,5419755,10229401
10763,5419755,10157061
10764,5419755,9769769
10765,5419755,9769769
10766,5419755,9711210
10767,5419755,9681977
10768,5419755,9603122
10769,5419755,8941543
10770,5419755,9013817
10771,5419755,8754464
10772,5419755,7474717
10773,5419755,7464335
10774,5419755,7930764
10775,5419755,7988523
10776,5419755,7680802
10777,5419755,8235562
10778,5419755,8482795
10779,5419755,8459647
10780,5419755,8334025
10781,5419755,8517613
10782,5419755,7943458
10783,5419755,7801998
10784,5419755,8244616
10785,5419755,8256902
10786,5419755,8919881
10787,5419755,8958301
10788,5419755,8958301
10789,5419755,9061726
10790,5419755,10478523
10791,5419755,10849431
10792,5419755,10777464
10793,5419755,10092577
10794,5419755,9954935
10795,5419755,9890005
10796,5419755,9890005
10797,5419755,9856052
10798,5419755,9408299
10799,5419755,9408299
10800,5419755,9408299
10801,5419755,9269283
10802,5419755,8963207
10803,5419755,9334350
10804,5419755,9334350
10805,5419755,8254653
10806,5419755,8171104
10807,5419755,8447844
10808,5419755,8447844
10809,5419755,8470802
10810,5419755,8609668
10811,5419755,8547386
10812,5419755,8533042
10813,5419755,8533042
10814,5419755,8879846
10815,5419755,8856684
10816,5419755,8176716
10817,5419755,8395324
10818,5419755,8395324
10819,5419755,9522603
10820,5419755,9860198
10821,5419755,9860198
10822,5419755,9845570
10823,5419755,10419271
10824,5419755,10485406
10825,5419755,10401302
10826,5419755,10720110
10827,5419755,10720110
10828,5419755,10700679
10829,5419755,10314611
10830,5419755,10218242
10831,5419755,10332335
10832,5419755,10294044
10833,5419755,10120496
10834,5419755,9644766
10835,5419755,9931153
10836,5419755,9940430
10837,5419755,10184845
10838,5419755,10407738
10839,5419755,10376518
10840,5419755,10422238
10841,5419755,10378655
10842,5419755,10322947
10843,5419755,9965347
10844,5419755,10603121
10845,5419755,10603121
10846,5419755,10512724
10847,5419755,10478701
10848,5419755,10128399
10849,5419755,10495067
10850,5419755,10997368
10851,5419755,10934663
10852,5419755,10574153
10853,5419755,10440878
10854,5419755,10430988
10855,5419755,10655521
10856,5419755,11223953
10857,5419755,10942289
10858,5419755,10942289
10859,5419755,10942289
10860,5419755,10508033
10861,5419755,10069452
10862,5419755,10250465
10863,5419755,9997009
10864,5419755,9958258
10865,5419755,9039722
10866,5419755,9042044
10867,5419755,8989026
10868,5419755,9512901
10869,5419755,9332775
10870,5419755,9122946
10871,5419755,9109568
10872,5419755,8642813
10873,5419755,8912722
10874,5419755,8964082
10875,5419755,8683834
10876,5419755,8824925
10877,5419755,8543340
10878,5419755,8295218
10879,5419755,8295218
10880,5419755,8136722
10881,5419755,8534482
10882,5419755,8900930
10883,5419755,8871393
10884,5419755,8608236
10885,5419755,8241485
10886,5419755,8180451
10887,5419755,8004009
10888,5419755,7995848
10889,5419755,8737820
10890,5419755,9143209
10891,5419755,8910387
10892,5419755,9105242
10893,5419755,9105242
10894,5419755,9042589
10895,5419755,9042957
10896,5419755,9015770
10897,5419755,9259135
10898,5419755,9221253
10899,5419755,9221253
10900,5419755,8376038
10901,5419755,8175563
10902,5419755,8325653
10903,5419755,8184328
10904,5419755,8901535
10905,5419755,8794218
10906,5419755,8794207
10907,5419755,8942828
10908,5419755,8536400
10909,5419755,8969089
10910,5419755,9537513
10911,5419755,9850413
10912,5419755,9635224
10913,5419755,10424834
10914,5419755,10424834
10915,5419755,10428931
10916,5419755,10382181
10917,5419755,10342662
10918,5419755,10435745
10919,5419755,9891086
10920,5419755,9796343
10921,5419755,10188129
10922,5419755,9806555
10923,5419755,9768886
10924,5419755,9575339
10925,5419755,9248981
10926,5419755,8857317
10927,5419755,8491345
10928,5419755,8082625
10929,5419755,8011380
10930,5419755,8741994
10931,5419755,9081519
10932,5419755,8481995
10933,5419755,8233873
10934,5419755,8237942
10935,5419755,7873009
10936,5419755,7873009
10937,5419755,8423523
10938,5419755,8562216
10939,5419755,8510053
10940,5419755,8364367
10941,5419755,8379349
10942,5419755,8364707
10943,5419755,8321091
10944,5419755,8272189
10945,5419755,8019195
10946,5419755,8732036
10947,5419755,8878002
10948,5419755,8618649
10949,5419755,8589888
10950,5419755,8328481
10951,5419755,7471610
10952,5419755,8658721
10953,5419755,8658721
10954,5419755,8658721
10955,5419755,8720627
10956,5419755,8720627
10957,5419755,8773072
10958,5419755,9209360
10959,5419755,9580699
10960,5419755,9580699
10961,5419755,9318291
10962,5419755,9624377
10963,5419755,9489076
10964,5419755,10187786
10965,5419755,9905096
10966,5419755,9147565
10967,5419755,9276724
10968,5419755,9125773
10969,5419755,9125773
10970,5419755,9490600
10971,5419755,9476747
10972,5419755,9441487
10973,5419755,8559663
10974,5419755,8944798
10975,5419755,8944798
10976,5419755,8969053
10977,5419755,9344468
10978,5419755,9537809
10979,5419755,9537809
10980,5419755,9741405
10981,5419755,10124694
10982,5419755,10222480
10983,5419755,10412587
10984,5419755,10432884
10985,5419755,10495540
10986,5419755,10294221
10987,5419755,10170800
10988,5419755,10554726
10989,5419755,10465139
10990,5419755,10465139
10991,5419755,10522135
10992,5419755,10148158
10993,5419755,9813379
10994,5419755,9959623
10995,5419755,10212968
10996,5419755,9924333
10997,5419755,9450997
10998,5419755,9200444
10999,5419755,9491263
11000,5419755,9782497
11001,5419755,10073897
11002,5419755,10028322
11003,5419755,10028322
11004,5419755,9621448
11005,5419755,9881032
11006,5419755,9768542
11007,5419755,9478719
11008,5419755,9488885
11009,5419755,9457747
11010,5419755,9508658
11011,5419755,9712086
11012,5419755,9691681
11013,5419755,9653164
11014,5419755,9444439
11015,5419755,9354830
11016,5419755,9505753
11017,5419755,9756789
11018,5419755,9603574
11019,5419755,9256347
11020,5419755,8841408
11021,5419755,9200557
11022,5419755,9459806
11023,5419755,9878447
11024,5419755,9878447
11025,5419755,9614438
11026,5419755,9614438
11027,5419755,9204468
11028,5419755,5804694
11029,5419755,5804694
11030,5419755,5903804
11031,5419755,5899779
11032,5419755,5899779
11033,5419755,5899779
11034,5419755,6700932
11035,5419755,6417963
11036,5419755,6408982
11037,5419755,7040608
11038,5419755,7109850
11039,5419755,7098602
11040,5419755,7098602
11041,5419755,7098602
11042,5419755,6540724
11043,5419755,6531120
11044,5419755,6531120
11045,5419755,6531120
11046,5419755,6531120
11047,5419755,6440623
11048,5419755,7131335
11049,5419755,7131335
11050,5419755,6994803
11051,5419755,6994803
11052,5419755,7599237
11053,5419755,7529262
11054,5419755,7934164
11055,5419755,7934164
11056,5419755,7913641
11057,5419755,7846809
11058,5419755,7799027
11059,5419755,7686907
11060,5419755,7686907
11061,5419755,7686907
11062,5419755,7660230
11063,5419755,7660230
11064,5419755,7510603
11065,5419755,7525419
11066,5419755,7525419
11067,5419755,7525419
11068,5419755,7575534
11069,5419755,7575534
11070,5419755,7575534
11071,5419755,7575534
11072,5419755,6914154
11073,5419755,6760423
11074,5419755,6817694
11075,5419755,7183735
11076,5419755,8307563
11077,5419755,8184649
11078,5419755,7763871
11079,5419755,7763871
11080,5419755,7702231
11081,5419755,7606400
11082,5419755,8385682
11083,5419755,8379020
11084,5419755,8353579
11085,5419755,8310545
11086,5419755,8310545
11087,5419755,8033593
11088,5419755,7322065
11089,5419755,7335918
11090,5419755,7175250
11091,5419755,7154648
11092,5419755,7196596
11093,5419755,7196596
11094,5419755,7450937
11095,5419755,7450937
11096,5419755,7286589
11097,5419755,7284006
11098,5419755,7209004
11099,5419755,7156333
11100,5419755,7412824
11101,5419755,8253606
11102,5419755,8122545
11103,5419755,8086832
11104,5419755,8001648
11105,5419755,8250345
11106,5419755,8425980
11107,5419755,8425756
11108,5419755,7739013
11109,5419755,7997508
11110,5419755,7958016
11111,5419755,7603087
11112,5419755,7603087
11113,5419755,7574113
11114,5419755,7574113
11115,5419755,7180961
11116,5419755,7180961
11117,5419755,6978181
11118,5419755,7405069
11119,5419755,7368571
11120,5419755,7368571
11121,5419755,7306906
11122,5419755,7306906
11123,5419755,7306906
11124,5419755,7662879
11125,5419755,7633550
11126,5419755,8240421
11127,5419755,8240421
11128,5419755,8046883
11129,5419755,7943326
11130,5419755,8087719
11131,5419755,8322543
11132,5419755,8188373
11133,5419755,8240261
11134,5419755,8237219
11135,5419755,8290633
11136,5419755,8255009
11137,5419755,8241538
11138,5419755,8013824
11139,5419755,8000672
11140,5419755,7624820
11141,5419755,7624806
11142,5419755,7609129
11143,5419755,7608227
11144,5419755,8117531
11145,5419755,8012171
11146,5419755,8011809
11147,5419755,7891744
11148,5419755,7891744
11149,5419755,7891744
11150,5419755,7991261
11151,5419755,7991261
11152,5419755,7991261
11153,5419755,7896347
11154,5419755,7877926
11155,5419755,7708972
11156,5419755,7620753
11157,5419755,7620753
11158,5419755,7620753
11159,5419755,7599582
11160,5419755,7503906
11161,5419755,7861408
11162,5419755,8426762
11163,5419755,8247507
11164,5419755,8247507
11165,5419755,8181861
11166,5419755,8099572
11167,5419755,7984348
11168,5419755,7984348
11169,5419755,7984348
11170,5419755,7984348
11171,5419755,7981080
11172,5419755,7968643
11173,5419755,7963803
11174,5419755,7963803
11175,5419755,7963803
11176,5419755,7963803
11177,5419755,7602823
11178,5419755,7394293
11179,5419755,7394293
11180,5419755,7359425
11181,5419755,7359425
11182,5419755,7359425
11183,5419755,7359425
11184,5419755,7359425
11185,5419755,7359425
11186,5419755,7359425
11187,5419755,7359425
11188,5419755,7314737
11189,5419755,7314737
11190,5419755,7314737
11191,5419755,7205379
11192,5419755,7523015
11193,5419755,7523015
11194,5419755,8104448
11195,5419755,8082672
11196,5419755,8039440
11197,5419755,7904072
11198,5419755,8201226
11199,5419755,7960879
11200,5419755,7960879
11201,5419755,7956686
11202,5419755,7836886
11203,5419755,7834676
11204,5419755,7834676
11205,5419755,7834676
11206,5419755,8051289
11207,5419755,7901886
11208,5419755,8597971
11209,5419755,8597971
11210,5419755,8463464
11211,5419755,8463464
11212,5419755,8440458
11213,5419755,8297767
11214,5419755,8297767
11215,5419755,8297767
11216,5419755,8292114
11217,5419755,8144252
11218,5419755,8677636
11219,5419755,8545443
11220,5419755,8208813
11221,5419755,8208813
11222,5419755,8168474
11223,5419755,8168474
11224,5419755,8036748
11225,5419755,8121903
11226,5419755,8121105
11227,5419755,8403766
11228,5419755,8543878
11229,5419755,8558752
11230,5419755,8137744
11231,5419755,8137744
11232,5419755,8024687
11233,5419755,7973984
11234,5419755,7973984
11235,5419755,7879645
11236,5419755,7774842
11237,5419755,7624304
11238,5419755,8242224
11239,5419755,8217409
11240,5419755,7896455
11241,5419755,7874343
11242,5419755,8667652
11243,5419755,8635076
11244,5419755,8635076
11245,5419755,8623439
11246,5419755,8543402
11247,5419755,8543402
11248,5419755,9166602
11249,5419755,9071365
11250,5419755,9086589
11251,5419755,9086589
11252,5419755,8997574
11253,5419755,8950276
11254,5419755,8323372
11255,5419755,8323372
11256,5419755,8323372
11257,5419755,8323372
11258,5419755,8269535
11259,5419755,8868001
11260,5419755,8802356
11261,5419755,8802356
11262,5419755,8750127
11263,5419755,8750127
11264,5419755,8917320
11265,5419755,8917320
11266,5419755,8917320
11267,5419755,8915139
11268,5419755,8903300
11269,5419755,8891706
11270,5419755,8891706
11271,5419755,8891706
11272,5419755,8891706
11273,5419755,8891706
11274,5419755,8891706
11275,5419755,8829414
11276,5419755,8829414
11277,5419755,8826477
11278,5419755,8822226
11279,5419755,8822226
11280,5419755,8822226
11281,5419755,8808879
11282,5419755,8717810
11283,5419755,9750561
11284,5419755,9547519
11285,5419755,9547519
11286,5419755,9547519
11287,5419755,9714762
11288,5419755,9999734
11289,5419755,9866595
11290,5419755,9771692
11291,5419755,9784496
11292,5419755,9651357
11293,5419755,8528473
11294,5419755,8509852
11295,5419755,8509852
11296,5419755,8509852
11297,5419755,8509852
11298,5419755,8492778
11299,5419755,8693561
11300,5419755,8693561
11301,5419755,8667790
11302,5419755,8667790
11303,5419755,8617492
11304,5419755,8617492
11305,5419755,8617462
11306,5419755,9227973
11307,5419755,9201371
11308,5419755,9130812
11309,5419755,8952842
11310,5419755,8952842
11311,5419755,8952842
11312,5419755,8797575
11313,5419755,8797575
11314,5419755,8797575
11315,5419755,8797575
11316,5419755,8710824
11317,5419755,8793220
11318,5419755,8778709
11319,5419755,8778709
11320,5419755,8778709
11321,5419755,8733240
11322,5419755,8632396
11323,5419755,8585285
11324,5419755,8365575
11325,5419755,8365575
11326,5419755,8678131
11327,5419755,8585930
11328,5419755,8755806
11329,5419755,8653801
11330,5419755,8653787
11331,5419755,8561556
11332,5419755,8561556
11333,5419755,8290997
11334,5419755,8290997
11335,5419755,8399269
11336,5419755,8239510
11337,5419755,8239510
11338,5419755,8193641
11339,5419755,6822088
11340,5419755,6822088
11341,5419755,7244870
11342,5419755,7265494
11343,5419755,7218159
11344,5419755,7674896
11345,5419755,7652661
11346,5419755,7624831
11347,5419755,7432622
11348,5419755,7477843
11349,5419755,7477843
11350,5419755,8533005
11351,5419755,8533005
11352,5419755,8462317
11353,5419755,9092798
11354,5419755,9092798
11355,5419755,9058804
11356,5419755,9950569
11357,5419755,9949016
11358,5419755,9913694
11359,5419755,9873453
11360,5419755,9345113
11361,5419755,9255877
11362,5419755,9754466
11363,5419755,9733295
11364,5419755,9484832
11365,5419755,9439193
11366,5419755,9439193
11367,5419755,9439193
11368,5419755,9348299
11369,5419755,9348299
11370,5419755,9167795
11371,5419755,9165325
11372,5419755,9112232
11373,5419755,9112232
11374,5419755,9191952
11375,5419755,9171236
11376,5419755,9851865
11377,5419755,9848456
11378,5419755,10685474
11379,5419755,10693834
11380,5419755,10658562
11381,5419755,10481488
11382,5419755,9577140
11383,5419755,9574655
11384,5419755,9612214
11385,5419755,9612214
11386,5419755,9528214
11387,5419755,9562266
11388,5419755,9716857
11389,5419755,9542884
11390,5419755,9232975
11391,5419755,9123645
11392,5419755,8961608
11393,5419755,8742072
11394,5419755,8702459
11395,5419755,8624024
11396,5419755,8624024
11397,5419755,8624024
11398,5419755,8624024
11399,5419755,8624024
11400,5419755,8656645
11401,5419755,8387248
11402,5419755,8387248
11403,5419755,7998573
11404,5419755,7754938
11405,5419755,7682122
11406,5419755,7635301
11407,5419755,7522066
11408,5419755,7522066
11409,5419755,7661567
11410,5419755,7547859
11411,5419755,7519835
11412,5419755,7415146
11413,5419755,7401910
11414,5419755,7398445
11415,5419755,7398445
11416,5419755,7398445
11417,5419755,7365824
11418,5419755,7284052
11419,5419755,7979046
11420,5419755,7979046
11421,5419755,8100087
11422,5419755,8703429
11423,5419755,8315325
11424,5419755,8315325
11425,5419755,8315325
11426,5419755,7989244
11427,5419755,7989244
11428,5419755,7699192
11429,5419755,7600031
11430,5419755,7600031
11431,5419755,7494702
11432,5419755,7426710
11433,5419755,7426710
11434,5419755,7392579
11435,5419755,7392579
11436,5419755,7376163
11437,5419755,7347214
11438,5419755,6801922
11439,5419755,6745596
11440,5419755,7156294
11441,5419755,7156294
11442,5419755,7621609
11443,5419755,8083338
11444,5419755,7949529
11445,5419755,7876140
11446,5419755,7855583
11447,5419755,7817483
11448,5419755,7817483
11449,5419755,7817483
11450,5419755,7817483
11451,5419755,7726427
11452,5419755,7712065
11453,5419755,7677806
11454,5419755,7652365
11455,5419755,7608380
11456,5419755,7608380
11457,5419755,7515727
11458,5419755,7640150
11459,5419755,7402437
11460,5419755,7402437
11461,5419755,7365060
11462,5419755,7928000
11463,5419755,8114780
11464,5419755,7873996
11465,5419755,7866226
11466,5419755,7866226
11467,5419755,7866226
11468,5419755,7870374
11469,5419755,7641590
11470,5419755,7589343
11471,5419755,7576493
11472,5419755,8082674
11473,5419755,8165201
11474,5419755,8044912
11475,5419755,7952393
11476,5419755,8119082
11477,5419755,8119082
11478,5419755,8119794
11479,5419755,8116447
11480,5419755,8075603
11481,5419755,8075603
11482,5419755,8528036
11483,5419755,8528036
11484,5419755,8472839
11485,5419755,8472839
11486,5419755,8472839
11487,5419755,8450495
11488,5419755,8411575
11489,5419755,8401940
11490,5419755,8401940
11491,5419755,9070233
11492,5419755,9070233
11493,5419755,9070233
11494,5419755,9070233
11495,5419755,8750432
11496,5419755,8725074
11497,5419755,8776947
11498,5419755,8793686
11499,5419755,8697590
11500,5419755,8672919
11501,5419755,8716033
11502,5419755,7819256
11503,5419755,7678533
11504,5419755,7678533
11505,5419755,7678216
11506,5419755,8146930
11507,5419755,8146930
11508,5419755,7416325
11509,5419755,7388725
11510,5419755,7388725
11511,5419755,7192166
11512,5419755,7897230
11513,5419755,7773945
11514,5419755,7641982
11515,5419755,7772060
11516,5419755,7761013
11517,5419755,7715885
11518,5419755,8006800
11519,5419755,8421562
11520,5419755,8379901
11521,5419755,8768536
11522,5419755,8890082
11523,5419755,8979813
11524,5419755,9327184
11525,5419755,9147499
11526,5419755,8861506
11527,5419755,8841677
11528,5419755,8742655
11529,5419755,8959517
11530,5419755,8662840
11531,5419755,9218246
11532,5419755,9161574
11533,5419755,9127580
11534,5419755,9727155
11535,5419755,10194804
11536,5419755,9532784
11537,5419755,10253990
11538,5419755,10253990
11539,5419755,9812162
11540,5419755,10328291
11541,5419755,10513341
11542,5419755,10097217
11543,5419755,9642727
11544,5419755,9570017
11545,5419755,9570017
11546,5419755,9122125
11547,5419755,9275107
11548,5419755,9028004
11549,5419755,8261589
11550,5419755,7804856
11551,5419755,8222693
11552,5419755,8281027
11553,5419755,8425835
11554,5419755,9131470
11555,5419755,8772320
11556,5419755,8589771
11557,5419755,8414313
11558,5419755,7950337
11559,5419755,8237273
11560,5419755,8934711
11561,5419755,9181019
11562,5419755,9946115
11563,5419755,9964283
11564,5419755,11087735
11565,5419755,10993716
11566,5419755,10668453
11567,5419755,10583107
11568,5419755,10303971
11569,5419755,10693775
11570,5419755,10824178
11571,5419755,10916430
11572,5419755,10916430
11573,5419755,10362564
11574,5419755,10559027
11575,5419755,10098136
11576,5419755,9993526
11577,5419755,10181925
11578,5419755,9961512
11579,5419755,9598634
11580,5419755,9557198
11581,5419755,8950007
11582,5419755,9469610
11583,5419755,9651506
11584,5419755,9911928
11585,5419755,9343518
11586,5419755,9304142
11587,5419755,9247761
11588,5419755,9156055
11589,5419755,9067318
11590,5419755,9382699
11591,5419755,7766974
11592,5419755,7742319
11593,5419755,7976545
11594,5419755,9162072
11595,5419755,8938135
11596,5419755,8882161
11597,5419755,8876121
11598,5419755,8954074
11599,5419755,8954074
11600,5419755,8423708
11601,5419755,7756437
11602,5419755,7941076
11603,5419755,7933119
11604,5419755,8275289
11605,5419755,8107993
11606,5419755,8107993
11607,5419755,8910027
11608,5419755,9096111
11609,5419755,8881807
11610,5419755,10107571
11611,5419755,10040961
11612,5419755,10636616
11613,5419755,10307387
11614,5419755,10223427
11615,5419755,10491429
11616,5419755,10384533
11617,5419755,9618381
11618,5419755,9569594
11619,5419755,9947809
11620,5419755,10364946
11621,5419755,10579279
11622,5419755,10196460
11623,5419755,10551919
11624,5419755,10226976
11625,5419755,10157162
11626,5419755,10506256
11627,5419755,10160724
11628,5419755,9950214
11629,5419755,9610941
11630,5419755,9591942
11631,5419755,9786854
11632,5419755,10107873
11633,5419755,9565856
11634,5419755,9830836
11635,5419755,9513363
11636,5419755,9515938
11637,5419755,9466858
11638,5419755,10274251
11639,5419755,10272045
11640,5419755,9688816
11641,5419755,9902437
11642,5419755,9896508
11643,5419755,9745578
11644,5419755,9511379
11645,5419755,9511379
11646,5419755,10214244
11647,5419755,10317568
11648,5419755,10165560
11649,5419755,9833992
11650,5419755,9889712
11651,5419755,10671705
11652,5419755,10926628
11653,5419755,11301873
11654,5419755,10867485
11655,5419755,10825534
11656,5419755,10805024
11657,5419755,10619110
11658,5419755,10643457
11659,5419755,10369094
11660,5419755,10064954
11661,5419755,9962249
11662,5419755,9933604
11663,5419755,10474913
11664,5419755,10412951
11665,5419755,10340782
11666,5419755,10255057
11667,5419755,10255057
11668,5419755,9836128
11669,5419755,9794476
11670,5419755,9681808
11671,5419755,8697814
11672,5419755,8689028
11673,5419755,7879005
11674,5419755,7797843
11675,5419755,7545118
11676,5419755,7545118
11677,5419755,8392479
11678,5419755,8392479
11679,5419755,8608502
11680,5419755,8535743
11681,5419755,7913598
11682,5419755,7913598
11683,5419755,7502115
11684,5419755,7209745
11685,5419755,7095556
11686,5419755,7507585
11687,5419755,7335869
11688,5419755,7315436
11689,5419755,7759820
11690,5419755,7811953
11691,5419755,8076954
11692,5419755,8205895
11693,5419755,8552915
11694,5419755,8539934
11695,5419755,8642410
11696,5419755,9256561
11697,5419755,9021836
11698,5419755,8498748
11699,5419755,8668989
11700,5419755,8535824
11701,5419755,8189413
11702,5419755,8753318
11703,5419755,8459099
11704,5419755,8415390
11705,5419755,8653963
11706,5419755,8085314
11707,5419755,7964945
11708,5419755,8159140
11709,5419755,8083436
11710,5419755,8073801
11711,5419755,8795386
11712,5419755,7914519
11713,5419755,8191696
11714,5419755,8281727
11715,5419755,8599265
11716,5419755,8520574
11717,5419755,8808416
11718,5419755,8233309
11719,5419755,7904951
11720,5419755,7836850
11721,5419755,8065632
11722,5419755,7749606
11723,5419755,7442573
11724,5419755,7951850
11725,5419755,8318387
11726,5419755,8283516
11727,5419755,8418211
11728,5419755,8444184
11729,5419755,7696895
11730,5419755,7437896
11731,5419755,7437896
11732,5419755,7437896
11733,5419755,7438059
11734,5419755,7438059
11735,5419755,7290575
11736,5419755,7379225
11737,5419755,8246579
11738,5419755,8193566
11739,5419755,8622194
11740,5419755,8836788
11741,5419755,8959107
11742,5419755,8950658
11743,5419755,9201287
11744,5419755,9409623
11745,5419755,9516222
11746,5419755,9995715
11747,5419755,10260716
11748,5419755,9549836
11749,5419755,9269922
11750,5419755,9176149
11751,5419755,8972496
11752,5419755,8980621
11753,5419755,8673104
11754,5419755,9702903
11755,5419755,9220985
11756,5419755,8802072
11757,5419755,8884959
11758,5419755,8336704
11759,5419755,8206492
11760,5419755,8691753
11761,5419755,8331268
11762,5419755,8161615
11763,5419755,8305111
11764,5419755,8305111
11765,5419755,8430575
11766,5419755,8429303
11767,5419755,9053661
11768,5419755,9055656
11769,5419755,9015297
11770,5419755,9015297
11771,5419755,8967394
11772,5419755,9188791
11773,5419755,8670116
11774,5419755,8670116
11775,5419755,8586853
11776,5419755,8586538
11777,5419755,8532215
11778,5419755,8497096
11779,5419755,8642018
11780,5419755,7829357
11781,5419755,8017428
11782,5419755,7980865
11783,5419755,8409289
11784,5419755,9216196
11785,5419755,9216196
11786,5419755,9216196
11787,5419755,8974214
11788,5419755,9368623
11789,5419755,10092302
11790,5419755,10057180
11791,5419755,10084057
11792,5419755,9017748
11793,5419755,8978072
11794,5419755,9109383
11795,5419755,9731989
11796,5419755,10057442
11797,5419755,10468606
11798,5419755,9947980
11799,5419755,10036989
11800,5419755,9487790
11801,5419755,9362509
11802,5419755,9470441
11803,5419755,9288709
11804,5419755,8978933
11805,5419755,8759381
11806,5419755,8723337
11807,5419755,9092428
11808,5419755,9363475
11809,5419755,9360919
11810,5419755,8845552
11811,5419755,9256643
11812,5419755,9636198
11813,5419755,9018925
11814,5419755,9006578
11815,5419755,8631874
11816,5419755,8950788
11817,5419755,8840708
11818,5419755,8619830
11819,5419755,8573050
11820,5419755,8306779
11821,5419755,8734189
11822,5419755,9056480
11823,5419755,8981020
11824,5419755,8725174
11825,5419755,8685630
11826,5419755,8964333
11827,5419755,8964333
11828,5419755,8779645
11829,5419755,8769432
11830,5419755,8535628
11831,5419755,8621339
11832,5419755,8756534
11833,5419755,9053072
11834,5419755,9620969
11835,5419755,9620969
11836,5419755,9402583
11837,5419755,9554727
11838,5419755,9554727
11839,5419755,9470743
11840,5419755,9010005
11841,5419755,8819286
11842,5419755,8592203
11843,5419755,8858100
11844,5419755,8465546
11845,5419755,8392353
11846,5419755,7975336
11847,5419755,7903709
11848,5419755,7889371
11849,5419755,7848309
11850,5419755,7848309
11851,5419755,7374559
11852,5419755,7368336
11853,5419755,7218899
11854,5419755,6939322
11855,5419755,6841997
11856,5419755,7086376
11857,5419755,7086376
11858,5419755,7620288
11859,5419755,7620288
11860,5419755,7325808
11861,5419755,7542668
11862,5419755,7435617
11863,5419755,6900796
11864,5419755,6900796
11865,5419755,7801233
11866,5419755,7060476
11867,5419755,6902539
11868,5419755,6866330
11869,5419755,6970084
11870,5419755,6968574
11871,5419755,6968574
11872,5419755,7379337
11873,5419755,6833906
11874,5419755,7125753
11875,5419755,7857291
11876,5419755,8071581
11877,5419755,8631722
11878,5419755,8335056
11879,5419755,8123667
11880,5419755,8069096
11881,5419755,7522117
11882,5419755,7522117
11883,5419755,7732798
11884,5419755,7836649
11885,5419755,7538014
11886,5419755,7518334
11887,5419755,7489562
11888,5419755,7489562
11889,5419755,7489562
11890,5419755,7772513
11891,5419755,7623218
11892,5419755,7719778
11893,5419755,7719778
11894,5419755,7716652
11895,5419755,7716652
11896,5419755,7935920
11897,5419755,7935920
11898,5419755,7935920
11899,5419755,7857655
11900,5419755,7650516
11901,5419755,7650516
11902,5419755,7711080
11903,5419755,8038428
11904,5419755,7711080
11905,5419755,7585157
11906,5419755,7537585
11907,5419755,7763445
11908,5419755,7552056
11909,5419755,8491283
11910,5419755,8491283
11911,5419755,8491283
11912,5419755,8491283
11913,5419755,8047065
11914,5419755,8210695
11915,5419755,8883561
11916,5419755,8996762
11917,5419755,8362544
11918,5419755,8497275
11919,5419755,8249153
11920,5419755,8249153
11921,5419755,8214373
11922,5419755,8416887
11923,5419755,8127480
11924,5419755,8332894
11925,5419755,8695775
11926,5419755,8150267
11927,5419755,8167006
11928,5419755,8167006
11929,5419755,8213830
11930,5419755,8113964
11931,5419755,7761568
11932,5419755,7761290
11933,5419755,7261172
11934,5419755,7765685
11935,5419755,7666767
11936,5419755,7666767
11937,5419755,7666767
11938,5419755,8425953
11939,5419755,8655143
11940,5419755,7625737
11941,5419755,7410555
11942,5419755,7399406
11943,5419755,7978216
11944,5419755,7904332
11945,5419755,7902404
11946,5419755,8188775
11947,5419755,8192299
11948,5419755,8071579
11949,5419755,8060305
11950,5419755,8032012
11951,5419755,8032012
11952,5419755,8032012
11953,5419755,8032012
11954,5419755,8026781
11955,5419755,7967446
11956,5419755,7892195
11957,5419755,7892195
11958,5419755,7093531
11959,5419755,7093531
11960,5419755,7093531
11961,5419755,7093531
11962,5419755,7092840
11963,5419755,7417267
11964,5419755,7411845
11965,5419755,7411845
11966,5419755,7202905
11967,5419755,7149763
11968,5419755,7078154
11969,5419755,6870469
11970,5419755,6924015
11971,5419755,6861689
11972,5419755,7197632
11973,5419755,6989555
11974,5419755,7165463
11975,5419755,6716256
11976,5419755,7091169
11977,5419755,7562230
11978,5419755,7562230
11979,5419755,8500999
11980,5419755,8412932
11981,5419755,8323568
11982,5419755,8252042
11983,5419755,7731123
11984,5419755,7731123
11985,5419755,8037418
11986,5419755,7698470
11987,5419755,7906806
11988,5419755,8015856
11989,5419755,8164414
11990,5419755,8394225
11991,5419755,8183305
11992,5419755,8962587
11993,5419755,9328715
11994,5419755,8780994
11995,5419755,9163816
11996,5419755,9398849
11997,5419755,9387195
11998,5419755,9029361
11999,5419755,8922106
12000,5419755,8922106
12001,5419755,8666035
12002,5419755,8275806
12003,5419755,7751015
12004,5419755,7734075
12005,5419755,8068442
12006,5419755,7544206
12007,5419755,7543560
12008,5419755,7800892
12009,5419755,8099107
12010,5419755,7995451
12011,5419755,7781043
12012,5419755,7752464
12013,5419755,6889182
12014,5419755,6889182
12015,5419755,6872508
12016,5419755,6833445
12017,5419755,7253417
12018,5419755,6859418
12019,5419755,7595734
12020,5419755,7865264
12021,5419755,7428135
12022,5419755,7561449
12023,5419755,7419523
12024,5419755,7367203
12025,5419755,8089596
12026,5419755,8452117
12027,5419755,8616272
12028,5419755,9004727
12029,5419755,8856076
12030,5419755,8828835
12031,5419755,9067497
12032,5419755,8766233
12033,5419755,8718644
12034,5419755,9445692
12035,5419755,9095498
12036,5419755,8739745
12037,5419755,8289641
12038,5419755,9913691
12039,5419755,9795940
12040,5419755,9825063
12041,5419755,10084816
12042,5419755,10162620
12043,5419755,10521922
12044,5419755,9671048
12045,5419755,9364659
12046,5419755,9436660
12047,5419755,9193025
12048,5419755,8554761
12049,5419755,8434523
12050,5419755,8157295
12051,5419755,7830416
12052,5419755,8321465
12053,5419755,8218489
12054,5419755,8314005
12055,5419755,8266681
12056,5419755,8247975
12057,5419755,7737459
12058,5419755,7962823
12059,5419755,7962823
12060,5419755,7904471
12061,5419755,7721322
12062,5419755,8537849
12063,5419755,8416884
12064,5419755,9126092
12065,5419755,9343279
12066,5419755,9437320
12067,5419755,9394225
12068,5419755,9321445
12069,5419755,9880592
12070,5419755,10029503
12071,5419755,10029503
12072,5419755,9971633
12073,5419755,9937681
12074,5419755,10079319
12075,5419755,10283913
12076,5419755,10057790
12077,5419755,10048111
12078,5419755,9799898
12079,5419755,10011420
12080,5419755,9485298
12081,5419755,9762100
12082,5419755,9654069
12083,5419755,9915222
12084,5419755,9766551
12085,5419755,9599400
12086,5419755,10068828
12087,5419755,10068828
12088,5419755,9298792
12089,5419755,9172139
12090,5419755,8893324
12091,5419755,9321226
12092,5419755,9321226
12093,5419755,9848720
12094,5419755,8986939
12095,5419755,8871445
12096,5419755,8871445
12097,5419755,8844493
12098,5419755,8790942
12099,5419755,8772919
12100,5419755,8439392
12101,5419755,8263726
12102,5419755,8263726
12103,5419755,7748482
12104,5419755,8138710
12105,5419755,8141786
12106,5419755,8425013
12107,5419755,8010354
12108,5419755,8244820
12109,5419755,8232756
12110,5419755,8973037
12111,5419755,8789991
12112,5419755,8747440
12113,5419755,8179958
12114,5419755,8556464
12115,5419755,9455215
12116,5419755,9029915
12117,5419755,8922826
12118,5419755,8739754
12119,5419755,8377940
12120,5419755,8063910
12121,5419755,8084886
12122,5419755,7203408
12123,5419755,6905544
12124,5419755,7177653
12125,5419755,7479054
12126,5419755,7441667
12127,5419755,7244867
12128,5419755,7938018
12129,5419755,7415289
12130,5419755,7471803
12131,5419755,7471803
12132,5419755,6855373
12133,5419755,7212840
12134,5419755,7856387
12135,5419755,7895846
12136,5419755,8416367
12137,5419755,8977789
12138,5419755,8960084
12139,5419755,8474978
12140,5419755,8400723
12141,5419755,8431368
12142,5419755,7764343
12143,5419755,7868503
12144,5419755,7832733
12145,5419755,7285904
12146,5419755,6969060
12147,5419755,7285559
12148,5419755,8093013
12149,5419755,8214915
12150,5419755,8659696
12151,5419755,8364646
12152,5419755,8366183
12153,5419755,8737719
12154,5419755,8294913
12155,5419755,8793022
12156,5419755,8709366
12157,5419755,8793022
12158,5419755,8793022
12159,5419755,8757432
12160,5419755,8365551
12161,5419755,8362177
12162,5419755,8563877
12163,5419755,8209615
12164,5419755,8487402
12165,5419755,8482867
12166,5419755,8799958
12167,5419755,8421453
12168,5419755,8626593
12169,5419755,8871904
12170,5419755,9112626
12171,5419755,9520657
12172,5419755,9718859
12173,5419755,9718859
12174,5419755,9708940
12175,5419755,9426324
12176,5419755,9691121
12177,5419755,9691121
12178,5419755,9551082
12179,5419755,9093114
12180,5419755,9385260
12181,5419755,9051064
12182,5419755,9052319
12183,5419755,8902572
12184,5419755,8904519
12185,5419755,8960045
12186,5419755,8960045
12187,5419755,9300352
12188,5419755,9283433
12189,5419755,9283433
12190,5419755,9301861
12191,5419755,9002547
12192,5419755,8470979
12193,5419755,8685283
12194,5419755,8494916
12195,5419755,8494916
12196,5419755,8363361
12197,5419755,8009629
12198,5419755,7841440
12199,5419755,7776736
12200,5419755,7776736
12201,5419755,7736127
12202,5419755,7881373
12203,5419755,8224535
12204,5419755,8951440
12205,5419755,9039057
12206,5419755,8985124
12207,5419755,8985124
12208,5419755,9446738
12209,5419755,9077459
12210,5419755,9339165
12211,5419755,9647944
12212,5419755,9730080
12213,5419755,9590082
12214,5419755,9308974
12215,5419755,9308974
12216,5419755,9660574
12217,5419755,9268182
12218,5419755,9421250
12219,5419755,9294274
12220,5419755,9294274
12221,5419755,9530119
12222,5419755,9876671
12223,5419755,9625644
12224,5419755,8895675
12225,5419755,8700763
12226,5419755,8331314
12227,5419755,8345574
12228,5419755,8007895
12229,5419755,7973720
12230,5419755,7513703
12231,5419755,8322135
12232,5419755,8250218
12233,5419755,8444758
12234,5419755,8444758
12235,5419755,8420577
12236,5419755,8475030
12237,5419755,8700324
12238,5419755,8677218
12239,5419755,8321725
12240,5419755,8141760
12241,5419755,8518528
12242,5419755,8939019
12243,5419755,8489273
12244,5419755,8142599
12245,5419755,8142599
12246,5419755,8283861
12247,5419755,7838621
12248,5419755,7784824
12249,5419755,8237646
12250,5419755,8237646
12251,5419755,7801710
12252,5419755,8014625
12253,5419755,7596740
12254,5419755,7596740
12255,5419755,7749068
12256,5419755,8335164
12257,5419755,9040722
12258,5419755,8992403
12259,5419755,9249781
12260,5419755,9231947
12261,5419755,9639066
12262,5419755,9102979
12263,5419755,9044278
12264,5419755,9004606
12265,5419755,9304118
12266,5419755,9349830
12267,5419755,8939198
12268,5419755,8760976
12269,5419755,8600066
12270,5419755,8860236
12271,5419755,8253263
12272,5419755,7755107
12273,5419755,8528592
12274,5419755,8051764
12275,5419755,8309203
12276,5419755,8309203
12277,5419755,7838469
12278,5419755,8645376
12279,5419755,9029486
12280,5419755,9029486
12281,5419755,8848101
12282,5419755,8517421
12283,5419755,8288042
12284,5419755,7723916
12285,5419755,7260705
12286,5419755,7382180
12287,5419755,7355892
12288,5419755,6987144
12289,5419755,7257575
12290,5419755,7148321
12291,5419755,7275548
12292,5419755,7275548
12293,5419755,7275548
12294,5419755,7180088
12295,5419755,7352838
12296,5419755,7756638
12297,5419755,7287210
12298,5419755,7313183
12299,5419755,7313183
12300,5419755,7237565
12301,5419755,8294924
12302,5419755,8476804
12303,5419755,8844062
12304,5419755,8776254
12305,5419755,8760304
12306,5419755,8733276
12307,5419755,8604875
12308,5419755,9523564
12309,5419755,9485519
12310,5419755,9477963
12311,5419755,9477963
12312,5419755,9705803
12313,5419755,9683688
12314,5419755,9597827
12315,5419755,9831287
12316,5419755,9432598
12317,5419755,8435072
12318,5419755,8249338
12319,5419755,8232599
12320,5419755,7998331
12321,5419755,7994485
12322,5419755,7966182
12323,5419755,7958243
12324,5419755,7950901
12325,5419755,8442387
12326,5419755,8741899
12327,5419755,8999016
12328,5419755,8839506
12329,5419755,9094724
12330,5419755,8809063
12331,5419755,8809063
12332,5419755,9077096
12333,5419755,8939167
12334,5419755,9017136
12335,5419755,8609427
12336,5419755,8521550
12337,5419755,8873471
12338,5419755,9010923
12339,5419755,9698532
12340,5419755,9653016
12341,5419755,9814414
12342,5419755,9745166
12343,5419755,10167284
12344,5419755,9964443
12345,5419755,9887846
12346,5419755,9665260
12347,5419755,10043559
12348,5419755,9750246
12349,5419755,10128966
12350,5419755,10119679
12351,5419755,10357554
12352,5419755,10284710
12353,5419755,10048822
12354,5419755,10291014
12355,5419755,10214287
12356,5419755,9875843
12357,5419755,9248929
12358,5419755,9154117
12359,5419755,9274294
12360,5419755,10256338
12361,5419755,10633550
12362,5419755,9724551
12363,5419755,9713656
12364,5419755,9501517
12365,5419755,9504824
12366,5419755,9504813
12367,5419755,9882616
12368,5419755,9393681
12369,5419755,9247379
12370,5419755,9247379
12371,5419755,8986857
12372,5419755,9219847
12373,5419755,9529755
12374,5419755,9408033
12375,5419755,8913636
12376,5419755,9844663
12377,5419755,9804886
12378,5419755,9379892
12379,5419755,9379892
12380,5419755,9599818
12381,5419755,9599818
12382,5419755,9717178
12383,5419755,10509164
12384,5419755,10488420
12385,5419755,10464433
12386,5419755,10411763
12387,5419755,10406776
12388,5419755,9510753
12389,5419755,9713749
12390,5419755,9713749
12391,5419755,8954441
12392,5419755,8532718
12393,5419755,8849275
12394,5419755,8039309
12395,5419755,8215851
12396,5419755,8215851
12397,5419755,7800201
12398,5419755,7711109
12399,5419755,7624080
12400,5419755,7644813
12401,5419755,7701150
12402,5419755,8123136
12403,5419755,8585765
12404,5419755,8518729
12405,5419755,8833631
12406,5419755,8981509
12407,5419755,9134922
12408,5419755,9008196
12409,5419755,8991592
12410,5419755,8991592
12411,5419755,8788249
12412,5419755,9150859
12413,5419755,9068607
12414,5419755,9599462
12415,5419755,9259253
12416,5419755,9351283
12417,5419755,10091347
12418,5419755,10382654
12419,5419755,10040793
12420,5419755,9838220
12421,5419755,10267996
12422,5419755,9649284
12423,5419755,9636481
12424,5419755,9631665
12425,5419755,9678358
12426,5419755,9074112
12427,5419755,9243922
12428,5419755,9129476
12429,5419755,9129476
12430,5419755,9775538
12431,5419755,9763260
12432,5419755,9763260
12433,5419755,10042565
12434,5419755,9162917
12435,5419755,9139232
12436,5419755,9139232
12437,5419755,9545630
12438,5419755,9545630
12439,5419755,8777850
12440,5419755,8736855
12441,5419755,8736855
12442,5419755,8720355
12443,5419755,8975346
12444,5419755,8406962
12445,5419755,8608695
12446,5419755,8608695
12447,5419755,8578997
12448,5419755,8291051
12449,5419755,8281140
12450,5419755,9285106
12451,5419755,9799735
12452,5419755,9778597
12453,5419755,9123263
12454,5419755,8589820
12455,5419755,8945349
12456,5419755,9632168
12457,5419755,10163736
12458,5419755,9881610
12459,5419755,10146611
12460,5419755,10559636
12461,5419755,10556308
12462,5419755,10010063
12463,5419755,10099514
12464,5419755,9887979
12465,5419755,10221976
12466,5419755,10104965
12467,5419755,10016234
12468,5419755,10096754
12469,5419755,9934522
12470,5419755,9622907
12471,5419755,9502782
12472,5419755,9877573
12473,5419755,9860521
12474,5419755,9869734
12475,5419755,9582540
12476,5419755,9582540
12477,5419755,9466338
12478,5419755,9497328
12479,5419755,9474838
12480,5419755,9638067
12481,5419755,9638067
12482,5419755,9638067
12483,5419755,9810821
12484,5419755,10484118
12485,5419755,10139942
12486,5419755,9868200
12487,5419755,9457548
12488,5419755,9792818
12489,5419755,10240017
12490,5419755,10240017
12491,5419755,9813131
12492,5419755,10064174
12493,5419755,10213096
12494,5419755,11299808
12495,5419755,11209149
12496,5419755,11219476
12497,5419755,11413864
12498,5419755,11436489
12499,5419755,11899603
12500,5419755,11038014
12501,5419755,10719892
12502,5419755,10683435
12503,5419755,10319250
12504,5419755,10704601
12505,5419755,9700130
12506,5419755,9202119
12507,5419755,9505844
12508,5419755,9114081
12509,5419755,9108157
12510,5419755,8731356
12511,5419755,9430595
12512,5419755,9147557
12513,5419755,9384865
12514,5419755,9673129
12515,5419755,9673129
12516,5419755,9675612
12517,5419755,10533959
12518,5419755,10390347
12519,5419755,10679636
12520,5419755,11248071
12521,5419755,11301025
12522,5419755,11544683
12523,5419755,11055228
12524,5419755,10414147
12525,5419755,9894917
12526,5419755,10164634
12527,5419755,9806725
12528,5419755,9558839
12529,5419755,5419755
12530,5419755,6756386
12531,5419755,6756386
12532,5419755,6720273
12533,5419755,6720273
12534,5419755,6717003
12535,5419755,6685051
12536,5419755,6685050
12537,5419755,6685050
12538,5419755,6685050
12539,5419755,6700118
12540,5419755,6700118
12541,5419755,6683778
12542,5419755,6668909
12543,5419755,6650989
12544,5419755,6617828
12545,5419755,6617828
12546,5419755,6617828
12547,5419755,6373545
12548,5419755,6373545
12549,5419755,6278428
12550,5419755,6090785
12551,5419755,6090785
12552,5419755,6090785
12553,5419755,6512670
12554,5419755,6512670
12555,5419755,7474054
12556,5419755,7349739
12557,5419755,7349739
12558,5419755,7315393
12559,5419755,7315393
12560,5419755,7296276
12561,5419755,7296276
12562,5419755,7296276
12563,5419755,7155432
12564,5419755,7155432
12565,5419755,7157106
12566,5419755,7034939
12567,5419755,6963087
12568,5419755,6963087
12569,5419755,6903086
12570,5419755,6887458
12571,5419755,6808859
12572,5419755,6731590
12573,5419755,6731590
12574,5419755,6589208
12575,5419755,6589208
12576,5419755,6537913
12577,5419755,6537913
12578,5419755,6533065
12579,5419755,6517318
12580,5419755,6517318
12581,5419755,7292091
12582,5419755,7292091
12583,5419755,7292091
12584,5419755,7248698
12585,5419755,7248698
12586,5419755,6855439
12587,5419755,6787607
12588,5419755,6787607
12589,5419755,6796635
12590,5419755,6796635
12591,5419755,6796635
12592,5419755,6790878
12593,5419755,7331884
12594,5419755,6727016
12595,5419755,6727016
12596,5419755,6853949
12597,5419755,6853949
12598,5419755,6853949
12599,5419755,6853949
12600,5419755,7403954
12601,5419755,7403954
12602,5419755,7381762
12603,5419755,7381762
12604,5419755,7381762
12605,5419755,7347823
12606,5419755,7347823
12607,5419755,7342044
12608,5419755,7342044
12609,5419755,7342044
12610,5419755,7342044
12611,5419755,8025570
12612,5419755,8091219
12613,5419755,8306187
12614,5419755,8171869
12615,5419755,8076193
12616,5419755,8065923
12617,5419755,7966989
12618,5419755,7966989
12619,5419755,7588153
12620,5419755,7588153
12621,5419755,7819260
12622,5419755,7819260
12623,5419755,7703075
12624,5419755,7725969
12625,5419755,7725969
12626,5419755,7725969
12627,5419755,7725969
12628,5419755,7804287
12629,5419755,7804287
12630,5419755,7801970
12631,5419755,7801970
12632,5419755,8101974
12633,5419755,8059963
12634,5419755,8011028
12635,5419755,8054632
12636,5419755,8829546
12637,5419755,8633686
12638,5419755,9007094
12639,5419755,9135030
12640,5419755,9135030
12641,5419755,8334625
12642,5419755,8510517
12643,5419755,8428228
12644,5419755,8346912
12645,5419755,8423837
12646,5419755,8423837
12647,5419755,8248356
12648,5419755,8248356
12649,5419755,8211010
12650,5419755,8211010
12651,5419755,8214803
12652,5419755,8143359
12653,5419755,8143359
12654,5419755,8143359
12655,5419755,8142967
12656,5419755,8142967
12657,5419755,8142967
12658,5419755,8142967
12659,5419755,8252413
12660,5419755,8186963
12661,5419755,8186963
12662,5419755,8186963
12663,5419755,8186963
12664,5419755,8186963
12665,5419755,8186963
12666,5419755,8186963
12667,5419755,7460464
12668,5419755,7416193
12669,5419755,7844301
12670,5419755,7676048
12671,5419755,8561050
12672,5419755,8552593
12673,5419755,8552593
12674,5419755,7934780
12675,5419755,7915310
12676,5419755,7422036
12677,5419755,7422036
12678,5419755,7376233
12679,5419755,7306638
12680,5419755,7306638
12681,5419755,7306638
12682,5419755,7306638
12683,5419755,7306638
12684,5419755,7206100
12685,5419755,7155919
12686,5419755,7155919
12687,5419755,7155919
12688,5419755,7155919
12689,5419755,7106110
12690,5419755,7096391
12691,5419755,7096391
12692,5419755,6608462
12693,5419755,7368349
12694,5419755,8602875
12695,5419755,8813535
12696,5419755,8779013
12697,5419755,8739197
12698,5419755,8590762
12699,5419755,8608242
12700,5419755,9039969
12701,5419755,9124569
12702,5419755,9124569
12703,5419755,8994887
12704,5419755,8945066
12705,5419755,8945066
12706,5419755,8817618
12707,5419755,8817618
12708,5419755,8817618
12709,5419755,8813273
12710,5419755,8900310
12711,5419755,8779744
12712,5419755,8744931
12713,5419755,8304825
12714,5419755,8288630
12715,5419755,8213802
12716,5419755,8170011
12717,5419755,8170011
12718,5419755,8151675
12719,5419755,8151674
12720,5419755,8151674
12721,5419755,8151674
12722,5419755,8312576
12723,5419755,9199970
12724,5419755,9148234
12725,5419755,9148234
12726,5419755,9068465
12727,5419755,9068465
12728,5419755,9068465
12729,5419755,9054902
12730,5419755,9054902
12731,5419755,8991616
12732,5419755,8939908
12733,5419755,8849913
12734,5419755,8034989
12735,5419755,8034989
12736,5419755,8026317
12737,5419755,7995278
12738,5419755,7943556
12739,5419755,8226268
12740,5419755,8061616
12741,5419755,8061616
12742,5419755,8061616
12743,5419755,8524510
12744,5419755,8524510
12745,5419755,8418691
12746,5419755,8418691
12747,5419755,8418691
12748,5419755,8418691
12749,5419755,8401749
12750,5419755,8401749
12751,5419755,8384739
12752,5419755,8384739
12753,5419755,8384739
12754,5419755,9061480
12755,5419755,9061480
12756,5419755,8662330
12757,5419755,8671121
12758,5419755,8073511
12759,5419755,8005472
12760,5419755,8005472
12761,5419755,7859568
12762,5419755,8243690
12763,5419755,8158378
12764,5419755,8023978
12765,5419755,8567168
12766,5419755,8566277
12767,5419755,8566277
12768,5419755,9377385
12769,5419755,9377385
12770,5419755,9477584
12771,5419755,9477584
12772,5419755,9477584
12773,5419755,9477584
12774,5419755,9416289
12775,5419755,9416289
12776,5419755,9367265
12777,5419755,9234885
12778,5419755,10060393
12779,5419755,9914630
12780,5419755,9892929
12781,5419755,9799921
12782,5419755,9741408
12783,5419755,9643878
12784,5419755,9348828
12785,5419755,9329444
12786,5419755,8914991
12787,5419755,8914991
12788,5419755,8914991
12789,5419755,8858732
12790,5419755,8812109
12791,5419755,8825636
12792,5419755,7966137
12793,5419755,7909106
12794,5419755,7823179
12795,5419755,7402631
12796,5419755,7321225
12797,5419755,7267154
12798,5419755,7192938
12799,5419755,7433142
12800,5419755,7433142
12801,5419755,7001313
12802,5419755,7001313
12803,5419755,7636445
12804,5419755,7636445
12805,5419755,8145369
12806,5419755,8073437
12807,5419755,8652588
12808,5419755,8183159
12809,5419755,8026291
12810,5419755,8316732
12811,5419755,8914994
12812,5419755,8889893
12813,5419755,8889893
12814,5419755,9388674
12815,5419755,9287361
12816,5419755,9287165
12817,5419755,9264906
12818,5419755,9233534
12819,5419755,9961977
12820,5419755,9910684
12821,5419755,9864117
12822,5419755,9740097
12823,5419755,9657741
12824,5419755,9720030
12825,5419755,9666178
12826,5419755,9662667
12827,5419755,9608300
12828,5419755,9557820
12829,5419755,9557820
12830,5419755,9557820
12831,5419755,9439277
12832,5419755,8812363
12833,5419755,8722722
12834,5419755,8722722
12835,5419755,8584632
12836,5419755,8584632
12837,5419755,8584632
12838,5419755,8584632
12839,5419755,8584632
12840,5419755,8952831
12841,5419755,8952831
12842,5419755,8952831
12843,5419755,8868139
12844,5419755,8563434
12845,5419755,8563434
12846,5419755,9106984
12847,5419755,9047613
12848,5419755,8746474
12849,5419755,9202660
12850,5419755,9083624
12851,5419755,7899835
12852,5419755,7899835
12853,5419755,7804240
12854,5419755,7764826
12855,5419755,7596093
12856,5419755,7646838
12857,5419755,7366770
12858,5419755,7335327
12859,5419755,7208199
12860,5419755,7294721
12861,5419755,7192377
12862,5419755,7522805
12863,5419755,7522805
12864,5419755,7473408
12865,5419755,7337274
12866,5419755,7337274
12867,5419755,7314697
12868,5419755,7265143
12869,5419755,7325570
12870,5419755,7325570
12871,5419755,7325570
12872,5419755,7280246
12873,5419755,7280246
12874,5419755,7280246
12875,5419755,7311730
12876,5419755,7283591
12877,5419755,7283591
12878,5419755,7213645
12879,5419755,7203838
12880,5419755,7203838
12881,5419755,7247745
12882,5419755,7247745
12883,5419755,7226970
12884,5419755,7226970
12885,5419755,7226970
12886,5419755,7054342
12887,5419755,6993990
12888,5419755,6993990
12889,5419755,6989797
12890,5419755,6284012
12891,5419755,6284012
12892,5419755,6284012
12893,5419755,6284012
12894,5419755,6284012
12895,5419755,6250650
12896,5419755,6250650
12897,5419755,6670290
12898,5419755,6670290
12899,5419755,6666460
12900,5419755,6666460
12901,5419755,6666460
12902,5419755,6315582
12903,5419755,6314670
12904,5419755,6317882
12905,5419755,6317882
12906,5419755,6095971
12907,5419755,6095971
12908,5419755,6095971
12909,5419755,6042202
12910,5419755,5927248
12911,5419755,5923670
12912,5419755,5923670
12913,5419755,5923670
12914,5419755,5923670
12915,5419755,6239487
12916,5419755,6239487
12917,5419755,6233579
12918,5419755,6224148
12919,5419755,6224148
12920,5419755,6221587
12921,5419755,6221587
12922,5419755,7182906
12923,5419755,7606215
12924,5419755,7583581
12925,5419755,7939415
12926,5419755,7864717
12927,5419755,7864717
12928,5419755,7727482
12929,5419755,7304173
12930,5419755,7251941
12931,5419755,7250995
12932,5419755,7214720
12933,5419755,7214720
12934,5419755,8029998
12935,5419755,8160117
12936,5419755,8165432
12937,5419755,8100965
12938,5419755,8524905
12939,5419755,8793431
12940,5419755,8767319
12941,5419755,8676383
12942,5419755,8676383
12943,5419755,8672668
12944,5419755,8672668
12945,5419755,8238381
12946,5419755,8238381
12947,5419755,8238381
12948,5419755,8691356
12949,5419755,8607371
12950,5419755,8283294
12951,5419755,8206223
12952,5419755,8192259
12953,5419755,8183743
12954,5419755,8170658
12955,5419755,7659135
12956,5419755,7638365
12957,5419755,7580168
12958,5419755,7524993
12959,5419755,7524992
12960,5419755,7560321
12961,5419755,7461665
12962,5419755,7451045
12963,5419755,7334674
12964,5419755,7333784
12965,5419755,7333784
12966,5419755,7333784
12967,5419755,7333784
12968,5419755,7179492
12969,5419755,7179492
12970,5419755,7179492
12971,5419755,7179492
12972,5419755,7110015
12973,5419755,7092765
12974,5419755,7009320
12975,5419755,7009320
12976,5419755,7009320
12977,5419755,7009320
12978,5419755,7009320
12979,5419755,6913808
12980,5419755,6913808
12981,5419755,6913808
12982,5419755,7897099
12983,5419755,7897099
12984,5419755,7990821
12985,5419755,7990821
12986,5419755,7990821
12987,5419755,7968076
12988,5419755,7407599
12989,5419755,7407599
12990,5419755,7407599
12991,5419755,7318231
12992,5419755,7182711
12993,5419755,7182711
12994,5419755,7182711
12995,5419755,7182711
12996,5419755,7182244
12997,5419755,7182244
12998,5419755,7182244
12999,5419755,7182244
13000,5419755,7267371
13001,5419755,7267371
13002,5419755,7257094
13003,5419755,7904217
13004,5419755,7905951
13005,5419755,7905951
13006,5419755,7763239
13007,5419755,7699002
13008,5419755,7699002
13009,5419755,7588181
13010,5419755,7588181
13011,5419755,7494653
13012,5419755,7309570
13013,5419755,8249381
13014,5419755,8248177
13015,5419755,8248177
13016,5419755,8248177
13017,5419755,8162884
13018,5419755,8159348
13019,5419755,8152985
13020,5419755,7693813
13021,5419755,7673797
13022,5419755,8225451
13023,5419755,8225451
13024,5419755,8085210
13025,5419755,7633049
13026,5419755,7518774
13027,5419755,7843211
13028,5419755,7843211
13029,5419755,8099472
13030,5419755,8843034
13031,5419755,8720760
13032,5419755,9082299
13033,5419755,9082299
13034,5419755,9661629
13035,5419755,9282575
13036,5419755,8909253
13037,5419755,7883512
13038,5419755,7837278
13039,5419755,7794037
13040,5419755,7615426
13041,5419755,7462495
13042,5419755,7329146
13043,5419755,7288631
13044,5419755,7745186
13045,5419755,7558814
13046,5419755,7692301
13047,5419755,7446260
13048,5419755,7391164
13049,5419755,8170446
13050,5419755,8170446
13051,5419755,8193745
13052,5419755,8172143
13053,5419755,8582367
13054,5419755,8932397
13055,5419755,9016472
13056,5419755,9307235
13057,5419755,8075204
13058,5419755,8075204
13059,5419755,8045810
13060,5419755,8971435
13061,5419755,8250875
13062,5419755,7556822
13063,5419755,7533238
13064,5419755,7960882
13065,5419755,8332865
13066,5419755,8495456
13067,5419755,8749542
13068,5419755,8662188
13069,5419755,8376685
13070,5419755,8270555
13071,5419755,8270555
13072,5419755,8201088
13073,5419755,8221535
13074,5419755,8438360
13075,5419755,8681591
13076,5419755,8394276
13077,5419755,8124791
13078,5419755,8120536
13079,5419755,8145017
13080,5419755,8145017
13081,5419755,8061021
13082,5419755,8295220
13083,5419755,8395226
13084,5419755,8253846
13085,5419755,8253846
13086,5419755,8239456
13087,5419755,9010016
13088,5419755,8940426
13089,5419755,9187140
13090,5419755,9214225
13091,5419755,9008520
13092,5419755,9267888
13093,5419755,9181894
13094,5419755,8717765
13095,5419755,8715265
13096,5419755,8596714
13097,5419755,8951433
13098,5419755,8616602
13099,5419755,8863255
13100,5419755,9005083
13101,5419755,8609819
13102,5419755,9102308
13103,5419755,9012797
13104,5419755,8549699
13105,5419755,8202601
13106,5419755,7589232
13107,5419755,8303547
13108,5419755,8131390
13109,5419755,7998125
13110,5419755,8106396
13111,5419755,9229773
13112,5419755,8292003
13113,5419755,7868675
13114,5419755,7868675
13115,5419755,8217976
13116,5419755,8924850
13117,5419755,9303443
13118,5419755,8844576
13119,5419755,9258069
13120,5419755,8613788
13121,5419755,8236571
13122,5419755,9068790
13123,5419755,9068790
13124,5419755,9025122
13125,5419755,8984713
13126,5419755,8982415
13127,5419755,8915992
13128,5419755,8400569
13129,5419755,8400569
13130,5419755,8359448
13131,5419755,7890107
13132,5419755,7827927
13133,5419755,7734335
13134,5419755,7375823
13135,5419755,7653237
13136,5419755,7394787
13137,5419755,7236652
13138,5419755,7276254
13139,5419755,7624414
13140,5419755,7558175
13141,5419755,7889471
13142,5419755,8166076
13143,5419755,8166076
13144,5419755,8120449
13145,5419755,8074297
13146,5419755,7671365
13147,5419755,7671365
13148,5419755,7996504
13149,5419755,8479218
13150,5419755,8204389
13151,5419755,8200734
13152,5419755,8548832
13153,5419755,8848232
13154,5419755,9279002
13155,5419755,9203526
13156,5419755,9195954
13157,5419755,9953332
13158,5419755,10015314
13159,5419755,10072856
13160,5419755,10124335
13161,5419755,8979783
13162,5419755,9511351
13163,5419755,9513423
13164,5419755,9778335
13165,5419755,10220868
13166,5419755,10363557
13167,5419755,10303533
13168,5419755,10365188
13169,5419755,10244841
13170,5419755,9775087
13171,5419755,9595816
13172,5419755,9786530
13173,5419755,9773342
13174,5419755,9890630
13175,5419755,10371059
13176,5419755,10604518
13177,5419755,10035083
13178,5419755,10363967
13179,5419755,10146922
13180,5419755,10093117
13181,5419755,10051942
13182,5419755,10273718
13183,5419755,9965328
13184,5419755,9880999
13185,5419755,9455523
13186,5419755,9506506
13187,5419755,9699027
13188,5419755,10231084
13189,5419755,10124066
13190,5419755,9976325
13191,5419755,9598940
13192,5419755,10376355
13193,5419755,10205479
13194,5419755,10528747
13195,5419755,10233694
13196,5419755,10012444
13197,5419755,10382809
13198,5419755,10099815
13199,5419755,9601962
13200,5419755,9651359
13201,5419755,9326220
13202,5419755,9129531
13203,5419755,9107540
13204,5419755,9109766
13205,5419755,8977535
13206,5419755,8834186
13207,5419755,8133029
13208,5419755,8324539
13209,5419755,8739337
13210,5419755,8694322
13211,5419755,8380162
13212,5419755,8528122
13213,5419755,8513221
13214,5419755,8501311
13215,5419755,8491805
13216,5419755,8408376
13217,5419755,8213353
13218,5419755,8163142
13219,5419755,8157280
13220,5419755,8157280
13221,5419755,8153816
13222,5419755,7762014
13223,5419755,7507753
13224,5419755,7656333
13225,5419755,7970027
13226,5419755,7450521
13227,5419755,7429191
13228,5419755,7660887
13229,5419755,7986583
13230,5419755,7986583
13231,5419755,8123519
13232,5419755,8491503
13233,5419755,8485056
13234,5419755,8014186
13235,5419755,7728216
13236,5419755,7190108
13237,5419755,7631640
13238,5419755,8090822
13239,5419755,7752800
13240,5419755,7845418
13241,5419755,8244581
13242,5419755,8174317
13243,5419755,9029420
13244,5419755,9029420
13245,5419755,8556838
13246,5419755,8508237
13247,5419755,8521547
13248,5419755,8521547
13249,5419755,9355425
13250,5419755,9153727
13251,5419755,9441868
13252,5419755,9440922
13253,5419755,9323832
13254,5419755,9323832
13255,5419755,9244785
13256,5419755,9213089
13257,5419755,8847655
13258,5419755,9207673
13259,5419755,9222378
13260,5419755,9127142
13261,5419755,9125103
13262,5419755,9050356
13263,5419755,8811891
13264,5419755,8811891
13265,5419755,8811891
13266,5419755,8811891
13267,5419755,9343856
13268,5419755,9121111
13269,5419755,9505270
13270,5419755,8991632
13271,5419755,8122531
13272,5419755,8554585
13273,5419755,8057092
13274,5419755,8289846
13275,5419755,7423050
13276,5419755,7191448
13277,5419755,7049988
13278,5419755,7577719
13279,5419755,7973069
13280,5419755,8558425
13281,5419755,7818183
13282,5419755,7262790
13283,5419755,6755661
13284,5419755,6755661
13285,5419755,6755661
13286,5419755,6881794
13287,5419755,6912152
13288,5419755,7602014
13289,5419755,7990827
13290,5419755,8297629
13291,5419755,8351886
13292,5419755,8298107
13293,5419755,8298107
13294,5419755,8382805
13295,5419755,8367671
13296,5419755,7799441
13297,5419755,7770091
13298,5419755,7770091
13299,5419755,8781599
13300,5419755,8416770
13301,5419755,8416770
13302,5419755,8260494
13303,5419755,8685778
13304,5419755,8734410
13305,5419755,8549657
13306,5419755,8553493
13307,5419755,8287747
13308,5419755,8597224
13309,5419755,8547436
13310,5419755,8547436
13311,5419755,8329513
13312,5419755,7015262
13313,5419755,6905882
13314,5419755,7421129
13315,5419755,7421129
13316,5419755,7937556
13317,5419755,7916636
13318,5419755,8018585
13319,5419755,8122010
13320,5419755,8027325
13321,5419755,8297035
13322,5419755,8516188
13323,5419755,9346958
13324,5419755,9181832
13325,5419755,8980799
13326,5419755,8945202
13327,5419755,8945202
13328,5419755,9071096
13329,5419755,10189793
13330,5419755,10490570
13331,5419755,10431973
13332,5419755,10903995
13333,5419755,11291651
13334,5419755,10997385
13335,5419755,10621456
13336,5419755,10485761
13337,5419755,10382277
13338,5419755,10379273
13339,5419755,9193856
13340,5419755,9518995
13341,5419755,9484369
13342,5419755,9886008
13343,5419755,9864777
13344,5419755,9711872
13345,5419755,9711872
13346,5419755,9487634
13347,5419755,9487634
13348,5419755,9222753
13349,5419755,9612963
13350,5419755,9449990
13351,5419755,9402845
13352,5419755,9810848
13353,5419755,10019972
13354,5419755,9784517
13355,5419755,10286169
13356,5419755,9612899
13357,5419755,9796963
13358,5419755,10128928
13359,5419755,9493044
13360,5419755,9411464
13361,5419755,9827518
13362,5419755,9651263
13363,5419755,10538989
13364,5419755,10358649
13365,5419755,10358649
13366,5419755,9985302
13367,5419755,9985302
13368,5419755,9390286
13369,5419755,9847133
13370,5419755,9908961
13371,5419755,9904042
13372,5419755,9859965
13373,5419755,8704158
13374,5419755,8636185
13375,5419755,8652704
13376,5419755,8286965
13377,5419755,8311576
13378,5419755,8794284
13379,5419755,9217859
13380,5419755,9222778
13381,5419755,9152377
13382,5419755,9331342
13383,5419755,9331592
13384,5419755,9120057
13385,5419755,9369881
13386,5419755,8541308
13387,5419755,8347374
13388,5419755,8767499
13389,5419755,8886624
13390,5419755,8931752
13391,5419755,8850739
13392,5419755,8793123
13393,5419755,8684555
13394,5419755,8684555
13395,5419755,8684555
13396,5419755,8684555
13397,5419755,8428244
13398,5419755,8381219
13399,5419755,7727440
13400,5419755,7923486
13401,5419755,7193023
13402,5419755,6686543
13403,5419755,6544863
13404,5419755,6902822
13405,5419755,7362289
13406,5419755,7123976
13407,5419755,7505979
13408,5419755,7444906
13409,5419755,7590485
13410,5419755,7553213
13411,5419755,7446384
13412,5419755,7177997
13413,5419755,7059187
13414,5419755,7069713
13415,5419755,7069713
13416,5419755,7069713
13417,5419755,7334597
13418,5419755,7334597
13419,5419755,7115010
13420,5419755,7115010
13421,5419755,7954968
13422,5419755,7543126
13423,5419755,7834761
13424,5419755,7519755
13425,5419755,7519755
13426,5419755,8277133
13427,5419755,8705663
13428,5419755,8808824
13429,5419755,8886552
13430,5419755,8886419
13431,5419755,8886419
13432,5419755,8882387
13433,5419755,9156249
13434,5419755,9156249
13435,5419755,9144437
13436,5419755,9146046
13437,5419755,9146046
13438,5419755,8715444
13439,5419755,9628252
13440,5419755,9628251
13441,5419755,9831904
13442,5419755,9829662
13443,5419755,10477535
13444,5419755,10477535
13445,5419755,10156516
13446,5419755,10872302
13447,5419755,10856650
13448,5419755,10175012
13449,5419755,10325344
13450,5419755,9879098
13451,5419755,9964507
13452,5419755,9762155
13453,5419755,9762155
13454,5419755,9289708
13455,5419755,9142884
13456,5419755,9301795
13457,5419755,9265014
13458,5419755,9367266
13459,5419755,9645417
13460,5419755,9590227
13461,5419755,9580170
13462,5419755,8243962
13463,5419755,8203194
13464,5419755,8105870
13465,5419755,8105767
13466,5419755,7855861
13467,5419755,7600918
13468,5419755,7491235
13469,5419755,6936156
13470,5419755,7010439
13471,5419755,7506363
13472,5419755,7792236
13473,5419755,8001547
13474,5419755,7576262
13475,5419755,7281781
13476,5419755,8023268
13477,5419755,7537379
13478,5419755,7828425
13479,5419755,9346186
13480,5419755,8611543
13481,5419755,9185651
13482,5419755,9025082
13483,5419755,9014832
13484,5419755,8566473
13485,5419755,8435481
13486,5419755,8901571
13487,5419755,9311812
13488,5419755,9274156
13489,5419755,8210042
13490,5419755,8210042
13491,5419755,8492088
13492,5419755,8041788
13493,5419755,8053723
13494,5419755,8044997
13495,5419755,8131974
13496,5419755,7845358
13497,5419755,7853168
13498,5419755,8028486
13499,5419755,8028486
13500,5419755,8483055
13501,5419755,8451302
13502,5419755,8663076
13503,5419755,8975394
13504,5419755,8898753
13505,5419755,8643286
13506,5419755,8902010
13507,5419755,8896328
13508,5419755,9095744
13509,5419755,7708384
13510,5419755,7508758
13511,5419755,7508758
13512,5419755,7508758
13513,5419755,7164385
13514,5419755,7383016
13515,5419755,7941977
13516,5419755,7771598
13517,5419755,8387732
13518,5419755,8295094
13519,5419755,8295094
13520,5419755,8557642
13521,5419755,8687512
13522,5419755,8621376
13523,5419755,8702036
13524,5419755,8662796
13525,5419755,8800510
13526,5419755,8800510
13527,5419755,9303376
13528,5419755,9114611
13529,5419755,9093322
13530,5419755,8763783
13531,5419755,8763783
13532,5419755,9317032
13533,5419755,9142066
13534,5419755,9091422
13535,5419755,8536259
13536,5419755,8653981
13537,5419755,8675335
13538,5419755,8675335
13539,5419755,8675335
13540,5419755,8675335
13541,5419755,9465940
13542,5419755,9210214
13543,5419755,9457723
13544,5419755,9070592
13545,5419755,9389664
13546,5419755,9894202
13547,5419755,9437136
13548,5419755,8065957
13549,5419755,8326844
13550,5419755,8217418
13551,5419755,8490510
13552,5419755,8484828
13553,5419755,9292147
13554,5419755,9292044
13555,5419755,9232433
13556,5419755,9232026
13557,5419755,9024355
13558,5419755,9367356
13559,5419755,9691740
13560,5419755,9299588
13561,5419755,9268137
13562,5419755,9713432
13563,5419755,10184551
13564,5419755,10397056
13565,5419755,9681517
13566,5419755,9309054
13567,5419755,8779481
13568,5419755,9163137
13569,5419755,9071344
13570,5419755,9047716
13571,5419755,8769566
13572,5419755,8769566
13573,5419755,8212791
13574,5419755,8208195
13575,5419755,8092726
13576,5419755,7832097
13577,5419755,7709641
13578,5419755,7707582
13579,5419755,7680296
13580,5419755,7756634
13581,5419755,7397048
13582,5419755,7433875
13583,5419755,7753128
13584,5419755,7624445
13585,5419755,7614894
13586,5419755,7645024
13587,5419755,8649243
13588,5419755,8646039
13589,5419755,8552828
13590,5419755,7928702
13591,5419755,7349372
13592,5419755,7857327
13593,5419755,7857327
13594,5419755,7838506
13595,5419755,7339365
13596,5419755,7663556
13597,5419755,7646438
13598,5419755,7549641
13599,5419755,7905880
13600,5419755,7334148
13601,5419755,7309074
13602,5419755,7321640
13603,5419755,7276979
13604,5419755,7744675
13605,5419755,7744675
13606,5419755,7879410
13607,5419755,8658961
13608,5419755,9074559
13609,5419755,9003538
13610,5419755,8734682
13611,5419755,9059821
13612,5419755,9208879
13613,5419755,9944833
13614,5419755,9903926
13615,5419755,10133920
13616,5419755,10353456
13617,5419755,10187195
13618,5419755,10153829
13619,5419755,10152719
13620,5419755,10084697
13621,5419755,10283404
13622,5419755,10692028
13623,5419755,10670139
13624,5419755,10689045
13625,5419755,11315582
13626,5419755,10934100
13627,5419755,10842447
13628,5419755,10557063
13629,5419755,11005015
13630,5419755,10552973
13631,5419755,10510778
13632,5419755,10701157
13633,5419755,10411845
13634,5419755,10899729
13635,5419755,11304928
13636,5419755,10515007
13637,5419755,10515007
13638,5419755,10879047
13639,5419755,10687353
13640,5419755,10898495
13641,5419755,10637364
13642,5419755,10625717
13643,5419755,9799346
13644,5419755,9586479
13645,5419755,9241069
13646,5419755,9068082
13647,5419755,9059283
13648,5419755,8709179
13649,5419755,8701574
13650,5419755,8701574
13651,5419755,7969567
13652,5419755,8240874
13653,5419755,8218053
13654,5419755,8509019
13655,5419755,8509019
13656,5419755,8494875
13657,5419755,7761372
13658,5419755,8244204
13659,5419755,8534570
13660,5419755,8516074
13661,5419755,8655839
13662,5419755,8475110
13663,5419755,8483665
13664,5419755,8915238
13665,5419755,8727467
13666,5419755,8686223
13667,5419755,8798775
13668,5419755,8463338
13669,5419755,8463338
13670,5419755,8216163
13671,5419755,8216163
13672,5419755,8300581
13673,5419755,8194856
13674,5419755,8124266
13675,5419755,8082916
13676,5419755,8081609
13677,5419755,8139151
13678,5419755,8655094
13679,5419755,8241607
13680,5419755,7604744
13681,5419755,7527153
13682,5419755,7402431
13683,5419755,7517990
13684,5419755,7517990
13685,5419755,8082644
13686,5419755,8138856
13687,5419755,8237022
13688,5419755,8237022
13689,5419755,8318522
13690,5419755,7893393
13691,5419755,8172828
13692,5419755,7797047
13693,5419755,8047154
13694,5419755,7838807
13695,5419755,8211176
13696,5419755,8360751
13697,5419755,8503925
13698,5419755,8398038
13699,5419755,7724600
13700,5419755,7959232
13701,5419755,7018660
13702,5419755,7053480
13703,5419755,7461085
13704,5419755,7450457
13705,5419755,7438979
13706,5419755,7438979
13707,5419755,7336902
13708,5419755,7790996
13709,5419755,8004738
13710,5419755,8820391
13711,5419755,8659520
13712,5419755,8495671
13713,5419755,8804876
13714,5419755,8760878
13715,5419755,9212287
13716,5419755,9317771
13717,5419755,9310803
13718,5419755,9274423
13719,5419755,9191093
13720,5419755,9301031
13721,5419755,9962765
13722,5419755,10028153
13723,5419755,10605350
13724,5419755,10605350
13725,5419755,10966766
13726,5419755,10937361
13727,5419755,11081560
13728,5419755,11708347
13729,5419755,11431607
13730,5419755,11738814
13731,5419755,11220668
13732,5419755,11688993
13733,5419755,11638259
13734,5419755,11251313
13735,5419755,10444088
13736,5419755,10441894
13737,5419755,10630048
13738,5419755,10822132
13739,5419755,10797364
13740,5419755,10731400
13741,5419755,10625277
13742,5419755,10625277
13743,5419755,10427294
13744,5419755,10401025
13745,5419755,10401025
13746,5419755,10401025
13747,5419755,10469380
13748,5419755,10526921
13749,5419755,9602438
13750,5419755,9069406
13751,5419755,9069406
13752,5419755,9061628
13753,5419755,8120166
13754,5419755,8943018
13755,5419755,8943018
13756,5419755,8754346
13757,5419755,8859486
13758,5419755,9178944
13759,5419755,9530643
13760,5419755,10663444
13761,5419755,10663444
13762,5419755,10490249
13763,5419755,10485639
13764,5419755,11121115
13765,5419755,11117002
13766,5419755,11117002
13767,5419755,10475465
13768,5419755,10368052
13769,5419755,10607761
13770,5419755,9925081
13771,5419755,9668148
13772,5419755,9663113
13773,5419755,10051659
13774,5419755,9720842
13775,5419755,9238573
13776,5419755,9212017
13777,5419755,9205208
13778,5419755,8276267
13779,5419755,8909731
13780,5419755,8897468
13781,5419755,8661237
13782,5419755,8300822
13783,5419755,8298788
13784,5419755,8449733
13785,5419755,8740226
13786,5419755,8232682
13787,5419755,7857145
13788,5419755,7303050
13789,5419755,7303050
13790,5419755,7535075
13791,5419755,7320771
13792,5419755,7320771
13793,5419755,7320771
13794,5419755,7320771
13795,5419755,7615821
13796,5419755,7516905
13797,5419755,7753203
13798,5419755,7417079
13799,5419755,7417079
13800,5419755,7626389
13801,5419755,7626389
13802,5419755,7586911
13803,5419755,7568705
13804,5419755,7803836
13805,5419755,8098886
13806,5419755,8346662
13807,5419755,8966924
13808,5419755,9158354
13809,5419755,9158354
13810,5419755,9622204
13811,5419755,9610445
13812,5419755,9581636
13813,5419755,9215049
13814,5419755,9205988
13815,5419755,8910928
13816,5419755,8890557
13817,5419755,8752010
13818,5419755,9886188
13819,5419755,10407348
13820,5419755,10244470
13821,5419755,10346649
13822,5419755,11154888
13823,5419755,11529491
13824,5419755,12863514
13825,5419755,12437023
13826,5419755,12739657
13827,5419755,12205220
13828,5419755,12469192
13829,5419755,12257971
13830,5419755,12206744
13831,5419755,11726995
13832,5419755,10953610
13833,5419755,9819508
13834,5419755,10043758
13835,5419755,9858965
13836,5419755,9741468
13837,5419755,10239788
13838,5419755,9894244
13839,5419755,9786271
13840,5419755,9786271
13841,5419755,9579636
13842,5419755,10148754
13843,5419755,9514969
13844,5419755,9514966
13845,5419755,9330288
13846,5419755,10507605
13847,5419755,10438676
13848,5419755,10066466
13849,5419755,10040368
13850,5419755,10756644
13851,5419755,11032703
13852,5419755,10495774
13853,5419755,10765554
13854,5419755,11193443
13855,5419755,11396439
13856,5419755,11154265
13857,5419755,11362263
13858,5419755,11210142
13859,5419755,11304318
13860,5419755,11108898
13861,5419755,11272519
13862,5419755,11013057
13863,5419755,10934893
13864,5419755,10852041
13865,5419755,10815972
13866,5419755,10694860
13867,5419755,10627974
13868,5419755,10368148
13869,5419755,10368148
13870,5419755,10274877
13871,5419755,10368878
13872,5419755,10368878
13873,5419755,10330256
13874,5419755,10604365
13875,5419755,10038438
13876,5419755,9931406
13877,5419755,10393020
13878,5419755,10312663
13879,5419755,10250100
13880,5419755,10206190
13881,5419755,10144366
13882,5419755,10144366
13883,5419755,9810092
13884,5419755,9750448
13885,5419755,9599734
13886,5419755,9313278
13887,5419755,9755561
13888,5419755,9749247
13889,5419755,9741637
13890,5419755,10413364
13891,5419755,10118545
13892,5419755,10093868
13893,5419755,10059527
13894,5419755,10266011
13895,5419755,10212600
13896,5419755,10082070
13897,5419755,10490605
13898,5419755,10064894
13899,5419755,10500747
13900,5419755,10485927
13901,5419755,10736169
13902,5419755,10749974
13903,5419755,10743779
13904,5419755,10743779
13905,5419755,9852588
13906,5419755,9405955
13907,5419755,8747359
13908,5419755,8732532
13909,5419755,8652995
13910,5419755,8652995
13911,5419755,8721127
13912,5419755,8421368
13913,5419755,8339582
13914,5419755,8339358
13915,5419755,8276765
13916,5419755,8276765
13917,5419755,8584710
13918,5419755,8494827
13919,5419755,8349732
13920,5419755,8345070
13921,5419755,8516154
13922,5419755,8516154
13923,5419755,8520816
13924,5419755,8420610
13925,5419755,8596745
13926,5419755,8453555
13927,5419755,8432890
13928,5419755,8422990
13929,5419755,7913152
13930,5419755,7869095
13931,5419755,8375426
13932,5419755,8169286
13933,5419755,8690975
13934,5419755,8273515
13935,5419755,8113294
13936,5419755,9286421
13937,5419755,8624040
13938,5419755,8489687
13939,5419755,8568314
13940,5419755,8525226
13941,5419755,9019191
13942,5419755,9027880
13943,5419755,9027880
13944,5419755,8291691
13945,5419755,8300028
13946,5419755,8213113
13947,5419755,8606737
13948,5419755,8827679
13949,5419755,9171513
13950,5419755,8797412
13951,5419755,8732384
13952,5419755,8453486
13953,5419755,9126886
13954,5419755,9212726
13955,5419755,9052440
13956,5419755,8996111
13957,5419755,8974874
13958,5419755,8974874
13959,5419755,8973198
13960,5419755,9720754
13961,5419755,9699731
13962,5419755,9565909
13963,5419755,10403951
13964,5419755,10465773
13965,5419755,10574924
13966,5419755,8997109
13967,5419755,8727040
13968,5419755,8717212
13969,5419755,8474232
13970,5419755,8821039
13971,5419755,8756651
13972,5419755,8752602
13973,5419755,9470993
13974,5419755,9470993
13975,5419755,9845745
13976,5419755,9749584
13977,5419755,9708490
13978,5419755,10210946
13979,5419755,10162476
13980,5419755,9953398
13981,5419755,9815881
13982,5419755,10521702
13983,5419755,10315490
13984,5419755,10612553
13985,5419755,10604193
13986,5419755,10684879
13987,5419755,10633159
13988,5419755,10389631
13989,5419755,10286970
13990,5419755,10281939
13991,5419755,10186098
13992,5419755,10023236
13993,5419755,9582900
13994,5419755,9618545
13995,5419755,9618545
13996,5419755,10497642
13997,5419755,10497642
13998,5419755,9137768
13999,5419755,9271983
14000,5419755,9293019
14001,5419755,8962407
14002,5419755,9221069
14003,5419755,9221069
14004,5419755,9210291
14005,5419755,9115415
14006,5419755,10244268
14007,5419755,10267383
14008,5419755,10945019
14009,5419755,11162949
14010,5419755,10866067
14011,5419755,11252289
14012,5419755,10814484
14013,5419755,10788791
14014,5419755,10788791
14015,5419755,11373571
14016,5419755,11163742
14017,5419755,11701972
14018,5419755,11290224
14019,5419755,11293319
14020,5419755,12049125
14021,5419755,11684981
14022,5419755,11707878
14023,5419755,10124720
14024,5419755,10167209
14025,5419755,10513815
14026,5419755,10463756
14027,5419755,10581325
14028,5419755,11834963
14029,5419755,11756091
14030,5419755,5419755
14031,5413276,5413276
14032,5413276,5646089
14033,5413276,5646089
14034,5413276,6824005
14035,5413276,6779848
14036,5413276,6779848
14037,5413276,6779848
14038,5413276,7191621
14039,5413276,7181769
14040,5413276,7352295
14041,5413276,7038523
14042,5413276,7038523
14043,5413276,6948263
14044,5413276,6948263
14045,5413276,6948263
14046,5413276,6775758
14047,5413276,6379871
14048,5413276,6386422
14049,5413276,6623004
14050,5413276,6690478
14051,5413276,6334730
14052,5413276,6328750
14053,5413276,6328750
14054,5413276,6320493
14055,5413276,6290951
14056,5413276,6096662
14057,5413276,6276589
14058,5413276,6130643
14059,5413276,6141119
14060,5413276,6141119
14061,5413276,6141119
14062,5413276,6141119
14063,5413276,6735303
14064,5413276,6735303
14065,5413276,6878921
14066,5413276,6778385
14067,5413276,6748890
14068,5413276,6748890
14069,5413276,6054762
14070,5413276,6047755
14071,5413276,5915091
14072,5413276,5784920
14073,5413276,5767249
14074,5413276,6268700
14075,5413276,6885198
14076,5413276,6868489
14077,5413276,6868489
14078,5413276,6868489
14079,5413276,7388174
14080,5413276,7333465
14081,5413276,7067863
14082,5413276,6935619
14083,5413276,7516383
14084,5413276,7326654
14085,5413276,7326654
14086,5413276,7764942
14087,5413276,7742646
14088,5413276,7742646
14089,5413276,7716449
14090,5413276,7627452
14091,5413276,7610556
14092,5413276,7456603
14093,5413276,7456603
14094,5413276,7537027
14095,5413276,7537027
14096,5413276,7456603
14097,5413276,7406392
14098,5413276,7406392
14099,5413276,7138338
14100,5413276,7138220
14101,5413276,7138220
14102,5413276,8635786
14103,5413276,8635786
14104,5413276,8635797
14105,5413276,8635797
14106,5413276,8635797
14107,5413276,8635797
14108,5413276,8714715
14109,5413276,8714715
14110,5413276,8714715
14111,5413276,8714715
14112,5413276,8150040
14113,5413276,8123401
14114,5413276,8083164
14115,5413276,8083164
14116,5413276,8083164
14117,5413276,7851671
14118,5413276,8082276
14119,5413276,8047290
14120,5413276,7981990
14121,5413276,7893031
14122,5413276,7893031
14123,5413276,7893031
14124,5413276,7893031
14125,5413276,7893031
14126,5413276,7963038
14127,5413276,8006899
14128,5413276,8002706
14129,5413276,8002706
14130,5413276,7935077
14131,5413276,7885680
14132,5413276,7128302
14133,5413276,7128302
14134,5413276,7128302
14135,5413276,7076728
14136,5413276,6992055
14137,5413276,6992055
14138,5413276,7008066
14139,5413276,7007253
14140,5413276,7056574
14141,5413276,7020239
14142,5413276,6984369
14143,5413276,6984369
14144,5413276,6886764
14145,5413276,6758467
14146,5413276,6674823
14147,5413276,6711158
14148,5413276,6711158
14149,5413276,7324599
14150,5413276,7310699
14151,5413276,7217705
14152,5413276,7217623
14153,5413276,7217623
14154,5413276,7198144
14155,5413276,7129978
14156,5413276,6889581
14157,5413276,6889570
14158,5413276,6371288
14159,5413276,6371288
14160,5413276,6260595
14161,5413276,6260595
14162,5413276,6240876
14163,5413276,6240876
14164,5413276,6264007
14165,5413276,6264007
14166,5413276,6193919
14167,5413276,6185950
14168,5413276,6297559
14169,5413276,6313561
14170,5413276,6199567
14171,5413276,6198769
14172,5413276,6164093
14173,5413276,6164093
14174,5413276,6164093
14175,5413276,6164093
14176,5413276,6164093
14177,5413276,6164093
14178,5413276,6164104
14179,5413276,5997690
14180,5413276,5997690
14181,5413276,5964203
14182,5413276,6410469
14183,5413276,6552948
14184,5413276,6516835
14185,5413276,7368220
14186,5413276,7834561
14187,5413276,7859172
14188,5413276,7820066
14189,5413276,7567259
14190,5413276,7567259
14191,5413276,7570456
14192,5413276,7564959
14193,5413276,7564959
14194,5413276,7564959
14195,5413276,7564903
14196,5413276,7564903
14197,5413276,7509961
14198,5413276,7912373
14199,5413276,7909232
14200,5413276,7909232
14201,5413276,7855387
14202,5413276,7506950
14203,5413276,7495916
14204,5413276,7503751
14205,5413276,8304077
14206,5413276,8292292
14207,5413276,8292292
14208,5413276,8388063
14209,5413276,8239595
14210,5413276,8239595
14211,5413276,8239595
14212,5413276,8239595
14213,5413276,7893559
14214,5413276,8465824
14215,5413276,8718210
14216,5413276,8889319
14217,5413276,8856533
14218,5413276,8917090
14219,5413276,8834716
14220,5413276,8773229
14221,5413276,8791589
14222,5413276,8656947
14223,5413276,8603159
14224,5413276,8574401
14225,5413276,8529386
14226,5413276,7723883
14227,5413276,7722188
14228,5413276,7722199
14229,5413276,7645755
14230,5413276,7645755
14231,5413276,9089983
14232,5413276,8622968
14233,5413276,9124532
14234,5413276,9689503
14235,5413276,9580913
14236,5413276,9403360
14237,5413276,9403360
14238,5413276,9356864
14239,5413276,9308663
14240,5413276,9308663
14241,5413276,9264092
14242,5413276,8902163
14243,5413276,8900161
14244,5413276,8900161
14245,5413276,9028285
14246,5413276,8745858
14247,5413276,8616986
14248,5413276,8258981
14249,5413276,8394160
14250,5413276,7835492
14251,5413276,7823191
14252,5413276,7823191
14253,5413276,7822683
14254,5413276,7660925
14255,5413276,7659979
14256,5413276,7659979
14257,5413276,7581011
14258,5413276,7592964
14259,5413276,7395402
14260,5413276,7412877
14261,5413276,7412877
14262,5413276,7412877
14263,5413276,7416075
14264,5413276,7416075
14265,5413276,7407071
14266,5413276,7407071
14267,5413276,7407071
14268,5413276,7407071
14269,5413276,7252019
14270,5413276,7247405
14271,5413276,7247405
14272,5413276,7190912
14273,5413276,6858736
14274,5413276,7676304
14275,5413276,7672288
14276,5413276,7555102
14277,5413276,7555103
14278,5413276,7455037
14279,5413276,7445755
14280,5413276,7402572
14281,5413276,7729146
14282,5413276,7519395
14283,5413276,7697364
14284,5413276,7697364
14285,5413276,7422466
14286,5413276,7354736
14287,5413276,7354736
14288,5413276,7281619
14289,5413276,7523268
14290,5413276,7522951
14291,5413276,7366222
14292,5413276,7336756
14293,5413276,7180144
14294,5413276,7180144
14295,5413276,7161143
14296,5413276,7159752
14297,5413276,7159752
14298,5413276,8280412
14299,5413276,8215880
14300,5413276,8222466
14301,5413276,8220949
14302,5413276,8173145
14303,5413276,8173145
14304,5413276,8134312
14305,5413276,8124793
14306,5413276,8289941
14307,5413276,8289941
14308,5413276,8082098
14309,5413276,8038107
14310,5413276,7914807
14311,5413276,7845189
14312,5413276,7845189
14313,5413276,7875733
14314,5413276,7875733
14315,5413276,7875733
14316,5413276,7875733
14317,5413276,7835782
14318,5413276,7046288
14319,5413276,7046288
14320,5413276,7046288
14321,5413276,7004955
14322,5413276,8048271
14323,5413276,8334887
14324,5413276,8334887
14325,5413276,8436104
14326,5413276,8459065
14327,5413276,8459065
14328,5413276,8774486
14329,5413276,9238507
14330,5413276,8937391
14331,5413276,8896919
14332,5413276,8855366
14333,5413276,8855366
14334,5413276,8720580
14335,5413276,8670174
14336,5413276,8552757
14337,5413276,7904063
14338,5413276,7904063
14339,5413276,8208595
14340,5413276,8208595
14341,5413276,8152848
14342,5413276,8152848
14343,5413276,8146450
14344,5413276,8225118
14345,5413276,8540026
14346,5413276,8513135
14347,5413276,8734012
14348,5413276,8522559
14349,5413276,8405432
14350,5413276,8279069
14351,5413276,8345098
14352,5413276,8290738
14353,5413276,8340384
14354,5413276,8202898
14355,5413276,8138431
14356,5413276,8120414
14357,5413276,7992840
14358,5413276,7992840
14359,5413276,7984333
14360,5413276,7976075
14361,5413276,7976075
14362,5413276,7976075
14363,5413276,8112707
14364,5413276,8399003
14365,5413276,8079625
14366,5413276,8454929
14367,5413276,8447702
14368,5413276,8357437
14369,5413276,8143877
14370,5413276,8143877
14371,5413276,8143877
14372,5413276,8143877
14373,5413276,8193625
14374,5413276,8173831
14375,5413276,8205364
14376,5413276,8205364
14377,5413276,8181759
14378,5413276,8181759
14379,5413276,8083154
14380,5413276,8083154
14381,5413276,7527859
14382,5413276,7527859
14383,5413276,7477884
14384,5413276,7592170
14385,5413276,7187268
14386,5413276,7184242
14387,5413276,7183186
14388,5413276,7183186
14389,5413276,7183186
14390,5413276,7172945
14391,5413276,7185248
14392,5413276,7144764
14393,5413276,7144764
14394,5413276,7144036
14395,5413276,7144036
14396,5413276,7130082
14397,5413276,7127471
14398,5413276,7233527
14399,5413276,7153376
14400,5413276,7267438
14401,5413276,7253500
14402,5413276,7193879
14403,5413276,7193879
14404,5413276,7193879
14405,5413276,7193879
14406,5413276,8042130
14407,5413276,7980174
14408,5413276,7969570
14409,5413276,7969570
14410,5413276,7922368
14411,5413276,7906368
14412,5413276,8279047
14413,5413276,8279047
14414,5413276,8965688
14415,5413276,8826793
14416,5413276,8826793
14417,5413276,8699353
14418,5413276,8552455
14419,5413276,8552455
14420,5413276,8552455
14421,5413276,8552455
14422,5413276,8395451
14423,5413276,8395451
14424,5413276,8395451
14425,5413276,8118264
14426,5413276,8044062
14427,5413276,7956632
14428,5413276,7893192
14429,5413276,7877387
14430,5413276,7877387
14431,5413276,7848159
14432,5413276,7878384
14433,5413276,7876014
14434,5413276,8228972
14435,5413276,8180442
14436,5413276,8180442
14437,5413276,8136966
14438,5413276,8136966
14439,5413276,8536301
14440,5413276,8495695
14441,5413276,8346761
14442,5413276,8231709
14443,5413276,8181579
14444,5413276,8148691
14445,5413276,8602801
14446,5413276,8602801
14447,5413276,8752425
14448,5413276,8667255
14449,5413276,8557626
14450,5413276,8557626
14451,5413276,8006990
14452,5413276,7769518
14453,5413276,7769518
14454,5413276,7769518
14455,5413276,7769518
14456,5413276,7809736
14457,5413276,7806198
14458,5413276,9069906
14459,5413276,9069906
14460,5413276,9069906
14461,5413276,8806016
14462,5413276,8589644
14463,5413276,8589644
14464,5413276,8519207
14465,5413276,8482215
14466,5413276,8352499
14467,5413276,8301563
14468,5413276,8220989
14469,5413276,8220989
14470,5413276,8220989
14471,5413276,8413250
14472,5413276,8312514
14473,5413276,8200871
14474,5413276,8312783
14475,5413276,8307354
14476,5413276,8279020
14477,5413276,8261431
14478,5413276,8254965
14479,5413276,8196962
14480,5413276,8348465
14481,5413276,8402968
14482,5413276,8402322
14483,5413276,8265177
14484,5413276,8214429
14485,5413276,8214429
14486,5413276,8081867
14487,5413276,7989383
14488,5413276,7982317
14489,5413276,8019973
14490,5413276,7842793
14491,5413276,7824987
14492,5413276,7824987
14493,5413276,7896866
14494,5413276,7845088
14495,5413276,7760056
14496,5413276,7760056
14497,5413276,7512960
14498,5413276,8469866
14499,5413276,8439198
14500,5413276,8431588
14501,5413276,8419086
14502,5413276,8358590
14503,5413276,8358590
14504,5413276,8330352
14505,5413276,8271370
14506,5413276,8217836
14507,5413276,8214136
14508,5413276,8214136
14509,5413276,8214136
14510,5413276,8214136
14511,5413276,8502257
14512,5413276,8502257
14513,5413276,7603461
14514,5413276,7603461
14515,5413276,7603461
14516,5413276,7603461
14517,5413276,7603461
14518,5413276,7603407
14519,5413276,7568978
14520,5413276,7321169
14521,5413276,7321169
14522,5413276,7641908
14523,5413276,7641908
14524,5413276,7611822
14525,5413276,7611822
14526,5413276,7598424
14527,5413276,8240621
14528,5413276,8240621
14529,5413276,8184595
14530,5413276,8454789
14531,5413276,8454789
14532,5413276,8481274
14533,5413276,8237555
14534,5413276,8600926
14535,5413276,8516872
14536,5413276,8495491
14537,5413276,8553721
14538,5413276,8752699
14539,5413276,8703553
14540,5413276,8343376
14541,5413276,9078486
14542,5413276,8930349
14543,5413276,8832479
14544,5413276,8821540
14545,5413276,8821540
14546,5413276,8771283
14547,5413276,8586606
14548,5413276,8347902
14549,5413276,7162803
14550,5413276,7162803
14551,5413276,7718137
14552,5413276,8167957
14553,5413276,7749329
14554,5413276,7749329
14555,5413276,7749329
14556,5413276,7728432
14557,5413276,7743353
14558,5413276,7479258
14559,5413276,7479258
14560,5413276,7042723
14561,5413276,7042723
14562,5413276,7042723
14563,5413276,7042723
14564,5413276,7024491
14565,5413276,7024491
14566,5413276,7024491
14567,5413276,7387713
14568,5413276,7841877
14569,5413276,7802820
14570,5413276,7815492
14571,5413276,7639995
14572,5413276,7975965
14573,5413276,7458078
14574,5413276,7269211
14575,5413276,7256627
14576,5413276,7834842
14577,5413276,7834842
14578,5413276,7327022
14579,5413276,7488975
14580,5413276,7694379
14581,5413276,7654271
14582,5413276,7571104
14583,5413276,7494957
14584,5413276,7494957
14585,5413276,7725835
14586,5413276,8334318
14587,5413276,8362599
14588,5413276,7966934
14589,5413276,7877480
14590,5413276,7595797
14591,5413276,7744083
14592,5413276,7414279
14593,5413276,6746524
14594,5413276,7082093
14595,5413276,7283440
14596,5413276,7434877
14597,5413276,7047931
14598,5413276,7186844
14599,5413276,7797350
14600,5413276,7793391
14601,5413276,8654537
14602,5413276,8584302
14603,5413276,8655435
14604,5413276,8655435
14605,5413276,8913918
14606,5413276,8062551
14607,5413276,7931781
14608,5413276,8069205
14609,5413276,8546603
14610,5413276,7462929
14611,5413276,8266682
14612,5413276,8317650
14613,5413276,7163893
14614,5413276,6769205
14615,5413276,7142100
14616,5413276,8278453
14617,5413276,8240445
14618,5413276,8578221
14619,5413276,8476172
14620,5413276,8714909
14621,5413276,8630857
14622,5413276,8803429
14623,5413276,8694049
14624,5413276,8608291
14625,5413276,8771851
14626,5413276,8340142
14627,5413276,8592858
14628,5413276,8859128
14629,5413276,8563760
14630,5413276,9093261
14631,5413276,9298027
14632,5413276,8783157
14633,5413276,8783157
14634,5413276,9550069
14635,5413276,9550069
14636,5413276,9487663
14637,5413276,9632774
14638,5413276,9275310
14639,5413276,9224567
14640,5413276,9195042
14641,5413276,9171929
14642,5413276,9186751
14643,5413276,9395418
14644,5413276,9639205
14645,5413276,9625605
14646,5413276,9599777
14647,5413276,9538135
14648,5413276,9892853
14649,5413276,8631524
14650,5413276,8305281
14651,5413276,8730824
14652,5413276,8730824
14653,5413276,9169140
14654,5413276,8536292
14655,5413276,8662486
14656,5413276,8659579
14657,5413276,8774928
14658,5413276,8774891
14659,5413276,8774891
14660,5413276,8837545
14661,5413276,8820549
14662,5413276,8820549
14663,5413276,9096656
14664,5413276,9069446
14665,5413276,9069446
14666,5413276,9190782
14667,5413276,9190782
14668,5413276,9415941
14669,5413276,9396168
14670,5413276,9514990
14671,5413276,9106861
14672,5413276,9476287
14673,5413276,9252415
14674,5413276,8853716
14675,5413276,8853716
14676,5413276,8815184
14677,5413276,9371328
14678,5413276,8418803
14679,5413276,8418803
14680,5413276,8399376
14681,5413276,7939879
14682,5413276,7924789
14683,5413276,7924789
14684,5413276,8271822
14685,5413276,8217422
14686,5413276,8470739
14687,5413276,8687980
14688,5413276,8864377
14689,5413276,9170494
14690,5413276,9052795
14691,5413276,9025413
14692,5413276,9466207
14693,5413276,9442298
14694,5413276,9434069
14695,5413276,9434069
14696,5413276,9432759
14697,5413276,9398051
14698,5413276,9066936
14699,5413276,9066936
14700,5413276,8597507
14701,5413276,9009310
14702,5413276,9493606
14703,5413276,9535818
14704,5413276,9944538
14705,5413276,9569591
14706,5413276,10294241
14707,5413276,10294241
14708,5413276,10127537
14709,5413276,9349197
14710,5413276,9366647
14711,5413276,9196411
14712,5413276,8829832
14713,5413276,8829832
14714,5413276,8716840
14715,5413276,8689510
14716,5413276,8405271
14717,5413276,8390699
14718,5413276,8430936
14719,5413276,8551974
14720,5413276,8444395
14721,5413276,8606698
14722,5413276,8747462
14723,5413276,8975580
14724,5413276,8975580
14725,5413276,9869674
14726,5413276,9869674
14727,5413276,10043612
14728,5413276,10466921
14729,5413276,10465573
14730,5413276,10069087
14731,5413276,10007531
14732,5413276,9620661
14733,5413276,9748082
14734,5413276,10200928
14735,5413276,10153722
14736,5413276,10112465
14737,5413276,9905641
14738,5413276,10439453
14739,5413276,10043678
14740,5413276,9888435
14741,5413276,9878522
14742,5413276,9282581
14743,5413276,8264085
14744,5413276,7787262
14745,5413276,7495858
14746,5413276,7495858
14747,5413276,7495858
14748,5413276,7974225
14749,5413276,8396876
14750,5413276,8396876
14751,5413276,8629590
14752,5413276,8501424
14753,5413276,8777547
14754,5413276,8759230
14755,5413276,8719736
14756,5413276,9064985
14757,5413276,9228177
14758,5413276,9228177
14759,5413276,9436940
14760,5413276,9491213
14761,5413276,9491213
14762,5413276,9580189
14763,5413276,9538908
14764,5413276,9586440
14765,5413276,9306221
14766,5413276,9161643
14767,5413276,9672243
14768,5413276,9672243
14769,5413276,9660084
14770,5413276,9313722
14771,5413276,10056444
14772,5413276,9405342
14773,5413276,10063586
14774,5413276,10178722
14775,5413276,10178722
14776,5413276,10164748
14777,5413276,10491334
14778,5413276,10359417
14779,5413276,10326144
14780,5413276,10233692
14781,5413276,9849330
14782,5413276,10239574
14783,5413276,10239574
14784,5413276,9659335
14785,5413276,9520895
14786,5413276,9588177
14787,5413276,9543343
14788,5413276,9425123
14789,5413276,8984641
14790,5413276,9256538
14791,5413276,9073656
14792,5413276,8614476
14793,5413276,8589050
14794,5413276,9024376
14795,5413276,8715216
14796,5413276,9073797
14797,5413276,9046001
14798,5413276,8750129
14799,5413276,9226290
14800,5413276,9027237
14801,5413276,9675508
14802,5413276,9660527
14803,5413276,9169175
14804,5413276,8807248
14805,5413276,8730399
14806,5413276,8659688
14807,5413276,8809149
14808,5413276,8267417
14809,5413276,8188015
14810,5413276,8045140
14811,5413276,8027683
14812,5413276,8534163
14813,5413276,8471222
14814,5413276,8386828
14815,5413276,8031765
14816,5413276,8031764
14817,5413276,7943101
14818,5413276,8337325
14819,5413276,8404685
14820,5413276,8377874
14821,5413276,8654792
14822,5413276,9374136
14823,5413276,9486175
14824,5413276,9432261
14825,5413276,9432261
14826,5413276,9072201
14827,5413276,8903529
14828,5413276,8813411
14829,5413276,8747764
14830,5413276,9318159
14831,5413276,9144698
14832,5413276,9140865
14833,5413276,9382933
14834,5413276,8992325
14835,5413276,9091489
14836,5413276,9091489
14837,5413276,9080389
14838,5413276,9275410
14839,5413276,9405996
14840,5413276,8750924
14841,5413276,8722088
14842,5413276,8696856
14843,5413276,8424088
14844,5413276,8326547
14845,5413276,8326547
14846,5413276,8076673
14847,5413276,7607770
14848,5413276,7962564
14849,5413276,8131151
14850,5413276,8136151
14851,5413276,8296867
14852,5413276,8651469
14853,5413276,8383451
14854,5413276,8287364
14855,5413276,8190636
14856,5413276,8187696
14857,5413276,8187696
14858,5413276,8458651
14859,5413276,8597727
14860,5413276,8362825
14861,5413276,7564668
14862,5413276,8221162
14863,5413276,7914408
14864,5413276,7903295
14865,5413276,7903295
14866,5413276,7903295
14867,5413276,7901431
14868,5413276,7867426
14869,5413276,7867426
14870,5413276,7867426
14871,5413276,7884002
14872,5413276,8647260
14873,5413276,8747316
14874,5413276,8944284
14875,5413276,9255773
14876,5413276,9001940
14877,5413276,8870335
14878,5413276,9098412
14879,5413276,9398618
14880,5413276,9650763
14881,5413276,9324371
14882,5413276,9117736
14883,5413276,9160416
14884,5413276,8955180
14885,5413276,9222511
14886,5413276,8914943
14887,5413276,8896260
14888,5413276,8696995
14889,5413276,9383005
14890,5413276,9246271
14891,5413276,9725639
14892,5413276,10005132
14893,5413276,9956609
14894,5413276,9837637
14895,5413276,10083456
14896,5413276,8658036
14897,5413276,8273790
14898,5413276,7779469
14899,5413276,8279780
14900,5413276,8557142
14901,5413276,8513707
14902,5413276,8348541
14903,5413276,8594989
14904,5413276,8225748
14905,5413276,8764408
14906,5413276,8418292
14907,5413276,8392226
14908,5413276,8311007
14909,5413276,8137749
14910,5413276,8439472
14911,5413276,8733953
14912,5413276,9221371
14913,5413276,8951835
14914,5413276,8951835
14915,5413276,9012523
14916,5413276,8955840
14917,5413276,8659497
14918,5413276,8453948
14919,5413276,8824044
14920,5413276,8429392
14921,5413276,8429392
14922,5413276,8952894
14923,5413276,9240212
14924,5413276,9067251
14925,5413276,8903755
14926,5413276,8785916
14927,5413276,8785916
14928,5413276,8785905
14929,5413276,8613538
14930,5413276,8605641
14931,5413276,8515438
14932,5413276,8507175
14933,5413276,8786822
14934,5413276,9027911
14935,5413276,9425240
14936,5413276,9060471
14937,5413276,8695572
14938,5413276,9060471
14939,5413276,9637243
14940,5413276,9719443
14941,5413276,9812370
14942,5413276,10713733
14943,5413276,10028460
14944,5413276,9916045
14945,5413276,10401578
14946,5413276,10385396
14947,5413276,10722503
14948,5413276,10361459
14949,5413276,10338795
14950,5413276,10152556
14951,5413276,10131222
14952,5413276,10131222
14953,5413276,10054016
14954,5413276,9996133
14955,5413276,9675584
14956,5413276,9051598
14957,5413276,9051598
14958,5413276,9016028
14959,5413276,9117180
14960,5413276,8857931
14961,5413276,9772703
14962,5413276,10226373
14963,5413276,9922908
14964,5413276,9556366
14965,5413276,9492019
14966,5413276,9861305
14967,5413276,9607018
14968,5413276,9471129
14969,5413276,9461401
14970,5413276,9871762
14971,5413276,10178697
14972,5413276,9844437
14973,5413276,10040552
14974,5413276,9707449
14975,5413276,9510425
14976,5413276,9510425
14977,5413276,9443968
14978,5413276,9203268
14979,5413276,9708037
14980,5413276,9894163
14981,5413276,9538653
14982,5413276,9691647
14983,5413276,10077067
14984,5413276,10773998
14985,5413276,10410656
14986,5413276,9946584
14987,5413276,9283294
14988,5413276,9502830
14989,5413276,9916139
14990,5413276,9916139
14991,5413276,9668017
14992,5413276,10144845
14993,5413276,10114066
14994,5413276,9849833
14995,5413276,9116732
14996,5413276,9383369
14997,5413276,8637702
14998,5413276,8637702
14999,5413276,8600952
15000,5413276,9166642
15001,5413276,9040571
15002,5413276,9230710
15003,5413276,9199734
15004,5413276,9522861
15005,5413276,9817248
15006,5413276,10143124
15007,5413276,10589161
15008,5413276,10015197
15009,5413276,9591445
15010,5413276,9583111
15011,5413276,9583111
15012,5413276,8945084
15013,5413276,9580375
15014,5413276,9652216
15015,5413276,9791668
15016,5413276,10102938
15017,5413276,9509901
15018,5413276,10016797
15019,5413276,9979360
15020,5413276,9833227
15021,5413276,9727928
15022,5413276,9272723
15023,5413276,8577147
15024,5413276,8940039
15025,5413276,8526114
15026,5413276,8830890
15027,5413276,8844045
15028,5413276,8602495
15029,5413276,8398715
15030,5413276,9196753
15031,5413276,9196753
15032,5413276,8398540
15033,5413276,8404222
15034,5413276,8399725
15035,5413276,8348013
15036,5413276,8225316
15037,5413276,8115239
15038,5413276,8023658
15039,5413276,8363108
15040,5413276,8383813
15041,5413276,8264838
15042,5413276,8239585
15043,5413276,8216934
15044,5413276,8052204
15045,5413276,8407269
15046,5413276,9187296
15047,5413276,9165882
15048,5413276,9135575
15049,5413276,8840525
15050,5413276,8840525
15051,5413276,8833991
15052,5413276,9065851
15053,5413276,8981582
15054,5413276,10175895
15055,5413276,10159155
15056,5413276,9996939
15057,5413276,9663980
15058,5413276,9663980
15059,5413276,9529039
15060,5413276,9869075
15061,5413276,9835758
15062,5413276,9784737
15063,5413276,10049283
15064,5413276,9208928
15065,5413276,9635364
15066,5413276,9582351
15067,5413276,9198079
15068,5413276,10183187
15069,5413276,9958302
15070,5413276,9823971
15071,5413276,9804651
15072,5413276,9427886
15073,5413276,9427886
15074,5413276,9156929
15075,5413276,9042534
15076,5413276,9042405
15077,5413276,9028671
15078,5413276,8751149
15079,5413276,8715036
15080,5413276,8806092
15081,5413276,9314603
15082,5413276,9528171
15083,5413276,8700153
15084,5413276,9419347
15085,5413276,9668618
15086,5413276,9677089
15087,5413276,10088354
15088,5413276,9712180
15089,5413276,9484103
15090,5413276,9057082
15091,5413276,9013432
15092,5413276,8838526
15093,5413276,8837097
15094,5413276,8938082
15095,5413276,8913602
15096,5413276,8912656
15097,5413276,8867922
15098,5413276,8741165
15099,5413276,8711115
15100,5413276,9209815
15101,5413276,9142306
15102,5413276,9142306
15103,5413276,9141439
15104,5413276,9404635
15105,5413276,9379704
15106,5413276,9346314
15107,5413276,9067026
15108,5413276,9067026
15109,5413276,9430578
15110,5413276,9068357
15111,5413276,9068357
15112,5413276,9465826
15113,5413276,9006134
15114,5413276,8913523
15115,5413276,8860501
15116,5413276,8275420
15117,5413276,8617245
15118,5413276,8593095
15119,5413276,8831165
15120,5413276,8669503
15121,5413276,8280363
15122,5413276,7532480
15123,5413276,7690654
15124,5413276,7582184
15125,5413276,7785236
15126,5413276,7750536
15127,5413276,7692959
15128,5413276,7692959
15129,5413276,7639389
15130,5413276,8154263
15131,5413276,8058227
15132,5413276,8020475
15133,5413276,8519914
15134,5413276,8475122
15135,5413276,8475122
15136,5413276,8745313
15137,5413276,9115980
15138,5413276,8211791
15139,5413276,8161976
15140,5413276,8965188
15141,5413276,8421607
15142,5413276,8247862
15143,5413276,8457304
15144,5413276,8723204
15145,5413276,8637419
15146,5413276,8640424
15147,5413276,8921383
15148,5413276,8910753
15149,5413276,9071365
15150,5413276,9071365
15151,5413276,8714671
15152,5413276,8983798
15153,5413276,8983798
15154,5413276,8398737
15155,5413276,8470084
15156,5413276,8635588
15157,5413276,8802653
15158,5413276,7983640
15159,5413276,8074378
15160,5413276,8051568
15161,5413276,7907846
15162,5413276,7453532
15163,5413276,7459880
15164,5413276,7459880
15165,5413276,8833436
15166,5413276,8358133
15167,5413276,8345166
15168,5413276,8308515
15169,5413276,8223613
15170,5413276,8220331
15171,5413276,8351719
15172,5413276,8315665
15173,5413276,8027152
15174,5413276,8414731
15175,5413276,8394139
15176,5413276,8326629
15177,5413276,7535209
15178,5413276,7866631
15179,5413276,7546640
15180,5413276,7656087
15181,5413276,7656087
15182,5413276,7583216
15183,5413276,8387781
15184,5413276,8849244
15185,5413276,8849122
15186,5413276,8876254
15187,5413276,8859391
15188,5413276,9432707
15189,5413276,9966378
15190,5413276,9908900
15191,5413276,9144963
15192,5413276,9091059
15193,5413276,9091059
15194,5413276,9527530
15195,5413276,9473212
15196,5413276,9533241
15197,5413276,9893820
15198,5413276,9948622
15199,5413276,9813357
15200,5413276,9629922
15201,5413276,9629922
15202,5413276,10612517
15203,5413276,10402665
15204,5413276,10385437
15205,5413276,10357698
15206,5413276,10587440
15207,5413276,12150131
15208,5413276,11869191
15209,5413276,11865806
15210,5413276,11325772
15211,5413276,11308320
15212,5413276,11393713
15213,5413276,11393713
15214,5413276,11293697
15215,5413276,11205234
15216,5413276,10836459
15217,5413276,11102729
15218,5413276,10943686
15219,5413276,10789462
15220,5413276,10788646
15221,5413276,10998475
15222,5413276,11346232
15223,5413276,11346232
15224,5413276,10764530
15225,5413276,10983729
15226,5413276,10200104
15227,5413276,9956469
15228,5413276,9956142
15229,5413276,9918887
15230,5413276,9840947
15231,5413276,10425947
15232,5413276,10281795
15233,5413276,10281795
15234,5413276,10109799
15235,5413276,9752424
15236,5413276,9827139
15237,5413276,9766886
15238,5413276,9344796
15239,5413276,9239501
15240,5413276,8723829
15241,5413276,9258016
15242,5413276,9243381
15243,5413276,9193461
15244,5413276,7996088
15245,5413276,7571884
15246,5413276,7982012
15247,5413276,8272768
15248,5413276,8721942
15249,5413276,8997581
15250,5413276,8997581
15251,5413276,8642863
15252,5413276,8303915
15253,5413276,8209808
15254,5413276,7995037
15255,5413276,7991351
15256,5413276,8619664
15257,5413276,8576068
15258,5413276,8576068
15259,5413276,8576068
15260,5413276,8792869
15261,5413276,9209934
15262,5413276,9077914
15263,5413276,9037045
15264,5413276,9032100
15265,5413276,9032100
15266,5413276,9524895
15267,5413276,9315172
15268,5413276,9226596
15269,5413276,9545348
15270,5413276,9238801
15271,5413276,9089251
15272,5413276,9727515
15273,5413276,9952980
15274,5413276,9887039
15275,5413276,9865512
15276,5413276,9921831
15277,5413276,9883290
15278,5413276,9847595
15279,5413276,9970129
15280,5413276,10002532
15281,5413276,9972166
15282,5413276,9466376
15283,5413276,9220068
15284,5413276,9447158
15285,5413276,10149389
15286,5413276,10237824
15287,5413276,10496005
15288,5413276,10353482
15289,5413276,9919864
15290,5413276,9919864
15291,5413276,9919864
15292,5413276,10345644
15293,5413276,10478154
15294,5413276,10429639
15295,5413276,10211181
15296,5413276,10691662
15297,5413276,10674717
15298,5413276,10240947
15299,5413276,8968630
15300,5413276,9301547
15301,5413276,9239521
15302,5413276,9064057
15303,5413276,9096243
15304,5413276,9402426
15305,5413276,9387123
15306,5413276,9127298
15307,5413276,9343724
15308,5413276,9189954
15309,5413276,7867618
15310,5413276,7867618
15311,5413276,7867618
15312,5413276,8007092
15313,5413276,7889085
15314,5413276,7889085
15315,5413276,8120616
15316,5413276,8051052
15317,5413276,8615698
15318,5413276,8250880
15319,5413276,8250880
15320,5413276,8251615
15321,5413276,8251615
15322,5413276,8811455
15323,5413276,8478603
15324,5413276,8421730
15325,5413276,8941609
15326,5413276,9302584
15327,5413276,9251467
15328,5413276,8966489
15329,5413276,8957178
15330,5413276,8884912
15331,5413276,9416275
15332,5413276,9377913
15333,5413276,9605788
15334,5413276,10014557
15335,5413276,9891963
15336,5413276,10204725
15337,5413276,10662911
15338,5413276,10650604
15339,5413276,10647659
15340,5413276,9834250
15341,5413276,9622335
15342,5413276,9001896
15343,5413276,8486649
15344,5413276,8914653
15345,5413276,8517373
15346,5413276,8687957
15347,5413276,8656427
15348,5413276,9164383
15349,5413276,9390556
15350,5413276,9426008
15351,5413276,9883524
15352,5413276,9349906
15353,5413276,9294553
15354,5413276,8952856
15355,5413276,8893700
15356,5413276,8704290
15357,5413276,8743484
15358,5413276,9382460
15359,5413276,9245077
15360,5413276,9203529
15361,5413276,9431056
15362,5413276,8948050
15363,5413276,9414312
15364,5413276,9309973
15365,5413276,9143297
15366,5413276,9586432
15367,5413276,9561974
15368,5413276,9538170
15369,5413276,9538170
15370,5413276,9372349
15371,5413276,9387740
15372,5413276,8823790
15373,5413276,9289893
15374,5413276,9285588
15375,5413276,9285588
15376,5413276,8931599
15377,5413276,8859760
15378,5413276,8646179
15379,5413276,7755286
15380,5413276,7941813
15381,5413276,7460999
15382,5413276,7885495
15383,5413276,7783199
15384,5413276,7609412
15385,5413276,7575221
15386,5413276,7932283
15387,5413276,7932283
15388,5413276,7779668
15389,5413276,7779668
15390,5413276,7772696
15391,5413276,7384325
15392,5413276,7368936
15393,5413276,7475185
15394,5413276,7967183
15395,5413276,8247527
15396,5413276,8247527
15397,5413276,8059024
15398,5413276,8059024
15399,5413276,8795476
15400,5413276,8525202
15401,5413276,7886285
15402,5413276,8854460
15403,5413276,9203120
15404,5413276,9301098
15405,5413276,9188303
15406,5413276,9950497
15407,5413276,9231683
15408,5413276,9749152
15409,5413276,9749152
15410,5413276,9702535
15411,5413276,10159094
15412,5413276,10412421
15413,5413276,10408352
15414,5413276,10104723
15415,5413276,9495725
15416,5413276,9542427
15417,5413276,8896950
15418,5413276,8323296
15419,5413276,8323296
15420,5413276,9099737
15421,5413276,9069009
15422,5413276,8478133
15423,5413276,8449129
15424,5413276,9023592
15425,5413276,9342060
15426,5413276,9319494
15427,5413276,9207364
15428,5413276,9827264
15429,5413276,10057054
15430,5413276,9680258
15431,5413276,10094028
15432,5413276,10195729
15433,5413276,10467729
15434,5413276,9999808
15435,5413276,9931793
15436,5413276,9766862
15437,5413276,9083923
15438,5413276,9083923
15439,5413276,10045674
15440,5413276,9965113
15441,5413276,9847439
15442,5413276,9820644
15443,5413276,9405818
15444,5413276,9405818
15445,5413276,9430513
15446,5413276,9289165
15447,5413276,9868410
15448,5413276,9868410
15449,5413276,9805136
15450,5413276,9805136
15451,5413276,9788871
15452,5413276,9743574
15453,5413276,9637349
15454,5413276,9601564
15455,5413276,9586972
15456,5413276,9324289
15457,5413276,8743905
15458,5413276,9358302
15459,5413276,9266377
15460,5413276,9536161
15461,5413276,9778027
15462,5413276,9120136
15463,5413276,8700535
15464,5413276,8700535
15465,5413276,8642862
15466,5413276,8990559
15467,5413276,8990559
15468,5413276,9175210
15469,5413276,8355082
15470,5413276,8354877
15471,5413276,8755804
15472,5413276,9031135
15473,5413276,8841725
15474,5413276,8832708
15475,5413276,9305381
15476,5413276,9291937
15477,5413276,9295743
15478,5413276,9783687
15479,5413276,9387944
15480,5413276,8868951
15481,5413276,8593348
15482,5413276,8580159
15483,5413276,8580160
15484,5413276,8653901
15485,5413276,9361725
15486,5413276,9020246
15487,5413276,9118133
15488,5413276,9622483
15489,5413276,9886578
15490,5413276,9712093
15491,5413276,9748954
15492,5413276,9748954
15493,5413276,9576742
15494,5413276,9112854
15495,5413276,9081084
15496,5413276,9062662
15497,5413276,9062662
15498,5413276,8414600
15499,5413276,8645478
15500,5413276,8625585
15501,5413276,8604285
15502,5413276,8462458
15503,5413276,8358870
15504,5413276,8358870
15505,5413276,8803677
15506,5413276,8408228
15507,5413276,8273996
15508,5413276,8671276
15509,5413276,8649868
15510,5413276,8753293
15511,5413276,8675773
15512,5413276,9024604
15513,5413276,8879573
15514,5413276,9711510
15515,5413276,9972251
15516,5413276,10011179
15517,5413276,10517519
15518,5413276,10747880
15519,5413276,10637306
15520,5413276,9985017
15521,5413276,9592427
15522,5413276,9515181
15523,5413276,9515181
15524,5413276,9271546
15525,5413276,8835931
15526,5413276,8835931
15527,5413276,9211045
15528,5413276,9211045
15529,5413276,8809270
15530,5413276,8421111
15531,5413276,8432229
15532,5413276,5413276
15533,5413276,5413276
15534,5413276,5413276
15535,5413276,5413276
15536,5413276,5413276
15537,5413276,6035449
15538,5413276,6035449
15539,5413276,5835192
15540,5413276,5819105
15541,5413276,5808279
15542,5413276,5808279
15543,5413276,5893484
15544,5413276,5889011
15545,5413276,5748330
15546,5413276,6179240
15547,5413276,6179240
15548,5413276,6683848
15549,5413276,6683848
15550,5413276,6683848
15551,5413276,6683848
15552,5413276,6639766
15553,5413276,6718363
15554,5413276,6262384
15555,5413276,6262384
15556,5413276,6521223
15557,5413276,6381637
15558,5413276,7166117
15559,5413276,7148741
15560,5413276,7264559
15561,5413276,7191631
15562,5413276,7191631
15563,5413276,7173557
15564,5413276,7094400
15565,5413276,7094400
15566,5413276,7015882
15567,5413276,7015882
15568,5413276,7015882
15569,5413276,7009327
15570,5413276,7009327
15571,5413276,7009327
15572,5413276,7009327
15573,5413276,7032300
15574,5413276,7177892
15575,5413276,7177892
15576,5413276,7177892
15577,5413276,7347352
15578,5413276,8121060
15579,5413276,8009087
15580,5413276,8061127
15581,5413276,8069318
15582,5413276,8032806
15583,5413276,7942191
15584,5413276,7942191
15585,5413276,8343055
15586,5413276,8343055
15587,5413276,8283387
15588,5413276,8072222
15589,5413276,7990844
15590,5413276,7552684
15591,5413276,7552684
15592,5413276,7493104
15593,5413276,7398104
15594,5413276,7398104
15595,5413276,7398104
15596,5413276,7273178
15597,5413276,7071293
15598,5413276,6961340
15599,5413276,6961340
15600,5413276,6961340
15601,5413276,6952524
15602,5413276,6952524
15603,5413276,6982577
15604,5413276,6982577
15605,5413276,6982577
15606,5413276,6982577
15607,5413276,6982577
15608,5413276,6982577
15609,5413276,6982577
15610,5413276,6957501
15611,5413276,6614559
15612,5413276,6652770
15613,5413276,6563741
15614,5413276,6754536
15615,5413276,6732043
15616,5413276,6707531
15617,5413276,5911122
15618,5413276,6556811
15619,5413276,6430886
15620,5413276,6430886
15621,5413276,6667313
15622,5413276,6667313
15623,5413276,6599010
15624,5413276,6599010
15625,5413276,6591501
15626,5413276,6591501
15627,5413276,6568862
15628,5413276,6541521
15629,5413276,7144457
15630,5413276,7045372
15631,5413276,7197992
15632,5413276,7197992
15633,5413276,7197992
15634,5413276,7075371
15635,5413276,7498680
15636,5413276,7961968
15637,5413276,7961968
15638,5413276,7897649
15639,5413276,7954141
15640,5413276,7835957
15641,5413276,7781073
15642,5413276,7477143
15643,5413276,7898437
15644,5413276,7504438
15645,5413276,7418449
15646,5413276,7448471
15647,5413276,7374836
15648,5413276,7374824
15649,5413276,7367477
15650,5413276,7367477
15651,5413276,7232434
15652,5413276,7314317
15653,5413276,7278559
15654,5413276,7185775
15655,5413276,7185775
15656,5413276,7127615
15657,5413276,7087136
15658,5413276,6970737
15659,5413276,6970737
15660,5413276,6970737
15661,5413276,6449515
15662,5413276,6449515
15663,5413276,6425735
15664,5413276,6425735
15665,5413276,6487336
15666,5413276,6431961
15667,5413276,6228061
15668,5413276,6228061
15669,5413276,6228061
15670,5413276,6228061
15671,5413276,6205290
15672,5413276,6205290
15673,5413276,6205290
15674,5413276,6205290
15675,5413276,6205290
15676,5413276,6205302
15677,5413276,6481237
15678,5413276,6481237
15679,5413276,6481237
15680,5413276,7207246
15681,5413276,7234655
15682,5413276,7167277
15683,5413276,7167265
15684,5413276,7125249
15685,5413276,7080458
15686,5413276,6935519
15687,5413276,6842596
15688,5413276,6723226
15689,5413276,6701651
15690,5413276,6701651
15691,5413276,6421959
15692,5413276,6345800
15693,5413276,6421745
15694,5413276,6421745
15695,5413276,6421745
15696,5413276,6883773
15697,5413276,6855384
15698,5413276,7286496
15699,5413276,7084114
15700,5413276,6998015
15701,5413276,7470360
15702,5413276,7442951
15703,5413276,7139185
15704,5413276,6918677
15705,5413276,6889250
15706,5413276,6940642
15707,5413276,6749354
15708,5413276,6749354
15709,5413276,6749354
15710,5413276,6703267
15711,5413276,6703267
15712,5413276,6666989
15713,5413276,6666989
15714,5413276,6618588
15715,5413276,6618588
15716,5413276,6552922
15717,5413276,7358555
15718,5413276,7358555
15719,5413276,7510387
15720,5413276,7510387
15721,5413276,7388018
15722,5413276,7388018
15723,5413276,7294427
15724,5413276,7255192
15725,5413276,7271629
15726,5413276,7182871
15727,5413276,7182871
15728,5413276,7182871
15729,5413276,7182871
15730,5413276,7181089
15731,5413276,7181089
15732,5413276,7103596
15733,5413276,7103596
15734,5413276,7103596
15735,5413276,7101244
15736,5413276,7101244
15737,5413276,7101244
15738,5413276,7592964
15739,5413276,7592964
15740,5413276,7592964
15741,5413276,8190303
15742,5413276,8190303
15743,5413276,8089151
15744,5413276,8089151
15745,5413276,8089151
15746,5413276,8089151
15747,5413276,7993155
15748,5413276,7993155
15749,5413276,7992994
15750,5413276,8327669
15751,5413276,8806262
15752,5413276,8802202
15753,5413276,8578641
15754,5413276,8578641
15755,5413276,8438316
15756,5413276,8284483
15757,5413276,8160839
15758,5413276,8160839
15759,5413276,8160839
15760,5413276,8086277
15761,5413276,7748627
15762,5413276,7735589
15763,5413276,7735589
15764,5413276,7719138
15765,5413276,7814465
15766,5413276,7814465
15767,5413276,7814465
15768,5413276,7781871
15769,5413276,8278012
15770,5413276,8268205
15771,5413276,8245593
15772,5413276,8245593
15773,5413276,7799154
15774,5413276,7789392
15775,5413276,7766458
15776,5413276,7766458
15777,5413276,7766458
15778,5413276,7766458
15779,5413276,7766458
15780,5413276,7766458
15781,5413276,7766458
15782,5413276,7854755
15783,5413276,7854755
15784,5413276,8060168
15785,5413276,7892655
15786,5413276,7892655
15787,5413276,8065925
15788,5413276,8014055
15789,5413276,8014055
15790,5413276,7854534
15791,5413276,7796558
15792,5413276,7763407
15793,5413276,7809090
15794,5413276,7772091
15795,5413276,7771051
15796,5413276,8358852
15797,5413276,8097625
15798,5413276,8035338
15799,5413276,7985157
15800,5413276,7981912
15801,5413276,7981912
15802,5413276,7981912
15803,5413276,7795993
15804,5413276,7768826
15805,5413276,7719575
15806,5413276,7717544
15807,5413276,7323545
15808,5413276,7305495
15809,5413276,7299577
15810,5413276,7664731
15811,5413276,7586676
15812,5413276,8413878
15813,5413276,8409131
15814,5413276,8409131
15815,5413276,8545217
15816,5413276,8545217
15817,5413276,8545217
15818,5413276,8734713
15819,5413276,8734713
15820,5413276,8669867
15821,5413276,9324275
15822,5413276,9271802
15823,5413276,9271004
15824,5413276,9157165
15825,5413276,9305661
15826,5413276,9305661
15827,5413276,8701137
15828,5413276,8701137
15829,5413276,8649371
15830,5413276,8626009
15831,5413276,8626009
15832,5413276,8589992
15833,5413276,8576092
15834,5413276,8576092
15835,5413276,8383565
15836,5413276,8365121
15837,5413276,8189990
15838,5413276,8189990
15839,5413276,8770002
15840,5413276,8765179
15841,5413276,8737677
15842,5413276,8767630
15843,5413276,8767630
15844,5413276,8767630
15845,5413276,8767630
15846,5413276,8473594
15847,5413276,8082932
15848,5413276,8166312
15849,5413276,7577455
15850,5413276,7928655
15851,5413276,7776534
15852,5413276,7776534
15853,5413276,7670490
15854,5413276,7670490
15855,5413276,7670490
15856,5413276,7655113
15857,5413276,7264885
15858,5413276,7243162
15859,5413276,7202925
15860,5413276,7051228
15861,5413276,7033840
15862,5413276,7033840
15863,5413276,7033840
15864,5413276,7013937
15865,5413276,7002150
15866,5413276,7000211
15867,5413276,6915374
15868,5413276,6838662
15869,5413276,6838662
15870,5413276,6838662
15871,5413276,7022890
15872,5413276,7141849
15873,5413276,7141849
15874,5413276,7141849
15875,5413276,7290001
15876,5413276,7290001
15877,5413276,6994486
15878,5413276,6986830
15879,5413276,6986830
15880,5413276,6957222
15881,5413276,6956041
15882,5413276,7004638
15883,5413276,7004638
15884,5413276,6929265
15885,5413276,6905297
15886,5413276,6885969
15887,5413276,6721932
15888,5413276,6772191
15889,5413276,6665330
15890,5413276,6665330
15891,5413276,6665330
15892,5413276,6665330
15893,5413276,6699596
15894,5413276,7328023
15895,5413276,7277421
15896,5413276,7269429
15897,5413276,7888262
15898,5413276,7861311
15899,5413276,7870733
15900,5413276,7831970
15901,5413276,7756168
15902,5413276,8123377
15903,5413276,8063857
15904,5413276,7962663
15905,5413276,8227664
15906,5413276,8227664
15907,5413276,8083437
15908,5413276,8067204
15909,5413276,8067204
15910,5413276,8070388
15911,5413276,7784285
15912,5413276,7784285
15913,5413276,7784285
15914,5413276,7731991
15915,5413276,7671431
15916,5413276,7715040
15917,5413276,7715040
15918,5413276,7711353
15919,5413276,7904856
15920,5413276,7264409
15921,5413276,7230715
15922,5413276,7230715
15923,5413276,7611969
15924,5413276,7687822
15925,5413276,7779819
15926,5413276,7397039
15927,5413276,7647378
15928,5413276,7550046
15929,5413276,7550046
15930,5413276,7292893
15931,5413276,7189481
15932,5413276,7189481
15933,5413276,7284132
15934,5413276,7222753
15935,5413276,7222753
15936,5413276,7222753
15937,5413276,7222753
15938,5413276,7980164
15939,5413276,8087543
15940,5413276,8008436
15941,5413276,7743117
15942,5413276,7743117
15943,5413276,7562066
15944,5413276,7500224
15945,5413276,7500224
15946,5413276,7500224
15947,5413276,7314334
15948,5413276,7312781
15949,5413276,7312781
15950,5413276,7413451
15951,5413276,7405736
15952,5413276,7405736
15953,5413276,7405736
15954,5413276,7405736
15955,5413276,7483991
15956,5413276,7478956
15957,5413276,7549620
15958,5413276,8190687
15959,5413276,9075536
15960,5413276,8839683
15961,5413276,8670665
15962,5413276,8670654
15963,5413276,8670665
15964,5413276,8670665
15965,5413276,8594446
15966,5413276,7999168
15967,5413276,7967831
15968,5413276,7944711
15969,5413276,7915137
15970,5413276,7912152
15971,5413276,7912152
15972,5413276,7380789
15973,5413276,7380778
15974,5413276,7380778
15975,5413276,7403909
15976,5413276,7489846
15977,5413276,8274685
15978,5413276,8287240
15979,5413276,8287240
15980,5413276,8225646
15981,5413276,8225646
15982,5413276,8225646
15983,5413276,8223809
15984,5413276,8223809
15985,5413276,8161473
15986,5413276,8415327
15987,5413276,8323709
15988,5413276,8323709
15989,5413276,8466214
15990,5413276,8466214
15991,5413276,8466214
15992,5413276,8466214
15993,5413276,7790080
15994,5413276,7790080
15995,5413276,7790080
15996,5413276,7717964
15997,5413276,7531073
15998,5413276,7159019
15999,5413276,7887612
16000,5413276,7717242
16001,5413276,7641146
16002,5413276,7641146
16003,5413276,7571000
16004,5413276,7565323
16005,5413276,7877039
16006,5413276,8395016
16007,5413276,8372377
16008,5413276,8092717
16009,5413276,8627536
16010,5413276,8416279
16011,5413276,7313863
16012,5413276,7313863
16013,5413276,7313826
16014,5413276,7293527
16015,5413276,7293527
16016,5413276,7780277
16017,5413276,7758837
16018,5413276,7759143
16019,5413276,7722613
16020,5413276,7638075
16021,5413276,7637769
16022,5413276,7581060
16023,5413276,7503791
16024,5413276,7414670
16025,5413276,7141465
16026,5413276,7160343
16027,5413276,7160343
16028,5413276,8678872
16029,5413276,8556522
16030,5413276,9232843
16031,5413276,9085417
16032,5413276,9309084
16033,5413276,8884219
16034,5413276,9165040
16035,5413276,9014147
16036,5413276,8684828
16037,5413276,9060849
16038,5413276,9254857
16039,5413276,9010532
16040,5413276,9010533
16041,5413276,10442593
16042,5413276,10387150
16043,5413276,10129687
16044,5413276,10006391
16045,5413276,10006391
16046,5413276,9707077
16047,5413276,10115939
16048,5413276,10060241
16049,5413276,10215922
16050,5413276,9951251
16051,5413276,10666021
16052,5413276,10684556
16053,5413276,10711900
16054,5413276,11076738
16055,5413276,10581591
16056,5413276,11056067
16057,5413276,9481657
16058,5413276,9444074
16059,5413276,9408259
16060,5413276,9034239
16061,5413276,9123632
16062,5413276,8972526
16063,5413276,8620765
16064,5413276,8423535
16065,5413276,8423535
16066,5413276,8745093
16067,5413276,8235839
16068,5413276,8446982
16069,5413276,7840189
16070,5413276,8223556
16071,5413276,7989357
16072,5413276,7673197
16073,5413276,7673197
16074,5413276,7545211
16075,5413276,7445503
16076,5413276,7445503
16077,5413276,7699231
16078,5413276,8083883
16079,5413276,8201752
16080,5413276,8387052
16081,5413276,8267265
16082,5413276,8327370
16083,5413276,8372940
16084,5413276,8101864
16085,5413276,8101864
16086,5413276,8418820
16087,5413276,8615104
16088,5413276,8178728
16089,5413276,7764275
16090,5413276,8589742
16091,5413276,8566104
16092,5413276,8518839
16093,5413276,9345257
16094,5413276,9645828
16095,5413276,9982529
16096,5413276,9779674
16097,5413276,9867584
16098,5413276,9375550
16099,5413276,9674258
16100,5413276,9140446
16101,5413276,9186666
16102,5413276,9618175
16103,5413276,8602335
16104,5413276,8641120
16105,5413276,8607849
16106,5413276,8060131
16107,5413276,7839618
16108,5413276,8105246
16109,5413276,8105246
16110,5413276,7526868
16111,5413276,7526838
16112,5413276,7301207
16113,5413276,7792760
16114,5413276,8118556
16115,5413276,8340880
16116,5413276,8297526
16117,5413276,8297526
16118,5413276,8658393
16119,5413276,8431694
16120,5413276,8332263
16121,5413276,8096592
16122,5413276,8252877
16123,5413276,8117493
16124,5413276,9071273
16125,5413276,9462453
16126,5413276,9397873
16127,5413276,9138624
16128,5413276,9008115
16129,5413276,8953626
16130,5413276,8947313
16131,5413276,9059572
16132,5413276,9333846
16133,5413276,9492494
16134,5413276,9233829
16135,5413276,9133325
16136,5413276,9332327
16137,5413276,8804792
16138,5413276,8457440
16139,5413276,8457440
16140,5413276,8440036
16141,5413276,8597549
16142,5413276,8618284
16143,5413276,8436219
16144,5413276,8436219
16145,5413276,8734545
16146,5413276,8484481
16147,5413276,7951933
16148,5413276,7854686
16149,5413276,7776794
16150,5413276,8575007
16151,5413276,8575007
16152,5413276,9054609
16153,5413276,9005967
16154,5413276,8799025
16155,5413276,9058451
16156,5413276,8743445
16157,5413276,8791049
16158,5413276,8155498
16159,5413276,8178198
16160,5413276,8857530
16161,5413276,8726232
16162,5413276,8799116
16163,5413276,8799116
16164,5413276,8759495
16165,5413276,9219415
16166,5413276,9059825
16167,5413276,8431339
16168,5413276,7991010
16169,5413276,8037347
16170,5413276,7602151
16171,5413276,7920434
16172,5413276,7976597
16173,5413276,7337070
16174,5413276,7019373
16175,5413276,7829699
16176,5413276,7829699
16177,5413276,7678126
16178,5413276,8066776
16179,5413276,7154841
16180,5413276,7154841
16181,5413276,7059369
16182,5413276,7593755
16183,5413276,8017034
16184,5413276,7996900
16185,5413276,7966583
16186,5413276,7755441
16187,5413276,7860195
16188,5413276,7840491
16189,5413276,8004045
16190,5413276,8777292
16191,5413276,8747976
16192,5413276,8493715
16193,5413276,6929639
16194,5413276,6968680
16195,5413276,7539121
16196,5413276,7833689
16197,5413276,7733727
16198,5413276,7733727
16199,5413276,7419843
16200,5413276,7302572
16201,5413276,7212774
16202,5413276,7113250
16203,5413276,7452198
16204,5413276,7136382
16205,5413276,7575428
16206,5413276,7575428
16207,5413276,7575428
16208,5413276,7575428
16209,5413276,7967230
16210,5413276,7968867
16211,5413276,8022800
16212,5413276,7612548
16213,5413276,7292071
16214,5413276,7291086
16215,5413276,7492977
16216,5413276,7492977
16217,5413276,7402438
16218,5413276,7480467
16219,5413276,6909987
16220,5413276,7022280
16221,5413276,7385349
16222,5413276,8100382
16223,5413276,8247207
16224,5413276,8236443
16225,5413276,8160977
16226,5413276,8725515
16227,5413276,8725515
16228,5413276,8713676
16229,5413276,8966773
16230,5413276,9548850
16231,5413276,9434242
16232,5413276,9096834
16233,5413276,8485713
16234,5413276,7736279
16235,5413276,7608359
16236,5413276,7939984
16237,5413276,8160851
16238,5413276,7867172
16239,5413276,7605508
16240,5413276,7773687
16241,5413276,8033113
16242,5413276,8031302
16243,5413276,7943778
16244,5413276,7913704
16245,5413276,8052299
16246,5413276,7809840
16247,5413276,7802817
16248,5413276,7802817
16249,5413276,7719831
16250,5413276,8240616
16251,5413276,8028366
16252,5413276,8338442
16253,5413276,8529098
16254,5413276,8529098
16255,5413276,8501665
16256,5413276,8497365
16257,5413276,8392411
16258,5413276,8690557
16259,5413276,8663975
16260,5413276,8582913
16261,5413276,8030191
16262,5413276,8029002
16263,5413276,7649629
16264,5413276,8093847
16265,5413276,8358360
16266,5413276,8298004
16267,5413276,7993427
16268,5413276,7614668
16269,5413276,7808077
16270,5413276,8639876
16271,5413276,8624720
16272,5413276,8533215
16273,5413276,8797213
16274,5413276,8402039
16275,5413276,8417551
16276,5413276,8501656
16277,5413276,9249370
16278,5413276,9249370
16279,5413276,9013788
16280,5413276,9380041
16281,5413276,9282908
16282,5413276,8524709
16283,5413276,7969468
16284,5413276,8429705
16285,5413276,8386641
16286,5413276,9188720
16287,5413276,9172712
16288,5413276,9376483
16289,5413276,9090221
16290,5413276,9072448
16291,5413276,9568558
16292,5413276,9383195
16293,5413276,9345087
16294,5413276,8934974
16295,5413276,9228455
16296,5413276,8793164
16297,5413276,8793164
16298,5413276,8625657
16299,5413276,7035506
16300,5413276,7035506
16301,5413276,7247645
16302,5413276,7879172
16303,5413276,8499632
16304,5413276,8773219
16305,5413276,8841659
16306,5413276,8720973
16307,5413276,8947237
16308,5413276,9194374
16309,5413276,9194374
16310,5413276,9151921
16311,5413276,9591627
16312,5413276,8922893
16313,5413276,8660886
16314,5413276,8259222
16315,5413276,8466459
16316,5413276,8729655
16317,5413276,7923844
16318,5413276,9616574
16319,5413276,9246352
16320,5413276,9326376
16321,5413276,9136380
16322,5413276,9128695
16323,5413276,9284126
16324,5413276,9241887
16325,5413276,9995265
16326,5413276,9955045
16327,5413276,9993043
16328,5413276,9670260
16329,5413276,9883167
16330,5413276,9109152
16331,5413276,8739388
16332,5413276,8015380
16333,5413276,8461658
16334,5413276,8455254
16335,5413276,8391635
16336,5413276,8454091
16337,5413276,8452827
16338,5413276,8242362
16339,5413276,8124950
16340,5413276,8109553
16341,5413276,8646345
16342,5413276,8327996
16343,5413276,8536912
16344,5413276,8539265
16345,5413276,8889854
16346,5413276,9184052
16347,5413276,9124434
16348,5413276,9473555
16349,5413276,8607246
16350,5413276,8473942
16351,5413276,8426799
16352,5413276,7811575
16353,5413276,8758258
16354,5413276,8680880
16355,5413276,8365172
16356,5413276,8645928
16357,5413276,8199758
16358,5413276,8717602
16359,5413276,9087405
16360,5413276,9553666
16361,5413276,9553666
16362,5413276,9378366
16363,5413276,9367086
16364,5413276,9790506
16365,5413276,9456851
16366,5413276,9666731
16367,5413276,9894170
16368,5413276,9894171
16369,5413276,10108231
16370,5413276,10164796
16371,5413276,10266741
16372,5413276,11073648
16373,5413276,10739403
16374,5413276,10727124
16375,5413276,10495594
16376,5413276,10926119
16377,5413276,10666765
16378,5413276,10154227
16379,5413276,10486022
16380,5413276,11080002
16381,5413276,11135711
16382,5413276,10947070
16383,5413276,10330592
16384,5413276,10424002
16385,5413276,10710248
16386,5413276,10636603
16387,5413276,10597732
16388,5413276,10330899
16389,5413276,10256016
16390,5413276,10666859
16391,5413276,10614082
16392,5413276,10161483
16393,5413276,10058055
16394,5413276,10466386
16395,5413276,9768211
16396,5413276,10068215
16397,5413276,10395452
16398,5413276,10395452
16399,5413276,9951619
16400,5413276,9951619
16401,5413276,9112557
16402,5413276,8825410
16403,5413276,8541643
16404,5413276,8390537
16405,5413276,8390537
16406,5413276,8178632
16407,5413276,8268826
16408,5413276,8262512
16409,5413276,8167198
16410,5413276,7713028
16411,5413276,7732924
16412,5413276,7339295
16413,5413276,7239249
16414,5413276,7212148
16415,5413276,7212148
16416,5413276,7203274
16417,5413276,6766583
16418,5413276,6762210
16419,5413276,7062987
16420,5413276,7062987
16421,5413276,7062987
16422,5413276,7062987
16423,5413276,7333519
16424,5413276,7054161
16425,5413276,6748388
16426,5413276,6390304
16427,5413276,6390304
16428,5413276,6931339
16429,5413276,7370238
16430,5413276,7370238
16431,5413276,7370238
16432,5413276,7556017
16433,5413276,8208453
16434,5413276,7873824
16435,5413276,8362651
16436,5413276,8796392
16437,5413276,8745077
16438,5413276,8622163
16439,5413276,8642865
16440,5413276,8642865
16441,5413276,8642865
16442,5413276,8114056
16443,5413276,8114056
16444,5413276,8035398
16445,5413276,8035398
16446,5413276,8402643
16447,5413276,8299424
16448,5413276,8492981
16449,5413276,8485387
16450,5413276,8682113
16451,5413276,9099543
16452,5413276,9037116
16453,5413276,8815525
16454,5413276,9212103
16455,5413276,9176825
16456,5413276,8763104
16457,5413276,9043996
16458,5413276,9303766
16459,5413276,9400232
16460,5413276,9046439
16461,5413276,9427915
16462,5413276,8440818
16463,5413276,8272409
16464,5413276,8272409
16465,5413276,8686462
16466,5413276,9510256
16467,5413276,9510256
16468,5413276,9941079
16469,5413276,9842629
16470,5413276,10217576
16471,5413276,10048241
16472,5413276,9958628
16473,5413276,9634138
16474,5413276,9357035
16475,5413276,9224056
16476,5413276,8934568
16477,5413276,8540134
16478,5413276,8726804
16479,5413276,8711536
16480,5413276,8486010
16481,5413276,8454022
16482,5413276,7633181
16483,5413276,7620798
16484,5413276,7625393
16485,5413276,8205870
16486,5413276,7650284
16487,5413276,7615965
16488,5413276,8005994
16489,5413276,7966553
16490,5413276,8026294
16491,5413276,7996856
16492,5413276,8385506
16493,5413276,8101797
16494,5413276,8134211
16495,5413276,8384894
16496,5413276,8710803
16497,5413276,8696012
16498,5413276,8647637
16499,5413276,8282181
16500,5413276,7993665
16501,5413276,7751823
16502,5413276,7741705
16503,5413276,7741705
16504,5413276,7696238
16505,5413276,7693349
16506,5413276,8585408
16507,5413276,8798181
16508,5413276,8517222
16509,5413276,9064201
16510,5413276,9097741
16511,5413276,9022721
16512,5413276,9022721
16513,5413276,8987071
16514,5413276,8995202
16515,5413276,8995202
16516,5413276,8934105
16517,5413276,8880334
16518,5413276,7370481
16519,5413276,7347263
16520,5413276,7639829
16521,5413276,8015717
16522,5413276,9155838
16523,5413276,8966794
16524,5413276,9700267
16525,5413276,9389382
16526,5413276,9210485
16527,5413276,9350647
16528,5413276,9308981
16529,5413276,8489744
16530,5413276,8342003
16531,5413276,8342003
16532,5413276,8273867
16533,5413276,8273867
16534,5413276,9061026
16535,5413276,9224927
16536,5413276,9287319
16537,5413276,8578932
16538,5413276,8680838
16539,5413276,8603265
16540,5413276,8579841
16541,5413276,9100294
16542,5413276,9881864
16543,5413276,9881864
16544,5413276,10019229
16545,5413276,10222587
16546,5413276,10196934
16547,5413276,9939581
16548,5413276,9596246
16549,5413276,9545388
16550,5413276,8864898
16551,5413276,8793082
16552,5413276,8791120
16553,5413276,8791120
16554,5413276,8533240
16555,5413276,9727076
16556,5413276,9294383
16557,5413276,9079983
16558,5413276,8272815
16559,5413276,6895164
16560,5413276,6561719
16561,5413276,6561719
16562,5413276,6561719
16563,5413276,7511794
16564,5413276,7826347
16565,5413276,8264507
16566,5413276,7961587
16567,5413276,8146531
16568,5413276,8146531
16569,5413276,8289713
16570,5413276,8244808
16571,5413276,8628321
16572,5413276,8259322
16573,5413276,7982195
16574,5413276,8085540
16575,5413276,7902471
16576,5413276,7181408
16577,5413276,7498871
16578,5413276,7904844
16579,5413276,8354246
16580,5413276,8332560
16581,5413276,8872417
16582,5413276,8948620
16583,5413276,9360939
16584,5413276,9360939
16585,5413276,9520819
16586,5413276,10335320
16587,5413276,10313085
16588,5413276,10053836
16589,5413276,10053836
16590,5413276,10052632
16591,5413276,10200510
16592,5413276,9736953
16593,5413276,9683628
16594,5413276,9724242
16595,5413276,8604881
16596,5413276,8544466
16597,5413276,8178501
16598,5413276,8590170
16599,5413276,8635392
16600,5413276,8634637
16601,5413276,8778886
16602,5413276,7979425
16603,5413276,7979425
16604,5413276,7949624
16605,5413276,7682295
16606,5413276,7441775
16607,5413276,7441775
16608,5413276,7556118
16609,5413276,7556118
16610,5413276,7481591
16611,5413276,7438653
16612,5413276,7247276
16613,5413276,7540988
16614,5413276,7568126
16615,5413276,7959928
16616,5413276,7748022
16617,5413276,8162820
16618,5413276,8489290
16619,5413276,8547446
16620,5413276,8484804
16621,5413276,8976357
16622,5413276,8791270
16623,5413276,8403646
16624,5413276,8197011
16625,5413276,8229804
16626,5413276,8432057
16627,5413276,8732061
16628,5413276,8695870
16629,5413276,9153226
16630,5413276,8853222
16631,5413276,8753528
16632,5413276,8753528
16633,5413276,8330219
16634,5413276,8228524
16635,5413276,8228524
16636,5413276,8228524
16637,5413276,8197693
16638,5413276,8247051
16639,5413276,7239181
16640,5413276,7201905
16641,5413276,7155727
16642,5413276,7530591
16643,5413276,7530591
16644,5413276,7448857
16645,5413276,8361849
16646,5413276,8007779
16647,5413276,7990108
16648,5413276,7986756
16649,5413276,7792890
16650,5413276,8614073
16651,5413276,8597304
16652,5413276,8597304
16653,5413276,8220340
16654,5413276,8040069
16655,5413276,7975219
16656,5413276,7975219
16657,5413276,7975219
16658,5413276,9369371
16659,5413276,9369891
16660,5413276,9456612
16661,5413276,9148350
16662,5413276,9148350
16663,5413276,9128790
16664,5413276,8823132
16665,5413276,8160721
16666,5413276,8426030
16667,5413276,8084344
16668,5413276,8285721
16669,5413276,8535862
16670,5413276,8535862
16671,5413276,8335722
16672,5413276,8613212
16673,5413276,8575332
16674,5413276,8521355
16675,5413276,8521355
16676,5413276,8009623
16677,5413276,7966318
16678,5413276,8522145
16679,5413276,8250217
16680,5413276,8065513
16681,5413276,8065513
16682,5413276,8116027
16683,5413276,7830107
16684,5413276,7409224
16685,5413276,7337493
16686,5413276,7750980
16687,5413276,7737286
16688,5413276,7249820
16689,5413276,7182086
16690,5413276,7213820
16691,5413276,7469032
16692,5413276,6853132
16693,5413276,6852124
16694,5413276,6410982
16695,5413276,6410982
16696,5413276,6697453
16697,5413276,7080079
16698,5413276,7073388
16699,5413276,7036776
16700,5413276,7431428
16701,5413276,7734655
16702,5413276,7775773
16703,5413276,7775773
16704,5413276,8285092
16705,5413276,8049132
16706,5413276,8741339
16707,5413276,9109221
16708,5413276,8400483
16709,5413276,8200517
16710,5413276,8200517
16711,5413276,7996154
16712,5413276,8051567
16713,5413276,7659744
16714,5413276,7602741
16715,5413276,7485523
16716,5413276,7485523
16717,5413276,8214390
16718,5413276,7060133
16719,5413276,7314612
16720,5413276,7493091
16721,5413276,7211808
16722,5413276,7001832
16723,5413276,7233914
16724,5413276,6844110
16725,5413276,6494989
16726,5413276,6461747
16727,5413276,6461747
16728,5413276,6461736
16729,5413276,6461736
16730,5413276,6473488
16731,5413276,6473488
16732,5413276,6527344
16733,5413276,6527344
16734,5413276,6527344
16735,5413276,6551913
16736,5413276,7368797
16737,5413276,7366938
16738,5413276,7366938
16739,5413276,8439565
16740,5413276,8294904
16741,5413276,8245667
16742,5413276,8807924
16743,5413276,9019459
16744,5413276,9233290
16745,5413276,9233290
16746,5413276,9233290
16747,5413276,9695605
16748,5413276,9687341
16749,5413276,9577212
16750,5413276,9665299
16751,5413276,9532066
16752,5413276,9587686
16753,5413276,9767267
16754,5413276,9095352
16755,5413276,8632155
16756,5413276,8640399
16757,5413276,8944570
16758,5413276,9787246
16759,5413276,10212546
16760,5413276,9487425
16761,5413276,10323268
16762,5413276,10774296
16763,5413276,10774296
16764,5413276,10749165
16765,5413276,10667610
16766,5413276,10253617
16767,5413276,10070978
16768,5413276,10016787
16769,5413276,10386691
16770,5413276,9450830
16771,5413276,9199143
16772,5413276,9146129
16773,5413276,9134118
16774,5413276,9127928
16775,5413276,8330939
16776,5413276,8672378
16777,5413276,8670112
16778,5413276,9166565
16779,5413276,9834580
16780,5413276,9092788
16781,5413276,9438691
16782,5413276,9416755
16783,5413276,9407714
16784,5413276,8906014
16785,5413276,8661210
16786,5413276,8623864
16787,5413276,8644217
16788,5413276,9160679
16789,5413276,9147074
16790,5413276,8490421
16791,5413276,8733651
16792,5413276,8534966
16793,5413276,8108387
16794,5413276,7994001
16795,5413276,8331077
16796,5413276,8239817
16797,5413276,8410417
16798,5413276,8919082
16799,5413276,7634633
16800,5413276,7634326
16801,5413276,7634326
16802,5413276,7493726
16803,5413276,7751257
16804,5413276,7751257
16805,5413276,8082688
16806,5413276,7912835
16807,5413276,7481643
16808,5413276,7305841
16809,5413276,7256503
16810,5413276,7969840
16811,5413276,8242224
16812,5413276,7964905
16813,5413276,7525473
16814,5413276,7478163
16815,5413276,7763833
16816,5413276,7763833
16817,5413276,9239206
16818,5413276,9511200
16819,5413276,9377881
16820,5413276,9347824
16821,5413276,8569251
16822,5413276,8347604
16823,5413276,8510174
16824,5413276,8348497
16825,5413276,8201012
16826,5413276,8339608
16827,5413276,8204678
16828,5413276,8198670
16829,5413276,8114098
16830,5413276,8114098
16831,5413276,8466985
16832,5413276,8200729
16833,5413276,8189861
16834,5413276,8695818
16835,5413276,8539466
16836,5413276,8894671
16837,5413276,8813205
16838,5413276,9118479
16839,5413276,9644428
16840,5413276,10015935
16841,5413276,9748426
16842,5413276,9992621
16843,5413276,9900989
16844,5413276,9620135
16845,5413276,9587665
16846,5413276,9215864
16847,5413276,8227407
16848,5413276,8563030
16849,5413276,8144585
16850,5413276,8849148
16851,5413276,8535932
16852,5413276,8479442
16853,5413276,8327700
16854,5413276,8751933
16855,5413276,8840169
16856,5413276,9041548
16857,5413276,9294717
16858,5413276,8798115
16859,5413276,8317623
16860,5413276,8822843
16861,5413276,8812223
16862,5413276,8784361
16863,5413276,8108736
16864,5413276,8782478
16865,5413276,8539193
16866,5413276,8525164
16867,5413276,8318138
16868,5413276,8318138
16869,5413276,8379311
16870,5413276,8740423
16871,5413276,8759895
16872,5413276,8643321
16873,5413276,8149236
16874,5413276,8149236
16875,5413276,8805998
16876,5413276,9143405
16877,5413276,9023982
16878,5413276,8942062
16879,5413276,9224134
16880,5413276,9173709
16881,5413276,8747008
16882,5413276,9117281
16883,5413276,9257173
16884,5413276,9441258
16885,5413276,9396158
16886,5413276,9097281
16887,5413276,8749803
16888,5413276,9040130
16889,5413276,9675072
16890,5413276,8980621
16891,5413276,9418674
16892,5413276,9353434
16893,5413276,9650182
16894,5413276,8920307
16895,5413276,8867212
16896,5413276,8789943
16897,5413276,8772577
16898,5413276,9063584
16899,5413276,8394334
16900,5413276,8583498
16901,5413276,8595149
16902,5413276,8751847
16903,5413276,8657427
16904,5413276,8271356
16905,5413276,8258602
16906,5413276,8015395
16907,5413276,7858707
16908,5413276,7858707
16909,5413276,7838921
16910,5413276,7885463
16911,5413276,7890064
16912,5413276,7624722
16913,5413276,8114339
16914,5413276,8686922
16915,5413276,8540737
16916,5413276,9297990
16917,5413276,9277144
16918,5413276,9460734
16919,5413276,9849261
16920,5413276,9821410
16921,5413276,10268631
16922,5413276,10253150
16923,5413276,9470448
16924,5413276,9764576
16925,5413276,9975633
16926,5413276,9609315
16927,5413276,10018035
16928,5413276,9698818
16929,5413276,9652027
16930,5413276,9907043
16931,5413276,9856164
16932,5413276,9860375
16933,5413276,9854891
16934,5413276,9854891
16935,5413276,9896146
16936,5413276,9271107
16937,5413276,9281079
16938,5413276,9108993
16939,5413276,9578318
16940,5413276,9518039
16941,5413276,9813089
16942,5413276,9745248
16943,5413276,9896656
16944,5413276,9881359
16945,5413276,9621589
16946,5413276,10063950
16947,5413276,10063950
16948,5413276,10103533
16949,5413276,10220385
16950,5413276,10832167
16951,5413276,10707704
16952,5413276,10778214
16953,5413276,10312630
16954,5413276,10186051
16955,5413276,10523541
16956,5413276,10526715
16957,5413276,10496190
16958,5413276,10793144
16959,5413276,11447082
16960,5413276,11291156
16961,5413276,11291156
16962,5413276,11280198
16963,5413276,11272827
16964,5413276,11589232
16965,5413276,11174779
16966,5413276,11686037
16967,5413276,11686037
16968,5413276,12103358
16969,5413276,11405923
16970,5413276,11083345
16971,5413276,11444209
16972,5413276,12000353
16973,5413276,11679802
16974,5413276,11223237
16975,5413276,11134534
16976,5413276,11132369
16977,5413276,11313072
16978,5413276,11224656
16979,5413276,10958044
16980,5413276,10698778
16981,5413276,10608559
16982,5413276,10584187
16983,5413276,10538086
16984,5413276,10872576
16985,5413276,10740303
16986,5413276,10774037
16987,5413276,10377972
16988,5413276,9892334
16989,5413276,9892334
16990,5413276,10432403
16991,5413276,10642242
16992,5413276,9355649
16993,5413276,9280452
16994,5413276,8883173
16995,5413276,8920733
16996,5413276,9680427
16997,5413276,10094441
16998,5413276,10304564
16999,5413276,10283035
17000,5413276,10447964
17001,5413276,10360463
17002,5413276,10000466
17003,5413276,9715219
17004,5413276,9360501
17005,5413276,9778695
17006,5413276,9708037
17007,5413276,10062831
17008,5413276,10232558
17009,5413276,9525843
17010,5413276,9152494
17011,5413276,9152494
17012,5413276,9216800
17013,5413276,9392104
17014,5413276,7701884
17015,5413276,7646871
17016,5413276,7713613
17017,5413276,7731275
17018,5413276,8059078
17019,5413276,8059078
17020,5413276,8838360
17021,5413276,8838360
17022,5413276,8582893
17023,5413276,8582893
17024,5413276,8996988
17025,5413276,8987812
17026,5413276,9703341
17027,5413276,9703341
17028,5413276,9659471
17029,5413276,9202916
17030,5413276,9041074
17031,5413276,8876809
17032,5413276,8876809
17033,5413276,5413276
17034,5413276,6390152
17035,5413276,6390152
17036,5413276,6277832
17037,5413276,6246454
17038,5413276,6339407
17039,5413276,6339407
17040,5413276,6381202
17041,5413276,6357652
17042,5413276,6295890
17043,5413276,6236384
17044,5413276,6236384
17045,5413276,6569165
17046,5413276,6566960
17047,5413276,6484321
17048,5413276,6484321
17049,5413276,6453422
17050,5413276,6453422
17051,5413276,6453422
17052,5413276,6452849
17053,5413276,6452849
17054,5413276,6392712
17055,5413276,6392712
17056,5413276,6392712
17057,5413276,6392712
17058,5413276,6392712
17059,5413276,6392712
17060,5413276,5870574
17061,5413276,5870574
17062,5413276,5916160
17063,5413276,5916160
17064,5413276,5966123
17065,5413276,6849215
17066,5413276,6688901
17067,5413276,6688901
17068,5413276,6614386
17069,5413276,7446894
17070,5413276,7441244
17071,5413276,7464757
17072,5413276,7453326
17073,5413276,7453326
17074,5413276,7385769
17075,5413276,6273196
17076,5413276,6273196
17077,5413276,6255966
17078,5413276,6134710
17079,5413276,6123279
17080,5413276,6569345
17081,5413276,6569345
17082,5413276,7316389
17083,5413276,7316389
17084,5413276,7823176
17085,5413276,7817528
17086,5413276,7817528
17087,5413276,8571215
17088,5413276,8541214
17089,5413276,8536566
17090,5413276,8313147
17091,5413276,8157964
17092,5413276,8628894
17093,5413276,8086180
17094,5413276,8034972
17095,5413276,7857493
17096,5413276,7857493
17097,5413276,7857493
17098,5413276,7857493
17099,5413276,7857493
17100,5413276,7713229
17101,5413276,7398265
17102,5413276,7398265
17103,5413276,7414331
17104,5413276,7414331
17105,5413276,7414331
17106,5413276,7654558
17107,5413276,7654558
17108,5413276,7597121
17109,5413276,8044023
17110,5413276,8044023
17111,5413276,7954323
17112,5413276,7954323
17113,5413276,7925197
17114,5413276,7863522
17115,5413276,7847500
17116,5413276,7601192
17117,5413276,7601192
17118,5413276,7420684
17119,5413276,7385390
17120,5413276,8000251
17121,5413276,7220969
17122,5413276,7220969
17123,5413276,7270368
17124,5413276,7270368
17125,5413276,7270368
17126,5413276,7197579
17127,5413276,7173042
17128,5413276,7250295
17129,5413276,7450842
17130,5413276,7450842
17131,5413276,7450842
17132,5413276,7397017
17133,5413276,7376055
17134,5413276,7397018
17135,5413276,7397018
17136,5413276,7397018
17137,5413276,7397018
17138,5413276,7332364
17139,5413276,7206446
17140,5413276,7125310
17141,5413276,7174989
17142,5413276,7154027
17143,5413276,7174989
17144,5413276,7174989
17145,5413276,7174989
17146,5413276,7176454
17147,5413276,7176454
17148,5413276,7176454
17149,5413276,7171974
17150,5413276,7171974
17151,5413276,7034233
17152,5413276,7034233
17153,5413276,7240449
17154,5413276,7216907
17155,5413276,7193548
17156,5413276,7137111
17157,5413276,7253167
17158,5413276,7253167
17159,5413276,7253167
17160,5413276,7339287
17161,5413276,7326243
17162,5413276,7326243
17163,5413276,7313711
17164,5413276,7313711
17165,5413276,7295239
17166,5413276,7292545
17167,5413276,7352330
17168,5413276,7352330
17169,5413276,7352330
17170,5413276,7424848
17171,5413276,7416208
17172,5413276,7416208
17173,5413276,7416208
17174,5413276,7416208
17175,5413276,7302684
17176,5413276,7302683
17177,5413276,7302683
17178,5413276,7302683
17179,5413276,7290625
17180,5413276,7284823
17181,5413276,7284823
17182,5413276,7284823
17183,5413276,7284823
17184,5413276,7806453
17185,5413276,7730589
17186,5413276,7423108
17187,5413276,7368785
17188,5413276,7363675
17189,5413276,7352587
17190,5413276,7162721
17191,5413276,7805655
17192,5413276,7778255
17193,5413276,7727868
17194,5413276,7688463
17195,5413276,7384348
17196,5413276,7340163
17197,5413276,7254139
17198,5413276,7254139
17199,5413276,7252476
17200,5413276,7252476
17201,5413276,7220240
17202,5413276,7189246
17203,5413276,7239493
17204,5413276,7228245
17205,5413276,7515975
17206,5413276,7515975
17207,5413276,7515975
17208,5413276,7510289
17209,5413276,7641920
17210,5413276,7550683
17211,5413276,8808881
17212,5413276,8609520
17213,5413276,8591533
17214,5413276,8540835
17215,5413276,8538275
17216,5413276,8500276
17217,5413276,8468783
17218,5413276,8468783
17219,5413276,8429335
17220,5413276,8339550
17221,5413276,8339550
17222,5413276,8058591
17223,5413276,8016596
17224,5413276,7858364
17225,5413276,7847167
17226,5413276,7896033
17227,5413276,7847272
17228,5413276,7847272
17229,5413276,7847272
17230,5413276,7780642
17231,5413276,7731191
17232,5413276,7850629
17233,5413276,7995406
17234,5413276,7995406
17235,5413276,7995406
17236,5413276,8129626
17237,5413276,8096840
17238,5413276,8274741
17239,5413276,8319907
17240,5413276,8236310
17241,5413276,8300608
17242,5413276,8244341
17243,5413276,8244341
17244,5413276,8149510
17245,5413276,8307122
17246,5413276,8281149
17247,5413276,8055603
17248,5413276,7992786
17249,5413276,7958674
17250,5413276,8146706
17251,5413276,8032611
17252,5413276,8032610
17253,5413276,7983813
17254,5413276,7983813
17255,5413276,7888254
17256,5413276,7888254
17257,5413276,7888254
17258,5413276,7888254
17259,5413276,7848858
17260,5413276,7848858
17261,5413276,8338466
17262,5413276,8338466
17263,5413276,8299939
17264,5413276,9145343
17265,5413276,9145343
17266,5413276,9031864
17267,5413276,9031864
17268,5413276,8819383
17269,5413276,8813249
17270,5413276,8813249
17271,5413276,8813249
17272,5413276,8813249
17273,5413276,8813249
17274,5413276,8813249
17275,5413276,8553943
17276,5413276,8690856
17277,5413276,8596933
17278,5413276,8596933
17279,5413276,8700510
17280,5413276,8633236
17281,5413276,8644590
17282,5413276,8601099
17283,5413276,8580958
17284,5413276,8514369
17285,5413276,8753399
17286,5413276,8693359
17287,5413276,8774367
17288,5413276,8819295
17289,5413276,8815759
17290,5413276,8722157
17291,5413276,8938680
17292,5413276,8938680
17293,5413276,8923003
17294,5413276,8677842
17295,5413276,8621073
17296,5413276,8474598
17297,5413276,8474598
17298,5413276,8474598
17299,5413276,8474598
17300,5413276,8474598
17301,5413276,8397513
17302,5413276,8889615
17303,5413276,8869063
17304,5413276,8809130
17305,5413276,8804606
17306,5413276,8755237
17307,5413276,8754019
17308,5413276,8676984
17309,5413276,8612940
17310,5413276,9188635
17311,5413276,9176116
17312,5413276,8938782
17313,5413276,9410936
17314,5413276,9410936
17315,5413276,9410936
17316,5413276,9225718
17317,5413276,9069895
17318,5413276,9001629
17319,5413276,8967785
17320,5413276,8967785
17321,5413276,8933912
17322,5413276,8438112
17323,5413276,8438112
17324,5413276,8366716
17325,5413276,8366716
17326,5413276,8366716
17327,5413276,8513301
17328,5413276,8771734
17329,5413276,8639032
17330,5413276,8637085
17331,5413276,8637085
17332,5413276,8500329
17333,5413276,7688089
17334,5413276,7740748
17335,5413276,7778853
17336,5413276,7774380
17337,5413276,7708722
17338,5413276,7691060
17339,5413276,8105885
17340,5413276,8083087
17341,5413276,8073892
17342,5413276,8073903
17343,5413276,8073903
17344,5413276,8043060
17345,5413276,8060427
17346,5413276,8060427
17347,5413276,8060427
17348,5413276,7934357
17349,5413276,7934357
17350,5413276,7894709
17351,5413276,7858017
17352,5413276,7858017
17353,5413276,8443468
17354,5413276,8469086
17355,5413276,8449740
17356,5413276,8430195
17357,5413276,8422428
17358,5413276,8375874
17359,5413276,8907088
17360,5413276,8907088
17361,5413276,8734864
17362,5413276,8694644
17363,5413276,8607167
17364,5413276,8474589
17365,5413276,8170266
17366,5413276,8142626
17367,5413276,8117336
17368,5413276,8103003
17369,5413276,8103003
17370,5413276,8977750
17371,5413276,8972699
17372,5413276,8930446
17373,5413276,8818278
17374,5413276,8818278
17375,5413276,8813365
17376,5413276,8503503
17377,5413276,8483277
17378,5413276,8279398
17379,5413276,8279398
17380,5413276,8552951
17381,5413276,8539051
17382,5413276,8539051
17383,5413276,8539051
17384,5413276,8634986
17385,5413276,8509469
17386,5413276,8509469
17387,5413276,8731732
17388,5413276,8635309
17389,5413276,8618139
17390,5413276,8618139
17391,5413276,9234952
17392,5413276,9591809
17393,5413276,9521757
17394,5413276,9618436
17395,5413276,9401744
17396,5413276,9472521
17397,5413276,9374281
17398,5413276,9273160
17399,5413276,9273160
17400,5413276,9202219
17401,5413276,9188331
17402,5413276,9027857
17403,5413276,9015653
17404,5413276,8991659
17405,5413276,8991659
17406,5413276,8379296
17407,5413276,7843952
17408,5413276,7710956
17409,5413276,7580161
17410,5413276,7526984
17411,5413276,7482654
17412,5413276,7482654
17413,5413276,7288626
17414,5413276,7269325
17415,5413276,7178600
17416,5413276,7178600
17417,5413276,7149203
17418,5413276,7149203
17419,5413276,7387492
17420,5413276,7387492
17421,5413276,7364365
17422,5413276,7657587
17423,5413276,7647385
17424,5413276,7594479
17425,5413276,7594479
17426,5413276,7617992
17427,5413276,7617992
17428,5413276,7832544
17429,5413276,7704922
17430,5413276,7674034
17431,5413276,8064861
17432,5413276,7946670
17433,5413276,7946670
17434,5413276,7946670
17435,5413276,7942628
17436,5413276,7779968
17437,5413276,7704452
17438,5413276,7696720
17439,5413276,7696720
17440,5413276,8266156
17441,5413276,8266156
17442,5413276,8042373
17443,5413276,8042373
17444,5413276,8012478
17445,5413276,8012478
17446,5413276,8012478
17447,5413276,8012478
17448,5413276,8012478
17449,5413276,7965791
17450,5413276,7960878
17451,5413276,7958413
17452,5413276,7958413
17453,5413276,7958413
17454,5413276,7930580
17455,5413276,7730640
17456,5413276,7769910
17457,5413276,7530620
17458,5413276,7507456
17459,5413276,7468186
17460,5413276,7426274
17461,5413276,7573774
17462,5413276,8122979
17463,5413276,8122979
17464,5413276,8573748
17465,5413276,8573748
17466,5413276,8573748
17467,5413276,8573748
17468,5413276,8573748
17469,5413276,8573748
17470,5413276,8573748
17471,5413276,8573748
17472,5413276,8533902
17473,5413276,8533902
17474,5413276,8506101
17475,5413276,9557187
17476,5413276,9557187
17477,5413276,10220802
17478,5413276,10191773
17479,5413276,10126161
17480,5413276,10126161
17481,5413276,9927775
17482,5413276,9846146
17483,5413276,9798306
17484,5413276,9735461
17485,5413276,9693378
17486,5413276,9964311
17487,5413276,9966461
17488,5413276,9282263
17489,5413276,9282263
17490,5413276,9247115
17491,5413276,9123118
17492,5413276,9114478
17493,5413276,8636506
17494,5413276,8480912
17495,5413276,8011715
17496,5413276,7593209
17497,5413276,7517696
17498,5413276,7674151
17499,5413276,7692314
17500,5413276,7692314
17501,5413276,7692314
17502,5413276,7674725
17503,5413276,7375560
17504,5413276,7375560
17505,5413276,7357050
17506,5413276,7357050
17507,5413276,7321731
17508,5413276,7630235
17509,5413276,7399357
17510,5413276,7463867
17511,5413276,7463867
17512,5413276,7463867
17513,5413276,7422553
17514,5413276,7460915
17515,5413276,7387628
17516,5413276,7387628
17517,5413276,7387628
17518,5413276,7437591
17519,5413276,7437591
17520,5413276,7445783
17521,5413276,7436877
17522,5413276,7891302
17523,5413276,8757678
17524,5413276,8681944
17525,5413276,8502770
17526,5413276,8470452
17527,5413276,8421423
17528,5413276,8389572
17529,5413276,8206189
17530,5413276,8206189
17531,5413276,8206184
17532,5413276,8206184
17533,5413276,8481936
17534,5413276,7962511
17535,5413276,7597918
17536,5413276,7836725
17537,5413276,8133671
17538,5413276,8298206
17539,5413276,8175063
17540,5413276,8132432
17541,5413276,8080213
17542,5413276,8557111
17543,5413276,8927351
17544,5413276,9061514
17545,5413276,9670474
17546,5413276,8896524
17547,5413276,8882966
17548,5413276,8583986
17549,5413276,8545004
17550,5413276,8779233
17551,5413276,8334849
17552,5413276,8523497
17553,5413276,8774912
17554,5413276,8774912
17555,5413276,8774912
17556,5413276,8689073
17557,5413276,8684564
17558,5413276,8747918
17559,5413276,8900166
17560,5413276,8900166
17561,5413276,9092930
17562,5413276,9578819
17563,5413276,9636761
17564,5413276,8717351
17565,5413276,9304839
17566,5413276,9081002
17567,5413276,8383035
17568,5413276,8376964
17569,5413276,8360468
17570,5413276,8360468
17571,5413276,8924033
17572,5413276,8879347
17573,5413276,9740240
17574,5413276,10093827
17575,5413276,10107362
17576,5413276,10114453
17577,5413276,8824606
17578,5413276,8464783
17579,5413276,8095879
17580,5413276,8093523
17581,5413276,8156753
17582,5413276,8626170
17583,5413276,8370365
17584,5413276,8055374
17585,5413276,8054171
17586,5413276,8054171
17587,5413276,7950204
17588,5413276,8222973
17589,5413276,8095303
17590,5413276,7604199
17591,5413276,7564140
17592,5413276,7607283
17593,5413276,7590771
17594,5413276,7093115
17595,5413276,7093115
17596,5413276,7286460
17597,5413276,7316252
17598,5413276,7370457
17599,5413276,7718460
17600,5413276,7655705
17601,5413276,7154193
17602,5413276,7164124
17603,5413276,7164124
17604,5413276,7164124
17605,5413276,7470340
17606,5413276,7921737
17607,5413276,7903105
17608,5413276,7774935
17609,5413276,8695924
17610,5413276,8695924
17611,5413276,8695924
17612,5413276,8853559
17613,5413276,8853559
17614,5413276,8016084
17615,5413276,7400137
17616,5413276,7400137
17617,5413276,7673207
17618,5413276,7238444
17619,5413276,7256645
17620,5413276,6869060
17621,5413276,6859232
17622,5413276,6809703
17623,5413276,7036793
17624,5413276,5941079
17625,5413276,5985831
17626,5413276,6608299
17627,5413276,6490033
17628,5413276,6572182
17629,5413276,6559775
17630,5413276,6543667
17631,5413276,7072837
17632,5413276,7611380
17633,5413276,7976198
17634,5413276,8333834
17635,5413276,8951542
17636,5413276,8105019
17637,5413276,8534830
17638,5413276,8590478
17639,5413276,8468713
17640,5413276,8431554
17641,5413276,8538689
17642,5413276,8910439
17643,5413276,9091839
17644,5413276,8994357
17645,5413276,8464601
17646,5413276,8434552
17647,5413276,8423985
17648,5413276,8423985
17649,5413276,8542208
17650,5413276,8656233
17651,5413276,9032856
17652,5413276,9284647
17653,5413276,9376373
17654,5413276,9070715
17655,5413276,9221441
17656,5413276,9096627
17657,5413276,8105806
17658,5413276,7661918
17659,5413276,7595766
17660,5413276,7651444
17661,5413276,7651444
17662,5413276,7846356
17663,5413276,8419478
17664,5413276,8350611
17665,5413276,7721756
17666,5413276,7604607
17667,5413276,8349508
17668,5413276,8614788
17669,5413276,9000370
17670,5413276,8206021
17671,5413276,7462347
17672,5413276,7871213
17673,5413276,7564870
17674,5413276,7564870
17675,5413276,7564870
17676,5413276,8013499
17677,5413276,8729725
17678,5413276,9075174
17679,5413276,8659901
17680,5413276,9042450
17681,5413276,8897204
17682,5413276,9180042
17683,5413276,9509010
17684,5413276,9506060
17685,5413276,9506060
17686,5413276,8801825
17687,5413276,8935695
17688,5413276,8935695
17689,5413276,8615894
17690,5413276,8575144
17691,5413276,8573775
17692,5413276,8304939
17693,5413276,8580416
17694,5413276,8259062
17695,5413276,8216243
17696,5413276,7600316
17697,5413276,7704945
17698,5413276,7704945
17699,5413276,7531880
17700,5413276,7466949
17701,5413276,7864872
17702,5413276,8289721
17703,5413276,8254261
17704,5413276,7980438
17705,5413276,7980438
17706,5413276,9550632
17707,5413276,10722402
17708,5413276,10906252
17709,5413276,11252097
17710,5413276,11353641
17711,5413276,11450800
17712,5413276,11296162
17713,5413276,11553244
17714,5413276,11037997
17715,5413276,11626574
17716,5413276,12085261
17717,5413276,12051635
17718,5413276,12467536
17719,5413276,11850626
17720,5413276,12535359
17721,5413276,12358115
17722,5413276,11553945
17723,5413276,11639091
17724,5413276,11549983
17725,5413276,11553811
17726,5413276,11225740
17727,5413276,11033782
17728,5413276,10052446
17729,5413276,10376485
17730,5413276,10010316
17731,5413276,9835227
17732,5413276,9928269
17733,5413276,10078155
17734,5413276,10078155
17735,5413276,9346057
17736,5413276,9219986
17737,5413276,9200950
17738,5413276,8639441
17739,5413276,8623575
17740,5413276,8623575
17741,5413276,8743978
17742,5413276,8607202
17743,5413276,8533438
17744,5413276,9018212
17745,5413276,8664875
17746,5413276,8755971
17747,5413276,8982479
17748,5413276,9286851
17749,5413276,9549814
17750,5413276,9499295
17751,5413276,9403076
17752,5413276,9350307
17753,5413276,9350307
17754,5413276,9350307
17755,5413276,8846287
17756,5413276,8799456
17757,5413276,9105113
17758,5413276,9912020
17759,5413276,9075553
17760,5413276,9311450
17761,5413276,9289655
17762,5413276,9240714
17763,5413276,8824458
17764,5413276,8824458
17765,5413276,8788383
17766,5413276,9502672
17767,5413276,10066968
17768,5413276,9731899
17769,5413276,9396028
17770,5413276,8077925
17771,5413276,7912016
17772,5413276,7591878
17773,5413276,7818003
17774,5413276,8491344
17775,5413276,8491344
17776,5413276,8491344
17777,5413276,8469873
17778,5413276,8374880
17779,5413276,8374880
17780,5413276,9062321
17781,5413276,7777687
17782,5413276,8195983
17783,5413276,8148727
17784,5413276,8116106
17785,5413276,8446348
17786,5413276,8655073
17787,5413276,8392559
17788,5413276,8451511
17789,5413276,9089775
17790,5413276,8587354
17791,5413276,8289852
17792,5413276,8570295
17793,5413276,7869081
17794,5413276,7867011
17795,5413276,7771485
17796,5413276,7771485
17797,5413276,7718423
17798,5413276,7699171
17799,5413276,7900683
17800,5413276,7900683
17801,5413276,8162277
17802,5413276,8575435
17803,5413276,8575435
17804,5413276,8614144
17805,5413276,8961691
17806,5413276,8961691
17807,5413276,8692120
17808,5413276,9084317
17809,5413276,9704370
17810,5413276,9257149
17811,5413276,9008773
17812,5413276,8521925
17813,5413276,8521925
17814,5413276,8513286
17815,5413276,8320133
17816,5413276,8443939
17817,5413276,8443939
17818,5413276,8443939
17819,5413276,7996558
17820,5413276,7996558
17821,5413276,8343659
17822,5413276,8303175
17823,5413276,8829377
17824,5413276,8829377
17825,5413276,9235788
17826,5413276,9437797
17827,5413276,10206006
17828,5413276,9601728
17829,5413276,9504041
17830,5413276,9453522
17831,5413276,9638015
17832,5413276,9556049
17833,5413276,8794418
17834,5413276,8775798
17835,5413276,9059177
17836,5413276,8986846
17837,5413276,8442839
17838,5413276,8235830
17839,5413276,7994213
17840,5413276,7994213
17841,5413276,8483741
17842,5413276,8612843
17843,5413276,8614439
17844,5413276,9472786
17845,5413276,9424603
17846,5413276,8964001
17847,5413276,8957678
17848,5413276,9201028
17849,5413276,8972227
17850,5413276,8972227
17851,5413276,9231495
17852,5413276,9553473
17853,5413276,10381466
17854,5413276,9911592
17855,5413276,9440634
17856,5413276,9440634
17857,5413276,10285792
17858,5413276,9368194
17859,5413276,9345895
17860,5413276,9500577
17861,5413276,9500577
17862,5413276,9669101
17863,5413276,9374051
17864,5413276,9353916
17865,5413276,8963678
17866,5413276,8963678
17867,5413276,9129869
17868,5413276,9124666
17869,5413276,9076656
17870,5413276,8915969
17871,5413276,8915511
17872,5413276,8915511
17873,5413276,9336746
17874,5413276,9715047
17875,5413276,8863953
17876,5413276,9148813
17877,5413276,9136365
17878,5413276,9136365
17879,5413276,9288486
17880,5413276,10098783
17881,5413276,9893042
17882,5413276,9836507
17883,5413276,9836507
17884,5413276,9785118
17885,5413276,10193713
17886,5413276,9105670
17887,5413276,8955397
17888,5413276,8821023
17889,5413276,8370879
17890,5413276,8115024
17891,5413276,8100949
17892,5413276,7960314
17893,5413276,8021568
17894,5413276,8021568
17895,5413276,8021568
17896,5413276,7631681
17897,5413276,7523321
17898,5413276,7194997
17899,5413276,7189749
17900,5413276,7341178
17901,5413276,7415188
17902,5413276,7492460
17903,5413276,7409905
17904,5413276,7409905
17905,5413276,7464561
17906,5413276,7310681
17907,5413276,7543260
17908,5413276,7569936
17909,5413276,7308421
17910,5413276,6987218
17911,5413276,6882640
17912,5413276,6726463
17913,5413276,6726463
17914,5413276,8429405
17915,5413276,8410507
17916,5413276,8823470
17917,5413276,8728890
17918,5413276,9653363
17919,5413276,9515078
17920,5413276,9484720
17921,5413276,9792559
17922,5413276,9822899
17923,5413276,9931949
17924,5413276,9374446
17925,5413276,9399058
17926,5413276,9379622
17927,5413276,8978442
17928,5413276,9142872
17929,5413276,9251383
17930,5413276,9046298
17931,5413276,8519192
17932,5413276,8519192
17933,5413276,9359337
17934,5413276,9359337
17935,5413276,9989414
17936,5413276,9662052
17937,5413276,9662052
17938,5413276,9263165
17939,5413276,9263165
17940,5413276,9283344
17941,5413276,9376581
17942,5413276,9347068
17943,5413276,9491886
17944,5413276,9258489
17945,5413276,8838753
17946,5413276,8868155
17947,5413276,8712401
17948,5413276,8647632
17949,5413276,8917137
17950,5413276,8572947
17951,5413276,8572947
17952,5413276,8499017
17953,5413276,8527864
17954,5413276,8213143
17955,5413276,7804423
17956,5413276,7804423
17957,5413276,7505443
17958,5413276,7396063
17959,5413276,7397922
17960,5413276,7250455
17961,5413276,7432683
17962,5413276,7432683
17963,5413276,8144135
17964,5413276,8144135
17965,5413276,8105520
17966,5413276,8161137
17967,5413276,8185619
17968,5413276,7919349
17969,5413276,8113409
17970,5413276,7281408
17971,5413276,7281408
17972,5413276,7270641
17973,5413276,8040565
17974,5413276,8577156
17975,5413276,8436104
17976,5413276,7647552
17977,5413276,7881010
17978,5413276,7871022
17979,5413276,7973736
17980,5413276,8733578
17981,5413276,9224668
17982,5413276,8622736
17983,5413276,8622736
17984,5413276,8523696
17985,5413276,8458592
17986,5413276,8765517
17987,5413276,9183649
17988,5413276,8528227
17989,5413276,8621468
17990,5413276,8107830
17991,5413276,8523245
17992,5413276,9255243
17993,5413276,9255243
17994,5413276,9249941
17995,5413276,8795730
17996,5413276,9481103
17997,5413276,9528905
17998,5413276,10376426
17999,5413276,10385643
18000,5413276,10298083
18001,5413276,10027147
18002,5413276,9990969
18003,5413276,10364838
18004,5413276,10044334
18005,5413276,10404509
18006,5413276,10267265
18007,5413276,10236911
18008,5413276,9442535
18009,5413276,9320509
18010,5413276,9188688
18011,5413276,9188688
18012,5413276,9651864
18013,5413276,9153377
18014,5413276,9142477
18015,5413276,8965256
18016,5413276,9117848
18017,5413276,9337307
18018,5413276,9943250
18019,5413276,9943250
18020,5413276,9554878
18021,5413276,9166312
18022,5413276,9284472
18023,5413276,9996891
18024,5413276,9940060
18025,5413276,9634787
18026,5413276,8576634
18027,5413276,8603978
18028,5413276,8744269
18029,5413276,8744269
18030,5413276,9236132
18031,5413276,9396465
18032,5413276,9164817
18033,5413276,9146414
18034,5413276,9654111
18035,5413276,9571186
18036,5413276,9107732
18037,5413276,9107732
18038,5413276,9424100
18039,5413276,9367781
18040,5413276,9658895
18041,5413276,9586777
18042,5413276,9393971
18043,5413276,9372112
18044,5413276,9372112
18045,5413276,9372112
18046,5413276,9869605
18047,5413276,8989561
18048,5413276,8989561
18049,5413276,8669725
18050,5413276,8573498
18051,5413276,9004288
18052,5413276,9256579
18053,5413276,9157358
18054,5413276,9131225
18055,5413276,9251982
18056,5413276,9461406
18057,5413276,9461406
18058,5413276,9447886
18059,5413276,8648713
18060,5413276,8528739
18061,5413276,8105691
18062,5413276,8608105
18063,5413276,8940769
18064,5413276,8390896
18065,5413276,8095799
18066,5413276,7670809
18067,5413276,7458816
18068,5413276,7460497
18069,5413276,7455510
18070,5413276,7470567
18071,5413276,7305309
18072,5413276,7130013
18073,5413276,7293590
18074,5413276,7258513
18075,5413276,7258513
18076,5413276,7526506
18077,5413276,7459324
18078,5413276,7497326
18079,5413276,7960220
18080,5413276,8017392
18081,5413276,7903179
18082,5413276,7903179
18083,5413276,7942952
18084,5413276,8390063
18085,5413276,8639133
18086,5413276,8329024
18087,5413276,8877571
18088,5413276,8877571
18089,5413276,8986776
18090,5413276,9030383
18091,5413276,9184903
18092,5413276,9152994
18093,5413276,9007748
18094,5413276,8907173
18095,5413276,9385814
18096,5413276,9300488
18097,5413276,9600848
18098,5413276,9880705
18099,5413276,10099406
18100,5413276,10099406
18101,5413276,9988125
18102,5413276,9932903
18103,5413276,10002610
18104,5413276,10095900
18105,5413276,9851847
18106,5413276,9851847
18107,5413276,10135550
18108,5413276,10176193
18109,5413276,10117408
18110,5413276,9656028
18111,5413276,9507065
18112,5413276,9022079
18113,5413276,9097889
18114,5413276,9574717
18115,5413276,10440522
18116,5413276,10434857
18117,5413276,10453388
18118,5413276,10098713
18119,5413276,9180252
18120,5413276,9183297
18121,5413276,9179467
18122,5413276,8782188
18123,5413276,8205146
18124,5413276,7964053
18125,5413276,7963794
18126,5413276,7375865
18127,5413276,7356372
18128,5413276,7298796
18129,5413276,7603953
18130,5413276,7722892
18131,5413276,7520621
18132,5413276,7451340
18133,5413276,8163547
18134,5413276,8255864
18135,5413276,8550266
18136,5413276,8547853
18137,5413276,8711029
18138,5413276,8711029
18139,5413276,8552896
18140,5413276,8552896
18141,5413276,8489637
18142,5413276,8138645
18143,5413276,7431023
18144,5413276,7625773
18145,5413276,7608579
18146,5413276,7365749
18147,5413276,7121926
18148,5413276,6909901
18149,5413276,6789122
18150,5413276,7330704
18151,5413276,7757608
18152,5413276,8057506
18153,5413276,8019788
18154,5413276,7853701
18155,5413276,7917012
18156,5413276,7886288
18157,5413276,7638239
18158,5413276,7612910
18159,5413276,7517049
18160,5413276,7483888
18161,5413276,7497601
18162,5413276,7471452
18163,5413276,7875223
18164,5413276,7890884
18165,5413276,8318932
18166,5413276,7888557
18167,5413276,7840273
18168,5413276,7837899
18169,5413276,7837899
18170,5413276,7837899
18171,5413276,7959888
18172,5413276,7673332
18173,5413276,7931261
18174,5413276,8318207
18175,5413276,8288947
18176,5413276,8182172
18177,5413276,8254489
18178,5413276,8849305
18179,5413276,9010753
18180,5413276,9413392
18181,5413276,9413392
18182,5413276,9413392
18183,5413276,9645257
18184,5413276,9539547
18185,5413276,9414298
18186,5413276,8338977
18187,5413276,8338977
18188,5413276,7945203
18189,5413276,7862467
18190,5413276,7542692
18191,5413276,8036794
18192,5413276,7955023
18193,5413276,8556174
18194,5413276,8223727
18195,5413276,8365596
18196,5413276,8953020
18197,5413276,8559021
18198,5413276,8931889
18199,5413276,8931888
18200,5413276,8931888
18201,5413276,8477731
18202,5413276,8641205
18203,5413276,8822844
18204,5413276,8686627
18205,5413276,8754784
18206,5413276,8715297
18207,5413276,8962245
18208,5413276,9179421
18209,5413276,8997963
18210,5413276,9371660
18211,5413276,9327528
18212,5413276,9448788
18213,5413276,9417552
18214,5413276,9062475
18215,5413276,9198292
18216,5413276,9061226
18217,5413276,8722023
18218,5413276,8252595
18219,5413276,8200718
18220,5413276,8443876
18221,5413276,8636975
18222,5413276,8696332
18223,5413276,8536200
18224,5413276,8072373
18225,5413276,8387405
18226,5413276,8702411
18227,5413276,8702411
18228,5413276,9001725
18229,5413276,9398363
18230,5413276,9360009
18231,5413276,8935015
18232,5413276,8944664
18233,5413276,8475236
18234,5413276,8899240
18235,5413276,8816193
18236,5413276,8802610
18237,5413276,9383128
18238,5413276,9124193
18239,5413276,8031142
18240,5413276,8391341
18241,5413276,8065834
18242,5413276,8065834
18243,5413276,8088875
18244,5413276,7653241
18245,5413276,7974643
18246,5413276,8913104
18247,5413276,8810046
18248,5413276,8816514
18249,5413276,8624007
18250,5413276,8805859
18251,5413276,8340906
18252,5413276,8306120
18253,5413276,9265979
18254,5413276,8949540
18255,5413276,9466680
18256,5413276,9443028
18257,5413276,9443028
18258,5413276,9443028
18259,5413276,9192842
18260,5413276,8884579
18261,5413276,9225491
18262,5413276,9408158
18263,5413276,9407455
18264,5413276,9753928
18265,5413276,9690302
18266,5413276,9470550
18267,5413276,9457745
18268,5413276,9457745
18269,5413276,9821268
18270,5413276,9383597
18271,5413276,9407478
18272,5413276,9612423
18273,5413276,9688963
18274,5413276,10081512
18275,5413276,10003024
18276,5413276,9942274
18277,5413276,9665143
18278,5413276,10097967
18279,5413276,10097967
18280,5413276,10097967
18281,5413276,9809927
18282,5413276,10201729
18283,5413276,10201728
18284,5413276,10496778
18285,5413276,10495030
18286,5413276,10531370
18287,5413276,10790036
18288,5413276,10574668
18289,5413276,11358754
18290,5413276,11342295
18291,5413276,11338968
18292,5413276,11101311
18293,5413276,11180398
18294,5413276,11069983
18295,5413276,11035246
18296,5413276,10567625
18297,5413276,10215247
18298,5413276,10202944
18299,5413276,9928932
18300,5413276,9897396
18301,5413276,9400551
18302,5413276,9173178
18303,5413276,9115850
18304,5413276,8988471
18305,5413276,10181311
18306,5413276,10511553
18307,5413276,10686478
18308,5413276,10436008
18309,5413276,10476904
18310,5413276,10728929
18311,5413276,10769395
18312,5413276,10834650
18313,5413276,10266410
18314,5413276,10153995
18315,5413276,9454717
18316,5413276,9454717
18317,5413276,9435374
18318,5413276,9403712
18319,5413276,9632320
18320,5413276,9613642
18321,5413276,9911239
18322,5413276,9823193
18323,5413276,9559685
18324,5413276,9460775
18325,5413276,9957509
18326,5413276,9904479
18327,5413276,10135227
18328,5413276,10092404
18329,5413276,10051503
18330,5413276,10419832
18331,5413276,10549624
18332,5413276,11042646
18333,5413276,10654925
18334,5413276,10514742
18335,5413276,10488735
18336,5413276,10541858
18337,5413276,10141936
18338,5413276,10479445
18339,5413276,10464904
18340,5413276,10004856
18341,5413276,9948428
18342,5413276,10219626
18343,5413276,9905157
18344,5413276,9905157
18345,5413276,9899513
18346,5413276,10080350
18347,5413276,10046654
18348,5413276,10374589
18349,5413276,10271922
18350,5413276,10269850
18351,5413276,9960421
18352,5413276,9921847
18353,5413276,9726895
18354,5413276,9105473
18355,5413276,9343924
18356,5413276,9556363
18357,5413276,9313243
18358,5413276,9302738
18359,5413276,9107860
18360,5413276,9174300
18361,5413276,9211235
18362,5413276,9072740
18363,5413276,8723313
18364,5413276,8733818
18365,5413276,8350629
18366,5413276,8306866
18367,5413276,8469536
18368,5413276,8752631
18369,5413276,8966455
18370,5413276,9120289
18371,5413276,9346613
18372,5413276,9502770
18373,5413276,8751454
18374,5413276,8616999
18375,5413276,8698940
18376,5413276,8983136
18377,5413276,8835382
18378,5413276,8224523
18379,5413276,8144660
18380,5413276,8279945
18381,5413276,8133120
18382,5413276,8133120
18383,5413276,8491076
18384,5413276,8790416
18385,5413276,8659232
18386,5413276,8964576
18387,5413276,8916459
18388,5413276,8861819
18389,5413276,8861819
18390,5413276,8745038
18391,5413276,8671667
18392,5413276,8489732
18393,5413276,8186676
18394,5413276,8186676
18395,5413276,8737789
18396,5413276,9508453
18397,5413276,9508453
18398,5413276,9504625
18399,5413276,9057987
18400,5413276,8755631
18401,5413276,9098975
18402,5413276,9256237
18403,5413276,9336867
18404,5413276,9293789
18405,5413276,9436853
18406,5413276,9610800
18407,5413276,9305027
18408,5413276,9745570
18409,5413276,9418831
18410,5413276,9776340
18411,5413276,9321094
18412,5413276,9367764
18413,5413276,9579759
18414,5413276,9348144
18415,5413276,9807752
18416,5413276,10583142
18417,5413276,9920139
18418,5413276,9821624
18419,5413276,9567026
18420,5413276,9859229
18421,5413276,9723638
18422,5413276,9853839
18423,5413276,9806612
18424,5413276,9823233
18425,5413276,9498346
18426,5413276,9152881
18427,5413276,9134120
18428,5413276,8989063
18429,5413276,8565238
18430,5413276,8565238
18431,5413276,8849289
18432,5413276,8849289
18433,5413276,9253913
18434,5413276,8682047
18435,5413276,8328104
18436,5413276,8862781
18437,5413276,9375421
18438,5413276,9004613
18439,5413276,9058829
18440,5413276,8760282
18441,5413276,8388912
18442,5413276,8388912
18443,5413276,8674839
18444,5413276,8674839
18445,5413276,8674839
18446,5413276,8070543
18447,5413276,8457047
18448,5413276,8685124
18449,5413276,8570019
18450,5413276,8868339
18451,5413276,8691978
18452,5413276,9263521
18453,5413276,9662084
18454,5413276,9361748
18455,5413276,9126767
18456,5413276,8272121
18457,5413276,7697966
18458,5413276,8172619
18459,5413276,8680575
18460,5413276,8924770
18461,5413276,9292853
18462,5413276,9353177
18463,5413276,9536695
18464,5413276,9944610
18465,5413276,9628428
18466,5413276,10344702
18467,5413276,10599625
18468,5413276,10365270
18469,5413276,10137555
18470,5413276,9961280
18471,5413276,9545475
18472,5413276,9544087
18473,5413276,9719898
18474,5413276,9685515
18475,5413276,9590686
18476,5413276,9446536
18477,5413276,9577948
18478,5413276,8699878
18479,5413276,8388279
18480,5413276,8276784
18481,5413276,8592268
18482,5413276,9253372
18483,5413276,9197213
18484,5413276,9206661
18485,5413276,8782457
18486,5413276,8553793
18487,5413276,8779793
18488,5413276,8800663
18489,5413276,8719447
18490,5413276,8910611
18491,5413276,8431462
18492,5413276,8940451
18493,5413276,9243452
18494,5413276,8866196
18495,5413276,9100071
18496,5413276,9062363
18497,5413276,9222455
18498,5413276,9115449
18499,5413276,8706846
18500,5413276,8706846
18501,5413276,8706846
18502,5413276,8706846
18503,5413276,8995262
18504,5413276,8995262
18505,5413276,8480015
18506,5413276,8480015
18507,5413276,8499290
18508,5413276,8454699
18509,5413276,7941736
18510,5413276,7842031
18511,5413276,8492485
18512,5413276,8480995
18513,5413276,8346476
18514,5413276,8284654
18515,5413276,7505372
18516,5413276,7589830
18517,5413276,7389799
18518,5413276,7389799
18519,5413276,7599297
18520,5413276,8043515
18521,5413276,8052410
18522,5413276,7610957
18523,5413276,7890040
18524,5413276,7890040
18525,5413276,7890040
18526,5413276,9123298
18527,5413276,9101003
18528,5413276,9491231
18529,5413276,8829085
18530,5413276,8678900
18531,5413276,8895537
18532,5413276,8997715
18533,5413276,9151932
18534,5413276,5413276
18535,5413276,5413276
18536,5413276,6740354
18537,5413276,6468441
18538,5413276,6468441
18539,5413276,6379318
18540,5413276,6379318
18541,5413276,7258827
18542,5413276,7150954
18543,5413276,7112188
18544,5413276,7085937
18545,5413276,6915295
18546,5413276,6841238
18547,5413276,6841238
18548,5413276,6240662
18549,5413276,6240662
18550,5413276,6203744
18551,5413276,6326812
18552,5413276,6326812
18553,5413276,6634345
18554,5413276,6634345
18555,5413276,6634345
18556,5413276,6605064
18557,5413276,6605064
18558,5413276,6605064
18559,5413276,6996446
18560,5413276,7949472
18561,5413276,7949472
18562,5413276,7933178
18563,5413276,7854162
18564,5413276,7854162
18565,5413276,7805022
18566,5413276,7829520
18567,5413276,7829520
18568,5413276,7829520
18569,5413276,7640046
18570,5413276,7536621
18571,5413276,7536621
18572,5413276,7900615
18573,5413276,7749378
18574,5413276,7749378
18575,5413276,7749378
18576,5413276,8033082
18577,5413276,7926341
18578,5413276,7817317
18579,5413276,7817318
18580,5413276,7783327
18581,5413276,7696929
18582,5413276,7625800
18583,5413276,7625800
18584,5413276,7129929
18585,5413276,7122687
18586,5413276,7022204
18587,5413276,7022204
18588,5413276,7414304
18589,5413276,7414304
18590,5413276,7321645
18591,5413276,7303974
18592,5413276,7303974
18593,5413276,7303974
18594,5413276,7324182
18595,5413276,7328833
18596,5413276,7311470
18597,5413276,7311470
18598,5413276,7817701
18599,5413276,7815920
18600,5413276,7815920
18601,5413276,7717539
18602,5413276,6421543
18603,5413276,6421543
18604,5413276,6421543
18605,5413276,6312138
18606,5413276,6244509
18607,5413276,6208396
18608,5413276,6551744
18609,5413276,6502799
18610,5413276,6614453
18611,5413276,6506401
18612,5413276,6475425
18613,5413276,6475425
18614,5413276,6257274
18615,5413276,6257274
18616,5413276,6411608
18617,5413276,6411608
18618,5413276,6843148
18619,5413276,6828493
18620,5413276,6824149
18621,5413276,6820624
18622,5413276,6820624
18623,5413276,6820624
18624,5413276,7387762
18625,5413276,7387762
18626,5413276,7328045
18627,5413276,6937589
18628,5413276,7087338
18629,5413276,7079722
18630,5413276,7589042
18631,5413276,7542419
18632,5413276,7542419
18633,5413276,8335765
18634,5413276,8043976
18635,5413276,8041700
18636,5413276,8002233
18637,5413276,7334307
18638,5413276,7334307
18639,5413276,7065956
18640,5413276,7065956
18641,5413276,7065956
18642,5413276,7065956
18643,5413276,7034179
18644,5413276,6574720
18645,5413276,6574720
18646,5413276,6498934
18647,5413276,6498934
18648,5413276,6418592
18649,5413276,6489603
18650,5413276,6447443
18651,5413276,6467228
18652,5413276,6800216
18653,5413276,6800216
18654,5413276,6800216
18655,5413276,6800216
18656,5413276,6800216
18657,5413276,6800216
18658,5413276,6771314
18659,5413276,6771314
18660,5413276,6740225
18661,5413276,7103598
18662,5413276,7067090
18663,5413276,6982401
18664,5413276,7239033
18665,5413276,7239033
18666,5413276,7188708
18667,5413276,7567974
18668,5413276,7423406
18669,5413276,7598855
18670,5413276,7590579
18671,5413276,7590580
18672,5413276,7590579
18673,5413276,7547320
18674,5413276,6881263
18675,5413276,6881263
18676,5413276,6613397
18677,5413276,6528221
18678,5413276,6487061
18679,5413276,6683332
18680,5413276,6565972
18681,5413276,6566135
18682,5413276,6529413
18683,5413276,6529413
18684,5413276,6125925
18685,5413276,6587269
18686,5413276,6587269
18687,5413276,6587269
18688,5413276,6612063
18689,5413276,6612723
18690,5413276,6612723
18691,5413276,6612723
18692,5413276,6612723
18693,5413276,6795852
18694,5413276,6795852
18695,5413276,6798412
18696,5413276,6798412
18697,5413276,6740653
18698,5413276,6740653
18699,5413276,7036168
18700,5413276,7036168
18701,5413276,7036168
18702,5413276,7040137
18703,5413276,7036168
18704,5413276,7068276
18705,5413276,7094448
18706,5413276,7055738
18707,5413276,6733771
18708,5413276,6733772
18709,5413276,6733772
18710,5413276,6696482
18711,5413276,6692857
18712,5413276,6681537
18713,5413276,6658001
18714,5413276,6676503
18715,5413276,6672436
18716,5413276,6664016
18717,5413276,6664016
18718,5413276,6664016
18719,5413276,6567721
18720,5413276,6530217
18721,5413276,6681998
18722,5413276,6643435
18723,5413276,7195154
18724,5413276,7195154
18725,5413276,7121064
18726,5413276,6571570
18727,5413276,6397780
18728,5413276,6397780
18729,5413276,6397780
18730,5413276,6397780
18731,5413276,6397780
18732,5413276,6342555
18733,5413276,6342555
18734,5413276,6201947
18735,5413276,6203334
18736,5413276,6202388
18737,5413276,6346593
18738,5413276,6343746
18739,5413276,6343747
18740,5413276,6789097
18741,5413276,6836353
18742,5413276,7199130
18743,5413276,7199130
18744,5413276,7171786
18745,5413276,7170521
18746,5413276,7138263
18747,5413276,7138263
18748,5413276,7158629
18749,5413276,7158629
18750,5413276,7176126
18751,5413276,7142185
18752,5413276,6591340
18753,5413276,6591340
18754,5413276,7004827
18755,5413276,7001629
18756,5413276,7041866
18757,5413276,7041866
18758,5413276,7041866
18759,5413276,6983494
18760,5413276,7190622
18761,5413276,7278099
18762,5413276,7278099
18763,5413276,7222553
18764,5413276,7198215
18765,5413276,7245627
18766,5413276,7243948
18767,5413276,7221862
18768,5413276,7492909
18769,5413276,7492909
18770,5413276,7492909
18771,5413276,7674569
18772,5413276,7674569
18773,5413276,7631906
18774,5413276,7631906
18775,5413276,7788700
18776,5413276,7788700
18777,5413276,7599376
18778,5413276,7285642
18779,5413276,7234706
18780,5413276,7234706
18781,5413276,7156565
18782,5413276,7535029
18783,5413276,7373425
18784,5413276,7414378
18785,5413276,7412060
18786,5413276,7367249
18787,5413276,7367249
18788,5413276,7330354
18789,5413276,7330354
18790,5413276,7330354
18791,5413276,7330354
18792,5413276,6951308
18793,5413276,6896916
18794,5413276,7308760
18795,5413276,7129358
18796,5413276,7189528
18797,5413276,7179726
18798,5413276,7784055
18799,5413276,7728029
18800,5413276,8302821
18801,5413276,8762700
18802,5413276,8762700
18803,5413276,8680678
18804,5413276,8660620
18805,5413276,8623823
18806,5413276,8623823
18807,5413276,9060126
18808,5413276,9359947
18809,5413276,8758457
18810,5413276,8559657
18811,5413276,8556355
18812,5413276,8466298
18813,5413276,8358584
18814,5413276,8358584
18815,5413276,8350643
18816,5413276,8356884
18817,5413276,8364825
18818,5413276,8352789
18819,5413276,8352789
18820,5413276,8352789
18821,5413276,8352789
18822,5413276,8352789
18823,5413276,8413350
18824,5413276,8386592
18825,5413276,8878721
18826,5413276,8966499
18827,5413276,8491077
18828,5413276,8290111
18829,5413276,8290111
18830,5413276,8290111
18831,5413276,8215764
18832,5413276,8122329
18833,5413276,8122329
18834,5413276,8072868
18835,5413276,8101287
18836,5413276,8101287
18837,5413276,7584821
18838,5413276,7584821
18839,5413276,7504950
18840,5413276,7525176
18841,5413276,7422515
18842,5413276,7422515
18843,5413276,7422515
18844,5413276,7422515
18845,5413276,7422515
18846,5413276,7422515
18847,5413276,7422515
18848,5413276,7213089
18849,5413276,7213089
18850,5413276,7213089
18851,5413276,7204138
18852,5413276,7204138
18853,5413276,7204138
18854,5413276,7117660
18855,5413276,7117660
18856,5413276,7226149
18857,5413276,7205857
18858,5413276,7149678
18859,5413276,7149678
18860,5413276,7149678
18861,5413276,7138787
18862,5413276,7138787
18863,5413276,7098550
18864,5413276,7166745
18865,5413276,7087314
18866,5413276,7811665
18867,5413276,7945483
18868,5413276,7751598
18869,5413276,7699597
18870,5413276,7605139
18871,5413276,7977158
18872,5413276,7308263
18873,5413276,7381886
18874,5413276,8060442
18875,5413276,8069627
18876,5413276,8116786
18877,5413276,8216114
18878,5413276,8199113
18879,5413276,8013401
18880,5413276,8013401
18881,5413276,7700573
18882,5413276,7388802
18883,5413276,7527851
18884,5413276,7549468
18885,5413276,7642387
18886,5413276,8245383
18887,5413276,8117062
18888,5413276,8117062
18889,5413276,8041394
18890,5413276,8034334
18891,5413276,7928360
18892,5413276,7928360
18893,5413276,7851968
18894,5413276,7815588
18895,5413276,7844870
18896,5413276,7844870
18897,5413276,7794590
18898,5413276,7783977
18899,5413276,7825697
18900,5413276,7825697
18901,5413276,7701468
18902,5413276,8032425
18903,5413276,8032425
18904,5413276,8005696
18905,5413276,8008250
18906,5413276,8002224
18907,5413276,7999165
18908,5413276,7996285
18909,5413276,7799193
18910,5413276,7738556
18911,5413276,8640167
18912,5413276,8637108
18913,5413276,8526093
18914,5413276,8498932
18915,5413276,8388733
18916,5413276,8257743
18917,5413276,8253953
18918,5413276,7876166
18919,5413276,8319034
18920,5413276,8245100
18921,5413276,8245100
18922,5413276,8160386
18923,5413276,8156900
18924,5413276,8116892
18925,5413276,8419619
18926,5413276,8419619
18927,5413276,8416448
18928,5413276,8419627
18929,5413276,8244085
18930,5413276,8271155
18931,5413276,8266038
18932,5413276,8266038
18933,5413276,8173380
18934,5413276,8095232
18935,5413276,8523404
18936,5413276,8482252
18937,5413276,8455904
18938,5413276,8377756
18939,5413276,8377756
18940,5413276,8377756
18941,5413276,8377756
18942,5413276,8377756
18943,5413276,7623156
18944,5413276,7612715
18945,5413276,7917821
18946,5413276,7942804
18947,5413276,7982753
18948,5413276,7787185
18949,5413276,7764412
18950,5413276,7764412
18951,5413276,7722510
18952,5413276,7513504
18953,5413276,7389488
18954,5413276,8044605
18955,5413276,8024471
18956,5413276,8024471
18957,5413276,8018857
18958,5413276,8018857
18959,5413276,7955339
18960,5413276,7955339
18961,5413276,7900698
18962,5413276,7798073
18963,5413276,8361453
18964,5413276,8368671
18965,5413276,8841564
18966,5413276,8766204
18967,5413276,8766204
18968,5413276,8765258
18969,5413276,8608869
18970,5413276,8608869
18971,5413276,8038704
18972,5413276,8038704
18973,5413276,6691379
18974,5413276,6655992
18975,5413276,6575877
18976,5413276,6575877
18977,5413276,6575877
18978,5413276,6450430
18979,5413276,7229712
18980,5413276,6278736
18981,5413276,6237628
18982,5413276,6237628
18983,5413276,6274917
18984,5413276,6200258
18985,5413276,6199993
18986,5413276,6199993
18987,5413276,6199993
18988,5413276,6199993
18989,5413276,6199993
18990,5413276,6285998
18991,5413276,6285998
18992,5413276,6244325
18993,5413276,6312948
18994,5413276,6312948
18995,5413276,6312948
18996,5413276,6269741
18997,5413276,6255874
18998,5413276,6274456
18999,5413276,6355911
19000,5413276,6258930
19001,5413276,6238692
19002,5413276,6237736
19003,5413276,6174651
19004,5413276,6174651
19005,5413276,6354907
19006,5413276,6354907
19007,5413276,6341667
19008,5413276,6574607
19009,5413276,6509779
19010,5413276,6434847
19011,5413276,6992678
19012,5413276,6844160
19013,5413276,6844160
19014,5413276,6844160
19015,5413276,6930368
19016,5413276,7133366
19017,5413276,8154775
19018,5413276,8104115
19019,5413276,8072734
19020,5413276,8072734
19021,5413276,7690560
19022,5413276,7609420
19023,5413276,7115666
19024,5413276,7115666
19025,5413276,7115666
19026,5413276,7073347
19027,5413276,7073347
19028,5413276,7207439
19029,5413276,7196893
19030,5413276,7196893
19031,5413276,6778640
19032,5413276,6561157
19033,5413276,6557960
19034,5413276,7374942
19035,5413276,7378139
19036,5413276,7682685
19037,5413276,7373994
19038,5413276,7141712
19039,5413276,7560218
19040,5413276,7333838
19041,5413276,6893850
19042,5413276,7168446
19043,5413276,7017372
19044,5413276,7017022
19045,5413276,7017022
19046,5413276,6910761
19047,5413276,7228577
19048,5413276,7707528
19049,5413276,8811880
19050,5413276,8129991
19051,5413276,7838144
19052,5413276,7838960
19053,5413276,7838144
19054,5413276,8064218
19055,5413276,8843500
19056,5413276,8762107
19057,5413276,9024450
19058,5413276,8792961
19059,5413276,10334047
19060,5413276,10572511
19061,5413276,10464741
19062,5413276,10931551
19063,5413276,11138548
19064,5413276,10332320
19065,5413276,10139720
19066,5413276,9683837
19067,5413276,9850944
19068,5413276,10403721
19069,5413276,10983051
19070,5413276,10609891
19071,5413276,9920996
19072,5413276,9675562
19073,5413276,9632461
19074,5413276,9632461
19075,5413276,10113544
19076,5413276,9630814
19077,5413276,9973447
19078,5413276,9792034
19079,5413276,9609094
19080,5413276,9609094
19081,5413276,10298019
19082,5413276,10996607
19083,5413276,11230066
19084,5413276,11005346
19085,5413276,10739999
19086,5413276,10484532
19087,5413276,9867274
19088,5413276,10162872
19089,5413276,10162872
19090,5413276,10515726
19091,5413276,9858921
19092,5413276,9400510
19093,5413276,8792743
19094,5413276,8760366
19095,5413276,8905612
19096,5413276,9937452
19097,5413276,10248812
19098,5413276,10037277
19099,5413276,10037277
19100,5413276,9947865
19101,5413276,10684967
19102,5413276,10684967
19103,5413276,10577800
19104,5413276,10563141
19105,5413276,10022589
19106,5413276,9909572
19107,5413276,9117577
19108,5413276,9117577
19109,5413276,9117577
19110,5413276,8666053
19111,5413276,9228326
19112,5413276,9116635
19113,5413276,8944492
19114,5413276,9141648
19115,5413276,8649004
19116,5413276,8616329
19117,5413276,8571589
19118,5413276,8857975
19119,5413276,9159074
19120,5413276,9371758
19121,5413276,9380672
19122,5413276,9380672
19123,5413276,9235427
19124,5413276,8571771
19125,5413276,8571771
19126,5413276,7844065
19127,5413276,7830697
19128,5413276,7795095
19129,5413276,8010112
19130,5413276,8009885
19131,5413276,7858629
19132,5413276,7775572
19133,5413276,8140666
19134,5413276,8102439
19135,5413276,8323878
19136,5413276,8325457
19137,5413276,8296570
19138,5413276,8296129
19139,5413276,8512067
19140,5413276,8657796
19141,5413276,8647531
19142,5413276,9024335
19143,5413276,8853895
19144,5413276,9149490
19145,5413276,8905588
19146,5413276,9112223
19147,5413276,8909947
19148,5413276,8837798
19149,5413276,8660155
19150,5413276,8366069
19151,5413276,8251847
19152,5413276,8197191
19153,5413276,8258495
19154,5413276,8294381
19155,5413276,8294167
19156,5413276,8632956
19157,5413276,9334449
19158,5413276,9447474
19159,5413276,8967174
19160,5413276,9375431
19161,5413276,9541421
19162,5413276,9214994
19163,5413276,8862785
19164,5413276,9001377
19165,5413276,8923449
19166,5413276,9028558
19167,5413276,9298749
19168,5413276,9488501
19169,5413276,9208343
19170,5413276,9552468
19171,5413276,9629138
19172,5413276,9263224
19173,5413276,9762946
19174,5413276,9581410
19175,5413276,9237210
19176,5413276,8251228
19177,5413276,8136492
19178,5413276,8663059
19179,5413276,8740311
19180,5413276,8709038
19181,5413276,8380743
19182,5413276,8531315
19183,5413276,8352660
19184,5413276,8226562
19185,5413276,8226562
19186,5413276,8543909
19187,5413276,8543909
19188,5413276,8530611
19189,5413276,8495790
19190,5413276,8495790
19191,5413276,8495790
19192,5413276,8477178
19193,5413276,8477178
19194,5413276,8389705
19195,5413276,8349190
19196,5413276,8495310
19197,5413276,9098816
19198,5413276,9199907
19199,5413276,8931424
19200,5413276,9048555
19201,5413276,9067234
19202,5413276,8991941
19203,5413276,9782326
19204,5413276,10238880
19205,5413276,10219727
19206,5413276,10276558
19207,5413276,10276558
19208,5413276,10845205
19209,5413276,10398094
19210,5413276,10237520
19211,5413276,10135839
19212,5413276,8808001
19213,5413276,9958971
19214,5413276,9179689
19215,5413276,9582586
19216,5413276,9582586
19217,5413276,9430029
19218,5413276,9430029
19219,5413276,9954482
19220,5413276,9832815
19221,5413276,9952123
19222,5413276,9781104
19223,5413276,9646269
19224,5413276,9932943
19225,5413276,9534458
19226,5413276,9411101
19227,5413276,9034407
19228,5413276,9744927
19229,5413276,9516461
19230,5413276,9810154
19231,5413276,9503311
19232,5413276,8714631
19233,5413276,8856193
19234,5413276,8953660
19235,5413276,9597941
19236,5413276,9467509
19237,5413276,9326477
19238,5413276,9213953
19239,5413276,9474194
19240,5413276,9139243
19241,5413276,9121657
19242,5413276,9171650
19243,5413276,8742378
19244,5413276,8442865
19245,5413276,8365396
19246,5413276,8662565
19247,5413276,8662565
19248,5413276,8662565
19249,5413276,8051444
19250,5413276,7642724
19251,5413276,7437375
19252,5413276,7437375
19253,5413276,8019147
19254,5413276,8470169
19255,5413276,9079475
19256,5413276,9395368
19257,5413276,9377640
19258,5413276,9181241
19259,5413276,9793513
19260,5413276,9742667
19261,5413276,9998869
19262,5413276,9280802
19263,5413276,9233169
19264,5413276,9096894
19265,5413276,9096894
19266,5413276,9135174
19267,5413276,9135174
19268,5413276,8971071
19269,5413276,9237958
19270,5413276,9017862
19271,5413276,9339686
19272,5413276,9299485
19273,5413276,9626773
19274,5413276,9611234
19275,5413276,9796796
19276,5413276,9997185
19277,5413276,10169900
19278,5413276,10029870
19279,5413276,9905154
19280,5413276,9850052
19281,5413276,10233279
19282,5413276,10195655
19283,5413276,9469838
19284,5413276,9409133
19285,5413276,9316867
19286,5413276,9316867
19287,5413276,9559276
19288,5413276,9239462
19289,5413276,9118549
19290,5413276,9175387
19291,5413276,9482835
19292,5413276,9481250
19293,5413276,9389455
19294,5413276,9446832
19295,5413276,9307167
19296,5413276,9495672
19297,5413276,10087701
19298,5413276,9506328
19299,5413276,9452659
19300,5413276,9778904
19301,5413276,9281411
19302,5413276,8443786
19303,5413276,8443786
19304,5413276,8417080
19305,5413276,8327833
19306,5413276,8381667
19307,5413276,9005050
19308,5413276,9250954
19309,5413276,9250954
19310,5413276,8493805
19311,5413276,9262379
19312,5413276,9178994
19313,5413276,9178994
19314,5413276,9376223
19315,5413276,9359473
19316,5413276,9065574
19317,5413276,9061439
19318,5413276,9061439
19319,5413276,9061439
19320,5413276,9015008
19321,5413276,8993086
19322,5413276,8993086
19323,5413276,8798425
19324,5413276,8798425
19325,5413276,8624863
19326,5413276,8535081
19327,5413276,8403419
19328,5413276,8345218
19329,5413276,8291847
19330,5413276,8289550
19331,5413276,8083518
19332,5413276,8779820
19333,5413276,8779820
19334,5413276,8779820
19335,5413276,9076774
19336,5413276,8831331
19337,5413276,9038888
19338,5413276,8859778
19339,5413276,8853330
19340,5413276,9153067
19341,5413276,8805330
19342,5413276,9100845
19343,5413276,8927803
19344,5413276,8888309
19345,5413276,9236934
19346,5413276,9236934
19347,5413276,9189235
19348,5413276,9189235
19349,5413276,9153936
19350,5413276,9494292
19351,5413276,9735507
19352,5413276,9347048
19353,5413276,8714141
19354,5413276,8671231
19355,5413276,8344818
19356,5413276,7808159
19357,5413276,7745539
19358,5413276,7443817
19359,5413276,7508427
19360,5413276,7508427
19361,5413276,7602358
19362,5413276,7601560
19363,5413276,8064868
19364,5413276,7493430
19365,5413276,7617383
19366,5413276,7615830
19367,5413276,8140574
19368,5413276,8713682
19369,5413276,8357816
19370,5413276,8660403
19371,5413276,8696428
19372,5413276,8758982
19373,5413276,8628249
19374,5413276,8149087
19375,5413276,8094571
19376,5413276,9233772
19377,5413276,9435199
19378,5413276,9243997
19379,5413276,9026587
19380,5413276,9056393
19381,5413276,9056393
19382,5413276,9512741
19383,5413276,9809909
19384,5413276,9842938
19385,5413276,9631795
19386,5413276,9819528
19387,5413276,9550409
19388,5413276,9546876
19389,5413276,9546001
19390,5413276,10034342
19391,5413276,9746089
19392,5413276,9746089
19393,5413276,9701468
19394,5413276,9701468
19395,5413276,9687008
19396,5413276,10034969
19397,5413276,9733604
19398,5413276,9271144
19399,5413276,9443638
19400,5413276,9210667
19401,5413276,9781144
19402,5413276,9683047
19403,5413276,9106669
19404,5413276,8665904
19405,5413276,8585601
19406,5413276,8877559
19407,5413276,9154186
19408,5413276,9670140
19409,5413276,10038205
19410,5413276,10159995
19411,5413276,10159995
19412,5413276,9328455
19413,5413276,10475139
19414,5413276,10475139
19415,5413276,9340604
19416,5413276,9316924
19417,5413276,8700205
19418,5413276,8312960
19419,5413276,9172367
19420,5413276,8842457
19421,5413276,9043326
19422,5413276,8969315
19423,5413276,9542514
19424,5413276,9356518
19425,5413276,10049069
19426,5413276,10049069
19427,5413276,9320203
19428,5413276,9588456
19429,5413276,9619152
19430,5413276,9792159
19431,5413276,9664590
19432,5413276,9710453
19433,5413276,9583157
19434,5413276,9070073
19435,5413276,9329898
19436,5413276,8745039
19437,5413276,8944291
19438,5413276,9271876
19439,5413276,9171764
19440,5413276,9442075
19441,5413276,9035138
19442,5413276,8636010
19443,5413276,8578664
19444,5413276,8261935
19445,5413276,7250969
19446,5413276,7803694
19447,5413276,7793437
19448,5413276,8085122
19449,5413276,8056017
19450,5413276,8220204
19451,5413276,8613467
19452,5413276,8039912
19453,5413276,8025894
19454,5413276,7876835
19455,5413276,7909669
19456,5413276,7857664
19457,5413276,7985354
19458,5413276,7619779
19459,5413276,7965417
19460,5413276,8900951
19461,5413276,8701724
19462,5413276,8587931
19463,5413276,8017533
19464,5413276,7999714
19465,5413276,8125695
19466,5413276,7843079
19467,5413276,8543675
19468,5413276,8543675
19469,5413276,8778475
19470,5413276,8834323
19471,5413276,8686582
19472,5413276,8790752
19473,5413276,8211001
19474,5413276,8790331
19475,5413276,8457675
19476,5413276,8454487
19477,5413276,8387093
19478,5413276,8271564
19479,5413276,8385561
19480,5413276,7548462
19481,5413276,7798463
19482,5413276,7722672
19483,5413276,7712163
19484,5413276,8033993
19485,5413276,7791570
19486,5413276,8122804
19487,5413276,8241503
19488,5413276,8972197
19489,5413276,8772389
19490,5413276,8030201
19491,5413276,8099132
19492,5413276,7709513
19493,5413276,7709513
19494,5413276,8050085
19495,5413276,8895008
19496,5413276,8700097
19497,5413276,8375309
19498,5413276,8258362
19499,5413276,8578136
19500,5413276,8363163
19501,5413276,8023498
19502,5413276,7752070
19503,5413276,7680964
19504,5413276,7525912
19505,5413276,7868309
19506,5413276,8760838
19507,5413276,8755048
19508,5413276,9591239
19509,5413276,9540530
19510,5413276,9216265
19511,5413276,10001546
19512,5413276,10001546
19513,5413276,9075829
19514,5413276,9007977
19515,5413276,8971744
19516,5413276,8881039
19517,5413276,8370067
19518,5413276,8326631
19519,5413276,8635574
19520,5413276,8635574
19521,5413276,8635574
19522,5413276,9141629
19523,5413276,9146247
19524,5413276,8650070
19525,5413276,9562709
19526,5413276,9156502
19527,5413276,9156502
19528,5413276,9303221
19529,5413276,9239688
19530,5413276,9191430
19531,5413276,9264174
19532,5413276,9544841
19533,5413276,9478705
19534,5413276,9624126
19535,5413276,9799948
19536,5413276,9739588
19537,5413276,9964187
19538,5413276,9173802
19539,5413276,9227810
19540,5413276,9299697
19541,5413276,9043880
19542,5413276,8702183
19543,5413276,8636760
19544,5413276,8584559
19545,5413276,8584559
19546,5413276,8544278
19547,5413276,8797580
19548,5413276,8757211
19549,5413276,8757211
19550,5413276,9257660
19551,5413276,9452723
19552,5413276,9086751
19553,5413276,9281663
19554,5413276,9907599
19555,5413276,9874139
19556,5413276,10238546
19557,5413276,10457862
19558,5413276,10438327
19559,5413276,10131587
19560,5413276,10489769
19561,5413276,10422696
19562,5413276,10418746
19563,5413276,10137161
19564,5413276,10110523
19565,5413276,10032513
19566,5413276,9631742
19567,5413276,9398309
19568,5413276,9344632
19569,5413276,9342426
19570,5413276,9342426
19571,5413276,10497039
19572,5413276,10497039
19573,5413276,10503659
19574,5413276,10677755
19575,5413276,10517720
19576,5413276,10269122
19577,5413276,10230200
19578,5413276,10096407
19579,5413276,10067980
19580,5413276,9299255
19581,5413276,9327225
19582,5413276,9230708
19583,5413276,9748487
19584,5413276,8751811
19585,5413276,8663684
19586,5413276,8879100
19587,5413276,8879100
19588,5413276,8744257
19589,5413276,8669826
19590,5413276,8669826
19591,5413276,9196377
19592,5413276,9221995
19593,5413276,8782313
19594,5413276,9307575
19595,5413276,9377994
19596,5413276,8987384
19597,5413276,8946190
19598,5413276,8946190
19599,5413276,8704584
19600,5413276,8881592
19601,5413276,8881592
19602,5413276,8881592
19603,5413276,8705238
19604,5413276,8965171
19605,5413276,8940008
19606,5413276,8940008
19607,5413276,9381791
19608,5413276,9219621
19609,5413276,9205912
19610,5413276,9155034
19611,5413276,9163189
19612,5413276,9129371
19613,5413276,9129371
19614,5413276,8666385
19615,5413276,8371322
19616,5413276,8290769
19617,5413276,8254727
19618,5413276,7886437
19619,5413276,8276666
19620,5413276,8117950
19621,5413276,8088944
19622,5413276,7972035
19623,5413276,8448058
19624,5413276,7419679
19625,5413276,7798632
19626,5413276,7798632
19627,5413276,8615784
19628,5413276,8567962
19629,5413276,7868702
19630,5413276,7807429
19631,5413276,7487002
19632,5413276,7487002
19633,5413276,8144661
19634,5413276,7989235
19635,5413276,7977917
19636,5413276,8049262
19637,5413276,8456979
19638,5413276,8665827
19639,5413276,8714316
19640,5413276,8714316
19641,5413276,8714316
19642,5413276,9036614
19643,5413276,9516356
19644,5413276,9116460
19645,5413276,9036422
19646,5413276,9180644
19647,5413276,9172824
19648,5413276,9034447
19649,5413276,8991167
19650,5413276,8865413
19651,5413276,8338407
19652,5413276,9594822
19653,5413276,9864611
19654,5413276,9703783
19655,5413276,9703783
19656,5413276,9096161
19657,5413276,8840712
19658,5413276,8798717
19659,5413276,8529758
19660,5413276,7900770
19661,5413276,7887098
19662,5413276,7111060
19663,5413276,6714009
19664,5413276,6499923
19665,5413276,7022061
19666,5413276,7210879
19667,5413276,7021761
19668,5413276,6832931
19669,5413276,7097426
19670,5413276,7245957
19671,5413276,7147298
19672,5413276,7578148
19673,5413276,7554025
19674,5413276,7770936
19675,5413276,8140082
19676,5413276,8048716
19677,5413276,9156541
19678,5413276,8998551
19679,5413276,9399337
19680,5413276,9423506
19681,5413276,10119493
19682,5413276,10095245
19683,5413276,10564673
19684,5413276,10521304
19685,5413276,10174423
19686,5413276,10849789
19687,5413276,10547099
19688,5413276,10547099
19689,5413276,10296949
19690,5413276,10279142
19691,5413276,10484513
19692,5413276,10869057
19693,5413276,11131528
19694,5413276,11008226
19695,5413276,10615613
19696,5413276,10569209
19697,5413276,10513731
19698,5413276,10365943
19699,5413276,10288986
19700,5413276,10239200
19701,5413276,10366416
19702,5413276,10275968
19703,5413276,9660228
19704,5413276,10156151
19705,5413276,9577838
19706,5413276,9577838
19707,5413276,9886739
19708,5413276,10249418
19709,5413276,10155885
19710,5413276,10108208
19711,5413276,10781221
19712,5413276,9778795
19713,5413276,9620352
19714,5413276,10256517
19715,5413276,9638557
19716,5413276,9620587
19717,5413276,9654879
19718,5413276,9361610
19719,5413276,9617007
19720,5413276,10021112
19721,5413276,10021112
19722,5413276,10341262
19723,5413276,10341262
19724,5413276,9892391
19725,5413276,9946238
19726,5413276,10345401
19727,5413276,9906995
19728,5413276,9331001
19729,5413276,9255222
19730,5413276,8566336
19731,5413276,9473257
19732,5413276,9321508
19733,5413276,9334837
19734,5413276,10257914
19735,5413276,10251692
19736,5413276,10514841
19737,5413276,10646178
19738,5413276,10612650
19739,5413276,9912697
19740,5413276,9862842
19741,5413276,10040799
19742,5413276,8734388
19743,5413276,7816143
19744,5413276,8185770
19745,5413276,8366221
19746,5413276,7553916
19747,5413276,7506901
19748,5413276,7434905
19749,5413276,7437602
19750,5413276,7598078
19751,5413276,7597296
19752,5413276,8127122
19753,5413276,8396895
19754,5413276,8396895
19755,5413276,8259468
19756,5413276,8186955
19757,5413276,8417011
19758,5413276,8845190
19759,5413276,8845190
19760,5413276,8895049
19761,5413276,8711858
19762,5413276,8635922
19763,5413276,8595432
19764,5413276,8552028
19765,5413276,8532149
19766,5413276,8707966
19767,5413276,8707966
19768,5413276,8408116
19769,5413276,8736444
19770,5413276,8677752
19771,5413276,9080901
19772,5413276,9449228
19773,5413276,9201355
19774,5413276,9630733
19775,5413276,9974610
19776,5413276,9957316
19777,5413276,9832105
19778,5413276,9821056
19779,5413276,9821056
19780,5413276,9831952
19781,5413276,9390929
19782,5413276,9367797
19783,5413276,9360431
19784,5413276,9909239
19785,5413276,10343719
19786,5413276,10466728
19787,5413276,10805336
19788,5413276,10805336
19789,5413276,10737827
19790,5413276,10422919
19791,5413276,10333976
19792,5413276,10508137
19793,5413276,10237433
19794,5413276,10862059
19795,5413276,11878287
19796,5413276,11403631
19797,5413276,11303027
19798,5413276,10860487
19799,5413276,11357961
19800,5413276,11228000
19801,5413276,10781040
19802,5413276,10041533
19803,5413276,9884958
19804,5413276,9788404
19805,5413276,9628099
19806,5413276,9525136
19807,5413276,9867831
19808,5413276,10007752
19809,5413276,9597212
19810,5413276,9700369
19811,5413276,9068184
19812,5413276,8874061
19813,5413276,8821323
19814,5413276,8938162
19815,5413276,9511572
19816,5413276,9480953
19817,5413276,9480953
19818,5413276,9740090
19819,5413276,9740090
19820,5413276,9740090
19821,5413276,10077342
19822,5413276,10071308
19823,5413276,9994028
19824,5413276,9757303
19825,5413276,9211792
19826,5413276,9228621
19827,5413276,9569477
19828,5413276,9158154
19829,5413276,9181640
19830,5413276,8794517
19831,5413276,8794517
19832,5413276,9237803
19833,5413276,9206466
19834,5413276,9155947
19835,5413276,9155947
19836,5413276,9151826
19837,5413276,8918472
19838,5413276,8576786
19839,5413276,8069874
19840,5413276,8069874
19841,5413276,8174846
19842,5413276,8052327
19843,5413276,8416683
19844,5413276,8257972
19845,5413276,8641654
19846,5413276,9096978
19847,5413276,9324692
19848,5413276,9295332
19849,5413276,9065047
19850,5413276,9065047
19851,5413276,9188568
19852,5413276,8895923
19853,5413276,8884710
19854,5413276,8724712
19855,5413276,9025489
19856,5413276,8970693
19857,5413276,8620279
19858,5413276,8440001
19859,5413276,8499924
19860,5413276,8499924
19861,5413276,8817112
19862,5413276,8817112
19863,5413276,8913201
19864,5413276,8911140
19865,5413276,8329854
19866,5413276,7802444
19867,5413276,7936645
19868,5413276,7886682
19869,5413276,7829408
19870,5413276,7866126
19871,5413276,8055776
19872,5413276,7586442
19873,5413276,7586442
19874,5413276,7799868
19875,5413276,7839169
19876,5413276,7392536
19877,5413276,7082541
19878,5413276,7318186
19879,5413276,7265962
19880,5413276,7265962
19881,5413276,6811105
19882,5413276,6955820
19883,5413276,6811586
19884,5413276,6811586
19885,5413276,6606991
19886,5413276,7352776
19887,5413276,7375907
19888,5413276,7293857
19889,5413276,7293857
19890,5413276,7433454
19891,5413276,7101544
19892,5413276,7645111
19893,5413276,7621550
19894,5413276,7540413
19895,5413276,7469638
19896,5413276,7535314
19897,5413276,7535314
19898,5413276,7531498
19899,5413276,7234805
19900,5413276,7234805
19901,5413276,7421063
19902,5413276,7687944
19903,5413276,7524846
19904,5413276,7982771
19905,5413276,7967982
19906,5413276,8009633
19907,5413276,8009633
19908,5413276,8159015
19909,5413276,7794518
19910,5413276,7794530
19911,5413276,7599538
19912,5413276,7418454
19913,5413276,7816377
19914,5413276,7536613
19915,5413276,7634848
19916,5413276,8130432
19917,5413276,8130432
19918,5413276,8270248
19919,5413276,8570455
19920,5413276,9101515
19921,5413276,9099666
19922,5413276,9274544
19923,5413276,9690254
19924,5413276,9480304
19925,5413276,9555319
19926,5413276,10068948
19927,5413276,9643647
19928,5413276,9433166
19929,5413276,9433340
19930,5413276,9625585
19931,5413276,9365040
19932,5413276,9709550
19933,5413276,10292623
19934,5413276,10895204
19935,5413276,10895204
19936,5413276,10539877
19937,5413276,10539877
19938,5413276,9901421
19939,5413276,9547146
19940,5413276,8207732
19941,5413276,8156389
19942,5413276,7847288
19943,5413276,7742799
19944,5413276,7719627
19945,5413276,7576859
19946,5413276,7344813
19947,5413276,7344813
19948,5413276,7523454
19949,5413276,7456629
19950,5413276,8035372
19951,5413276,7460909
19952,5413276,7755029
19953,5413276,7755029
19954,5413276,8294106
19955,5413276,7876722
19956,5413276,7740963
19957,5413276,7567779
19958,5413276,7567779
19959,5413276,7412003
19960,5413276,7890944
19961,5413276,7843301
19962,5413276,7900492
19963,5413276,7819695
19964,5413276,7670066
19965,5413276,7621517
19966,5413276,8082633
19967,5413276,8085831
19968,5413276,8071995
19969,5413276,7785748
19970,5413276,7752737
19971,5413276,7635810
19972,5413276,7114126
19973,5413276,7114126
19974,5413276,7132842
19975,5413276,7132842
19976,5413276,6837145
19977,5413276,6962826
19978,5413276,7769733
19979,5413276,7621120
19980,5413276,6982856
19981,5413276,6982856
19982,5413276,7100518
19983,5413276,7469615
19984,5413276,7469615
19985,5413276,7546509
19986,5413276,7302504
19987,5413276,7167723
19988,5413276,7945941
19989,5413276,7880558
19990,5413276,7763485
19991,5413276,7763485
19992,5413276,7703479
19993,5413276,8239420
19994,5413276,8704641
19995,5413276,8988292
19996,5413276,8839102
19997,5413276,8849861
19998,5413276,8935085
19999,5413276,9256102
20000,5413276,9232587
20001,5413276,8192955
20002,5413276,8160293
20003,5413276,8140342
20004,5413276,8101838
20005,5413276,8722945
20006,5413276,8724190
20007,5413276,8787451
20008,5413276,8716482
20009,5413276,9507934
20010,5413276,9432033
20011,5413276,9401014
20012,5413276,9371721
20013,5413276,9360341
20014,5413276,9149178
20015,5413276,9132741
20016,5413276,8943643
20017,5413276,8943643
20018,5413276,8364225
20019,5413276,8333005
20020,5413276,8819418
20021,5413276,8502156
20022,5413276,8502156
20023,5413276,8443943
20024,5413276,8311743
20025,5413276,8433847
20026,5413276,8664593
20027,5413276,8700217
20028,5413276,9041393
20029,5413276,9119745
20030,5413276,9414253
20031,5413276,9414253
20032,5413276,9707539
20033,5413276,9304944
20034,5413276,9283676
20035,5413276,5413276
20036,5413276,5413276
20037,5322794,5322794
20038,5322794,5322794
20039,5322794,5427799
20040,5322794,5427799
20041,5322794,5669325
20042,5322794,6132219
20043,5322794,6151266
20044,5322794,6020319
20045,5322794,6020319
20046,5322794,6451699
20047,5322794,6451699
20048,5322794,6386092
20049,5322794,6386092
20050,5322794,6386092
20051,5322794,6386092
20052,5322794,6537997
20053,5322794,6760770
20054,5322794,6760770
20055,5322794,6728584
20056,5322794,6728584
20057,5322794,6680148
20058,5322794,6610451
20059,5322794,6386164
20060,5322794,6386164
20061,5322794,6297396
20062,5322794,6191217
20063,5322794,6191217
20064,5322794,6191217
20065,5322794,6856855
20066,5322794,6879986
20067,5322794,6879986
20068,5322794,6843961
20069,5322794,6535630
20070,5322794,6482665
20071,5322794,6482665
20072,5322794,6482665
20073,5322794,6321554
20074,5322794,6321554
20075,5322794,6321554
20076,5322794,6321554
20077,5322794,6181225
20078,5322794,6181225
20079,5322794,5752881
20080,5322794,5787876
20081,5322794,5787876
20082,5322794,5787876
20083,5322794,5787876
20084,5322794,5787876
20085,5322794,5787876
20086,5322794,6001133
20087,5322794,6256128
20088,5322794,6591842
20089,5322794,6591842
20090,5322794,6591842
20091,5322794,6591842
20092,5322794,6432138
20093,5322794,6385438
20094,5322794,7055629
20095,5322794,7046414
20096,5322794,7364172
20097,5322794,7695195
20098,5322794,7689492
20099,5322794,7480647
20100,5322794,7905008
20101,5322794,7801436
20102,5322794,7727888
20103,5322794,7703772
20104,5322794,6946911
20105,5322794,6913912
20106,5322794,7359117
20107,5322794,7819853
20108,5322794,7863583
20109,5322794,7484219
20110,5322794,7484219
20111,5322794,7469611
20112,5322794,7453011
20113,5322794,7426366
20114,5322794,7483656
20115,5322794,6838798
20116,5322794,6838798
20117,5322794,6836604
20118,5322794,6836604
20119,5322794,6930722
20120,5322794,6930722
20121,5322794,6890416
20122,5322794,6878717
20123,5322794,7091241
20124,5322794,7393598
20125,5322794,8210661
20126,5322794,8712513
20127,5322794,8712513
20128,5322794,8688084
20129,5322794,8578150
20130,5322794,8477330
20131,5322794,8477330
20132,5322794,8417407
20133,5322794,8417407
20134,5322794,8323360
20135,5322794,8815819
20136,5322794,8687929
20137,5322794,8675238
20138,5322794,8627105
20139,5322794,8982408
20140,5322794,8964412
20141,5322794,8189815
20142,5322794,8195312
20143,5322794,8170042
20144,5322794,8170042
20145,5322794,8164545
20146,5322794,8164545
20147,5322794,7373479
20148,5322794,7373479
20149,5322794,7182526
20150,5322794,7182526
20151,5322794,7338103
20152,5322794,7301990
20153,5322794,7538283
20154,5322794,8010822
20155,5322794,9678612
20156,5322794,9675908
20157,5322794,9673609
20158,5322794,9632421
20159,5322794,9630758
20160,5322794,9582155
20161,5322794,9554848
20162,5322794,9532755
20163,5322794,9532755
20164,5322794,9430094
20165,5322794,9392621
20166,5322794,9348778
20167,5322794,9348778
20168,5322794,9348778
20169,5322794,9348778
20170,5322794,9607057
20171,5322794,9716107
20172,5322794,8840321
20173,5322794,8835249
20174,5322794,8835249
20175,5322794,8833870
20176,5322794,8863410
20177,5322794,8859352
20178,5322794,8859352
20179,5322794,8836493
20180,5322794,8925724
20181,5322794,8891287
20182,5322794,8683575
20183,5322794,8647373
20184,5322794,8571363
20185,5322794,8571363
20186,5322794,8571363
20187,5322794,9014961
20188,5322794,8999090
20189,5322794,8999090
20190,5322794,8996683
20191,5322794,8996683
20192,5322794,8996683
20193,5322794,8696377
20194,5322794,8696377
20195,5322794,8682999
20196,5322794,8682999
20197,5322794,8681885
20198,5322794,8681885
20199,5322794,8629073
20200,5322794,8629073
20201,5322794,8629073
20202,5322794,8629073
20203,5322794,8616279
20204,5322794,8235558
20205,5322794,8252422
20206,5322794,8182003
20207,5322794,8201837
20208,5322794,8207730
20209,5322794,8747197
20210,5322794,8087051
20211,5322794,8087051
20212,5322794,7513249
20213,5322794,7378797
20214,5322794,7378797
20215,5322794,7378546
20216,5322794,7333549
20217,5322794,7306902
20218,5322794,7369843
20219,5322794,7369843
20220,5322794,7370094
20221,5322794,7370094
20222,5322794,7326054
20223,5322794,7317709
20224,5322794,7317709
20225,5322794,7317709
20226,5322794,7317709
20227,5322794,7259712
20228,5322794,7263934
20229,5322794,7263934
20230,5322794,7128373
20231,5322794,6960101
20232,5322794,6960101
20233,5322794,6960101
20234,5322794,6960101
20235,5322794,6960101
20236,5322794,6935503
20237,5322794,6567357
20238,5322794,6418264
20239,5322794,6418264
20240,5322794,6418264
20241,5322794,6383813
20242,5322794,6383813
20243,5322794,6344709
20244,5322794,6344709
20245,5322794,6406092
20246,5322794,6406092
20247,5322794,6344796
20248,5322794,6344796
20249,5322794,6344796
20250,5322794,6908992
20251,5322794,7103877
20252,5322794,7103877
20253,5322794,6807747
20254,5322794,6807747
20255,5322794,7001912
20256,5322794,7001912
20257,5322794,6850592
20258,5322794,6850592
20259,5322794,6823108
20260,5322794,6823108
20261,5322794,6823108
20262,5322794,6823108
20263,5322794,6933481
20264,5322794,6933481
20265,5322794,6931786
20266,5322794,6931786
20267,5322794,6931786
20268,5322794,7097387
20269,5322794,7051555
20270,5322794,7051555
20271,5322794,7044591
20272,5322794,7044591
20273,5322794,7044591
20274,5322794,7025161
20275,5322794,7105882
20276,5322794,7105882
20277,5322794,6918554
20278,5322794,6863604
20279,5322794,7073079
20280,5322794,7073079
20281,5322794,7073079
20282,5322794,7073079
20283,5322794,7073079
20284,5322794,7073079
20285,5322794,7073079
20286,5322794,7073079
20287,5322794,7058426
20288,5322794,6838890
20289,5322794,6867539
20290,5322794,6867539
20291,5322794,6867539
20292,5322794,6851141
20293,5322794,6851141
20294,5322794,6822508
20295,5322794,6822508
20296,5322794,6780103
20297,5322794,7101626
20298,5322794,7229405
20299,5322794,7229405
20300,5322794,7213862
20301,5322794,7197464
20302,5322794,7076009
20303,5322794,7043635
20304,5322794,6808654
20305,5322794,6796401
20306,5322794,6792000
20307,5322794,7106854
20308,5322794,7167925
20309,5322794,7167925
20310,5322794,7097043
20311,5322794,7642030
20312,5322794,7690906
20313,5322794,7563957
20314,5322794,7563957
20315,5322794,7764115
20316,5322794,7764104
20317,5322794,7645423
20318,5322794,7891780
20319,5322794,7795200
20320,5322794,7695021
20321,5322794,7695021
20322,5322794,7652921
20323,5322794,8432203
20324,5322794,8795363
20325,5322794,8333173
20326,5322794,8320939
20327,5322794,8295335
20328,5322794,8269114
20329,5322794,7937142
20330,5322794,7332060
20331,5322794,7332060
20332,5322794,7164569
20333,5322794,7246024
20334,5322794,7246024
20335,5322794,7397698
20336,5322794,7397698
20337,5322794,6864035
20338,5322794,6864035
20339,5322794,6890585
20340,5322794,6826117
20341,5322794,7742161
20342,5322794,7732386
20343,5322794,7766012
20344,5322794,7766012
20345,5322794,7766012
20346,5322794,7759186
20347,5322794,7436904
20348,5322794,7461740
20349,5322794,7444069
20350,5322794,7444069
20351,5322794,7444069
20352,5322794,7444058
20353,5322794,7417151
20354,5322794,7417151
20355,5322794,7417151
20356,5322794,7417151
20357,5322794,7417151
20358,5322794,7431805
20359,5322794,7431805
20360,5322794,8178157
20361,5322794,8160486
20362,5322794,8176524
20363,5322794,8030871
20364,5322794,7870586
20365,5322794,7870586
20366,5322794,7741544
20367,5322794,7443532
20368,5322794,9207240
20369,5322794,8945919
20370,5322794,8915223
20371,5322794,8903606
20372,5322794,8923890
20373,5322794,9043274
20374,5322794,8789254
20375,5322794,8789254
20376,5322794,9010155
20377,5322794,9010155
20378,5322794,8805029
20379,5322794,8637697
20380,5322794,8602600
20381,5322794,8708072
20382,5322794,8708072
20383,5322794,8680530
20384,5322794,8621319
20385,5322794,8479722
20386,5322794,8479722
20387,5322794,8479722
20388,5322794,9909463
20389,5322794,9894805
20390,5322794,9187365
20391,5322794,9426749
20392,5322794,9425232
20393,5322794,9043192
20394,5322794,9104156
20395,5322794,9104157
20396,5322794,9170129
20397,5322794,9170129
20398,5322794,9375027
20399,5322794,9314820
20400,5322794,10164143
20401,5322794,10164143
20402,5322794,10164143
20403,5322794,9884538
20404,5322794,9784926
20405,5322794,9784926
20406,5322794,9784866
20407,5322794,9573755
20408,5322794,9573755
20409,5322794,9573755
20410,5322794,9572952
20411,5322794,9242710
20412,5322794,10085056
20413,5322794,10085056
20414,5322794,8600842
20415,5322794,8574869
20416,5322794,8502412
20417,5322794,8408172
20418,5322794,8408172
20419,5322794,8408172
20420,5322794,8391228
20421,5322794,8391228
20422,5322794,8345152
20423,5322794,8345152
20424,5322794,8345152
20425,5322794,7967819
20426,5322794,7959059
20427,5322794,7959059
20428,5322794,7962000
20429,5322794,7895866
20430,5322794,7895866
20431,5322794,7795860
20432,5322794,7792605
20433,5322794,7388412
20434,5322794,8193730
20435,5322794,8189921
20436,5322794,8189921
20437,5322794,8189921
20438,5322794,8166674
20439,5322794,7687518
20440,5322794,7593633
20441,5322794,7593633
20442,5322794,7569099
20443,5322794,7657237
20444,5322794,7598344
20445,5322794,8081622
20446,5322794,7962991
20447,5322794,7921730
20448,5322794,7921730
20449,5322794,7895116
20450,5322794,7895116
20451,5322794,7791691
20452,5322794,7197142
20453,5322794,7911375
20454,5322794,8042602
20455,5322794,8042602
20456,5322794,7911130
20457,5322794,7911130
20458,5322794,7911130
20459,5322794,7901198
20460,5322794,7869598
20461,5322794,7840718
20462,5322794,7840718
20463,5322794,7808333
20464,5322794,7808333
20465,5322794,8782817
20466,5322794,8741828
20467,5322794,8741828
20468,5322794,8643113
20469,5322794,8979620
20470,5322794,9533164
20471,5322794,9468715
20472,5322794,9428658
20473,5322794,9428658
20474,5322794,9159087
20475,5322794,8389620
20476,5322794,8389620
20477,5322794,8523570
20478,5322794,8451020
20479,5322794,7989549
20480,5322794,7987973
20481,5322794,7987973
20482,5322794,7947736
20483,5322794,7735457
20484,5322794,8448469
20485,5322794,8439860
20486,5322794,8312300
20487,5322794,7582773
20488,5322794,7311828
20489,5322794,7311828
20490,5322794,7311828
20491,5322794,7183671
20492,5322794,7183671
20493,5322794,6366702
20494,5322794,6799231
20495,5322794,6737573
20496,5322794,6706917
20497,5322794,6378455
20498,5322794,6943517
20499,5322794,7308879
20500,5322794,7477812
20501,5322794,7278932
20502,5322794,7115232
20503,5322794,7177985
20504,5322794,7046483
20505,5322794,7046483
20506,5322794,7124479
20507,5322794,6896300
20508,5322794,6896300
20509,5322794,6118722
20510,5322794,6064758
20511,5322794,6064758
20512,5322794,6458757
20513,5322794,6449470
20514,5322794,6758093
20515,5322794,6742432
20516,5322794,6867637
20517,5322794,7377788
20518,5322794,7302677
20519,5322794,7290672
20520,5322794,7306027
20521,5322794,7304509
20522,5322794,7295380
20523,5322794,6905151
20524,5322794,7280640
20525,5322794,7400369
20526,5322794,7397614
20527,5322794,7376907
20528,5322794,6876378
20529,5322794,6871327
20530,5322794,6815804
20531,5322794,7296193
20532,5322794,7147158
20533,5322794,7054608
20534,5322794,6896338
20535,5322794,6791765
20536,5322794,6791765
20537,5322794,7207202
20538,5322794,7069257
20539,5322794,7069257
20540,5322794,7055585
20541,5322794,7193866
20542,5322794,7155033
20543,5322794,7515911
20544,5322794,7888438
20545,5322794,8015222
20546,5322794,8017081
20547,5322794,8314035
20548,5322794,8799951
20549,5322794,9141637
20550,5322794,9141637
20551,5322794,9441135
20552,5322794,10165477
20553,5322794,10048661
20554,5322794,9805909
20555,5322794,9550442
20556,5322794,9766465
20557,5322794,9765971
20558,5322794,10083764
20559,5322794,10032746
20560,5322794,10303170
20561,5322794,9890067
20562,5322794,10155654
20563,5322794,9920171
20564,5322794,9917424
20565,5322794,9916374
20566,5322794,9493065
20567,5322794,9806727
20568,5322794,9650608
20569,5322794,9491741
20570,5322794,9081960
20571,5322794,9419137
20572,5322794,9736851
20573,5322794,9212399
20574,5322794,8743044
20575,5322794,8644591
20576,5322794,8555674
20577,5322794,8530784
20578,5322794,9051544
20579,5322794,9721296
20580,5322794,10172187
20581,5322794,10966931
20582,5322794,11089060
20583,5322794,10712833
20584,5322794,10617920
20585,5322794,10551004
20586,5322794,10598399
20587,5322794,11184358
20588,5322794,11517419
20589,5322794,12086855
20590,5322794,11767081
20591,5322794,11767081
20592,5322794,11508557
20593,5322794,11996669
20594,5322794,12183034
20595,5322794,11939612
20596,5322794,12225441
20597,5322794,12144154
20598,5322794,11820536
20599,5322794,12613992
20600,5322794,12988096
20601,5322794,13382417
20602,5322794,13112046
20603,5322794,13175527
20604,5322794,12784036
20605,5322794,13147484
20606,5322794,13232708
20607,5322794,12698896
20608,5322794,12646675
20609,5322794,12822480
20610,5322794,12851202
20611,5322794,12644488
20612,5322794,12020066
20613,5322794,11661367
20614,5322794,11539176
20615,5322794,11343225
20616,5322794,10829409
20617,5322794,10851727
20618,5322794,11201172
20619,5322794,10398575
20620,5322794,9413139
20621,5322794,9733546
20622,5322794,9719629
20623,5322794,9570193
20624,5322794,9432462
20625,5322794,9976261
20626,5322794,10067900
20627,5322794,9999713
20628,5322794,10442019
20629,5322794,10142483
20630,5322794,10172006
20631,5322794,10528922
20632,5322794,10616567
20633,5322794,10818349
20634,5322794,10818349
20635,5322794,10818349
20636,5322794,10896597
20637,5322794,11203075
20638,5322794,11303691
20639,5322794,11034226
20640,5322794,10739622
20641,5322794,10229447
20642,5322794,10654124
20643,5322794,10116886
20644,5322794,10553468
20645,5322794,10097249
20646,5322794,10159168
20647,5322794,9798617
20648,5322794,9798617
20649,5322794,9751337
20650,5322794,9210363
20651,5322794,9158755
20652,5322794,9477186
20653,5322794,9477186
20654,5322794,10066416
20655,5322794,9411593
20656,5322794,9531557
20657,5322794,9823464
20658,5322794,10580117
20659,5322794,10082670
20660,5322794,10182340
20661,5322794,10503900
20662,5322794,10663301
20663,5322794,10503900
20664,5322794,10503900
20665,5322794,11265422
20666,5322794,11266005
20667,5322794,11311234
20668,5322794,11515371
20669,5322794,11332523
20670,5322794,11203637
20671,5322794,11197608
20672,5322794,11197608
20673,5322794,11194605
20674,5322794,10761354
20675,5322794,11213375
20676,5322794,10753563
20677,5322794,10642970
20678,5322794,11364811
20679,5322794,11221141
20680,5322794,11194823
20681,5322794,11427020
20682,5322794,11432989
20683,5322794,11429049
20684,5322794,10649767
20685,5322794,10654424
20686,5322794,10595141
20687,5322794,10574289
20688,5322794,10568544
20689,5322794,10372604
20690,5322794,10372604
20691,5322794,9686411
20692,5322794,9944788
20693,5322794,9926403
20694,5322794,9856239
20695,5322794,10308026
20696,5322794,10039728
20697,5322794,10602442
20698,5322794,10233271
20699,5322794,9809962
20700,5322794,9586010
20701,5322794,9904476
20702,5322794,10552806
20703,5322794,11599127
20704,5322794,11153641
20705,5322794,11573289
20706,5322794,11559930
20707,5322794,11795241
20708,5322794,11492305
20709,5322794,11393266
20710,5322794,11325014
20711,5322794,10615853
20712,5322794,10965093
20713,5322794,11153495
20714,5322794,10804374
20715,5322794,9851666
20716,5322794,10142990
20717,5322794,9156480
20718,5322794,8719232
20719,5322794,8093192
20720,5322794,8079032
20721,5322794,8667831
20722,5322794,8575914
20723,5322794,8427723
20724,5322794,7995381
20725,5322794,8637395
20726,5322794,8719181
20727,5322794,8719181
20728,5322794,8715807
20729,5322794,8665528
20730,5322794,8165088
20731,5322794,8165088
20732,5322794,8065123
20733,5322794,8000639
20734,5322794,7957399
20735,5322794,8070837
20736,5322794,8072576
20737,5322794,8126516
20738,5322794,8109194
20739,5322794,8001153
20740,5322794,8275539
20741,5322794,8672157
20742,5322794,8515275
20743,5322794,8008460
20744,5322794,7865584
20745,5322794,8290578
20746,5322794,8298770
20747,5322794,8200592
20748,5322794,8007199
20749,5322794,8338153
20750,5322794,8621190
20751,5322794,8586975
20752,5322794,8559809
20753,5322794,9501300
20754,5322794,9490039
20755,5322794,8997144
20756,5322794,8790927
20757,5322794,8861816
20758,5322794,8877352
20759,5322794,8635223
20760,5322794,8600597
20761,5322794,8643544
20762,5322794,8623129
20763,5322794,8623129
20764,5322794,8981244
20765,5322794,8965435
20766,5322794,8965435
20767,5322794,8923480
20768,5322794,8389668
20769,5322794,8920743
20770,5322794,8920743
20771,5322794,8920743
20772,5322794,9085253
20773,5322794,9190701
20774,5322794,9076799
20775,5322794,8947598
20776,5322794,8947598
20777,5322794,8672231
20778,5322794,8865677
20779,5322794,8827847
20780,5322794,7949894
20781,5322794,8105525
20782,5322794,8494374
20783,5322794,8458234
20784,5322794,10077353
20785,5322794,9473332
20786,5322794,9792491
20787,5322794,9785337
20788,5322794,9758964
20789,5322794,9748329
20790,5322794,9748247
20791,5322794,9368499
20792,5322794,8948471
20793,5322794,8285865
20794,5322794,9107263
20795,5322794,9057295
20796,5322794,8941245
20797,5322794,8806550
20798,5322794,8620032
20799,5322794,8180231
20800,5322794,8072132
20801,5322794,8409885
20802,5322794,8409885
20803,5322794,8337665
20804,5322794,8133655
20805,5322794,8109337
20806,5322794,8081763
20807,5322794,8081763
20808,5322794,8417589
20809,5322794,8417589
20810,5322794,7913723
20811,5322794,7913723
20812,5322794,8445201
20813,5322794,8406148
20814,5322794,8406148
20815,5322794,7761422
20816,5322794,8211493
20817,5322794,8446023
20818,5322794,8947873
20819,5322794,8862390
20820,5322794,8564841
20821,5322794,8872407
20822,5322794,8872407
20823,5322794,8525624
20824,5322794,8497529
20825,5322794,8497529
20826,5322794,8862630
20827,5322794,8476081
20828,5322794,8802505
20829,5322794,8893821
20830,5322794,8286541
20831,5322794,8727683
20832,5322794,8733358
20833,5322794,10452007
20834,5322794,9614122
20835,5322794,9977493
20836,5322794,9915789
20837,5322794,9829978
20838,5322794,9829978
20839,5322794,9640077
20840,5322794,9472091
20841,5322794,9472091
20842,5322794,9411913
20843,5322794,9537666
20844,5322794,9066839
20845,5322794,9066839
20846,5322794,8762387
20847,5322794,9006035
20848,5322794,8903813
20849,5322794,8574087
20850,5322794,8515637
20851,5322794,7454100
20852,5322794,7454100
20853,5322794,7521462
20854,5322794,7511978
20855,5322794,7658311
20856,5322794,7755257
20857,5322794,7755258
20858,5322794,7755258
20859,5322794,7675867
20860,5322794,8730456
20861,5322794,8730456
20862,5322794,8730456
20863,5322794,8367219
20864,5322794,8790588
20865,5322794,8461175
20866,5322794,8434925
20867,5322794,8354408
20868,5322794,8223907
20869,5322794,8137577
20870,5322794,8177708
20871,5322794,8790332
20872,5322794,8790331
20873,5322794,8773872
20874,5322794,8868784
20875,5322794,8868784
20876,5322794,8755235
20877,5322794,8755235
20878,5322794,8755235
20879,5322794,9438492
20880,5322794,9249168
20881,5322794,9226688
20882,5322794,9155759
20883,5322794,9049037
20884,5322794,8633771
20885,5322794,8633771
20886,5322794,8617050
20887,5322794,9315680
20888,5322794,8940573
20889,5322794,8510889
20890,5322794,8747194
20891,5322794,9844142
20892,5322794,9403770
20893,5322794,8725949
20894,5322794,9100896
20895,5322794,9314063
20896,5322794,9270659
20897,5322794,9262659
20898,5322794,9745023
20899,5322794,10435132
20900,5322794,10413767
20901,5322794,10409515
20902,5322794,10406264
20903,5322794,10268026
20904,5322794,10129202
20905,5322794,9537430
20906,5322794,9586643
20907,5322794,9926222
20908,5322794,9794181
20909,5322794,9406294
20910,5322794,9959071
20911,5322794,9959071
20912,5322794,9880042
20913,5322794,9835427
20914,5322794,8991848
20915,5322794,8990532
20916,5322794,8990532
20917,5322794,9675961
20918,5322794,10631998
20919,5322794,10450774
20920,5322794,10282534
20921,5322794,10222395
20922,5322794,9803105
20923,5322794,9900303
20924,5322794,10879136
20925,5322794,11354762
20926,5322794,11625404
20927,5322794,11228935
20928,5322794,10810429
20929,5322794,10514324
20930,5322794,10512771
20931,5322794,10736252
20932,5322794,10288614
20933,5322794,10288614
20934,5322794,9978044
20935,5322794,10379728
20936,5322794,10251989
20937,5322794,9451698
20938,5322794,9451698
20939,5322794,9458774
20940,5322794,8892904
20941,5322794,8943379
20942,5322794,9689013
20943,5322794,10067773
20944,5322794,10067773
20945,5322794,9947677
20946,5322794,9598556
20947,5322794,9598556
20948,5322794,9516585
20949,5322794,8970693
20950,5322794,8803931
20951,5322794,8882090
20952,5322794,8872256
20953,5322794,8689792
20954,5322794,8547671
20955,5322794,8528226
20956,5322794,8540355
20957,5322794,8566504
20958,5322794,8667292
20959,5322794,8518478
20960,5322794,9118542
20961,5322794,9511402
20962,5322794,9057938
20963,5322794,8558286
20964,5322794,7524274
20965,5322794,7482707
20966,5322794,7482707
20967,5322794,7346816
20968,5322794,7573676
20969,5322794,7541496
20970,5322794,7699003
20971,5322794,8214734
20972,5322794,8572258
20973,5322794,8292653
20974,5322794,8711564
20975,5322794,8640453
20976,5322794,9167848
20977,5322794,9315102
20978,5322794,9336940
20979,5322794,9313868
20980,5322794,9351341
20981,5322794,9733840
20982,5322794,10032389
20983,5322794,10014914
20984,5322794,10123103
20985,5322794,10227020
20986,5322794,9906992
20987,5322794,9901362
20988,5322794,9901362
20989,5322794,10343296
20990,5322794,11360339
20991,5322794,10940952
20992,5322794,10804670
20993,5322794,10032704
20994,5322794,9737007
20995,5322794,10230859
20996,5322794,10268398
20997,5322794,10181637
20998,5322794,10274650
20999,5322794,10978434
21000,5322794,10745153
21001,5322794,10585801
21002,5322794,10266784
21003,5322794,10550651
21004,5322794,11033359
21005,5322794,11158044
21006,5322794,11149645
21007,5322794,11589968
21008,5322794,11756189
21009,5322794,11203314
21010,5322794,11154180
21011,5322794,10840666
21012,5322794,10548074
21013,5322794,10132530
21014,5322794,9431160
21015,5322794,9874694
21016,5322794,9970939
21017,5322794,9970776
21018,5322794,10266291
21019,5322794,10346279
21020,5322794,9888917
21021,5322794,9514621
21022,5322794,9436481
21023,5322794,9511959
21024,5322794,10028642
21025,5322794,10209360
21026,5322794,10546769
21027,5322794,10688409
21028,5322794,10910916
21029,5322794,10474725
21030,5322794,10474725
21031,5322794,10159761
21032,5322794,9852698
21033,5322794,9261707
21034,5322794,9797475
21035,5322794,9663465
21036,5322794,9191335
21037,5322794,9604417
21038,5322794,9757037
21039,5322794,9309448
21040,5322794,9669265
21041,5322794,10522845
21042,5322794,10522845
21043,5322794,10213352
21044,5322794,9898805
21045,5322794,9898805
21046,5322794,9878259
21047,5322794,9541032
21048,5322794,9507708
21049,5322794,9495929
21050,5322794,9374826
21051,5322794,8985170
21052,5322794,8940632
21053,5322794,9165969
21054,5322794,9029649
21055,5322794,8927413
21056,5322794,8828297
21057,5322794,7943012
21058,5322794,7943012
21059,5322794,8191270
21060,5322794,8174394
21061,5322794,8939512
21062,5322794,9314594
21063,5322794,9665442
21064,5322794,10319425
21065,5322794,10287702
21066,5322794,10196951
21067,5322794,9948790
21068,5322794,10315874
21069,5322794,10365501
21070,5322794,10365501
21071,5322794,10311573
21072,5322794,10368783
21073,5322794,10347429
21074,5322794,10476497
21075,5322794,10333567
21076,5322794,10333567
21077,5322794,10276634
21078,5322794,10602158
21079,5322794,10982121
21080,5322794,10929155
21081,5322794,10929155
21082,5322794,10500516
21083,5322794,10518319
21084,5322794,9502733
21085,5322794,9680883
21086,5322794,9570805
21087,5322794,9542837
21088,5322794,9542837
21089,5322794,9540018
21090,5322794,8931262
21091,5322794,8909178
21092,5322794,8913774
21093,5322794,8907862
21094,5322794,9049764
21095,5322794,9049764
21096,5322794,8955281
21097,5322794,9320181
21098,5322794,8625523
21099,5322794,8420489
21100,5322794,8420489
21101,5322794,8336835
21102,5322794,8249920
21103,5322794,8485877
21104,5322794,8434914
21105,5322794,8434914
21106,5322794,8649342
21107,5322794,9597839
21108,5322794,9303812
21109,5322794,9297852
21110,5322794,9511712
21111,5322794,9410102
21112,5322794,9400304
21113,5322794,9148156
21114,5322794,9559296
21115,5322794,9533323
21116,5322794,9765917
21117,5322794,9781230
21118,5322794,9317757
21119,5322794,9361339
21120,5322794,9640012
21121,5322794,9685463
21122,5322794,9648766
21123,5322794,10096599
21124,5322794,9998114
21125,5322794,9514549
21126,5322794,9139730
21127,5322794,9498879
21128,5322794,9219248
21129,5322794,9522189
21130,5322794,9060849
21131,5322794,8847777
21132,5322794,8841742
21133,5322794,8724942
21134,5322794,8095384
21135,5322794,7520921
21136,5322794,7519006
21137,5322794,7948353
21138,5322794,7854044
21139,5322794,7640436
21140,5322794,7635195
21141,5322794,7268224
21142,5322794,7249512
21143,5322794,7462343
21144,5322794,7438437
21145,5322794,7438437
21146,5322794,7708411
21147,5322794,8267556
21148,5322794,9139413
21149,5322794,8932222
21150,5322794,9507813
21151,5322794,9447474
21152,5322794,9024165
21153,5322794,9488420
21154,5322794,9428816
21155,5322794,9429132
21156,5322794,9414958
21157,5322794,9371927
21158,5322794,8892344
21159,5322794,8892344
21160,5322794,8891779
21161,5322794,8890891
21162,5322794,8875813
21163,5322794,8703911
21164,5322794,8703911
21165,5322794,8999426
21166,5322794,8499432
21167,5322794,8727152
21168,5322794,9253974
21169,5322794,9556452
21170,5322794,9486120
21171,5322794,9614885
21172,5322794,9563169
21173,5322794,8517916
21174,5322794,8921893
21175,5322794,8955421
21176,5322794,8951956
21177,5322794,9309592
21178,5322794,9732901
21179,5322794,9316951
21180,5322794,8483031
21181,5322794,8475378
21182,5322794,8453560
21183,5322794,8453560
21184,5322794,8453560
21185,5322794,8430313
21186,5322794,8670308
21187,5322794,7987895
21188,5322794,8096136
21189,5322794,8597484
21190,5322794,9129644
21191,5322794,9120919
21192,5322794,8676535
21193,5322794,8652902
21194,5322794,8582912
21195,5322794,8539518
21196,5322794,8539518
21197,5322794,8807313
21198,5322794,8738976
21199,5322794,8560639
21200,5322794,8508565
21201,5322794,9514173
21202,5322794,9080511
21203,5322794,9007798
21204,5322794,7944806
21205,5322794,7885749
21206,5322794,7838333
21207,5322794,8099518
21208,5322794,8038905
21209,5322794,8370202
21210,5322794,8271162
21211,5322794,8545358
21212,5322794,9318931
21213,5322794,10469692
21214,5322794,10122178
21215,5322794,10112391
21216,5322794,9599531
21217,5322794,9766982
21218,5322794,9659299
21219,5322794,9924402
21220,5322794,10139391
21221,5322794,10081231
21222,5322794,10081231
21223,5322794,9264347
21224,5322794,9264347
21225,5322794,8951264
21226,5322794,8520253
21227,5322794,8285603
21228,5322794,8369672
21229,5322794,8438966
21230,5322794,8438966
21231,5322794,8105644
21232,5322794,8657479
21233,5322794,8679313
21234,5322794,8539719
21235,5322794,8458405
21236,5322794,8064948
21237,5322794,8036354
21238,5322794,8796771
21239,5322794,8796771
21240,5322794,8940803
21241,5322794,8697055
21242,5322794,8673364
21243,5322794,8356783
21244,5322794,8568315
21245,5322794,8862852
21246,5322794,8191956
21247,5322794,9152716
21248,5322794,9391933
21249,5322794,8978111
21250,5322794,9272369
21251,5322794,9655360
21252,5322794,9534427
21253,5322794,7516331
21254,5322794,7510258
21255,5322794,7875076
21256,5322794,8475791
21257,5322794,7874359
21258,5322794,7664489
21259,5322794,7579318
21260,5322794,7579318
21261,5322794,7397094
21262,5322794,6993191
21263,5322794,6993191
21264,5322794,6282416
21265,5322794,6475862
21266,5322794,6688001
21267,5322794,7072631
21268,5322794,6826893
21269,5322794,6889466
21270,5322794,7090772
21271,5322794,7063606
21272,5322794,6841116
21273,5322794,7001510
21274,5322794,7001510
21275,5322794,6942932
21276,5322794,6902129
21277,5322794,7681411
21278,5322794,7839994
21279,5322794,8055578
21280,5322794,8583721
21281,5322794,9233176
21282,5322794,8721090
21283,5322794,8270447
21284,5322794,8265815
21285,5322794,8183830
21286,5322794,8183830
21287,5322794,8183830
21288,5322794,8639839
21289,5322794,7924744
21290,5322794,8198698
21291,5322794,8198698
21292,5322794,8190169
21293,5322794,8190169
21294,5322794,7665584
21295,5322794,7633700
21296,5322794,8103241
21297,5322794,8048239
21298,5322794,8131384
21299,5322794,8492846
21300,5322794,8492846
21301,5322794,8489454
21302,5322794,8854272
21303,5322794,8781360
21304,5322794,8896890
21305,5322794,8492797
21306,5322794,9150807
21307,5322794,9149254
21308,5322794,9559692
21309,5322794,9559692
21310,5322794,9623738
21311,5322794,9576285
21312,5322794,9549999
21313,5322794,10282969
21314,5322794,10717077
21315,5322794,10435264
21316,5322794,9935146
21317,5322794,9882706
21318,5322794,9882706
21319,5322794,9874874
21320,5322794,10078349
21321,5322794,10078349
21322,5322794,9814708
21323,5322794,10156547
21324,5322794,10000846
21325,5322794,10039061
21326,5322794,9985870
21327,5322794,9523187
21328,5322794,9509896
21329,5322794,9465820
21330,5322794,8748612
21331,5322794,8715937
21332,5322794,9033614
21333,5322794,8680086
21334,5322794,8794773
21335,5322794,8794773
21336,5322794,8662951
21337,5322794,8766381
21338,5322794,8608499
21339,5322794,9466846
21340,5322794,9229063
21341,5322794,9822740
21342,5322794,9519591
21343,5322794,9519591
21344,5322794,9409063
21345,5322794,9743366
21346,5322794,10438489
21347,5322794,10438489
21348,5322794,10252132
21349,5322794,10045497
21350,5322794,9221342
21351,5322794,9137238
21352,5322794,9005136
21353,5322794,8930364
21354,5322794,9386919
21355,5322794,9386919
21356,5322794,9744555
21357,5322794,10047704
21358,5322794,10080398
21359,5322794,10453517
21360,5322794,10527412
21361,5322794,10433821
21362,5322794,10905468
21363,5322794,10905469
21364,5322794,10376494
21365,5322794,10822425
21366,5322794,10353010
21367,5322794,9667105
21368,5322794,9700819
21369,5322794,10224708
21370,5322794,9738197
21371,5322794,8442508
21372,5322794,8156899
21373,5322794,8155946
21374,5322794,8155946
21375,5322794,8314611
21376,5322794,8405190
21377,5322794,8379083
21378,5322794,8683569
21379,5322794,8683569
21380,5322794,8667132
21381,5322794,9199680
21382,5322794,8693522
21383,5322794,9131618
21384,5322794,9441404
21385,5322794,9737247
21386,5322794,10066143
21387,5322794,10538585
21388,5322794,10866773
21389,5322794,10426482
21390,5322794,10178307
21391,5322794,10231029
21392,5322794,9848846
21393,5322794,9027748
21394,5322794,9127432
21395,5322794,9376022
21396,5322794,9370081
21397,5322794,9304640
21398,5322794,9547065
21399,5322794,9617255
21400,5322794,8875479
21401,5322794,8766975
21402,5322794,7687394
21403,5322794,7591018
21404,5322794,7591018
21405,5322794,7809704
21406,5322794,7764897
21407,5322794,7764897
21408,5322794,8925383
21409,5322794,9420228
21410,5322794,8951114
21411,5322794,9006834
21412,5322794,9290242
21413,5322794,10058123
21414,5322794,9565164
21415,5322794,9516034
21416,5322794,9743124
21417,5322794,9719694
21418,5322794,9542660
21419,5322794,9819149
21420,5322794,9819149
21421,5322794,9309220
21422,5322794,9615306
21423,5322794,9437125
21424,5322794,9617742
21425,5322794,9617742
21426,5322794,9246805
21427,5322794,9246805
21428,5322794,9248247
21429,5322794,9187001
21430,5322794,9340087
21431,5322794,9316937
21432,5322794,9005120
21433,5322794,8515853
21434,5322794,9821356
21435,5322794,9720154
21436,5322794,9720154
21437,5322794,9695751
21438,5322794,9642720
21439,5322794,9237818
21440,5322794,9422242
21441,5322794,9366052
21442,5322794,9366052
21443,5322794,9813163
21444,5322794,10198235
21445,5322794,10215100
21446,5322794,9109755
21447,5322794,9109755
21448,5322794,9533613
21449,5322794,9533613
21450,5322794,9449107
21451,5322794,9214908
21452,5322794,9395880
21453,5322794,9422388
21454,5322794,9752673
21455,5322794,9676705
21456,5322794,9969034
21457,5322794,10177459
21458,5322794,10393790
21459,5322794,10192043
21460,5322794,10543438
21461,5322794,10813978
21462,5322794,10913039
21463,5322794,10518221
21464,5322794,10283415
21465,5322794,10433671
21466,5322794,10208742
21467,5322794,10144214
21468,5322794,9516977
21469,5322794,9413122
21470,5322794,9880381
21471,5322794,9366033
21472,5322794,8783303
21473,5322794,8634223
21474,5322794,8832042
21475,5322794,8290847
21476,5322794,8290847
21477,5322794,8294477
21478,5322794,8274151
21479,5322794,8510239
21480,5322794,8910392
21481,5322794,8747282
21482,5322794,9079454
21483,5322794,9336967
21484,5322794,9779443
21485,5322794,9525341
21486,5322794,9474344
21487,5322794,10937728
21488,5322794,10937728
21489,5322794,11346590
21490,5322794,11558797
21491,5322794,11514080
21492,5322794,11495081
21493,5322794,10930738
21494,5322794,10709330
21495,5322794,11251487
21496,5322794,10894578
21497,5322794,11100904
21498,5322794,11582862
21499,5322794,11459379
21500,5322794,12175607
21501,5322794,11941408
21502,5322794,11976922
21503,5322794,11965067
21504,5322794,11158160
21505,5322794,10812925
21506,5322794,10341167
21507,5322794,10301438
21508,5322794,9946507
21509,5322794,10221177
21510,5322794,10338559
21511,5322794,10728788
21512,5322794,10701444
21513,5322794,10720416
21514,5322794,10775547
21515,5322794,10670121
21516,5322794,10856558
21517,5322794,10619580
21518,5322794,10373472
21519,5322794,10068378
21520,5322794,10668665
21521,5322794,10665749
21522,5322794,10953233
21523,5322794,10727355
21524,5322794,10784551
21525,5322794,10784551
21526,5322794,10737719
21527,5322794,9590783
21528,5322794,9678520
21529,5322794,9654354
21530,5322794,9425595
21531,5322794,9263014
21532,5322794,8683004
21533,5322794,8844560
21534,5322794,10045845
21535,5322794,10045845
21536,5322794,10539211
21537,5322794,10518558
21538,5322794,5336271
21539,5322794,5336271
21540,5322794,6810162
21541,5322794,7090180
21542,5322794,7032428
21543,5322794,7032428
21544,5322794,7032428
21545,5322794,6619849
21546,5322794,6220965
21547,5322794,6204275
21548,5322794,6192684
21549,5322794,6190756
21550,5322794,6190756
21551,5322794,6190756
21552,5322794,6333396
21553,5322794,6304650
21554,5322794,6273583
21555,5322794,6141646
21556,5322794,6315218
21557,5322794,6104020
21558,5322794,6057019
21559,5322794,6023413
21560,5322794,6023413
21561,5322794,6023413
21562,5322794,6014232
21563,5322794,6035699
21564,5322794,6035699
21565,5322794,6035699
21566,5322794,6035699
21567,5322794,6484801
21568,5322794,6484801
21569,5322794,6484801
21570,5322794,6427225
21571,5322794,6356513
21572,5322794,6356513
21573,5322794,6334427
21574,5322794,6334427
21575,5322794,6343205
21576,5322794,6800327
21577,5322794,7712785
21578,5322794,7712785
21579,5322794,8103241
21580,5322794,8076332
21581,5322794,8022579
21582,5322794,7981003
21583,5322794,7972897
21584,5322794,7203100
21585,5322794,7203100
21586,5322794,7120246
21587,5322794,7120246
21588,5322794,6520230
21589,5322794,6520230
21590,5322794,6520230
21591,5322794,6520230
21592,5322794,6520230
21593,5322794,6520230
21594,5322794,6520230
21595,5322794,6478017
21596,5322794,6478017
21597,5322794,6374346
21598,5322794,6340740
21599,5322794,6286253
21600,5322794,6268591
21601,5322794,6935517
21602,5322794,6724128
21603,5322794,6638865
21604,5322794,6821305
21605,5322794,7009457
21606,5322794,6961959
21607,5322794,6941446
21608,5322794,6786551
21609,5322794,8033373
21610,5322794,7972676
21611,5322794,7114683
21612,5322794,7114683
21613,5322794,7114683
21614,5322794,7094723
21615,5322794,7094723
21616,5322794,7080124
21617,5322794,7068883
21618,5322794,7068883
21619,5322794,7046038
21620,5322794,6994512
21621,5322794,6993308
21622,5322794,6993308
21623,5322794,6993308
21624,5322794,6993308
21625,5322794,6957195
21626,5322794,6957195
21627,5322794,6957195
21628,5322794,6768514
21629,5322794,6768514
21630,5322794,6753062
21631,5322794,6580655
21632,5322794,6575722
21633,5322794,6575722
21634,5322794,6575722
21635,5322794,6575722
21636,5322794,6575722
21637,5322794,6575722
21638,5322794,6524962
21639,5322794,7499919
21640,5322794,7499919
21641,5322794,7492946
21642,5322794,7992017
21643,5322794,7475550
21644,5322794,7462767
21645,5322794,7344940
21646,5322794,6998711
21647,5322794,6950413
21648,5322794,7027383
21649,5322794,7027383
21650,5322794,7027383
21651,5322794,7027383
21652,5322794,7027384
21653,5322794,7027384
21654,5322794,7027384
21655,5322794,7010621
21656,5322794,6946164
21657,5322794,6946164
21658,5322794,7449202
21659,5322794,7288908
21660,5322794,7226496
21661,5322794,7216439
21662,5322794,7216439
21663,5322794,7216439
21664,5322794,7274329
21665,5322794,7274329
21666,5322794,7256228
21667,5322794,7256228
21668,5322794,8277915
21669,5322794,8277915
21670,5322794,8177773
21671,5322794,8261176
21672,5322794,8136180
21673,5322794,7914663
21674,5322794,7873735
21675,5322794,7873735
21676,5322794,7873735
21677,5322794,7853308
21678,5322794,7844467
21679,5322794,7844467
21680,5322794,7844467
21681,5322794,7793917
21682,5322794,7702028
21683,5322794,7702028
21684,5322794,8528869
21685,5322794,8492550
21686,5322794,8681742
21687,5322794,8437484
21688,5322794,8506385
21689,5322794,8818198
21690,5322794,8505198
21691,5322794,8505198
21692,5322794,8505198
21693,5322794,8350636
21694,5322794,8344751
21695,5322794,8235134
21696,5322794,8235134
21697,5322794,8235134
21698,5322794,8241507
21699,5322794,7966333
21700,5322794,8102720
21701,5322794,8034306
21702,5322794,8013189
21703,5322794,8178231
21704,5322794,8021585
21705,5322794,8021585
21706,5322794,8021585
21707,5322794,8021585
21708,5322794,8021585
21709,5322794,8021585
21710,5322794,7900381
21711,5322794,7857215
21712,5322794,7781029
21713,5322794,7557935
21714,5322794,7557935
21715,5322794,7790675
21716,5322794,7790675
21717,5322794,8193262
21718,5322794,8193262
21719,5322794,7973578
21720,5322794,7973578
21721,5322794,7973578
21722,5322794,7928811
21723,5322794,8298320
21724,5322794,7984971
21725,5322794,7984971
21726,5322794,7958056
21727,5322794,8144119
21728,5322794,7990554
21729,5322794,7990554
21730,5322794,7990554
21731,5322794,7990554
21732,5322794,7990554
21733,5322794,7990554
21734,5322794,8322248
21735,5322794,8677417
21736,5322794,8677417
21737,5322794,8677417
21738,5322794,8814806
21739,5322794,8977482
21740,5322794,8977482
21741,5322794,8977482
21742,5322794,8739669
21743,5322794,8685762
21744,5322794,8592755
21745,5322794,8381452
21746,5322794,8568577
21747,5322794,8461306
21748,5322794,8439887
21749,5322794,8439887
21750,5322794,8439887
21751,5322794,8509601
21752,5322794,8496056
21753,5322794,8369414
21754,5322794,8191916
21755,5322794,8062500
21756,5322794,8062500
21757,5322794,7881813
21758,5322794,7752584
21759,5322794,7752584
21760,5322794,7752584
21761,5322794,7674000
21762,5322794,8653395
21763,5322794,8989162
21764,5322794,8937842
21765,5322794,8926899
21766,5322794,8886697
21767,5322794,8886697
21768,5322794,8770403
21769,5322794,8770403
21770,5322794,8770403
21771,5322794,8627314
21772,5322794,8627314
21773,5322794,8627314
21774,5322794,8627314
21775,5322794,8944243
21776,5322794,8856765
21777,5322794,8856765
21778,5322794,7584221
21779,5322794,7505902
21780,5322794,7505902
21781,5322794,7505902
21782,5322794,7454517
21783,5322794,7450232
21784,5322794,7450232
21785,5322794,7450232
21786,5322794,7441089
21787,5322794,7359936
21788,5322794,7257908
21789,5322794,7257908
21790,5322794,7518015
21791,5322794,7385771
21792,5322794,7385771
21793,5322794,7387043
21794,5322794,7763712
21795,5322794,7763712
21796,5322794,7721721
21797,5322794,7721720
21798,5322794,7688251
21799,5322794,7681785
21800,5322794,7681785
21801,5322794,7681785
21802,5322794,7681785
21803,5322794,7630891
21804,5322794,6902699
21805,5322794,6911891
21806,5322794,7027657
21807,5322794,6988219
21808,5322794,6844891
21809,5322794,6844891
21810,5322794,6844891
21811,5322794,6759346
21812,5322794,6754306
21813,5322794,6653929
21814,5322794,7106088
21815,5322794,6996708
21816,5322794,6684597
21817,5322794,6669852
21818,5322794,6456052
21819,5322794,6456052
21820,5322794,6316640
21821,5322794,6574983
21822,5322794,6574983
21823,5322794,6478291
21824,5322794,6901600
21825,5322794,7055382
21826,5322794,7055382
21827,5322794,7214066
21828,5322794,7214066
21829,5322794,7079960
21830,5322794,7028869
21831,5322794,7007820
21832,5322794,6851991
21833,5322794,6810644
21834,5322794,6810644
21835,5322794,6810644
21836,5322794,6783026
21837,5322794,6783026
21838,5322794,6783026
21839,5322794,6749078
21840,5322794,6749078
21841,5322794,6732474
21842,5322794,6732474
21843,5322794,7142234
21844,5322794,7106695
21845,5322794,7055150
21846,5322794,7055150
21847,5322794,7055150
21848,5322794,7055150
21849,5322794,7055150
21850,5322794,7054707
21851,5322794,7054707
21852,5322794,7155899
21853,5322794,7154072
21854,5322794,7153274
21855,5322794,7303661
21856,5322794,7211111
21857,5322794,7160680
21858,5322794,7088333
21859,5322794,7003326
21860,5322794,6551259
21861,5322794,6551259
21862,5322794,6551259
21863,5322794,6660577
21864,5322794,7208338
21865,5322794,7183083
21866,5322794,6936580
21867,5322794,7421521
21868,5322794,8822947
21869,5322794,8940020
21870,5322794,8887960
21871,5322794,8839116
21872,5322794,8765838
21873,5322794,8744186
21874,5322794,8512655
21875,5322794,8498636
21876,5322794,8442544
21877,5322794,8423544
21878,5322794,8423544
21879,5322794,8423544
21880,5322794,8463859
21881,5322794,8463859
21882,5322794,8373321
21883,5322794,8373321
21884,5322794,8373321
21885,5322794,8373321
21886,5322794,8373321
21887,5322794,7963713
21888,5322794,7963713
21889,5322794,7963713
21890,5322794,7866698
21891,5322794,7428521
21892,5322794,6775905
21893,5322794,6775905
21894,5322794,6757293
21895,5322794,6656140
21896,5322794,6605929
21897,5322794,6578631
21898,5322794,6544347
21899,5322794,6491853
21900,5322794,7063630
21901,5322794,7063630
21902,5322794,6931507
21903,5322794,6931507
21904,5322794,6863648
21905,5322794,6711254
21906,5322794,6711254
21907,5322794,7115077
21908,5322794,7115077
21909,5322794,7115077
21910,5322794,7054252
21911,5322794,8007447
21912,5322794,8006501
21913,5322794,8006501
21914,5322794,7982388
21915,5322794,7979679
21916,5322794,7823616
21917,5322794,7731490
21918,5322794,8075302
21919,5322794,8075302
21920,5322794,8065816
21921,5322794,8041081
21922,5322794,8039544
21923,5322794,7950148
21924,5322794,7950148
21925,5322794,7950148
21926,5322794,7950148
21927,5322794,8008235
21928,5322794,8008235
21929,5322794,7960229
21930,5322794,7960229
21931,5322794,7924373
21932,5322794,7954811
21933,5322794,7948785
21934,5322794,7948785
21935,5322794,7948785
21936,5322794,7339313
21937,5322794,7339313
21938,5322794,7460207
21939,5322794,7836738
21940,5322794,7534658
21941,5322794,7512496
21942,5322794,7590074
21943,5322794,7532958
21944,5322794,7532958
21945,5322794,7532958
21946,5322794,7532958
21947,5322794,7334507
21948,5322794,7334507
21949,5322794,7371796
21950,5322794,7213701
21951,5322794,7182088
21952,5322794,7179868
21953,5322794,7170617
21954,5322794,6783027
21955,5322794,6938199
21956,5322794,6938199
21957,5322794,6893945
21958,5322794,6893945
21959,5322794,6844066
21960,5322794,6838286
21961,5322794,6956844
21962,5322794,6695727
21963,5322794,6509127
21964,5322794,6451952
21965,5322794,6451952
21966,5322794,6451952
21967,5322794,6744795
21968,5322794,6484384
21969,5322794,6385926
21970,5322794,6384495
21971,5322794,6749034
21972,5322794,6749034
21973,5322794,6770411
21974,5322794,6764076
21975,5322794,6751917
21976,5322794,6751917
21977,5322794,6751917
21978,5322794,6632125
21979,5322794,6545210
21980,5322794,6584442
21981,5322794,6584442
21982,5322794,6641186
21983,5322794,6641186
21984,5322794,6641186
21985,5322794,7023145
21986,5322794,7023145
21987,5322794,7397530
21988,5322794,7335611
21989,5322794,7324575
21990,5322794,6803971
21991,5322794,6803971
21992,5322794,6803971
21993,5322794,6803971
21994,5322794,7480480
21995,5322794,7480480
21996,5322794,7480480
21997,5322794,7480480
21998,5322794,7480480
21999,5322794,7449468
22000,5322794,7449467
22001,5322794,7449467
22002,5322794,7392723
22003,5322794,7244489
22004,5322794,7238571
22005,5322794,7238571
22006,5322794,7238571
22007,5322794,8113180
22008,5322794,7524665
22009,5322794,7368776
22010,5322794,8148058
22011,5322794,8144797
22012,5322794,8257605
22013,5322794,8099695
22014,5322794,8192133
22015,5322794,8066230
22016,5322794,8175220
22017,5322794,8184724
22018,5322794,8090148
22019,5322794,8088804
22020,5322794,9289768
22021,5322794,9169803
22022,5322794,8971844
22023,5322794,8071352
22024,5322794,7932683
22025,5322794,7867133
22026,5322794,7670445
22027,5322794,7670445
22028,5322794,7670445
22029,5322794,7670445
22030,5322794,7409172
22031,5322794,7315717
22032,5322794,7208460
22033,5322794,6996189
22034,5322794,6996189
22035,5322794,7211648
22036,5322794,7211648
22037,5322794,7205511
22038,5322794,7451362
22039,5322794,8025157
22040,5322794,7865880
22041,5322794,7865880
22042,5322794,7993139
22043,5322794,7936481
22044,5322794,8230147
22045,5322794,8214176
22046,5322794,7303532
22047,5322794,7256498
22048,5322794,7244396
22049,5322794,7248567
22050,5322794,8174862
22051,5322794,7785561
22052,5322794,7996810
22053,5322794,8494407
22054,5322794,8494407
22055,5322794,8494407
22056,5322794,8549990
22057,5322794,8537776
22058,5322794,8537776
22059,5322794,8537776
22060,5322794,8537776
22061,5322794,8660438
22062,5322794,8622914
22063,5322794,8622914
22064,5322794,8544729
22065,5322794,8674575
22066,5322794,9510959
22067,5322794,9074612
22068,5322794,9010186
22069,5322794,9290471
22070,5322794,9290471
22071,5322794,9436440
22072,5322794,9069831
22073,5322794,9548248
22074,5322794,9909043
22075,5322794,9585868
22076,5322794,9534361
22077,5322794,9391187
22078,5322794,9225538
22079,5322794,9128254
22080,5322794,9167596
22081,5322794,8732168
22082,5322794,8732168
22083,5322794,8732168
22084,5322794,9233681
22085,5322794,8599197
22086,5322794,8448243
22087,5322794,8448243
22088,5322794,8448243
22089,5322794,8210139
22090,5322794,8135356
22091,5322794,7910016
22092,5322794,8007842
22093,5322794,8357026
22094,5322794,7935708
22095,5322794,7514443
22096,5322794,8381733
22097,5322794,8412939
22098,5322794,8396888
22099,5322794,8364360
22100,5322794,8214991
22101,5322794,8023459
22102,5322794,7894873
22103,5322794,8222467
22104,5322794,8408235
22105,5322794,8806970
22106,5322794,9064957
22107,5322794,9033650
22108,5322794,9080627
22109,5322794,9001237
22110,5322794,9228195
22111,5322794,9272294
22112,5322794,9041348
22113,5322794,8262358
22114,5322794,8245163
22115,5322794,8235013
22116,5322794,8262357
22117,5322794,7875484
22118,5322794,7745468
22119,5322794,7745468
22120,5322794,7708811
22121,5322794,7472513
22122,5322794,7742084
22123,5322794,7411615
22124,5322794,7378412
22125,5322794,7378412
22126,5322794,7680135
22127,5322794,6856188
22128,5322794,7440045
22129,5322794,7942840
22130,5322794,7952591
22131,5322794,7932926
22132,5322794,8346918
22133,5322794,8355237
22134,5322794,8247515
22135,5322794,8200448
22136,5322794,7913346
22137,5322794,8631736
22138,5322794,8622211
22139,5322794,9825497
22140,5322794,9825497
22141,5322794,9910372
22142,5322794,9698837
22143,5322794,10189239
22144,5322794,10046954
22145,5322794,9003063
22146,5322794,8118789
22147,5322794,8088964
22148,5322794,8957050
22149,5322794,8691708
22150,5322794,8197282
22151,5322794,8245563
22152,5322794,8612663
22153,5322794,9466516
22154,5322794,9466731
22155,5322794,9760569
22156,5322794,10057532
22157,5322794,10306883
22158,5322794,10486712
22159,5322794,9711672
22160,5322794,9689061
22161,5322794,9677142
22162,5322794,8852314
22163,5322794,9321668
22164,5322794,9051405
22165,5322794,8897308
22166,5322794,9787449
22167,5322794,9991353
22168,5322794,9854779
22169,5322794,9326828
22170,5322794,9806800
22171,5322794,9804807
22172,5322794,10282680
22173,5322794,10327901
22174,5322794,9342846
22175,5322794,9392931
22176,5322794,10702577
22177,5322794,10994824
22178,5322794,10944461
22179,5322794,10909797
22180,5322794,10847540
22181,5322794,11270849
22182,5322794,11292414
22183,5322794,11033964
22184,5322794,11041377
22185,5322794,11041377
22186,5322794,11071143
22187,5322794,11737783
22188,5322794,12050858
22189,5322794,12031608
22190,5322794,12320234
22191,5322794,11790431
22192,5322794,12413415
22193,5322794,12690278
22194,5322794,12696772
22195,5322794,12146277
22196,5322794,12536082
22197,5322794,12466242
22198,5322794,12554614
22199,5322794,12551093
22200,5322794,12254579
22201,5322794,12195911
22202,5322794,12931762
22203,5322794,12020331
22204,5322794,11592079
22205,5322794,11309265
22206,5322794,11269014
22207,5322794,11184337
22208,5322794,11527306
22209,5322794,11437470
22210,5322794,11766883
22211,5322794,11657448
22212,5322794,11612377
22213,5322794,11754971
22214,5322794,11040743
22215,5322794,10692225
22216,5322794,11008121
22217,5322794,10916545
22218,5322794,10772390
22219,5322794,10772390
22220,5322794,10397096
22221,5322794,9812997
22222,5322794,9804024
22223,5322794,10181322
22224,5322794,10186503
22225,5322794,10456974
22226,5322794,10267790
22227,5322794,10267790
22228,5322794,10118348
22229,5322794,9698503
22230,5322794,9595208
22231,5322794,9595208
22232,5322794,9554979
22233,5322794,9281994
22234,5322794,8972908
22235,5322794,8863216
22236,5322794,8741675
22237,5322794,8805592
22238,5322794,9203154
22239,5322794,9196801
22240,5322794,9196801
22241,5322794,9196801
22242,5322794,8372815
22243,5322794,8330926
22244,5322794,8065925
22245,5322794,7783617
22246,5322794,8117671
22247,5322794,9315811
22248,5322794,9507675
22249,5322794,9113676
22250,5322794,9161382
22251,5322794,9082389
22252,5322794,9149623
22253,5322794,9248844
22254,5322794,9230111
22255,5322794,9194965
22256,5322794,9615782
22257,5322794,9198940
22258,5322794,9537865
22259,5322794,9852363
22260,5322794,10376919
22261,5322794,10170523
22262,5322794,9491801
22263,5322794,9331417
22264,5322794,9331417
22265,5322794,9212631
22266,5322794,8911944
22267,5322794,9150594
22268,5322794,9150594
22269,5322794,9098386
22270,5322794,8897243
22271,5322794,9103102
22272,5322794,9071893
22273,5322794,9327854
22274,5322794,8985185
22275,5322794,9141405
22276,5322794,8687841
22277,5322794,8894898
22278,5322794,8605686
22279,5322794,8512549
22280,5322794,8475824
22281,5322794,8432568
22282,5322794,8427042
22283,5322794,8733390
22284,5322794,8728675
22285,5322794,8264003
22286,5322794,7684849
22287,5322794,8074666
22288,5322794,7669227
22289,5322794,7671292
22290,5322794,7569324
22291,5322794,8067394
22292,5322794,8502053
22293,5322794,9029271
22294,5322794,9029271
22295,5322794,8714307
22296,5322794,8013698
22297,5322794,8864212
22298,5322794,8864212
22299,5322794,9183670
22300,5322794,9199436
22301,5322794,9464780
22302,5322794,9392056
22303,5322794,9380601
22304,5322794,9529277
22305,5322794,9515732
22306,5322794,9811780
22307,5322794,9957961
22308,5322794,10260213
22309,5322794,11629920
22310,5322794,11738785
22311,5322794,11668914
22312,5322794,11686242
22313,5322794,11686242
22314,5322794,11685896
22315,5322794,11025796
22316,5322794,10758906
22317,5322794,10423880
22318,5322794,10452831
22319,5322794,10048791
22320,5322794,10376086
22321,5322794,10376086
22322,5322794,10325001
22323,5322794,10177925
22324,5322794,9951798
22325,5322794,9403433
22326,5322794,9372246
22327,5322794,9287018
22328,5322794,9018599
22329,5322794,9618315
22330,5322794,9479528
22331,5322794,10283804
22332,5322794,10488897
22333,5322794,10951096
22334,5322794,10022548
22335,5322794,10032356
22336,5322794,9713683
22337,5322794,10255380
22338,5322794,10258228
22339,5322794,9635191
22340,5322794,9131594
22341,5322794,9462828
22342,5322794,9460652
22343,5322794,9455272
22344,5322794,10204329
22345,5322794,9880490
22346,5322794,9880490
22347,5322794,10281295
22348,5322794,10231796
22349,5322794,10231796
22350,5322794,10171260
22351,5322794,9881449
22352,5322794,9835848
22353,5322794,10042483
22354,5322794,10541760
22355,5322794,10248710
22356,5322794,10296572
22357,5322794,9906874
22358,5322794,10003969
22359,5322794,9534909
22360,5322794,9429503
22361,5322794,10001979
22362,5322794,9925906
22363,5322794,9895053
22364,5322794,10078002
22365,5322794,9909749
22366,5322794,9654691
22367,5322794,9457532
22368,5322794,9371579
22369,5322794,9458373
22370,5322794,9041893
22371,5322794,9079666
22372,5322794,9011087
22373,5322794,9345572
22374,5322794,9241247
22375,5322794,9582868
22376,5322794,9096923
22377,5322794,8981350
22378,5322794,8981350
22379,5322794,9369650
22380,5322794,9501850
22381,5322794,9501850
22382,5322794,9449962
22383,5322794,9303636
22384,5322794,9153821
22385,5322794,8123634
22386,5322794,7873819
22387,5322794,7944147
22388,5322794,8154028
22389,5322794,8145812
22390,5322794,9282357
22391,5322794,9174281
22392,5322794,9192111
22393,5322794,9097055
22394,5322794,9097055
22395,5322794,8885140
22396,5322794,8795229
22397,5322794,8782849
22398,5322794,8323867
22399,5322794,8834049
22400,5322794,9438483
22401,5322794,9418536
22402,5322794,9205837
22403,5322794,9259648
22404,5322794,9064711
22405,5322794,9064711
22406,5322794,9064711
22407,5322794,9009636
22408,5322794,9009636
22409,5322794,9062651
22410,5322794,9335646
22411,5322794,9177249
22412,5322794,9177249
22413,5322794,9926931
22414,5322794,9732778
22415,5322794,10090414
22416,5322794,10090414
22417,5322794,9670507
22418,5322794,9668954
22419,5322794,9050932
22420,5322794,8916501
22421,5322794,8871687
22422,5322794,9280407
22423,5322794,9078746
22424,5322794,8985711
22425,5322794,9263100
22426,5322794,9263100
22427,5322794,9116607
22428,5322794,9035196
22429,5322794,8832644
22430,5322794,8808689
22431,5322794,9054997
22432,5322794,9047863
22433,5322794,9134778
22434,5322794,9427126
22435,5322794,9551342
22436,5322794,9457792
22437,5322794,9710947
22438,5322794,10401277
22439,5322794,9081594
22440,5322794,9081594
22441,5322794,8977205
22442,5322794,8751606
22443,5322794,9389000
22444,5322794,9622792
22445,5322794,9447683
22446,5322794,9440653
22447,5322794,9440653
22448,5322794,9458074
22449,5322794,9407893
22450,5322794,10044058
22451,5322794,9768967
22452,5322794,9719570
22453,5322794,8961717
22454,5322794,8930475
22455,5322794,9209863
22456,5322794,9435508
22457,5322794,9469454
22458,5322794,9462003
22459,5322794,9412654
22460,5322794,9171490
22461,5322794,8894300
22462,5322794,8951096
22463,5322794,8951096
22464,5322794,8831387
22465,5322794,8982289
22466,5322794,8843883
22467,5322794,8779280
22468,5322794,8684196
22469,5322794,8642643
22470,5322794,8969917
22471,5322794,9243238
22472,5322794,8703981
22473,5322794,8353499
22474,5322794,8577936
22475,5322794,8514203
22476,5322794,8498313
22477,5322794,8245738
22478,5322794,8382982
22479,5322794,8674253
22480,5322794,9410201
22481,5322794,9023255
22482,5322794,9453592
22483,5322794,8658255
22484,5322794,8210221
22485,5322794,7768982
22486,5322794,7768982
22487,5322794,7334337
22488,5322794,6879942
22489,5322794,7237760
22490,5322794,7237760
22491,5322794,7325226
22492,5322794,7433549
22493,5322794,7433549
22494,5322794,7409978
22495,5322794,7409978
22496,5322794,7717365
22497,5322794,8291828
22498,5322794,8491578
22499,5322794,8267059
22500,5322794,8249831
22501,5322794,8249831
22502,5322794,8284672
22503,5322794,8307459
22504,5322794,8475868
22505,5322794,8455584
22506,5322794,8025059
22507,5322794,8025059
22508,5322794,8025059
22509,5322794,8479106
22510,5322794,8468406
22511,5322794,8674030
22512,5322794,8154740
22513,5322794,8572199
22514,5322794,8789451
22515,5322794,8787665
22516,5322794,8821438
22517,5322794,8484001
22518,5322794,8576847
22519,5322794,9027855
22520,5322794,8800765
22521,5322794,8785686
22522,5322794,8762555
22523,5322794,8762555
22524,5322794,8719285
22525,5322794,8992269
22526,5322794,8793594
22527,5322794,9198248
22528,5322794,9020685
22529,5322794,8035793
22530,5322794,7963299
22531,5322794,8223878
22532,5322794,7589905
22533,5322794,7123373
22534,5322794,6777016
22535,5322794,7160933
22536,5322794,7127464
22537,5322794,7127464
22538,5322794,7127464
22539,5322794,8208719
22540,5322794,7447873
22541,5322794,7447873
22542,5322794,7684286
22543,5322794,8104163
22544,5322794,8266657
22545,5322794,8461213
22546,5322794,8493748
22547,5322794,8573214
22548,5322794,9006474
22549,5322794,8747566
22550,5322794,9041718
22551,5322794,8984540
22552,5322794,9176290
22553,5322794,8938369
22554,5322794,9280055
22555,5322794,8574780
22556,5322794,8266658
22557,5322794,8249749
22558,5322794,8947294
22559,5322794,9212295
22560,5322794,9195392
22561,5322794,8790490
22562,5322794,8788998
22563,5322794,8693652
22564,5322794,9004102
22565,5322794,8517064
22566,5322794,8474504
22567,5322794,8475608
22568,5322794,7941945
22569,5322794,7974008
22570,5322794,7974008
22571,5322794,7371434
22572,5322794,7815652
22573,5322794,7779539
22574,5322794,8121553
22575,5322794,7883200
22576,5322794,7883200
22577,5322794,7564070
22578,5322794,8007413
22579,5322794,8411273
22580,5322794,8612064
22581,5322794,8415078
22582,5322794,8192129
22583,5322794,8288027
22584,5322794,8233896
22585,5322794,8233895
22586,5322794,8235432
22587,5322794,9152729
22588,5322794,9383607
22589,5322794,9311957
22590,5322794,9489810
22591,5322794,8811037
22592,5322794,8168195
22593,5322794,8724393
22594,5322794,8554799
22595,5322794,8633857
22596,5322794,8525442
22597,5322794,8779538
22598,5322794,9515858
22599,5322794,9241030
22600,5322794,9457053
22601,5322794,9574319
22602,5322794,9824039
22603,5322794,9789717
22604,5322794,9789717
22605,5322794,9500811
22606,5322794,9241757
22607,5322794,10499685
22608,5322794,10540307
22609,5322794,10223485
22610,5322794,10137937
22611,5322794,9810733
22612,5322794,9746612
22613,5322794,9381139
22614,5322794,9149272
22615,5322794,9197560
22616,5322794,9197560
22617,5322794,9154387
22618,5322794,9090993
22619,5322794,9090993
22620,5322794,8865528
22621,5322794,9045455
22622,5322794,10195353
22623,5322794,10512721
22624,5322794,9731057
22625,5322794,9828732
22626,5322794,9687073
22627,5322794,10242796
22628,5322794,10240461
22629,5322794,10336432
22630,5322794,10336432
22631,5322794,11305567
22632,5322794,10620420
22633,5322794,10727668
22634,5322794,10838629
22635,5322794,10498295
22636,5322794,10454845
22637,5322794,10714615
22638,5322794,10836538
22639,5322794,11036970
22640,5322794,11036970
22641,5322794,10566973
22642,5322794,10156163
22643,5322794,10324326
22644,5322794,10761280
22645,5322794,10652517
22646,5322794,11142797
22647,5322794,10437290
22648,5322794,10389911
22649,5322794,9889146
22650,5322794,9879343
22651,5322794,9482831
22652,5322794,9332332
22653,5322794,9832000
22654,5322794,8342779
22655,5322794,8342779
22656,5322794,8509375
22657,5322794,9288657
22658,5322794,9037143
22659,5322794,8892418
22660,5322794,9133444
22661,5322794,8744178
22662,5322794,8516839
22663,5322794,8416198
22664,5322794,9012511
22665,5322794,9211839
22666,5322794,9353595
22667,5322794,9170437
22668,5322794,9170437
22669,5322794,9170437
22670,5322794,9342640
22671,5322794,9719398
22672,5322794,9184798
22673,5322794,8352166
22674,5322794,8470574
22675,5322794,8789765
22676,5322794,8278946
22677,5322794,8503710
22678,5322794,8455977
22679,5322794,8519637
22680,5322794,8985898
22681,5322794,9009568
22682,5322794,9412720
22683,5322794,9062781
22684,5322794,8536961
22685,5322794,8530320
22686,5322794,8290423
22687,5322794,8181224
22688,5322794,8181224
22689,5322794,8291706
22690,5322794,9070988
22691,5322794,9048732
22692,5322794,8973360
22693,5322794,8982592
22694,5322794,8914277
22695,5322794,9152429
22696,5322794,9152429
22697,5322794,8356755
22698,5322794,8331456
22699,5322794,8660763
22700,5322794,8547651
22701,5322794,8520573
22702,5322794,8805370
22703,5322794,8791820
22704,5322794,8737843
22705,5322794,9476735
22706,5322794,8860808
22707,5322794,8466809
22708,5322794,8466809
22709,5322794,8871122
22710,5322794,8842653
22711,5322794,8953635
22712,5322794,8951429
22713,5322794,8593757
22714,5322794,8987756
22715,5322794,8941263
22716,5322794,8899965
22717,5322794,8873355
22718,5322794,8758867
22719,5322794,8649560
22720,5322794,8468353
22721,5322794,8115517
22722,5322794,8307421
22723,5322794,7866276
22724,5322794,7854271
22725,5322794,7900924
22726,5322794,7900483
22727,5322794,8309803
22728,5322794,9172662
22729,5322794,9379532
22730,5322794,9483237
22731,5322794,9818086
22732,5322794,9875566
22733,5322794,9843353
22734,5322794,9762138
22735,5322794,9703085
22736,5322794,8945707
22737,5322794,8175910
22738,5322794,8080913
22739,5322794,8351321
22740,5322794,8363063
22741,5322794,9181444
22742,5322794,9303119
22743,5322794,8926711
22744,5322794,9316025
22745,5322794,8775180
22746,5322794,8541737
22747,5322794,8349270
22748,5322794,8242933
22749,5322794,7729295
22750,5322794,8045591
22751,5322794,7321933
22752,5322794,7563096
22753,5322794,7524296
22754,5322794,7763175
22755,5322794,8797698
22756,5322794,8991860
22757,5322794,8942374
22758,5322794,9010124
22759,5322794,9240392
22760,5322794,9656671
22761,5322794,9183751
22762,5322794,8904724
22763,5322794,8505149
22764,5322794,8813157
22765,5322794,8813157
22766,5322794,9266205
22767,5322794,8657213
22768,5322794,8451315
22769,5322794,8635507
22770,5322794,8236929
22771,5322794,8230763
22772,5322794,8222458
22773,5322794,7971042
22774,5322794,7959931
22775,5322794,8555859
22776,5322794,8628084
22777,5322794,8614464
22778,5322794,8466109
22779,5322794,8188383
22780,5322794,8386663
22781,5322794,7603618
22782,5322794,7812698
22783,5322794,7438142
22784,5322794,7715518
22785,5322794,7654443
22786,5322794,7964654
22787,5322794,7478630
22788,5322794,7478630
22789,5322794,7468823
22790,5322794,7468823
22791,5322794,7468823
22792,5322794,7504681
22793,5322794,7614810
22794,5322794,7614810
22795,5322794,8965445
22796,5322794,9822643
22797,5322794,9948910
22798,5322794,9827019
22799,5322794,10034689
22800,5322794,10865814
22801,5322794,10833778
22802,5322794,10833778
22803,5322794,11067977
22804,5322794,11140845
22805,5322794,11089407
22806,5322794,11295549
22807,5322794,11753789
22808,5322794,11284463
22809,5322794,10964073
22810,5322794,11002583
22811,5322794,10878156
22812,5322794,10751247
22813,5322794,10725558
22814,5322794,10461087
22815,5322794,10809018
22816,5322794,11015058
22817,5322794,10581020
22818,5322794,10578825
22819,5322794,9792840
22820,5322794,9838854
22821,5322794,9952728
22822,5322794,9324779
22823,5322794,9412166
22824,5322794,9412166
22825,5322794,9630941
22826,5322794,9532779
22827,5322794,9264725
22828,5322794,9150910
22829,5322794,9771665
22830,5322794,9728823
22831,5322794,9694790
22832,5322794,9808599
22833,5322794,9738533
22834,5322794,9709472
22835,5322794,9709472
22836,5322794,9422331
22837,5322794,9578944
22838,5322794,9627807
22839,5322794,9438932
22840,5322794,8910428
22841,5322794,9204141
22842,5322794,8868171
22843,5322794,8820772
22844,5322794,8877395
22845,5322794,9854548
22846,5322794,9849021
22847,5322794,9845748
22848,5322794,9806687
22849,5322794,9416458
22850,5322794,9372897
22851,5322794,9407724
22852,5322794,8909475
22853,5322794,9350240
22854,5322794,9238103
22855,5322794,8384891
22856,5322794,8700870
22857,5322794,8935389
22858,5322794,9236738
22859,5322794,9128005
22860,5322794,9067453
22861,5322794,9271845
22862,5322794,9265257
22863,5322794,9595915
22864,5322794,9561574
22865,5322794,9560776
22866,5322794,9399198
22867,5322794,9344561
22868,5322794,8953951
22869,5322794,8456458
22870,5322794,8433904
22871,5322794,8791223
22872,5322794,8480196
22873,5322794,8373938
22874,5322794,8320579
22875,5322794,8257422
22876,5322794,7986827
22877,5322794,8503060
22878,5322794,8393130
22879,5322794,8392611
22880,5322794,8247929
22881,5322794,8197807
22882,5322794,8176318
22883,5322794,8606842
22884,5322794,8445729
22885,5322794,8471243
22886,5322794,8771064
22887,5322794,8458807
22888,5322794,9208964
22889,5322794,9242591
22890,5322794,9223247
22891,5322794,9223247
22892,5322794,9473103
22893,5322794,9454025
22894,5322794,9389598
22895,5322794,9389598
22896,5322794,9319380
22897,5322794,9021364
22898,5322794,9021364
22899,5322794,8432531
22900,5322794,7911398
22901,5322794,8035624
22902,5322794,8011984
22903,5322794,7923831
22904,5322794,8137976
22905,5322794,7861236
22906,5322794,7861236
22907,5322794,7861236
22908,5322794,7769532
22909,5322794,8005830
22910,5322794,8005830
22911,5322794,8004174
22912,5322794,8055265
22913,5322794,8055250
22914,5322794,7969960
22915,5322794,7852495
22916,5322794,8746461
22917,5322794,9169770
22918,5322794,8979111
22919,5322794,8691310
22920,5322794,9122006
22921,5322794,9609967
22922,5322794,9447965
22923,5322794,10350161
22924,5322794,9568441
22925,5322794,9371842
22926,5322794,9367476
22927,5322794,9036297
22928,5322794,9029343
22929,5322794,9301809
22930,5322794,9681471
22931,5322794,9679173
22932,5322794,10228993
22933,5322794,10399046
22934,5322794,10317858
22935,5322794,10120723
22936,5322794,10071641
22937,5322794,9881866
22938,5322794,8809941
22939,5322794,8558255
22940,5322794,9012419
22941,5322794,8949962
22942,5322794,9102253
22943,5322794,9299394
22944,5322794,9299394
22945,5322794,8745777
22946,5322794,8745777
22947,5322794,8523933
22948,5322794,8476496
22949,5322794,8605165
22950,5322794,8488519
22951,5322794,8191505
22952,5322794,9013864
22953,5322794,9661065
22954,5322794,9134004
22955,5322794,9262578
22956,5322794,9305467
22957,5322794,8839213
22958,5322794,8945997
22959,5322794,9332943
22960,5322794,9643249
22961,5322794,9578751
22962,5322794,9177709
22963,5322794,9042610
22964,5322794,8749341
22965,5322794,8892515
22966,5322794,8892515
22967,5322794,9340269
22968,5322794,9208026
22969,5322794,8872494
22970,5322794,8883550
22971,5322794,8876070
22972,5322794,9328297
22973,5322794,9168465
22974,5322794,8810829
22975,5322794,9153233
22976,5322794,8921678
22977,5322794,8834763
22978,5322794,9058057
22979,5322794,8682581
22980,5322794,8676276
22981,5322794,8809055
22982,5322794,9104717
22983,5322794,8708775
22984,5322794,8708775
22985,5322794,9287140
22986,5322794,9671350
22987,5322794,9431344
22988,5322794,9615398
22989,5322794,9308942
22990,5322794,9170653
22991,5322794,9088682
22992,5322794,9328618
22993,5322794,9063276
22994,5322794,8879822
22995,5322794,8499423
22996,5322794,8873885
22997,5322794,8217643
22998,5322794,8263053
22999,5322794,8269179
23000,5322794,8732073
23001,5322794,8269179
23002,5322794,8643170
23003,5322794,8615849
23004,5322794,7793516
23005,5322794,7793516
23006,5322794,7857028
23007,5322794,7857028
23008,5322794,8337068
23009,5322794,7939210
23010,5322794,7939210
23011,5322794,7939210
23012,5322794,8180362
23013,5322794,8001676
23014,5322794,7931004
23015,5322794,8521570
23016,5322794,8379283
23017,5322794,8362298
23018,5322794,8321821
23019,5322794,8835459
23020,5322794,8828240
23021,5322794,8000310
23022,5322794,7837102
23023,5322794,7829376
23024,5322794,7802228
23025,5322794,7948008
23026,5322794,7948008
23027,5322794,7397828
23028,5322794,7397828
23029,5322794,7436929
23030,5322794,7506310
23031,5322794,7651114
23032,5322794,7647843
23033,5322794,7647843
23034,5322794,8049798
23035,5322794,8757184
23036,5322794,8954825
23037,5322794,9832390
23038,5322794,10005848
23039,5322794,5322794
23040,5322794,5322794
23041,5322794,5322794
23042,5322794,5386536
23043,5322794,5386536
23044,5322794,5386536
23045,5322794,5386536
23046,5322794,5386536
23047,5322794,5465693
23048,5322794,5465693
23049,5322794,5465693
23050,5322794,5465693
23051,5322794,5465693
23052,5322794,5465693
23053,5322794,5465693
23054,5322794,5465693
23055,5322794,5465693
23056,5322794,5386536
23057,5322794,5595846
23058,5322794,5595846
23059,5322794,5595846
23060,5322794,5713210
23061,5322794,5670742
23062,5322794,5670742
23063,5322794,5670742
23064,5322794,5770843
23065,5322794,5697456
23066,5322794,5697456
23067,5322794,5697456
23068,5322794,5697456
23069,5322794,6146950
23070,5322794,6146950
23071,5322794,6062566
23072,5322794,5943995
23073,5322794,6277152
23074,5322794,6283358
23075,5322794,6209930
23076,5322794,6209930
23077,5322794,6209930
23078,5322794,6863180
23079,5322794,6799633
23080,5322794,6550710
23081,5322794,6630073
23082,5322794,6630073
23083,5322794,6630073
23084,5322794,6630073
23085,5322794,7010137
23086,5322794,6906022
23087,5322794,6939795
23088,5322794,7219900
23089,5322794,7172105
23090,5322794,7172105
23091,5322794,7172105
23092,5322794,7172105
23093,5322794,7150047
23094,5322794,6865565
23095,5322794,6838721
23096,5322794,6811411
23097,5322794,6811411
23098,5322794,6811411
23099,5322794,6811411
23100,5322794,7546265
23101,5322794,7177036
23102,5322794,7177036
23103,5322794,7177036
23104,5322794,7164309
23105,5322794,7164309
23106,5322794,7164309
23107,5322794,7187789
23108,5322794,7099385
23109,5322794,7082047
23110,5322794,6963796
23111,5322794,6929802
23112,5322794,6896028
23113,5322794,7469841
23114,5322794,6951111
23115,5322794,6951111
23116,5322794,6951111
23117,5322794,6770760
23118,5322794,7190772
23119,5322794,7120459
23120,5322794,7171719
23121,5322794,7112448
23122,5322794,7111053
23123,5322794,7111053
23124,5322794,7111053
23125,5322794,7061879
23126,5322794,7061879
23127,5322794,7049884
23128,5322794,7049884
23129,5322794,7049884
23130,5322794,7049884
23131,5322794,7020495
23132,5322794,6809107
23133,5322794,6809107
23134,5322794,7742849
23135,5322794,7712765
23136,5322794,7734500
23137,5322794,7570085
23138,5322794,7199184
23139,5322794,7199184
23140,5322794,7199184
23141,5322794,6675969
23142,5322794,6519950
23143,5322794,7110691
23144,5322794,7033258
23145,5322794,6834980
23146,5322794,6755156
23147,5322794,6701078
23148,5322794,6701078
23149,5322794,6817014
23150,5322794,6732506
23151,5322794,6732506
23152,5322794,6732506
23153,5322794,6732505
23154,5322794,6812656
23155,5322794,6812656
23156,5322794,6812042
23157,5322794,6832780
23158,5322794,6832780
23159,5322794,6832780
23160,5322794,6858800
23161,5322794,7405392
23162,5322794,7354541
23163,5322794,7354541
23164,5322794,7027276
23165,5322794,7377941
23166,5322794,7367842
23167,5322794,7181041
23168,5322794,7033899
23169,5322794,7033899
23170,5322794,7102254
23171,5322794,6948910
23172,5322794,6886518
23173,5322794,6886518
23174,5322794,6886518
23175,5322794,6886518
23176,5322794,6886518
23177,5322794,6886518
23178,5322794,6875832
23179,5322794,6834785
23180,5322794,6834785
23181,5322794,8456514
23182,5322794,9248811
23183,5322794,9246494
23184,5322794,9074714
23185,5322794,8886060
23186,5322794,8868824
23187,5322794,8955890
23188,5322794,8955890
23189,5322794,9007033
23190,5322794,8941068
23191,5322794,8877759
23192,5322794,8877513
23193,5322794,9753252
23194,5322794,9663711
23195,5322794,9433887
23196,5322794,9433887
23197,5322794,9258933
23198,5322794,9130864
23199,5322794,9130864
23200,5322794,9109139
23201,5322794,9109139
23202,5322794,9407466
23203,5322794,9481425
23204,5322794,9481425
23205,5322794,9585826
23206,5322794,9498688
23207,5322794,9233039
23208,5322794,9110757
23209,5322794,9093030
23210,5322794,8383858
23211,5322794,8383858
23212,5322794,8332040
23213,5322794,8312169
23214,5322794,8289443
23215,5322794,8289443
23216,5322794,8372201
23217,5322794,8752457
23218,5322794,8464597
23219,5322794,8388436
23220,5322794,8269465
23221,5322794,8230556
23222,5322794,8217282
23223,5322794,8217282
23224,5322794,8771580
23225,5322794,8759293
23226,5322794,8759293
23227,5322794,8640750
23228,5322794,8497130
23229,5322794,8343277
23230,5322794,8263765
23231,5322794,8260736
23232,5322794,8221001
23233,5322794,8206164
23234,5322794,8102034
23235,5322794,8199519
23236,5322794,8178271
23237,5322794,8178260
23238,5322794,8285095
23239,5322794,8232386
23240,5322794,8075570
23241,5322794,8075570
23242,5322794,8075570
23243,5322794,8073758
23244,5322794,8063401
23245,5322794,8022713
23246,5322794,8022713
23247,5322794,8022713
23248,5322794,8019261
23249,5322794,8019261
23250,5322794,8038516
23251,5322794,8038516
23252,5322794,8038516
23253,5322794,8038516
23254,5322794,8038516
23255,5322794,8038516
23256,5322794,8038516
23257,5322794,8038516
23258,5322794,8281215
23259,5322794,8286583
23260,5322794,8286583
23261,5322794,8182602
23262,5322794,8067187
23263,5322794,8067187
23264,5322794,8067187
23265,5322794,8067187
23266,5322794,8032115
23267,5322794,7593680
23268,5322794,7593680
23269,5322794,8989298
23270,5322794,8939551
23271,5322794,8938762
23272,5322794,9114770
23273,5322794,9086985
23274,5322794,9193845
23275,5322794,9168283
23276,5322794,9168283
23277,5322794,9046352
23278,5322794,9034559
23279,5322794,8942003
23280,5322794,8846034
23281,5322794,8808409
23282,5322794,9762028
23283,5322794,9710285
23284,5322794,9610049
23285,5322794,9610049
23286,5322794,9495552
23287,5322794,9430668
23288,5322794,9430668
23289,5322794,9412230
23290,5322794,9412230
23291,5322794,9490056
23292,5322794,9471082
23293,5322794,9471082
23294,5322794,9468242
23295,5322794,8497499
23296,5322794,7946624
23297,5322794,8521713
23298,5322794,8406520
23299,5322794,8451400
23300,5322794,8432301
23301,5322794,8432301
23302,5322794,8781940
23303,5322794,8730582
23304,5322794,8716078
23305,5322794,8765607
23306,5322794,8695868
23307,5322794,8517753
23308,5322794,7740793
23309,5322794,7715188
23310,5322794,7583615
23311,5322794,7395859
23312,5322794,7580097
23313,5322794,8036018
23314,5322794,8036018
23315,5322794,8036018
23316,5322794,8036018
23317,5322794,8024967
23318,5322794,7926799
23319,5322794,7789504
23320,5322794,7720671
23321,5322794,7613260
23322,5322794,7613260
23323,5322794,7613260
23324,5322794,7613260
23325,5322794,7585222
23326,5322794,7431405
23327,5322794,7431405
23328,5322794,7016447
23329,5322794,7169763
23330,5322794,7119972
23331,5322794,7079711
23332,5322794,7275845
23333,5322794,7275845
23334,5322794,7097088
23335,5322794,7013257
23336,5322794,7840459
23337,5322794,7778916
23338,5322794,8405769
23339,5322794,8308059
23340,5322794,8769672
23341,5322794,8769672
23342,5322794,8510247
23343,5322794,8402683
23344,5322794,8357697
23345,5322794,8357697
23346,5322794,8356094
23347,5322794,8262690
23348,5322794,8234868
23349,5322794,8220177
23350,5322794,7567728
23351,5322794,7567728
23352,5322794,7567728
23353,5322794,7567728
23354,5322794,7566786
23355,5322794,7566786
23356,5322794,7566786
23357,5322794,7566786
23358,5322794,7566786
23359,5322794,7526705
23360,5322794,7525054
23361,5322794,7517012
23362,5322794,7517012
23363,5322794,7498273
23364,5322794,7648825
23365,5322794,7543361
23366,5322794,7543361
23367,5322794,7460533
23368,5322794,7363194
23369,5322794,7363194
23370,5322794,7955146
23371,5322794,7919043
23372,5322794,7978585
23373,5322794,7978819
23374,5322794,7925199
23375,5322794,7613583
23376,5322794,7427699
23377,5322794,7476098
23378,5322794,7468960
23379,5322794,7390555
23380,5322794,7182308
23381,5322794,7185844
23382,5322794,7142167
23383,5322794,7439069
23384,5322794,7439069
23385,5322794,7439069
23386,5322794,7358458
23387,5322794,7355871
23388,5322794,7226283
23389,5322794,7223722
23390,5322794,7174663
23391,5322794,7129547
23392,5322794,7125522
23393,5322794,7125522
23394,5322794,7061463
23395,5322794,7061463
23396,5322794,7061463
23397,5322794,6742447
23398,5322794,6596672
23399,5322794,6596672
23400,5322794,6498069
23401,5322794,6607161
23402,5322794,6607161
23403,5322794,6603255
23404,5322794,6551510
23405,5322794,6546010
23406,5322794,6444131
23407,5322794,6444131
23408,5322794,6424023
23409,5322794,6357164
23410,5322794,6268574
23411,5322794,6266715
23412,5322794,6266715
23413,5322794,6611112
23414,5322794,6611112
23415,5322794,6671434
23416,5322794,6671434
23417,5322794,7150267
23418,5322794,7131676
23419,5322794,7008161
23420,5322794,6893757
23421,5322794,6851401
23422,5322794,6885382
23423,5322794,6862240
23424,5322794,6840954
23425,5322794,7150549
23426,5322794,7150537
23427,5322794,7089464
23428,5322794,6981084
23429,5322794,6981084
23430,5322794,6952896
23431,5322794,6940002
23432,5322794,6827465
23433,5322794,6827465
23434,5322794,7130492
23435,5322794,7012181
23436,5322794,6834169
23437,5322794,6795891
23438,5322794,6788207
23439,5322794,6803235
23440,5322794,6803235
23441,5322794,6762166
23442,5322794,6673901
23443,5322794,6649921
23444,5322794,6649921
23445,5322794,7068102
23446,5322794,7062394
23447,5322794,7048896
23448,5322794,6962944
23449,5322794,7423572
23450,5322794,7833383
23451,5322794,7787579
23452,5322794,7668849
23453,5322794,7668849
23454,5322794,7668849
23455,5322794,7663085
23456,5322794,7586260
23457,5322794,7586260
23458,5322794,7573093
23459,5322794,7688733
23460,5322794,7521414
23461,5322794,7654534
23462,5322794,7654534
23463,5322794,8296485
23464,5322794,8315588
23465,5322794,8315588
23466,5322794,8298164
23467,5322794,8277503
23468,5322794,8371413
23469,5322794,8346276
23470,5322794,8260203
23471,5322794,8048106
23472,5322794,7966150
23473,5322794,7938187
23474,5322794,7936524
23475,5322794,7855074
23476,5322794,8349862
23477,5322794,8282106
23478,5322794,8056763
23479,5322794,8056763
23480,5322794,7903460
23481,5322794,7903460
23482,5322794,7819569
23483,5322794,7795790
23484,5322794,7795790
23485,5322794,7591285
23486,5322794,7827561
23487,5322794,7825244
23488,5322794,8849960
23489,5322794,8724072
23490,5322794,8595163
23491,5322794,8182122
23492,5322794,7984802
23493,5322794,7962029
23494,5322794,7947441
23495,5322794,8170005
23496,5322794,8041380
23497,5322794,8041380
23498,5322794,7976355
23499,5322794,8237348
23500,5322794,8177028
23501,5322794,8072498
23502,5322794,7926398
23503,5322794,7894800
23504,5322794,7894800
23505,5322794,7884925
23506,5322794,7884925
23507,5322794,8172965
23508,5322794,8106357
23509,5322794,8342991
23510,5322794,8004044
23511,5322794,8003734
23512,5322794,8739201
23513,5322794,8739201
23514,5322794,8707404
23515,5322794,8667694
23516,5322794,8644056
23517,5322794,8034899
23518,5322794,7984670
23519,5322794,8084612
23520,5322794,8070746
23521,5322794,8016178
23522,5322794,8403124
23523,5322794,8403124
23524,5322794,8381034
23525,5322794,8323541
23526,5322794,8167234
23527,5322794,8028977
23528,5322794,8028977
23529,5322794,7949848
23530,5322794,8235902
23531,5322794,8235902
23532,5322794,8209941
23533,5322794,8246377
23534,5322794,8618803
23535,5322794,8592777
23536,5322794,8585620
23537,5322794,8585620
23538,5322794,8641632
23539,5322794,8246568
23540,5322794,8189448
23541,5322794,8107031
23542,5322794,8107031
23543,5322794,9770310
23544,5322794,9113956
23545,5322794,9232390
23546,5322794,9642631
23547,5322794,9642631
23548,5322794,8834793
23549,5322794,8926801
23550,5322794,8926801
23551,5322794,9365988
23552,5322794,9343038
23553,5322794,9154311
23554,5322794,9136544
23555,5322794,8904053
23556,5322794,8447223
23557,5322794,8439096
23558,5322794,8763137
23559,5322794,8636703
23560,5322794,7262348
23561,5322794,7050959
23562,5322794,7083508
23563,5322794,7335508
23564,5322794,8001663
23565,5322794,8213052
23566,5322794,8636361
23567,5322794,8980380
23568,5322794,9666876
23569,5322794,9214320
23570,5322794,9567099
23571,5322794,9139618
23572,5322794,9281209
23573,5322794,9153189
23574,5322794,9487236
23575,5322794,9841664
23576,5322794,9561262
23577,5322794,9616951
23578,5322794,9525774
23579,5322794,8694861
23580,5322794,8952964
23581,5322794,9711655
23582,5322794,9352565
23583,5322794,8430160
23584,5322794,9098529
23585,5322794,8927261
23586,5322794,8921285
23587,5322794,9043051
23588,5322794,8344998
23589,5322794,8344998
23590,5322794,8038912
23591,5322794,7909134
23592,5322794,8334128
23593,5322794,8334128
23594,5322794,8678880
23595,5322794,8678880
23596,5322794,8496679
23597,5322794,8677024
23598,5322794,8646724
23599,5322794,8232180
23600,5322794,8288182
23601,5322794,7958907
23602,5322794,7958907
23603,5322794,6621054
23604,5322794,6592363
23605,5322794,6592363
23606,5322794,6773414
23607,5322794,6498433
23608,5322794,6413962
23609,5322794,6664360
23610,5322794,6667898
23611,5322794,7054024
23612,5322794,7732150
23613,5322794,7713640
23614,5322794,7857928
23615,5322794,7675133
23616,5322794,7699122
23617,5322794,7660223
23618,5322794,7657662
23619,5322794,7657662
23620,5322794,7085361
23621,5322794,7075541
23622,5322794,7075541
23623,5322794,7007568
23624,5322794,6819201
23625,5322794,7091300
23626,5322794,7083887
23627,5322794,7079082
23628,5322794,7437828
23629,5322794,7389725
23630,5322794,7784140
23631,5322794,8405563
23632,5322794,8699681
23633,5322794,8379229
23634,5322794,8367885
23635,5322794,8367885
23636,5322794,7996480
23637,5322794,8768300
23638,5322794,9096051
23639,5322794,9096051
23640,5322794,8608269
23641,5322794,8154941
23642,5322794,8056970
23643,5322794,8199695
23644,5322794,8711293
23645,5322794,8723095
23646,5322794,8350269
23647,5322794,8337582
23648,5322794,8337582
23649,5322794,8337582
23650,5322794,8337582
23651,5322794,8410705
23652,5322794,8358666
23653,5322794,8340184
23654,5322794,8857903
23655,5322794,8320951
23656,5322794,8536928
23657,5322794,8100106
23658,5322794,7602298
23659,5322794,7229930
23660,5322794,7303021
23661,5322794,7303021
23662,5322794,7303021
23663,5322794,7586058
23664,5322794,7626402
23665,5322794,8286754
23666,5322794,8137743
23667,5322794,8073945
23668,5322794,8007370
23669,5322794,7936706
23670,5322794,8358446
23671,5322794,8437401
23672,5322794,8407509
23673,5322794,8367003
23674,5322794,8642455
23675,5322794,8903866
23676,5322794,8756303
23677,5322794,8476145
23678,5322794,7578037
23679,5322794,7977823
23680,5322794,7396015
23681,5322794,7309211
23682,5322794,7247610
23683,5322794,7594298
23684,5322794,8089975
23685,5322794,8460014
23686,5322794,8456099
23687,5322794,9156132
23688,5322794,9500216
23689,5322794,9821739
23690,5322794,9874780
23691,5322794,9867775
23692,5322794,10347523
23693,5322794,9955377
23694,5322794,10042422
23695,5322794,10555466
23696,5322794,10555466
23697,5322794,10990792
23698,5322794,10499341
23699,5322794,10710730
23700,5322794,10157916
23701,5322794,10450348
23702,5322794,10135059
23703,5322794,10002942
23704,5322794,9931558
23705,5322794,10089614
23706,5322794,9800253
23707,5322794,9684285
23708,5322794,9577913
23709,5322794,9758090
23710,5322794,9696369
23711,5322794,10479330
23712,5322794,10238892
23713,5322794,9986590
23714,5322794,9449640
23715,5322794,9156540
23716,5322794,9156540
23717,5322794,9237621
23718,5322794,9400299
23719,5322794,9395612
23720,5322794,9531022
23721,5322794,9531022
23722,5322794,9365179
23723,5322794,10016494
23724,5322794,9860748
23725,5322794,10550100
23726,5322794,10053639
23727,5322794,10053639
23728,5322794,10400284
23729,5322794,10125848
23730,5322794,10804613
23731,5322794,10745234
23732,5322794,10008944
23733,5322794,9959302
23734,5322794,9363876
23735,5322794,9678882
23736,5322794,10068560
23737,5322794,9849043
23738,5322794,10270619
23739,5322794,10510734
23740,5322794,10731966
23741,5322794,10731966
23742,5322794,10731966
23743,5322794,11349859
23744,5322794,10292183
23745,5322794,10376014
23746,5322794,10628109
23747,5322794,10628109
23748,5322794,10613954
23749,5322794,11884668
23750,5322794,12010735
23751,5322794,11600034
23752,5322794,12118798
23753,5322794,12445755
23754,5322794,12405378
23755,5322794,12015921
23756,5322794,12008927
23757,5322794,11293077
23758,5322794,10643863
23759,5322794,10548185
23760,5322794,10447744
23761,5322794,10463274
23762,5322794,10626960
23763,5322794,10320874
23764,5322794,10281965
23765,5322794,9900575
23766,5322794,9900575
23767,5322794,10092695
23768,5322794,10089556
23769,5322794,10379402
23770,5322794,10333245
23771,5322794,9774988
23772,5322794,9956907
23773,5322794,9543420
23774,5322794,9128642
23775,5322794,8951863
23776,5322794,8842999
23777,5322794,9019547
23778,5322794,8511827
23779,5322794,8047851
23780,5322794,8453322
23781,5322794,8558902
23782,5322794,9005799
23783,5322794,9292079
23784,5322794,9490841
23785,5322794,9625536
23786,5322794,9462706
23787,5322794,9667388
23788,5322794,9363981
23789,5322794,9816231
23790,5322794,10070070
23791,5322794,9815867
23792,5322794,9407147
23793,5322794,9510771
23794,5322794,9510771
23795,5322794,9780026
23796,5322794,9333529
23797,5322794,9330732
23798,5322794,9724332
23799,5322794,10004813
23800,5322794,10051045
23801,5322794,10479521
23802,5322794,11359280
23803,5322794,11111278
23804,5322794,10785288
23805,5322794,10605772
23806,5322794,10579713
23807,5322794,10738942
23808,5322794,10282991
23809,5322794,10209031
23810,5322794,10339753
23811,5322794,9718307
23812,5322794,9223707
23813,5322794,9435444
23814,5322794,9206259
23815,5322794,8574074
23816,5322794,8544201
23817,5322794,8707847
23818,5322794,8568290
23819,5322794,9409790
23820,5322794,9838428
23821,5322794,9784582
23822,5322794,9772313
23823,5322794,10393068
23824,5322794,10330880
23825,5322794,10341365
23826,5322794,10612960
23827,5322794,10189364
23828,5322794,10085519
23829,5322794,10085519
23830,5322794,9811146
23831,5322794,9125278
23832,5322794,9125278
23833,5322794,9420328
23834,5322794,9399563
23835,5322794,9025851
23836,5322794,8782554
23837,5322794,9221016
23838,5322794,8899129
23839,5322794,8877981
23840,5322794,9141912
23841,5322794,9351492
23842,5322794,8830595
23843,5322794,8808000
23844,5322794,8656550
23845,5322794,9300831
23846,5322794,9460424
23847,5322794,9394502
23848,5322794,9213143
23849,5322794,9407272
23850,5322794,8677303
23851,5322794,8139214
23852,5322794,8343946
23853,5322794,8343946
23854,5322794,8436032
23855,5322794,8281713
23856,5322794,8245338
23857,5322794,8035722
23858,5322794,8035722
23859,5322794,8380055
23860,5322794,8861631
23861,5322794,9491873
23862,5322794,9346179
23863,5322794,9151964
23864,5322794,9051306
23865,5322794,9117584
23866,5322794,9325921
23867,5322794,8858284
23868,5322794,8546255
23869,5322794,8954975
23870,5322794,8762220
23871,5322794,8621673
23872,5322794,8168958
23873,5322794,8581253
23874,5322794,8558480
23875,5322794,8668457
23876,5322794,9613718
23877,5322794,9345777
23878,5322794,9223815
23879,5322794,8712308
23880,5322794,8621210
23881,5322794,8524999
23882,5322794,8512076
23883,5322794,8606464
23884,5322794,8694476
23885,5322794,8610593
23886,5322794,8691997
23887,5322794,8691997
23888,5322794,9223814
23889,5322794,8626259
23890,5322794,8597180
23891,5322794,8597180
23892,5322794,8327448
23893,5322794,8685084
23894,5322794,9643803
23895,5322794,9641523
23896,5322794,9866229
23897,5322794,9780045
23898,5322794,9966760
23899,5322794,9803741
23900,5322794,9778599
23901,5322794,9296903
23902,5322794,10415909
23903,5322794,10007575
23904,5322794,9972833
23905,5322794,9952458
23906,5322794,9811049
23907,5322794,10221044
23908,5322794,10105011
23909,5322794,10023963
23910,5322794,10023963
23911,5322794,9819804
23912,5322794,10021664
23913,5322794,9983234
23914,5322794,9955703
23915,5322794,9581720
23916,5322794,9547591
23917,5322794,9551411
23918,5322794,9312675
23919,5322794,9328104
23920,5322794,9329197
23921,5322794,9811309
23922,5322794,10177446
23923,5322794,10240705
23924,5322794,9959089
23925,5322794,10413253
23926,5322794,9794866
23927,5322794,9964313
23928,5322794,9866454
23929,5322794,10088732
23930,5322794,10020157
23931,5322794,9820608
23932,5322794,9723067
23933,5322794,9895482
23934,5322794,9890407
23935,5322794,9927879
23936,5322794,9631983
23937,5322794,9142038
23938,5322794,9286283
23939,5322794,9134933
23940,5322794,8947220
23941,5322794,8439247
23942,5322794,8508253
23943,5322794,8892879
23944,5322794,8892879
23945,5322794,8664969
23946,5322794,8333672
23947,5322794,8056115
23948,5322794,7444735
23949,5322794,7669500
23950,5322794,7657840
23951,5322794,7657840
23952,5322794,8105939
23953,5322794,8428651
23954,5322794,8406167
23955,5322794,8622505
23956,5322794,8174406
23957,5322794,8143330
23958,5322794,8160528
23959,5322794,8346821
23960,5322794,8314654
23961,5322794,8264422
23962,5322794,8068140
23963,5322794,8129244
23964,5322794,9155347
23965,5322794,9155347
23966,5322794,9269639
23967,5322794,8813630
23968,5322794,9344970
23969,5322794,10268453
23970,5322794,9904507
23971,5322794,9896466
23972,5322794,10122657
23973,5322794,9632152
23974,5322794,9558381
23975,5322794,9917222
23976,5322794,9670674
23977,5322794,9295387
23978,5322794,9295387
23979,5322794,8952754
23980,5322794,8913038
23981,5322794,8863542
23982,5322794,8832500
23983,5322794,9223652
23984,5322794,9193371
23985,5322794,9193371
23986,5322794,8810760
23987,5322794,9448539
23988,5322794,9671083
23989,5322794,9200215
23990,5322794,9158778
23991,5322794,9026776
23992,5322794,9238915
23993,5322794,9124850
23994,5322794,8889820
23995,5322794,8898666
23996,5322794,8604851
23997,5322794,8851159
23998,5322794,8391142
23999,5322794,8391142
24000,5322794,8373361
24001,5322794,8650650
24002,5322794,8194096
24003,5322794,8182376
24004,5322794,7379471
24005,5322794,7297131
24006,5322794,7297131
24007,5322794,7297131
24008,5322794,7284087
24009,5322794,7239347
24010,5322794,7239347
24011,5322794,7239347
24012,5322794,7239347
24013,5322794,7239347
24014,5322794,7239347
24015,5322794,7657853
24016,5322794,8025520
24017,5322794,7960240
24018,5322794,7953855
24019,5322794,7957996
24020,5322794,8113768
24021,5322794,8055075
24022,5322794,8001511
24023,5322794,8001511
24024,5322794,7865611
24025,5322794,8205135
24026,5322794,7927340
24027,5322794,7869584
24028,5322794,8016096
24029,5322794,8035145
24030,5322794,7855992
24031,5322794,7985539
24032,5322794,7985539
24033,5322794,8260743
24034,5322794,8601769
24035,5322794,8618257
24036,5322794,9165110
24037,5322794,9149890
24038,5322794,9149890
24039,5322794,9053224
24040,5322794,9029984
24041,5322794,9029984
24042,5322794,8603047
24043,5322794,8600516
24044,5322794,8478192
24045,5322794,8698386
24046,5322794,8882743
24047,5322794,8759225
24048,5322794,8519502
24049,5322794,8519502
24050,5322794,8754868
24051,5322794,9330628
24052,5322794,9240541
24053,5322794,9499319
24054,5322794,9380189
24055,5322794,9380189
24056,5322794,9569191
24057,5322794,9564824
24058,5322794,9794292
24059,5322794,9796567
24060,5322794,9831314
24061,5322794,10251386
24062,5322794,10271898
24063,5322794,10144238
24064,5322794,10039485
24065,5322794,10357594
24066,5322794,10126211
24067,5322794,10123893
24068,5322794,10021496
24069,5322794,9722619
24070,5322794,10256959
24071,5322794,10256959
24072,5322794,10256959
24073,5322794,10736140
24074,5322794,9925469
24075,5322794,10454395
24076,5322794,10454395
24077,5322794,10362527
24078,5322794,10362527
24079,5322794,10630045
24080,5322794,10163065
24081,5322794,10158593
24082,5322794,10126703
24083,5322794,10843144
24084,5322794,10907763
24085,5322794,10887595
24086,5322794,10887595
24087,5322794,10442043
24088,5322794,10442043
24089,5322794,9684665
24090,5322794,9486681
24091,5322794,9870398
24092,5322794,10037537
24093,5322794,10010863
24094,5322794,9159511
24095,5322794,9333573
24096,5322794,9413706
24097,5322794,9413706
24098,5322794,9631237
24099,5322794,9661081
24100,5322794,9255893
24101,5322794,9292296
24102,5322794,9079962
24103,5322794,9079962
24104,5322794,9044054
24105,5322794,9335603
24106,5322794,9019022
24107,5322794,9149123
24108,5322794,9216647
24109,5322794,9157334
24110,5322794,9305409
24111,5322794,8526127
24112,5322794,8526127
24113,5322794,9120471
24114,5322794,9402969
24115,5322794,9720714
24116,5322794,9446684
24117,5322794,8619188
24118,5322794,8925247
24119,5322794,8479972
24120,5322794,8437574
24121,5322794,8937185
24122,5322794,9455705
24123,5322794,9827483
24124,5322794,9560153
24125,5322794,8880319
24126,5322794,9789243
24127,5322794,9739739
24128,5322794,8963638
24129,5322794,8787592
24130,5322794,8535984
24131,5322794,8535984
24132,5322794,8202557
24133,5322794,8020844
24134,5322794,8020844
24135,5322794,8083130
24136,5322794,8294665
24137,5322794,8401218
24138,5322794,8358200
24139,5322794,8257562
24140,5322794,8688580
24141,5322794,8557701
24142,5322794,8538184
24143,5322794,8578621
24144,5322794,8578621
24145,5322794,8945985
24146,5322794,8856875
24147,5322794,9640082
24148,5322794,9014442
24149,5322794,8946743
24150,5322794,8660741
24151,5322794,8928391
24152,5322794,8575309
24153,5322794,8575309
24154,5322794,8952162
24155,5322794,9415176
24156,5322794,8991867
24157,5322794,9806215
24158,5322794,9726170
24159,5322794,9533750
24160,5322794,9829844
24161,5322794,9818659
24162,5322794,9818659
24163,5322794,9525934
24164,5322794,9525934
24165,5322794,9822864
24166,5322794,9464245
24167,5322794,9493092
24168,5322794,9838813
24169,5322794,9838813
24170,5322794,10465727
24171,5322794,11186262
24172,5322794,11155971
24173,5322794,10851405
24174,5322794,10932711
24175,5322794,11749595
24176,5322794,10891027
24177,5322794,10623598
24178,5322794,10724683
24179,5322794,10650944
24180,5322794,9796058
24181,5322794,10192388
24182,5322794,10344150
24183,5322794,10730879
24184,5322794,10629391
24185,5322794,9708267
24186,5322794,9661805
24187,5322794,9558657
24188,5322794,9537737
24189,5322794,9907005
24190,5322794,10613355
24191,5322794,11061754
24192,5322794,10682409
24193,5322794,10828586
24194,5322794,10810814
24195,5322794,10362472
24196,5322794,10038659
24197,5322794,9762154
24198,5322794,10018515
24199,5322794,9449756
24200,5322794,9188190
24201,5322794,9470159
24202,5322794,9903489
24203,5322794,9515375
24204,5322794,9966072
24205,5322794,10192956
24206,5322794,9780063
24207,5322794,10007270
24208,5322794,9613096
24209,5322794,9930172
24210,5322794,9744981
24211,5322794,9464614
24212,5322794,8778870
24213,5322794,9075824
24214,5322794,8992218
24215,5322794,8992218
24216,5322794,9019169
24217,5322794,8712850
24218,5322794,8961558
24219,5322794,9100123
24220,5322794,9388564
24221,5322794,9640127
24222,5322794,9813432
24223,5322794,9813432
24224,5322794,9801012
24225,5322794,9793209
24226,5322794,9793209
24227,5322794,9814628
24228,5322794,9514799
24229,5322794,9683532
24230,5322794,9278259
24231,5322794,9210446
24232,5322794,9336656
24233,5322794,9336656
24234,5322794,9314397
24235,5322794,9314397
24236,5322794,9144399
24237,5322794,8771378
24238,5322794,8717590
24239,5322794,8342476
24240,5322794,8342476
24241,5322794,8276990
24242,5322794,8545610
24243,5322794,9240257
24244,5322794,9290776
24245,5322794,9865239
24246,5322794,9186156
24247,5322794,9119161
24248,5322794,9093588
24249,5322794,9313124
24250,5322794,9566629
24251,5322794,9882655
24252,5322794,9824378
24253,5322794,9784853
24254,5322794,9757509
24255,5322794,9723363
24256,5322794,10398417
24257,5322794,10873702
24258,5322794,10800979
24259,5322794,10716260
24260,5322794,10799258
24261,5322794,10620119
24262,5322794,10082816
24263,5322794,10227099
24264,5322794,9450925
24265,5322794,10192149
24266,5322794,10127815
24267,5322794,10003240
24268,5322794,10143846
24269,5322794,9128869
24270,5322794,9614522
24271,5322794,9313270
24272,5322794,9640964
24273,5322794,8948018
24274,5322794,8838390
24275,5322794,8838390
24276,5322794,8744572
24277,5322794,9101634
24278,5322794,8583013
24279,5322794,9328930
24280,5322794,9432023
24281,5322794,9228954
24282,5322794,9467829
24283,5322794,9339591
24284,5322794,9587713
24285,5322794,9820335
24286,5322794,9554993
24287,5322794,9644092
24288,5322794,10012520
24289,5322794,10421240
24290,5322794,10350677
24291,5322794,10158719
24292,5322794,9947330
24293,5322794,10539006
24294,5322794,10923079
24295,5322794,11230309
24296,5322794,11395072
24297,5322794,11399840
24298,5322794,11386104
24299,5322794,10731604
24300,5322794,10337540
24301,5322794,10439928
24302,5322794,10113541
24303,5322794,10396906
24304,5322794,10227633
24305,5322794,9707674
24306,5322794,9346397
24307,5322794,9302874
24308,5322794,9302874
24309,5322794,9300032
24310,5322794,9247019
24311,5322794,8546566
24312,5322794,8527833
24313,5322794,8963895
24314,5322794,9352266
24315,5322794,9342956
24316,5322794,9342956
24317,5322794,9400654
24318,5322794,9482471
24319,5322794,9603379
24320,5322794,9603379
24321,5322794,10597976
24322,5322794,10398382
24323,5322794,10320657
24324,5322794,9826583
24325,5322794,10000880
24326,5322794,9422832
24327,5322794,9786068
24328,5322794,9583649
24329,5322794,9573480
24330,5322794,9445838
24331,5322794,9476309
24332,5322794,8037287
24333,5322794,7930548
24334,5322794,7745569
24335,5322794,8558686
24336,5322794,8221440
24337,5322794,8076513
24338,5322794,7878275
24339,5322794,7945163
24340,5322794,7945163
24341,5322794,8200535
24342,5322794,8100046
24343,5322794,8556601
24344,5322794,9367402
24345,5322794,8778178
24346,5322794,9365984
24347,5322794,9189941
24348,5322794,9161318
24349,5322794,8811726
24350,5322794,8798162
24351,5322794,8483299
24352,5322794,8846535
24353,5322794,9376781
24354,5322794,8852144
24355,5322794,8753950
24356,5322794,8612956
24357,5322794,9002615
24358,5322794,8537876
24359,5322794,8552635
24360,5322794,8396929
24361,5322794,8610799
24362,5322794,8983578
24363,5322794,8893318
24364,5322794,9110769
24365,5322794,8932644
24366,5322794,8486963
24367,5322794,8691379
24368,5322794,8691379
24369,5322794,8555312
24370,5322794,8555312
24371,5322794,8524169
24372,5322794,8496337
24373,5322794,8474626
24374,5322794,9030825
24375,5322794,10422839
24376,5322794,10303746
24377,5322794,9690697
24378,5322794,10020084
24379,5322794,9239027
24380,5322794,9416085
24381,5322794,9250987
24382,5322794,9250987
24383,5322794,10030862
24384,5322794,9769933
24385,5322794,9896155
24386,5322794,9574861
24387,5322794,9357021
24388,5322794,9574861
24389,5322794,9604364
24390,5322794,9455617
24391,5322794,9779484
24392,5322794,9416665
24393,5322794,9817363
24394,5322794,9579012
24395,5322794,9539101
24396,5322794,9094479
24397,5322794,9078850
24398,5322794,9064939
24399,5322794,8473369
24400,5322794,8917422
24401,5322794,8507213
24402,5322794,8755539
24403,5322794,8755539
24404,5322794,8717369
24405,5322794,8828719
24406,5322794,9106316
24407,5322794,9397104
24408,5322794,9157514
24409,5322794,9024352
24410,5322794,9462706
24411,5322794,9462706
24412,5322794,8778518
24413,5322794,8749618
24414,5322794,9095257
24415,5322794,9229478
24416,5322794,9236947
24417,5322794,8624051
24418,5322794,8535701
24419,5322794,8910648
24420,5322794,8926309
24421,5322794,8479198
24422,5322794,8449021
24423,5322794,8414720
24424,5322794,8655827
24425,5322794,8644336
24426,5322794,8779171
24427,5322794,8553910
24428,5322794,8514231
24429,5322794,8422612
24430,5322794,8147169
24431,5322794,7929063
24432,5322794,8577105
24433,5322794,8433995
24434,5322794,8852858
24435,5322794,8722891
24436,5322794,8407927
24437,5322794,8363039
24438,5322794,7980428
24439,5322794,7970473
24440,5322794,7597743
24441,5322794,7597743
24442,5322794,7056708
24443,5322794,7033577
24444,5322794,7163544
24445,5322794,7528362
24446,5322794,7163544
24447,5322794,7117624
24448,5322794,7438148
24449,5322794,7438148
24450,5322794,7947677
24451,5322794,7553024
24452,5322794,7814780
24453,5322794,8283517
24454,5322794,8781010
24455,5322794,8645496
24456,5322794,8645496
24457,5322794,7956601
24458,5322794,7956601
24459,5322794,8401380
24460,5322794,9090275
24461,5322794,8758979
24462,5322794,9128256
24463,5322794,9501197
24464,5322794,9179428
24465,5322794,9200440
24466,5322794,8420427
24467,5322794,8680881
24468,5322794,8643917
24469,5322794,9158741
24470,5322794,9004061
24471,5322794,8900850
24472,5322794,9116766
24473,5322794,8725103
24474,5322794,8699848
24475,5322794,8229770
24476,5322794,8229770
24477,5322794,7291001
24478,5322794,7228074
24479,5322794,7355012
24480,5322794,6834456
24481,5322794,6826722
24482,5322794,6795388
24483,5322794,6782585
24484,5322794,7140221
24485,5322794,7637714
24486,5322794,8636238
24487,5322794,9112998
24488,5322794,8819755
24489,5322794,8309015
24490,5322794,8309015
24491,5322794,7951379
24492,5322794,8376679
24493,5322794,8140223
24494,5322794,9563188
24495,5322794,9477102
24496,5322794,9832130
24497,5322794,9823382
24498,5322794,9933674
24499,5322794,9795539
24500,5322794,9604827
24501,5322794,9517700
24502,5322794,9965492
24503,5322794,10018358
24504,5322794,9462566
24505,5322794,9427460
24506,5322794,9249276
24507,5322794,8937660
24508,5322794,8929819
24509,5322794,8929819
24510,5322794,8929819
24511,5322794,8951011
24512,5322794,8259017
24513,5322794,8589176
24514,5322794,8523255
24515,5322794,8155869
24516,5322794,8100134
24517,5322794,8489587
24518,5322794,8479039
24519,5322794,8461705
24520,5322794,8757220
24521,5322794,8912609
24522,5322794,8891944
24523,5322794,9796130
24524,5322794,9584648
24525,5322794,10085047
24526,5322794,10494393
24527,5322794,10043454
24528,5322794,10433884
24529,5322794,10099170
24530,5322794,9629149
24531,5322794,10247863
24532,5322794,10139447
24533,5322794,10332681
24534,5322794,10757305
24535,5322794,10621237
24536,5322794,10550849
24537,5322794,9930912
24538,5322794,10000423
24539,5322794,10133631
24540,5322794,5322794
24541,5322794,5322794
24542,5322794,6091854
24543,5322794,6091854
24544,5322794,6186939
24545,5322794,5995608
24546,5322794,5995608
24547,5322794,5964421
24548,5322794,5964421
24549,5322794,5919326
24550,5322794,6222420
24551,5322794,6134218
24552,5322794,6051844
24553,5322794,6162210
24554,5322794,6114954
24555,5322794,6114954
24556,5322794,6114954
24557,5322794,6757729
24558,5322794,6757729
24559,5322794,6213288
24560,5322794,6171630
24561,5322794,5978404
24562,5322794,6757686
24563,5322794,6757686
24564,5322794,7401967
24565,5322794,7401967
24566,5322794,7401967
24567,5322794,7401967
24568,5322794,7381513
24569,5322794,7381513
24570,5322794,7494896
24571,5322794,6675023
24572,5322794,6663764
24573,5322794,6536332
24574,5322794,6507761
24575,5322794,6507761
24576,5322794,6560430
24577,5322794,7071173
24578,5322794,7053392
24579,5322794,7053392
24580,5322794,7922913
24581,5322794,7874057
24582,5322794,8170916
24583,5322794,7977679
24584,5322794,7669786
24585,5322794,7606561
24586,5322794,6890288
24587,5322794,6471782
24588,5322794,6435669
24589,5322794,6402675
24590,5322794,6402675
24591,5322794,6401727
24592,5322794,6466857
24593,5322794,6466857
24594,5322794,6466857
24595,5322794,6466857
24596,5322794,6449084
24597,5322794,6482857
24598,5322794,6469112
24599,5322794,6469112
24600,5322794,6406094
24601,5322794,6406094
24602,5322794,6406094
24603,5322794,6406094
24604,5322794,6406094
24605,5322794,6910429
24606,5322794,7664955
24607,5322794,9168950
24608,5322794,9127225
24609,5322794,9059123
24610,5322794,9009944
24611,5322794,8985150
24612,5322794,8879071
24613,5322794,8818323
24614,5322794,8817339
24615,5322794,8817339
24616,5322794,9315817
24617,5322794,9323638
24618,5322794,9096768
24619,5322794,9437907
24620,5322794,9405379
24621,5322794,9405377
24622,5322794,9345711
24623,5322794,10574620
24624,5322794,10542947
24625,5322794,10327541
24626,5322794,10282323
24627,5322794,10206015
24628,5322794,9784576
24629,5322794,9773680
24630,5322794,9773680
24631,5322794,9794054
24632,5322794,9794054
24633,5322794,9695705
24634,5322794,9617841
24635,5322794,9084938
24636,5322794,8917906
24637,5322794,8917906
24638,5322794,8857708
24639,5322794,9127447
24640,5322794,9081923
24641,5322794,9018982
24642,5322794,8812504
24643,5322794,8864673
24644,5322794,8744736
24645,5322794,8735920
24646,5322794,8726982
24647,5322794,8700473
24648,5322794,8662002
24649,5322794,8578940
24650,5322794,8650247
24651,5322794,8638478
24652,5322794,8638478
24653,5322794,8430143
24654,5322794,8325731
24655,5322794,8756557
24656,5322794,8790583
24657,5322794,8790583
24658,5322794,8959282
24659,5322794,8959152
24660,5322794,8915636
24661,5322794,8915636
24662,5322794,8865408
24663,5322794,8864627
24664,5322794,8864627
24665,5322794,8775847
24666,5322794,9083219
24667,5322794,8964108
24668,5322794,8898135
24669,5322794,8851819
24670,5322794,8851819
24671,5322794,8851819
24672,5322794,8912908
24673,5322794,8847128
24674,5322794,8744698
24675,5322794,8623713
24676,5322794,8511341
24677,5322794,8437765
24678,5322794,8432384
24679,5322794,8373972
24680,5322794,8292682
24681,5322794,8289567
24682,5322794,8259819
24683,5322794,8142217
24684,5322794,7730223
24685,5322794,7730223
24686,5322794,7709250
24687,5322794,7709250
24688,5322794,7709250
24689,5322794,7690835
24690,5322794,7690835
24691,5322794,7635302
24692,5322794,7635302
24693,5322794,7632857
24694,5322794,7629814
24695,5322794,7601044
24696,5322794,7601044
24697,5322794,7594953
24698,5322794,7531631
24699,5322794,7505167
24700,5322794,7502419
24701,5322794,7502419
24702,5322794,7502419
24703,5322794,7502419
24704,5322794,7351814
24705,5322794,7113464
24706,5322794,7048274
24707,5322794,7048274
24708,5322794,7048274
24709,5322794,7048274
24710,5322794,7048274
24711,5322794,7019370
24712,5322794,7072132
24713,5322794,7019208
24714,5322794,8449135
24715,5322794,8395548
24716,5322794,8394588
24717,5322794,8394588
24718,5322794,8302040
24719,5322794,8578064
24720,5322794,8051598
24721,5322794,8051598
24722,5322794,8050485
24723,5322794,8050485
24724,5322794,8047925
24725,5322794,8047925
24726,5322794,8047925
24727,5322794,8147538
24728,5322794,7801215
24729,5322794,7878323
24730,5322794,7869449
24731,5322794,7828881
24732,5322794,7919412
24733,5322794,7919412
24734,5322794,7630758
24735,5322794,7618901
24736,5322794,7618901
24737,5322794,7685312
24738,5322794,7685312
24739,5322794,7685312
24740,5322794,7685312
24741,5322794,7647818
24742,5322794,7647818
24743,5322794,7624687
24744,5322794,7624687
24745,5322794,7624687
24746,5322794,8011316
24747,5322794,8122506
24748,5322794,8136190
24749,5322794,8086227
24750,5322794,7947865
24751,5322794,7907645
24752,5322794,7759752
24753,5322794,7759752
24754,5322794,7759752
24755,5322794,7749802
24756,5322794,8033793
24757,5322794,8007820
24758,5322794,8007820
24759,5322794,8007820
24760,5322794,7947804
24761,5322794,7988024
24762,5322794,7988024
24763,5322794,7546882
24764,5322794,7546882
24765,5322794,7469326
24766,5322794,7457260
24767,5322794,7457260
24768,5322794,7433197
24769,5322794,7433197
24770,5322794,7433197
24771,5322794,7407096
24772,5322794,7337263
24773,5322794,7461750
24774,5322794,7377815
24775,5322794,7339737
24776,5322794,7617178
24777,5322794,7680973
24778,5322794,8302326
24779,5322794,8211449
24780,5322794,7836502
24781,5322794,7787428
24782,5322794,7766369
24783,5322794,7923027
24784,5322794,7862250
24785,5322794,7387757
24786,5322794,7293027
24787,5322794,7293027
24788,5322794,7284253
24789,5322794,7284253
24790,5322794,7579423
24791,5322794,7438199
24792,5322794,8304717
24793,5322794,8004331
24794,5322794,7651110
24795,5322794,7504315
24796,5322794,7338895
24797,5322794,7267440
24798,5322794,7222344
24799,5322794,7132012
24800,5322794,7186572
24801,5322794,7185415
24802,5322794,7193427
24803,5322794,7104370
24804,5322794,7104370
24805,5322794,7533231
24806,5322794,7358248
24807,5322794,7424688
24808,5322794,7974872
24809,5322794,8674417
24810,5322794,8649004
24811,5322794,8649004
24812,5322794,8658504
24813,5322794,8658504
24814,5322794,8592092
24815,5322794,8569510
24816,5322794,8448078
24817,5322794,8344612
24818,5322794,8344612
24819,5322794,8344612
24820,5322794,8136879
24821,5322794,8346666
24822,5322794,8491223
24823,5322794,8429520
24824,5322794,8440025
24825,5322794,8460945
24826,5322794,8368907
24827,5322794,8372068
24828,5322794,8859933
24829,5322794,9296900
24830,5322794,9485304
24831,5322794,9385897
24832,5322794,9224026
24833,5322794,9177460
24834,5322794,8920956
24835,5322794,8920956
24836,5322794,8747251
24837,5322794,8426232
24838,5322794,8377026
24839,5322794,8377026
24840,5322794,7820882
24841,5322794,7780516
24842,5322794,7780516
24843,5322794,7780516
24844,5322794,7839444
24845,5322794,7792274
24846,5322794,7792274
24847,5322794,7792274
24848,5322794,7780990
24849,5322794,8818816
24850,5322794,8603206
24851,5322794,8587964
24852,5322794,8919445
24853,5322794,8937565
24854,5322794,8530134
24855,5322794,8854585
24856,5322794,8854585
24857,5322794,8826448
24858,5322794,8787900
24859,5322794,8612604
24860,5322794,8566524
24861,5322794,8670588
24862,5322794,8653909
24863,5322794,8353298
24864,5322794,9011886
24865,5322794,8497295
24866,5322794,8151124
24867,5322794,8151124
24868,5322794,7882021
24869,5322794,7839885
24870,5322794,8720983
24871,5322794,8482430
24872,5322794,8409104
24873,5322794,8409104
24874,5322794,8409105
24875,5322794,8263358
24876,5322794,8237509
24877,5322794,8977475
24878,5322794,8970613
24879,5322794,9466779
24880,5322794,9322185
24881,5322794,9240968
24882,5322794,9182385
24883,5322794,8819287
24884,5322794,8791943
24885,5322794,8762467
24886,5322794,8769925
24887,5322794,8215564
24888,5322794,7548419
24889,5322794,7583668
24890,5322794,7489655
24891,5322794,7435033
24892,5322794,7851469
24893,5322794,7851469
24894,5322794,7851469
24895,5322794,7851469
24896,5322794,7851469
24897,5322794,7779726
24898,5322794,7813823
24899,5322794,7619843
24900,5322794,7619843
24901,5322794,7664179
24902,5322794,7664179
24903,5322794,7720294
24904,5322794,7450260
24905,5322794,6919057
24906,5322794,6919057
24907,5322794,6919057
24908,5322794,6814621
24909,5322794,7468354
24910,5322794,7468354
24911,5322794,7471387
24912,5322794,8066818
24913,5322794,8066818
24914,5322794,8066818
24915,5322794,7948051
24916,5322794,7454926
24917,5322794,7401261
24918,5322794,8119647
24919,5322794,8321012
24920,5322794,8186172
24921,5322794,8173234
24922,5322794,8176074
24923,5322794,8175276
24924,5322794,8101714
24925,5322794,8085705
24926,5322794,8042205
24927,5322794,8019360
24928,5322794,8019360
24929,5322794,8019360
24930,5322794,8019360
24931,5322794,8019360
24932,5322794,7977190
24933,5322794,7552556
24934,5322794,7529711
24935,5322794,7522819
24936,5322794,7522819
24937,5322794,7269968
24938,5322794,7269968
24939,5322794,7092022
24940,5322794,7511019
24941,5322794,7808996
24942,5322794,7808996
24943,5322794,7500419
24944,5322794,7486519
24945,5322794,7344745
24946,5322794,7286847
24947,5322794,7255070
24948,5322794,6984800
24949,5322794,7038741
24950,5322794,7038741
24951,5322794,7331438
24952,5322794,7319813
24953,5322794,7165259
24954,5322794,7165259
24955,5322794,7165259
24956,5322794,7090130
24957,5322794,7072343
24958,5322794,7072343
24959,5322794,7072343
24960,5322794,7008864
24961,5322794,7256617
24962,5322794,7188412
24963,5322794,7161907
24964,5322794,7141669
24965,5322794,7141669
24966,5322794,7088993
24967,5322794,7061906
24968,5322794,7061906
24969,5322794,7061906
24970,5322794,7061906
24971,5322794,6982156
24972,5322794,7009500
24973,5322794,7043997
24974,5322794,7043997
24975,5322794,7104081
24976,5322794,7104081
24977,5322794,7104081
24978,5322794,7104081
24979,5322794,7104081
24980,5322794,6969068
24981,5322794,6948655
24982,5322794,6948655
24983,5322794,6975999
24984,5322794,6975999
24985,5322794,7100474
24986,5322794,7100474
24987,5322794,7100474
24988,5322794,7100474
24989,5322794,7090324
24990,5322794,7090324
24991,5322794,7090324
24992,5322794,7387278
24993,5322794,7371059
24994,5322794,7310735
24995,5322794,7310735
24996,5322794,7310735
24997,5322794,7561556
24998,5322794,6984487
24999,5322794,6642621
