iteration,best_cost,incumbent_cost
0,8959782,8959782
1,4839448,4839448
2,4839448,4858226
3,4839448,4858226
4,4839448,4839448
5,4839448,4839527
6,4839448,4889342
7,4839448,4889342
8,4839448,4889342
9,4839448,4889342
10,4839448,4889342
11,4839448,4889342
12,4839448,4857133
13,4839448,4857133
14,4839448,4857133
15,4839448,4857133
16,4839448,4857133
17,4839448,4857133
18,4839448,4869352
19,4839448,4869352
20,4839448,4850574
21,4839448,4861069
22,4839448,4861069
23,4839448,4859984
24,4839448,4859984
25,4839448,4856695
26,4839448,4856695
27,4839448,4856695
28,4619582,4619582
29,4619582,4619582
30,4619582,4707906
31,4619582,4658668
32,4350416,4350416
33,4350416,4350416
34,4350416,4350416
35,4350416,4350416
36,4341755,4341755
37,4322013,4322013
38,4322013,4322013
39,4322013,4322013
40,4259465,4259465
41,4259465,4259465
42,4259465,4278243
43,4212587,4212587
44,4193809,4193809
45,4152873,4152873
46,4152873,4152873
47,3876724,3876724
48,3781194,3781194
49,3716072,3716072
50,3716072,3716072
51,3716072,3716072
52,3716072,3716072
53,3716072,3716072
54,3716072,3716072
55,3716072,3716072
56,3375673,3375673
57,3375673,3375673
58,3308931,3308931
59,3308931,3308931
60,3308931,3327709
61,3308931,3328905
62,3308931,3328905
63,3308931,3348237
64,3308931,3329459
65,3308931,3329459
66,3308931,3329459
67,3308931,3329459
68,3308931,3329459
69,3308931,3315865
70,3308931,3315865
71,3308931,3315865
72,3308931,3315865
73,3285079,3285079
74,3281262,3281262
75,3265747,3265747
76,3265747,3265747
77,3265747,3265747
78,3265747,3265747
79,3265747,3265747
80,3265747,3265747
81,3265747,3265747
82,3265747,3265747
83,3265747,3265747
84,3265747,3265747
85,3265747,3291896
86,3265747,3291896
87,3265747,3291896
88,3265747,3314669
89,3265747,3314669
90,3265747,3314669
91,3265747,3314669
92,3265747,3280066
93,3265747,3280066
94,3265747,3280066
95,3265747,3280066
96,3265747,3280066
97,3265747,3280066
98,3265747,3280066
99,3265747,3280066
100,3265747,3800302
101,3265747,3800302
102,3265747,3763176
103,3265747,3729529
104,3265747,3730183
105,3265747,3748961
106,3265747,3748961
107,3265747,3748961
108,3265747,3748307
109,3265747,3748961
110,3265747,3730183
111,3265747,3748961
112,3265747,3730183
113,3265747,3730183
114,3265747,3730183
115,3265747,3730183
116,3265747,3730183
117,3265747,3728574
118,3265747,3840561
119,3265747,3840561
120,3265747,3840561
121,3265747,3840561
122,3265747,3840561
123,3265747,3307421
124,3265747,3364481
125,3265747,3383259
126,3265747,3383259
127,3265747,3383259
128,3265747,3383259
129,3265747,3300823
130,3265747,3282045
131,3265747,3282045
132,3265747,3282045
133,3265747,3282045
134,3265747,3282045
135,3265747,3307422
136,3265747,3272819
137,3265747,3272819
138,3265747,3272819
139,3265747,3272819
140,3265747,3272819
141,3265747,3272819
142,3265747,3272819
143,3265747,3407233
144,3265747,3385950
145,3265747,3353909
146,3265747,3428118
147,3265747,3353909
148,3265747,3353909
149,3265747,3353909
150,3265747,3476016
151,3265747,3476016
152,3265747,3476016
153,3265747,3494794
154,3265747,3476016
155,3265747,3476016
156,3034754,3034754
157,2912647,2912647
158,2912647,2931425
159,2912647,2931425
160,2912647,2912647
161,2912647,2931425
162,2912647,2931425
163,2912647,2912647
164,2912647,2912647
165,2912647,2931425
166,2912647,2912647
167,2912647,2912647
168,2912647,2912647
169,2912647,2912647
170,2912647,2912647
171,2912647,2931425
172,2912647,2931425
173,2549428,2549428
174,2443493,2443493
175,2443493,2443493
176,2443493,2443493
177,2443493,2443493
178,2443493,2443493
179,2443493,2443493
180,2443493,2491457
181,2443493,2491457
182,2443493,2491457
183,2443493,2491457
184,2443493,2491457
185,2443493,2491457
186,2443493,2491457
187,2443493,2491457
188,2443493,2491457
189,2443493,2491457
190,2443493,2491457
191,2443493,2491457
192,2443493,2491457
193,2443493,2491457
194,2443493,2491457
195,2443493,2491457
196,2424715,2424715
197,2424715,2443493
198,2424715,2443493
199,2424715,2443493
200,2424715,2443493
201,2424715,2443493
202,2424715,2865283
203,2424715,2865283
204,2424715,2443493
205,2424715,2443493
206,2424715,2443493
207,2424715,2443493
208,2424715,2424715
209,2424715,2424715
210,2424715,2424715
211,2424715,2424715
212,2424715,2450865
213,2424715,2450865
214,2424715,2450865
215,2424715,2450865
216,2424715,2450865
217,2424715,2450865
218,2424715,2450865
219,2424715,2450865
220,2424715,2450866
221,2424715,2450866
222,2424715,2450866
223,2424715,2450866
224,2424715,2450866
225,2424715,2450866
226,2424715,2450866
227,2424715,2469644
228,2424715,2469644
229,2424715,2469644
230,2424715,2469644
231,2424715,2469644
232,2424715,2469644
233,2424715,2469644
234,2424715,2469644
235,2424715,2469644
236,2424715,2469644
237,2424715,2469644
238,2424715,2469644
239,2424715,2469644
240,2424715,2469644
241,2424715,2469644
242,2424715,2443494
243,2424715,2443494
244,2424715,2424716
245,2424715,2424716
246,2424715,2424716
247,2424715,2424716
248,2424715,2424716
249,2424715,2424716
250,2424715,2424716
251,2424715,2424716
252,2424715,2424716
253,2424715,2424716
254,2424715,2424716
255,2424715,2424716
256,2424715,2424716
257,2424715,2424716
258,2424715,2424716
259,2424715,2424716
260,2424715,2424716
261,2424715,2424716
262,2424715,2424716
263,2424715,2424716
264,2424715,2424716
265,2424715,2424716
266,2424715,2424716
267,2424715,2597063
268,2424715,2597063
269,2424715,2597063
270,2424715,2597063
271,2424715,2597063
272,2424715,2597063
273,2424715,2597063
274,2424715,2597063
275,2424715,2597063
276,2424715,2597063
277,2424715,2597063
278,2424715,2597063
279,2424715,2597063
280,2424715,2424716
281,2424715,2424716
282,2424715,2424716
283,2424715,2424716
284,2424715,2424716
285,2424715,2597063
286,2424715,2589129
287,2424715,2589129
288,2424715,2552018
289,2424715,2552018
290,2424715,2552018
291,2424715,2552018
292,2424715,2589129
293,2424715,2589129
294,2424715,3035047
295,2424715,3035047
296,2424715,2990187
297,2424715,3122268
298,2424715,3122268
299,2424715,3122268
300,2424715,3384255
301,2424715,3384255
302,2424715,3384255
303,2424715,3384255
304,2424715,3384255
305,2424715,3297034
306,2424715,3240913
307,2424715,3198856
308,2424715,3198856
309,2424715,3198856
310,2424715,3364029
311,2424715,3364029
312,2424715,3364029
313,2424715,3364029
314,2424715,3342509
315,2424715,3080522
316,2424715,3099300
317,2424715,2991375
318,2424715,3051767
319,2424715,2991374
320,2424715,3014147
321,2424715,3014147
322,2424715,3014147
323,2424715,3014147
324,2424715,3018204
325,2424715,3089858
326,2424715,3438708
327,2424715,3403576
328,2424715,3415683
329,2424715,3415683
330,2424715,3396905
331,2424715,3488025
332,2424715,3488025
333,2424715,3488025
334,2424715,3488025
335,2424715,3495688
336,2424715,3523273
337,2424715,3575533
338,2424715,3575533
339,2424715,3666123
340,2424715,3604709
341,2424715,3604709
342,2424715,3604709
343,2424715,3604709
344,2424715,3486895
345,2424715,3486895
346,2424715,3487364
347,2424715,3669081
348,2424715,3669081
349,2424715,3669081
350,2424715,3669082
351,2424715,3617222
352,2424715,3535742
353,2424715,3535742
354,2424715,3535742
355,2424715,3535742
356,2424715,3535742
357,2424715,3535529
358,2424715,3026041
359,2424715,3026041
360,2424715,3026041
361,2424715,3331467
362,2424715,3331467
363,2424715,3331467
364,2424715,3768427
365,2424715,3768427
366,2424715,3768427
367,2424715,3734032
368,2424715,3630225
369,2424715,3630225
370,2424715,3630225
371,2424715,3630225
372,2424715,3638292
373,2424715,3638292
374,2424715,3638292
375,2424715,3657070
376,2424715,3395083
377,2424715,3395083
378,2424715,3410101
379,2424715,3391323
380,2424715,3391323
381,2424715,3391323
382,2424715,3391323
383,2424715,3381083
384,2424715,3381083
385,2424715,3381083
386,2424715,3381083
387,2424715,3381083
388,2424715,3414808
389,2424715,3414808
390,2424715,3414808
391,2424715,3414808
392,2424715,3414808
393,2424715,3032580
394,2424715,3032580
395,2424715,3032580
396,2424715,3032580
397,2424715,3032580
398,2424715,3014744
399,2424715,3014744
400,2424715,3022781
401,2424715,3022781
402,2424715,3386144
403,2424715,3364028
404,2424715,3357607
405,2424715,3378743
406,2424715,3378743
407,2424715,3378743
408,2424715,3378743
409,2424715,3347957
410,2424715,3347957
411,2424715,3347957
412,2424715,3347957
413,2424715,3356950
414,2424715,3356950
415,2424715,3356950
416,2424715,3334834
417,2424715,3334834
418,2424715,3334834
419,2424715,2867061
420,2424715,2836515
421,2424715,2832458
422,2424715,2832458
423,2424715,2876367
424,2424715,2876367
425,2424715,2836808
426,2424715,2836808
427,2424715,2801712
428,2424715,2805768
429,2424715,2880925
430,2424715,2880925
431,2424715,2536340
432,2424715,2536340
433,2424715,2536340
434,2424715,2557859
435,2424715,2536339
436,2424715,2536339
437,2424715,2575899
438,2424715,2575899
439,2424715,2575899
440,2424715,2721297
441,2424715,2702519
442,2424715,2702519
443,2424715,2636882
444,2424715,2528257
445,2424715,2528257
446,2424715,2582857
447,2424715,2965084
448,2424715,2965084
449,2424715,2965084
450,2424715,2928311
451,2424715,2958711
452,2424715,2913379
453,2424715,2963194
454,2424715,2963194
455,2424715,2984714
456,2424715,2984714
457,2424715,2984714
458,2424715,2953677
459,2424715,2953677
460,2424715,2953677
461,2424715,2989411
462,2424715,2989411
463,2424715,2989411
464,2424715,2989411
465,2424715,2989411
466,2424715,2989411
467,2424715,2989411
468,2424715,2989411
469,2424715,2989411
470,2424715,2607183
471,2424715,2607183
472,2424715,2607183
473,2424715,2607183
474,2424715,2607183
475,2424715,2607183
476,2424715,2607183
477,2424715,2607183
478,2424715,2607183
479,2424715,2607183
480,2424715,2551061
481,2424715,2567827
482,2424715,2567827
483,2424715,2567827
484,2424715,2567827
485,2424715,2567827
486,2424715,2567827
487,2424715,2567827
488,2424715,2554106
489,2424715,2554106
490,2424715,2563905
491,2424715,2563905
492,2424715,2563905
493,2424715,2564862
494,2424715,2564862
495,2424715,2947089
496,2424715,2956938
497,2424715,2956938
498,2424715,2938160
499,2424715,2938160
500,2424715,2938160
501,2424715,2938160
502,2424715,2925315
503,2424715,3022063
504,2424715,3022063
505,2424715,3452073
506,2424715,3345476
507,2424715,3345476
508,2424715,3345476
509,2424715,2915466
510,2424715,2915466
511,2424715,2929132
512,2424715,2954362
513,2424715,2954362
514,2424715,2973140
515,2424715,2973140
516,2424715,2973140
517,2424715,2973140
518,2424715,2947089
519,2424715,2947089
520,2424715,2928311
521,2424715,2944122
522,2424715,2944122
523,2424715,2925541
524,2424715,2925541
525,2424715,2961714
526,2424715,2961714
527,2424715,2902869
528,2424715,2928391
529,2424715,2932740
530,2424715,3022871
531,2424715,3022871
532,2424715,2980828
533,2424715,2928312
534,2424715,2944123
535,2424715,2962901
536,2424715,2962901
537,2424715,2962901
538,2424715,2944123
539,2424715,2944123
540,2424715,2944123
541,2424715,2944123
542,2424715,3352945
543,2424715,3459241
544,2424715,3446396
545,2424715,3499064
546,2424715,3548599
547,2424715,3721036
548,2424715,3644008
549,2424715,3644008
550,2424715,3578575
551,2424715,3541981
552,2424715,3032493
553,2424715,2960644
554,2424715,2960644
555,2424715,2909688
556,2424715,2900035
557,2424715,2900035
558,2424715,2826014
559,2424715,2826014
560,2424715,2826014
561,2424715,2854445
562,2424715,2826014
563,2424715,2826014
564,2424715,2855148
565,2424715,2855148
566,2424715,2855148
567,2424715,2855148
568,2424715,2855148
569,2424715,2855148
570,2424715,2855148
571,2424715,3071024
572,2424715,3003657
573,2424715,3003657
574,2424715,2955693
575,2424715,2955693
576,2424715,2955693
577,2424715,2936915
578,2424715,2936915
579,2424715,2936915
580,2424715,2936915
581,2424715,2936915
582,2424715,2936915
583,2424715,2466831
584,2424715,2466831
585,2424715,2499745
586,2424715,2499745
587,2424715,2499745
588,2424715,2499745
589,2424715,2499745
590,2424715,2499745
591,2424715,2499745
592,2424715,2475358
593,2424715,2475358
594,2424715,2444812
595,2424715,2444812
596,2424715,2473748
597,2424715,2443202
598,2424715,2476554
599,2424715,2476554
600,2424715,2465852
601,2424715,2465852
602,2424715,2435306
603,2424715,2435306
604,2424715,2441248
605,2410702,2410702
606,2410702,2410702
607,2410702,2518222
608,2410702,2487436
609,2410702,2506214
610,2410702,2506214
611,2410702,2463590
612,2410702,2449392
613,2410702,2430614
614,2410702,2539385
615,2410702,2539385
616,2410702,2473748
617,2410702,2439145
618,2410702,2539385
619,2410702,2504782
620,2410702,2504782
621,2410702,2430614
622,2410702,2436262
623,2410702,2436262
624,2410702,2436262
625,2410702,2539385
626,2410702,2504782
627,2410702,2504782
628,2410702,2483619
629,2410702,2954659
630,2410702,2853725
631,2410702,2853725
632,2410702,2887371
633,2410702,2853725
634,2410702,2853725
635,2410702,2825587
636,2410702,2825587
637,2410702,2859233
638,2410702,2859233
639,2410702,2833093
640,2410702,2833093
641,2410702,2798491
642,2410702,2798491
643,2410702,2833094
644,2410702,2806944
645,2410702,2772341
646,2410702,2772341
647,2410702,2772341
648,2410702,2772341
649,2410702,2772341
650,2410702,2772341
651,2410702,2773297
652,2410702,2806943
653,2410702,2772341
654,2410702,2772341
655,2410702,2772341
656,2410702,2772341
657,2410702,2788419
658,2410702,2961412
659,2410702,2798491
660,2410702,3194131
661,2410702,3194131
662,2410702,3204235
663,2410702,3402220
664,2410702,3402220
665,2410702,3402220
666,2410702,3395450
667,2410702,3395450
668,2410702,3376672
669,2410702,3395450
670,2410702,3376672
671,2410702,3376672
672,2410702,3376672
673,2410702,3376672
674,2410702,3376672
675,2410702,3376672
676,2410702,3376672
677,2410702,3468648
678,2410702,3468648
679,2410702,3077835
680,2410702,3077835
681,2410702,3077835
682,2410702,3077835
683,2410702,3077835
684,2410702,3077835
685,2410702,3077835
686,2410702,3082184
687,2410702,3082184
688,2410702,3082184
689,2410702,3050924
690,2410702,3050924
691,2410702,3050924
692,2410702,3050924
693,2410702,3050924
694,2410702,3197121
695,2410702,3197121
696,2410702,3083678
697,2410702,2911241
698,2410702,2911241
699,2410702,2884776
700,2410702,3115957
701,2410702,3082916
702,2410702,3082916
703,2410702,3082916
704,2410702,3042790
705,2410702,3075831
706,2410702,3075831
707,2410702,3075831
708,2410702,3075831
709,2410702,3013278
710,2410702,3041011
711,2410702,3041011
712,2410702,3041011
713,2410702,3041011
714,2410702,3041011
715,2410702,3041011
716,2410702,3041011
717,2410702,3041011
718,2410702,3041011
719,2410702,3007303
720,2410702,3007303
721,2410702,3000833
722,2410702,3000833
723,2410702,3000413
724,2410702,3000413
725,2410702,3000413
726,2410702,3000413
727,2410702,3000413
728,2410702,3012475
729,2410702,3012475
730,2410702,3012475
731,2410702,3012474
732,2410702,3000412
733,2410702,2975509
734,2410702,2975509
735,2410702,2975509
736,2410702,2975509
737,2410702,2975509
738,2410702,2831244
739,2410702,2831245
740,2410702,2831245
741,2410702,2865847
742,2410702,2831245
743,2410702,2831245
744,2410702,2831245
745,2410702,2831245
746,2410702,2865847
747,2410702,2865848
748,2410702,2865848
749,2410702,2483620
750,2410702,2483620
751,2410702,2543791
752,2410702,2543791
753,2410702,2543791
754,2410702,2543791
755,2410702,2543791
756,2410702,2543791
757,2410702,2543791
758,2410702,2543791
759,2410702,2543790
760,2410702,2543790
761,2410702,2543790
762,2410702,2543790
763,2410702,2543790
764,2410702,2543790
765,2410702,2543790
766,2410702,2543790
767,2410702,2543790
768,2410702,2543790
769,2410702,2543790
770,2410702,2543790
771,2410702,2543790
772,2410702,2543790
773,2410702,2543790
774,2410702,2543790
775,2410702,2543791
776,2410702,2543791
777,2410702,2543791
778,2410702,2543791
779,2410702,2543791
780,2410702,2543791
781,2410702,2519523
782,2410702,2519523
783,2410702,2519523
784,2410702,2501341
785,2410702,2501341
786,2410702,2491233
787,2410702,2491233
788,2410702,2491233
789,2410702,2491233
790,2410702,2491233
791,2410702,2491233
792,2410702,2491233
793,2410702,2491233
794,2410702,2491233
795,2410702,2491233
796,2410702,2491233
797,2410702,2491233
798,2410702,2491233
799,2410702,2491233
800,2410702,2491233
801,2410702,2491233
802,2410702,2491233
803,2410702,2491233
804,2410702,2491233
805,2410702,2491233
806,2410702,2491233
807,2410702,2453403
808,2410702,2453403
809,2410702,2453403
810,2410702,2453403
811,2410702,2453403
812,2410702,2453403
813,2410702,2453403
814,2410702,2453403
815,2410702,2453403
816,2410702,2453403
817,2410702,2453403
818,2410702,2453403
819,2410702,2453403
820,2410702,2453403
821,2410702,2453403
822,2410702,2756364
823,2410702,2756364
824,2410702,2756364
825,2410702,2756364
826,2410702,2756364
827,2410702,2756364
828,2410702,2756364
829,2410702,2756364
830,2410702,2756364
831,2410702,2756364
832,2410702,2756364
833,2410702,2756364
834,2410702,2756364
835,2410702,2756364
836,2410702,2901762
837,2410702,2901762
838,2410702,2901762
839,2410702,2901762
840,2410702,2901762
841,2410702,2901762
842,2410702,2901762
843,2410702,2901762
844,2410702,2901762
845,2410702,2901762
846,2410702,2901762
847,2410702,2901762
848,2410702,2901762
849,2410702,2901762
850,2410702,2756364
851,2410702,2835835
852,2410702,2835835
853,2410702,2877376
854,2410702,2877376
855,2410702,2756364
856,2410702,2756364
857,2410702,2756364
858,2410702,2756364
859,2410702,2756364
860,2410702,2756364
861,2410702,2756364
862,2410702,2756364
863,2410702,2756364
864,2410702,2756364
865,2410702,2756364
866,2410702,2756364
867,2410702,2756364
868,2410702,2756364
869,2410702,2756364
870,2410702,2756364
871,2410702,2756364
872,2410702,2756364
873,2410702,2756364
874,2410702,2756364
875,2410702,2756364
876,2410702,2756364
877,2410702,2756364
878,2410702,2756364
879,2410702,2756364
880,2410702,2756364
881,2410702,2756364
882,2410702,2773128
883,2410702,2773128
884,2410702,2773128
885,2410702,2773128
886,2410702,2773128
887,2410702,2773128
888,2410702,2773128
889,2410702,2773128
890,2410702,2773128
891,2410702,2773128
892,2410702,2470167
893,2410702,2470167
894,2410702,2470167
895,2410702,2470167
896,2410702,2470167
897,2410702,2470167
898,2410702,2470167
899,2410702,2470167
900,2410702,2470167
901,2410702,2773128
902,2410702,2773128
903,2410702,2773128
904,2410702,2773128
905,2410702,2773128
906,2410702,2773128
907,2410702,2877376
908,2410702,2756364
909,2410702,2756364
910,2410702,2756364
911,2410702,2756364
912,2410702,2756364
913,2410702,2756364
914,2410702,2756364
915,2410702,2756364
916,2410702,2756364
917,2410702,2756364
918,2410702,2756364
919,2410702,2756364
920,2410702,2756364
921,2410702,2756364
922,2410702,2756364
923,2410702,2756364
924,2410702,2756364
925,2410702,2756364
926,2410702,2756364
927,2410702,2756364
928,2410702,2756364
929,2410702,2756364
930,2410702,2756364
931,2410702,2756364
932,2410702,2756364
933,2410702,2756364
934,2410702,2756364
935,2410702,2756364
936,2410702,2756364
937,2410702,2756364
938,2410702,2756364
939,2410702,2756364
940,2410702,2756364
941,2410702,2756364
942,2410702,2756364
943,2410702,2756364
944,2410702,2756364
945,2410702,2756364
946,2410702,2756364
947,2410702,2756364
948,2410702,2453403
949,2410702,2453403
950,2410702,2453403
951,2410702,2453403
952,2410702,2453403
953,2410702,2453403
954,2410702,2453403
955,2410702,2453403
956,2410702,2453403
957,2410702,2453403
958,2410702,2453403
959,2410702,2453403
960,2410702,2453403
961,2410702,2453403
962,2410702,2453403
963,2410702,2453403
964,2410702,2453403
965,2410702,2453403
966,2410702,2453403
967,2410702,2453403
968,2410702,2453403
969,2410702,2453403
970,2410702,2453403
971,2410702,2453403
972,2410702,2453403
973,2410702,2453403
974,2410702,2453403
975,2410702,2453403
976,2410702,2453403
977,2410702,2453403
978,2410702,2453403
979,2410702,2453403
980,2410702,2453403
981,2410702,2453403
982,2410702,2453403
983,2410702,2453403
984,2410702,2453403
985,2410702,2453403
986,2410702,2453403
987,2410702,2453403
988,2410702,2453403
989,2410702,2453403
990,2410702,2453403
991,2410702,2453403
992,2410702,2453403
993,2410702,2453403
994,2410702,2453403
995,2410702,2453403
996,2410702,2453403
997,2410702,2453403
998,2410702,2453403
999,2410702,2453403
1000,2410702,2453403
1001,2410702,2453403
1002,2410702,2453403
1003,2410702,2453403
1004,2410702,2453403
1005,2410702,2453403
1006,2410702,2453403
1007,2410702,2453403
1008,2410702,2453403
1009,2410702,2453403
1010,2410702,2453403
1011,2410702,2453403
1012,2410702,2453403
1013,2410702,2453403
1014,2410702,2453403
1015,2410702,2453403
1016,2410702,2453403
1017,2410702,2453403
1018,2410702,2453403
1019,2410702,2453403
1020,2410702,2453403
1021,2410702,2453403
1022,2410702,2453403
1023,2410702,2453403
1024,2410702,2453403
1025,2410702,2453403
1026,2410702,2453403
1027,2410702,2453403
1028,2410702,2453403
1029,2410702,2453403
1030,2410702,2453403
1031,2410702,2453403
1032,2410702,2453403
1033,2410702,2453403
1034,2410702,2453403
1035,2410702,2453403
1036,2410702,2453403
1037,2410702,2453403
1038,2410702,2453403
1039,2410702,2453403
1040,2410702,2453403
1041,2410702,2453403
1042,2410702,2453403
1043,2410702,2453403
1044,2410702,2453403
1045,2410702,2453403
1046,2410702,2453403
1047,2410702,2756364
1048,2410702,2756364
1049,2410702,2756364
1050,2410702,2756364
1051,2410702,2756364
1052,2410702,2756364
1053,2410702,2756364
1054,2410702,2756364
1055,2410702,2756364
1056,2410702,2756364
1057,2410702,2756364
1058,2410702,2756364
1059,2410702,2756364
1060,2410702,2756364
1061,2410702,2756364
1062,2410702,2756364
1063,2410702,2756364
1064,2410702,2756364
1065,2410702,2756364
1066,2410702,2756364
1067,2410702,2756364
1068,2410702,2756364
1069,2410702,2756364
1070,2410702,2756364
1071,2410702,2756364
1072,2410702,2756364
1073,2410702,2756364
1074,2410702,2756364
1075,2410702,2756364
1076,2410702,2756364
1077,2410702,2756364
1078,2410702,2756364
1079,2410702,2756364
1080,2410702,2756364
1081,2410702,2756364
1082,2410702,2756364
1083,2410702,2756364
1084,2410702,2756364
1085,2410702,2756364
1086,2410702,2756364
1087,2410702,2756364
1088,2410702,2756364
1089,2410702,2756364
1090,2410702,2756364
1091,2410702,2756364
1092,2410702,2756364
1093,2410702,2818929
1094,2410702,2818929
1095,2410702,2818929
1096,2410702,2818929
1097,2410702,2818929
1098,2410702,2818929
1099,2410702,2818929
1100,2410702,2818929
1101,2410702,2818929
1102,2410702,2515968
1103,2410702,2515968
1104,2410702,2515968
1105,2410702,2881013
1106,2410702,3002025
1107,2410702,3002025
1108,2410702,3275063
1109,2410702,3275063
1110,2410702,3755762
1111,2410702,3789060
1112,2410702,3789060
1113,2410702,3726495
1114,2410702,3500043
1115,2410702,3583082
1116,2410702,3583082
1117,2410702,3280397
1118,2410702,3841826
1119,2410702,3007358
1120,2410702,2856641
1121,2410702,2856641
1122,2410702,3320716
1123,2410702,3356819
1124,2410702,3399968
1125,2410702,3399968
1126,2410702,3208931
1127,2410702,3203401
1128,2410702,3663318
1129,2410702,3663318
1130,2410702,3203401
1131,2410702,3203401
1132,2410702,3203401
1133,2410702,3203401
1134,2410702,3506362
1135,2410702,3506362
1136,2410702,3912217
1137,2410702,3912217
1138,2410702,3694305
1139,2410702,3882934
1140,2410702,4140042
1141,2410702,4508613
1142,2410702,4508613
1143,2410702,4489342
1144,2410702,4706063
1145,2410702,4162652
1146,2410702,3910725
1147,2410702,3578449
1148,2410702,3809956
1149,2410702,3776658
1150,2410702,3529247
1151,2410702,3755419
1152,2410702,3755419
1153,2410702,3755419
1154,2410702,3399333
1155,2410702,3399333
1156,2410702,3983066
1157,2410702,3477250
1158,2410702,3477250
1159,2410702,3598540
1160,2410702,3627604
1161,2410702,3159831
1162,2410702,3507549
1163,2410702,3903521
1164,2410702,3311102
1165,2410702,3190090
1166,2410702,3463128
1167,2410702,3962508
1168,2410702,3962508
1169,2410702,3463128
1170,2410702,2995854
1171,2410702,2740102
1172,2410702,2807465
1173,2410702,2807465
1174,2410702,3519137
1175,2410702,3641971
1176,2410702,3641972
1177,2410702,3617299
1178,2410702,3974266
1179,2410702,3899844
1180,2410702,4483577
1181,2410702,4513411
1182,2410702,5249720
1183,2410702,5249720
1184,2410702,5027938
1185,2410702,4733988
1186,2410702,5168702
1187,2410702,4801235
1188,2410702,5007789
1189,2410702,3994536
1190,2410702,3772480
1191,2410702,4009593
1192,2410702,3748983
1193,2410702,3245743
1194,2410702,3171639
1195,2410702,2904415
1196,2410702,2904937
1197,2410702,2904937
1198,2410702,3001480
1199,2410702,3001480
1200,2410702,3237943
1201,2410702,3640780
1202,2410702,3443929
1203,2410702,3207466
1204,2410702,3207466
1205,2410702,3572511
1206,2410702,3769362
1207,2410702,3552524
1208,2410702,3552524
1209,2410702,3546009
1210,2410702,2887651
1211,2410702,2690800
1212,2410702,3190180
1213,2410702,2690800
1214,2410702,2690800
1215,2410702,3183686
1216,2410702,2690800
1217,2410702,2690800
1218,2410702,2887651
1219,2410702,3048979
1220,2410702,2851844
1221,2410702,2851844
1222,2410702,3073771
1223,2410702,3351236
1224,2410702,3093646
1225,2410702,3104735
1226,2410702,2908504
1227,2410702,2908504
1228,2410702,2908504
1229,2410702,2879691
1230,2410702,2879691
1231,2410702,2879637
1232,2410702,2879637
1233,2410702,3244682
1234,2410702,3247670
1235,2410702,3247670
1236,2410702,3247670
1237,2410702,2931259
1238,2410702,2931259
1239,2410702,2931259
1240,2410702,2931259
1241,2410702,2931259
1242,2410702,2915893
1243,2410702,2915893
1244,2410702,2915893
1245,2410702,3259048
1246,2410702,2915893
1247,2410702,2915893
1248,2410702,3167493
1249,2410702,3265782
1250,2410702,2909091
1251,2410702,3132277
1252,2410702,3132277
1253,2410702,3132277
1254,2410702,3132277
1255,2410702,3132277
1256,2410702,3226805
1257,2410702,3657035
1258,2410702,3192960
1259,2410702,2866502
1260,2410702,3078173
1261,2410702,2916217
1262,2410702,3145273
1263,2410702,3145273
1264,2410702,2933602
1265,2410702,2704546
1266,2410702,2704546
1267,2410702,2704546
1268,2410702,2704546
1269,2410702,3172319
1270,2410702,2704546
1271,2410702,2704546
1272,2410702,2941009
1273,2410702,2704546
1274,2410702,2704546
1275,2410702,3171820
1276,2410702,3171820
1277,2410702,3171820
1278,2410702,3408283
1279,2410702,3711214
1280,2410702,3711214
1281,2410702,3959048
1282,2410702,4238460
1283,2410702,4049831
1284,2410702,4120568
1285,2410702,4061699
1286,2410702,3816051
1287,2410702,3920322
1288,2410702,3940795
1289,2410702,3933194
1290,2410702,3576503
1291,2410702,3152813
1292,2410702,3152813
1293,2410702,3152813
1294,2410702,3152813
1295,2410702,3152813
1296,2410702,2688738
1297,2410702,2688738
1298,2410702,2900409
1299,2410702,2445528
1300,2410702,2445528
1301,2410702,2482738
1302,2410702,2458081
1303,2410702,2455059
1304,2410702,2463754
1305,2410702,2608019
1306,2410702,2725741
1307,2410702,2738440
1308,2410702,3103698
1309,2410702,3573675
1310,2410702,3103698
1311,2410702,3103698
1312,2410702,3103698
1313,2410702,2738440
1314,2410702,3321903
1315,2410702,3059916
1316,2410702,2476453
1317,2410702,2476453
1318,2410702,2530387
1319,2410702,2648705
1320,2410702,2509224
1321,2410702,2509224
1322,2410702,2509224
1323,2410702,2598405
1324,2410702,2598405
1325,2410702,3179214
1326,2410702,3147607
1327,2410702,3450568
1328,2410702,3389580
1329,2410702,3415276
1330,2410702,3974748
1331,2410702,3583935
1332,2410702,3386800
1333,2410702,3124813
1334,2410702,3815493
1335,2410702,3079184
1336,2410702,2807189
1337,2410702,2807189
1338,2410702,2788411
1339,2410702,2810527
1340,2410702,3263615
1341,2410702,3263615
1342,2410702,2795191
1343,2410702,2795191
1344,2410702,2589206
1345,2410702,2481693
1346,2410702,2481693
1347,2410702,2917298
1348,2410702,2948431
1349,2410702,2474822
1350,2410702,2469425
1351,2410702,2469425
1352,2410702,3063875
1353,2410702,3033702
1354,2410702,2952881
1355,2410702,3459491
1356,2410702,3459491
1357,2410702,3459491
1358,2410702,3459491
1359,2410702,3580503
1360,2410702,3071905
1361,2410702,3583018
1362,2410702,3563215
1363,2410702,3117184
1364,2410702,3117184
1365,2410702,3032990
1366,2410702,3037903
1367,2410702,3395904
1368,2410702,3461271
1369,2410702,3461271
1370,2410702,3003151
1371,2410702,3003151
1372,2410702,3003151
1373,2410702,3003151
1374,2410702,3564079
1375,2410702,3003151
1376,2410702,3003151
1377,2410702,2999242
1378,2410702,3228298
1379,2410702,3228298
1380,2410702,3228298
1381,2410702,3228298
1382,2410702,3228298
1383,2410702,3228298
1384,2410702,3228298
1385,2410702,2999242
1386,2410702,2980464
1387,2410702,2980464
1388,2410702,3059599
1389,2410702,3059599
1390,2410702,3059599
1391,2410702,3050206
1392,2410702,3050206
1393,2410702,3085587
1394,2410702,3085587
1395,2410702,3003151
1396,2410702,3004107
1397,2410702,3004107
1398,2410702,3039301
1399,2410702,3039301
1400,2410702,3468182
1401,2410702,3613581
1402,2410702,3969900
1403,2410702,3904533
1404,2410702,3904533
1405,2410702,3915904
1406,2410702,3998340
1407,2410702,3744647
1408,2410702,3744647
1409,2410702,3198135
1410,2410702,3827910
1411,2410702,4256045
1412,2410702,4766446
1413,2410702,4760726
1414,2410702,4722993
1415,2410702,5077114
1416,2410702,4539378
1417,2410702,4202091
1418,2410702,4236693
1419,2410702,4115331
1420,2410702,4115331
1421,2410702,3413119
1422,2410702,3347396
1423,2410702,3081897
1424,2410702,3081898
1425,2410702,3081898
1426,2410702,3081897
1427,2410702,3143437
1428,2410702,3143437
1429,2410702,3147254
1430,2410702,3516093
1431,2410702,3516093
1432,2410702,3694377
1433,2410702,3694377
1434,2410702,3840234
1435,2410702,3753013
1436,2410702,3799272
1437,2410702,3840234
1438,2410702,3379775
1439,2410702,3616238
1440,2410702,3896095
1441,2410702,3896095
1442,2410702,3896095
1443,2410702,3896095
1444,2410702,3751830
1445,2410702,3697717
1446,2410702,3697717
1447,2410702,3307985
1448,2410702,3307772
1449,2410702,3335910
1450,2410702,3295642
1451,2410702,3116240
1452,2410702,3116240
1453,2410702,3116240
1454,2410702,3116240
1455,2410702,3108700
1456,2410702,3108700
1457,2410702,3284056
1458,2410702,3344830
1459,2410702,3344830
1460,2410702,3647791
1461,2410702,3886434
1462,2410702,3886434
1463,2410702,3651050
1464,2410702,3389063
1465,2410702,3389063
1466,2410702,3856993
1467,2410702,3389063
1468,2410702,3119314
1469,2410702,3606722
1470,2410702,3606722
1471,2410702,3868709
1472,2410702,3381301
1473,2410702,3381301
1474,2410702,3416365
1475,2410702,4171452
1476,2410702,4133099
1477,2410702,4133099
1478,2410702,3325259
1479,2410702,3812667
1480,2410702,3812667
1481,2410702,3892302
1482,2410702,4037700
1483,2410702,4030620
1484,2410702,3950985
1485,2410702,3950985
1486,2410702,3950500
1487,2410702,3903037
1488,2410702,4345223
1489,2410702,3875866
1490,2410702,4206597
1491,2410702,3650031
1492,2410702,3650031
1493,2410702,3650987
1494,2410702,3935993
1495,2410702,4402291
1496,2410702,4189516
1497,2410702,4218220
1498,2410702,3887489
1499,2410702,3454453
1500,2410702,3683509
1501,2410702,3640786
1502,2410702,3544445
1503,2410702,3884844
1504,2410702,3418546
1505,2410702,3749277
1506,2410702,4248657
1507,2410702,4248657
1508,2410702,3970479
1509,2410702,3471099
1510,2410702,3499843
1511,2410702,3999223
1512,2410702,3999223
1513,2410702,3692223
1514,2410702,3692223
1515,2410702,4447912
1516,2410702,4455611
1517,2410702,3956231
1518,2410702,4037996
1519,2410702,4037996
1520,2410702,4037996
1521,2410702,4218218
1522,2410702,4312901
1523,2410702,4170453
1524,2410702,4170453
1525,2410702,4406916
1526,2410702,4873214
1527,2410702,4738800
1528,2410702,4671057
1529,2410702,4671057
1530,2410702,4942247
1531,2410702,4660007
1532,2410702,4660007
1533,2410702,4660007
1534,2410702,3923698
1535,2410702,3923698
1536,2410702,3923698
1537,2410702,3671771
1538,2410702,3494318
1539,2410702,3705989
1540,2410702,3638274
1541,2410702,3174199
1542,2410702,2756543
1543,2410702,2756543
1544,2410702,2611145
1545,2410702,2611145
1546,2410702,2611145
1547,2410702,2883140
1548,2410702,2633831
1549,2410702,3523473
1550,2410702,3826434
1551,2410702,3826434
1552,2410702,4410167
1553,2410702,4387481
1554,2410702,5051779
1555,2410702,5544044
1556,2410702,4403787
1557,2410702,4403787
1558,2410702,4403787
1559,2410702,3943870
1560,2410702,3522555
1561,2410702,3031756
1562,2410702,3031756
1563,2410702,3031756
1564,2410702,2955878
1565,2410702,2907914
1566,2410702,3405381
1567,2410702,3053312
1568,2410702,2889136
1569,2410702,2889136
1570,2410702,2876656
1571,2410702,2876656
1572,2410702,2876656
1573,2410702,2876656
1574,2410702,3148651
1575,2410702,3148651
1576,2410702,3377707
1577,2410702,3105712
1578,2410702,3105712
1579,2410702,3008121
1580,2410702,2779065
1581,2410702,3008121
1582,2410702,3008121
1583,2410702,3008121
1584,2410702,3008121
1585,2410702,2772652
1586,2410702,3240799
1587,2410702,2727998
1588,2410702,2727998
1589,2410702,2727998
1590,2410702,2727998
1591,2410702,2920744
1592,2410702,2723649
1593,2410702,2723649
1594,2410702,2723649
1595,2410702,2723649
1596,2410702,3215406
1597,2410702,3293194
1598,2410702,2779321
1599,2410702,2802007
1600,2410702,2802007
1601,2410702,2798487
1602,2410702,2820603
1603,2410702,3353742
1604,2410702,2963659
1605,2410702,2963659
1606,2410702,2913456
1607,2410702,2913457
1608,2410702,3320647
1609,2410702,3341132
1610,2410702,3334413
1611,2410702,3334413
1612,2410702,3466045
1613,2410702,3587335
1614,2410702,3180145
1615,2410702,2975816
1616,2410702,2976794
1617,2410702,2976794
1618,2410702,3208929
1619,2410702,3386305
1620,2410702,3603598
1621,2410702,3440972
1622,2410702,3440972
1623,2410702,3506931
1624,2410702,3506931
1625,2410702,3070497
1626,2410702,3008104
1627,2410702,2862706
1628,2410702,3420282
1629,2410702,4087882
1630,2410702,4431381
1631,2410702,4431381
1632,2410702,4075295
1633,2410702,4058764
1634,2410702,4058764
1635,2410702,3279462
1636,2410702,3540356
1637,2410702,3540356
1638,2410702,3279462
1639,2410702,3279462
1640,2410702,2912800
1641,2410702,2811499
1642,2410702,3047962
1643,2410702,2752595
1644,2410702,3336328
1645,2410702,3336328
1646,2410702,3494695
1647,2410702,3494695
1648,2410702,3828477
1649,2410702,3868036
1650,2410702,4332111
1651,2410702,4528342
1652,2410702,4528342
1653,2410702,4695786
1654,2410702,4521430
1655,2410702,4461418
1656,2410702,4105236
1657,2410702,3793786
1658,2410702,3649865
1659,2410702,3649865
1660,2410702,3795920
1661,2410702,4182920
1662,2410702,3718845
1663,2410702,3656486
1664,2410702,3656486
1665,2410702,3656486
1666,2410702,3581893
1667,2410702,3656486
1668,2410702,3717164
1669,2410702,3642571
1670,2410702,3532713
1671,2410702,3003705
1672,2410702,3015767
1673,2410702,3003705
1674,2410702,3189169
1675,2410702,3653244
1676,2410702,3653244
1677,2410702,3664050
1678,2410702,3199975
1679,2410702,3185545
1680,2410702,3175193
1681,2410702,3162718
1682,2410702,3162718
1683,2410702,3504843
1684,2410702,3504843
1685,2410702,3444494
1686,2410702,3954030
1687,2410702,4126377
1688,2410702,4126377
1689,2410702,3619767
1690,2410702,3614465
1691,2410702,4060975
1692,2410702,4101627
1693,2410702,3276218
1694,2410702,3276218
1695,2410702,3130820
1696,2410702,3158958
1697,2410702,3595325
1698,2410702,3585039
1699,2410702,3207983
1700,2410702,3191259
1701,2410702,3513022
1702,2410702,3876385
1703,2410702,4245928
1704,2410702,3901343
1705,2410702,4349839
1706,2410702,4349839
1707,2410702,4016057
1708,2410702,3432324
1709,2410702,2965050
1710,2410702,3474538
1711,2410702,3474538
1712,2410702,4058271
1713,2410702,4058271
1714,2410702,4058271
1715,2410702,4057563
1716,2410702,4057563
1717,2410702,3473830
1718,2410702,3710293
1719,2410702,3710293
1720,2410702,3530891
1721,2410702,3530289
1722,2410702,3529828
1723,2410702,3874853
1724,2410702,3957328
1725,2410702,3957328
1726,2410702,3957328
1727,2410702,3948101
1728,2410702,3948101
1729,2410702,3878559
1730,2410702,3878559
1731,2410702,3904709
1732,2410702,3904709
1733,2410702,3402620
1734,2410702,3418698
1735,2410702,3418698
1736,2410702,3418698
1737,2410702,3982481
1738,2410702,3982481
1739,2410702,3922113
1740,2410702,3533589
1741,2410702,3120056
1742,2410702,2589362
1743,2410702,2589362
1744,2410702,2632427
1745,2410702,2632427
1746,2410702,2742929
1747,2410702,2742929
1748,2410702,3105551
1749,2410702,3106657
1750,2410702,3103266
1751,2410702,3103266
1752,2410702,2710142
1753,2410702,3073505
1754,2410702,3650754
1755,2410702,3525172
1756,2410702,3318048
1757,2410702,3318048
1758,2410702,3318048
1759,2410702,3311507
1760,2410702,3383092
1761,2410702,3194187
1762,2410702,3194187
1763,2410702,3194187
1764,2410702,3171054
1765,2410702,3033710
1766,2410702,2770406
1767,2410702,2914671
1768,2410702,2914671
1769,2410702,3009327
1770,2410702,3009327
1771,2410702,3330437
1772,2410702,3330437
1773,2410702,3330437
1774,2410702,3306133
1775,2410702,3271008
1776,2410702,2881808
1777,2410702,2881808
1778,2410702,3153803
1779,2410702,2760230
1780,2410702,2822687
1781,2410702,3346291
1782,2410702,3541818
1783,2410702,3354952
1784,2410702,3565230
1785,2410702,4028148
1786,2410702,3522360
1787,2410702,3589780
1788,2410702,3630654
1789,2410702,3401598
1790,2410702,3459295
1791,2410702,3459295
1792,2410702,3459295
1793,2410702,3688351
1794,2410702,3674219
1795,2410702,4068135
1796,2410702,4147983
1797,2410702,3730690
1798,2410702,3703900
1799,2410702,3551923
1800,2410702,3551923
1801,2410702,3339794
1802,2410702,3339794
1803,2410702,3848537
1804,2410702,3848537
1805,2410702,3875326
1806,2410702,4408417
1807,2410702,4408417
1808,2410702,4346058
1809,2410702,4407800
1810,2410702,4321023
1811,2410702,4321023
1812,2410702,4516550
1813,2410702,4861135
1814,2410702,4278195
1815,2410702,4736644
1816,2410702,5135364
1817,2410702,4804846
1818,2410702,4803616
1819,2410702,4294128
1820,2410702,3824679
1821,2410702,3810612
1822,2410702,3810612
1823,2410702,3318855
1824,2410702,3318855
1825,2410702,3341629
1826,2410702,3853953
1827,2410702,4346740
1828,2410702,4712009
1829,2410702,4215207
1830,2410702,3793592
1831,2410702,3805576
1832,2410702,3403964
1833,2410702,3314969
1834,2410702,3314969
1835,2410702,3234811
1836,2410702,3234811
1837,2410702,3250622
1838,2410702,3250622
1839,2410702,3250622
1840,2410702,3237777
1841,2410702,3237777
1842,2410702,3992864
1843,2410702,4366786
1844,2410702,4526202
1845,2410702,4344798
1846,2410702,4001643
1847,2410702,3611910
1848,2410702,3987136
1849,2410702,3963683
1850,2410702,3963683
1851,2410702,3963683
1852,2410702,3996876
1853,2410702,3691503
1854,2410702,3691502
1855,2410702,3691502
1856,2410702,3590208
1857,2410702,3975078
1858,2410702,3399488
1859,2410702,3450892
1860,2410702,3435406
1861,2410702,3435406
1862,2410702,3470470
1863,2410702,3142899
1864,2410702,3138550
1865,2410702,3468241
1866,2410702,3096606
1867,2410702,3377909
1868,2410702,3377909
1869,2410702,3377909
1870,2410702,2969425
1871,2410702,2969425
1872,2410702,3002466
1873,2410702,3275504
1874,2410702,3241507
1875,2410702,3002466
1876,2410702,3384463
1877,2410702,3384463
1878,2410702,3384463
1879,2410702,2968469
1880,2410702,2958915
1881,2410702,2958915
1882,2410702,2958915
1883,2410702,2880847
1884,2410702,2794670
1885,2410702,2794670
1886,2410702,2794670
1887,2410702,2786059
1888,2410702,2816845
1889,2410702,2786059
1890,2410702,2786059
1891,2410702,2786059
1892,2410702,3286929
1893,2410702,2807222
1894,2410702,3185383
1895,2410702,2721308
1896,2410702,2721308
1897,2410702,3574541
1898,2410702,3719939
1899,2410702,3719939
1900,2410702,3981926
1901,2410702,4126277
1902,2410702,3980879
1903,2410702,4490367
1904,2410702,4425508
1905,2410702,4807735
1906,2410702,4687605
1907,2410702,4650780
1908,2410702,3896641
1909,2410702,3896641
1910,2410702,3896641
1911,2410702,3896641
1912,2410702,3855838
1913,2410702,3899277
1914,2410702,4335002
1915,2410702,3245296
1916,2410702,3245296
1917,2410702,3408809
1918,2410702,3408809
1919,2410702,3876042
1920,2410702,4101370
1921,2410702,4464733
1922,2410702,3558039
1923,2410702,3739443
1924,2410702,3739443
1925,2410702,3411172
1926,2410702,3398147
1927,2410702,3379369
1928,2410702,3113174
1929,2410702,3113174
1930,2410702,3056535
1931,2410702,3056535
1932,2410702,3438107
1933,2410702,4193194
1934,2410702,4282513
1935,2410702,4177320
1936,2410702,4174031
1937,2410702,4174031
1938,2410702,4174031
1939,2410702,4174031
1940,2410702,3905433
1941,2410702,3823776
1942,2410702,3759892
1943,2410702,3720113
1944,2410702,3743567
1945,2410702,4032677
1946,2410702,3743947
1947,2410702,3743947
1948,2410702,4254569
1949,2410702,3676212
1950,2410702,4269723
1951,2410702,3473698
1952,2410702,3764812
1953,2410702,3764812
1954,2410702,4134269
1955,2410702,4279667
1956,2410702,4017680
1957,2410702,3659679
1958,2410702,3514281
1959,2410702,3514281
1960,2410702,2825936
1961,2410702,2970201
1962,2410702,2970201
1963,2410702,3487192
1964,2410702,3011069
1965,2410702,2903459
1966,2410702,3248484
1967,2410702,3221434
1968,2410702,3052865
1969,2410702,3325903
1970,2410702,2751030
1971,2410702,2751030
1972,2410702,2720857
1973,2410702,2712177
1974,2410702,2712177
1975,2410702,2712177
1976,2410702,2730955
1977,2410702,2730955
1978,2410702,2730955
1979,2410702,2720441
1980,2410702,3076527
1981,2410702,2701663
1982,2410702,3346442
1983,2410702,3346442
1984,2410702,2847062
1985,2410702,2900498
1986,2410702,2900498
1987,2410702,2635574
1988,2410702,2872037
1989,2410702,3235400
1990,2410702,3693949
1991,2410702,4007592
1992,2410702,3984906
1993,2410702,3926191
1994,2410702,3926191
1995,2410702,3926191
1996,2410702,3722919
1997,2410702,3722919
1998,2410702,3813250
1999,2410702,3634790
2000,2410702,3634790
2001,2410702,3634790
2002,2410702,3673250
2003,2410702,4188982
2004,2410702,3952519
2005,2410702,3488444
2006,2410702,3466380
2007,2410702,3610645
2008,2410702,3239404
2009,2410702,3224988
2010,2410702,2880403
2011,2410702,2880403
2012,2410702,3116866
2013,2410702,3343318
2014,2410702,3300454
2015,2410702,3063991
2016,2410702,2818761
2017,2410702,2818761
2018,2410702,2818761
2019,2410702,3408581
2020,2410702,2818761
2021,2410702,2818761
2022,2410702,2991728
2023,2410702,2809255
2024,2410702,3285135
2025,2410702,3352906
2026,2410702,3426570
2027,2410702,3424001
2028,2410702,3465829
2029,2410702,3448510
2030,2410702,3677167
2031,2410702,3583339
2032,2410702,3387108
2033,2410702,3343957
2034,2410702,3039980
2035,2410702,3036992
2036,2410702,3036992
2037,2410702,2987483
2038,2410702,2843218
2039,2410702,2844198
2040,2410702,2844198
2041,2410702,2832916
2042,2410702,3542286
2043,2410702,3493415
2044,2410702,3296126
2045,2410702,2833208
2046,2410702,2833208
2047,2410702,2833208
2048,2410702,2804406
2049,2410702,2804406
2050,2410702,3169664
2051,2410702,3169664
2052,2410702,3107367
2053,2410702,3070408
2054,2410702,3070408
2055,2410702,3070408
2056,2410702,3488861
2057,2410702,3604815
2058,2410702,3619520
2059,2410702,3642206
2060,2410702,3195169
2061,2410702,3195169
2062,2410702,3195169
2063,2410702,3195169
2064,2410702,3195169
2065,2410702,3444478
2066,2410702,3444478
2067,2410702,4564714
2068,2410702,4308963
2069,2410702,4417588
2070,2410702,4417588
2071,2410702,4417588
2072,2410702,4403590
2073,2410702,4746745
2074,2410702,5256233
2075,2410702,4989264
2076,2410702,4457113
2077,2410702,4401239
2078,2410702,4035030
2079,2410702,4164776
2080,2410702,3917365
2081,2410702,3967088
2082,2410702,4399939
2083,2410702,4636402
2084,2410702,4726313
2085,2410702,4735380
2086,2410702,4799343
2087,2410702,4766482
2088,2410702,5437607
2089,2410702,5555883
2090,2410702,5597787
2091,2410702,5990911
2092,2410702,5767497
2093,2410702,5364082
2094,2410702,5317163
2095,2410702,4864064
2096,2410702,5130259
2097,2410702,4812405
2098,2410702,4832846
2099,2410702,4832846
2100,2410702,4799435
2101,2410702,4324882
2102,2410702,4210617
2103,2410702,3371292
2104,2410702,3289225
2105,2410702,3597478
2106,2410702,2410702
2107,2410702,2410702
2108,2410702,2410702
2109,2410702,2410702
2110,2410702,2410702
2111,2410702,2473748
2112,2410702,2473748
2113,2410702,2443202
2114,2410702,2440755
2115,2410702,2440755
2116,2410702,2411658
2117,2410702,2411658
2118,2410702,2411658
2119,2410702,2411658
2120,2410702,2411658
2121,2410702,2474944
2122,2410702,2474944
2123,2410702,2474944
2124,2410702,2474944
2125,2410702,2474944
2126,2410702,2430361
2127,2410702,2430361
2128,2400722,2400722
2129,2400722,2400722
2130,2400722,2840461
2131,2400722,2806898
2132,2400722,2806898
2133,2400722,2806898
2134,2400722,2426282
2135,2400722,2436262
2136,2400722,2880491
2137,2400722,2912528
2138,2400722,2912528
2139,2400722,2912528
2140,2400722,2878881
2141,2400722,2880491
2142,2400722,2870511
2143,2400722,2870511
2144,2400722,2995059
2145,2400722,2995059
2146,2400722,2995059
2147,2400722,2825587
2148,2400722,2825587
2149,2400722,2844365
2150,2400722,2844365
2151,2400722,2844365
2152,2400722,2844365
2153,2400722,2844365
2154,2400722,2844365
2155,2400722,2844365
2156,2400722,2844365
2157,2400722,2844365
2158,2400722,2950661
2159,2400722,2950661
2160,2400722,2888328
2161,2400722,2831245
2162,2400722,2865847
2163,2400722,2831245
2164,2400722,2865848
2165,2400722,2865848
2166,2400722,2865848
2167,2400722,2831245
2168,2400722,2831245
2169,2400722,2831245
2170,2400722,2831245
2171,2400722,2831245
2172,2400722,2831245
2173,2400722,2831245
2174,2400722,2831245
2175,2400722,2831245
2176,2400722,2831245
2177,2400722,2831245
2178,2400722,2865847
2179,2400722,2926018
2180,2400722,2926018
2181,2400722,2926018
2182,2400722,2926018
2183,2400722,2926018
2184,2400722,2926018
2185,2400722,2926018
2186,2400722,2926018
2187,2400722,2926018
2188,2400722,2926018
2189,2400722,2926018
2190,2400722,2926018
2191,2400722,2991385
2192,2400722,2991385
2193,2400722,2991385
2194,2400722,2991385
2195,2400722,2991385
2196,2400722,2991385
2197,2400722,2963213
2198,2400722,2963213
2199,2400722,2963213
2200,2400722,2963213
2201,2400722,2963213
2202,2400722,2963213
2203,2400722,2587573
2204,2400722,2491233
2205,2400722,2860690
2206,2400722,2860690
2207,2400722,2812726
2208,2400722,2774896
2209,2400722,2774896
2210,2400722,2756118
2211,2400722,2756118
2212,2400722,2756118
2213,2400722,2756118
2214,2400722,2793948
2215,2400722,2756118
2216,2400722,2756118
2217,2400722,2756118
2218,2400722,2756118
2219,2400722,2756118
2220,2400722,2756118
2221,2400722,2756118
2222,2400722,2756118
2223,2400722,2756118
2224,2400722,2756118
2225,2400722,2756118
2226,2400722,2756118
2227,2400722,2756118
2228,2400722,2774896
2229,2400722,2774896
2230,2400722,2785004
2231,2400722,2774896
2232,2400722,2774896
2233,2400722,2774896
2234,2400722,3119481
2235,2400722,3119481
2236,2400722,3119481
2237,2400722,3119481
2238,2400722,3119481
2239,2400722,3119481
2240,2400722,3119481
2241,2400722,3119481
2242,2400722,3119481
2243,2400722,2774896
2244,2400722,2774896
2245,2400722,2774896
2246,2400722,2774896
2247,2400722,2774896
2248,2400722,2774896
2249,2400722,2774896
2250,2400722,2774896
2251,2400722,2774896
2252,2400722,2774896
2253,2400722,2774896
2254,2400722,2774896
2255,2400722,2774896
2256,2400722,2774896
2257,2400722,2774896
2258,2400722,2774896
2259,2400722,2756118
2260,2400722,2756118
2261,2400722,2756118
2262,2400722,2756118
2263,2400722,2756118
2264,2400722,2756118
2265,2400722,2756118
2266,2400722,2756118
2267,2400722,2756118
2268,2400722,2756118
2269,2400722,2756118
2270,2400722,2756118
2271,2400722,2756118
2272,2400722,2756118
2273,2400722,2756118
2274,2400722,2756118
2275,2400722,2756118
2276,2400722,2756118
2277,2400722,2756118
2278,2400722,2756118
2279,2400722,2877130
2280,2400722,2877130
2281,2400722,2877130
2282,2400722,2877130
2283,2400722,2838185
2284,2400722,2406598
2285,2400722,2406598
2286,2400722,2406598
2287,2400722,2406598
2288,2400722,2406598
2289,2400722,2544248
2290,2400722,2612940
2291,2400722,2510950
2292,2400722,2510950
2293,2400722,2510950
2294,2400722,2529728
2295,2400722,2529728
2296,2400722,2529728
2297,2400722,2506955
2298,2400722,2506955
2299,2400722,2506955
2300,2400722,2506955
2301,2400722,2506955
2302,2400722,2425376
2303,2400722,2425376
2304,2400722,2425376
2305,2400722,2425376
2306,2400722,2425376
2307,2400722,2406598
2308,2400722,2425376
2309,2400722,2425376
2310,2400722,2425376
2311,2400722,2425376
2312,2400722,2425376
2313,2400722,2425376
2314,2400722,2425376
2315,2400722,2893149
2316,2400722,2893149
2317,2400722,2893149
2318,2400722,2893149
2319,2400722,2893149
2320,2400722,2893149
2321,2400722,2893149
2322,2400722,2971451
2323,2400722,2971451
2324,2400722,2994224
2325,2400722,2994224
2326,2400722,2994224
2327,2400722,3020374
2328,2400722,3020374
2329,2400722,3001596
2330,2400722,3001596
2331,2400722,2897041
2332,2400722,2897041
2333,2400722,2897041
2334,2400722,2897041
2335,2400722,2897041
2336,2400722,2897041
2337,2400722,2897041
2338,2400722,2897041
2339,2400722,2897041
2340,2400722,2897041
2341,2400722,2897041
2342,2400722,2897041
2343,2400722,2897041
2344,2400722,2897041
2345,2400722,2897041
2346,2400722,2885662
2347,2400722,2885662
2348,2400722,2913800
2349,2400722,2913800
2350,2400722,2913800
2351,2400722,2913800
2352,2400722,2913800
2353,2400722,2934963
2354,2400722,2934963
2355,2400722,2934963
2356,2400722,2934963
2357,2400722,2934963
2358,2400722,2934963
2359,2400722,2895534
2360,2400722,2975446
2361,2400722,2975446
2362,2400722,2975446
2363,2400722,2980671
2364,2400722,2970146
2365,2400722,2958401
2366,2400722,2958401
2367,2400722,2425261
2368,2400722,2425261
2369,2400722,2425261
2370,2400722,2425261
2371,2400722,2425261
2372,2400722,2425261
2373,2400722,2898351
2374,2400722,2898351
2375,2400722,2931649
2376,2400722,2931649
2377,2400722,2931649
2378,2400722,2766226
2379,2400722,2766226
2380,2400722,2766226
2381,2400722,2756118
2382,2400722,2756118
2383,2400722,2756118
2384,2400722,2756118
2385,2400722,2756118
2386,2400722,2756118
2387,2400722,2756118
2388,2400722,2774896
2389,2400722,2774896
2390,2400722,2774896
2391,2400722,2774896
2392,2400722,2774896
2393,2400722,2774896
2394,2400722,2756118
2395,2400722,2756118
2396,2400722,2756118
2397,2400722,2756118
2398,2400722,2756118
2399,2400722,2756118
2400,2400722,2911454
2401,2400722,2858844
2402,2400722,2858844
2403,2400722,2825546
2404,2400722,2776675
2405,2400722,2881844
2406,2400722,2840848
2407,2400722,2796180
2408,2400722,2786072
2409,2400722,2877130
2410,2400722,2877130
2411,2400722,2756118
2412,2400722,2756118
2413,2400722,2756118
2414,2400722,2756118
2415,2400722,2756118
2416,2400722,2756118
2417,2400722,2756118
2418,2400722,2756118
2419,2400722,2756118
2420,2400722,2756118
2421,2400722,2756118
2422,2400722,2756118
2423,2400722,2756118
2424,2400722,2756118
2425,2400722,2756118
2426,2400722,2756118
2427,2400722,2756118
2428,2400722,2756118
2429,2400722,3018105
2430,2400722,3018105
2431,2400722,3018105
2432,2400722,3018105
2433,2400722,3018105
2434,2400722,3018105
2435,2400722,3018105
2436,2400722,3018105
2437,2400722,3018105
2438,2400722,3018105
2439,2400722,3018105
2440,2400722,3018105
2441,2400722,3018105
2442,2400722,3018105
2443,2400722,3018105
2444,2400722,3018105
2445,2400722,3018105
2446,2400722,3018105
2447,2400722,3018105
2448,2400722,3018105
2449,2400722,3018105
2450,2400722,3018105
2451,2400722,3018105
2452,2400722,3018105
2453,2400722,3018105
2454,2400722,3018105
2455,2400722,3018105
2456,2400722,3018105
2457,2400722,3018105
2458,2400722,2756118
2459,2400722,2756118
2460,2400722,2756118
2461,2400722,2756118
2462,2400722,2756118
2463,2400722,2756118
2464,2400722,2756118
2465,2400722,2774896
2466,2400722,2774896
2467,2400722,2756118
2468,2400722,2756118
2469,2400722,2773404
2470,2400722,2772882
2471,2400722,2772882
2472,2400722,2772882
2473,2400722,2772882
2474,2400722,2839624
2475,2400722,2839624
2476,2400722,2839624
2477,2400722,2839624
2478,2400722,2839624
2479,2400722,2839624
2480,2400722,2772882
2481,2400722,2772882
2482,2400722,2772882
2483,2400722,2772882
2484,2400722,2810712
2485,2400722,2810712
2486,2400722,2810712
2487,2400722,2810712
2488,2400722,2810712
2489,2400722,2810712
2490,2400722,2810712
2491,2400722,2810712
2492,2400722,2810712
2493,2400722,2810712
2494,2400722,2810712
2495,2400722,2811234
2496,2400722,2810712
2497,2400722,2810712
2498,2400722,2810712
2499,2400722,2810712
2500,2400722,2810712
2501,2400722,2810712
2502,2400722,2810712
2503,2400722,2811234
2504,2400722,2811234
2505,2400722,2773404
2506,2400722,2773404
2507,2400722,2756118
2508,2400722,2756118
2509,2400722,2756118
2510,2400722,2756118
2511,2400722,2756118
2512,2400722,2756118
2513,2400722,2756118
2514,2400722,2756118
2515,2400722,2756118
2516,2400722,2756118
2517,2400722,2756118
2518,2400722,2756118
2519,2400722,2756118
2520,2400722,2756118
2521,2400722,2756118
2522,2400722,2756118
2523,2400722,2756118
2524,2400722,2756118
2525,2400722,2756118
2526,2400722,2756118
2527,2400722,2756118
2528,2400722,2756118
2529,2400722,2756118
2530,2400722,2756118
2531,2400722,2756118
2532,2400722,2756118
2533,2400722,2756118
2534,2400722,2756118
2535,2400722,2756118
2536,2400722,2756118
2537,2400722,2774896
2538,2400722,2774896
2539,2400722,2774896
2540,2400722,2774896
2541,2400722,2774896
2542,2400722,2774896
2543,2400722,2774896
2544,2400722,2774896
2545,2400722,2774896
2546,2400722,2774896
2547,2400722,2774896
2548,2400722,2774896
2549,2400722,2774896
2550,2400722,2774896
2551,2400722,2774896
2552,2400722,2756118
2553,2400722,2756118
2554,2400722,2826854
2555,2400722,2864684
2556,2400722,2864684
2557,2400722,2864684
2558,2400722,2864684
2559,2400722,2864684
2560,2400722,2826854
2561,2400722,2756118
2562,2400722,2756118
2563,2400722,2756118
2564,2400722,2756118
2565,2400722,2756118
2566,2400722,2756118
2567,2400722,2756118
2568,2400722,2774896
2569,2400722,2774896
2570,2400722,2792182
2571,2400722,2792182
2572,2400722,2773404
2573,2400722,2877130
2574,2400722,2877130
2575,2400722,2877130
2576,2400722,2877130
2577,2400722,2505064
2578,2400722,2470272
2579,2400722,2470272
2580,2400722,2499331
2581,2400722,2499331
2582,2400722,2499331
2583,2400722,2498135
2584,2400722,2498135
2585,2400722,2498135
2586,2400722,2498135
2587,2400722,2498135
2588,2400722,2498135
2589,2400722,2498135
2590,2400722,2498135
2591,2400722,2516913
2592,2400722,2516913
2593,2400722,2516913
2594,2400722,2498135
2595,2400722,2498135
2596,2400722,2516913
2597,2400722,2498135
2598,2400722,2498135
2599,2400722,2498135
2600,2400722,2760122
2601,2400722,2804881
2602,2400722,2804881
2603,2400722,2727622
2604,2400722,2751591
2605,2400722,2751591
2606,2400722,2751591
2607,2400722,2489604
2608,2400722,2489604
2609,2400722,2465217
2610,2400722,2420634
2611,2400722,2430614
2612,2400722,2518222
2613,2400722,2441248
2614,2400722,2475358
2615,2400722,2440755
2616,2400722,2518222
2617,2400722,2444689
2618,2400722,2465217
2619,2400722,2465217
2620,2400722,2430614
2621,2400722,2430614
2622,2400722,2430614
2623,2400722,2539385
2624,2400722,2539385
2625,2400722,2539385
2626,2400722,2539385
2627,2400722,2539385
2628,2400722,2539385
2629,2400722,3018087
2630,2400722,2508599
2631,2400722,2508599
2632,2400722,2508599
2633,2400722,2895471
2634,2400722,2874308
2635,2400722,2874308
2636,2400722,3019706
2637,2400722,3038484
2638,2400722,3410550
2639,2400722,3265152
2640,2400722,2909066
2641,2400722,2539385
2642,2400722,2539385
2643,2400722,2539385
2644,2400722,2532638
2645,2400722,2498992
2646,2400722,2532638
2647,2400722,3253122
2648,2400722,2564777
2649,2400722,2565734
2650,2400722,2565734
2651,2400722,2599380
2652,2400722,2835843
2653,2400722,2835843
2654,2400722,3277105
2655,2400722,3052028
2656,2400722,3129551
2657,2400722,3129551
2658,2400722,3229047
2659,2400722,3508725
2660,2400722,3375321
2661,2400722,3375321
2662,2400722,3038736
2663,2400722,3038736
2664,2400722,3038736
2665,2400722,3038736
2666,2400722,2894471
2667,2400722,2951378
2668,2400722,3403911
2669,2400722,3399562
2670,2400722,2890074
2671,2400722,2911867
2672,2400722,3201371
2673,2400722,3557457
2674,2400722,3212872
2675,2400722,2838008
2676,2400722,3197574
2677,2400722,2854419
2678,2400722,2820773
2679,2400722,2820773
2680,2400722,3592077
2681,2400722,3526711
2682,2400722,3194860
2683,2400722,3361522
2684,2400722,3361522
2685,2400722,3132466
2686,2400722,3132466
2687,2400722,3151244
2688,2400722,3132466
2689,2400722,3321095
2690,2400722,3012843
2691,2400722,2822684
2692,2400722,2822684
2693,2400722,2812735
2694,2400722,3024406
2695,2400722,2964162
2696,2400722,2752491
2697,2400722,3177623
2698,2400722,3177623
2699,2400722,3366252
2700,2400722,3366252
2701,2400722,3419134
2702,2400722,3951399
2703,2400722,3951399
2704,2400722,3951399
2705,2400722,4531617
2706,2400722,4441306
2707,2400722,4357605
2708,2400722,4357605
2709,2400722,4357605
2710,2400722,4391166
2711,2400722,4355995
2712,2400722,3846507
2713,2400722,3990772
2714,2400722,3578302
2715,2400722,3581372
2716,2400722,3921084
2717,2400722,3919096
2718,2400722,3897282
2719,2400722,4082182
2720,2400722,4615321
2721,2400722,4472681
2722,2400722,4472681
2723,2400722,4471524
2724,2400722,5157835
2725,2400722,5073928
2726,2400722,5033459
2727,2400722,4298464
2728,2400722,4298464
2729,2400722,4249681
2730,2400722,4249681
2731,2400722,4249681
2732,2400722,3740193
2733,2400722,3595928
2734,2400722,3251343
2735,2400722,3251343
2736,2400722,3267154
2737,2400722,3283043
2738,2400722,3283043
2739,2400722,3283043
2740,2400722,3267232
2741,2400722,3264265
2742,2400722,2878221
2743,2400722,2867958
2744,2400722,2867958
2745,2400722,3013356
2746,2400722,3013356
2747,2400722,3429789
2748,2400722,3284391
2749,2400722,2788744
2750,2400722,3093518
2751,2400722,3807562
2752,2400722,3217742
2753,2400722,3486963
2754,2400722,2731876
2755,2400722,2765202
2756,2400722,2713019
2757,2400722,2710782
2758,2400722,3291000
2759,2400722,3028116
2760,2400722,3435198
2761,2400722,3391047
2762,2400722,3718950
2763,2400722,3985145
2764,2400722,3985145
2765,2400722,4168688
2766,2400722,3661714
2767,2400722,4200278
2768,2400722,4004870
2769,2400722,3722574
2770,2400722,4204497
2771,2400722,3737761
2772,2400722,3574718
2773,2400722,2711720
2774,2400722,2716069
2775,2400722,2716069
2776,2400722,2716069
2777,2400722,2942521
2778,2400722,3338161
2779,2400722,3398259
2780,2400722,3891145
2781,2400722,3891145
2782,2400722,3893919
2783,2400722,3883675
2784,2400722,3883675
2785,2400722,4247038
2786,2400722,4349691
2787,2400722,4118555
2788,2400722,3727742
2789,2400722,3362484
2790,2400722,3362484
2791,2400722,3362484
2792,2400722,3299919
2793,2400722,3502008
2794,2400722,4238317
2795,2400722,3684733
2796,2400722,3661132
2797,2400722,3661132
2798,2400722,3165485
2799,2400722,3165485
2800,2400722,3556174
2801,2400722,3700439
2802,2400722,3556174
2803,2400722,4020249
2804,2400722,3556174
2805,2400722,4051821
2806,2400722,4197219
2807,2400722,4197219
2808,2400722,4426275
2809,2400722,4461371
2810,2400722,4461371
2811,2400722,4426275
2812,2400722,4890350
2813,2400722,4582311
2814,2400722,3968672
2815,2400722,4001548
2816,2400722,4200157
2817,2400722,4221589
2818,2400722,3609603
2819,2400722,2904331
2820,2400722,3609389
2821,2400722,3500764
2822,2400722,3194487
2823,2400722,3194487
2824,2400722,3554127
2825,2400722,3527385
2826,2400722,3477570
2827,2400722,3281339
2828,2400722,3767150
2829,2400722,3274127
2830,2400722,3767013
2831,2400722,3433261
2832,2400722,3458064
2833,2400722,3464635
2834,2400722,3464635
2835,2400722,3441569
2836,2400722,3211818
2837,2400722,3948127
2838,2400722,3954070
2839,2400722,3928326
2840,2400722,3173239
2841,2400722,3106366
2842,2400722,3104265
2843,2400722,2713452
2844,2400722,2713452
2845,2400722,3222940
2846,2400722,3317143
2847,2400722,3317143
2848,2400722,3264468
2849,2400722,2765088
2850,2400722,2884005
2851,2400722,2884005
2852,2400722,3236565
2853,2400722,3735945
2854,2400722,3661283
2855,2400722,3308723
2856,2400722,3719008
2857,2400722,3711075
2858,2400722,3288347
2859,2400722,2797637
2860,2400722,2797637
2861,2400722,2797637
2862,2400722,2797637
2863,2400722,2797637
2864,2400722,2797637
2865,2400722,3474050
2866,2400722,3618315
2867,2400722,3951472
2868,2400722,3374223
2869,2400722,2910148
2870,2400722,3176343
2871,2400722,2994939
2872,2400722,2994939
2873,2400722,3464903
2874,2400722,3820989
2875,2400722,3820989
2876,2400722,3464903
2877,2400722,3464903
2878,2400722,3487676
2879,2400722,3486480
2880,2400722,3005400
2881,2400722,3024178
2882,2400722,3024178
2883,2400722,3005400
2884,2400722,3005400
2885,2400722,3320592
2886,2400722,3348611
2887,2400722,3758016
2888,2400722,3739238
2889,2400722,3698644
2890,2400722,3698644
2891,2400722,3469588
2892,2400722,3469588
2893,2400722,3488366
2894,2400722,3495905
2895,2400722,3553826
2896,2400722,3735026
2897,2400722,3661506
2898,2400722,3570659
2899,2400722,3570659
2900,2400722,3570659
2901,2400722,3574407
2902,2400722,4154392
2903,2400722,4383448
2904,2400722,4383448
2905,2400722,4360343
2906,2400722,4111674
2907,2400722,4111674
2908,2400722,4111674
2909,2400722,4111674
2910,2400722,4115115
2911,2400722,4870202
2912,2400722,4870202
2913,2400722,4933749
2914,2400722,4178539
2915,2400722,4323938
2916,2400722,4324169
2917,2400722,4364137
2918,2400722,4135081
2919,2400722,3646854
2920,2400722,3162969
2921,2400722,2675561
2922,2400722,2460465
2923,2400722,2460465
2924,2400722,2460465
2925,2400722,2460465
2926,2400722,2460465
2927,2400722,2460465
2928,2400722,2460465
2929,2400722,2438349
2930,2400722,2691487
2931,2400722,3249479
2932,2400722,3249479
2933,2400722,3443408
2934,2400722,3716446
2935,2400722,3708481
2936,2400722,3695531
2937,2400722,3278228
2938,2400722,3278228
2939,2400722,3661411
2940,2400722,4170899
2941,2400722,3422654
2942,2400722,3595001
2943,2400722,4059076
2944,2400722,3956734
2945,2400722,3460155
2946,2400722,3760879
2947,2400722,3293106
2948,2400722,3273021
2949,2400722,3273021
2950,2400722,2970060
2951,2400722,2970060
2952,2400722,2970060
2953,2400722,2970060
2954,2400722,3335105
2955,2400722,3335105
2956,2400722,3335105
2957,2400722,3335105
2958,2400722,3467983
2959,2400722,3355190
2960,2400722,4313284
2961,2400722,4299708
2962,2400722,3971223
2963,2400722,3282878
2964,2400722,3282878
2965,2400722,3282878
2966,2400722,3282878
2967,2400722,3971223
2968,2400722,3971223
2969,2400722,3987034
2970,2400722,4185643
2971,2400722,4185643
2972,2400722,4559388
2973,2400722,4310002
2974,2400722,4281970
2975,2400722,3525201
2976,2400722,3989276
2977,2400722,4623637
2978,2400722,4307236
2979,2400722,4307236
2980,2400722,4425757
2981,2400722,4425757
2982,2400722,4035069
2983,2400722,4528135
2984,2400722,4521585
2985,2400722,4476619
2986,2400722,4779304
2987,2400722,4779304
2988,2400722,4779304
2989,2400722,4241841
2990,2400722,4732704
2991,2400722,4832173
2992,2400722,4367952
2993,2400722,3863714
2994,2400722,4104822
2995,2400722,4104822
2996,2400722,3672441
2997,2400722,3082621
2998,2400722,3367228
2999,2400722,3022643
3000,2400722,3043806
3001,2400722,3043806
3002,2400722,3400497
3003,2400722,3868270
3004,2400722,3868270
3005,2400722,3728202
3006,2400722,3285266
3007,2400722,3177658
3008,2400722,3177658
3009,2400722,3141764
3010,2400722,3533704
3011,2400722,3151534
3012,2400722,2642046
3013,2400722,2497781
3014,2400722,2691380
3015,2400722,2454917
3016,2400722,2439585
3017,2400722,2885616
3018,2400722,2659164
3019,2400722,3267595
3020,2400722,3412993
3021,2400722,2902699
3022,2400722,2902699
3023,2400722,3046964
3024,2400722,3283427
3025,2400722,3283427
3026,2400722,3163366
3027,2400722,3557258
3028,2400722,3759020
3029,2400722,3245023
3030,2400722,3099625
3031,2400722,3091729
3032,2400722,3091729
3033,2400722,3091729
3034,2400722,3190701
3035,2400722,3148906
3036,2400722,2887260
3037,2400722,2742995
3038,2400722,2724217
3039,2400722,2868482
3040,2400722,2868482
3041,2400722,2868482
3042,2400722,3310667
3043,2400722,3314216
3044,2400722,3307074
3045,2400722,2922403
3046,2400722,2925391
3047,2400722,2925391
3048,2400722,2925391
3049,2400722,2925391
3050,2400722,3308232
3051,2400722,3243807
3052,2400722,3282990
3053,2400722,4038077
3054,2400722,4000694
3055,2400722,3709864
3056,2400722,3710386
3057,2400722,4109556
3058,2400722,4109556
3059,2400722,3938810
3060,2400722,3938810
3061,2400722,3938810
3062,2400722,3938810
3063,2400722,3938810
3064,2400722,3988876
3065,2400722,4129014
3066,2400722,3627936
3067,2400722,3992981
3068,2400722,4137246
3069,2400722,4137246
3070,2400722,3380187
3071,2400722,3386571
3072,2400722,3187472
3073,2400722,3187472
3074,2400722,3095307
3075,2400722,2927528
3076,2400722,2927528
3077,2400722,2927528
3078,2400722,2691065
3079,2400722,2691065
3080,2400722,2920121
3081,2400722,2691065
3082,2400722,2691065
3083,2400722,2691065
3084,2400722,2718618
3085,2400722,3281650
3086,2400722,3281650
3087,2400722,3225228
3088,2400722,3275755
3089,2400722,3570219
3090,2400722,3441054
3091,2400722,4117328
3092,2400722,4064547
3093,2400722,3653803
3094,2400722,3599720
3095,2400722,3713489
3096,2400722,3203195
3097,2400722,3130362
3098,2400722,3598914
3099,2400722,3598914
3100,2400722,3641878
3101,2400722,3758645
3102,2400722,3440791
3103,2400722,3440791
3104,2400722,3440791
3105,2400722,3440791
3106,2400722,3480710
3107,2400722,4006199
3108,2400722,4006199
3109,2400722,4342110
3110,2400722,4342110
3111,2400722,3896813
3112,2400722,4042211
3113,2400722,3992146
3114,2400722,3762169
3115,2400722,4345902
3116,2400722,4452360
3117,2400722,4947830
3118,2400722,4485888
3119,2400722,4402748
3120,2400722,4400187
3121,2400722,4690961
3122,2400722,5190341
3123,2400722,5595342
3124,2400722,5324637
3125,2400722,5152300
3126,2400722,5152300
3127,2400722,5145261
3128,2400722,4528208
3129,2400722,4472201
3130,2400722,5153325
3131,2400722,5325552
3132,2400722,4902628
3133,2400722,4855586
3134,2400722,5318101
3135,2400722,5318101
3136,2400722,5548091
3137,2400722,5502884
3138,2400722,5272894
3139,2400722,5204911
3140,2400722,5204911
3141,2400722,4724475
3142,2400722,4180212
3143,2400722,4031846
3144,2400722,3636699
3145,2400722,3820309
3146,2400722,3904005
3147,2400722,3439930
3148,2400722,3536549
3149,2400722,3410360
3150,2400722,3410360
3151,2400722,3410360
3152,2400722,3264962
3153,2400722,3264962
3154,2400722,3830998
3155,2400722,3757606
3156,2400722,4203637
3157,2400722,4161230
3158,2400722,4175766
3159,2400722,4450579
3160,2400722,3547923
3161,2400722,3547923
3162,2400722,3490632
3163,2400722,3403455
3164,2400722,3344843
3165,2400722,3344843
3166,2400722,2976335
3167,2400722,3137151
3168,2400722,3137151
3169,2400722,3580878
3170,2400722,3609016
3171,2400722,3768427
3172,2400722,3661552
3173,2400722,3723911
3174,2400722,3381999
3175,2400722,3266609
3176,2400722,3333762
3177,2400722,3333762
3178,2400722,3332081
3179,2400722,3326255
3180,2400722,3178815
3181,2400722,3178815
3182,2400722,3178815
3183,2400722,3091924
3184,2400722,3461381
3185,2400722,3451096
3186,2400722,3345281
3187,2400722,3608187
3188,2400722,3869081
3189,2400722,3621670
3190,2400722,4376757
3191,2400722,4462482
3192,2400722,4300526
3193,2400722,4729806
3194,2400722,4308015
3195,2400722,3961397
3196,2400722,3224943
3197,2400722,3522956
3198,2400722,3098705
3199,2400722,3114783
3200,2400722,3114783
3201,2400722,2975835
3202,2400722,2511760
3203,2400722,2511760
3204,2400722,2511760
3205,2400722,2511760
3206,2400722,3073503
3207,2400722,3073503
3208,2400722,3156858
3209,2400722,3156858
3210,2400722,3105057
3211,2400722,3105056
3212,2400722,3066395
3213,2400722,3650128
3214,2400722,3066395
3215,2400722,3066395
3216,2400722,3066396
3217,2400722,3066396
3218,2400722,3422482
3219,2400722,3422482
3220,2400722,3422482
3221,2400722,3422482
3222,2400722,3422482
3223,2400722,3422482
3224,2400722,3422482
3225,2400722,3683092
3226,2400722,3683092
3227,2400722,4129123
3228,2400722,4116633
3229,2400722,3824723
3230,2400722,3862935
3231,2400722,3944998
3232,2400722,3364780
3233,2400722,3725683
3234,2400722,4305901
3235,2400722,4268971
3236,2400722,4268971
3237,2400722,4332703
3238,2400722,4331747
3239,2400722,5079754
3240,2400722,4896662
3241,2400722,4761248
3242,2400722,4761248
3243,2400722,4395990
3244,2400722,4395990
3245,2400722,4657001
3246,2400722,4316602
3247,2400722,4316602
3248,2400722,4657001
3249,2400722,4657957
3250,2400722,4317558
3251,2400722,4256529
3252,2400722,3943043
3253,2400722,3943043
3254,2400722,3943043
3255,2400722,4268420
3256,2400722,4532872
3257,2400722,4281782
3258,2400722,4281782
3259,2400722,4071316
3260,2400722,4071316
3261,2400722,4401818
3262,2400722,4292767
3263,2400722,4223142
3264,2400722,4223142
3265,2400722,3890644
3266,2400722,4460535
3267,2400722,4924610
3268,2400722,4924610
3269,2400722,4924610
3270,2400722,4924610
3271,2400722,5068875
3272,2400722,5068875
3273,2400722,5391378
3274,2400722,5084377
3275,2400722,5000903
3276,2400722,5013117
3277,2400722,4512695
3278,2400722,4585974
3279,2400722,4563286
3280,2400722,4756201
3281,2400722,5122126
3282,2400722,4657165
3283,2400722,4726467
3284,2400722,4988391
3285,2400722,4594600
3286,2400722,4579098
3287,2400722,4383181
3288,2400722,4291537
3289,2400722,4291537
3290,2400722,4018499
3291,2400722,4241369
3292,2400722,4222591
3293,2400722,3758516
3294,2400722,3731135
3295,2400722,3853848
3296,2400722,3616735
3297,2400722,3961885
3298,2400722,3917176
3299,2400722,3957949
3300,2400722,3329798
3301,2400722,3329798
3302,2400722,3784327
3303,2400722,3706829
3304,2400722,3749612
3305,2400722,3322655
3306,2400722,3836652
3307,2400722,3673662
3308,2400722,4137737
3309,2400722,4136056
3310,2400722,4719519
3311,2400722,4397603
3312,2400722,3991286
3313,2400722,3991286
3314,2400722,3832612
3315,2400722,3829323
3316,2400722,4094509
3317,2400722,4088181
3318,2400722,3822996
3319,2400722,3403667
3320,2400722,3403666
3321,2400722,2881423
3322,2400722,2881423
3323,2400722,3020309
3324,2400722,3244786
3325,2400722,3256756
3326,2400722,3256756
3327,2400722,3116807
3328,2400722,3499035
3329,2400722,3275621
3330,2400722,3631707
3331,2400722,3631707
3332,2400722,4073662
3333,2400722,4073662
3334,2400722,3615818
3335,2400722,3615818
3336,2400722,3225129
3337,2400722,3472472
3338,2400722,3938942
3339,2400722,3938942
3340,2400722,3471303
3341,2400722,3471303
3342,2400722,3471303
3343,2400722,3490082
3344,2400722,3506806
3345,2400722,3506806
3346,2400722,3506806
3347,2400722,3506806
3348,2400722,3488028
3349,2400722,3395494
3350,2400722,3395494
3351,2400722,3395494
3352,2400722,3395494
3353,2400722,3026985
3354,2400722,3061587
3355,2400722,3061587
3356,2400722,2679359
3357,2400722,2943812
3358,2400722,2867840
3359,2400722,3644283
3360,2400722,3643637
3361,2400722,2862830
3362,2400722,2862830
3363,2400722,2862829
3364,2400722,3218915
3365,2400722,3218915
3366,2400722,3694028
3367,2400722,2803959
3368,2400722,2866039
3369,2400722,2865750
3370,2400722,3011148
3371,2400722,3011149
3372,2400722,3472752
3373,2400722,3826937
3374,2400722,3873661
3375,2400722,3762790
3376,2400722,3397531
3377,2400722,4008389
3378,2400722,4623806
3379,2400722,4635979
3380,2400722,4635979
3381,2400722,3825654
3382,2400722,4179839
3383,2400722,4179839
3384,2400722,3709758
3385,2400722,3709758
3386,2400722,3709758
3387,2400722,3943354
3388,2400722,3686669
3389,2400722,3471454
3390,2400722,3471454
3391,2400722,3250458
3392,2400722,3250458
3393,2400722,3273741
3394,2400722,3257651
3395,2400722,3441555
3396,2400722,3441555
3397,2400722,3441555
3398,2400722,3168517
3399,2400722,3168517
3400,2400722,3513102
3401,2400722,3334628
3402,2400722,3313279
3403,2400722,2968694
3404,2400722,3413991
3405,2400722,2949916
3406,2400722,2949916
3407,2400722,3258133
3408,2400722,3258133
3409,2400722,3722208
3410,2400722,3735148
3411,2400722,3735148
3412,2400722,3803952
3413,2400722,4301538
3414,2400722,4301538
3415,2400722,4252269
3416,2400722,4560726
3417,2400722,4882897
3418,2400722,5138043
3419,2400722,5163623
3420,2400722,5067105
3421,2400722,5067105
3422,2400722,5181940
3423,2400722,5171434
3424,2400722,4789206
3425,2400722,5052510
3426,2400722,4783251
3427,2400722,4753437
3428,2400722,4753437
3429,2400722,4765290
3430,2400722,4028981
3431,2400722,4341062
3432,2400722,3956805
3433,2400722,3379556
3434,2400722,3360778
3435,2400722,3491388
3436,2400722,3497365
3437,2400722,3875886
3438,2400722,2899123
3439,2400722,2899123
3440,2400722,2634671
3441,2400722,3073598
3442,2400722,3073598
3443,2400722,3073598
3444,2400722,3100387
3445,2400722,3457614
3446,2400722,3415124
3447,2400722,3601269
3448,2400722,4007765
3449,2400722,3557468
3450,2400722,3384358
3451,2400722,2629271
3452,2400722,2629271
3453,2400722,2534475
3454,2400722,2534475
3455,2400722,2501361
3456,2400722,2963116
3457,2400722,3427191
3458,2400722,3472665
3459,2400722,3419257
3460,2400722,3529535
3461,2400722,3400337
3462,2400722,3400337
3463,2400722,3622263
3464,2400722,3622264
3465,2400722,3637766
3466,2400722,3782031
3467,2400722,3637766
3468,2400722,4064345
3469,2400722,4041657
3470,2400722,4108399
3471,2400722,3919770
3472,2400722,4342661
3473,2400722,5070467
3474,2400722,5023882
3475,2400722,4635587
3476,2400722,4635587
3477,2400722,4635587
3478,2400722,4171512
3479,2400722,4065216
3480,2400722,3541286
3481,2400722,4125019
3482,2400722,4101686
3483,2400722,4005361
3484,2400722,4005361
3485,2400722,3159289
3486,2400722,2470944
3487,2400722,2470944
3488,2400722,2470944
3489,2400722,2567132
3490,2400722,2803595
3491,2400722,3313889
3492,2400722,3077426
3493,2400722,2567132
3494,2400722,2532529
3495,2400722,3220874
3496,2400722,3801092
3497,2400722,2822813
3498,2400722,2822813
3499,2400722,2822813
3500,2400722,2822813
3501,2400722,2822813
3502,2400722,2822813
3503,2400722,2822813
3504,2400722,2786711
3505,2400722,2784102
3506,2400722,3172399
3507,2400722,3206509
3508,2400722,3589188
3509,2400722,3734586
3510,2400722,3270511
3511,2400722,3573472
3512,2400722,3573472
3513,2400722,3573472
3514,2400722,3771864
3515,2400722,3771864
3516,2400722,3790642
3517,2400722,3896938
3518,2400722,3766972
3519,2400722,4053032
3520,2400722,4053033
3521,2400722,4636766
3522,2400722,4636766
3523,2400722,4635506
3524,2400722,4074578
3525,2400722,3683765
3526,2400722,3572894
3527,2400722,3547778
3528,2400722,3639754
3529,2400722,3881660
3530,2400722,3919941
3531,2400722,3435759
3532,2400722,2929457
3533,2400722,2784651
3534,2400722,3393082
3535,2400722,3393082
3536,2400722,3749168
3537,2400722,3707388
3538,2400722,4167557
3539,2400722,3980572
3540,2400722,4323380
3541,2400722,3989031
3542,2400722,3820079
3543,2400722,3479680
3544,2400722,3694548
3545,2400722,3371999
3546,2400722,3287701
3547,2400722,3287701
3548,2400722,3404431
3549,2400722,3871705
3550,2400722,3871705
3551,2400722,3472630
3552,2400722,3472630
3553,2400722,3472630
3554,2400722,3472630
3555,2400722,3604468
3556,2400722,3591980
3557,2400722,4097354
3558,2400722,3821205
3559,2400722,4125202
3560,2400722,4178755
3561,2400722,4256664
3562,2400722,5149571
3563,2400722,5035306
3564,2400722,5428430
3565,2400722,5732342
3566,2400722,5553170
3567,2400722,4428838
3568,2400722,4657894
3569,2400722,5308949
3570,2400722,5308949
3571,2400722,4657894
3572,2400722,3851963
3573,2400722,3954192
3574,2400722,3954192
3575,2400722,3954192
3576,2400722,3953149
3577,2400722,3953149
3578,2400722,3953149
3579,2400722,3939022
3580,2400722,4117306
3581,2400722,3404648
3582,2400722,3404648
3583,2400722,3774105
3584,2400722,3758553
3585,2400722,3758553
3586,2400722,3728380
3587,2400722,3514056
3588,2400722,4047196
3589,2400722,3722689
3590,2400722,3706109
3591,2400722,3706109
3592,2400722,3706109
3593,2400722,3172970
3594,2400722,3172970
3595,2400722,3191748
3596,2400722,3191748
3597,2400722,3116454
3598,2400722,3142604
3599,2400722,3156210
3600,2400722,3156210
3601,2400722,3156210
3602,2400722,3156210
3603,2400722,3156210
3604,2400722,3478109
3605,2400722,3478109
3606,2400722,3814219
3607,2400722,3650778
3608,2400722,4212207
3609,2400722,4212207
3610,2400722,3806848
3611,2400722,3312257
3612,2400722,3312257
3613,2400722,3510349
3614,2400722,3510349
3615,2400722,3510349
3616,2400722,3510349
3617,2400722,3510349
3618,2400722,4024522
3619,2400722,4026229
3620,2400722,4298224
3621,2400722,3856375
3622,2400722,3816935
3623,2400722,3582913
3624,2400722,3337707
3625,2400722,2879603
3626,2400722,3209280
3627,2400722,3209280
3628,2400722,2926143
3629,2400722,2400722
3630,2400722,2467464
3631,2400722,2467464
3632,2400722,2467464
3633,2400722,2400722
3634,2400722,2400722
3635,2400722,2400722
3636,2400722,2400722
3637,2400722,2491033
3638,2400722,2491033
3639,2400722,2491033
3640,2400722,2491033
3641,2400722,2907466
3642,2400722,2903649
3643,2400722,2970391
3644,2400722,2497517
3645,2400722,2497517
3646,2400722,2535787
3647,2400722,2500127
3648,2400722,2500127
3649,2400722,2493754
3650,2400722,2493754
3651,2400722,2461122
3652,2400722,2498741
3653,2400722,2442405
3654,2400722,2442405
3655,2400722,2442405
3656,2400722,2460172
3657,2400722,2481965
3658,2400722,2925541
3659,2400722,2925541
3660,2400722,2870511
3661,2400722,2870511
3662,2400722,2870511
3663,2400722,2870511
3664,2400722,2870511
3665,2400722,2870511
3666,2400722,2870511
3667,2400722,2870511
3668,2400722,2870511
3669,2400722,2870511
3670,2400722,2870511
3671,2400722,2870511
3672,2400722,2870511
3673,2400722,2870511
3674,2400722,2868902
3675,2400722,2868902
3676,2400722,2868902
3677,2400722,2868902
3678,2400722,2868902
3679,2400722,2878882
3680,2400722,2914138
3681,2400722,2914138
3682,2400722,2914138
3683,2400722,2914138
3684,2400722,2833094
3685,2400722,2833094
3686,2400722,2798491
3687,2400722,2798491
3688,2400722,2798491
3689,2400722,2798491
3690,2400722,2798491
3691,2400722,2798491
3692,2400722,2798491
3693,2400722,2833094
3694,2400722,2806944
3695,2400722,2772341
3696,2400722,2772341
3697,2400722,2772341
3698,2400722,2772341
3699,2400722,2772341
3700,2400722,2772341
3701,2400722,2772341
3702,2400722,2772341
3703,2400722,2772341
3704,2400722,2772341
3705,2400722,2773297
3706,2400722,2773297
3707,2400722,2773297
3708,2400722,2773297
3709,2400722,2773297
3710,2400722,2773297
3711,2400722,2773297
3712,2400722,2773297
3713,2400722,2773297
3714,2400722,2773297
3715,2400722,2806944
3716,2400722,2772341
3717,2400722,2772341
3718,2400722,2772341
3719,2400722,2772341
3720,2400722,2772341
3721,2400722,2772341
3722,2400722,2772341
3723,2400722,2806944
3724,2400722,2772341
3725,2400722,2772341
3726,2400722,2772341
3727,2400722,2772341
3728,2400722,2772341
3729,2400722,2772341
3730,2400722,2772341
3731,2400722,2772341
3732,2400722,2772341
3733,2400722,2772341
3734,2400722,2772341
3735,2400722,2772341
3736,2400722,2772341
3737,2400722,2772341
3738,2400722,2772341
3739,2400722,2772341
3740,2400722,2772341
3741,2400722,2772341
3742,2400722,2772341
3743,2400722,2772341
3744,2400722,2772341
3745,2400722,2772341
3746,2400722,2772341
3747,2400722,2897993
3748,2400722,2772341
3749,2400722,2772341
3750,2400722,2772341
3751,2400722,2772341
3752,2400722,2772341
3753,2400722,2772341
3754,2400722,2772341
3755,2400722,2772341
3756,2400722,2791119
3757,2400722,2791119
3758,2400722,2791119
3759,2400722,2791119
3760,2400722,2772341
3761,2400722,2772341
3762,2400722,2772341
3763,2400722,2772341
3764,2400722,2772341
3765,2400722,2772341
3766,2400722,2772341
3767,2400722,2772341
3768,2400722,2772341
3769,2400722,2772341
3770,2400722,2772341
3771,2400722,2772341
3772,2400722,2772341
3773,2400722,2772341
3774,2400722,2772341
3775,2400722,2772341
3776,2400722,2772341
3777,2400722,2772341
3778,2400722,2772341
3779,2400722,2772341
3780,2400722,2772341
3781,2400722,2772341
3782,2400722,2772341
3783,2400722,2772341
3784,2400722,2772341
3785,2400722,2772341
3786,2400722,2772341
3787,2400722,2772341
3788,2400722,2772341
3789,2400722,2772341
3790,2400722,2772341
3791,2400722,2772341
3792,2400722,2806944
3793,2400722,2424716
3794,2400722,2424716
3795,2400722,2424716
3796,2400722,2424716
3797,2400722,2424716
3798,2400722,2424716
3799,2400722,2424716
3800,2400722,2424716
3801,2400722,2424716
3802,2400722,2424716
3803,2400722,2424716
3804,2400722,2424716
3805,2400722,2424716
3806,2400722,2424716
3807,2400722,2424716
3808,2400722,2424716
3809,2400722,2424716
3810,2400722,2424716
3811,2400722,2424716
3812,2400722,2424716
3813,2400722,2424716
3814,2400722,2424716
3815,2400722,2424716
3816,2400722,2424716
3817,2400722,2424716
3818,2400722,2424716
3819,2400722,2424716
3820,2400722,2424716
3821,2400722,2424716
3822,2400722,2424716
3823,2400722,2424716
3824,2400722,2424716
3825,2400722,2424716
3826,2400722,2424716
3827,2400722,2424716
3828,2400722,2424716
3829,2400722,2424716
3830,2400722,2424716
3831,2400722,2424716
3832,2400722,2424716
3833,2400722,2424716
3834,2400722,2424716
3835,2400722,2424716
3836,2400722,2424716
3837,2400722,2424716
3838,2400722,2424716
3839,2400722,2424716
3840,2400722,2424716
3841,2400722,2424716
3842,2400722,2424716
3843,2400722,2424716
3844,2400722,2424716
3845,2400722,2424716
3846,2400722,2424716
3847,2400722,2424716
3848,2400722,2443494
3849,2400722,2588892
3850,2400722,2588892
3851,2400722,2588892
3852,2400722,2588892
3853,2400722,2588892
3854,2400722,2588892
3855,2400722,2588892
3856,2400722,2588892
3857,2400722,2588892
3858,2400722,2588892
3859,2400722,2588892
3860,2400722,2588892
3861,2400722,2588892
3862,2400722,2588892
3863,2400722,2588892
3864,2400722,2588892
3865,2400722,2588892
3866,2400722,2588892
3867,2400722,2588892
3868,2400722,2570114
3869,2400722,2570114
3870,2400722,2570114
3871,2400722,2570114
3872,2400722,2570114
3873,2400722,2570114
3874,2400722,2570114
3875,2400722,2570114
3876,2400722,2570114
3877,2400722,2570114
3878,2400722,2570114
3879,2400722,2570114
3880,2400722,2570114
3881,2400722,2424716
3882,2400722,2424716
3883,2400722,2424716
3884,2400722,2424716
3885,2400722,2443494
3886,2400722,2424716
3887,2400722,2424716
3888,2400722,2424716
3889,2400722,2424716
3890,2400722,2424716
3891,2400722,2424716
3892,2400722,2424716
3893,2400722,2424716
3894,2400722,2424716
3895,2400722,2424716
3896,2400722,2424716
3897,2400722,2424716
3898,2400722,2491458
3899,2400722,2491458
3900,2400722,2491458
3901,2400722,2491458
3902,2400722,2491458
3903,2400722,2491458
3904,2400722,2491458
3905,2400722,2491458
3906,2400722,2491457
3907,2400722,2491457
3908,2400722,2491458
3909,2400722,2491458
3910,2400722,2443494
3911,2400722,2424716
3912,2400722,2424716
3913,2400722,2424716
3914,2400722,2424716
3915,2400722,2424716
3916,2400722,2424716
3917,2400722,2424716
3918,2400722,2424716
3919,2400722,2424716
3920,2400722,2424716
3921,2400722,2424716
3922,2400722,2424716
3923,2400722,2424716
3924,2400722,2424716
3925,2400722,2424716
3926,2400722,2424716
3927,2400722,2424716
3928,2400722,2424716
3929,2400722,2424716
3930,2400722,2424716
3931,2400722,2424716
3932,2400722,2424716
3933,2400722,2424716
3934,2400722,2424716
3935,2400722,2424716
3936,2400722,2424716
3937,2400722,2424716
3938,2400722,2424716
3939,2400722,2424716
3940,2400722,2424716
3941,2400722,2440794
3942,2400722,2466944
3943,2400722,2613141
3944,2400722,2440794
3945,2400722,2440794
3946,2400722,2440794
3947,2400722,2440794
3948,2400722,2440794
3949,2400722,2440794
3950,2400722,2613141
3951,2400722,2613141
3952,2400722,2450866
3953,2400722,2450866
3954,2400722,2450866
3955,2400722,2450866
3956,2400722,2450866
3957,2400722,2450866
3958,2400722,2450866
3959,2400722,2450866
3960,2400722,2450866
3961,2400722,2450866
3962,2400722,2450866
3963,2400722,2450866
3964,2400722,2450866
3965,2400722,2450866
3966,2400722,2450866
3967,2400722,2450866
3968,2400722,2450866
3969,2400722,2450866
3970,2400722,2450866
3971,2400722,2450866
3972,2400722,2450866
3973,2400722,2450866
3974,2400722,2450866
3975,2400722,2450866
3976,2400722,2450866
3977,2400722,2450866
3978,2400722,2450866
3979,2400722,2450866
3980,2400722,2450866
3981,2400722,2450866
3982,2400722,2450866
3983,2400722,2450866
3984,2400722,2450866
3985,2400722,2450866
3986,2400722,2450866
3987,2400722,2450866
3988,2400722,2450866
3989,2400722,2450866
3990,2400722,2450866
3991,2400722,2450866
3992,2400722,2450866
3993,2400722,2450866
3994,2400722,2450866
3995,2400722,2450866
3996,2400722,2424716
3997,2400722,2424716
3998,2400722,2424716
3999,2400722,2424716
4000,2400722,2424716
4001,2400722,2424716
4002,2400722,2424716
4003,2400722,2424716
4004,2400722,2424716
4005,2400722,2424716
4006,2400722,2424716
4007,2400722,2424716
4008,2400722,2424716
4009,2400722,2424716
4010,2400722,2424716
4011,2400722,2424716
4012,2400722,2424716
4013,2400722,2424716
4014,2400722,2424716
4015,2400722,2424716
4016,2400722,2424716
4017,2400722,2424716
4018,2400722,2424716
4019,2400722,3179803
4020,2400722,3179803
4021,2400722,3179803
4022,2400722,3179803
4023,2400722,3179803
4024,2400722,3179803
4025,2400722,2424716
4026,2400722,2424716
4027,2400722,2424716
4028,2400722,2424716
4029,2400722,2424716
4030,2400722,2866901
4031,2400722,2866901
4032,2400722,2866901
4033,2400722,2866901
4034,2400722,2893051
4035,2400722,2893051
4036,2400722,2859405
4037,2400722,2859405
4038,2400722,2859405
4039,2400722,2859405
4040,2400722,2858449
4041,2400722,2858449
4042,2400722,2858449
4043,2400722,2877227
4044,2400722,2851077
4045,2400722,2851077
4046,2400722,2851077
4047,2400722,2851077
4048,2400722,2851077
4049,2400722,2851077
4050,2400722,2851077
4051,2400722,2832299
4052,2400722,2832299
4053,2400722,2866901
4054,2400722,2866901
4055,2400722,2866901
4056,2400722,2866901
4057,2400722,2866901
4058,2400722,2866901
4059,2400722,2866901
4060,2400722,2866901
4061,2400722,2866901
4062,2400722,2832298
4063,2400722,2832298
4064,2400722,2832298
4065,2400722,2866901
4066,2400722,2885679
4067,2400722,2866901
4068,2400722,2866901
4069,2400722,2866901
4070,2400722,2866901
4071,2400722,2866901
4072,2400722,2866901
4073,2400722,2832298
4074,2400722,2832298
4075,2400722,2832299
4076,2400722,2833255
4077,2400722,2833255
4078,2400722,2833255
4079,2400722,2833255
4080,2400722,2833255
4081,2400722,2833255
4082,2400722,2833255
4083,2400722,2833255
4084,2400722,2833255
4085,2400722,2833255
4086,2400722,2833255
4087,2400722,2833255
4088,2400722,2833255
4089,2400722,2833255
4090,2400722,2833255
4091,2400722,2833255
4092,2400722,2833255
4093,2400722,2833255
4094,2400722,2833255
4095,2400722,2833255
4096,2400722,2833255
4097,2400722,3095242
4098,2400722,3128888
4099,2400722,3128888
4100,2400722,2686702
4101,2400722,2686702
4102,2400722,2686702
4103,2400722,2686702
4104,2400722,2686702
4105,2400722,2686702
4106,2400722,2686702
4107,2400722,2686703
4108,2400722,2686703
4109,2400722,2859050
4110,2400722,2597063
4111,2400722,2597063
4112,2400722,2597063
4113,2400722,2597063
4114,2400722,2597063
4115,2400722,2597063
4116,2400722,2597063
4117,2400722,2532638
4118,2400722,2436297
4119,2400722,2436297
4120,2400722,2436297
4121,2400722,2436297
4122,2400722,2436297
4123,2399649,2399649
4124,2399649,2399649
4125,2399649,2399649
4126,2399649,2399649
4127,2399649,2399649
4128,2399649,2399649
4129,2399649,2399649
4130,2399649,2399649
4131,2399649,2399649
4132,2399649,2766226
4133,2399649,2766226
4134,2399649,2766226
4135,2399649,2766226
4136,2399649,2766226
4137,2399649,2756118
4138,2399649,2756118
4139,2399649,2756118
4140,2399649,2756118
4141,2399649,2756118
4142,2399649,2756118
4143,2399649,2756118
4144,2399649,2756118
4145,2399649,2756118
4146,2399649,2756118
4147,2399649,2756118
4148,2399649,2756118
4149,2399649,2756118
4150,2399649,2756118
4151,2399649,2756118
4152,2399649,2756118
4153,2399649,2756118
4154,2399649,2756118
4155,2399649,2756118
4156,2399649,2756118
4157,2399649,2756118
4158,2399649,2756118
4159,2399649,2756118
4160,2399649,2756118
4161,2399649,2756118
4162,2399649,2756118
4163,2399649,2756118
4164,2399649,2756118
4165,2399649,2756118
4166,2399649,2756118
4167,2399649,2756118
4168,2399649,2756118
4169,2399649,2756118
4170,2399649,2756118
4171,2399649,2756118
4172,2399649,2756118
4173,2399649,2774896
4174,2399649,2774896
4175,2399649,2774896
4176,2399649,2774896
4177,2399649,2774896
4178,2399649,2774896
4179,2399649,2774896
4180,2399649,2774896
4181,2399649,2774896
4182,2399649,2774896
4183,2399649,2774896
4184,2399649,2756118
4185,2399649,2756118
4186,2399649,2756118
4187,2399649,2756118
4188,2399649,2756118
4189,2399649,2756118
4190,2399649,2756118
4191,2399649,2756118
4192,2399649,2774896
4193,2399649,2774896
4194,2399649,2774896
4195,2399649,2774896
4196,2399649,2774896
4197,2399649,2756118
4198,2399649,2756118
4199,2399649,2756118
4200,2399649,2756118
4201,2399649,2756118
4202,2399649,2756118
4203,2399649,2756118
4204,2399649,2756118
4205,2399649,2756118
4206,2399649,2756118
4207,2399649,2766226
4208,2399649,2756118
4209,2399649,2756118
4210,2399649,2774896
4211,2399649,2774896
4212,2399649,2774896
4213,2399649,2774896
4214,2399649,2774896
4215,2399649,2774896
4216,2399649,2774896
4217,2399649,2774896
4218,2399649,2774896
4219,2399649,2774896
4220,2399649,2774896
4221,2399649,2774896
4222,2399649,2774896
4223,2399649,2774896
4224,2399649,2774896
4225,2399649,2774896
4226,2399649,2774896
4227,2399649,2774896
4228,2399649,2774896
4229,2399649,2774896
4230,2399649,2774896
4231,2399649,2774896
4232,2399649,2774896
4233,2399649,2774896
4234,2399649,2774896
4235,2399649,2774896
4236,2399649,2774896
4237,2399649,2895908
4238,2399649,2879736
4239,2399649,2856889
4240,2399649,2856889
4241,2399649,2906016
4242,2399649,2906016
4243,2399649,2774896
4244,2399649,2774896
4245,2399649,2774896
4246,2399649,2756118
4247,2399649,2756118
4248,2399649,2756118
4249,2399649,2756118
4250,2399649,2756118
4251,2399649,2756118
4252,2399649,2756118
4253,2399649,2756118
4254,2399649,2756118
4255,2399649,2756118
4256,2399649,2756118
4257,2399649,2756118
4258,2399649,2756118
4259,2399649,2756118
4260,2399649,2756118
4261,2399649,2756118
4262,2399649,2756118
4263,2399649,2756118
4264,2399649,2756118
4265,2399649,2756118
4266,2399649,2774896
4267,2399649,2774896
4268,2399649,2774896
4269,2399649,2774896
4270,2399649,2774896
4271,2399649,2774896
4272,2399649,2774896
4273,2399649,2774896
4274,2399649,2774896
4275,2399649,2774896
4276,2399649,2774896
4277,2399649,2774896
4278,2399649,2774896
4279,2399649,2774896
4280,2399649,2774896
4281,2399649,2774896
4282,2399649,2774896
4283,2399649,2774896
4284,2399649,2774896
4285,2399649,2804850
4286,2399649,2937413
4287,2399649,2804850
4288,2399649,2804850
4289,2399649,2854088
4290,2399649,2854088
4291,2399649,2804850
4292,2399649,2804850
4293,2399649,2786072
4294,2399649,2786072
4295,2399649,2786072
4296,2399649,2786072
4297,2399649,2786072
4298,2399649,2786072
4299,2399649,2786072
4300,2399649,2786072
4301,2399649,2756118
4302,2399649,2888681
4303,2399649,2756118
4304,2399649,2756118
4305,2399649,2756118
4306,2399649,2756118
4307,2399649,2756118
4308,2399649,2756118
4309,2399649,3339581
4310,2399649,3307104
4311,2399649,3428116
4312,2399649,3369278
4313,2399649,3314330
4314,2399649,3314330
4315,2399649,3314330
4316,2399649,3328866
4317,2399649,3260447
4318,2399649,3314330
4319,2399649,2933633
4320,2399649,2933633
4321,2399649,2952411
4322,2399649,2952411
4323,2399649,2952411
4324,2399649,2948818
4325,2399649,2948818
4326,2399649,2948818
4327,2399649,2948818
4328,2399649,2948818
4329,2399649,2930040
4330,2399649,2933633
4331,2399649,2933633
4332,2399649,2933633
4333,2399649,2930040
4334,2399649,2930040
4335,2399649,2930040
4336,2399649,3548170
4337,2399649,3548905
4338,2399649,3526153
4339,2399649,3544931
4340,2399649,3544931
4341,2399649,3544931
4342,2399649,3526153
4343,2399649,3262849
4344,2399649,3262849
4345,2399649,3262849
4346,2399649,3262849
4347,2399649,4017936
4348,2399649,4017936
4349,2399649,3600280
4350,2399649,3600280
4351,2399649,2845193
4352,2399649,2845193
4353,2399649,2845193
4354,2399649,2845193
4355,2399649,2832335
4356,2399649,2832335
4357,2399649,2834417
4358,2399649,2834417
4359,2399649,2832335
4360,2399649,2832335
4361,2399649,3363864
4362,2399649,2832335
4363,2399649,2832335
4364,2399649,2832335
4365,2399649,2832335
4366,2399649,2832335
4367,2399649,2759529
4368,2399649,2759529
4369,2399649,2834417
4370,2399649,2766243
4371,2399649,2766243
4372,2399649,2766243
4373,2399649,2907420
4374,2399649,2907420
4375,2399649,2907420
4376,2399649,2907420
4377,2399649,2873773
4378,2399649,2873773
4379,2399649,2821426
4380,2399649,2778021
4381,2399649,2788125
4382,2399649,2788125
4383,2399649,2806903
4384,2399649,2769008
4385,2399649,2769008
4386,2399649,2769008
4387,2399649,2750230
4388,2399649,2750230
4389,2399649,2750230
4390,2399649,2750230
4391,2399649,2750230
4392,2399649,2750230
4393,2399649,2816972
4394,2399649,2816972
4395,2399649,2750230
4396,2399649,2769008
4397,2399649,2769008
4398,2399649,2769008
4399,2399649,2769008
4400,2399649,2769008
4401,2399649,3042046
4402,2399649,3023268
4403,2399649,3023268
4404,2399649,3023268
4405,2399649,3023268
4406,2399649,3023268
4407,2399649,3023268
4408,2399649,3049418
4409,2399649,3068196
4410,2399649,3068196
4411,2399649,3068196
4412,2399649,3068196
4413,2399649,3068196
4414,2399649,3049418
4415,2399649,3049418
4416,2399649,3049418
4417,2399649,3049418
4418,2399649,3049418
4419,2399649,3049418
4420,2399649,3049418
4421,2399649,3049418
4422,2399649,3049418
4423,2399649,2776380
4424,2399649,2776380
4425,2399649,2795158
4426,2399649,2795158
4427,2399649,2776380
4428,2399649,2776380
4429,2399649,2795158
4430,2399649,2776380
4431,2399649,2795158
4432,2399649,2795158
4433,2399649,2795158
4434,2399649,2795158
4435,2399649,2795158
4436,2399649,2795158
4437,2399649,2795158
4438,2399649,2795158
4439,2399649,2795158
4440,2399649,2795158
4441,2399649,2795158
4442,2399649,2795158
4443,2399649,2795158
4444,2399649,2776380
4445,2399649,2776380
4446,2399649,2776380
4447,2399649,2776380
4448,2399649,2776380
4449,2399649,2827785
4450,2399649,2827785
4451,2399649,2827785
4452,2399649,2816845
4453,2399649,2816845
4454,2399649,2786059
4455,2399649,2786059
4456,2399649,2786059
4457,2399649,2804362
4458,2399649,2804362
4459,2399649,2816845
4460,2399649,2727490
4461,2399649,2727490
4462,2399649,2696704
4463,2399649,2715482
4464,2399649,2715482
4465,2399649,2715482
4466,2399649,2748636
4467,2399649,2748636
4468,2399649,2748636
4469,2399649,2748636
4470,2399649,2729858
4471,2399649,2838008
4472,2399649,2838008
4473,2399649,2838008
4474,2399649,2856786
4475,2399649,2822183
4476,2399649,2822183
4477,2399649,2822183
4478,2399649,2822183
4479,2399649,2804837
4480,2399649,2804837
4481,2399649,2718923
4482,2399649,2718923
4483,2399649,2718923
4484,2399649,2718923
4485,2399649,2718923
4486,2399649,2718923
4487,2399649,2735073
4488,2399649,2744579
4489,2399649,2779182
4490,2399649,2779182
4491,2399649,2744579
4492,2399649,2744579
4493,2399649,2725801
4494,2399649,2761600
4495,2399649,2761600
4496,2399649,2761600
4497,2399649,2730814
4498,2399649,2719477
4499,2399649,2719477
4500,2399649,2719477
4501,2399649,2752094
4502,2399649,2721308
4503,2399649,2728248
4504,2399649,2728248
4505,2399649,2728248
4506,2399649,2838008
4507,2399649,2838008
4508,2399649,2804362
4509,2399649,2823140
4510,2399649,2822183
4511,2399649,2736269
4512,2399649,2736269
4513,2399649,2736269
4514,2399649,2736269
4515,2399649,2736269
4516,2399649,2769041
4517,2399649,2769041
4518,2399649,2769041
4519,2399649,2769041
4520,2399649,2750263
4521,2399649,2719477
4522,2399649,2726294
4523,2399649,2726294
4524,2399649,2726294
4525,2399649,2695748
4526,2399649,2695748
4527,2399649,2695748
4528,2399649,2695748
4529,2399649,2786059
4530,2399649,2786059
4531,2399649,2838008
4532,2399649,2750898
4533,2399649,2750898
4534,2399649,3214973
4535,2399649,3214973
4536,2399649,3214973
4537,2399649,3214973
4538,2399649,3214973
4539,2399649,3214973
4540,2399649,3214973
4541,2399649,3184427
4542,2399649,3184427
4543,2399649,3184427
4544,2399649,3213142
4545,2399649,3178539
4546,2399649,3599562
4547,2399649,3652986
4548,2399649,3652986
4549,2399649,3652986
4550,2399649,3302083
4551,2399649,3222869
4552,2399649,3188266
4553,2399649,3268437
4554,2399649,3287215
4555,2399649,3268912
4556,2399649,3213667
4557,2399649,3213667
4558,2399649,3213667
4559,2399649,3213667
4560,2399649,3194889
4561,2399649,3193810
4562,2399649,3163264
4563,2399649,3213142
4564,2399649,3178539
4565,2399649,3271297
4566,2399649,3271297
4567,2399649,3415562
4568,2399649,3415562
4569,2399649,3328692
4570,2399649,3328692
4571,2399649,3328692
4572,2399649,3328692
4573,2399649,3328692
4574,2399649,3328692
4575,2399649,3184427
4576,2399649,3184427
4577,2399649,3329825
4578,2399649,3447481
4579,2399649,3361567
4580,2399649,3361567
4581,2399649,3361567
4582,2399649,3326964
4583,2399649,3429289
4584,2399649,3429289
4585,2399649,3429289
4586,2399649,2965214
4587,2399649,2999817
4588,2399649,2999817
4589,2399649,2999817
4590,2399649,2966171
4591,2399649,2966171
4592,2399649,2966171
4593,2399649,2966171
4594,2399649,2966171
4595,2399649,2999817
4596,2399649,2999817
4597,2399649,2962243
4598,2399649,2875133
4599,2399649,2875133
4600,2399649,2906998
4601,2399649,2872395
4602,2399649,2905802
4603,2399649,2905802
4604,2399649,2871199
4605,2399649,2962243
4606,2399649,2981021
4607,2399649,2981021
4608,2399649,2893911
4609,2399649,2875133
4610,2399649,2904192
4611,2399649,2904192
4612,2399649,2904192
4613,2399649,2873646
4614,2399649,2875133
4615,2399649,2904192
4616,2399649,2904192
4617,2399649,2904192
4618,2399649,2904192
4619,2399649,2904192
4620,2399649,2904192
4621,2399649,2922970
4622,2399649,3265096
4623,2399649,3087554
4624,2399649,3883145
4625,2399649,3953005
4626,2399649,4150100
4627,2399649,4150100
4628,2399649,4263873
4629,2399649,4185493
4630,2399649,4185493
4631,2399649,4465171
4632,2399649,4397425
4633,2399649,3750054
4634,2399649,3763797
4635,2399649,3575168
4636,2399649,3281689
4637,2399649,3470318
4638,2399649,3470318
4639,2399649,3470318
4640,2399649,3470318
4641,2399649,3898357
4642,2399649,3709728
4643,2399649,3705947
4644,2399649,3705947
4645,2399649,3811066
4646,2399649,3811066
4647,2399649,3883395
4648,2399649,3839133
4649,2399649,4070832
4650,2399649,4050126
4651,2399649,4662961
4652,2399649,5196101
4653,2399649,5196101
4654,2399649,5759212
4655,2399649,5405365
4656,2399649,4895841
4657,2399649,4975476
4658,2399649,4933433
4659,2399649,4819554
4660,2399649,4625134
4661,2399649,4625134
4662,2399649,4259876
4663,2399649,4625134
4664,2399649,4625134
4665,2399649,5089209
4666,2399649,5559819
4667,2399649,5382014
4668,2399649,4957694
4669,2399649,4194418
4670,2399649,3662153
4671,2399649,3662153
4672,2399649,4245886
4673,2399649,4245886
4674,2399649,3662153
4675,2399649,3662153
4676,2399649,3563976
4677,2399649,4304944
4678,2399649,4642190
4679,2399649,5066570
4680,2399649,5451440
4681,2399649,5451440
4682,2399649,5066570
4683,2399649,5078385
4684,2399649,4878681
4685,2399649,4878681
4686,2399649,4878681
4687,2399649,4522595
4688,2399649,4522595
4689,2399649,4751651
4690,2399649,4751651
4691,2399649,5136521
4692,2399649,5136521
4693,2399649,5078002
4694,2399649,5487181
4695,2399649,5099643
4696,2399649,4924233
4697,2399649,4460663
4698,2399649,4019611
4699,2399649,3952797
4700,2399649,3952797
4701,2399649,4660826
4702,2399649,4629707
4703,2399649,4550072
4704,2399649,4596331
4705,2399649,4638598
4706,2399649,5057201
4707,2399649,5057201
4708,2399649,5057201
4709,2399649,4363271
4710,2399649,4363271
4711,2399649,4584684
4712,2399649,4584684
4713,2399649,4769980
4714,2399649,4799638
4715,2399649,4053371
4716,2399649,3790187
4717,2399649,3768326
4718,2399649,3778320
4719,2399649,3491057
4720,2399649,3727520
4721,2399649,4118333
4722,2399649,4118333
4723,2399649,3881870
4724,2399649,3831445
4725,2399649,3800408
4726,2399649,3461988
4727,2399649,3461988
4728,2399649,3461988
4729,2399649,3607386
4730,2399649,4167260
4731,2399649,4157822
4732,2399649,4157822
4733,2399649,3452550
4734,2399649,3452550
4735,2399649,3452550
4736,2399649,3487271
4737,2399649,4071004
4738,2399649,3992986
4739,2399649,4137251
4740,2399649,3981011
4741,2399649,3981011
4742,2399649,3534980
4743,2399649,3847175
4744,2399649,3843118
4745,2399649,3836648
4746,2399649,3836648
4747,2399649,3974785
4748,2399649,4241582
4749,2399649,3974634
4750,2399649,3794781
4751,2399649,3766109
4752,2399649,3966770
4753,2399649,3966770
4754,2399649,3729124
4755,2399649,3729124
4756,2399649,3729124
4757,2399649,3789898
4758,2399649,3617322
4759,2399649,4002192
4760,2399649,4669662
4761,2399649,5337026
4762,2399649,5423579
4763,2399649,5361029
4764,2399649,5496616
4765,2399649,4946132
4766,2399649,4060395
4767,2399649,3600922
4768,2399649,3600922
4769,2399649,3820126
4770,2399649,3674727
4771,2399649,4138801
4772,2399649,4224985
4773,2399649,4694723
4774,2399649,4174921
4775,2399649,4385199
4776,2399649,4630429
4777,2399649,4166354
4778,2399649,4205821
4779,2399649,4187043
4780,2399649,4222135
4781,2399649,4591592
4782,2399649,4904562
4783,2399649,4902102
4784,2399649,4765281
4785,2399649,4869185
4786,2399649,4850407
4787,2399649,4584212
4788,2399649,4352544
4789,2399649,4064914
4790,2399649,3829012
4791,2399649,3829012
4792,2399649,3587709
4793,2399649,3517572
4794,2399649,3514811
4795,2399649,2931078
4796,2399649,2949856
4797,2399649,2949856
4798,2399649,3186319
4799,2399649,3040921
4800,2399649,3185186
4801,2399649,3040921
4802,2399649,3349173
4803,2399649,3349173
4804,2399649,3341277
4805,2399649,3242877
4806,2399649,3244487
4807,2399649,3466645
4808,2399649,3158393
4809,2399649,3221062
4810,2399649,3134569
4811,2399649,3013279
4812,2399649,2972342
4813,2399649,3120261
4814,2399649,3083612
4815,2399649,3083612
4816,2399649,3083613
4817,2399649,3083613
4818,2399649,3744949
4819,2399649,4017987
4820,2399649,4601450
4821,2399649,3744949
4822,2399649,3028018
4823,2399649,3028018
4824,2399649,3028018
4825,2399649,3420753
4826,2399649,3777484
4827,2399649,3998312
4828,2399649,3501075
4829,2399649,3305548
4830,2399649,3305548
4831,2399649,3501075
4832,2399649,4310848
4833,2399649,4310848
4834,2399649,4390543
4835,2399649,4074385
4836,2399649,3487878
4837,2399649,3487878
4838,2399649,3131147
4839,2399649,3131147
4840,2399649,3057353
4841,2399649,3057353
4842,2399649,3057353
4843,2399649,2993014
4844,2399649,2949999
4845,2399649,2986568
4846,2399649,2986568
4847,2399649,2986568
4848,2399649,2986568
4849,2399649,3181878
4850,2399649,3656312
4851,2399649,3715018
4852,2399649,3644324
4853,2399649,3917362
4854,2399649,3689921
4855,2399649,3766286
4856,2399649,3650714
4857,2399649,3775696
4858,2399649,3735150
4859,2399649,3398311
4860,2399649,3386379
4861,2399649,3386379
4862,2399649,3015128
4863,2399649,2996350
4864,2399649,2996350
4865,2399649,3426075
4866,2399649,2996350
4867,2399649,3331123
4868,2399649,3299208
4869,2399649,3496303
4870,2399649,2976320
4871,2399649,3027750
4872,2399649,3507326
4873,2399649,4044800
4874,2399649,4044800
4875,2399649,3981335
4876,2399649,3944488
4877,2399649,3944488
4878,2399649,3507224
4879,2399649,2945664
4880,2399649,2900970
4881,2399649,2900970
4882,2399649,2922490
4883,2399649,3386565
4884,2399649,2829808
4885,2399649,2836449
4886,2399649,2836449
4887,2399649,2836449
4888,2399649,2836449
4889,2399649,2836449
4890,2399649,2836449
4891,2399649,3300524
4892,2399649,2726515
4893,2399649,2726515
4894,2399649,2716828
4895,2399649,2716828
4896,2399649,2716828
4897,2399649,2716828
4898,2399649,3482055
4899,2399649,3297347
4900,2399649,3297347
4901,2399649,3297347
4902,2399649,3617723
4903,2399649,3852683
4904,2399649,3433478
4905,2399649,3305184
4906,2399649,3305184
4907,2399649,3270370
4908,2399649,3270370
4909,2399649,3251285
4910,2399649,3454403
4911,2399649,3626870
4912,2399649,4020693
4913,2399649,4002278
4914,2399649,3991177
4915,2399649,4136575
4916,2399649,4286605
4917,2399649,4191922
4918,2399649,3835190
4919,2399649,3777894
4920,2399649,3777894
4921,2399649,4311033
4922,2399649,4324768
4923,2399649,4292439
4924,2399649,4894246
4925,2399649,4276115
4926,2399649,3808841
4927,2399649,3832483
4928,2399649,3796333
4929,2399649,3832483
4930,2399649,3851598
4931,2399649,4032599
4932,2399649,3867890
4933,2399649,3867230
4934,2399649,3867230
4935,2399649,4084624
4936,2399649,3888393
4937,2399649,4355667
4938,2399649,4375201
4939,2399649,4066739
4940,2399649,4053041
4941,2399649,3961407
4942,2399649,4050390
4943,2399649,4011174
4944,2399649,4047276
4945,2399649,3987264
4946,2399649,3975766
4947,2399649,4179859
4948,2399649,4198637
4949,2399649,3822575
4950,2399649,4468756
4951,2399649,4468756
4952,2399649,4528768
4953,2399649,4246330
4954,2399649,4012233
4955,2399649,4012233
4956,2399649,3867968
4957,2399649,4011839
4958,2399649,4395466
4959,2399649,4395466
4960,2399649,4060444
4961,2399649,4418239
4962,2399649,4418239
4963,2399649,5001972
4964,2399649,5181069
4965,2399649,4681689
4966,2399649,4681689
4967,2399649,4681689
4968,2399649,4415494
4969,2399649,4772185
4970,2399649,4772185
4971,2399649,5508494
4972,2399649,5471811
4973,2399649,5001381
4974,2399649,4970321
4975,2399649,4773470
4976,2399649,4592066
4977,2399649,4235334
4978,2399649,4235334
4979,2399649,4734822
4980,2399649,4331546
4981,2399649,4331546
4982,2399649,4331546
4983,2399649,4510718
4984,2399649,4624388
4985,2399649,5088462
4986,2399649,5084697
4987,2399649,5645625
4988,2399649,5622940
4989,2399649,5622940
4990,2399649,5571069
4991,2399649,5106994
4992,2399649,5373078
4993,2399649,5373078
4994,2399649,6085736
4995,2399649,5995603
4996,2399649,5992961
4997,2399649,5644083
4998,2399649,4841423
4999,2399649,4799612
5000,2399649,4570556
5001,2399649,4835742
5002,2399649,4835742
5003,2399649,4087374
5004,2399649,3358113
5005,2399649,3587169
5006,2399649,3465879
5007,2399649,3161692
5008,2399649,3131519
5009,2399649,2996089
5010,2399649,2996089
5011,2399649,2996089
5012,2399649,3222220
5013,2399649,3367619
5014,2399649,3629606
5015,2399649,4068745
5016,2399649,4800101
5017,2399649,4538114
5018,2399649,3832842
5019,2399649,3620713
5020,2399649,4084788
5021,2399649,4387749
5022,2399649,4881487
5023,2399649,4881487
5024,2399649,4955152
5025,2399649,5094314
5026,2399649,4704521
5027,2399649,4685743
5028,2399649,4685743
5029,2399649,4662966
5030,2399649,5228878
5031,2399649,5057975
5032,2399649,5064392
5033,2399649,4939828
5034,2399649,4976047
5035,2399649,4442907
5036,2399649,4086175
5037,2399649,4140079
5038,2399649,3672805
5039,2399649,3672805
5040,2399649,3868332
5041,2399649,3860676
5042,2399649,3860676
5043,2399649,3646410
5044,2399649,3646410
5045,2399649,3646410
5046,2399649,3501012
5047,2399649,3574161
5048,2399649,3852198
5049,2399649,3752885
5050,2399649,3580548
5051,2399649,4048321
5052,2399649,3565877
5053,2399649,3565877
5054,2399649,3533132
5055,2399649,3937153
5056,2399649,3485109
5057,2399649,3994597
5058,2399649,3879604
5059,2399649,3491937
5060,2399649,3527029
5061,2399649,3761211
5062,2399649,3263991
5063,2399649,3066896
5064,2399649,2969320
5065,2399649,2907100
5066,2399649,3540821
5067,2399649,2957358
5068,2399649,2896349
5069,2399649,2899639
5070,2399649,3460567
5071,2399649,3460567
5072,2399649,3321887
5073,2399649,3788340
5074,2399649,4321480
5075,2399649,3890281
5076,2399649,3855027
5077,2399649,4070255
5078,2399649,4276833
5079,2399649,3826536
5080,2399649,3896020
5081,2399649,3862015
5082,2399649,3894827
5083,2399649,3862015
5084,2399649,3862015
5085,2399649,3862015
5086,2399649,3862015
5087,2399649,4199956
5088,2399649,3815086
5089,2399649,4208210
5090,2399649,4716903
5091,2399649,4716903
5092,2399649,4252828
5093,2399649,4398227
5094,2399649,4340473
5095,2399649,4195075
5096,2399649,4176504
5097,2399649,4505462
5098,2399649,4115444
5099,2399649,4223913
5100,2399649,4223913
5101,2399649,4524055
5102,2399649,3792331
5103,2399649,3937729
5104,2399649,3522423
5105,2399649,3745618
5106,2399649,3446429
5107,2399649,3446429
5108,2399649,4060038
5109,2399649,4040862
5110,2399649,4570548
5111,2399649,5037676
5112,2399649,4570403
5113,2399649,4570403
5114,2399649,4560711
5115,2399649,4553867
5116,2399649,4225147
5117,2399649,4207832
5118,2399649,3738383
5119,2399649,3738383
5120,2399649,3757161
5121,2399649,3748452
5122,2399649,3748452
5123,2399649,3878349
5124,2399649,3935253
5125,2399649,3877262
5126,2399649,3877262
5127,2399649,3721656
5128,2399649,3226182
5129,2399649,3226182
5130,2399649,3704840
5131,2399649,4200487
5132,2399649,4641636
5133,2399649,4855455
5134,2399649,4359619
5135,2399649,4237647
5136,2399649,3585860
5137,2399649,3585860
5138,2399649,4169593
5139,2399649,4169593
5140,2399649,4341940
5141,2399649,3871976
5142,2399649,4205758
5143,2399649,4569121
5144,2399649,4428535
5145,2399649,4574399
5146,2399649,4574399
5147,2399649,3901251
5148,2399649,4647159
5149,2399649,4924741
5150,2399649,4531617
5151,2399649,4093196
5152,2399649,4170415
5153,2399649,4055227
5154,2399649,4016594
5155,2399649,4016594
5156,2399649,3280140
5157,2399649,3280140
5158,2399649,3280140
5159,2399649,3280140
5160,2399649,4016594
5161,2399649,4027088
5162,2399649,4256144
5163,2399649,3338743
5164,2399649,3262963
5165,2399649,3262963
5166,2399649,3408362
5167,2399649,4096707
5168,2399649,4038272
5169,2399649,3285377
5170,2399649,3272627
5171,2399649,3306737
5172,2399649,3306737
5173,2399649,3162243
5174,2399649,3160902
5175,2399649,3637917
5176,2399649,3638062
5177,2399649,3170289
5178,2399649,3167790
5179,2399649,3677278
5180,2399649,3167790
5181,2399649,3149012
5182,2399649,3378068
5183,2399649,3816848
5184,2399649,3816848
5185,2399649,3816848
5186,2399649,3473693
5187,2399649,3473693
5188,2399649,3244637
5189,2399649,3712410
5190,2399649,3856675
5191,2399649,3856675
5192,2399649,3388902
5193,2399649,3902899
5194,2399649,4223405
5195,2399649,4061595
5196,2399649,3603654
5197,2399649,3603654
5198,2399649,3771027
5199,2399649,3771027
5200,2399649,3771027
5201,2399649,3887887
5202,2399649,3887887
5203,2399649,3981136
5204,2399649,3482130
5205,2399649,3482130
5206,2399649,3574543
5207,2399649,3587104
5208,2399649,3497386
5209,2399649,3432618
5210,2399649,3761102
5211,2399649,3432618
5212,2399649,4120963
5213,2399649,3455672
5214,2399649,3455672
5215,2399649,3455672
5216,2399649,3455672
5217,2399649,3455672
5218,2399649,3400573
5219,2399649,3442839
5220,2399649,3493733
5221,2399649,3794079
5222,2399649,4030542
5223,2399649,4030542
5224,2399649,4020420
5225,2399649,3659517
5226,2399649,3609716
5227,2399649,3569632
5228,2399649,4101897
5229,2399649,4101897
5230,2399649,4027688
5231,2399649,3791225
5232,2399649,4374958
5233,2399649,4374958
5234,2399649,4374958
5235,2399649,4383892
5236,2399649,4595563
5237,2399649,4383892
5238,2399649,3800159
5239,2399649,3800159
5240,2399649,3800159
5241,2399649,3800159
5242,2399649,3800159
5243,2399649,4029215
5244,2399649,4029215
5245,2399649,4492791
5246,2399649,4492791
5247,2399649,4456692
5248,2399649,4693155
5249,2399649,4225881
5250,2399649,4242472
5251,2399649,4242472
5252,2399649,4013416
5253,2399649,4285412
5254,2399649,4048949
5255,2399649,3763345
5256,2399649,3763345
5257,2399649,3975016
5258,2399649,4380001
5259,2399649,4089888
5260,2399649,4089888
5261,2399649,4462645
5262,2399649,4462645
5263,2399649,4462645
5264,2399649,4058963
5265,2399649,4093188
5266,2399649,3821192
5267,2399649,3819822
5268,2399649,3984419
5269,2399649,3795790
5270,2399649,4085903
5271,2399649,4085903
5272,2399649,4085903
5273,2399649,4802096
5274,2399649,5074092
5275,2399649,5074092
5276,2399649,5074092
5277,2399649,5074092
5278,2399649,4321191
5279,2399649,4284733
5280,2399649,4284733
5281,2399649,4284733
5282,2399649,4021549
5283,2399649,4252626
5284,2399649,4988935
5285,2399649,4994847
5286,2399649,4239760
5287,2399649,3990013
5288,2399649,3403054
5289,2399649,3411000
5290,2399649,3390100
5291,2399649,2899338
5292,2399649,2899338
5293,2399649,2899338
5294,2399649,2422761
5295,2399649,2422761
5296,2399649,2464134
5297,2399649,2762757
5298,2399649,2762757
5299,2399649,2762757
5300,2399649,2762757
5301,2399649,2762757
5302,2399649,2762757
5303,2399649,2762757
5304,2399649,2762757
5305,2399649,3245610
5306,2399649,3245610
5307,2399649,3245610
5308,2399649,3245610
5309,2399649,3300420
5310,2399649,3266774
5311,2399649,3300420
5312,2399649,2836345
5313,2399649,3211479
5314,2399649,3440535
5315,2399649,3689617
5316,2399649,3670839
5317,2399649,3640053
5318,2399649,3640053
5319,2399649,3640053
5320,2399649,3172779
5321,2399649,2928638
5322,2399649,2959424
5323,2399649,2959424
5324,2399649,2959424
5325,2399649,2959424
5326,2399649,2959424
5327,2399649,3683725
5328,2399649,3872354
5329,2399649,3818700
5330,2399649,3818700
5331,2399649,3818700
5332,2399649,4379628
5333,2399649,4525027
5334,2399649,4503210
5335,2399649,4588528
5336,2399649,4529431
5337,2399649,4052731
5338,2399649,4381689
5339,2399649,4381689
5340,2399649,4191530
5341,2399649,4714726
5342,2399649,4714726
5343,2399649,4714726
5344,2399649,3959639
5345,2399649,3959639
5346,2399649,3844626
5347,2399649,4023665
5348,2399649,3692543
5349,2399649,3692543
5350,2399649,4099827
5351,2399649,3965413
5352,2399649,4114841
5353,2399649,4149933
5354,2399649,4149933
5355,2399649,4000506
5356,2399649,4000506
5357,2399649,4432778
5358,2399649,4067585
5359,2399649,3533942
5360,2399649,2951087
5361,2399649,2951087
5362,2399649,2951087
5363,2399649,2951087
5364,2399649,2890465
5365,2399649,2890465
5366,2399649,2890464
5367,2399649,2890464
5368,2399649,2878494
5369,2399649,2878494
5370,2399649,2986419
5371,2399649,2986419
5372,2399649,2967641
5373,2399649,2952116
5374,2399649,2816686
5375,2399649,2885857
5376,2399649,2765007
5377,2399649,2765007
5378,2399649,2765007
5379,2399649,2765007
5380,2399649,2765007
5381,2399649,2976678
5382,2399649,2976678
5383,2399649,3047400
5384,2399649,2859995
5385,2399649,2859995
5386,2399649,2856707
5387,2399649,3352775
5388,2399649,3295715
5389,2399649,3295715
5390,2399649,3295715
5391,2399649,2827785
5392,2399649,2973183
5393,2399649,2973183
5394,2399649,2919516
5395,2399649,2938294
5396,2399649,3503249
5397,2399649,3503249
5398,2399649,2919516
5399,2399649,2946555
5400,2399649,2946555
5401,2399649,2946555
5402,2399649,3362069
5403,2399649,3868679
5404,2399649,3362134
5405,2399649,3354620
5406,2399649,2710285
5407,2399649,3073648
5408,2399649,3073648
5409,2399649,2696189
5410,2399649,3186843
5411,2399649,3339082
5412,2399649,2896896
5413,2399649,2670444
5414,2399649,2670444
5415,2399649,2670444
5416,2399649,2670444
5417,2399649,2670444
5418,2399649,2670444
5419,2399649,3134519
5420,2399649,3134519
5421,2399649,3407557
5422,2399649,3151243
5423,2399649,2687168
5424,2399649,2687168
5425,2399649,2913619
5426,2399649,2467588
5427,2399649,2450865
5428,2399649,2450865
5429,2399649,2450865
5430,2399649,2450865
5431,2399649,2893051
5432,2399649,2893051
5433,2399649,3047077
5434,2399649,3047077
5435,2399649,2858448
5436,2399649,2832298
5437,2399649,3412517
5438,2399649,2832299
5439,2399649,3331679
5440,2399649,2858805
5441,2399649,2858805
5442,2399649,2858805
5443,2399649,2858805
5444,2399649,3331679
5445,2399649,2836032
5446,2399649,2893407
5447,2399649,3129870
5448,2399649,3129870
5449,2399649,3129870
5450,2399649,3129870
5451,2399649,3285336
5452,2399649,3179040
5453,2399649,3476509
5454,2399649,3940584
5455,2399649,4498061
5456,2399649,4571155
5457,2399649,4865227
5458,2399649,4844749
5459,2399649,4809624
5460,2399649,4827062
5461,2399649,5322788
5462,2399649,5347044
5463,2399649,4929114
5464,2399649,4895842
5465,2399649,4929114
5466,2399649,4219837
5467,2399649,4219837
5468,2399649,4208457
5469,2399649,4246352
5470,2399649,3635194
5471,2399649,4065800
5472,2399649,3800527
5473,2399649,3291929
5474,2399649,3103300
5475,2399649,2761472
5476,2399649,3041850
5477,2399649,3041850
5478,2399649,3041850
5479,2399649,3509124
5480,2399649,3992792
5481,2399649,3777795
5482,2399649,3777795
5483,2399649,3254346
5484,2399649,2790271
5485,2399649,2790271
5486,2399649,3425280
5487,2399649,3012723
5488,2399649,3012723
5489,2399649,3012723
5490,2399649,3012723
5491,2399649,3454682
5492,2399649,3454682
5493,2399649,3722342
5494,2399649,3849559
5495,2399649,3784152
5496,2399649,3761822
5497,2399649,3540860
5498,2399649,3073586
5499,2399649,3073586
5500,2399649,3572966
5501,2399649,4078782
5502,2399649,4078782
5503,2399649,3957770
5504,2399649,3957770
5505,2399649,3957770
5506,2399649,4592779
5507,2399649,4361955
5508,2399649,4361955
5509,2399649,3891991
5510,2399649,3966162
5511,2399649,4342504
5512,2399649,4421514
5513,2399649,4421514
5514,2399649,4032204
5515,2399649,4421514
5516,2399649,3843124
5517,2399649,3840160
5518,2399649,3453869
5519,2399649,3453869
5520,2399649,3434381
5521,2399649,3395350
5522,2399649,3928490
5523,2399649,3928490
5524,2399649,3841269
5525,2399649,3841269
5526,2399649,4309101
5527,2399649,4309101
5528,2399649,4600149
5529,2399649,4872144
5530,2399649,4420329
5531,2399649,4163369
5532,2399649,4139856
5533,2399649,4139856
5534,2399649,3784416
5535,2399649,4147779
5536,2399649,4290718
5537,2399649,4517170
5538,2399649,4679223
5539,2399649,4233192
5540,2399649,4661860
5541,2399649,4637442
5542,2399649,4109299
5543,2399649,4537952
5544,2399649,4457348
5545,2399649,4151922
5546,2399649,3775958
5547,2399649,3712787
5548,2399649,3701589
5549,2399649,4058068
5550,2399649,3549470
5551,2399649,3905556
5552,2399649,4371241
5553,2399649,4371241
5554,2399649,4423146
5555,2399649,4384870
5556,2399649,4384870
5557,2399649,4042744
5558,2399649,4042744
5559,2399649,4171551
5560,2399649,4452706
5561,2399649,4452706
5562,2399649,4689043
5563,2399649,4660612
5564,2399649,5393158
5565,2399649,5012167
5566,2399649,5010208
5567,2399649,5155607
5568,2399649,5155607
5569,2399649,4662303
5570,2399649,5345305
5571,2399649,5329925
5572,2399649,4862152
5573,2399649,4862152
5574,2399649,4609823
5575,2399649,4609823
5576,2399649,4609823
5577,2399649,4194772
5578,2399649,4556772
5579,2399649,4556772
5580,2399649,4590193
5581,2399649,4575770
5582,2399649,4575770
5583,2399649,3879407
5584,2399649,3849270
5585,2399649,3361803
5586,2399649,3371711
5587,2399649,3371711
5588,2399649,3936098
5589,2399649,3918574
5590,2399649,4623846
5591,2399649,4547342
5592,2399649,4123651
5593,2399649,4395647
5594,2399649,4395647
5595,2399649,4395647
5596,2399649,4395647
5597,2399649,4395647
5598,2399649,3978253
5599,2399649,3978253
5600,2399649,3289908
5601,2399649,3690817
5602,2399649,3690817
5603,2399649,3690817
5604,2399649,4062369
5605,2399649,4062369
5606,2399649,3594596
5607,2399649,3102839
5608,2399649,2731287
5609,2399649,2731287
5610,2399649,3224173
5611,2399649,3599970
5612,2399649,3599970
5613,2399649,3132197
5614,2399649,3132197
5615,2399649,3132197
5616,2399649,3132197
5617,2399649,2693776
5618,2399649,2679419
5619,2399649,2679419
5620,2399649,2679419
5621,2399649,2908475
5622,2399649,3492208
5623,2399649,3011128
5624,2399649,2399649
5625,2399649,2399649
5626,2399649,2399649
5627,2399649,2399649
5628,2399649,2399649
5629,2399649,2399649
5630,2399649,2399649
5631,2399649,2399649
5632,2399649,2399649
5633,2399649,2418427
5634,2399649,2418427
5635,2399649,2418427
5636,2399649,2418427
5637,2399649,2418427
5638,2399649,2763012
5639,2399649,2763012
5640,2399649,2763012
5641,2399649,2763012
5642,2399649,2763012
5643,2399649,2763012
5644,2399649,2763012
5645,2399649,2763012
5646,2399649,2763012
5647,2399649,2763012
5648,2399649,2763012
5649,2399649,2763012
5650,2399649,2763012
5651,2399649,2763012
5652,2399649,2763012
5653,2399649,2763012
5654,2399649,2763012
5655,2399649,2763012
5656,2399649,2763012
5657,2399649,2763012
5658,2399649,2763012
5659,2399649,2763012
5660,2399649,2763012
5661,2399649,2763012
5662,2399649,2763012
5663,2399649,2763012
5664,2399649,2763012
5665,2399649,2763012
5666,2399649,2763012
5667,2399649,2763012
5668,2399649,2763012
5669,2399649,2763012
5670,2399649,2763012
5671,2399649,2763012
5672,2399649,2763012
5673,2399649,2763012
5674,2399649,2763012
5675,2399649,2763012
5676,2399649,2763012
5677,2399649,2763012
5678,2399649,2763012
5679,2399649,2418427
5680,2399649,2418427
5681,2399649,2418427
5682,2399649,2418427
5683,2399649,2399649
5684,2399649,2399649
5685,2399649,2399649
5686,2399649,2399649
5687,2399649,2399649
5688,2399649,2399649
5689,2399649,2399649
5690,2399649,2399649
5691,2399649,2469321
5692,2399649,2469321
5693,2399649,2399649
5694,2399649,2399649
5695,2399649,2399649
5696,2399649,2399649
5697,2399649,2399649
5698,2399649,2399649
5699,2399649,2399649
5700,2399649,2399649
5701,2399649,2399649
5702,2399649,2399649
5703,2399649,2399649
5704,2399649,2418427
5705,2399649,2418427
5706,2399649,2418427
5707,2399649,2418427
5708,2399649,2418427
5709,2399649,2399649
5710,2399649,2399649
5711,2399649,2399649
5712,2399649,2399649
5713,2399649,2399649
5714,2399649,2399649
5715,2399649,2399649
5716,2399649,2399649
5717,2399649,2399649
5718,2399649,2399649
5719,2399649,2399649
5720,2399649,2399649
5721,2399649,2399649
5722,2399649,2399649
5723,2399649,2399649
5724,2399649,2399649
5725,2399649,2399649
5726,2399649,2399649
5727,2399649,2399649
5728,2399649,2399649
5729,2399649,2399649
5730,2399649,2399649
5731,2399649,2399649
5732,2399649,2399649
5733,2399649,2399649
5734,2399649,2399649
5735,2399649,2399649
5736,2399649,2399649
5737,2399649,2399649
5738,2399649,2399649
5739,2399649,2399649
5740,2399649,2418427
5741,2399649,2418427
5742,2399649,2418427
5743,2399649,2418427
5744,2399649,2418427
5745,2399649,2418427
5746,2399649,2418427
5747,2399649,2418427
5748,2399649,2418427
5749,2399649,2399649
5750,2399649,2399649
5751,2399649,2399649
5752,2399649,2399649
5753,2399649,2399649
5754,2399649,2399649
5755,2399649,2399649
5756,2399649,2399649
5757,2399649,2399649
5758,2399649,2399649
5759,2399649,2399649
5760,2399649,2399649
5761,2399649,2399649
5762,2399649,2399649
5763,2399649,2399649
5764,2399649,2399649
5765,2399649,2399649
5766,2399649,2399649
5767,2399649,2399649
5768,2399649,2399649
5769,2397661,2397661
5770,2397661,2397661
5771,2397661,2397661
5772,2397661,2397661
5773,2397661,2397661
5774,2397661,2397661
5775,2397661,2397661
5776,2397661,2397661
5777,2397661,2518673
5778,2397661,2518673
5779,2397661,2469546
5780,2397661,2553834
5781,2397661,2521016
5782,2397661,2521016
5783,2397661,2521016
5784,2397661,2629877
5785,2397661,2522104
5786,2397661,2479303
5787,2397661,2446005
5788,2397661,2518390
5789,2397661,2518390
5790,2397661,2518390
5791,2397661,3018134
5792,2397661,3470687
5793,2397661,3470687
5794,2397661,3470687
5795,2397661,3470687
5796,2397661,3470687
5797,2397661,3470687
5798,2397661,3470687
5799,2397661,3470687
5800,2397661,3470687
5801,2397661,3470687
5802,2397661,3470687
5803,2397661,3470687
5804,2397661,3470687
5805,2397661,3405639
5806,2397661,3405639
5807,2397661,3405639
5808,2397661,3405639
5809,2397661,3405639
5810,2397661,3405639
5811,2397661,3397705
5812,2397661,3518717
5813,2397661,3045843
5814,2397661,3045843
5815,2397661,3045843
5816,2397661,3045843
5817,2397661,3045843
5818,2397661,3017399
5819,2397661,3017399
5820,2397661,3017399
5821,2397661,3017399
5822,2397661,3017399
5823,2397661,3017399
5824,2397661,3005532
5825,2397661,3005532
5826,2397661,3005532
5827,2397661,3005532
5828,2397661,3005532
5829,2397661,3024310
5830,2397661,3024310
5831,2397661,3024310
5832,2397661,3005532
5833,2397661,3005532
5834,2397661,2995822
5835,2397661,3066558
5836,2397661,3066558
5837,2397661,3066558
5838,2397661,3066558
5839,2397661,3085336
5840,2397661,3085336
5841,2397661,3066558
5842,2397661,3066558
5843,2397661,3066558
5844,2397661,3066558
5845,2397661,3066558
5846,2397661,3085336
5847,2397661,3085336
5848,2397661,3107452
5849,2397661,3078327
5850,2397661,3078327
5851,2397661,3078327
5852,2397661,3078327
5853,2397661,3078327
5854,2397661,3078327
5855,2397661,3078327
5856,2397661,3057867
5857,2397661,3025022
5858,2397661,3025022
5859,2397661,3072110
5860,2397661,3072110
5861,2397661,3072110
5862,2397661,3072110
5863,2397661,3072110
5864,2397661,3072110
5865,2397661,3072110
5866,2397661,3072110
5867,2397661,3090888
5868,2397661,3064099
5869,2397661,3064099
5870,2397661,3064099
5871,2397661,3064099
5872,2397661,3063363
5873,2397661,3063363
5874,2397661,3063363
5875,2397661,3063363
5876,2397661,3063363
5877,2397661,3063363
5878,2397661,3065081
5879,2397661,3065081
5880,2397661,3065081
5881,2397661,3065081
5882,2397661,3065081
5883,2397661,2597308
5884,2397661,2597308
5885,2397661,2597308
5886,2397661,2597308
5887,2397661,2559478
5888,2397661,2516776
5889,2397661,2442360
5890,2397661,2442360
5891,2397661,2906435
5892,2397661,2906435
5893,2397661,2442360
5894,2397661,2442360
5895,2397661,2442360
5896,2397661,2442360
5897,2397661,2648705
5898,2397661,2648705
5899,2397661,2623009
5900,2397661,2635974
5901,2397661,2938935
5902,2397661,2938935
5903,2397661,2924399
5904,2397661,2924399
5905,2397661,2924399
5906,2397661,2924399
5907,2397661,2934284
5908,2397661,2934284
5909,2397661,2992541
5910,2397661,2992541
5911,2397661,2950786
5912,2397661,2950786
5913,2397661,2878911
5914,2397661,2878911
5915,2397661,3158598
5916,2397661,3085535
5917,2397661,3051007
5918,2397661,3420464
5919,2397661,3420464
5920,2397661,3420464
5921,2397661,3420464
5922,2397661,3420464
5923,2397661,3392987
5924,2397661,3392987
5925,2397661,3131000
5926,2397661,3080934
5927,2397661,3080934
5928,2397661,3050761
5929,2397661,2828834
5930,2397661,2828834
5931,2397661,2768977
5932,2397661,2768977
5933,2397661,2402400
5934,2397661,2402400
5935,2397661,2402400
5936,2397661,2438307
5937,2397661,2438307
5938,2397661,2438307
5939,2397661,2428550
5940,2397661,2428550
5941,2397661,2428550
5942,2397661,2428550
5943,2397661,2428550
5944,2397661,2428550
5945,2397661,2428550
5946,2397661,2428550
5947,2397661,2428550
5948,2397661,2428550
5949,2397661,2428550
5950,2397661,2428550
5951,2397661,2428550
5952,2397661,2428550
5953,2397661,2428550
5954,2397661,2428550
5955,2397661,2428550
5956,2397661,2428550
5957,2397661,2428550
5958,2397661,2398150
5959,2397661,2398150
5960,2397661,2398150
5961,2397661,2398150
5962,2397661,2398150
5963,2397661,2398150
5964,2397661,2398150
5965,2397661,2428550
5966,2397661,2428550
5967,2397661,2428550
5968,2397661,2428550
5969,2397661,2428550
5970,2397661,2428550
5971,2397661,2428550
5972,2397661,2428550
5973,2397661,2428550
5974,2397661,2428550
5975,2397661,2428550
5976,2397661,2439537
5977,2397661,2439537
5978,2397661,2439537
5979,2397661,2439537
5980,2397661,2439537
5981,2397661,2458315
5982,2397661,2458315
5983,2397661,2458315
5984,2397661,2439537
5985,2397661,2439537
5986,2397661,2439537
5987,2397661,2439537
5988,2397661,2439537
5989,2397661,2439537
5990,2397661,2428550
5991,2397661,2428550
5992,2397661,2428550
5993,2397661,2428550
5994,2397661,2428550
5995,2397661,2428550
5996,2397661,2428550
5997,2397661,2402400
5998,2397661,2479097
5999,2397661,2479097
6000,2397661,2479097
6001,2397661,2479097
6002,2397661,2398150
6003,2397661,2398150
6004,2397661,2432678
6005,2397661,2432678
6006,2397661,2428323
6007,2397661,2428323
6008,2397661,2428323
6009,2397661,2428323
6010,2397661,2439310
6011,2397661,2439310
6012,2397661,2439310
6013,2397661,2439310
6014,2397661,2439310
6015,2397661,2461883
6016,2397661,2466238
6017,2397661,2466238
6018,2397661,2466238
6019,2397661,2461883
6020,2397661,2461883
6021,2397661,2461883
6022,2397661,2461883
6023,2397661,2426758
6024,2397661,2426758
6025,2397661,2426758
6026,2397661,2426758
6027,2397661,2426758
6028,2397661,2426758
6029,2397661,2426758
6030,2397661,2426758
6031,2397661,2426758
6032,2397661,2426758
6033,2397661,2426758
6034,2397661,2426758
6035,2397661,2424770
6036,2397661,2405992
6037,2397661,2405992
6038,2397661,2405992
6039,2397661,2405992
6040,2397661,2424770
6041,2397661,2424770
6042,2397661,2424770
6043,2397661,2853771
6044,2397661,2864758
6045,2397661,2864758
6046,2397661,2845980
6047,2397661,2845980
6048,2397661,2405992
6049,2397661,2424770
6050,2397661,2424770
6051,2397661,2424770
6052,2397661,2424770
6053,2394816,2394816
6054,2394816,2394816
6055,2394816,2394816
6056,2394816,2394816
6057,2394816,2394816
6058,2394816,2394816
6059,2394816,2394816
6060,2394816,2394816
6061,2394816,2394816
6062,2394816,2394816
6063,2394816,2394816
6064,2394816,2394816
6065,2394816,2394816
6066,2394816,2394816
6067,2394816,2394816
6068,2394816,2394816
6069,2394816,2394816
6070,2394816,2394816
6071,2394816,2394816
6072,2394816,2394816
6073,2394816,2394816
6074,2394816,2394816
6075,2394816,2394816
6076,2394816,2394816
6077,2394816,2394816
6078,2394816,2394816
6079,2394816,2394816
6080,2394816,2394816
6081,2394816,2394816
6082,2394816,2394816
6083,2394816,2394816
6084,2394816,2394816
6085,2376038,2376038
6086,2376038,2497050
6087,2376038,2497050
6088,2376038,2448226
6089,2376038,2448226
6090,2376038,2448226
6091,2376038,2448226
6092,2376038,2448226
6093,2376038,2418705
6094,2376038,2418705
6095,2376038,2418705
6096,2376038,2385407
6097,2376038,2385407
6098,2376038,2404185
6099,2376038,2404185
6100,2376038,2404185
6101,2376038,2404185
6102,2376038,2404185
6103,2376038,2404185
6104,2376038,2404185
6105,2376038,2404185
6106,2376038,2775012
6107,2376038,2775012
6108,2376038,2775012
6109,2376038,2756234
6110,2376038,2756234
6111,2376038,2756234
6112,2376038,2756234
6113,2376038,2756234
6114,2376038,2756234
6115,2376038,2805104
6116,2376038,2805104
6117,2376038,2745247
6118,2376038,2773385
6119,2376038,2773385
6120,2376038,2773385
6121,2376038,2773385
6122,2376038,2773385
6123,2376038,2825899
6124,2376038,2745247
6125,2376038,2745247
6126,2376038,2890768
6127,2376038,2877910
6128,2376038,2877910
6129,2376038,2877910
6130,2376038,2877910
6131,2376038,2877910
6132,2376038,2877910
6133,2376038,2877910
6134,2376038,2877911
6135,2376038,2877911
6136,2376038,2877911
6137,2376038,2877911
6138,2376038,2877911
6139,2376038,2877911
6140,2376038,2877911
6141,2376038,2877911
6142,2376038,2805105
6143,2376038,2425143
6144,2376038,2425143
6145,2376038,2510807
6146,2376038,2510807
6147,2376038,2497949
6148,2376038,2497949
6149,2376038,2497949
6150,2376038,2497949
6151,2376038,2425143
6152,2376038,2425143
6153,2376038,2425143
6154,2376038,2504278
6155,2376038,2523056
6156,2376038,2523056
6157,2376038,2537685
6158,2376038,2537685
6159,2376038,2697584
6160,2376038,2697584
6161,2376038,2631065
6162,2376038,2612287
6163,2376038,2612287
6164,2376038,2612287
6165,2376038,2612287
6166,2376038,2672421
6167,2376038,2612287
6168,2376038,2612287
6169,2376038,2612287
6170,2376038,2672421
6171,2376038,2612287
6172,2376038,2526981
6173,2376038,2634403
6174,2376038,2634403
6175,2376038,2526981
6176,2376038,2526981
6177,2376038,2526981
6178,2376038,2526981
6179,2376038,2526981
6180,2376038,2526981
6181,2376038,2526981
6182,2376038,2526981
6183,2376038,2526981
6184,2376038,2526981
6185,2376038,2382716
6186,2376038,2382716
6187,2376038,2382716
6188,2376038,2382716
6189,2376038,2382716
6190,2376038,2382716
6191,2376038,2382716
6192,2376038,2382716
6193,2376038,2382716
6194,2376038,2382716
6195,2376038,2382716
6196,2376038,2888504
6197,2376038,2888504
6198,2376038,2888504
6199,2376038,2888504
6200,2376038,2888504
6201,2376038,2888504
6202,2376038,2888504
6203,2376038,2888504
6204,2376038,2888504
6205,2376038,3027985
6206,2376038,3027985
6207,2376038,2997730
6208,2376038,2997731
6209,2376038,2947497
6210,2376038,2947497
6211,2376038,2909667
6212,2376038,2909667
6213,2376038,2947497
6214,2376038,2909667
6215,2376038,2909667
6216,2376038,2909667
6217,2376038,2888504
6218,2376038,2386157
6219,2376038,2386157
6220,2376038,2386157
6221,2376038,2386157
6222,2376038,2386157
6223,2376038,2386157
6224,2376038,2386157
6225,2376038,2386157
6226,2376038,2386157
6227,2376038,2386157
6228,2376038,2386157
6229,2376038,2386157
6230,2376038,2482551
6231,2376038,2495744
6232,2376038,2495744
6233,2376038,2576091
6234,2376038,2613921
6235,2376038,2613921
6236,2376038,2613921
6237,2376038,2576091
6238,2376038,2576091
6239,2376038,2613921
6240,2376038,2613921
6241,2376038,2613921
6242,2376038,2566508
6243,2376038,2566508
6244,2376038,2566508
6245,2376038,2566508
6246,2376038,2566508
6247,2376038,2566508
6248,2376038,2528678
6249,2376038,2528678
6250,2376038,2528678
6251,2376038,2528678
6252,2376038,2992753
6253,2376038,2967512
6254,2376038,2503437
6255,2376038,2495836
6256,2376038,2533061
6257,2376038,2495836
6258,2376038,2458081
6259,2376038,2463754
6260,2376038,2463754
6261,2376038,2463754
6262,2376038,2463754
6263,2376038,2463754
6264,2376038,2648705
6265,2376038,2584213
6266,2376038,2584213
6267,2376038,2558517
6268,2376038,2558516
6269,2376038,2558516
6270,2376038,2558516
6271,2376038,2558516
6272,2376038,2491885
6273,2376038,2443921
6274,2376038,2486055
6275,2376038,2423598
6276,2376038,2423598
6277,2376038,2423598
6278,2376038,2404820
6279,2376038,2404820
6280,2376038,2483506
6281,2376038,2627771
6282,2376038,2627771
6283,2376038,2546823
6284,2376038,2546823
6285,2376038,2546823
6286,2376038,2565601
6287,2376038,2421336
6288,2376038,2421336
6289,2376038,2421336
6290,2376038,2421336
6291,2376038,2402558
6292,2376038,2402558
6293,2376038,2402558
6294,2376038,2414577
6295,2376038,2414577
6296,2376038,2414577
6297,2376038,2414577
6298,2376038,2414577
6299,2376038,2414577
6300,2376038,2414577
6301,2376038,2414577
6302,2376038,2414577
6303,2376038,2414577
6304,2376038,2414577
6305,2376038,2414577
6306,2376038,2404820
6307,2376038,2404820
6308,2376038,2404820
6309,2376038,2404820
6310,2376038,2414577
6311,2376038,2433355
6312,2376038,2433355
6313,2376038,2433355
6314,2376038,2433355
6315,2376038,2433355
6316,2376038,2421336
6317,2376038,2421336
6318,2376038,2421336
6319,2376038,2421336
6320,2376038,2421336
6321,2376038,2432323
6322,2376038,2413545
6323,2376038,2413545
6324,2376038,2413545
6325,2376038,2413545
6326,2376038,2413545
6327,2376038,2491656
6328,2376038,2491656
6329,2376038,2491656
6330,2376038,2491656
6331,2376038,2491976
6332,2376038,2458862
6333,2376038,2458862
6334,2376038,2458862
6335,2376038,2413868
6336,2376038,2413868
6337,2376038,2413868
6338,2376038,2413868
6339,2376038,2413868
6340,2376038,2376038
6341,2376038,2376038
6342,2376038,2376038
6343,2376038,2376038
6344,2376038,2376038
6345,2376038,2376038
6346,2376038,2376038
6347,2376038,2376038
6348,2376038,2376038
6349,2376038,2376038
6350,2376038,2376038
6351,2376038,2376038
6352,2376038,2376038
6353,2376038,2376038
6354,2376038,2464668
6355,2376038,2464668
6356,2376038,2464668
6357,2376038,2464668
6358,2376038,2483446
6359,2376038,2464668
6360,2376038,2464668
6361,2376038,2464668
6362,2376038,2464668
6363,2376038,2464668
6364,2376038,2464668
6365,2376038,2464668
6366,2376038,2464668
6367,2376038,2464668
6368,2376038,2464668
6369,2376038,2464668
6370,2376038,2464668
6371,2376038,2413868
6372,2376038,2413868
6373,2376038,2413868
6374,2376038,2413868
6375,2376038,2413868
6376,2376038,2464668
6377,2376038,2464668
6378,2376038,2464668
6379,2376038,2464668
6380,2376038,2464668
6381,2376038,2464668
6382,2376038,2464668
6383,2376038,2464668
6384,2376038,2464668
6385,2376038,2464668
6386,2376038,2464668
6387,2376038,2464668
6388,2376038,2464668
6389,2376038,2464668
6390,2376038,2464668
6391,2376038,2464668
6392,2376038,2464668
6393,2376038,2531410
6394,2376038,2531410
6395,2376038,2531410
6396,2376038,2531410
6397,2376038,2531410
6398,2376038,2531410
6399,2376038,2531410
6400,2376038,2531410
6401,2376038,2531410
6402,2376038,2483446
6403,2376038,2464668
6404,2376038,2464668
6405,2376038,2464668
6406,2376038,2464668
6407,2376038,2464668
6408,2376038,2464668
6409,2376038,2464668
6410,2376038,2464668
6411,2376038,2464668
6412,2376038,2464668
6413,2376038,2464668
6414,2376038,2464668
6415,2376038,2464668
6416,2376038,2464668
6417,2376038,2464668
6418,2376038,2464668
6419,2376038,2464668
6420,2376038,2464668
6421,2376038,2464668
6422,2376038,2464668
6423,2376038,2464668
6424,2376038,2464668
6425,2376038,2464668
6426,2376038,2464668
6427,2376038,2464668
6428,2376038,2531410
6429,2376038,2531410
6430,2376038,2531410
6431,2376038,2531410
6432,2376038,2483446
6433,2376038,2483446
6434,2376038,2483446
6435,2376038,2483446
6436,2376038,2483446
6437,2376038,2483446
6438,2376038,2483446
6439,2376038,2483446
6440,2376038,2513400
6441,2376038,2494622
6442,2376038,2494622
6443,2376038,2494622
6444,2376038,2494622
6445,2376038,2494622
6446,2376038,2494622
6447,2376038,2494622
6448,2376038,2494622
6449,2376038,2494622
6450,2376038,2494622
6451,2376038,2494622
6452,2376038,2585680
6453,2376038,2585680
6454,2376038,2585680
6455,2376038,2585680
6456,2376038,2585680
6457,2376038,2585680
6458,2376038,2585680
6459,2376038,2585680
6460,2376038,2585680
6461,2376038,2585680
6462,2376038,2585680
6463,2376038,2585680
6464,2376038,2585680
6465,2376038,2585680
6466,2376038,2585680
6467,2376038,2585680
6468,2376038,2585680
6469,2376038,2585680
6470,2376038,2585680
6471,2376038,2585680
6472,2376038,2585680
6473,2376038,2585680
6474,2376038,2585680
6475,2376038,2585680
6476,2376038,2585680
6477,2376038,2585680
6478,2376038,2585680
6479,2376038,2464668
6480,2376038,2464668
6481,2376038,2464668
6482,2376038,2464668
6483,2376038,2464668
6484,2376038,2464668
6485,2376038,2464668
6486,2376038,2464668
6487,2376038,2464668
6488,2376038,2464668
6489,2376038,2464668
6490,2376038,2464668
6491,2376038,2464668
6492,2376038,2464668
6493,2376038,2464668
6494,2376038,2464668
6495,2376038,2464668
6496,2376038,2464668
6497,2376038,2464668
6498,2376038,2464668
6499,2376038,2464668
6500,2376038,2448226
6501,2376038,2448226
6502,2376038,2448226
6503,2376038,2418705
6504,2376038,2418705
6505,2376038,2418705
6506,2376038,2418705
6507,2376038,2385407
6508,2376038,2385407
6509,2376038,2385407
6510,2376038,2385407
6511,2376038,2510072
6512,2376038,2510072
6513,2376038,2510072
6514,2376038,2510072
6515,2376038,2510072
6516,2376038,2495536
6517,2376038,2495536
6518,2376038,2495536
6519,2376038,2495536
6520,2376038,2495536
6521,2376038,2495536
6522,2376038,2495536
6523,2376038,2518231
6524,2376038,2485117
6525,2376038,2422955
6526,2376038,2389657
6527,2376038,2389657
6528,2376038,2389657
6529,2376038,2389657
6530,2376038,2389657
6531,2376038,2389657
6532,2376038,2389657
6533,2376038,2389657
6534,2376038,2378670
6535,2376038,2378670
6536,2376038,2378670
6537,2376038,2378670
6538,2376038,2378670
6539,2376038,2378670
6540,2376038,2378670
6541,2376038,2378670
6542,2376038,2378670
6543,2376038,2404820
6544,2376038,2404820
6545,2376038,2404820
6546,2376038,2477969
6547,2376038,2477970
6548,2376038,2439139
6549,2376038,2439139
6550,2376038,2424408
6551,2376038,2424408
6552,2376038,2914522
6553,2376038,2914522
6554,2376038,2914631
6555,2376038,2914631
6556,2376038,2976958
6557,2376038,2976958
6558,2376038,2964548
6559,2376038,2496775
6560,2376038,2458945
6561,2376038,2458945
6562,2376038,2458945
6563,2376038,2522197
6564,2376038,2522197
6565,2376038,2523807
6566,2376038,2523807
6567,2376038,2469163
6568,2376038,2478890
6569,2376038,2478890
6570,2376038,2449831
6571,2376038,2449831
6572,2376038,2469163
6573,2376038,2469163
6574,2376038,2469163
6575,2376038,2469163
6576,2376038,2469163
6577,2376038,2469163
6578,2376038,2469163
6579,2376038,2469163
6580,2376038,2487941
6581,2376038,2487941
6582,2376038,2578937
6583,2376038,2578937
6584,2376038,2578937
6585,2376038,2489772
6586,2376038,2489772
6587,2376038,2489772
6588,2376038,2470994
6589,2376038,2616392
6590,2376038,2470994
6591,2376038,2968461
6592,2376038,2663687
6593,2376038,2892743
6594,2376038,3402231
6595,2376038,3402231
6596,2376038,2892743
6597,2376038,3074147
6598,2376038,3335041
6599,2376038,3154730
6600,2376038,2922647
6601,2376038,2922647
6602,2376038,3068045
6603,2376038,3041018
6604,2376038,3044045
6605,2376038,3044045
6606,2376038,3243876
6607,2376038,3243876
6608,2376038,3094312
6609,2376038,2948914
6610,2376038,2922173
6611,2376038,2922173
6612,2376038,2922173
6613,2376038,2922173
6614,2376038,3557182
6615,2376038,3493378
6616,2376038,3456553
6617,2376038,3446866
6618,2376038,3446866
6619,2376038,3811911
6620,2376038,3811911
6621,2376038,4083906
6622,2376038,4204036
6623,2376038,3838991
6624,2376038,3838991
6625,2376038,3838991
6626,2376038,3847258
6627,2376038,3772692
6628,2376038,3772692
6629,2376038,3807294
6630,2376038,3807294
6631,2376038,3629044
6632,2376038,3739814
6633,2376038,3424226
6634,2376038,3636355
6635,2376038,3285035
6636,2376038,3949333
6637,2376038,3260715
6638,2376038,3077884
6639,2376038,3314347
6640,2376038,3996105
6641,2376038,3578420
6642,2376038,3960647
6643,2376038,3912559
6644,2376038,3912559
6645,2376038,3929740
6646,2376038,3554100
6647,2376038,4137833
6648,2376038,3519497
6649,2376038,2831152
6650,2376038,2831152
6651,2376038,2831152
6652,2376038,3392581
6653,2376038,3604252
6654,2376038,3392581
6655,2376038,3392581
6656,2376038,2831152
6657,2376038,2831152
6658,2376038,3468192
6659,2376038,3656821
6660,2376038,3711642
6661,2376038,4015569
6662,2376038,4073470
6663,2376038,3824162
6664,2376038,3824162
6665,2376038,4036291
6666,2376038,3815078
6667,2376038,3953386
6668,2376038,3588128
6669,2376038,3296914
6670,2376038,4045282
6671,2376038,4045282
6672,2376038,4045282
6673,2376038,4324960
6674,2376038,4293547
6675,2376038,4851123
6676,2376038,4156308
6677,2376038,4521566
6678,2376038,4825648
6679,2376038,4500469
6680,2376038,4139566
6681,2376038,4139566
6682,2376038,4139566
6683,2376038,4411561
6684,2376038,4520186
6685,2376038,4247147
6686,2376038,4265925
6687,2376038,4445327
6688,2376038,4283371
6689,2376038,4286661
6690,2376038,4024674
6691,2376038,4544040
6692,2376038,4024674
6693,2376038,3668150
6694,2376038,3110574
6695,2376038,3320852
6696,2376038,3152570
6697,2376038,3036301
6698,2376038,2975527
6699,2376038,3439602
6700,2376038,3439602
6701,2376038,3796126
6702,2376038,4061312
6703,2376038,3796126
6704,2376038,3677498
6705,2376038,3309229
6706,2376038,3309229
6707,2376038,3638187
6708,2376038,3174112
6709,2376038,3323341
6710,2376038,3323341
6711,2376038,3323341
6712,2376038,3133182
6713,2376038,2803116
6714,2376038,2803116
6715,2376038,3065103
6716,2376038,3086916
6717,2376038,3572453
6718,2376038,4007342
6719,2376038,4171286
6720,2376038,4171286
6721,2376038,4157803
6722,2376038,4367345
6723,2376038,3865520
6724,2376038,3954875
6725,2376038,3873395
6726,2376038,3693993
6727,2376038,3603600
6728,2376038,3314718
6729,2376038,3694124
6730,2376038,4379909
6731,2376038,4379909
6732,2376038,3952174
6733,2376038,4317432
6734,2376038,4697498
6735,2376038,4697498
6736,2376038,4697498
6737,2376038,4344221
6738,2376038,4720185
6739,2376038,4849383
6740,2376038,4720185
6741,2376038,4346387
6742,2376038,4304008
6743,2376038,4304008
6744,2376038,4431578
6745,2376038,4054314
6746,2376038,4492735
6747,2376038,5055846
6748,2376038,4530632
6749,2376038,4516433
6750,2376038,4492781
6751,2376038,4492781
6752,2376038,4492781
6753,2376038,4553938
6754,2376038,4925490
6755,2376038,5053521
6756,2376038,5312793
6757,2376038,4741901
6758,2376038,4741016
6759,2376038,4356146
6760,2376038,4889286
6761,2376038,4889286
6762,2376038,5070633
6763,2376038,4827472
6764,2376038,4884533
6765,2376038,4884533
6766,2376038,4611495
6767,2376038,4118472
6768,2376038,4702205
6769,2376038,4045197
6770,2376038,3538332
6771,2376038,3174306
6772,2376038,3208309
6773,2376038,3242938
6774,2376038,3242938
6775,2376038,3063536
6776,2376038,3063536
6777,2376038,3150857
6778,2376038,3259482
6779,2376038,3259482
6780,2376038,3259483
6781,2376038,3150858
6782,2376038,3614933
6783,2376038,3114085
6784,2376038,3106527
6785,2376038,3386708
6786,2376038,3455169
6787,2376038,3270911
6788,2376038,3765793
6789,2376038,3726609
6790,2376038,3726609
6791,2376038,3726609
6792,2376038,4112108
6793,2376038,3706731
6794,2376038,3706731
6795,2376038,3303455
6796,2376038,3546664
6797,2376038,3546664
6798,2376038,3775720
6799,2376038,3588536
6800,2376038,3357584
6801,2376038,3357584
6802,2376038,4027539
6803,2376038,4206942
6804,2376038,3810015
6805,2376038,4206942
6806,2376038,3830978
6807,2376038,3797494
6808,2376038,4243525
6809,2376038,3109149
6810,2376038,2845610
6811,2376038,2845610
6812,2376038,2845609
6813,2376038,2845609
6814,2376038,2845609
6815,2376038,2845609
6816,2376038,2910976
6817,2376038,3055241
6818,2376038,3055241
6819,2376038,3099978
6820,2376038,3052014
6821,2376038,2907749
6822,2376038,2907749
6823,2376038,2907749
6824,2376038,2942277
6825,2376038,2942277
6826,2376038,3097372
6827,2376038,3076911
6828,2376038,3076911
6829,2376038,2997697
6830,2376038,3065874
6831,2376038,3081684
6832,2376038,3047439
6833,2376038,3228843
6834,2376038,3228843
6835,2376038,3228843
6836,2376038,3283281
6837,2376038,3270558
6838,2376038,3270558
6839,2376038,3481418
6840,2376038,3269747
6841,2376038,3428443
6842,2376038,3380773
6843,2376038,3380773
6844,2376038,3380773
6845,2376038,3168716
6846,2376038,3538173
6847,2376038,3166107
6848,2376038,3166107
6849,2376038,3166107
6850,2376038,3166107
6851,2376038,3347551
6852,2376038,3793582
6853,2376038,3521587
6854,2376038,3012227
6855,2376038,3012227
6856,2376038,3166934
6857,2376038,3189707
6858,2376038,3461703
6859,2376038,3931975
6860,2376038,3931975
6861,2376038,3931975
6862,2376038,3629014
6863,2376038,3161241
6864,2376038,3015842
6865,2376038,2743847
6866,2376038,2743847
6867,2376038,2758882
6868,2376038,3226655
6869,2376038,2758882
6870,2376038,2758882
6871,2376038,2758882
6872,2376038,2823330
6873,2376038,2823330
6874,2376038,2823330
6875,2376038,2823330
6876,2376038,2823330
6877,2376038,3291103
6878,2376038,2757963
6879,2376038,3291103
6880,2376038,3291103
6881,2376038,2757964
6882,2376038,2757964
6883,2376038,2928875
6884,2376038,2928875
6885,2376038,2928875
6886,2376038,2879060
6887,2376038,2879060
6888,2376038,2955626
6889,2376038,2955626
6890,2376038,2955626
6891,2376038,2955626
6892,2376038,3312317
6893,2376038,2992333
6894,2376038,3402352
6895,2376038,3989811
6896,2376038,3898614
6897,2376038,4355080
6898,2376038,3893454
6899,2376038,3452192
6900,2376038,3223136
6901,2376038,3386179
6902,2376038,3386179
6903,2376038,3386179
6904,2376038,3639396
6905,2376038,3123890
6906,2376038,3001034
6907,2376038,2744720
6908,2376038,2763498
6909,2376038,2989950
6910,2376038,2989304
6911,2376038,2974124
6912,2376038,2528093
6913,2376038,2634923
6914,2376038,2634923
6915,2376038,2634924
6916,2376038,2622862
6917,2376038,2588618
6918,2376038,2919588
6919,2376038,2879436
6920,2376038,2963689
6921,2376038,2639157
6922,2376038,2639157
6923,2376038,2784555
6924,2376038,3248630
6925,2376038,3118733
6926,2376038,3118733
6927,2376038,3104326
6928,2376038,3457041
6929,2376038,3457041
6930,2376038,3990180
6931,2376038,3944671
6932,2376038,3982903
6933,2376038,3626817
6934,2376038,3093678
6935,2376038,3145979
6936,2376038,3093719
6937,2376038,2629644
6938,2376038,3071829
6939,2376038,2629644
6940,2376038,2985730
6941,2376038,2960652
6942,2376038,3586002
6943,2376038,3259693
6944,2376038,3259693
6945,2376038,2925723
6946,2376038,3162186
6947,2376038,2868475
6948,2376038,2868475
6949,2376038,3085078
6950,2376038,3085078
6951,2376038,2867113
6952,2376038,3133952
6953,2376038,2858359
6954,2376038,2881047
6955,2376038,3047265
6956,2376038,3047265
6957,2376038,3369846
6958,2376038,3369846
6959,2376038,3349865
6960,2376038,3325918
6961,2376038,3078084
6962,2376038,3440446
6963,2376038,3409703
6964,2376038,3671690
6965,2376038,4138964
6966,2376038,3815680
6967,2376038,3337158
6968,2376038,3075171
6969,2376038,3579623
6970,2376038,3579623
6971,2376038,3062158
6972,2376038,3062158
6973,2376038,3297207
6974,2376038,3297207
6975,2376038,2668339
6976,2376038,2471148
6977,2376038,2471148
6978,2376038,2440362
6979,2376038,2908135
6980,2376038,3475948
6981,2376038,3637043
6982,2376038,3008821
6983,2376038,2562790
6984,2376038,2568924
6985,2376038,2568924
6986,2376038,2587702
6987,2376038,2587702
6988,2376038,2587702
6989,2376038,2587702
6990,2376038,2572021
6991,2376038,2572021
6992,2376038,2572021
6993,2376038,2570719
6994,2376038,2755752
6995,2376038,3956136
6996,2376038,3941126
6997,2376038,4465660
6998,2376038,3830047
6999,2376038,3830047
7000,2376038,3777315
7001,2376038,3737362
7002,2376038,4119589
7003,2376038,4119589
7004,2376038,3947498
7005,2376038,4176554
7006,2376038,3947498
7007,2376038,4272677
7008,2376038,4689110
7009,2376038,4689110
7010,2376038,4689110
7011,2376038,5050013
7012,2376038,5541297
7013,2376038,5541297
7014,2376038,5180747
7015,2376038,5634394
7016,2376038,5634394
7017,2376038,5634394
7018,2376038,5935805
7019,2376038,6040106
7020,2376038,5986410
7021,2376038,5645992
7022,2376038,5451871
7023,2376038,5431596
7024,2376038,5400462
7025,2376038,5400462
7026,2376038,5058392
7027,2376038,4799120
7028,2376038,5308608
7029,2376038,5396021
7030,2376038,5359966
7031,2376038,5273825
7032,2376038,5296851
7033,2376038,5280340
7034,2376038,4647633
7035,2376038,4078566
7036,2376038,3709978
7037,2376038,3439055
7038,2376038,3439055
7039,2376038,3362393
7040,2376038,3339707
7041,2376038,3338930
7042,2376038,3338930
7043,2376038,3363219
7044,2376038,3287655
7045,2376038,3465671
7046,2376038,3256958
7047,2376038,3256958
7048,2376038,3092545
7049,2376038,3565419
7050,2376038,3827406
7051,2376038,3328026
7052,2376038,3365085
7053,2376038,3328026
7054,2376038,3552758
7055,2376038,3364129
7056,2376038,3364129
7057,2376038,3911759
7058,2376038,3911759
7059,2376038,3911759
7060,2376038,4084106
7061,2376038,3822119
7062,2376038,3822119
7063,2376038,3390389
7064,2376038,3753752
7065,2376038,3915166
7066,2376038,3903434
7067,2376038,4223418
7068,2376038,4219822
7069,2376038,4219822
7070,2376038,4149969
7071,2376038,4610844
7072,2376038,4261656
7073,2376038,4261656
7074,2376038,4261656
7075,2376038,4728930
7076,2376038,5078118
7077,2376038,5078118
7078,2376038,4610844
7079,2376038,4348857
7080,2376038,4797778
7081,2376038,4785990
7082,2376038,4503594
7083,2376038,4078500
7084,2376038,4622073
7085,2376038,4404622
7086,2376038,3892604
7087,2376038,3584352
7088,2376038,3584352
7089,2376038,3584352
7090,2376038,3736307
7091,2376038,3744968
7092,2376038,3472973
7093,2376038,3265506
7094,2376038,3388283
7095,2376038,3536869
7096,2376038,3343978
7097,2376038,3343978
7098,2376038,3077783
7099,2376038,2933518
7100,2376038,3122147
7101,2376038,3687943
7102,2376038,3522538
7103,2376038,3522538
7104,2376038,3460377
7105,2376038,3040827
7106,2376038,2857284
7107,2376038,3324047
7108,2376038,3324047
7109,2376038,3586034
7110,2376038,3524905
7111,2376038,3524905
7112,2376038,3796900
7113,2376038,3834485
7114,2376038,4104900
7115,2376038,4079779
7116,2376038,4362755
7117,2376038,3912139
7118,2376038,4204281
7119,2376038,3840918
7120,2376038,3840918
7121,2376038,3840918
7122,2376038,3424485
7123,2376038,3424485
7124,2376038,3952751
7125,2376038,3676831
7126,2376038,3644461
7127,2376038,3298695
7128,2376038,3298695
7129,2376038,3298695
7130,2376038,3259188
7131,2376038,3842651
7132,2376038,4028196
7133,2376038,4028196
7134,2376038,4202337
7135,2376038,4431393
7136,2376038,3379859
7137,2376038,3150803
7138,2376038,3614878
7139,2376038,3422798
7140,2376038,3166483
7141,2376038,3130380
7142,2376038,3088550
7143,2376038,3088550
7144,2376038,3088550
7145,2376038,3296999
7146,2376038,3233308
7147,2376038,3142345
7148,2376038,3608799
7149,2376038,3730798
7150,2376038,4299865
7151,2376038,3711413
7152,2376038,3142346
7153,2376038,3142346
7154,2376038,3142346
7155,2376038,3088068
7156,2376038,3323004
7157,2376038,3359107
7158,2376038,4052091
7159,2376038,4287022
7160,2376038,4516078
7161,2376038,4424948
7162,2376038,4401435
7163,2376038,4681113
7164,2376038,5091158
7165,2376038,4841637
7166,2376038,4746954
7167,2376038,4746954
7168,2376038,4499059
7169,2376038,4879459
7170,2376038,4847524
7171,2376038,4427171
7172,2376038,4508009
7173,2376038,4508010
7174,2376038,5136217
7175,2376038,4590892
7176,2376038,3827843
7177,2376038,4433839
7178,2376038,3992690
7179,2376038,3992690
7180,2376038,4157161
7181,2376038,3665969
7182,2376038,3708320
7183,2376038,3665969
7184,2376038,3665969
7185,2376038,3454298
7186,2376038,3399320
7187,2376038,3488618
7188,2376038,3274294
7189,2376038,3286857
7190,2376038,3434297
7191,2376038,3440395
7192,2376038,3652065
7193,2376038,3440395
7194,2376038,3440395
7195,2376038,3922353
7196,2376038,3922353
7197,2376038,3922353
7198,2376038,3922353
7199,2376038,3378585
7200,2376038,3337725
7201,2376038,3268924
7202,2376038,3398610
7203,2376038,3398610
7204,2376038,3732392
7205,2376038,3483231
7206,2376038,3483231
7207,2376038,3826386
7208,2376038,3998234
7209,2376038,3998234
7210,2376038,3998234
7211,2376038,4507722
7212,2376038,3816301
7213,2376038,3816301
7214,2376038,4109620
7215,2376038,3861792
7216,2376038,3716394
7217,2376038,3692247
7218,2376038,3201827
7219,2376038,3201827
7220,2376038,3801576
7221,2376038,4351852
7222,2376038,4342724
7223,2376038,3837855
7224,2376038,3837855
7225,2376038,3421081
7226,2376038,3498998
7227,2376038,3770993
7228,2376038,3498998
7229,2376038,3864043
7230,2376038,3841073
7231,2376038,3983495
7232,2376038,4255490
7233,2376038,4510396
7234,2376038,4000908
7235,2376038,4468182
7236,2376038,4619429
7237,2376038,4432984
7238,2376038,4274309
7239,2376038,4274309
7240,2376038,4621152
7241,2376038,4602979
7242,2376038,4643561
7243,2376038,4780269
7244,2376038,4770481
7245,2376038,4770481
7246,2376038,4770481
7247,2376038,5279969
7248,2376038,5303023
7249,2376038,5539486
7250,2376038,5186227
7251,2376038,5348037
7252,2376038,4848657
7253,2376038,4797941
7254,2376038,5165700
7255,2376038,5003890
7256,2376038,5133523
7257,2376038,4666249
7258,2376038,4666249
7259,2376038,5249982
7260,2376038,5249982
7261,2376038,5395381
7262,2376038,5735799
7263,2376038,5691318
7264,2376038,6158592
7265,2376038,5587700
7266,2376038,5349536
7267,2376038,5349536
7268,2376038,4848055
7269,2376038,4719918
7270,2376038,4450169
7271,2376038,4719918
7272,2376038,4719918
7273,2376038,4719918
7274,2376038,4527957
7275,2376038,4433274
7276,2376038,4433274
7277,2376038,3744929
7278,2376038,4379938
7279,2376038,4276163
7280,2376038,3784778
7281,2376038,3748830
7282,2376038,3748830
7283,2376038,3723715
7284,2376038,3723715
7285,2376038,3668697
7286,2376038,3668697
7287,2376038,3668697
7288,2376038,3668697
7289,2376038,4136627
7290,2376038,4136627
7291,2376038,4136627
7292,2376038,4136627
7293,2376038,4095691
7294,2376038,4095691
7295,2376038,4095691
7296,2376038,4095691
7297,2376038,4095691
7298,2376038,4114717
7299,2376038,4647857
7300,2376038,4604247
7301,2376038,4576109
7302,2376038,4576109
7303,2376038,4255098
7304,2376038,4255726
7305,2376038,4255726
7306,2376038,4586100
7307,2376038,4135626
7308,2376038,4133065
7309,2376038,4133065
7310,2376038,3790939
7311,2376038,3518429
7312,2376038,3396765
7313,2376038,3368783
7314,2376038,3763578
7315,2376038,3821604
7316,2376038,3343935
7317,2376038,3769967
7318,2376038,3305892
7319,2376038,3305892
7320,2376038,3305892
7321,2376038,3451290
7322,2376038,2908155
7323,2376038,3096784
7324,2376038,3012504
7325,2376038,3007107
7326,2376038,2779975
7327,2376038,3079096
7328,2376038,2867425
7329,2376038,2887632
7330,2376038,2803405
7331,2376038,3154308
7332,2376038,2782242
7333,2376038,2782242
7334,2376038,3189876
7335,2376038,3189876
7336,2376038,3751305
7337,2376038,3259548
7338,2376038,3259548
7339,2376038,3404946
7340,2376038,3335274
7341,2376038,3896703
7342,2376038,3600460
7343,2376038,3635063
7344,2376038,3789089
7345,2376038,4161156
7346,2376038,3972527
7347,2376038,4222793
7348,2376038,3869335
7349,2376038,4244975
7350,2376038,4272014
7351,2376038,4151884
7352,2376038,4151884
7353,2376038,4151884
7354,2376038,4151884
7355,2376038,4735617
7356,2376038,4462578
7357,2376038,4972114
7358,2376038,4799677
7359,2376038,4799677
7360,2376038,4799677
7361,2376038,4554262
7362,2376038,4408864
7363,2376038,4408864
7364,2376038,3772066
7365,2376038,3772066
7366,2376038,4236141
7367,2376038,3789465
7368,2376038,3751305
7369,2376038,4225242
7370,2376038,3817595
7371,2376038,3325838
7372,2376038,3325839
7373,2376038,3703477
7374,2376038,3933926
7375,2376038,3722255
7376,2376038,3722255
7377,2376038,4107125
7378,2376038,3729487
7379,2376038,3729487
7380,2376038,4239635
7381,2376038,4243984
7382,2376038,4243984
7383,2376038,3926935
7384,2376038,3971245
7385,2376038,3952467
7386,2376038,3907926
7387,2376038,4022566
7388,2376038,4560029
7389,2376038,4493287
7390,2376038,4241967
7391,2376038,4532572
7392,2376038,4512277
7393,2376038,4814076
7394,2376038,4235719
7395,2376038,3732479
7396,2376038,2919779
7397,2376038,2919779
7398,2376038,2575194
7399,2376038,2575194
7400,2376038,2552139
7401,2376038,2533361
7402,2376038,2496712
7403,2376038,2496712
7404,2376038,2496712
7405,2376038,2533361
7406,2376038,2951017
7407,2376038,2969795
7408,2376038,2758124
7409,2376038,3221739
7410,2376038,3367137
7411,2376038,3629124
7412,2376038,3795040
7413,2376038,3533053
7414,2376038,4081458
7415,2376038,4081458
7416,2376038,3549307
7417,2376038,3475078
7418,2376038,3475078
7419,2376038,3017848
7420,2376038,3017848
7421,2376038,2943186
7422,2376038,2943186
7423,2376038,2893836
7424,2376038,2860727
7425,2376038,3353613
7426,2376038,3353613
7427,2376038,3353613
7428,2376038,3353613
7429,2376038,2860727
7430,2376038,2860727
7431,2376038,2860727
7432,2376038,2860727
7433,2376038,3366543
7434,2376038,3366543
7435,2376038,3312571
7436,2376038,3492882
7437,2376038,3492882
7438,2376038,3313093
7439,2376038,4001438
7440,2376038,3337140
7441,2376038,3701280
7442,2376038,3937743
7443,2376038,3937743
7444,2376038,4302788
7445,2376038,4777934
7446,2376038,4605804
7447,2376038,4605804
7448,2376038,4565910
7449,2376038,4565910
7450,2376038,4559169
7451,2376038,4498625
7452,2376038,4498625
7453,2376038,4873943
7454,2376038,4699631
7455,2376038,5267964
7456,2376038,5267964
7457,2376038,5267964
7458,2376038,4965206
7459,2376038,4965206
7460,2376038,5120665
7461,2376038,4623863
7462,2376038,4623863
7463,2376038,4773133
7464,2376038,4341935
7465,2376038,4323157
7466,2376038,4043479
7467,2376038,4280368
7468,2376038,4136103
7469,2376038,3972590
7470,2376038,3972590
7471,2376038,3948938
7472,2376038,3618075
7473,2376038,3847131
7474,2376038,4083594
7475,2376038,3877311
7476,2376038,3385554
7477,2376038,3895042
7478,2376038,3003326
7479,2376038,3512814
7480,2376038,3794970
7481,2376038,3285482
7482,2376038,3429747
7483,2376038,3709425
7484,2376038,3516732
7485,2376038,3353219
7486,2376038,3353219
7487,2376038,3353219
7488,2376038,3398943
7489,2376038,3814236
7490,2376038,4527016
7491,2376038,4496273
7492,2376038,4233520
7493,2376038,4256361
7494,2376038,4256361
7495,2376038,3891102
7496,2376038,3226804
7497,2376038,3226804
7498,2376038,3274474
7499,2376038,3486603
7500,2376038,3632001
7501,2376038,3643995
7502,2376038,3643995
7503,2376038,3643995
7504,2376038,3643995
7505,2376038,3438619
7506,2376038,3358007
7507,2376038,3384724
7508,2376038,3731938
7509,2376038,3692822
7510,2376038,3659708
7511,2376038,4091570
7512,2376038,4148204
7513,2376038,4148204
7514,2376038,4148204
7515,2376038,4310160
7516,2376038,4310160
7517,2376038,4139393
7518,2376038,4117941
7519,2376038,4115965
7520,2376038,3762762
7521,2376038,3778761
7522,2376038,3778761
7523,2376038,4148218
7524,2376038,4318985
7525,2376038,4822104
7526,2376038,4822104
7527,2376038,4429236
7528,2376038,4429236
7529,2376038,4314504
7530,2376038,3945047
7531,2376038,3945047
7532,2376038,3957031
7533,2376038,4308912
7534,2376038,4261250
7535,2376038,3832501
7536,2376038,3696919
7537,2376038,3662392
7538,2376038,3662392
7539,2376038,3662392
7540,2376038,3699619
7541,2376038,3748298
7542,2376038,3763435
7543,2376038,3763435
7544,2376038,4054849
7545,2376038,4054849
7546,2376038,4054849
7547,2376038,4054849
7548,2376038,4052319
7549,2376038,4052319
7550,2376038,3853930
7551,2376038,3658403
7552,2376038,3658403
7553,2376038,4268683
7554,2376038,4533135
7555,2376038,5116598
7556,2376038,4852146
7557,2376038,4114497
7558,2376038,3562076
7559,2376038,3550106
7560,2376038,3508683
7561,2376038,3486567
7562,2376038,3499218
7563,2376038,3499218
7564,2376038,3499218
7565,2376038,3487610
7566,2376038,3469012
7567,2376038,3802045
7568,2376038,3802045
7569,2376038,3776793
7570,2376038,4041245
7571,2376038,4432058
7572,2376038,4432058
7573,2376038,4432058
7574,2376038,4195158
7575,2376038,4598434
7576,2376038,4289620
7577,2376038,4462443
7578,2376038,4205711
7579,2376038,4205712
7580,2376038,3457344
7581,2376038,3591758
7582,2376038,3592944
7583,2376038,3592944
7584,2376038,3629513
7585,2376038,3773778
7586,2376038,2376038
7587,2376038,2376038
7588,2376038,2376038
7589,2376038,2376038
7590,2376038,2376038
7591,2376038,2376038
7592,2376038,2376038
7593,2376038,2376038
7594,2376038,2376038
7595,2376038,2376038
7596,2376038,2376038
7597,2376038,2376038
7598,2376038,2376038
7599,2376038,2376038
7600,2376038,2376038
7601,2376038,2376038
7602,2376038,2376038
7603,2376038,2376038
7604,2376038,2376038
7605,2376038,2376038
7606,2376038,2376038
7607,2376038,2376038
7608,2376038,2376038
7609,2376038,2376038
7610,2376038,2376038
7611,2376038,2394816
7612,2376038,2394816
7613,2376038,2376038
7614,2376038,2376038
7615,2376038,2376038
7616,2376038,2376038
7617,2376038,2376038
7618,2376038,2376038
7619,2376038,2394816
7620,2376038,2394816
7621,2376038,2394816
7622,2376038,2394816
7623,2376038,2376038
7624,2376038,2376038
7625,2376038,2376038
7626,2376038,2376038
7627,2376038,2376038
7628,2376038,2376038
7629,2376038,2376038
7630,2376038,2376038
7631,2376038,2376038
7632,2376038,2376038
7633,2376038,2376038
7634,2376038,2376038
7635,2376038,2376038
7636,2376038,2376038
7637,2376038,2376038
7638,2376038,2376038
7639,2376038,2376038
7640,2376038,2376038
7641,2376038,2376038
7642,2376038,2885817
7643,2376038,2885817
7644,2376038,2885817
7645,2376038,2376038
7646,2376038,2376038
7647,2376038,2376038
7648,2376038,2376038
7649,2376038,2376038
7650,2376038,2376038
7651,2376038,2376038
7652,2376038,2376038
7653,2376038,2376038
7654,2376038,2376038
7655,2376038,2376038
7656,2376038,2376038
7657,2376038,2376038
7658,2376038,2376038
7659,2376038,2376038
7660,2376038,2376038
7661,2376038,2376038
7662,2376038,2376038
7663,2376038,2376038
7664,2376038,2376038
7665,2376038,2376038
7666,2376038,2376038
7667,2376038,2376038
7668,2376038,2376038
7669,2376038,2464668
7670,2376038,2464668
7671,2376038,2464668
7672,2376038,2464668
7673,2376038,2464668
7674,2376038,2464668
7675,2376038,2464668
7676,2376038,2464668
7677,2376038,2464668
7678,2376038,2464668
7679,2376038,2464668
7680,2376038,2464668
7681,2376038,2464668
7682,2376038,2464668
7683,2376038,2464668
7684,2376038,2464668
7685,2376038,2483446
7686,2376038,2464668
7687,2376038,2483446
7688,2376038,2828031
7689,2376038,2828031
7690,2376038,2828031
7691,2376038,2828031
7692,2376038,2828031
7693,2376038,2828031
7694,2376038,2828031
7695,2376038,2828031
7696,2376038,2828031
7697,2376038,2828031
7698,2376038,2828031
7699,2376038,2483446
7700,2376038,2483446
7701,2376038,2483446
7702,2376038,2483446
7703,2376038,2395998
7704,2376038,2395998
7705,2376038,2395998
7706,2376038,2377220
7707,2376038,2377220
7708,2376038,2377220
7709,2376038,2377220
7710,2376038,2377220
7711,2376038,2377220
7712,2376038,2377220
7713,2376038,2377220
7714,2376038,2377220
7715,2376038,2377220
7716,2376038,2377220
7717,2376038,2377220
7718,2376038,2377220
7719,2376038,2377220
7720,2376038,2377220
7721,2376038,2377220
7722,2376038,2377220
7723,2376038,2377220
7724,2376038,2377220
7725,2376038,2377220
7726,2376038,2377220
7727,2376038,2377220
7728,2376038,2377220
7729,2376038,2377220
7730,2376038,2377220
7731,2376038,2377220
7732,2376038,2377220
7733,2376038,2377220
7734,2376038,2377220
7735,2376038,2377220
7736,2376038,2377220
7737,2376038,2377220
7738,2376038,2377220
7739,2376038,2377220
7740,2376038,2377220
7741,2376038,2377220
7742,2376038,2377220
7743,2376038,2377220
7744,2376038,2377220
7745,2376038,2377220
7746,2376038,2377220
7747,2376038,2377220
7748,2376038,2377220
7749,2376038,2377220
7750,2376038,2377220
7751,2376038,2377220
7752,2376038,2377220
7753,2376038,2377220
7754,2376038,2377220
7755,2376038,2377220
7756,2376038,2377220
7757,2376038,2377220
7758,2376038,2377220
7759,2376038,2377220
7760,2376038,2377220
7761,2376038,2377220
7762,2376038,2377220
7763,2376038,2377220
7764,2376038,2377220
7765,2376038,2377220
7766,2376038,2377220
7767,2376038,2377220
7768,2376038,2745785
7769,2376038,2745785
7770,2376038,2745785
7771,2376038,2745785
7772,2376038,2745785
7773,2376038,2735677
7774,2376038,2735677
7775,2376038,2735677
7776,2376038,2735677
7777,2376038,2735677
7778,2376038,2735677
7779,2376038,2735677
7780,2376038,2735677
7781,2376038,2735677
7782,2376038,2735677
7783,2376038,2735677
7784,2376038,2735677
7785,2376038,2735677
7786,2376038,2735677
7787,2376038,2735677
7788,2376038,2735677
7789,2376038,2735677
7790,2376038,2735677
7791,2376038,2735677
7792,2376038,2735677
7793,2376038,2735677
7794,2376038,2754455
7795,2376038,2754455
7796,2376038,2754455
7797,2376038,2754455
7798,2376038,2754455
7799,2376038,2754455
7800,2376038,2887018
7801,2376038,2887018
7802,2376038,2869951
7803,2376038,2869951
7804,2376038,2795194
7805,2376038,2795194
7806,2376038,2795194
7807,2376038,2795194
7808,2376038,2795194
7809,2376038,2795194
7810,2376038,2795194
7811,2376038,2795194
7812,2376038,2776416
7813,2376038,2776416
7814,2376038,2747972
7815,2376038,2747972
7816,2376038,2747972
7817,2376038,2747972
7818,2376038,2443785
7819,2376038,2443785
7820,2376038,2443785
7821,2376038,2496045
7822,2376038,2428330
7823,2376038,2428330
7824,2376038,2428330
7825,2376038,2428330
7826,2376038,2428330
7827,2376038,2428330
7828,2376038,2450446
7829,2376038,2450446
7830,2376038,2486489
7831,2376038,2486489
7832,2376038,2486489
7833,2376038,2486489
7834,2376038,2486489
7835,2376038,2486489
7836,2376038,2486489
7837,2376038,2450446
7838,2376038,2450446
7839,2376038,2450446
7840,2376038,2450446
7841,2376038,2450446
7842,2376038,2450446
7843,2376038,2450446
7844,2376038,2450446
7845,2376038,2450446
7846,2376038,2450446
7847,2376038,2450446
7848,2376038,2473701
7849,2376038,2473701
7850,2376038,2443070
7851,2376038,2443070
7852,2376038,2443070
7853,2376038,2443070
7854,2376038,2904171
7855,2376038,2904171
7856,2376038,2904171
7857,2376038,2487738
7858,2376038,2487738
7859,2376038,2487738
7860,2376038,2790699
7861,2376038,2790699
7862,2376038,2790699
7863,2376038,2790699
7864,2376038,2790699
7865,2376038,2790699
7866,2376038,2790699
7867,2376038,2790699
7868,2376038,2790699
7869,2376038,2790699
7870,2376038,2790699
7871,2376038,2790699
7872,2376038,2790699
7873,2376038,2790699
7874,2376038,2790699
7875,2376038,3155744
7876,2376038,3155744
7877,2376038,3155744
7878,2376038,3155744
7879,2376038,3155744
7880,2376038,3155744
7881,2376038,3155744
7882,2376038,3155744
7883,2376038,3141707
7884,2376038,3141707
7885,2376038,3141707
7886,2376038,3141707
7887,2376038,3141707
7888,2376038,3177916
7889,2376038,3177916
7890,2376038,3177916
7891,2376038,3177916
7892,2376038,3197451
7893,2376038,3176963
7894,2376038,3176963
7895,2376038,3176963
7896,2376038,3176963
7897,2376038,3177485
7898,2376038,3132113
7899,2376038,2767068
7900,2376038,2767068
7901,2376038,2767068
7902,2376038,2767068
7903,2376038,2767068
7904,2376038,2760327
7905,2376038,2760327
7906,2376038,2760327
7907,2376038,2760327
7908,2376038,2760327
7909,2376038,2760327
7910,2376038,2760327
7911,2376038,2760327
7912,2376038,2812587
7913,2376038,2812587
7914,2376038,2812065
7915,2376038,2812065
7916,2376038,2812065
7917,2376038,2812065
7918,2376038,2766546
7919,2376038,2750825
7920,2376038,2750825
7921,2376038,2750825
7922,2376038,2750825
7923,2376038,2750825
7924,2376038,3022820
7925,2376038,3022820
7926,2376038,3022820
7927,2376038,3022820
7928,2376038,3039329
7929,2376038,3408786
7930,2376038,3392277
7931,2376038,3392277
7932,2376038,3392277
7933,2376038,3301488
7934,2376038,3301488
7935,2376038,3301488
7936,2376038,3301488
7937,2376038,3301488
7938,2376038,3301488
7939,2376038,3029493
7940,2376038,3048271
7941,2376038,3048271
7942,2376038,3048271
7943,2376038,3029493
7944,2376038,3029493
7945,2376038,3048271
7946,2376038,3048271
7947,2376038,3048271
7948,2376038,3048271
7949,2376038,3048271
7950,2376038,3048271
7951,2376038,3048271
7952,2376038,3048271
7953,2376038,2786284
7954,2376038,2786284
7955,2376038,2786284
7956,2376038,2786284
7957,2376038,2786284
7958,2376038,2786284
7959,2376038,2786284
7960,2376038,2786284
7961,2376038,2786284
7962,2376038,2786284
7963,2376038,2786284
7964,2376038,2786284
7965,2376038,2786284
7966,2376038,2786284
7967,2376038,2786284
7968,2376038,2767506
7969,2376038,2786284
7970,2376038,2786284
7971,2376038,2786284
7972,2376038,2786284
7973,2376038,2786284
7974,2376038,2786284
7975,2376038,2786284
7976,2376038,2786284
7977,2376038,2786284
7978,2376038,2786284
7979,2376038,2534357
7980,2376038,2447864
7981,2376038,2447864
7982,2376038,2447864
7983,2376038,2447864
7984,2376038,2447864
7985,2376038,2447864
7986,2376038,2447864
7987,2376038,2447864
7988,2376038,2447864
7989,2376038,2486489
7990,2376038,2486489
7991,2376038,2486489
7992,2376038,2450446
7993,2376038,2450446
7994,2376038,2450446
7995,2376038,2450446
7996,2376038,2753407
7997,2376038,2753407
7998,2376038,2753407
7999,2376038,2753407
8000,2376038,2753407
8001,2376038,2753407
8002,2376038,2753407
8003,2376038,2753407
8004,2376038,2753407
8005,2376038,2753407
8006,2376038,2753407
8007,2376038,2753407
8008,2376038,2753407
8009,2376038,2753407
8010,2376038,2753407
8011,2376038,2753407
8012,2376038,2753407
8013,2376038,2753407
8014,2376038,2753407
8015,2376038,2753407
8016,2376038,2753407
8017,2376038,2753407
8018,2376038,2753407
8019,2376038,2753407
8020,2376038,2753407
8021,2376038,2753407
8022,2376038,3025402
8023,2376038,3025402
8024,2376038,3025402
8025,2376038,3025402
8026,2376038,3025402
8027,2376038,3044936
8028,2376038,3044936
8029,2376038,3044936
8030,2376038,3044936
8031,2376038,3044936
8032,2376038,3044936
8033,2376038,3044936
8034,2376038,3044936
8035,2376038,3044936
8036,2376038,3044936
8037,2376038,3044936
8038,2376038,3044936
8039,2376038,3073415
8040,2376038,3073415
8041,2376038,3037372
8042,2376038,3037372
8043,2376038,3037372
8044,2376038,3011853
8045,2376038,3047896
8046,2376038,3047896
8047,2376038,3047896
8048,2376038,3047896
8049,2376038,3047896
8050,2376038,3047896
8051,2376038,3047896
8052,2376038,3047896
8053,2376038,3047896
8054,2376038,3011853
8055,2376038,3030631
8056,2376038,2774357
8057,2376038,2758636
8058,2376038,2758636
8059,2376038,2758636
8060,2376038,2758636
8061,2376038,2766200
8062,2376038,2766200
8063,2376038,2766200
8064,2376038,2902030
8065,2376038,2902030
8066,2376038,2902030
8067,2376038,2902030
8068,2376038,2902030
8069,2376038,2902030
8070,2376038,2883252
8071,2376038,2883252
8072,2376038,2883252
8073,2376038,2883252
8074,2376038,2883252
8075,2376038,2853235
8076,2376038,2848233
8077,2376038,2848233
8078,2376038,2838125
8079,2376038,2838125
8080,2376038,2838125
8081,2376038,2838125
8082,2376038,2838125
8083,2376038,2838125
8084,2376038,2838125
8085,2376038,2855892
8086,2376038,2947526
8087,2376038,2947526
8088,2376038,2598081
8089,2376038,3107569
8090,2376038,3400616
8091,2376038,3521628
8092,2376038,3147672
8093,2376038,3145699
8094,2376038,3795890
8095,2376038,4357319
8096,2376038,3889546
8097,2376038,3949680
8098,2376038,3428449
8099,2376038,3368315
8100,2376038,3568668
8101,2376038,3554349
8102,2376038,3659396
8103,2376038,3393201
8104,2376038,3794760
8105,2376038,3794760
8106,2376038,4327899
8107,2376038,4327899
8108,2376038,4327899
8109,2376038,4714611
8110,2376038,4334649
8111,2376038,4292427
8112,2376038,4292427
8113,2376038,4292427
8114,2376038,4292427
8115,2376038,4292427
8116,2376038,3527686
8117,2376038,4292427
8118,2376038,4292427
8119,2376038,4292427
8120,2376038,4330257
8121,2376038,4330257
8122,2376038,4185992
8123,2376038,4488953
8124,2376038,4455882
8125,2376038,5043299
8126,2376038,4423382
8127,2376038,4585192
8128,2376038,4672408
8129,2376038,4479415
8130,2376038,4459126
8131,2376038,4459126
8132,2376038,3991353
8133,2376038,3953523
8134,2376038,3953523
8135,2376038,4142152
8136,2376038,3398367
8137,2376038,3981830
8138,2376038,3860909
8139,2376038,3385532
8140,2376038,2906790
8141,2376038,2906790
8142,2376038,2762525
8143,2376038,2762525
8144,2376038,2672046
8145,2376038,2672046
8146,2376038,2883717
8147,2376038,2902495
8148,2376038,2484839
8149,2376038,2882037
8150,2376038,3618346
8151,2376038,2920012
8152,2376038,2540050
8153,2376038,2513196
8154,2376038,2597249
8155,2376038,3061324
8156,2376038,2975661
8157,2376038,2977271
8158,2376038,2977271
8159,2376038,2977271
8160,2376038,2531974
8161,2376038,2513196
8162,2376038,3051351
8163,2376038,3446105
8164,2376038,2932232
8165,2376038,2932232
8166,2376038,2951010
8167,2376038,2951010
8168,2376038,2451630
8169,2376038,2738093
8170,2376038,2895918
8171,2376038,2763929
8172,2376038,3500238
8173,2376038,3705082
8174,2376038,4310491
8175,2376038,4847965
8176,2376038,4802336
8177,2376038,4463401
8178,2376038,4608800
8179,2376038,4843037
8180,2376038,5070879
8181,2376038,4809985
8182,2376038,4782896
8183,2376038,4782896
8184,2376038,4800493
8185,2376038,4619089
8186,2376038,4619089
8187,2376038,4619089
8188,2376038,4119709
8189,2376038,4566127
8190,2376038,4566127
8191,2376038,5009666
8192,2376038,4472192
8193,2376038,3766920
8194,2376038,4350383
8195,2376038,4138254
8196,2376038,3529888
8197,2376038,3623751
8198,2376038,3812380
8199,2376038,3291333
8200,2376038,3131922
8201,2376038,2667847
8202,2376038,2522448
8203,2376038,2825409
8204,2376038,2522448
8205,2376038,2745696
8206,2376038,3215673
8207,2376038,2745696
8208,2376038,2489422
8209,2376038,2489422
8210,2376038,2489422
8211,2376038,2489422
8212,2376038,3177767
8213,2376038,3323166
8214,2376038,3177767
8215,2376038,3177767
8216,2376038,3171439
8217,2376038,3171439
8218,2376038,3171961
8219,2376038,3541418
8220,2376038,4124881
8221,2376038,3129496
8222,2376038,3129496
8223,2376038,3129496
8224,2376038,3079681
8225,2376038,3465311
8226,2376038,3830356
8227,2376038,3465311
8228,2376038,2760039
8229,2376038,3015791
8230,2376038,3161190
8231,2376038,3035207
8232,2376038,3035207
8233,2376038,2763211
8234,2376038,2708718
8235,2376038,2708718
8236,2376038,2708718
8237,2376038,2813487
8238,2376038,3085482
8239,2376038,2813487
8240,2376038,3518759
8241,2376038,3888216
8242,2376038,3767204
8243,2376038,4029191
8244,2376038,4029191
8245,2376038,4083656
8246,2376038,4083656
8247,2376038,4083656
8248,2376038,3831729
8249,2376038,3831729
8250,2376038,3692843
8251,2376038,3430856
8252,2376038,3821669
8253,2376038,3419358
8254,2376038,3784617
8255,2376038,4283997
8256,2376038,3930708
8257,2376038,4324379
8258,2376038,4757123
8259,2376038,4740871
8260,2376038,4868902
8261,2376038,4265211
8262,2376038,3842963
8263,2376038,3842963
8264,2376038,4335849
8265,2376038,4897278
8266,2376038,5400518
8267,2376038,5009705
8268,2376038,4760920
8269,2376038,4598266
8270,2376038,4961186
8271,2376038,5209568
8272,2376038,5465842
8273,2376038,4882109
8274,2376038,5118572
8275,2376038,4873188
8276,2376038,4512919
8277,2376038,4808642
8278,2376038,4710447
8279,2376038,4710447
8280,2376038,4686796
8281,2376038,4787793
8282,2376038,4402923
8283,2376038,4402923
8284,2376038,4048738
8285,2376038,4048738
8286,2376038,4048738
8287,2376038,4260867
8288,2376038,4131990
8289,2376038,3895527
8290,2376038,3797756
8291,2376038,3797756
8292,2376038,3797756
8293,2376038,3741156
8294,2376038,3708372
8295,2376038,4139570
8296,2376038,4139570
8297,2376038,3708371
8298,2376038,4018034
8299,2376038,4024698
8300,2376038,4024698
8301,2376038,4024698
8302,2376038,4052776
8303,2376038,4052777
8304,2376038,4281832
8305,2376038,4713031
8306,2376038,4719929
8307,2376038,4359025
8308,2376038,4129969
8309,2376038,3823861
8310,2376038,3788885
8311,2376038,3751055
8312,2376038,3288137
8313,2376038,4040663
8314,2376038,4537373
8315,2376038,3975944
8316,2376038,3975944
8317,2376038,4247255
8318,2376038,3573939
8319,2376038,3573939
8320,2376038,3904671
8321,2376038,4358949
8322,2376038,4358949
8323,2376038,4547890
8324,2376038,3744267
8325,2376038,4053331
8326,2376038,4348064
8327,2376038,4346958
8328,2376038,4613153
8329,2376038,4523954
8330,2376038,4054216
8331,2376038,4038296
8332,2376038,4029285
8333,2376038,4551948
8334,2376038,4541984
8335,2376038,4234984
8336,2376038,4211530
8337,2376038,4097085
8338,2376038,4197640
8339,2376038,4197640
8340,2376038,3931445
8341,2376038,4194749
8342,2376038,4194749
8343,2376038,4185792
8344,2376038,4185792
8345,2376038,3686578
8346,2376038,3655608
8347,2376038,3576137
8348,2376038,3043459
8349,2376038,3043459
8350,2376038,2934834
8351,2376038,2911001
8352,2376038,2944299
8353,2376038,3032472
8354,2376038,3539082
8355,2376038,3539082
8356,2376038,3539082
8357,2376038,4141323
8358,2376038,4185608
8359,2376038,3710125
8360,2376038,3564727
8361,2376038,3564727
8362,2376038,3564727
8363,2376038,2981264
8364,2376038,3292826
8365,2376038,3366847
8366,2376038,3324244
8367,2376038,3312248
8368,2376038,3596273
8369,2376038,3608269
8370,2376038,3608269
8371,2376038,3820660
8372,2376038,3314708
8373,2376038,3312248
8374,2376038,3340386
8375,2376038,3290320
8376,2376038,3407581
8377,2376038,3974478
8378,2376038,3510403
8379,2376038,3974478
8380,2376038,3898747
8381,2376038,4043012
8382,2376038,4204422
8383,2376038,3836663
8384,2376038,3836663
8385,2376038,4093405
8386,2376038,3625624
8387,2376038,3340651
8388,2376038,3196386
8389,2376038,2888133
8390,2376038,2888133
8391,2376038,2888133
8392,2376038,2794139
8393,2376038,3067177
8394,2376038,2794139
8395,2376038,3220795
8396,2376038,2804362
8397,2376038,3106349
8398,2376038,3411123
8399,2376038,3411123
8400,2376038,3429901
8401,2376038,3059002
8402,2376038,3037839
8403,2376038,2523842
8404,2376038,2523842
8405,2376038,2523842
8406,2376038,2895908
8407,2376038,3383132
8408,2376038,3823549
8409,2376038,3317547
8410,2376038,3377681
8411,2376038,2986868
8412,2376038,2986868
8413,2376038,2986868
8414,2376038,2986868
8415,2376038,2495111
8416,2376038,2495111
8417,2376038,2959186
8418,2376038,3381191
8419,2376038,2917116
8420,2376038,3311166
8421,2376038,3099495
8422,2376038,3099495
8423,2376038,3350404
8424,2376038,3817678
8425,2376038,3813329
8426,2376038,3346055
8427,2376038,3346055
8428,2376038,3346055
8429,2376038,3350404
8430,2376038,3350404
8431,2376038,3755405
8432,2376038,3755405
8433,2376038,4087839
8434,2376038,4087839
8435,2376038,4246515
8436,2376038,4468714
8437,2376038,4112628
8438,2376038,3959456
8439,2376038,3730400
8440,2376038,4454013
8441,2376038,3444804
8442,2376038,3444804
8443,2376038,3179618
8444,2376038,3243659
8445,2376038,3544663
8446,2376038,3128414
8447,2376038,2763369
8448,2376038,2763369
8449,2376038,2763369
8450,2376038,2763369
8451,2376038,2763369
8452,2376038,2763369
8453,2376038,3128414
8454,2376038,3261850
8455,2376038,3712147
8456,2376038,3261850
8457,2376038,3406938
8458,2376038,3406938
8459,2376038,3406938
8460,2376038,3406938
8461,2376038,3287290
8462,2376038,3231434
8463,2376038,3662845
8464,2376038,3662845
8465,2376038,3905482
8466,2376038,3883998
8467,2376038,4265995
8468,2376038,3883998
8469,2376038,3877247
8470,2376038,4021512
8471,2376038,3776306
8472,2376038,3869284
8473,2376038,3593135
8474,2376038,3593135
8475,2376038,3634765
8476,2376038,3377265
8477,2376038,3049792
8478,2376038,3013902
8479,2376038,3119820
8480,2376038,3610279
8481,2376038,3610279
8482,2376038,3503404
8483,2376038,3424191
8484,2376038,3866016
8485,2376038,3398243
8486,2376038,2922120
8487,2376038,2922121
8488,2376038,3167327
8489,2376038,3631402
8490,2376038,3646482
8491,2376038,2985312
8492,2376038,3004090
8493,2376038,3294264
8494,2376038,2869369
8495,2376038,2869369
8496,2376038,3014768
8497,2376038,3408455
8498,2376038,3408455
8499,2376038,3326065
8500,2376038,2773403
8501,2376038,2501408
8502,2376038,2501408
8503,2376038,2514984
8504,2376038,2514984
8505,2376038,2514984
8506,2376038,2514984
8507,2376038,2514984
8508,2376038,2463554
8509,2376038,2927629
8510,2376038,2463554
8511,2376038,2428951
8512,2376038,2428951
8513,2376038,2428951
8514,2376038,2441539
8515,2376038,2441539
8516,2376038,2422761
8517,2376038,2918168
8518,2376038,2948954
8519,2376038,2948954
8520,2376038,2454503
8521,2376038,2454503
8522,2376038,2470184
8523,2376038,3038236
8524,2376038,3300223
8525,2376038,3536686
8526,2376038,2870516
8527,2376038,3441408
8528,2376038,3460186
8529,2376038,3872153
8530,2376038,4543095
8531,2376038,4383684
8532,2376038,3647230
8533,2376038,3385243
8534,2376038,3385243
8535,2376038,2928088
8536,2376038,3374264
8537,2376038,3363721
8538,2376038,3363721
8539,2376038,3341605
8540,2376038,3341605
8541,2376038,4077914
8542,2376038,4146338
8543,2376038,3407041
8544,2376038,3272627
8545,2376038,3544622
8546,2376038,3544001
8547,2376038,3519141
8548,2376038,3669117
8549,2376038,3619302
8550,2376038,3600831
8551,2376038,3261696
8552,2376038,3568247
8553,2376038,3924979
8554,2376038,3901465
8555,2376038,3593213
8556,2376038,4329522
8557,2376038,5237415
8558,2376038,5237415
8559,2376038,5237415
8560,2376038,5526383
8561,2376038,5460812
8562,2376038,5200153
8563,2376038,4736078
8564,2376038,4343210
8565,2376038,4331873
8566,2376038,4331873
8567,2376038,4836051
8568,2376038,4690653
8569,2376038,5150010
8570,2376038,5195569
8571,2376038,4684947
8572,2376038,4263012
8573,2376038,4168370
8574,2376038,3869858
8575,2376038,4062604
8576,2376038,3680607
8577,2376038,3518651
8578,2376038,3964682
8579,2376038,3738230
8580,2376038,3738230
8581,2376038,3738230
8582,2376038,3880679
8583,2376038,3728676
8584,2376038,3220078
8585,2376038,3220078
8586,2376038,3347270
8587,2376038,3227731
8588,2376038,3373130
8589,2376038,3391908
8590,2376038,3297225
8591,2376038,3287316
8592,2376038,3333575
8593,2376038,3326611
8594,2376038,3301708
8595,2376038,3301708
8596,2376038,3301708
8597,2376038,3301708
8598,2376038,3364513
8599,2376038,4052858
8600,2376038,4495044
8601,2376038,3791633
8602,2376038,3738230
8603,2376038,4209412
8604,2376038,3752820
8605,2376038,3752820
8606,2376038,4135048
8607,2376038,4241235
8608,2376038,4977544
8609,2376038,4876880
8610,2376038,4873757
8611,2376038,5378908
8612,2376038,4940487
8613,2376038,5417500
8614,2376038,4950226
8615,2376038,4950226
8616,2376038,4950226
8617,2376038,5229229
8618,2376038,5229229
8619,2376038,5229229
8620,2376038,4743677
8621,2376038,3625140
8622,2376038,3625140
8623,2376038,3092001
8624,2376038,3092001
8625,2376038,3474229
8626,2376038,3212242
8627,2376038,3272199
8628,2376038,3272199
8629,2376038,3272199
8630,2376038,3253421
8631,2376038,3624662
8632,2376038,3193464
8633,2376038,3419916
8634,2376038,3337248
8635,2376038,3489251
8636,2376038,3443604
8637,2376038,3387654
8638,2376038,3289840
8639,2376038,3236958
8640,2376038,3794534
8641,2376038,3776030
8642,2376038,3776030
8643,2376038,3918969
8644,2376038,3451196
8645,2376038,4000884
8646,2376038,3318859
8647,2376038,3305283
8648,2376038,3305283
8649,2376038,3535960
8650,2376038,3350927
8651,2376038,3280808
8652,2376038,2990674
8653,2376038,3027477
8654,2376038,3027477
8655,2376038,2960943
8656,2376038,2960943
8657,2376038,2991343
8658,2376038,3034993
8659,2376038,3016126
8660,2376038,3016126
8661,2376038,2873187
8662,2376038,2873187
8663,2376038,2873187
8664,2376038,2873187
8665,2376038,2873187
8666,2376038,2944298
8667,2376038,3097182
8668,2376038,3463350
8669,2376038,3319085
8670,2376038,3319085
8671,2376038,3002221
8672,2376038,2920467
8673,2376038,2892329
8674,2376038,2892329
8675,2376038,3458240
8676,2376038,2925975
8677,2376038,3424593
8678,2376038,3424593
8679,2376038,3372222
8680,2376038,3517620
8681,2376038,3450878
8682,2376038,3450878
8683,2376038,3008259
8684,2376038,3008259
8685,2376038,3008259
8686,2376038,3008259
8687,2376038,3038805
8688,2376038,3038805
8689,2376038,2893407
8690,2376038,2893407
8691,2376038,2893407
8692,2376038,3161998
8693,2376038,3745731
8694,2376038,3638617
8695,2376038,3657395
8696,2376038,4373692
8697,2376038,4339695
8698,2376038,3840960
8699,2376038,3695561
8700,2376038,3695561
8701,2376038,2993249
8702,2376038,2483725
8703,2376038,2483725
8704,2376038,2449728
8705,2376038,2840416
8706,2376038,3102403
8707,2376038,3519670
8708,2376038,3523403
8709,2376038,3504770
8710,2376038,3523548
8711,2376038,3718759
8712,2376038,4186034
8713,2376038,3740875
8714,2376038,4302558
8715,2376038,4302558
8716,2376038,4302558
8717,2376038,4801938
8718,2376038,4609624
8719,2376038,4609624
8720,2376038,4045690
8721,2376038,4041166
8722,2376038,3529441
8723,2376038,3170841
8724,2376038,3166492
8725,2376038,3166492
8726,2376038,2887781
8727,2376038,2887781
8728,2376038,2872416
8729,2376038,3272721
8730,2376038,3272721
8731,2376038,3270812
8732,2376038,3549549
8733,2376038,3606456
8734,2376038,3218161
8735,2376038,3218161
8736,2376038,3182289
8737,2376038,3025513
8738,2376038,3021749
8739,2376038,2990771
8740,2376038,2846506
8741,2376038,2846505
8742,2376038,3288691
8743,2376038,3339298
8744,2376038,3372944
8745,2376038,3338342
8746,2376038,3802417
8747,2376038,3511188
8748,2376038,3081715
8749,2376038,3013991
8750,2376038,3013991
8751,2376038,2777528
8752,2376038,3276908
8753,2376038,3575530
8754,2376038,3848568
8755,2376038,3848568
8756,2376038,3793380
8757,2376038,3725501
8758,2376038,3452463
8759,2376038,3452463
8760,2376038,3341080
8761,2376038,3486478
8762,2376038,3486478
8763,2376038,3448522
8764,2376038,3448522
8765,2376038,3557182
8766,2376038,3591785
8767,2376038,3864824
8768,2376038,3281193
8769,2376038,3296014
8770,2376038,3296014
8771,2376038,3637925
8772,2376038,3948556
8773,2376038,4412631
8774,2376038,4139592
8775,2376038,4130365
8776,2376038,4691794
8777,2376038,4268814
8778,2376038,4268814
8779,2376038,4385468
8780,2376038,4166655
8781,2376038,3781785
8782,2376038,3781785
8783,2376038,3817596
8784,2376038,4349860
8785,2376038,3418012
8786,2376038,3418012
8787,2376038,3885785
8788,2376038,3885785
8789,2376038,3386562
8790,2376038,3353521
8791,2376038,2861764
8792,2376038,3167843
8793,2376038,3167843
8794,2376038,3700108
8795,2376038,3199293
8796,2376038,3199293
8797,2376038,3137926
8798,2376038,2890444
8799,2376038,2892054
8800,2376038,3154041
8801,2376038,3527701
8802,2376038,3527701
8803,2376038,3152061
8804,2376038,3180652
8805,2376038,3487203
8806,2376038,3487203
8807,2376038,3744230
8808,2376038,4007293
8809,2376038,3643930
8810,2376038,3980266
8811,2376038,3980266
8812,2376038,3728259
8813,2376038,4182531
8814,2376038,3837946
8815,2376038,3330292
8816,2376038,3373308
8817,2376038,3330292
8818,2376038,3330292
8819,2376038,3373308
8820,2376038,3371366
8821,2376038,3347549
8822,2376038,3587400
8823,2376038,3211203
8824,2376038,3164123
8825,2376038,2886736
8826,2376038,2930645
8827,2376038,2880491
8828,2376038,2861713
8829,2376038,2861713
8830,2376038,2861713
8831,2376038,2861713
8832,2376038,2861713
8833,2376038,2861713
8834,2376038,2795689
8835,2376038,3305177
8836,2376038,3325349
8837,2376038,3773751
8838,2376038,3299506
8839,2376038,3528562
8840,2376038,3883239
8841,2376038,4322378
8842,2376038,3864461
8843,2376038,4328536
8844,2376038,3744803
8845,2376038,3240455
8846,2376038,3240455
8847,2376038,3240455
8848,2376038,2776380
8849,2376038,2776380
8850,2376038,3049418
8851,2376038,3068196
8852,2376038,3068196
8853,2376038,3547773
8854,2376038,4131506
8855,2376038,4635854
8856,2376038,5372163
8857,2376038,5372163
8858,2376038,5865186
8859,2376038,5865186
8860,2376038,5128877
8861,2376038,4855838
8862,2376038,4438499
8863,2376038,4417742
8864,2376038,4905406
8865,2376038,4882633
8866,2376038,4882633
8867,2376038,5147793
8868,2376038,5129476
8869,2376038,4918162
8870,2376038,4282350
8871,2376038,3869879
8872,2376038,3405804
8873,2376038,3678842
8874,2376038,3945037
8875,2376038,4329907
8876,2376038,4329907
8877,2376038,3945037
8878,2376038,3945037
8879,2376038,3926259
8880,2376038,3926259
8881,2376038,3660064
8882,2376038,3738866
8883,2376038,3705824
8884,2376038,3705824
8885,2376038,4069187
8886,2376038,3601414
8887,2376038,3867609
8888,2376038,3867609
8889,2376038,4391551
8890,2376038,4148645
8891,2376038,4126529
8892,2376038,4135721
8893,2376038,4102427
8894,2376038,4055569
8895,2376038,4267240
8896,2376038,3842920
8897,2376038,3842920
8898,2376038,3956216
8899,2376038,3623622
8900,2376038,3623622
8901,2376038,3358123
8902,2376038,3340892
8903,2376038,3714814
8904,2376038,3394234
8905,2376038,3369941
8906,2376038,3163955
8907,2376038,3176896
8908,2376038,3566629
8909,2376038,3832824
8910,2376038,3457355
8911,2376038,3209938
8912,2376038,3497402
8913,2376038,3478624
8914,2376038,3685989
8915,2376038,3505569
8916,2376038,3466412
8917,2376038,3489366
8918,2376038,3508144
8919,2376038,3359645
8920,2376038,3340867
8921,2376038,3701770
8922,2376038,3701770
8923,2376038,3701770
8924,2376038,3398809
8925,2376038,3037906
8926,2376038,3037906
8927,2376038,3056684
8928,2376038,3056684
8929,2376038,3533974
8930,2376038,3552752
8931,2376038,3552752
8932,2376038,3533974
8933,2376038,3084822
8934,2376038,3084822
8935,2376038,3594607
8936,2376038,3594607
8937,2376038,3594607
8938,2376038,4062537
8939,2376038,4062537
8940,2376038,4418105
8941,2376038,4431046
8942,2376038,4429892
8943,2376038,4534176
8944,2376038,4429892
8945,2376038,4490666
8946,2376038,3968018
8947,2376038,3968018
8948,2376038,3964728
8949,2376038,4038001
8950,2376038,3538094
8951,2376038,3538094
8952,2376038,3538094
8953,2376038,3528942
8954,2376038,3764326
8955,2376038,3759502
8956,2376038,3740724
8957,2376038,4101628
8958,2376038,4067437
8959,2376038,4557730
8960,2376038,3959212
8961,2376038,3628481
8962,2376038,3628481
8963,2376038,3645131
8964,2376038,3628481
8965,2376038,3959212
8966,2376038,3978238
8967,2376038,3943021
8968,2376038,3943021
8969,2376038,3947654
8970,2376038,3943021
8971,2376038,3943021
8972,2376038,4496715
8973,2376038,4936446
8974,2376038,5127204
8975,2376038,5299202
8976,2376038,4950577
8977,2376038,4929511
8978,2376038,5045814
8979,2376038,5481737
8980,2376038,5615145
8981,2376038,5600864
8982,2376038,5135617
8983,2376038,5015487
8984,2376038,4670902
8985,2376038,4224871
8986,2376038,4224871
8987,2376038,4690118
8988,2376038,4690118
8989,2376038,4444588
8990,2376038,4409985
8991,2376038,3952422
8992,2376038,3285587
8993,2376038,3266809
8994,2376038,3270366
8995,2376038,3289144
8996,2376038,3730294
8997,2376038,3714405
8998,2376038,3714405
8999,2376038,3616321
9000,2376038,3346572
9001,2376038,3293801
9002,2376038,3473204
9003,2376038,3275024
9004,2376038,3275023
9005,2376038,3812486
9006,2376038,3455755
9007,2376038,3455755
9008,2376038,3714622
9009,2376038,4205547
9010,2376038,4182434
9011,2376038,4220745
9012,2376038,4726561
9013,2376038,4391714
9014,2376038,4391714
9015,2376038,4377948
9016,2376038,4354434
9017,2376038,4390536
9018,2376038,4414268
9019,2376038,3931966
9020,2376038,4061496
9021,2376038,3552008
9022,2376038,3552008
9023,2376038,3316091
9024,2376038,3829964
9025,2376038,3848742
9026,2376038,3829964
9027,2376038,3655744
9028,2376038,3426688
9029,2376038,3705722
9030,2376038,3890763
9031,2376038,3890763
9032,2376038,3426688
9033,2376038,3890763
9034,2376038,4299189
9035,2376038,3979379
9036,2376038,3979379
9037,2376038,3998157
9038,2376038,3994405
9039,2376038,3567448
9040,2376038,3487498
9041,2376038,3044587
9042,2376038,3489884
9043,2376038,3479577
9044,2376038,3864447
9045,2376038,3312221
9046,2376038,3759553
9047,2376038,3759553
9048,2376038,3679011
9049,2376038,3322279
9050,2376038,3356881
9051,2376038,3282407
9052,2376038,2818332
9053,2376038,2818332
9054,2376038,2818332
9055,2376038,2818332
9056,2376038,2818332
9057,2376038,2750366
9058,2376038,2769144
9059,2376038,3192949
9060,2376038,3034559
9061,2376038,2770522
9062,2376038,2730510
9063,2376038,2756186
9064,2376038,2737408
9065,2376038,2737408
9066,2376038,2901584
9067,2376038,2737408
9068,2376038,2737408
9069,2376038,2985242
9070,2376038,2985242
9071,2376038,2985242
9072,2376038,3329827
9073,2376038,3511231
9074,2376038,3906984
9075,2376038,3855112
9076,2376038,3861058
9077,2376038,3861058
9078,2376038,4435027
9079,2376038,4447241
9080,2376038,4199830
9081,2376038,4100370
9082,2376038,3737007
9083,2376038,3245250
9084,2376038,3235797
9085,2376038,3513379
9086,2376038,3660977
9087,2376038,2376038
9088,2376038,2376038
9089,2376038,2376038
9090,2376038,2376038
9091,2376038,2376038
9092,2376038,2376038
9093,2376038,2376038
9094,2376038,2376038
9095,2376038,2376038
9096,2376038,2376038
9097,2376038,2376038
9098,2376038,2376038
9099,2376038,2376038
9100,2376038,2376038
9101,2376038,2376038
9102,2376038,2376038
9103,2376038,2376038
9104,2376038,2376038
9105,2376038,2376038
9106,2376038,2376038
9107,2376038,2376038
9108,2376038,2376038
9109,2376038,2376038
9110,2376038,2394816
9111,2376038,2394816
9112,2376038,2394816
9113,2376038,2394816
9114,2376038,2394816
9115,2376038,2465552
9116,2376038,2465552
9117,2376038,2465552
9118,2376038,2465552
9119,2376038,2465552
9120,2376038,2446774
9121,2376038,2497050
9122,2376038,2497050
9123,2376038,2498232
9124,2376038,2498232
9125,2376038,2498232
9126,2376038,2472437
9127,2376038,2439139
9128,2376038,2439139
9129,2376038,2439139
9130,2376038,2439139
9131,2376038,2439139
9132,2376038,2425143
9133,2376038,2425143
9134,2376038,2425143
9135,2376038,2425143
9136,2376038,2425143
9137,2376038,2425143
9138,2376038,2425143
9139,2376038,2425143
9140,2376038,2425143
9141,2376038,2425143
9142,2376038,2425143
9143,2376038,2425143
9144,2374420,2374420
9145,2374420,2374420
9146,2374420,2374420
9147,2374420,2374420
9148,2374420,2483506
9149,2374420,2483506
9150,2374420,2402558
9151,2374420,2402558
9152,2374420,2973450
9153,2374420,2973450
9154,2374420,2973450
9155,2374420,2992228
9156,2374420,2992228
9157,2374420,2992228
9158,2374420,2992228
9159,2374420,2992228
9160,2374420,2992228
9161,2374420,2973450
9162,2374420,2973450
9163,2374420,2973450
9164,2374420,2973450
9165,2374420,2973450
9166,2374420,2973450
9167,2374420,2973450
9168,2374420,2973450
9169,2374420,2973450
9170,2374420,2973450
9171,2374420,2973450
9172,2374420,2973450
9173,2374420,2973450
9174,2374420,2973450
9175,2374420,2992228
9176,2374420,2973450
9177,2374420,2973450
9178,2374420,2973450
9179,2374420,2973450
9180,2374420,2402558
9181,2374420,2402558
9182,2374420,2402558
9183,2374420,2402558
9184,2374420,2402558
9185,2374420,2402558
9186,2374420,2402558
9187,2374420,2421336
9188,2374420,2421336
9189,2374420,2792163
9190,2374420,2792163
9191,2374420,2792163
9192,2374420,2792163
9193,2374420,2792163
9194,2374420,2792163
9195,2374420,2792163
9196,2374420,2423598
9197,2374420,2423598
9198,2374420,2404820
9199,2374420,2404820
9200,2374420,2404820
9201,2374420,2404820
9202,2374420,2404820
9203,2374420,2404820
9204,2374420,2404820
9205,2374420,2415807
9206,2374420,2434585
9207,2374420,2434585
9208,2374420,2415807
9209,2374420,2494622
9210,2374420,2494622
9211,2374420,2494622
9212,2374420,2494622
9213,2374420,2494622
9214,2374420,2494622
9215,2374420,2494622
9216,2374420,2915771
9217,2374420,2915771
9218,2374420,2915771
9219,2374420,2915771
9220,2374420,2885817
9221,2374420,2904595
9222,2374420,2483446
9223,2374420,2483446
9224,2374420,2483446
9225,2374420,2483446
9226,2374420,2483446
9227,2374420,2483446
9228,2374420,2483446
9229,2374420,2483446
9230,2374420,2483446
9231,2374420,2483446
9232,2374420,2483446
9233,2374420,2483446
9234,2374420,2464668
9235,2374420,2464668
9236,2374420,2464668
9237,2374420,2464668
9238,2374420,2464668
9239,2374420,2464668
9240,2374420,2464668
9241,2374420,2464668
9242,2374420,2464668
9243,2374420,2464668
9244,2374420,2464668
9245,2374420,2464668
9246,2374420,2464668
9247,2374420,2464668
9248,2374420,2464668
9249,2374420,2464668
9250,2374420,2464668
9251,2374420,2464668
9252,2374420,2464668
9253,2374420,2464668
9254,2374420,2464668
9255,2374420,2464668
9256,2374420,3026097
9257,2374420,3026097
9258,2374420,3026097
9259,2374420,3026097
9260,2374420,3026097
9261,2374420,3026097
9262,2374420,3026097
9263,2374420,2937467
9264,2374420,2937467
9265,2374420,2937467
9266,2374420,2376038
9267,2374420,2376038
9268,2374420,2376038
9269,2374420,2394816
9270,2374420,2394816
9271,2374420,2394816
9272,2374420,2394816
9273,2374420,2394816
9274,2374420,2394816
9275,2374420,2394816
9276,2374420,2394816
9277,2374420,2376038
9278,2374420,2376038
9279,2374420,2376038
9280,2374420,2376038
9281,2374420,2376038
9282,2374420,2376038
9283,2374420,2376038
9284,2374420,2376038
9285,2374420,2376038
9286,2374420,2376038
9287,2374420,2376038
9288,2374420,2376038
9289,2374420,2376038
9290,2374420,2376038
9291,2374420,2376038
9292,2374420,2376038
9293,2374420,2394816
9294,2374420,2394816
9295,2374420,2394816
9296,2374420,2394816
9297,2374420,2394816
9298,2374420,2394816
9299,2374420,2394816
9300,2374420,2394816
9301,2374420,2394816
9302,2374420,2394816
9303,2374420,2394816
9304,2374420,2394816
9305,2374420,2394816
9306,2374420,2394816
9307,2374420,2394816
9308,2374420,2394816
9309,2374420,2376038
9310,2374420,2376038
9311,2374420,2376038
9312,2374420,2376038
9313,2374420,2376038
9314,2374420,2376038
9315,2374420,2376038
9316,2374420,2376038
9317,2374420,2376038
9318,2374420,2376038
9319,2374420,2376038
9320,2374420,2376038
9321,2374420,2376038
9322,2374420,2376038
9323,2374420,2376038
9324,2374420,2376038
9325,2374420,2376038
9326,2374420,2376038
9327,2374420,2376038
9328,2374420,2376038
9329,2374420,2376038
9330,2374420,2376038
9331,2374420,2376038
9332,2374420,2376038
9333,2374420,2376038
9334,2374420,2376038
9335,2374420,2376038
9336,2374420,2376038
9337,2374420,2376038
9338,2374420,2376038
9339,2374420,2376038
9340,2374420,2376038
9341,2374420,2376038
9342,2374420,2376038
9343,2374420,2376038
9344,2374420,2376038
9345,2374420,2376038
9346,2374420,2376038
9347,2374420,2376038
9348,2374420,2376038
9349,2374420,2376038
9350,2374420,2376038
9351,2374420,2376038
9352,2374420,2376038
9353,2374420,2376038
9354,2374420,2376038
9355,2374420,2394816
9356,2374420,2394816
9357,2374420,2394816
9358,2374420,2394816
9359,2374420,2394816
9360,2374420,2394816
9361,2374420,2394816
9362,2374420,2394816
9363,2374420,2376038
9364,2374420,2376038
9365,2374420,2376038
9366,2374420,2378026
9367,2374420,2378026
9368,2374420,2378026
9369,2374420,2378026
9370,2374420,2378026
9371,2374420,2378026
9372,2374420,2378026
9373,2374420,2378026
9374,2374420,2378026
9375,2374420,2378026
9376,2374420,2376038
9377,2374420,2394816
9378,2374420,2394816
9379,2374420,2394816
9380,2374420,2394816
9381,2374420,2376038
9382,2374420,2376038
9383,2374420,2376038
9384,2374420,2376038
9385,2374420,2376038
9386,2374420,2376038
9387,2374420,2376038
9388,2374420,2376038
9389,2374420,2376038
9390,2374420,2376038
9391,2374420,2376038
9392,2374420,2376038
9393,2374420,2376038
9394,2374420,2376038
9395,2374420,2376038
9396,2374420,2376038
9397,2374420,2376038
9398,2374420,2376038
9399,2374420,2376038
9400,2374420,2376038
9401,2374420,2376038
9402,2374420,2376038
9403,2374420,2376038
9404,2374420,2376038
9405,2374420,2376038
9406,2374420,2376038
9407,2374420,2376038
9408,2374420,2376038
9409,2374420,2376038
9410,2374420,2376038
9411,2374420,2376038
9412,2374420,2376038
9413,2374420,2394816
9414,2374420,2394816
9415,2374420,2394816
9416,2374420,2376038
9417,2374420,2376038
9418,2374420,2376038
9419,2374420,2376038
9420,2374420,2376038
9421,2374420,2376038
9422,2374420,2376038
9423,2374420,2376038
9424,2374420,2376038
9425,2374420,2376038
9426,2374420,2376038
9427,2374420,2376038
9428,2374420,2376038
9429,2374420,2376038
9430,2374420,2376038
9431,2374420,2376038
9432,2374420,2376038
9433,2374420,2376038
9434,2374420,2376038
9435,2374420,2497050
9436,2374420,2497050
9437,2374420,2484623
9438,2374420,2449831
9439,2374420,2445194
9440,2374420,2445194
9441,2374420,2445194
9442,2374420,2445194
9443,2374420,2445194
9444,2374420,2828597
9445,2374420,2828597
9446,2374420,2847375
9447,2374420,2870148
9448,2374420,2851370
9449,2374420,2851370
9450,2374420,2773507
9451,2374420,2773507
9452,2374420,2735677
9453,2374420,2735677
9454,2374420,2735677
9455,2374420,2735677
9456,2374420,2735677
9457,2374420,2735677
9458,2374420,2735677
9459,2374420,2735677
9460,2374420,2735677
9461,2374420,2735677
9462,2374420,2735677
9463,2374420,2735677
9464,2374420,2735677
9465,2374420,2735677
9466,2374420,2735677
9467,2374420,2735677
9468,2374420,2735677
9469,2374420,2735677
9470,2374420,2735677
9471,2374420,2735677
9472,2374420,2735677
9473,2374420,2735677
9474,2374420,2735677
9475,2374420,2735677
9476,2374420,2735677
9477,2374420,2735677
9478,2374420,2735677
9479,2374420,2735677
9480,2374420,2735677
9481,2374420,2735677
9482,2374420,2735677
9483,2374420,2735677
9484,2374420,2735677
9485,2374420,2735677
9486,2374420,2735677
9487,2374420,2735677
9488,2374420,2735677
9489,2374420,2735677
9490,2374420,2735677
9491,2374420,2735677
9492,2374420,2754455
9493,2374420,2754455
9494,2374420,2754455
9495,2374420,2754455
9496,2374420,2754455
9497,2374420,2754455
9498,2374420,2754455
9499,2374420,2754455
9500,2374420,2754455
9501,2374420,2754455
9502,2374420,2754455
9503,2374420,2754455
9504,2374420,2754455
9505,2374420,2754455
9506,2374420,2735677
9507,2374420,2735677
9508,2374420,2735677
9509,2374420,2735677
9510,2374420,2735677
9511,2374420,2735677
9512,2374420,2735677
9513,2374420,2735677
9514,2374420,2735677
9515,2374420,2735677
9516,2374420,2735677
9517,2374420,2735677
9518,2374420,2735677
9519,2374420,2735677
9520,2374420,2735677
9521,2374420,2735677
9522,2374420,2735677
9523,2374420,2735677
9524,2374420,2735677
9525,2374420,2735677
9526,2374420,2735677
9527,2374420,2856689
9528,2374420,2856689
9529,2374420,2856689
9530,2374420,2856689
9531,2374420,2856689
9532,2374420,2856689
9533,2374420,2856689
9534,2374420,2856689
9535,2374420,2856689
9536,2374420,2856689
9537,2374420,2856689
9538,2374420,2735677
9539,2374420,2735677
9540,2374420,2735677
9541,2374420,2735677
9542,2374420,2735677
9543,2374420,2735677
9544,2374420,2735677
9545,2374420,2735677
9546,2374420,2735677
9547,2374420,2735677
9548,2374420,2735677
9549,2374420,2735677
9550,2374420,2735677
9551,2374420,2735677
9552,2374420,2735677
9553,2374420,2735677
9554,2374420,2735677
9555,2374420,2735677
9556,2374420,2735677
9557,2374420,2735677
9558,2374420,2735677
9559,2374420,2735677
9560,2374420,2735677
9561,2374420,2735677
9562,2374420,2735677
9563,2374420,2735677
9564,2374420,2735677
9565,2374420,2735677
9566,2374420,2735677
9567,2374420,2773507
9568,2374420,2773507
9569,2374420,2917772
9570,2374420,2936550
9571,2374420,2936550
9572,2374420,2936550
9573,2374420,2936550
9574,2374420,2936550
9575,2374420,2936550
9576,2374420,2936550
9577,2374420,2936550
9578,2374420,2957849
9579,2374420,2957849
9580,2374420,2946658
9581,2374420,2908828
9582,2374420,2908828
9583,2374420,2908828
9584,2374420,2898720
9585,2374420,2898720
9586,2374420,2898720
9587,2374420,2936550
9588,2374420,2792285
9589,2374420,2792285
9590,2374420,2792285
9591,2374420,2792285
9592,2374420,2792285
9593,2374420,2792285
9594,2374420,2792285
9595,2374420,2792285
9596,2374420,2792285
9597,2374420,2792285
9598,2374420,2792285
9599,2374420,2792285
9600,2374420,2792285
9601,2374420,2792285
9602,2374420,2792285
9603,2374420,2754455
9604,2374420,2754455
9605,2374420,2735677
9606,2374420,2735677
9607,2374420,2735677
9608,2374420,2735677
9609,2374420,2735677
9610,2374420,2735677
9611,2374420,2735677
9612,2374420,2735677
9613,2374420,2735677
9614,2374420,2735677
9615,2374420,2754455
9616,2374420,2754455
9617,2374420,2754455
9618,2374420,2754455
9619,2374420,2754455
9620,2374420,2735677
9621,2374420,2735677
9622,2374420,2735677
9623,2374420,2735677
9624,2374420,2735677
9625,2374420,2735677
9626,2374420,2735677
9627,2374420,2735677
9628,2374420,2735677
9629,2374420,2735677
9630,2374420,2735677
9631,2374420,2735677
9632,2374420,2735677
9633,2374420,2735677
9634,2374420,2735677
9635,2374420,2735677
9636,2374420,2735677
9637,2374420,2735677
9638,2374420,2735677
9639,2374420,2735677
9640,2374420,2735677
9641,2374420,2735677
9642,2374420,2735677
9643,2374420,2735677
9644,2374420,2735677
9645,2374420,2735677
9646,2374420,2964733
9647,2374420,2712806
9648,2374420,2675045
9649,2374420,2675045
9650,2374420,2525481
9651,2374420,2464763
9652,2374420,2464763
9653,2374420,3170035
9654,2374420,2475220
9655,2374420,2475220
9656,2374420,2914838
9657,2374420,2435410
9658,2374420,2462199
9659,2374420,2462199
9660,2374420,2462199
9661,2374420,2462199
9662,2374420,2450395
9663,2374420,2693604
9664,2374420,2712382
9665,2374420,2876972
9666,2374420,2434674
9667,2374420,2434674
9668,2374420,2434674
9669,2374420,2434674
9670,2374420,2890160
9671,2374420,3280973
9672,2374420,3262195
9673,2374420,3262195
9674,2374420,3277916
9675,2374420,3277916
9676,2374420,3294566
9677,2374420,2989792
9678,2374420,2989792
9679,2374420,2989792
9680,2374420,3017377
9681,2374420,2703503
9682,2374420,2688048
9683,2374420,2688048
9684,2374420,2791732
9685,2374420,2791732
9686,2374420,2791732
9687,2374420,2791732
9688,2374420,3381116
9689,2374420,3381638
9690,2374420,2950439
9691,2374420,2808012
9692,2374420,2718575
9693,2374420,2718575
9694,2374420,2797789
9695,2374420,3069784
9696,2374420,3196444
9697,2374420,2924449
9698,2374420,2924449
9699,2374420,3508182
9700,2374420,2924449
9701,2374420,3433937
9702,2374420,3433937
9703,2374420,3350241
9704,2374420,3350241
9705,2374420,3706327
9706,2374420,3793063
9707,2374420,3390594
9708,2374420,3943256
9709,2374420,4074188
9710,2374420,3965372
9711,2374420,3624973
9712,2374420,3931812
9713,2374420,3472336
9714,2374420,3994402
9715,2374420,4124128
9716,2374420,4087182
9717,2374420,3650062
9718,2374420,3560301
9719,2374420,3892658
9720,2374420,3892658
9721,2374420,3697131
9722,2374420,3695237
9723,2374420,3767262
9724,2374420,3464238
9725,2374420,3730433
9726,2374420,3730433
9727,2374420,3689456
9728,2374420,3612794
9729,2374420,3612794
9730,2374420,3612794
9731,2374420,3219926
9732,2374420,3219926
9733,2374420,3593125
9734,2374420,3593125
9735,2374420,3948726
9736,2374420,3806757
9737,2374420,3783147
9738,2374420,3506956
9739,2374420,3506956
9740,2374420,3176438
9741,2374420,3161835
9742,2374420,3161835
9743,2374420,3161835
9744,2374420,3177577
9745,2374420,3009799
9746,2374420,3593262
9747,2374420,3009799
9748,2374420,3009799
9749,2374420,2994057
9750,2374420,3269648
9751,2374420,3496244
9752,2374420,3691771
9753,2374420,3691771
9754,2374420,3462715
9755,2374420,3454740
9756,2374420,3454740
9757,2374420,4038203
9758,2374420,4018069
9759,2374420,3615232
9760,2374420,3865830
9761,2374420,3331629
9762,2374420,3727988
9763,2374420,3263913
9764,2374420,3553847
9765,2374420,3553847
9766,2374420,4000222
9767,2374420,4393346
9768,2374420,4000222
9769,2374420,4000222
9770,2374420,4000222
9771,2374420,3915923
9772,2374420,4144979
9773,2374420,4158868
9774,2374420,4289563
9775,2374420,4556862
9776,2374420,4556862
9777,2374420,4289563
9778,2374420,4289563
9779,2374420,4556862
9780,2374420,4556862
9781,2374420,4556862
9782,2374420,4392401
9783,2374420,4864747
9784,2374420,4864747
9785,2374420,4864747
9786,2374420,4811203
9787,2374420,4811203
9788,2374420,4182950
9789,2374420,4449836
9790,2374420,4418324
9791,2374420,4716496
9792,2374420,4359805
9793,2374420,3984165
9794,2374420,3984165
9795,2374420,3984165
9796,2374420,3484785
9797,2374420,3484785
9798,2374420,3003705
9799,2374420,3003705
9800,2374420,3003705
9801,2374420,3692050
9802,2374420,4074047
9803,2374420,3658052
9804,2374420,4125326
9805,2374420,4536623
9806,2374420,4590633
9807,2374420,4533727
9808,2374420,4946261
9809,2374420,5219299
9810,2374420,4843659
9811,2374420,4986297
9812,2374420,4986297
9813,2374420,5519451
9814,2374420,5371155
9815,2374420,4807117
9816,2374420,4534079
9817,2374420,4581247
9818,2374420,4581247
9819,2374420,3875975
9820,2374420,3910428
9821,2374420,3411048
9822,2374420,3857079
9823,2374420,3411048
9824,2374420,3411048
9825,2374420,3411048
9826,2374420,3411048
9827,2374420,3411048
9828,2374420,3793045
9829,2374420,4158304
9830,2374420,4530091
9831,2374420,4530091
9832,2374420,4722837
9833,2374420,5233459
9834,2374420,5563795
9835,2374420,5940517
9836,2374420,5552860
9837,2374420,5444672
9838,2374420,5453687
9839,2374420,5668915
9840,2374420,5703109
9841,2374420,5703109
9842,2374420,5928487
9843,2374420,5968560
9844,2374420,5968560
9845,2374420,5958353
9846,2374420,5892986
9847,2374420,5199056
9848,2374420,5199056
9849,2374420,5199056
9850,2374420,5199056
9851,2374420,5504482
9852,2374420,5576217
9853,2374420,5363066
9854,2374420,5375036
9855,2374420,5097077
9856,2374420,4752492
9857,2374420,4752492
9858,2374420,4733714
9859,2374420,4396814
9860,2374420,4098948
9861,2374420,3558420
9862,2374420,4023214
9863,2374420,4145233
9864,2374420,4278957
9865,2374420,4631819
9866,2374420,4288695
9867,2374420,4288695
9868,2374420,3820922
9869,2374420,3820922
9870,2374420,3820922
9871,2374420,3820922
9872,2374420,4284997
9873,2374420,4618544
9874,2374420,4280334
9875,2374420,4656207
9876,2374420,4659845
9877,2374420,4613646
9878,2374420,4313398
9879,2374420,4822934
9880,2374420,4196056
9881,2374420,4196056
9882,2374420,3731981
9883,2374420,3420530
9884,2374420,3572968
9885,2374420,3835070
9886,2374420,3908427
9887,2374420,3883311
9888,2374420,4103940
9889,2374420,4103940
9890,2374420,4113074
9891,2374420,4113074
9892,2374420,4113074
9893,2374420,4234086
9894,2374420,4234086
9895,2374420,4616314
9896,2374420,5115694
9897,2374420,5115694
9898,2374420,5130230
9899,2374420,5115694
