iteration,probability
3,0.9267030422486261
4,0.9494471825984023
5,0.37284755274449194
14,0.768641528530826
24,0.5579950661298319
25,0.7560437324776336
28,0.2894821450680048
29,0.9045988351081923
31,0.8594937704957539
33,0.861948795060213
48,0.8540158450515709
50,0.8111660302741783
72,0.5604308577691901
76,0.5467590629732091
77,0.10858892858156394
78,0.7633191554944927
83,0.09714924802172446
86,0.05479524113360439
88,0.1012067378926708
90,0.28669708024132734
97,0.7882292385365797
98,0.6339960321908685
101,0.19902162567797918
104,0.5447141715396883
115,0.6990475150534287
116,0.40628860383732396
123,0.2917695939614084
126,0.04429563182725779
127,0.8360359264984559
129,0.8672957194777732
133,0.33851347132344084
141,0.19290233169846524
144,0.0975157125767921
146,0.03818691727766014
147,0.13279061250404728
150,0.027782909210071864
155,0.021556890367108117
156,0.26166532019831734
157,0.9680219134730345
161,0.03349251949709449
166,0.0045062591906994695
169,0.1787558730064463
172,0.04180805789722976
173,0.8952025239153979
175,0.011889808844486446
180,0.01647233075617384
186,0.9393832195917733
189,0.031193790776035082
190,0.7823774379705166
199,0.4912016374379903
203,0.23387230503887266
204,0.22081678239427438
205,0.19026888625348695
207,0.09358175460122942
213,0.6204351844349563
216,0.28728472329845034
217,0.08363604742529336
220,0.5848068946201961
234,0.41502137742935585
239,0.8127525991981546
240,0.11942859848473415
243,0.17412155935486964
244,0.04590256209351972
249,0.799008318290973
250,0.04405949623575695
256,0.25767013855772686
257,0.20838308259953695
261,0.048114974787301236
263,0.12635373481742998
264,0.12707985811696976
267,0.9917274182694179
271,0.1162490361267967
272,0.35849380934956615
276,0.004574652856972024
281,0.08504674769379027
283,0.004368403289960877
284,0.9987713675557284
287,0.9086710048633018
293,0.146980738830657
294,0.018482751530436686
295,0.11051773702666273
298,0.7997442314764803
303,0.929439224479577
305,0.8286959480979337
306,0.9314677695260962
308,0.14312643262224048
310,0.190855979961408
311,0.13994088453833095
313,0.04032983454667912
321,0.3181963784681985
327,0.016264602225596166
330,0.33095171490872466
332,0.0002247343906633582
333,0.0014137468946961457
334,0.00033832286435091105
340,0.3906335391899338
342,0.9659872078887446
345,0.0852617575755865
354,0.02501007749291223
358,0.029213598998857
361,0.011730472926261276
362,0.5589488717097214
364,0.15861546425570566
370,0.016769295662047587
371,0.05210566563944982
373,0.30058229361995414
374,0.006679898671927265
375,0.0008628736849288234
376,0.0010487547605729486
378,0.002708195640634328
380,0.09102023644038078
385,0.07712846361633359
389,0.026522242341025116
391,0.00016784950114951696
399,0.06364548119587839
400,0.13127844397734045
401,0.008832062145881905
405,0.9752400721462343
409,0.06369157476184031
412,0.24771717736767337
416,0.000323252228352004
417,0.032459329999284824
420,0.005928601078519646
424,0.05390658982350641
425,0.0008775616522050688
426,0.014525717293938029
428,0.9918659267216688
429,0.010743578440466542
435,0.00043731094071766576
439,0.00036705803268367767
440,0.013951845617384802
441,0.00896644822113304
442,0.12426309846427827
445,0.0012422333301164551
446,0.9769556664473452
447,0.006532613391651357
448,0.8500057943569012
450,0.1926672897325774
453,0.002023641184522407
458,0.19134844398656714
459,0.4660044874397224
467,0.15080180554320663
476,0.1425824115636731
477,0.0928063879116114
482,0.8458352301815225
488,0.008730277567281322
490,0.170566950689551
491,0.01101544844749371
492,0.0007715691811540205
494,0.006926668352849002
496,0.37973782784201576
504,0.007890989715939115
508,0.45394764887421285
510,0.3136728002510629
512,0.8671265046685362
513,0.0007686407086575037
516,0.05610587888833277
517,0.0013739135702405304
518,0.10018681885337127
522,0.11905927149481914
523,0.29535177480731795
525,0.0006325611051285027
526,0.001859706912570976
527,0.004309206859416124
529,0.0006146147862550389
532,0.12910202968754322
534,0.8580708508779198
537,0.9992059258244647
541,0.013331956680845082
545,0.0012493735762867367
550,0.16392669376386285
558,0.12280032208134634
562,0.243769118997677
565,0.00007932106464175409
566,0.0019694729954842726
570,0.00018921553113327995
571,0.009259036030895658
578,0.0003788432818803815
581,0.010611165589109517
584,0.012188856335305477
585,0.000007107917089659586
589,0.0006554733083795209
592,0.00024269118340656604
595,0.06153021137416636
596,0.09141033975342915
598,0.172164656793151
601,0.0025930028933047996
602,0.0020405331308760996
603,0.0003505795937387611
604,0.00019330276714328717
607,0.001424235684647537
610,0.9834378311883792
618,0.889676046943826
620,0.0001238190058121477
621,0.015688396900342048
623,0.000105013235643401
624,0.002435551223896834
625,0.0027336911088395427
631,0.0070863099636139845
632,0.0976366793620916
633,0.014927536602991296
634,0.24025865314349198
636,0.005207563651138507
637,0.3202766482513959
643,0.0007360085996040936
645,0.00002950898493299554
646,0.08180395584189232
651,0.06678311785110844
652,0.7940769019984664
657,0.8944080731224678
658,0.42644940943169196
660,0.13502054096084923
662,0.001633110342658926
663,0.02367791468724363
664,0.046870976217198664
665,0.16938837002775056
666,0.00048793521056392545
667,0.36614845729133694
669,0.0019864016710112414
670,0.2065221895095715
671,0.0017691456444814087
672,0.0212705694102949
675,0.0003732434381257447
676,0.000033827945599212166
677,0.16027480012117623
684,0.00025791462499836555
686,0.19816200208371443
689,0.2112770169954109
692,0.08560847320765505
693,0.005558054130949603
694,0.056184907264253146
696,0.35376019165882666
700,0.0007713823267853907
701,0.0023512402883279723
706,0.010502309900174913
707,0.07951316757928761
708,0.9638413348255311
710,0.9703611692935828
713,0.06017690315248325
714,0.022891148473237293
717,0.07914137158065977
720,0.0008205695641317324
730,0.9351881024922203
731,0.00047742669986252235
732,0.000002895510537017555
733,0.8042243365064592
738,0.013357474890901338
743,0.009122935202133985
744,0.9466038133482055
746,0.0017018200062647135
748,0.009515999387059644
751,0.004301512124759831
753,0.004750676253516152
756,0.004150459809725939
759,0.00009576589284777664
762,0.0005254857904626122
765,0.060757025184362046
768,0.9490594996544235
774,0.00015939425785726463
777,0.00002845123959899743
780,0.00019958363535105568
783,0.8758059207122486
785,0.048669495642667364
789,0.000011343093458089046
790,0.0007431661531360458
791,0.000012754536164092787
792,0.00007378219249103982
794,0.234455846203797
796,0.00004176016939795518
797,0.672951385715836
798,0.7796987363824004
799,0.0006461019433117071
803,0.002160596795866904
804,0.00040561709104721934
808,0.0017428359713336998
811,0.05268047223296509
812,0.007992533388254053
818,0.000039603683107091075
819,0.8195558611408609
820,0.00001863257093728239
823,0.0000024074693165265893
825,0.004766784831291321
828,0.14168008897195722
830,0.00024328549900586564
836,0.000146318342800737
837,0.0057799087057583635
839,0.03403472964145744
841,0.18195320338482246
843,0.00006004207371437888
845,0.0014465881640668705
846,0.008833203741802655
849,0.009318320815662173
852,0.003442468089858204
853,0.997231205208401
854,0.00019845091538508942
855,0.0038766754406177506
856,0.00032847542762927655
864,0.0014046311419901234
865,0.003795673177460752
870,0.0004407662629902641
872,0.0010828257221190503
876,0.00007816902522904734
879,0.014259628303143488
880,0.00007674814500065914
882,0.004529908956436086
883,0.002422838852898977
885,0.0005660840445169832
888,0.005590178216202803
889,0.0015183240600413531
890,0.5258217028645404
891,0.000013023933471758047
896,0.00003911381683268633
899,0.630049727058783
903,0.000000954745611859853
904,0.0007178171525739712
905,0.00015077351533483355
908,0.0005976028907217967
909,0.00006800521460959845
913,0.0026045112890264225
915,0.000273518576388459
918,0.00017728015211434657
921,0.002527799688505131
927,0.0000715478666586034
929,0.0034927067644333937
930,0.8711352004500319
932,0.9297474942809016
934,0.0010863512812998193
935,0.004247661226695483
937,0.05488088439740676
942,0.19751142534383215
944,0.039143747964511304
949,0.0003134036578454859
951,0.0000684694905355968
953,0.0014856610224973257
955,0.002820372490826329
956,0.06083092927288238
957,0.007295538211454709
958,0.0008637497600842844
960,0.9630040315100985
961,0.000449440274050493
964,0.02377881910095343
965,0.0005485821809314464
966,0.000029478687511568073
967,0.00001070278288164477
972,0.008921876960427238
973,0.0004821160101226641
974,0.000318521574737023
975,0.00039822287404491484
976,0.00032140514059559726
978,0.00041158647895253434
979,0.00000490483039712623
983,0.0011726020717327387
984,0.0033913652641728346
985,0.9889681867467175
986,0.00021694008022113534
987,0.02753089164102987
988,0.0038556622434243845
989,0.06315196036097522
991,0.4455463201216683
992,0.9319794602730498
994,0.000060972086432901884
998,0.0009830340061868646
1000,0.0001172986715222413
1001,0.0018900258790332275
1003,0.28413333558286036
1006,0.0033463930860921443
1009,0.0003767167374459925
1014,0.026976746663203547
1015,0.0032488923547972885
1021,0.0004572021416532255
1022,0.00014462847696769193
1025,0.00012041670910738443
1027,0.3186557970420846
1028,0.0032612564270180994
1029,0.0018533666551855577
1035,0.000019460052967893706
1038,0.006779476749913
1040,0.0007620658424062201
1041,0.12471504781575958
1042,0.0001920902475095756
1044,0.1486577820080718
1045,0.000030304352911054428
1046,0.0006311342046265705
1047,0.006425396374832273
1049,0.006450307664360872
1053,0.0021859787521620218
1055,0.0014327418807934152
1058,0.000012851374664429089
1059,0.8102600061969992
1060,0.0020205018111363548
1063,0.831646153191073
1064,0.0023956107177536138
1065,0.00000044861806656854644
1066,0.00007083137667852365
1071,0.005140971114306104
1074,0.00006993849500376056
1078,0.00012693335112767668
1080,0.000014607497664671587
1086,0.00006171212904359232
1088,0.009475974330416189
1089,0.00010393122947188093
1091,0.0005294203614160164
1096,0.0002469480402045602
1098,0.000007108483571213349
1100,0.002185340881669819
1102,0.002702672339026966
1103,0.001253668056317765
1104,0.0030347679251580104
1108,0.10906009695402
1109,0.00001003223148198757
1110,0.9855671463316432
1112,0.4044402354672
1114,0.11066197232231438
1121,0.0009347374111434123
1122,0.00004507922839396757
1123,0.9846017599171084
1124,0.000007043147519239255
1126,0.00018691004808724015
1128,0.00007718828182701536
1133,0.00020114042949705363
1134,0.07601946859130046
1137,0.0005453174347388578
1138,0.000029101825185586726
1141,0.052394807651473474
1143,0.00001092585230511357
1145,0.35248939207182955
1147,0.00009763357954140258
1149,0.001070489763760473
1156,0.08540969556702285
1158,0.989463155194448
1165,0.000010222967260923263
1166,0.000033051239894921974
1167,0.000023984094209179065
1169,0.0005154347194505681
1170,0.017224687770402872
1174,0.01954400699701729
1176,0.0006308395660965109
1177,0.0018368781941813083
1178,0.2923749242876574
1179,0.0001658336508134316
1181,0.0000340975550139411
1182,0.30823194298351925
1183,0.11972460287566514
1186,0.00004438064583382611
1190,0.7262383864226113
1192,0.8800967763813321
1193,0.3974029942278901
1195,0.0014115020070319556
1197,0.0023716749225406136
1199,0.00012736555320017496
1202,0.30118561452789777
1203,0.01605114440786288
1204,0.010261227070231329
1205,0.00018597641013091601
1207,0.011809317056345886
1208,0.012106894196218172
1210,0.00007231304223984301
1216,0.7894165136608073
1217,0.09018021849462952
1219,0.00003197125570513723
1220,0.001447935963678972
1223,0.2893855289600153
1225,0.00039605861801135354
1226,0.002426162663571814
1227,0.033403512187097605
1229,0.000010817385281620186
1235,0.028090465471241412
1236,0.002408140003685317
1240,0.15743579735449204
1241,0.0020664653088619724
1243,0.9245765744812849
1244,0.0012101315594540388
1246,0.0036605882347841654
1247,0.15705919388050074
1255,0.9380207016986867
1256,0.6727454261937268
1257,0.1519822721223625
1258,0.0027473240374197325
1262,0.0017916360632886455
1264,0.002505215651378612
1265,0.013747619865155497
1268,0.01742205370567766
1269,0.0009907721815207561
1272,0.00008906766895150239
1274,0.000007009556445005775
1275,0.0055101450064045186
1277,0.0006982941157272742
1279,0.15081933079135568
1280,0.001737582924720438
1281,0.0000007901899437589005
1283,0.921831826279421
1288,0.8559401094398329
1297,0.39427236870653576
1304,0.00003617945091911103
1306,0.0024549533418545453
1308,0.06465528728119235
1310,0.0000428660686361016
1311,0.0004997297297026419
1312,0.003038680050363492
1320,0.00021745390060651652
1321,0.18263965189010123
1323,0.00005346100395173914
1325,0.000514760347551579
1326,0.3832530175996174
1327,0.7778508763693198
1329,0.06992577381128366
1330,0.00010180594607426638
1336,0.8640043512071777
1338,0.0010841422512983614
1339,0.005290259435895156
1342,0.010662359408171824
1343,0.0000026724918181930282
1348,0.005388050052875239
1350,0.38162136769176225
1351,0.00016528675885630955
1352,0.033341195487908086
1353,0.14385351542470565
1355,0.014924246633106158
1356,0.0032619275458637535
1358,0.00004189446713881659
1361,0.0003717087040655504
1363,0.14123166412040497
1364,0.24759820762536566
1366,0.21259502255853932
1367,0.04391404475477538
1371,0.04600086520565383
1374,0.10770505701386038
1379,0.7593968454979909
1390,0.6986721920764524
1394,0.01720454679181771
1405,0.6102550523230301
1411,0.1247878254748163
1416,0.1154112769455342
1417,0.7113573245011221
1423,0.0014602866452678976
1424,0.3341022524386187
1428,0.027299221999721297
1429,0.2660624133953127
1431,0.036626481179052796
1432,0.021947801091770178
1433,0.7921669046575299
1434,0.8184447271343454
1445,0.002246685548425382
1452,0.32388565055549257
1457,0.4476208797906337
1459,0.11403896649178297
1461,0.2798300770354723
1469,0.1108607335856367
1471,0.31971931960332
1473,0.08107237721909102
1474,0.2406985294928831
1476,0.5999378219133741
1477,0.10875040864179791
1478,0.5240347563853678
1480,0.4269385696416359
1481,0.3092595215185554
1482,0.43579165272736764
1484,0.00036089813709067384
1492,0.025437246337629518
1495,0.16567690926686182
1496,0.850429043377595
1498,0.4525595075115629
1499,0.8956073474232469
1517,0.3128246008347761
1539,0.6657334127495418
1546,0.011031383041187694
1557,0.34586626309288404
1564,0.9023419752977792
1565,0.26883816895760704
1567,0.028992438535753597
1576,0.6897599555421452
1596,0.019270520266759645
1597,0.06450674687430487
1600,0.46070406017768034
1613,0.0006346023151488322
1632,0.08291090384278067
1637,0.196485849533453
1638,0.021791737321567157
1640,0.20143594448158408
1645,0.8859611032450114
1661,0.06881100223744623
1663,0.1271563433078248
1665,0.1392332814494123
1666,0.18038103761198754
1674,0.0008454065205016591
1676,0.9678042104509177
1677,0.012680920048360977
1680,0.798094607997582
1682,0.4012051813390267
1684,0.37541765789326415
1686,0.00022734652409615283
1689,0.028278105545764386
1699,0.7111881206905111
1700,0.6494166943308287
1707,0.1010043211145314
1712,0.006325779122655365
1723,0.43502317734512225
1726,0.2161948139081447
1741,0.006585840731732524
1745,0.03971876158915673
1748,0.614302636630038
1749,0.12015110262696269
1751,0.6437998691950904
1762,0.17762075626350768
1764,0.024677019905337834
1765,0.00011736118080593442
1768,0.000007622333526749328
1769,0.00015212100742746635
1773,0.00028568703986080494
1774,0.000004601098604124838
1776,0.9553624879357063
1779,0.003382918217326251
1780,0.0001925736532679076
1781,0.00006391788279657391
1784,0.0000015514377807368754
1785,0.0010980741734649222
1786,0.00008986034085698552
1787,0.0000033036019224660998
1789,0.0034630215894208495
1790,0.00003297064421980404
1792,0.002073108632306426
1799,0.0007101857835586408
1800,0.006169314298751133
1801,0.00023436058915650825
1803,0.00016559333688298116
1806,0.00010043297952019177
1807,0.00001621054126402885
1808,0.00021956485450535222
1811,0.000034276763476352114
1813,0.00001260859501900513
1814,0.16501024635644548
1816,0.000003979418760405983
1819,0.8587165797112916
1820,0.00030721702784902553
1821,0.001372420079218994
1828,0.00000016759606201029
1831,0.9324571092604782
1832,0.00000024965466249633774
1835,0.000005604838053756022
1836,0.0010049313723054772
1838,0.000002124750970460549
1841,0.00000633913140254956
1844,0.00000182163680280076
1845,0.9986215709106534
1846,0.000001188676779257223
1847,0.000020367133809490272
1848,0.0000037573670135570405
1849,0.00000022329129905637974
1850,0.0315956615908972
1853,0.000008354484128440192
1854,0.0004277826006950865
1855,0.00000010014228122238568
1857,0.0000769046439643206
1858,0.0000003256761958658001
1862,0.000000020884728658308296
1869,0.7358533910783097
1871,0.000001509998621360781
1872,0.0003639342113849763
1876,0.002432624104188803
1879,0.000000017723504317609626
1880,0.00000038520834982150193
1883,0.3535115167311008
1884,0.000010666397141446034
1886,0.0000010792053658381548
1887,0.002714454287968742
1888,0.5881376908919528
1890,0.00003485613298456774
1891,0.000984472165964194
1893,0.0000000028572505667822237
1895,0.9911014791050107
1896,0.0000023252045167525003
1898,0.0000032266056007745067
1903,0.0000114803924050408
1904,0.00019674576745410405
1907,0.0000007593506523939723
1911,0.000021013087679636765
1913,0.000011309586206457033
1914,0.8641839635678027
1917,0.000012289433415169359
1918,0.000007136119085516436
1920,0.0000000005754241757732296
1923,0.000007207346427382436
1925,0.00011000520771114193
1926,0.00016858067137560844
1928,0.0010583984985440373
1929,0.0000022018343487412833
1930,0.000006508347392445385
1931,0.0000329114104092203
1932,0.000001375943537387485
1934,0.6632444328709045
1937,0.00000019893006833770868
1939,0.00001557496130445675
1940,0.00009856665974721655
1946,0.00007756312072518351
1953,0.000010552467965955974
1954,0.0000011155007809684403
1955,0.000008042847366018167
1960,0.0006085988801650882
1964,0.00006233040253900002
1965,0.08708753399106194
1969,0.00003835075739373409
1970,0.00003935648886154579
1975,0.0004711291727657308
1980,0.000013880725267143345
1981,0.0000005361570204151721
1986,0.6203864481557129
1987,0.00011456604937628044
1988,0.00000015455803691411377
1990,0.0000023282415285857913
1991,0.00002567433083168923
1996,0.000000004972195075949737
1997,0.000059556938964729215
2000,0.000029801205837890415
2003,0.000007212970787936791
2006,0.7065164353471716
2007,0.0000023258960405941374
2009,0.000004989331075828479
2011,0.0003878816704387768
2019,0.000004582334572082224
2023,0.0000037405062072792047
2024,0.000011064312881494437
2028,0.0000029790357378531487
2032,0.000006792439894854224
2033,0.0000689808117949597
2036,0.0000019873117475342546
2037,0.00005774638752916752
2039,0.8670293690605697
2042,0.00007399305246085092
2043,0.00002313071823158663
2047,0.7563928370418449
2049,0.00012335712855503063
2050,0.0000006551391191652313
2051,0.000004154550646274934
2052,0.00007621792374853882
2053,0.000000091592981839583
2054,0.0013893884701811066
2055,0.000000027024476615518713
2056,0.0000019426441440170375
2058,0.000000548084571098661
2062,0.00003318761197327007
2063,0.00006815541482016701
2066,0.004009449746176258
2069,0.000000004055800224477457
2071,0.00002935786030827469
2073,0.0000043381924723365
2074,0.0000009187909311583202
2076,0.000046933627544521894
2079,0.000005315719893076784
2081,0.9701094294160229
2082,0.0000016636194778181088
2083,0.0000001474843934412487
2084,0.0000069556743857831505
2086,0.0002684002107993036
2087,0.0000008301031445293065
2088,0.0000497957212155759
2092,0.007744117426685593
2093,0.000007988888347499527
2097,0.9828072341629764
2098,0.15349386119644276
2102,0.00005422124339560445
2103,0.00035934934427209344
2104,0.000023848317289559822
2105,0.00015484528899184226
2107,0.0023399145658807813
2108,0.00000003908241219111085
2110,0.00000819915714652138
2112,0.000000011347580040126793
2114,0.000006574013351044018
2115,0.0000036976219149762314
2116,0.0000650588025236789
2117,0.000000028773099672885575
2119,0.000011865586721301115
2121,0.00000043801715634399417
2125,0.0000018875612040830535
2127,0.00020747189897376113
2128,0.0000008590402164970078
2129,0.000010771833958641182
2131,0.0007951029854584321
2134,0.0000040644880281392785
2136,0.000000000033318893107205814
2137,0.00003812294455093313
2139,0.04325724247858545
2140,0.00010407946716398313
2141,0.00000005191364799017494
2142,0.0006952956446332269
2146,0.00000035747609540953
2147,0.00025336007258882346
2150,0.000008336414791965747
2154,0.000010244950889304468
2156,0.0000009324085856769482
2157,0.864505453095353
2158,0.0002615764574139918
2159,0.0002652143435431335
2160,0.00018540848853723516
2161,0.0000026579319531301116
2162,0.000004350308445472151
2164,0.000015128229812867119
2165,0.000000013584588480886475
2169,0.0000004420867849290433
2171,0.00001979466215213045
2174,0.000000035598844811415017
2175,0.002159449289810787
2176,0.062336046591678074
2179,0.00016024574782661156
2183,0.0000022450642020489143
2186,0.021475494331647808
2188,0.48316086995579643
2189,0.31577455453877173
2192,0.007764277202721634
2194,0.1531831425142352
2202,0.1292201681270562
2203,0.3884034033215455
2214,0.5196599489454352
2218,0.09357219301939748
2222,0.3236623501255584
2224,0.019786661803104264
2226,0.01269420889623974
2229,0.8713602474886027
2232,0.2792667021354848
2233,0.004267197576853827
2237,0.000023681225670110832
2241,0.7491754578794441
2246,0.600096824629288
2255,0.06255596104171765
2263,0.30553967924609093
2266,0.005236557802167879
2269,0.33632880982716995
2271,0.033707109976858454
2274,0.006640804673894864
2282,0.01395857129253662
2283,0.4005923604789951
2284,0.03643934212687868
2287,0.02689065968418654
2289,0.1518944619947738
2292,0.923442653213259
2293,0.0885304595843311
2295,0.0402451496619755
2299,0.01335077910473213
2300,0.001711506768595953
2301,0.0017142413069227728
2303,0.0020152185143793347
2306,0.9702156905734428
2307,0.005904191169423709
2313,0.972188221669867
2321,0.08345603667357161
2325,0.9489611179769547
2329,0.01752458500865326
2331,0.23570817652574383
2333,0.06850770019415046
2334,0.3664484229550087
2335,0.5906639426958191
2349,0.7380443714632905
2350,0.9856832055815474
2353,0.6683810793464252
2354,0.25807052666365515
2356,0.0020856307471170035
2362,0.05505937656844584
2364,0.04456331541651821
2366,0.10071070935795133
2368,0.0564840675767397
2369,0.17733142199580496
2373,0.2026431192985691
2374,0.012979214212595644
2375,0.031965122320971075
2378,0.24222892218323933
2379,0.09787379199639944
2380,0.9225337520269203
2383,0.2260477634306837
2385,0.010588959256172852
2386,0.2292781843395848
2389,0.11503792534501674
2393,0.26407436373695176
2404,0.8086354738512743
2405,0.5817614035495122
2406,0.13119735104367233
2413,0.0673958751318972
2418,0.09513872544960393
2419,0.708403573876366
2426,0.02764749127959808
2433,0.014624477862738452
2437,0.02170257895874233
2438,0.03775912892089932
2440,0.0020659112867337
2447,0.11710536022087363
2449,0.8173132783989424
2454,0.9817195309551751
2466,0.11832119514437617
2469,0.7313737495076863
2472,0.017167002284975898
2473,0.06901061197430007
2476,0.43277196281521346
2477,0.44534126083850445
2483,0.5857793352791563
2484,0.6673678166513592
2486,0.0007774729721763339
2488,0.22255460601399535
2490,0.10796780333633252
2492,0.05129829890831856
2495,0.23975055192398065
2502,0.004679519964762866
2503,0.023949647602739363
2504,0.007407033593401281
2505,0.00006584894799767149
2506,0.17797930930196762
2518,0.06306424076152971
2520,0.7176239167366438
2526,0.0015636797303893346
2546,0.4342592411853841
2550,0.1808297100053608
2552,0.49913887116470645
2553,0.22294825628742446
2558,0.16979791756380372
2560,0.27626189396750217
2564,0.7758172512636801
2565,0.4942033651009049
2566,0.08544756739375042
2570,0.23759990918905488
2571,0.10682565605581931
2578,0.012421117380326602
2586,0.00012114166622426804
2588,0.847598671063062
2590,0.21010437448418368
2596,0.000001050296000865326
2599,0.0000006642284223950474
2602,0.0017648081221475985
2604,0.000000054196891043554455
2606,0.00000021460566843272832
2612,0.00000001815202469262446
2614,0.000000001090216681827701
2616,0.000001732318130060759
2617,0.000035257865470977286
2618,0.0000000022688888004503804
2619,0.0009065344038113757
2624,0.00000645023898852973
2627,0.7746618472313292
2629,0.00000019234505896975872
2634,0.000000022074902961549406
2636,0.00000044901389750200453
2637,0.0000008055632833175719
2638,0.00000017349056098300394
2639,0.000013326512129397349
2640,0.0000002503365800284719
2641,0.000000010615600929281435
2642,0.0005726459027255938
2646,0.000006068500027478301
2647,0.000000018265012087055914
2648,0.00002034984859753179
2653,0.0000000417716226965283
2654,0.000000053160659114639784
2656,0.00018189079066162223
2657,0.0000002625794933158214
2658,0.000000606502269534182
2659,0.00001819332103995021
2660,0.000000006660206041287482
2661,0.00000006936240144531113
2664,0.00000006602726812141049
2666,0.0000005726105640727226
2668,0.0000002778487248148439
2669,0.026269076307718776
2673,0.00005948979156043714
2680,0.00001656836222905916
2684,0.000052212828990261895
2685,0.0000003416970577292458
2686,0.0000011415706494180475
2687,0.0000001424081516125021
2689,0.000000010640434588647137
2690,0.00000039476912939020256
2691,0.00000012612578460162732
2695,0.0000000024653582646792118
2696,0.00004876564270676682
2698,0.000000007617875429548932
2704,0.06186493386744876
2705,0.0000003377542815227467
2706,0.8668611583706906
2714,0.0000001452729040792225
2716,0.0000024697022602020123
2720,0.0000000008550284033918326
2725,0.9652514972399727
2726,0.000005293326196117332
2727,0.00000016664755153714497
2729,0.00000004916650925888841
2734,0.0000032186173005925013
2735,0.000002941393984704214
2736,0.06209682341593437
2737,0.10418697413254432
2738,0.000000025251529597499207
2739,0.9515763640730026
2740,0.00028984897571143043
2741,0.000008665085137310753
2742,0.000000013526196283493787
2744,0.0000028199725553143167
2745,0.10567614520853624
2746,0.000000935754671532346
2749,0.000008044997057235722
2758,0.000011229905596693484
2761,0.00001604495308250042
2763,0.1466747159733909
2766,0.000001016529528787141
2767,0.0000008041491788390024
2768,0.000030074624388112137
2771,0.9092109395334342
2775,0.00023169289740003403
2780,0.000008471227235496726
2782,0.0000005621618874640385
2785,0.00000007722001579929305
2786,0.0000046356257169587115
2787,0.000000006443477236600165
2788,0.0000004266480717997863
2790,0.00001022374288686764
2791,0.00000018123608991749436
2792,0.00011044477122343455
2794,0.000001074689032996826
2795,0.000020303896378206523
2796,0.00000011121527731187887
2797,0.000004509570159661674
2798,0.000000002581612416055825
2799,0.0000017684851032683593
2804,0.00000003217443589459998
2808,0.00000010940642002691205
2809,0.000002546481564489578
2810,0.0000002520414014596539
2811,0.00000027145401260407166
2812,0.6340302278737316
2814,0.0000014252575183042347
2816,0.0000000034436814274664965
2817,0.000006354508229249872
2818,0.0000001531044663174206
2819,0.994456996875065
2821,0.000000017622092967196208
2824,0.000043259117827953815
2825,0.000000663063045194329
2826,0.000000031984287556565033
2828,0.0000002029024828863539
2829,0.00000004813397819822259
2834,0.0000017574273653374456
2836,0.0000645377884830625
2837,0.00000016809113314472315
2838,0.000000046957291874605926
2839,0.00000000000452386538539228
2840,0.00008015441929619509
2842,0.00000019606570146672162
2843,0.000004579888918087107
2844,0.0000000014012405603389944
2846,0.0000012057516241443382
2847,0.00000005816575138760553
2849,0.000004686438113327515
2852,0.000021662070572202918
2854,0.0000011710380122619358
2855,0.00000015385879660295215
2857,0.00000014280942533940766
2858,0.8320294726570645
2859,0.0000019800426333879916
2860,0.0016933551725192581
2861,0.0000008223544489476595
2864,0.000012947477792655185
2865,0.0000005119433920235687
2866,0.00020810740906556643
2867,0.00000006383212221607893
2870,0.0000015999925228453248
2871,0.00000010559022642589322
2873,0.9509801361136195
2878,0.0000004837108522350384
2879,0.000020517531067294738
2881,0.000000498756528749471
2882,0.0000000002575221664906299
2883,0.7784191737529007
2884,0.00000013011353051835074
2885,0.0000689012611904621
2886,0.0000001755014375789353
2889,0.000000007951845482615265
2892,0.000018291059529671934
2894,0.00000019576630536082008
2899,0.00006467754130411201
2900,0.000000008149671662956175
2901,0.0000000035590097058956603
2903,0.000001958168142519975
2904,0.0000026699566480404
2906,0.801683223682023
2907,0.000009125046187174407
2908,0.0000075039173287293475
2910,0.0000006274727241267659
2911,0.0000002875268005653141
2915,0.0000028560213131676265
2917,0.000000013072730507272965
2920,0.0000000011758555420218446
2921,0.09810340974035973
2922,0.0000007833875635836496
2924,0.8840557726298175
2925,0.0000031661794470238782
2926,0.00000001615082315348732
2928,0.0000000002979571050328126
2929,0.0000000019424511646420522
2934,0.00000008056605237447995
2936,0.0000000006449362369825545
2937,0.000000031716652764221375
2938,0.00000046354264947154023
2939,0.0000003680095209040545
2940,0.00000037598297183123884
2941,0.00000007951945367361028
2943,0.5012217905895057
2944,0.0000011418214948424213
2948,0.0000025301007704465094
2949,0.00046922734504113494
2953,0.000000005049508177208946
2955,0.0000002687199594027283
2957,0.000001170117494570696
2958,0.000000004195034402451794
2960,0.00000003032066830683869
2962,0.000000031985576518409254
2965,0.0000002609914079390638
2968,0.000043616056605212526
2969,0.0000000088825576121776
2970,0.000002011329451929239
2972,0.000003260067168953714
2974,0.00000013223714644838562
2976,0.0000034423035252619064
2977,0.613116932568992
2978,0.00000002105632575337892
2979,0.6032233872696734
2984,0.000000003012896604354551
2985,0.0000000037243704051959616
2988,0.0000028980480175428093
2989,0.000000003943976538524141
2992,0.000000013569671880904092
2993,0.00000044645366988885806
2994,0.8098748210866129
2997,0.0000004307628918424108
2998,0.000000027737596600623857
3000,0.0000000000454887783080025
3002,0.000000765438975820216
3004,0.12808685798575417
3005,0.000000018738376320910164
3007,0.0000005761741811479431
3008,0.000002000666013183115
3010,0.00001956058285513654
3012,0.0000005776429648397566
3013,0.30249727586428937
3015,0.000006376141443193238
3016,0.00005282968867792314
3018,0.000004647102085234538
3019,0.0000028778467050033955
3022,0.00000024734412776623805
3023,0.000037407197185022145
3029,0.00000014693500513425938
3031,0.13304357897402777
3032,0.000002988839910963962
3033,0.00000026519721794045484
3034,0.0000004796041814552563
3035,0.038655563232382804
3037,0.0000000007908927626943855
3038,0.1546646230500588
3039,0.000001610198349115097
3041,0.07539017075305278
3042,0.847318515182955
3048,0.04139339382925883
3050,0.1271184014908298
3052,0.7097128631905765
3055,0.6492023585168137
3059,0.004594969180690707
3060,0.005794928442699454
3063,0.005690140262296822
3066,0.5440752870105975
3069,0.102728270400181
3070,0.6369654891753705
3072,0.0725528111686031
3075,0.0971353677408832
3078,0.008465850973561817
3080,0.052972564330801754
3083,0.914944489915111
3086,0.40014352980018836
3087,0.6306227739923419
3088,0.29062038516115524
3089,0.10343825791451931
3090,0.676459349042754
3094,0.027883058495401736
3097,0.2450645223640264
3098,0.15054018134573355
3100,0.019431747844535375
3101,0.02473564795146535
3107,0.16593163829287574
3108,0.1056730076358076
3113,0.09290041102742194
3115,0.007837673741613286
3117,0.18208845526105705
3125,0.6049370232981822
3126,0.4844169195736081
3145,0.03208461166041746
3148,0.7327032243120968
3153,0.0842611856339673
3154,0.21960394957131113
3155,0.04823168312531978
3163,0.05508439481245592
3170,0.07212477815222447
3171,0.7427823962691095
3173,0.6914013206163051
3177,0.05369660775821611
3178,0.803236391983489
3189,0.8346078495403924
3193,0.2058176273628181
3204,0.03536946811368886
3210,0.44389907916329385
3212,0.4442510338727984
3215,0.003895910922900248
3218,0.14573991233283368
3220,0.45212054896357484
3221,0.010570407760711501
3223,0.1379043546258747
3225,0.10760304859829653
3228,0.02311248299549106
3231,0.020311393218657586
3232,0.4493388401810666
3233,0.9702613324327448
3234,0.554618699349986
3235,0.8612476668546175
3242,0.22985675119327675
3247,0.10059202729764383
3256,0.0007466795757091498
3260,0.0012537476344281922
3262,0.00501384264686382
3269,0.23548013116519695
3270,0.0014924107499943464
3273,0.658184370884693
3274,0.13780642378524607
3276,0.06217690068995222
3278,0.012706856010347675
3285,0.24420693654782513
3290,0.8107334510602541
3297,0.5160093219046197
3309,0.9786214632116981
3311,0.03931087806953688
3316,0.028662984161538313
3317,0.7920856178813284
3318,0.9180753720444308
3320,0.0747484453454706
3322,0.6557384441968693
3325,0.01747853202271658
3327,0.07990393810741409
3328,0.00866768284699009
3329,0.9663867797745826
3337,0.023817961545006084
3338,0.09383569570920323
3343,0.008640749674030996
3352,0.8665231316227187
3355,0.20188362167137922
3359,0.005111212572868835
3366,0.7398979672978582
3368,0.594825264183849
3373,0.0050889031847344435
3377,0.08846843723943572
3384,0.9004448916234703
3385,0.8890227862636535
3387,0.2535999794821536
3388,0.0008369331396403427
3392,0.002278208472358899
3393,0.6157027572324003
3394,0.9999949533973098
3400,0.039298954270743126
3404,0.7259899735042133
3405,0.3236928649326506
3414,0.23022485496731793
3415,0.042228887853652294
3428,0.0000535412991021776
3435,0.006495178074064803
3453,0.00006865508951148568
3454,0.00000027643351845766286
3458,0.0000000182719921435317
3460,0.0000000177915055061802
3461,0.00017888086042943112
3462,0.8178869778863739
3463,0.0000000063900728652302195
3468,0.00000000003609948957464927
3469,0.000000000141995364789168
3472,0.00000001824931799664371
3474,0.000000003177060613560379
3476,0.000000008282811269349461
3478,0.0000000013673736211875313
3480,0.00000008093739312400761
3483,0.5665333025366616
3484,0.12967988907099587
3489,0.061469545281899456
3490,0.00025482488170418114
3492,0.436804188998704
3494,0.15817260043688816
3498,0.00000000000711220639872238
3499,0.00023946011911138388
3502,0.00000006039318499849282
3503,0.000000010329384557323095
3507,0.0000000000000833179411666398
3508,0.00000000008720232665191055
3509,0.00005804356549885593
3510,0.0000012858259197632927
3511,0.0000002244148756483732
3512,0.000000010959154870707732
3513,0.0000005176172829884348
3516,0.8628153144910887
3521,0.0009020236879814605
3522,0.8632983002218125
3524,0.028410908134336697
3525,0.00012023239404506667
3528,0.9273148172439225
3530,0.000000002099454516785118
3536,0.0000004162473234158159
3537,0.00000029554263318856937
3538,0.00000000483735873189844
3539,0.0000000015119445328384376
3540,0.00000026712982749291335
3542,0.000000001663317885670589
3543,0.000000014804332367332086
3545,0.1786123411959653
3546,0.0000009406368032557335
3547,0.00000033580067473905757
3548,0.8221545608818263
3551,0.015594240448875871
3552,0.4627544227922748
3553,0.000000000009344898881341086
3554,0.13025450948359682
3555,0.000000003900657728653288
3556,0.0000000122031166778188
3557,0.000000002949814872829166
3563,0.0000000002771859039562876
3565,0.0000000021742156377338994
3567,0.00022087311317522035
3568,0.000004796639775285733
3569,0.6842320199218433
3570,0.7106734850611868
3571,0.0000061083354655893365
3572,0.21060723849551918
3575,0.000000027443467589049492
3579,0.7623381768341273
3580,0.20905903546309046
3585,0.000001280668661748638
3586,0.0000000029875277380930796
3587,0.000005756745093031428
3588,0.1032773943438999
3592,0.016967465860067442
3598,0.0000000166685587289411
3600,0.05384411980101311
3601,0.00633187211383842
3603,0.00000012409189440379022
3607,0.7913145760457794
3611,0.000000013252463011477752
3613,0.00000016293641423154378
3615,0.00019303835611994105
3618,0.00000003051568000300881
3619,0.9258794259025048
3620,0.000010852837019716017
3622,0.000000009750285217957687
3623,0.00000011241762306013147
3630,0.0000012045686648966688
3632,0.00000010570781858303174
3636,0.00000008530485071114433
3639,0.000000008207377566627608
3640,0.00000001992311050848577
3642,0.00000017247766794986103
3643,0.000006416215816982399
3644,0.13071331208692696
3645,0.9579826132020832
3648,0.00002364927142611996
3649,0.00000014935189702748585
3655,0.000019929875207680053
3657,0.8812125891079522
3663,0.7743847301815567
3669,0.006077261581811583
3670,0.00022441403171612594
3674,0.8521727236906115
3675,0.1829050507046228
3684,0.0011513750674756974
3688,0.05287550529531318
3689,0.7275784177344585
3698,0.00044101832787394707
3701,0.22648976229902332
3702,0.002517973807181168
3711,0.013860123556701229
3712,0.3050027624685727
3728,0.06665909870996223
3730,0.012110014214298581
3733,0.6557080748235325
3742,0.37869546992051656
3748,0.0039042866237729654
3751,0.00556109149715237
3755,0.19484835262846076
3758,0.06431897408274286
3762,0.09039652526233716
3769,0.026611588639237
3770,0.9526305520121086
3772,0.8759570387934795
3778,0.023012426913392083
3787,0.001228916027371821
3791,0.0033590977571792877
3804,0.13865194636711362
3806,0.5192373438571026
3808,0.051885157247411044
3811,0.02863266097092065
3812,0.18440956690626883
3813,0.07423289878569082
3814,0.5443961261610282
3815,0.37912446848628306
3822,0.08815103128720679
3826,0.12948680344424554
3839,0.09359654833426416
3842,0.005456087484141419
3847,0.9929622865591721
3849,0.8000565862051625
3850,0.012301825139795575
3853,0.00016792749748444424
3854,0.08693087460952585
3860,0.2669426423564224
3861,0.30378327280113293
3862,0.632714731410854
3865,0.002668916740520054
3866,0.0001487122728549048
3869,0.0027094275393241066
3870,0.43139057027052125
3884,0.38526228505510585
3886,0.5100313836981605
3894,0.13241115564593722
3895,0.02382033389121184
3896,0.2913826109419765
3898,0.07517386635519697
3899,0.19410794504793596
3901,0.17572596545436747
3902,0.004751632311828682
3904,0.001554484193907845
3907,0.027543844981502023
3908,0.9545037741809259
3912,0.17486183842246847
3915,0.06925457559671588
3919,0.000003230275947285352
3921,0.5943232519866154
3922,0.21181732539565573
3923,0.023825705965508762
3924,0.9416862014887302
3936,0.08953711712762907
3946,0.7797257070007331
3950,0.16802868691063205
3957,0.2068413556530427
3958,0.007833305174375747
3960,0.37607868963363644
3963,0.8577884305658401
3964,0.16475591620148533
3968,0.002379868148229392
3978,0.5044474287276691
3985,0.9854643392385916
3986,0.5718156996084192
3987,0.09940579664465549
3989,0.0002562710396162245
3992,0.0003995597855811167
3993,0.756088123801447
3995,0.03239592004061247
4001,0.019791293838078573
4004,0.5061091312153126
4006,0.757032638793291
4014,0.9593083033554087
4016,0.29412805728431013
4022,0.0013869596864229383
4023,0.32201556850179913
4027,0.8319359826833806
4035,0.0024644263564783417
4037,0.7761354195029012
4039,0.6137053089691438
4046,0.014987783332555184
4047,0.13582213633093734
4048,0.001749526974060182
4049,0.05616887013443875
4055,0.3974060961069203
4060,0.00000000017396719807517755
4065,0.03608978665164976
4066,0.9187722156700702
4067,0.0000000016603684550082805
4069,0.00000000032007613749087543
4074,0.015975723525280445
4076,0.000003745557660551342
4077,0.00000000023822106690273194
4078,0.0000001164271333150955
4079,0.000000004132015712899721
4081,0.9988316921826469
4083,0.000000001581194194258678
4087,0.7512555609985756
4096,0.0000000000194643787911976
4102,0.7762479638840936
4103,0.00000000003164007983354963
4104,0.0000000006593910493223446
4111,0.000000000025555750715772738
4115,0.000000000011536452872792995
4116,0.00000000003775821225770797
4117,0.0000019638253285733965
4118,0.00000004528247268933357
4121,0.00000004344949551186347
4122,0.0000000000072619160666894985
4123,0.000000000009548216996729533
4128,0.04115647219612243
4130,0.000000007759568300755847
4132,0.00000003368733008887558
4135,0.000000000036129414862300523
4139,0.0000000767256629425105
4140,0.00000012040642505214208
4141,0.0000000027071580427465324
4143,0.9697178952703011
4145,0.00000000014558767602380105
4147,0.00000000034419882884572185
4153,0.000000001197586431324642
4158,0.0000000000009268842135705323
4159,0.000000406576229578161
4161,0.0000000002460630850133858
4162,0.566461718658532
4163,0.000000042083373209302215
4165,0.00000000008176339569118355
4168,0.00000008110689877083486
4169,0.5955359562397672
4170,0.000004763357353284078
4171,0.00000015095200126825702
4173,0.0000021091853960966634
4174,0.000000000000012482969198556472
4177,0.8566947656139975
4179,0.0000000028048490384904096
4184,0.2644465750451585
4185,0.8781931392519093
4188,0.0000000004915263374314954
4189,0.00000003581075860437984
4190,0.00000002450575382588641
4194,0.000000000028361684813548853
4195,0.000000000025253932031905624
4198,0.0000000005607107918789728
4200,0.000000006214573695160747
4202,0.000026814429610010524
4205,0.00000006014212596472615
4206,0.000000581904238276678
4208,0.00000265808426352308
4209,0.9559930331349367
4210,0.000000000007733915347520884
4211,0.0000000017719222660019983
4213,0.0000000000000022916653079768764
4214,0.00000000017910194025123488
4215,0.0000000014914145666837541
4216,0.00000035845039662263845
4221,0.000000005833271119134996
4222,0.0000000000006094537818986668
4225,0.000000007365401331310589
4226,0.00000042549302411095215
4228,0.0000000007007552724938085
4229,0.000000000011623865666869394
4230,0.00000000827213989282735
4231,0.000000004319691367586035
4232,0.0000000484789005205877
4234,0.000000751024917175393
4235,0.00000000015749432934708842
4239,0.0000000000015245718892751531
4241,0.000000004407086650497949
4244,0.0000000000664398258226524
4245,0.008077282281102851
4246,0.00000000047334442516776
4248,0.0000000000018946649732268357
4249,0.4839746779577714
4250,0.0000000019288373967813945
4256,0.8926515192725073
4258,0.06387399890511473
4259,0.00000003641878146682221
4262,0.000000006969650486543081
4263,0.0007880172262214556
4264,0.00000000038915474777901086
4265,0.00000000001438177225857737
4267,0.5495577319174951
4268,0.9276405479610316
4269,0.00000000000010457890224651555
4272,0.000000000024203131288187143
4274,0.000000000992291014817426
4277,0.000000000001101102244489333
4278,0.00000002741664487821092
4282,0.8059822629466424
4286,0.0000001967501551932016
4290,0.8613280544121791
4291,0.0000043950836269012026
4294,0.0000000000002184714471802975
4295,0.00000002013989009291406
4296,0.0000000009492602599875007
4298,0.00002284810132959411
4299,0.797002883895658
4300,0.0000000026913360738104687
4301,0.00018260669426472333
4302,0.00000005914153969589828
4303,0.0000003343875400253771
4305,0.000005870998535807457
4306,0.000000043047310286940366
4310,0.00000000044293158099876305
4313,0.000000024658314185159036
4316,0.0000000006268737460771562
4317,0.00000046037260426404024
4319,0.0000000006028704791893237
4320,0.0000004110757894431422
4321,0.0000002625689032881774
4326,0.0000000008352733841355424
4328,0.0000000006598169543791234
4329,0.0000000053170648947491085
4330,0.00000008699291760809508
4332,0.000000058913481087196845
4334,0.0000000016524137968808705
4337,0.00000008262582699393311
4340,0.67217598317486
4341,0.0000000000657669801030088
4342,0.000000014071865475986787
4343,0.00000000009762123408345119
4346,0.04934604574039023
4350,0.5001419606476932
4356,0.11558656256055899
4362,0.11602000401368599
4364,0.5562023777753429
4369,0.023646552339402275
4371,0.003921111206234517
4378,0.00002863879543526349
4380,0.016434067619489533
4381,0.9557432021580872
4383,0.5195347213916187
4384,0.1611917102839492
4391,0.17228704174298218
4392,0.028666637402644926
4394,0.012926191808383163
4397,0.001404006534661856
4402,0.6681522597197166
4404,0.00955784041724625
4407,0.00011925256122697465
4413,0.02936827531377407
4418,0.3362856077407519
4421,0.00020660538091256563
4422,0.1502969057097509
4429,0.9007610651999882
4435,0.9286052848706075
4437,0.13735754792768382
4438,0.8995463669028393
4450,0.004488312556337702
4455,0.0931258568735728
4459,0.005787129250807627
4462,0.07951077552111778
4470,0.09722244047748839
4471,0.23318887194388807
4473,0.04222891035012108
4476,0.10940963086197618
4479,0.20776941403841806
4485,0.003378835656485086
4486,0.0017716015609712654
4488,0.006171010851285962
4489,0.3436761952980637
4491,0.09084898437592526
4494,0.9553439232454805
4496,0.020578129852816637
4497,0.005030703620958079
4511,0.00069102979919275
4521,0.488905588019505
4522,0.025600366918253892
4526,0.3666119318666265
4536,0.7274315855011533
4539,0.0015028119695817872
4541,0.3985560009223294
4542,0.00279477881698884
4545,0.5180584256161509
4558,0.8677184242648907
4560,0.25732070434873794
4562,0.11471735907640664
4564,0.0009564692784476544
4571,0.3636050626405114
4572,0.0007112639454767549
4577,0.552609752382158
4578,0.5558041945755626
4583,0.003120614060156596
4589,0.17917327998094784
4593,0.006241984665103316
4598,0.002466600637246452
4603,0.08957681379360523
4606,0.33108912550676434
4607,0.05050967171946718
4611,0.8153486994502359
4615,0.0000011891309592296759
4617,0.00022645296532606467
4618,0.05882020291456107
4628,0.6492361309021767
4631,0.048745034863694324
4635,0.29835782297235364
4638,0.001521168488436262
4639,0.6072482356604041
4649,0.018309170505835526
4650,0.6441572294037716
4653,0.7616776604778439
4657,0.8469342886214705
4658,0.0006720609086390003
4660,0.4446860016117494
4663,0.030228404355462566
4667,0.04628606397399581
4670,0.01404123695101358
4671,0.026227479980333635
4673,0.5025743055363544
4676,0.06562218087399457
4680,0.022626270917527735
4682,0.3224630408599106
4685,0.10308347820266091
4687,0.00009042646421754428
4688,0.004550720312072014
4692,0.020052842042068825
4694,0.008642814607703815
4701,0.0003791262296641783
4704,0.7454207856095034
4705,0.014577290775000903
4709,0.6333341848799338
4713,0.043303263730402504
4716,0.001240207678197295
4717,0.097117370894228
4719,0.0000803506679391428
4721,0.007650388750897824
4722,0.6852799810975919
4724,0.00007198975065286691
4729,0.000037765410995045616
4732,0.08987568556615298
4738,0.5742286587199417
4741,0.3191462578361042
4745,0.0000000015414448649335876
4748,0.00000000259292556818552
4753,0.018440315448949994
4754,0.02632974002766028
4757,0.00000000011404818774508584
4761,0.000000002500756647675721
4763,0.000000004436456871537889
4764,0.03186123269446504
4765,0.15006371882204797
4766,0.0000000000000006019703778895225
4767,0.00000000658113501669142
4769,0.0000000006538571292932317
4771,0.0000000000011145268618083317
4773,0.00000003495474980346611
4774,0.000000000004038937589634736
4775,0.0000013708247136310262
4778,0.00000000000002751074587747056
4781,0.49100339328354725
4785,0.000000000000003740904621216864
4786,0.0000000159387548846305
4787,0.00000000012617703695891496
4788,0.000000000000194893973203228
4789,0.0000000025881013454108597
4790,0.0000000000005829023533552458
4791,0.00000000000008529014088873154
4793,0.0000000000000056375720827772844
4795,0.8659599608711872
4796,0.0000000000010220835248244449
4798,0.5276676625096699
4799,0.0000000000005666567332755622
4801,0.0000003064884624575616
4802,0.00000000028493341241509913
4803,0.00000000000850639403319385
4804,0.03606161366275441
4806,0.024247835876864132
4807,0.000000000562652433575586
4814,0.6632150747263245
4815,0.000000000006855677316333564
4820,0.0000000003475677645772374
4823,0.00002157809504753241
4826,0.914768806486418
4827,0.00000000002481614259623017
4828,0.022152886513409326
4830,0.00000000005902619168491379
4832,0.0000000000008834459117533484
4834,0.0000000000036788957863143796
4837,0.000000017288576270744252
4842,0.000002838315435438041
4844,0.0000000000017273580673705432
4848,0.000000000001967434406296199
4851,0.00000020534981380013684
4852,0.0000000000008485759827120242
4853,0.000003276800053040369
4854,0.0038446671274293713
4859,0.000000008756995713489194
4862,0.0000000000007459278709313231
4863,0.0000000000000061648520251610385
4866,0.00000000006813747378202072
4867,0.000000014386562113254546
4869,0.00000000002681722255429097
4870,0.6660099655747984
4872,0.000000004117527504349595
4878,0.00000000009882937841872146
4879,0.00418224383115717
4880,0.0000000000000068148259713720495
4886,0.000000003464230580645338
4888,0.8915922500781397
4890,0.8267561948065705
4891,0.00000000000023662074841590746
4893,0.00000000000802033559665128
4894,0.6764686334632618
4896,0.000000004242906605740479
4897,0.000000012619820111186654
4898,0.0000000000006190261045753498
4900,0.0000000000005315458755901
4901,0.000000000013000484252528889
4902,0.0000000003791440301745457
4904,0.0000000000000005311928013977624
4905,0.00000000008076280033421453
4906,0.00000000000007373758610035991
4907,0.0000000000002238267059597111
4908,0.0000000725452194874959
4909,0.0000000000013525167072720514
4910,0.00000000005496988626655772
4911,0.0000000000017694672124732777
4913,0.000000000003853855282383182
4914,0.6429263853478139
4915,0.00000000002402948685580013
4919,0.00000000007432912157303911
4920,0.0000000000000034903411967162584
4923,0.00000006062799228996645
4925,0.00000044917074226161913
4930,0.00000000005838873084582132
4934,0.6636400313771896
4935,0.8327257526559215
4936,0.00000000005006338894086689
4937,0.7653637230679473
4939,0.0000000006088594936123638
4940,0.00000001622730262641627
4942,0.00833318723186326
4945,0.00000000022202519194171191
4947,0.00000000036684357175935394
4949,0.000000000033319893647710606
4950,0.00000003955245519507263
4955,0.00000000000010865335123777835
4956,0.8023880909760138
4960,0.000004074997189795323
4961,0.000000000828186467611907
4965,0.0000000000040282961187978804
4967,0.000000004155474358343736
4969,0.000000000005767881659971071
4971,0.000000000013392461995909252
4984,0.6984600692238286
4985,0.028765045758274137
4989,0.537649438486137
4992,0.14120376524464787
4995,0.06352099213915356
5000,0.8558048905380927
5003,0.06237010262059688
5008,0.1614383445255873
5012,0.00010308991648707124
5016,0.34692898232318226
5018,0.5965109815742261
5022,0.7170995007526766
5027,0.013230376332626342
5030,0.00003779508192433634
5031,0.8139971430611656
5033,0.6143829076438482
5041,0.003967791807788039
5044,0.5522668944344744
5046,0.01190533030641295
5048,0.0026601671574976306
5051,0.00012415834467217147
5052,0.00015147246859825069
5055,0.767583771843154
5056,0.25078461304969196
5058,0.037728919527833936
5065,0.000015464719311615344
5066,0.1512292069585663
5067,0.5961379398845955
5071,0.8466777073189643
5079,0.15710549522113168
5082,0.7360264431067632
5083,0.7462845010249437
5087,0.022627998329225636
5088,0.05077142432734783
5091,0.4328579389585144
5098,0.41587865994216183
5100,0.8112645619313725
5101,0.6691342013583952
5107,0.00004698917928983691
5116,0.40774709564966916
5121,0.9979323265207987
5122,0.003604398707102625
5123,0.020812249365175534
5126,0.014573379416680717
5128,0.07737644624220648
5130,0.3312016511668553
5146,0.01892159347048101
5148,0.21466409942145015
5153,0.00011838083174070198
5155,0.582030871562234
5157,0.4908143793184156
5164,0.036615249720015036
5168,0.0004573203679152974
5172,0.3216086059185852
5173,0.16348698638705916
5178,0.007058998900067185
5183,0.40309831171713506
5185,0.809592618630715
5198,0.00003354092312835836
5204,0.5905259665063526
5214,0.8469395226108276
5215,0.1163227412169244
5218,0.06870570179658458
5219,0.017850777870160293
5229,0.0005254959304757196
5232,0.0029881426120644664
5239,0.1511621920156554
5243,0.07768956178768262
5244,0.8931010058557881
5246,0.1943081962334026
5252,0.4768481975775712
5255,0.16367811686882833
5274,0.016364313855811868
5276,0.352389739993492
5280,0.6862714333469888
5284,0.006392552153240416
5287,0.3394641503531416
5293,0.0020494324702404606
5298,0.8796147341200277
5305,0.0013945440103341525
5313,0.12646361786996857
5317,0.045628172929208045
5318,0.009287102183487446
5323,0.005705834051147923
5326,0.0012665322076093062
5330,0.029293080716192264
5331,0.5342422727437053
5332,0.3437365328503979
5335,0.3525154408771668
5338,0.09534345977041055
5347,0.0009674326856871005
5355,0.09055178377162824
5359,0.0008775434558322511
5361,0.0003720381291826227
5363,0.11463825735010774
5365,0.0032434138741305614
5371,0.0011164345222973472
5376,0.0003872000561094047
5377,0.02325289823547376
5379,0.0000008023388761957401
5380,0.0000000000008668582914038307
5381,0.000000000004443425372423183
5383,0.000000000006079011789976078
5384,0.03102204314002359
5385,0.000000000002377535283458302
5389,0.0000000000015061957781729214
5390,0.000000032949525370091596
5392,0.0000000011338320501304952
5397,0.00000000000021422415817939378
5402,0.000000000000004190375972549376
5403,0.00000000000019688514265428443
5404,0.00000000031439897012978167
5406,0.000000000174738290372166
5408,0.00000000000006917340929635194
5409,0.0000000018683833534659413
5411,0.47725811635578086
5412,0.000000000036382114629576005
5414,0.0000000000005807340771241549
5416,0.008170444273228994
5417,0.000000007692418902191003
5419,0.00000000000029809186094155443
5420,0.000000000000001891294414337837
5421,0.000000000000000042673646942074385
5422,0.00000000007672723391126851
5423,0.000000000005622962805159569
5424,0.4992870800875235
5426,0.00000000008600777702514219
5427,0.000000004229828473115789
5429,0.0000000003233219897711957
5432,0.000000000011481757898650344
5433,0.00000000000007119256255896046
5434,0.0000000026221445739805388
5435,0.0000000000000000056680632079170076
5436,0.0000000000019177427310685264
5437,0.8195947106176241
5438,0.9232664887811526
5441,0.0000000011395989359791614
5442,0.036156040187702326
5443,0.8995702351609405
5444,0.0000000006563045496463038
5445,0.00000000000006076538298217304
5446,0.0000000018143190770261234
5448,0.000000000000005889686665410835
5450,0.00000004214067563811001
5451,0.00000000014559265442397176
5453,0.00000000008474386639236023
5456,0.000000000090419889203607
5458,0.000000000008965059826715915
5459,0.0000000000000019752882416810288
5461,0.00000000037055787431809485
5462,0.6294293236678081
5466,0.000000000006318721342533093
5467,0.000000000006447315619090548
5471,0.000000000000005361490099343034
5472,0.0006915822394115893
5473,0.000000000005688348224874629
5474,0.0000000007074684900221622
5475,0.0000000000033511901006539453
5476,0.0000000000000015762418597427939
5477,0.5906612819753643
5480,0.00000000000006231725841764887
5481,0.001274926559514105
5486,0.0021818107575511288
5488,0.00000000003189860529639308
5489,0.018842367033480734
5498,0.000000000009870183534104007
5500,0.000000000002363899934873943
5504,0.00000000031462199979077093
5505,0.0000009983122768908204
5507,0.0000000000000000015013941235387033
5509,0.9015044180665527
5512,0.0000000000000005266319172591153
5513,0.0000000000006760149458046465
5518,0.0000000000000011886090709476767
5520,0.0000000000003952912884128932
5522,0.000000004862285919177786
5523,0.000000000010143203277468921
5524,0.00000000000025844079776266265
5525,0.04079401434790421
5526,0.00000000000736675448482561
5527,0.000000018197136022051905
5528,0.00000000028159896053072555
5530,0.00000000011542813672528653
5532,0.7407004624561453
5533,0.000000004476940070945462
5534,0.000000000010697472649848947
5536,0.000000014273230129155305
5540,0.00000000000008394687050133333
5541,0.0000000015698267678334405
5544,0.00000000012654808504336052
5546,0.0000000000000025145454181888525
5547,0.0000000000000010113970196460345
5548,0.00000006743948636819114
5549,0.5080343324221254
5550,0.0000000000000014947517241748737
5553,0.00000000000006307665865318383
5554,0.0000000005191378111573629
5555,0.0000000000018377482202924417
5557,0.000000000002150648750699318
5559,0.000000000811597805724313
5561,0.020130968903585744
5563,0.00000000000002921641007451235
5565,0.00000000000761454861329611
5566,0.000000006190131638196882
5568,0.00000000000005309780885001367
5575,0.0000000000000014307540463914105
5579,0.0000000000049481663313734874
5583,0.000000000001278548210812768
5584,0.00000000000000000006452745794165951
5585,0.0000000000000029883884172546042
5586,0.000000000000007077572960006848
5587,0.0000000000027838507924176947
5593,0.000000000001949990165674152
5596,0.005143883579398945
5598,0.000000000000009051066517228953
5599,0.00000000000000632503071646622
5600,0.0000000000021136320250129503
5607,0.00000031381974638971686
5608,0.026045373747081588
5609,0.0010406333239262316
5610,0.08500351669050178
5611,0.0023841899501463944
5614,0.036822050630084896
5616,0.007512109344688134
5625,0.35583111975753995
5628,0.10468157582909565
5631,0.04547397022974926
5633,0.3009019969327001
5642,0.9999770554929233
5644,0.41509831309358836
5648,0.45623124724586617
5655,0.000030080262813261825
5657,0.0004681939388486531
5660,0.000008024932296587185
5664,0.000009357902479013665
5665,0.11939603050596997
5681,0.21448179252610636
5686,0.27994547994912966
5691,0.0746747386107089
5692,0.0025816981616997173
5697,0.696562350641832
5698,0.01451652038827018
5700,0.674491510836536
5702,0.00015514534965801048
5703,0.12944987848215467
5704,0.08697268929378384
5713,0.4694083038821816
5715,0.030211141485535314
5718,0.5585052112076394
5724,0.009302767597257086
5725,0.0027136178052800134
5726,0.0006885577061753275
5728,0.000005999602454097419
5731,0.2357928765467597
5732,0.8910189177156846
5735,0.0013484598005665026
5740,0.866559973092765
5746,0.034094395006534876
5748,0.000017474351773146727
5749,0.138394666000533
5752,0.007169319242696876
5757,0.0030290209055312124
5764,0.003963040977062088
5765,0.07943882908499418
5767,0.7640812704201108
5770,0.43900834574848485
5780,0.010467304077285163
5781,0.9073263095214971
5783,0.008097377650193721
5784,0.05071146533676383
5785,0.000011432326840918604
5786,0.04294734822036327
5792,0.12095666540289943
5800,0.011720663757764349
5801,0.08074202878445526
5802,0.000008237865715274318
5805,0.044131019508668906
5806,0.0031330506089426815
5807,0.6572903968743068
5808,0.0401037068545765
5809,0.39845424452112765
5811,0.2773959674315458
5813,0.008433516079958549
5814,0.14635318101875536
5815,0.03786927444180676
5818,0.5993118669401882
5823,0.5468775362598436
5828,0.8129281717081807
5831,0.024326756878224283
5833,0.3145022502416272
5835,0.003883094547526649
5836,0.000639183649429817
5838,0.8095868425838766
5839,0.009444979521683449
5850,0.000009527256475534734
5856,0.003546875151490359
5863,0.043190080329294174
5869,0.20695760123516332
5871,0.28073313717123344
5876,0.0035386197903757794
5880,0.3633396201218804
5882,0.21641158449230824
5883,0.6043397664271548
5887,0.000002321271313895569
5888,0.03807346365172211
5894,0.2967568858397212
5896,0.11935824801824692
5910,0.039511825483036785
5914,0.0006629369812820718
5917,0.000006189035475617719
5920,0.5245422993370019
5921,0.000003226734529570662
5923,0.535414764788504
5924,0.002254417072487335
5932,0.019213933038840697
5938,0.00000007856805927175532
5940,0.0491652711535093
5941,0.000007339584615514483
5945,0.0018241284150967868
5958,0.0022235820214158717
5963,0.09010945160978022
5965,0.0000004496030567108512
5966,0.000021843074849040703
5967,0.01171968228253464
5968,0.0010772889232041397
5969,0.00000013524599644558804
5970,0.8244164915291884
5971,0.6721427934000437
5972,0.8535387341768143
5976,0.257462721226402
5981,0.014466172394987015
5982,0.0009718923629985723
5983,0.002130764151325424
5985,0.000059999295683792405
5988,0.00018620662728834658
5989,0.9444432216709727
6004,0.000000000000000015849319939672818
6005,0.0000000000021338861703982377
6007,0.0000000015582707999974069
6008,0.000000000039068288641595806
6010,0.00000000000006773379534179275
6011,0.00000000000000003112520150309693
6014,0.00000000000000000848043141207338
6015,0.00000000012609405038273282
6021,0.0000000000000003610350041563547
6023,0.0000000000002290982126971672
6024,0.0000000005362271623899243
6026,0.00000000000004840920033042821
6032,0.0000000000005643143910674839
6035,0.009958089428934563
6037,0.9522073134305552
6038,0.00000000000023196285273257947
6039,0.00000000032936976791283826
6040,0.000000000000000045852107404240537
6042,0.00000000000001749053050055207
6046,0.000000000000000030175100669649785
6050,0.00000000000000000005433263785235314
6053,0.00000000001498622579897023
6054,0.7601486143934038
6055,0.00000000022626421932866105
6056,0.00000000007187134639218977
6058,0.0000000000000000000006378484672366382
6060,0.000000000000022140635030901136
6063,0.0000002416632973775498
6066,0.7324836226831689
6067,0.0000000000000001539888002767375
6069,0.00000000005990185928150792
6070,0.38559393410655113
6072,0.2578017878496757
6074,0.7165387265231511
6075,0.000000000004253124253555517
6076,0.7627427390953138
6078,0.00000000000009139754064777938
6082,0.000000000002690805887222836
6087,0.3346776224480069
6090,0.000000000038920244607774547
6092,0.0000000000011542868975984723
6094,0.0000000000008134601323551215
6096,0.7787013537720104
6097,0.000000007440294382747155
6102,0.000000000000044689404417674754
6103,0.0000000000020941108384269968
6104,0.0000000000008589583170176413
6105,0.000000028384271204034234
6106,0.0000000000004394236466920769
6107,0.0000000000005845331174881013
6108,0.43791899351619035
6112,0.000000000028758160364985995
6114,0.0000000000000023244731312542237
6115,0.007803647207584167
6121,0.000000000013504077850361275
6122,0.00000000000000043701188446373663
6124,0.000000000000006027382960911148
6125,0.000000000000016392799549124938
6129,0.00000000000007238561882440746
6135,0.0000000000006419482280681125
6136,0.0000008937669740337283
6143,0.00000000000000021434188965269852
6144,0.0000000000070484254285080026
6146,0.00000000000000000002748077154244167
6150,0.0000000000000000047038937917975405
6151,0.9314942745819079
6153,0.9007377146825478
6156,0.000000000003532805511014969
6158,0.9552027443958128
6160,0.000000000000009183288109659633
6164,0.0000001199937928507043
6168,0.6777424622590943
6174,0.0000000000006235063062238616
6176,0.00000000008878187200383629
6180,0.0000000000000034175290627988804
6181,0.000000000019266314818670934
6182,0.000000000000033437972425809137
6183,0.000000000000013477673003765491
6187,0.00000000000008747086283276993
6190,0.0000000012543892146871896
6192,0.00000000009909430243073483
6193,0.00000000006002309270292876
6194,0.000000000000008611452273147357
6195,0.03448189967449827
6197,0.0000000000019873681456285043
6198,0.00000000016326923800810392
6199,0.0000006371118093669538
6200,0.00000000000000007793654515463382
6201,0.000000000000000002357076296519706
6202,0.00000000000009677095425594646
6203,0.0000000000000000021908448197885318
6206,0.0000000000002515141076063702
6207,0.00000000000011349880744677856
6209,0.000000000000015095397888505147
6210,0.000000000010582000536172957
6212,0.0000000000010243626592533785
6214,0.0882105619013144
6215,0.18557661166399989
6217,0.000000000002315368235680889
6218,0.00000000042087464515810847
6219,0.00000000005155968526024029
6220,0.0000000000000010969215743902103
6221,0.00000000012131314795463987
6222,0.033905511240164894
6223,0.0000000000005342368463616011
6224,0.00000002080324294223522
6226,0.00000000000032570218129943107
6227,0.000000000569486303669609
6229,0.00000000000000000006760666015390662
6230,0.00000000000002863124050367033
6231,0.0000000000776794984711834
6232,0.1055900863349919
6234,0.00000000000043547060659959206
6235,0.00000000012271496041387271
6240,0.00000002601334933634508
6241,0.00001766934958162054
6242,0.015594495218004939
6243,0.00008392466801400216
6244,0.0007038179385804899
6245,0.0001446686829493129
6254,0.00008734828130854996
6258,0.008872029123888544
6263,0.08591506226230644
6267,0.008886452167694766
6276,0.2290808975941308
6282,0.008869858871884951
6283,0.0006097817654474303
6286,0.000004320498154603006
6289,0.34254559778195764
6297,0.033127686319683027
6307,0.9602552781649081
6310,0.0030846004128599574
6311,0.14584830731860274
6318,0.0071460516443352
6320,0.0012289239890967854
6323,0.015595511346880182
6328,0.004501461123053561
6335,0.8033529277408716
6342,0.0033436382349777854
6349,0.001460596566058326
6353,0.9626646467368928
6354,0.000055593509206683276
6355,0.5255343050463686
6357,0.0002419511449316365
6359,0.04067798941545456
6361,0.018829710999038376
6362,0.11146974186660172
6365,0.008026256602705412
6366,0.8154482476501288
6369,0.0003017760744622258
6374,0.019339251021772766
6376,0.001079617628410961
6379,0.00027867975125658666
6392,0.057885280958309124
6395,0.011598801243918863
6402,0.0011572979280218409
6411,0.0023309015563950353
6413,0.06363918494399191
6418,0.016514524340351527
6424,0.20208972036115622
6429,0.00881390968406114
6432,0.001831349987074024
6440,0.00011830339345975604
6445,0.08100632179388634
6447,0.00004908380496835564
6460,0.006262193305229642
6462,0.006895651636987869
6464,0.24501281263649008
6465,0.006175353547568751
6480,0.008227465388403611
6484,0.041712991585508764
6489,0.30514479791210003
6490,0.021815330385832256
6493,0.0011095074126630299
6502,0.00000044043554687396334
6503,0.022901398814423844
6513,0.6201517951446766
6522,0.1598084575518032
6530,0.9997476571574276
6533,0.050649723946283996
6534,0.08384751583054993
6537,0.43432572824553
6538,0.9571303066560157
6541,0.000002549762809579561
6546,0.0011523219391575024
6548,0.000016294058484960442
6551,0.0000012677144171075127
6553,0.002452778643559875
6559,0.015454040631080284
6561,0.915407674259378
6570,0.47682385334130517
6572,0.376181223113554
6573,0.23535078784782268
6580,0.2603478501633585
6581,0.010154345309971396
6582,0.05386112974563901
6592,0.00010831584716974991
6597,0.00225631644131884
6603,0.29763543045715785
6604,0.0010890179042929427
6611,0.000000287909141500721
6613,0.00800641546383531
6621,0.21159049032006105
6630,0.7573930683533588
6642,0.000000000000000009282266178726262
6646,0.000000000000000009752849304512796
6647,0.000000007523347091210619
6648,0.000000000000022933480515324066
6652,0.0000000000000020187682998052813
6653,0.000000000000010477570895914349
6654,0.0000000000000009671469857016355
6657,0.00000000000000000024760683522056695
6659,0.015277414939373953
6663,0.000000000000007484032475671037
6664,0.00000000000000018875852903253584
6665,0.000000000024116842562485533
6667,0.34359651678684655
6668,0.0027278688419254188
6670,0.00000000000000004861124592357471
6672,0.00000000000019621300284814034
6674,0.0000000000018027240746206138
6675,0.000000000000000000000003463891795209904
6676,0.000000000000000013988133800738418
6678,0.00000000000005429020547877624
6679,0.000000000000000005896784016743365
6681,0.0000000000001648068692252705
6682,0.0000000000000000018810932508472025
6683,0.000000000000024746104793297664
6685,0.00000000000028498139324219603
6687,0.00000000000008690336412475809
6688,0.000000000000016304414229894914
6691,0.00000000000000018201633574538924
6693,0.000000000013352716481723537
6695,0.00000000000007340121313769448
6696,0.000000000000017192504031457625
6698,0.96036143256786
6700,0.000000000009930952009629357
6701,0.000000000000000002613977589165127
6705,0.00000000000014113442086781436
6709,0.0000000000000002236754799565784
6713,0.00000000000000000003675406172049708
6714,0.0000000000000006496063990097498
6716,0.000000000000000021482281467965425
6717,0.000000000000000015513856216771632
6720,0.0000000000006572576960766011
6721,0.00000000000000352783629207171
6723,0.8645383660616126
6726,0.000000000000016056402701688236
6728,0.048935410130106285
6730,0.000000000000000009664382548662533
6732,0.00000000000000000007583432451529036
6733,0.00000000000000008448487711376026
6734,0.00000000000010036626565416592
6736,0.38863878287555986
6737,0.0000000253590759567261
6738,0.000000000000008482834895883825
6739,0.000000000010032293005941393
6740,0.000000000000002151729167561436
6742,0.0000000000016820306248787874
6743,0.00000000008651328195491394
6744,0.0000000000000004706868749445163
6747,0.0000000000672476382841042
6748,0.000000000000000000021251834659234496
6749,0.00000000000018763991233118922
6754,0.0000000000000007639002447652787
6757,0.000000000000005100823674522882
6759,0.0000000000007576224053417222
6760,0.0000000000000587216816207775
6761,0.00000000000000000019029741171228423
6763,0.00000000000009062740069425586
6765,0.00000000000000000002006853366798328
6767,0.00000000009190463989435078
6768,0.006934949194020263
6769,0.0000000000019877789189704366
6774,0.000000000000000021134254190527902
6775,0.7597338228124453
6777,0.00000000000000007946077285293558
6778,0.0000000000015832210961472938
6780,0.000000000000000025702409358185215
6782,0.000000000000000015261044548529478
6783,0.07364448815660443
6785,0.000000023591430330115323
6786,0.00000000000000000716178343317261
6789,0.9946341879622352
6790,0.000000000000006499479812310175
6791,0.0000000004081282556973548
6796,0.00000000000000000000006682507938605743
6799,0.0000000000000000019190764654664232
6802,0.0000000000000000008929278599175449
6806,0.000000000004754765589704286
6808,0.000000000009463036966153489
6809,0.0000000000000062632211984648426
6810,0.40757944623824915
6811,0.0000000000000034096406830409663
6812,0.000000000000000036250985530469447
6813,0.00000000000000242746937257059
6815,0.000000000008573498089826624
6817,0.9873256516320827
6819,0.0000000000000244780394471344
6821,0.00000000000000001913013109494089
6823,0.1500171435084381
6824,0.000000000000017560691308621014
6825,0.00000000000006670063564536428
6827,0.9763358360473109
6828,0.000000000002414080000591623
6830,0.0000000000000002719221552939503
6831,0.6959957656896014
6835,0.000000000000005904466158447237
6837,0.0000000000000000000005823018317979084
6839,0.0000000000010241310401231529
6843,0.00000000000000035382379288836653
6844,0.0000000000000000005723758225105646
6846,0.0000000000000007127255350816841
6848,0.00000000000012137455037979658
6849,0.00000000000000014274617963400892
6850,0.000000000000002711520740484228
6853,0.000000024611828841421328
6854,0.000000000000008316844045272856
6855,0.0000000000000000056156626886674414
6856,0.0000000000000014907204819709779
6857,0.000000000000015495541490011763
6859,0.00010596806479628246
6860,0.0000000000000029629609290322347
6861,0.7120618342536013
6862,0.0000000000000006311874565730908
6863,0.000000000020016218386283265
6864,0.0000000000000000002764494175402352
6865,0.004775989103680845
6867,0.8214485285744784
6868,0.000000000000004053771747636298
6869,0.04719034768511113
6870,0.9177603955295266
6871,0.021473470718702994
6873,0.000000000000000010606314347679387
6874,0.00000003371886170883695
6875,0.000000000000000019704486649325582
6877,0.00000000002326629255883487
6879,0.0000000000000032684026656702666
6882,0.020734151254092958
6887,0.0013632788469430154
6894,0.0006953781368169642
6896,0.00027844492218632365
6899,0.012733643792038276
6910,0.0000003079341356261525
6913,0.0000000008789973647460642
6916,0.009245462080178235
6922,0.3419710409061971
6924,0.048371374881379055
6927,0.000012185315330258764
6932,0.06589962418603444
6934,0.888895546928682
6938,0.004066060565766393
6939,0.06794598479868094
6947,0.028087780765019568
6950,0.0025752126502592157
6951,0.9135499832959145
6955,0.6815156016215154
6956,0.8107384247835648
6957,0.000013336591796890353
6958,0.00021671012491873487
6969,0.0003064352332682376
6970,0.43565944053284306
6972,0.00000003549612222745235
6973,0.6824316498340166
6984,0.007599394445120378
6985,0.00028944878417667486
6988,0.12452112335348822
6990,0.1184148575488812
6994,0.009274426583943535
7000,0.01271699017919718
7005,0.420572581986678
7006,0.0000958083086460262
7008,0.08363648157544763
7009,0.0002624765547122061
7012,0.6018154655871133
7016,0.0015011560841639846
7021,0.09395800150001224
7022,0.2174558364423766
7023,0.01966858779818047
7042,0.016904375759668844
7043,0.3239991741682552
7047,0.06929677917162938
7048,0.9201528057566634
7053,0.4279743257689687
7055,0.00026340734881522666
7063,0.01082521434409777
7067,0.03850069897635767
7072,0.9119187833783894
7076,0.4496554712812014
7085,0.0000009173025834832862
7091,0.3537886470568827
7093,0.014173451778473683
7107,0.4486048329088768
7115,0.000000008989069931450935
7117,0.04206318739657365
7118,0.041751423903730635
7124,0.013898855510087545
7126,0.5262728128663622
7128,0.0000011752470674895346
7129,0.9902703312605919
7132,0.23126368106100223
7137,0.4058743061056538
7139,0.7443571743208401
7140,0.119137081367544
7146,0.00004007501078860015
7148,0.37418993630508307
7151,0.0009264071462500786
7153,0.6692002108763943
7156,0.00000008066023926731103
7171,0.9119660140513478
7172,0.0020829446832722975
7180,0.0000017274780829191702
7184,0.022289135681913718
7187,0.009983314626805045
7190,0.47397153336041953
7192,0.0036256215913257083
7194,0.850538470717066
7196,0.0004152675138097871
7198,0.00002173691089552051
7205,0.05837208124312741
7208,0.00007214069663246926
7211,0.36078349270160387
7213,0.012650506180882358
7215,0.000001192043053391594
7219,0.02511413347489691
7228,0.000734857999519461
7233,0.0006894101617618703
7237,0.0003248131282039584
7239,0.15450999887511813
7248,0.0012844096361404487
7250,0.02053748129475958
7253,0.3514839718750788
7256,0.10629251930136209
7262,0.1728820287857014
7264,0.2874063789798672
7278,0.009330736924641876
7282,0.0000000000000007813969538672046
7283,0.013472247208052275
7291,0.9558696160945639
7292,0.0000000000000013774706453092952
7294,0.7157648582974843
7296,0.000000000000000009437816933401186
7298,0.00000000003354661944288557
7300,0.000000000000000000010249222369850888
7301,0.0000000000000000028802850451363465
7303,0.000000000000006505553134379029
7304,0.00000000000000001346398876006669
7307,0.000000000000000009744030130787077
7311,0.000000000000000000000039630866645016964
7312,0.7310980458056293
7314,0.00000000000006128762911311816
7317,0.0000000000000000000018050834813138925
7318,0.000000000000006888358221104884
7321,0.8376390914109885
7322,0.000000000000000000007875800232193355
7329,0.00000000000000000016454400617968487
7331,0.000000000000000000000029280612588885313
7333,0.000000000000009696911024876803
7335,0.9646460049293019
7337,0.3477689561538815
7338,0.0000000000000000000933561565695921
7340,0.25841761922786016
7342,0.00000000000000000000007387282971581975
7343,0.000000000000000000000000020382641626414217
7344,0.0000000000000000002731081757974756
7345,0.00000000000000000000016047699674738493
7349,0.0000000009572966422835344
7354,0.0000000000000000000000398319486037507
7355,0.000000000000009561521855667849
7357,0.6615517233510482
7358,0.000000000004800221865031049
7359,0.000000000000000033363822824803405
7361,0.0000000000000002346881062694858
7367,0.0000000000000000027140768712598394
7369,0.00000000005115364922574207
7370,0.000000000000000012853341541335228
7371,0.00000000000000000005943316473241502
7373,0.00000000000000040303416493203347
7374,0.000000000004255745002147218
7375,0.000000000000000000005277524717929435
7381,0.0000000000013292468660330875
7388,0.00000000000000000005300948496924704
7390,0.00000000000000014539947205094705
7394,0.5575037671236764
7396,0.9847149477610844
7397,0.000000000000000001014514840723324
7402,0.0000000000000000001858337342970662
7410,0.00000000000000010583855909446208
7411,0.00000000000006441971188331097
7414,0.023530636674720065
7417,0.00000000000008276184894603201
7418,0.0000000000000024178546517915642
7419,0.0000000000000000002879790768660948
7420,0.00000000000021117929212212598
7425,0.00000000000000000011716111975612114
7426,0.000000000000004841741431265
7427,0.00000000000000028193778999561917
7428,0.000000000000000000003087432468821784
7431,0.00000000000002214358541352906
7432,0.0000000000000000004269895259738606
7433,0.0000000000000033727444101461026
7434,0.0000000000000000049463587813680245
7437,0.00000000000002907160621653185
7438,0.0000000000000000000017618632467798424
7439,0.00000000000000011541333886311393
7440,0.6684937247380862
7441,0.00000000000000000004224637815518443
7443,0.00000000000000025914284477965644
7444,0.000000000000000000027337286785866897
7446,0.00000000000000000000001560497837511979
7448,0.0000000000000000031306704285059595
7452,0.000000000000001100952200478945
7455,0.0000000000000006482275530960595
7456,0.0000000000000004650442968482378
7457,0.0000000000000000005589024573920783
7460,0.0000000000000000000000046980607615474795
7461,0.0000000000000000006940954764344534
7462,0.0000000000000006096361415236732
7464,0.0000000000006822324110307177
7468,0.000000000004644453704676845
7471,0.6159737649321184
7474,0.000000000000000023013575559753438
7475,0.6890646352411398
7477,0.00000000000000042694202104088266
7480,0.00000000000000003146597351248069
7481,0.0000000000000000014521925921485994
7483,0.0000000000000000002725852652164537
7484,0.0000000000000000000000010777199802645312
7485,0.0000000000000000009470902397051084
7486,0.9083052882538024
7489,0.000000000000000000025569889978120597
7491,0.00000000000012511968403131228
7492,0.000037170554078685865
7495,0.0000000000013263081177380343
7496,0.000007936692620721356
7497,0.0000000000000025884072541088797
7498,0.0000000000000009244544107476828
7499,0.0000000000000000887693116804891
7502,0.00000000000000000007184959159065359
7505,0.0024401926706722195
7506,0.0000000000003444617364065469
7507,0.000000000000000042024765378262503
7508,0.000000000000000000046474398763651163
7510,0.00000000000000028685818111596156
7511,0.000000000003410433635294964
7514,0.00000000000000000002570932638265944
7516,0.00000000000000004506200725536014
7517,0.11241795855636136
7518,0.00000000000000000036776680245015907
7520,0.000000000000010539866255199697
7524,0.00018234354771848397
7527,0.6954944938525408
7529,0.0000003562432716742671
7531,0.0006981512157922214
7535,0.08436200859697347
7538,0.5818898046588926
7543,0.00000037521040570031437
7544,0.615848048862086
7546,0.004381270792790239
7551,0.10431978439051694
7552,0.001296176387073981
7553,0.748379170215667
7559,0.0016907181214949009
7560,0.0033522258724332883
7567,0.023266055138608407
7568,0.1739907314891108
7573,0.00000002103523021791853
7574,0.04596700480986391
7577,0.08523990722672914
7582,0.04035919078160726
7587,0.0004446356158727539
7588,0.00000005594166800720713
7591,0.08291078167840028
7596,0.21842845283457052
7602,0.0007760614758185883
7607,0.0026089874958342613
7609,0.02223258526631623
7615,0.3677313613303894
7616,0.755277156414856
7618,0.9365105644732697
7619,0.028581230081923342
7632,0.9642525725495893
7647,0.03580589534136646
7648,0.009667513242048092
7651,0.0003024230457039562
7658,0.001546759609149576
7660,0.2750584130685324
7672,0.21212734744920972
7679,0.0000000015590431656117397
7680,0.1588335763145002
7686,0.02003780488341604
7692,0.38274004297522224
7694,0.000058223449756991695
7696,0.06415487848676144
7699,0.00005902347481779869
7709,0.0053612841068122015
7710,0.00737653970728103
7711,0.0000010698683740734674
7728,0.023431905484260395
7735,0.0006002480872045186
7748,0.464741434163165
7750,0.00023710577887332482
7754,0.2546927787857918
7757,0.00023186287858767597
7758,0.000009434655229894505
7766,0.9361320857461343
7774,0.0000025183131115475474
7776,0.0010227112160671725
7778,0.3870038528769231
7789,0.005547390343360773
7800,0.0031436736505566823
7801,0.000027885421618679854
7804,0.000736872234478733
7821,0.00005097617290234165
7823,0.4108834051081223
7826,0.903957186495474
7827,0.2101705482365321
7828,0.9183416155473337
7834,0.0024817827303591613
7836,0.000010440216853115295
7838,0.0009405628298814512
7845,0.0035089393975719935
7847,0.019986899990484332
7848,0.0005320005883214676
7850,0.000000001265834673818813
7856,0.0016137730539131476
7857,0.00037945387040059375
7867,0.39621018031840677
7870,0.0000013031521229015262
7872,0.07251930469206107
7873,0.8414607654927375
7880,0.0027610957701113942
7881,0.2828024382670497
7887,0.0000009078635793467223
7892,0.11414894773535254
7893,0.00000007948395593580434
7902,0.00008394684478431836
7905,0.000049450555556215766
7906,0.0005299966919782144
7909,0.0010281043185549701
7917,0.0015663274501341404
7923,0.0035467616786118393
7924,0.0000000000000000000002078848104537915
7925,0.000000000000000000000000046415786183781634
7930,0.8068899593917132
7931,0.00000000000000000000003347609602252932
7932,0.00000000000000007291825607203418
7934,0.33124232111075935
7936,0.0000000000000033803471682751465
7937,0.0000709860679815827
7941,0.00000000000000000000000000006785372350309856
7944,0.23736552514255083
7951,0.00000000005573621193589389
7952,0.0000000000000506284365067261
7953,0.0000000000000015930713234054893
7955,0.00000000000000000000000008551529577317153
7956,0.0000000000000018503067838149385
7957,0.0926389164662146
7958,0.000000000000000000000129508872606901
7963,0.04634622480159472
7965,0.45492820347014473
7969,0.00000000000006575411792110567
7970,0.000000000000000000016238717669289673
7973,0.0000000000000000006289083990836068
7975,0.0000000000000000000006376331360471243
7976,0.00000000000000000000000045650665015710575
7977,0.00000000000000000000023553886623015118
7979,0.00000000000000005502109485194556
7991,0.000000000000015192385836490322
7994,0.17838776043749582
7997,0.8268192344480458
7999,0.000000000000000000000006260814699395529
8000,0.0000000000000000002809386665493407
8006,0.0000000000000000000002309179442113251
8009,0.0000000000000000000000050701056403094444
8011,0.6487107963884482
8012,0.000000000000000000000000012349757021115925
8013,0.00000000000000006826318555281287
8018,0.7778832358559955
8019,0.0000017551381787941374
8022,0.000000000000000000000000006011044525045091
8024,0.000006268476579543605
8026,0.29414000405111573
8030,0.000000000000000000000023199087876112645
8032,0.00000000000000000014146208936551797
8034,0.00000000000000000000002634946228858221
8038,0.000000000000000000000025238570017472707
8041,0.0000000000000008970918660551792
8042,0.000000000000000009928013272195683
8047,0.0000000000000005814733864152085
8048,0.0000000000000000000004013287245614713
8049,0.00000000000000000007206079772252874
8054,0.0000000000000000010829955805585546
8055,0.0000000000000003927396009693163
8056,0.000000000000009036039859938584
8058,0.00000000000000000037781386449945544
8061,0.0000000000000008232181880836249
8062,0.000000000000000000000509902365690735
8063,0.0000000000000000002253238987687901
8066,0.00000000000000000000009839634305463451
8067,0.0000000000000000172268577198366
8068,0.00000000000000025872566711944675
8069,0.000025510647346072042
8072,0.00000000000000000000001193145301106989
8073,0.00000000000000008440876559929806
8074,0.00000000000000003826695418014191
8076,0.000000000001160148396949854
8077,0.00000000000000028669875912350437
8080,0.000000000000000000000038736384326308986
8082,0.4554775158389993
8084,0.000000000000036557293802675664
8086,0.00000000000000000014852623704829803
8089,0.000000000000000000004348121333684564
8092,0.0000000000000015113704626233923
8093,0.000000000000000000001000985689673953
8094,0.14044579244749603
8096,0.00000000000000000008423067578044375
8101,0.000000000000000768297356072653
8102,0.3103908139479797
8103,0.0013988992560418291
8104,0.9593539150948204
8105,0.000000000000001687070607911541
8107,0.00000000000000000061579360390731
8108,0.000000000000000000004653308040016113
8110,0.0000000000000000006398036933664791
8112,0.000000000000000000916249288328536
8114,0.0000000000000000004910649981768265
8115,0.0000000000000005598507131472133
8116,0.00000000000003994858626133639
8117,0.0000000000000000000000010711399433258787
8118,0.13922472025358668
8121,0.0000000000000000000000000000010313290146844633
8122,0.000000000000000005160405209555328
8124,0.04145525613419782
8125,0.000000000000000010251025718062407
8127,0.000000000000000021289361369567044
8130,0.00000000000000000000000000000029530359430536813
8131,0.13524392952259015
8133,0.00000000000000000021787408675444413
8134,0.00000000000000000013876847630587988
8139,0.00000000000000006987079539450254
8140,0.5279710243943844
8142,0.000000000000000000040771138495956777
8147,0.0000000000000000000029721529971858518
8150,0.0000000000000000009583133904815433
8153,0.000000000000000000000003183137796655214
8154,0.000000000000004089340473747585
8156,0.00000000000000005335176775723056
8160,0.000000000000000000038876901197386255
8161,0.00000000000000010141136153809578
8162,0.00000000001140959791024273
8163,0.00000000000000000000002747890927777177
8164,0.0000000000000004892886329069435
8165,0.026430803367618168
8166,0.00000000000030670001499400655
8168,0.0000000000000000000000044967037372718884
8169,0.0000000000000000000000148897588351472
8171,0.6709881479555674
8175,0.0000000000000000002779052587268966
8177,0.5027426916992842
8179,0.0000000000001702963388618248
8181,0.5535146149428084
8183,0.5314858093066753
8185,0.000000000000030171200071215015
8188,0.00000000000000007982468530331623
8189,0.00000000000000000000030924861397694525
8192,0.0000000000000000016691951089545432
8203,0.0007867930909824597
8204,0.0008571834872321265
8210,0.000001977048120199868
8213,0.8013095830332125
8215,0.893317127020098
8216,0.2921412672311982
8217,0.03924588512199399
8219,0.0022740711589489563
8220,0.02666730833635097
8224,0.054694960550279406
8229,0.896080830300883
8230,0.5755365958002918
8234,0.003866595004471325
8239,0.49241111398509996
8240,0.03279738828512146
8241,0.0000000228812566949837
8263,0.000023346215355451137
8264,0.03749708606211538
8265,0.0052656755646203314
8268,0.0493380807739064
8270,0.000056467723319742155
8279,0.24845589145112193
8284,0.40159755342862447
8286,0.0024067735079386756
8287,0.02808884679227431
8288,0.008387040523131379
8292,0.00839276158602982
8295,0.5426635711018621
8299,0.03988807728002999
8300,0.025494962653329505
8306,0.14816954640203822
8307,0.764822007324959
8308,0.000021517511764467854
8318,0.09826840875286283
8319,0.000504645037970352
8321,0.0000010331684370155497
8328,0.000005703588727128119
8341,0.550261091704176
8346,0.0000022059251493619554
8351,0.0000015986091014793278
8357,0.000019650410080331996
8360,0.004432157998162121
8363,0.00004378347408613118
8374,0.3139106009020421
8375,0.0000005869154843684919
8378,0.9107771153632445
8383,0.000076522416296268
8386,0.00000011528244900695679
8394,0.000060897009097084986
8397,0.05711601592237491
8401,0.0001768819696660341
8406,0.8878308664447079
8419,0.002848310138977235
8420,0.00000000012595159411633718
8425,0.23193120734229716
8431,0.00011259728101792702
8432,0.4279445683488682
8433,0.00002219305867822953
8435,0.00020117681114117532
8436,0.0015596535116467764
8446,0.4653249417309101
8448,0.6668871998712542
8462,0.0011583529151931973
8469,0.00003160666191844154
8473,0.0002538720238340722
8474,0.000000009986079701945376
8479,0.5778592449647654
8482,0.05081007216827646
8490,0.00008297191389485266
8492,0.000005545181787453503
8499,0.018732983596390508
8500,0.00000000040006428859761763
8508,0.6222295393032595
8509,0.10430180035882207
8526,0.033678084462164685
8527,0.0000021228651975575466
8528,0.0000007585277046869104
8533,0.02210945541516431
8535,0.22563114635845444
8541,0.00002960523162602073
8557,0.000008191207773955322
8560,0.0006424617048954952
8570,0.0013567996082976667
8571,0.000000000011776555823785684
8575,0.08593652080152224
8577,0.00041324744498761115
8580,0.000005051682806652871
8589,0.000003548117735991523
8590,0.01711497365810869
8594,0.0000000000000000025385949702868532
8595,0.00000000000003712104389883075
8596,0.14040854323925067
8597,0.021217927958840983
8598,0.00000000000000000000000000010344014058680068
8599,0.6172472697041916
8600,0.00000000000000018846409503855808
8605,0.000000000000000000000000000002976595497848761
8606,0.0000000000000000014311379611155666
8607,0.21353872586676306
8608,0.000000000000007496793456578405
8611,0.000000017592314155774332
8612,0.000000000000000000003972011834711924
8613,0.00000044918822305409213
8615,0.000000000000000000000000000000006321625306536681
8616,0.00000000000000000023902140055295525
8617,0.00000000000000018043088607175014
8618,0.000000000000000006772798738891336
8619,0.46693110383311764
8623,0.00000000000000000000003748012898579779
8624,0.3293750843284128
8625,0.000000000000000000008138031644220775
8628,0.00000000000000000000000006308311469821197
8630,0.0000000000000000000000000000046067288705277936
8632,0.00000000000000029048629687150854
8633,0.0000000000000000000008622177999806335
8636,0.000000000000000000033542216500493056
8637,0.000000000000000000000000000014392126689448786
8638,0.000000000000000000017693346359902442
8639,0.1809021418059783
8640,0.000000000000000000010733111772321138
8644,0.0000000000000000000000000003608792520093499
8645,0.33870046001899756
8646,0.000000000000000021445612400860202
8647,0.000000000000000012460217787768191
8649,0.000000000000000000000000000011156226399411335
8650,0.0000013766511250189385
8651,0.6265620749677875
8652,0.00000000000000000000458372468359199
8655,0.00000000000000000000019555369176923044
8661,0.07850889042333643
8662,0.0000000000000008241785489505029
8667,0.000000000000000024745301101509895
8668,0.6274181647743161
8670,0.018519834731589697
8671,0.3254726578521288
8674,0.0000000000000056387941197923
8677,0.7860886065883097
8678,0.0000000000000043760124763815134
8681,0.00001652470577774608
8683,0.000000000000000000000000730158711892132
8684,0.000144822670654403
8685,0.000000000000000000308777381193566
8688,0.0000000000000000000002200239078062361
8689,0.00000000000000000000006305608436178034
8690,0.000000000000001083746587476055
8696,0.0000000000000000015910994927350968
8698,0.00000000000000000006270591855272846
8699,0.6108818832081726
8701,0.0000005144582001738342
8704,0.9430587639683363
8706,0.7801348871801668
8710,0.0000000000000000000004350795137257469
8711,0.00000000000000007712415007051137
8713,0.0000000000000000022302841853963698
8715,0.000000000000038153675336791076
8720,0.0000000000000000000002244974671918562
8721,0.00000000000000000004033672602991516
8722,0.00000000000000000005221440154455369
8724,0.0000000000000000000004297049097955023
8725,0.000000000000000000000000021711669383123736
8729,0.698255309043894
8732,0.7507841085108033
8733,0.00000000000003826369245835928
8734,0.00000000000000000000008199976013217842
8737,0.5137294051791529
8738,0.0000000000000000000007653581161797103
8739,0.000000000000000000000023236147960228623
8740,0.00000000006789568691342404
8743,0.00000000000000000000000000001329020037221957
8744,0.000000000000000000019730791469351736
8745,0.000007708270479453144
8747,0.000000000000000000000022530501162468577
8753,0.000000000016930848080818908
8754,0.000000000000011606025150308302
8755,0.1227801814776873
8756,0.017423884762092123
8762,0.00000000000000000000013119267810777218
8763,0.0000000000000000000000008911328992103493
8766,0.000000000000000003581412530572936
8768,0.000000000000000000000000002139590889736841
8772,0.17692183693499505
8773,0.00000000000000000000000000012718910004782155
8774,0.000000000000000000000000008048267126182184
8777,0.000000000000000000000000874132616967682
8778,0.00000000000000011024361543957888
8779,0.704847516409672
8781,0.281972978718288
8783,0.0000000000000000000147902855879671
8784,0.00000000000006253603257067594
8788,0.000000000000000000000002677061417860785
8789,0.000000000000000000000000000000125476307179452
8790,0.00000000000000000000000003669050280267625
8792,0.000002408538447519522
8793,0.00000000000000000000001533290638907141
8795,0.0020181675576719346
8800,0.017742294641668734
8801,0.004896429239609709
8807,0.00000000797778275043353
8808,0.0000000031266913308101163
8809,0.00000002548419127938368
8811,0.00000000006181976221142741
8812,0.6128315409004652
8813,0.00011272605461735884
8816,0.00046621983717837597
8820,0.0063197511471482
8822,0.0000071317731978567045
8825,0.002373000533720301
8831,0.5231062651624458
8838,0.017861383893819267
8842,0.38409271227260366
8846,0.000039670417294266265
8847,0.0014950350167006498
8850,0.000000000000004769909679442268
8852,0.46876689061823146
8853,0.7930995038830396
8860,0.00039171898980748044
8865,0.000011941139327869318
8866,0.06263550817263386
8874,0.03754405143819844
8882,0.000000000004425561263627297
8893,0.27274397184471566
8905,0.0004570049497520555
8906,0.000039601486688218585
8914,0.0000007356329960688548
8915,0.03900286440710388
8917,0.3899477027047257
8918,0.07118683643315325
8920,0.08315847722684129
8922,0.07569770757311775
8927,0.17016717317885072
8928,0.05698732592496728
8929,0.05068337090827826
8931,0.4662471346126628
8935,0.0015589748842377996
8937,0.12437979162664882
8945,0.0031043210473196605
8946,0.00003671932454640289
8947,0.8716590111239817
8948,0.043208272804095615
8950,0.3463596530973789
8957,0.000000029476676945091965
8958,0.3523730935837531
8960,0.02162069503929552
8962,0.0000000001516391758469221
8963,0.002549068957275633
8972,0.03305072290029253
8974,0.004148774012930486
8977,0.15422957613567748
8978,0.00009643444830511095
8979,0.6747924293142079
8987,0.0006812612032635576
8996,0.000010963262093176982
9000,0.507229941028532
9002,0.08963144086450306
9003,0.000000000000002191136029276395
9004,0.4139482364989352
9008,0.019957572632247025
9009,0.002790354308364881
9019,0.000002504679329939139
9024,0.5930034405179142
9036,0.023902946784672495
9037,0.1226238398404878
9042,0.0007350451664552144
9043,0.0073194028412546745
9052,0.00020011446465417342
9053,0.00037653334432488373
9054,0.000008577276834115606
9057,0.00000006750891177271738
9059,0.5892707552507521
9060,0.06577890623711423
9066,0.000000000036348404612866535
9067,0.049403504947696485
9071,0.0000000000000000000000006945518254542732
9073,0.0018184485355466269
9086,0.009897473708264042
9099,0.005033354877362569
9102,0.025307660420286364
9104,0.000314047392829881
9107,0.0072013439750756554
9109,0.00000006388071299794723
9122,0.11176548056016739
9125,0.006695488816739855
9136,0.13395172261116864
9138,0.7616161150169182
9141,0.04037582183906023
9143,0.00000004188070582456495
9151,0.00000000005498031497263413
9152,0.0015502169894920361
9156,0.0842520039016074
9168,0.00045645613995779437
9170,0.0018668692477624169
9180,0.0001882090290701023
9181,0.0016614115172967018
9189,0.8305398453678822
9197,0.00000000000000000007680192522466628
9199,0.731619587102103
9200,0.00000000000000000004008388106479585
9201,0.00000000000000000000001334997511783374
9202,0.00000000000006686230843558004
9203,0.000000000000000000000043956323254699285
9206,0.00000000000000020959704063161885
9207,0.000000000000000000000003549220887343179
9208,0.000000000000000000010858089807800268
9209,0.000000000000000000000009488549948138804
9212,0.0000000000000000000009615561001670472
9213,0.00000000000000008068168195036543
9215,0.00001024485869559119
9217,0.1523566840447698
9218,0.025671150190365886
9221,0.0000000000000000000000005078395400794542
9222,0.00000000000000000000000009175092841683109
9223,0.00005550491600283708
9224,0.000000000000000000000002401493085304003
9226,0.013088828922972813
9230,0.0000000000000000000000013147483382352031
9231,0.0000000000000000000000017730730652973098
9232,0.00000000000000000030555713430204006
9233,0.000000000000000000000000015985152703142736
9234,0.0000000000000000000000061594047868165815
9235,0.0000000000000000000000000000009254851886336863
9236,0.000000000000000000001283374235101697
9242,0.0000000000000000000000008262967849083707
9243,0.0000000000000000000000018300513288753798
9246,0.7807306770152782
9247,0.00000000000000000000000000000006632709166359605
9250,0.000000000000000000000000000024544270998317084
9252,0.00000000000000000000000000006196302150304394
9254,0.0000000000000000000000000013596068462813224
9255,0.000000000000000000000000000405281751307949
9256,0.0000000000000000000000026095380572625428
9257,0.7803372249950589
9259,0.00000000000000000034345235105023933
9263,0.000000000000000000000000000007907344221288156
9265,0.0000000000000000000000022772547072624035
9267,0.000000000000000000003278622464242034
9268,0.000000000000000000011997972765416949
9270,0.00000000000000000000000000024105239508314183
9273,0.20256120577504969
9276,0.0000000000000000000000007724138291098447
9277,0.000000000000000000000000000000000020459039455596456
9278,0.0000000000000000004352996087960727
9279,0.21359649938302486
9281,0.0000000000000000000000019448638265407043
9283,0.00000000000000000000000006097626703262282
9284,0.22585670575292696
9285,0.36909088922546884
9286,0.000000000000000000000000000003196573445845174
9287,0.000000000000000000000000000000009721330740835289
9289,0.0000000000000000000000000002538639777457544
9293,0.000000000000000000000000000037245090195912094
9294,0.012487688390951867
9296,0.00000000000000000005087066374319355
9298,0.0000000000000000000000005273349039110432
9299,0.0000000000000017021499183708088
9300,0.0000000000000000000010683120409439948
9301,0.000000000000000000000000000000006020037761525746
9303,0.0000000000000000000000004834093311184722
9304,0.0000000000000000000000000000015087280294632426
9306,0.000000000000000000000000008367478144179357
9307,0.00000000000000000000000000000004441933643024736
9312,0.10633426735870884
9314,0.0000000000000000000000000000020351389550592246
9318,0.000000000000000000000000908423327868274
9319,0.00000000000000000000000004797993653959803
9320,0.00000000000000000000027403332535811644
9321,0.0000000000000000000000000030069123255169844
9323,0.0000000000000000000000000000005121153048965925
9327,0.00000000000000000000000002625874074333906
9328,0.000000000000000000000005687612558537818
9329,0.000000000000000000000867385528115999
9330,0.000000000000000000000000004699992967746699
9332,0.0000000000000000000000000064396916421179374
9333,0.0000000000000000000000000000000000028148468490290887
9334,0.00000000000000000000001896039338334826
9338,0.41899887478425313
9342,0.0000000000000000000000000000000009042579565349072
9343,0.7313846327660679
9344,0.12760752450620375
9348,0.942020740482697
9349,0.000000000000000046039823971346154
9350,0.00000000000000000000000000005667747206507555
9351,0.0000000000000000000000000000003453633235403369
9352,0.0000000000000000010343377357411183
9353,0.000000000000000000000000024055665990516157
9354,0.00000000000000000000000000000002852223372772098
9357,0.000000000000000000000000000771980954378756
9359,0.00000000009698080903338617
9360,0.0000000000000000007426155142067016
9363,0.000000000000006819834261117569
9364,0.000000000000000000004281008484832298
9365,0.0000000000000000000013075950443862356
9366,0.09933936562068506
9367,0.000000000000000000000033593627958742264
9369,0.0000000000000000000000351341963836211
9370,0.000000000000000000000000000000003273051634230115
9371,0.14485324816071105
9373,0.5109937460409405
9375,0.00000000000000000000007644093316154922
9376,0.000000000000000005474132253861535
9378,0.000000000000000000000000000000009140327796546913
9379,0.00000000000000000000010486877104535996
9380,0.0000000000000000000000002174292402001747
9384,0.0000000000000000000000000005236313554392924
9385,0.000000000000000000000000000000000638545448258223
9387,0.000000000000000000000000016879107382415023
9388,0.0000000000000000000000006759251271884887
9390,0.000000000000000000000004526272544475585
9391,0.0000000000000000000000000000023603243019813696
9392,0.000000000000000000000000007883380965516916
9393,0.00000000000000001755580278885682
9394,0.00000000002017591028633624
9396,0.5228685051985765
9397,0.00000000000000000097615178002511
9398,0.000000000000000000000002743455123136406
9400,0.00000000000000000398009455857055
9401,0.00000000000000000000007470645716954334
9403,0.000000000000000000000000027295668059814865
9404,0.000009294630824713456
9406,0.000001312718949158473
9407,0.00000000000000000000000009299826132609782
9408,0.00824566217743947
9409,0.000000000000000000007701259441925381
9410,0.3722651891443336
9411,0.000000000000000000000005964399780588047
9413,0.0000000000000000000000014608230477841166
9417,0.000000000000000000000000031121064980834423
9418,0.00000000000000000015631613200486717
9420,0.00000000000000000000003791148530737576
9421,0.00000000000000000000000000025582974814410064
9422,0.0000000000000000000000000000004832221986427074
9423,0.0000000000000000000000004632010726881708
9425,0.000000000000000000000000000000023173706890159626
9426,0.7530276800110441
9427,0.0000000000000007267941692679577
9428,0.0000000000000011903377885405418
9430,0.00000000000000000000000000000023119592594588223
9431,0.8255696528248141
9433,0.00000000000000000000005386296399403872
9434,0.00000000000000000000000044814273805990165
9445,0.04844665552990894
9450,0.00000000022424259309936014
9453,0.00035923382646896193
9462,0.002000987736761821
9469,0.00690708411299418
9471,0.00807456355621495
9480,0.5447199735500547
9481,0.09900004964434814
9493,0.0000003151918951033354
9496,0.001413780169145816
9504,0.03864852599374803
9515,0.00011045112249646228
9516,0.00017816068410277545
9525,0.0027500542663035274
9526,0.2801256295435785
9532,0.000018832289200938993
9543,0.4800190521486273
9551,0.08444677945339182
9554,0.00000000001414312003330263
9559,0.34676326366032006
9560,0.000008880617536629524
9563,0.5441956799385115
9567,0.000004827310851448657
9568,0.07667704907954118
9571,0.0000000000007549196417355801
9572,0.015529970935680978
9574,0.3118267507179473
9575,0.0076176010580399755
9584,0.7457620476467757
9587,0.0000000000000000003649214633069734
9588,0.13797694943790972
9590,0.0000000000006572843220854844
9592,0.38034799362602406
9594,0.017788046243666804
9598,0.000000038654398607562894
9600,0.0000000002656196020033628
9604,0.0028230076016345453
9607,0.3271884393649572
9609,0.00001740541908083195
9612,0.0000000000013924582890490194
9617,0.2554474783917331
9619,0.31957385124953475
9626,0.2642862201506195
9627,0.0018309971138972035
9628,0.46448829433200794
9629,0.0001306298340084592
9633,0.000050495432892956484
9642,0.000058923915412668605
9651,0.0000000030147797294731493
9653,0.2544987576861442
9660,0.044274890943564724
9668,0.9650980242270673
9670,0.000002935280964851789
9671,0.0060766650480792665
9681,0.000000022947582904797405
9687,0.40568633036146656
9688,0.852125707652928
9694,0.597946127084255
9703,0.021078333087236154
9705,0.03945401600475393
9708,0.15931190612489507
9711,0.001682559371445713
9715,0.000000005700105615425199
9719,0.29880317342216806
9720,0.27130819095589404
9726,0.11446371276253295
9728,0.00000005196049654330174
9732,0.6949478298800289
9741,0.00000005743941806843128
9747,0.0014834520796846308
9749,0.04746968070766745
9750,0.010971536031349049
9751,0.019610615617375093
9762,0.4928166151156534
9764,0.027431348942674
9765,0.0004849444857900835
9767,0.00039178459483920464
9777,0.0011572476639291136
9779,0.8452865710208195
9781,0.6205733444728285
9782,0.00000019004631873993883
9783,0.0001850498765286294
9786,0.00003364495571613347
9787,0.025807297828746287
9788,0.06830930541668316
9795,0.000000006900731433559189
9797,0.2077859222390893
9803,0.921778909316809
9805,0.020537459143589953
9810,0.00000003563300988448608
9824,0.0000033979396939886967
9829,0.11364518945514313
9830,0.009475167117516912
9832,0.0007143413123763804
9838,0.0013531281826803542
9842,0.1630524803437575
9843,0.00000000000000000000000015584883096431973
9844,0.000000000000000000000002794257980085062
9845,0.0000000000000000000000000000026738155810434763
9846,0.00000000000000000000000000000000000026762097026379367
9849,0.0000000000000000000000061088547667113536
9853,0.08399379784906301
9854,0.7027608951527113
9855,0.000000000000017267030639657634
9859,0.0000000000000000000000000006238130123951132
9860,0.0076318410490950235
9861,0.00000000000000000000003269251941348862
9862,0.00000000000000000000000001423615182925928
9865,0.000000000000000000000000017102787301381682
9869,0.00000000000000000000000038207709029661656
9872,0.0000000000000000000000000000000013126832384717817
9873,0.0012963118495962827
9876,0.00000000000000000004860266919925496
9878,0.1278899069317458
9879,0.000000000000000000049772240809364105
9881,0.00000000000000000000000000037566598499397643
9883,0.000000000000000000000005219502761563591
9885,0.0000000000000000000000015433037398826778
9887,0.000000000000000000000000000000006678297428315246
9888,0.0000000000000000000000000006654613877295133
9894,0.0000000000000000000000013548142136629515
9898,0.11835374250538648
9900,0.0000000000000000000000000000012279737814953323
9901,0.00000000000000000023141214659587803
9904,0.00035647368310245654
9906,0.00000000000000000000000000025555470666997586
9908,0.0000000000000000000000000007650543545641844
9910,0.000000000000000000000000000000000000004192112044298428
9911,0.0000000000000000000000000000000000000000039109309377069776
9914,0.00000000000000000000000000000056806696137800885
9915,0.0000000000000000000015850928488818556
9917,0.000000000000000000000000000000000037918714962936723
9919,0.0000000000000000000000000000000000000000002360352522435219
9924,0.4584149276545535
9925,0.0000000000000000000000000056923369200892044
9926,0.0000000000000000000000000004143149019548628
9927,0.00000000000000000000000000000000000016817097986923642
9928,0.00000000000000000000000000000000002648535740249499
9929,0.00000000000000000000000000000000000000008577104385894147
9930,0.000000000000000000000000009943471363686737
9933,0.000000000000000001387287232175573
9936,0.00000000000000000000000035196943994252898
9937,0.00000000000000000000000022641620045560354
9939,0.8604176097722399
9940,0.011635637070525243
9943,0.3186568814299764
9945,0.000020162224695481616
9946,0.00000000000000000000000003357698214040692
9950,0.00000000000000000000000000000000018614066994034783
9952,0.000000000000000000000000000003808705509725218
9953,0.0000000000000000000000000003488192494151399
9954,0.00000000000000000000000000015191051660784951
9955,0.00000000000000000000011007594849411017
9956,0.0000000000000000000000002860382671331186
9961,0.0000000000000000000000000000000000000000021571774165071704
9963,0.000000000000000000000006444726775145655
9964,0.000000000000000000000000000000000000000000014429989906482429
9967,0.0000000000000000000000006967484494075433
9972,0.00004639063497460741
9973,0.00000000000031735887456326795
9974,0.13696130697778763
9975,0.2926132318501674
9977,0.000000000000000000000000006943998787227994
9978,0.000000000000000000000000000028138456648699177
9980,0.0000000000000000000000000000023371054531294984
9982,0.000000000000000000000014608100670304468
9985,0.13040608897003284
9986,0.00000000000000000000000000000174706803819121
9990,0.000000000000000000000010274847817343191
9993,0.0043323079885455385
9994,0.00000000000000000000000015337105589792885
9995,0.00000000000000000000007814007947517516
9998,0.0000000000000000000000000000000009350466565563478
10000,0.0000000000000000000000000599246969818459
10001,0.0000000000000000021144382486904072
10002,0.00000000000000000000000000000000000009167154302725039
10004,0.000000000000000000004333396305105278
10006,0.00000000000000000000000000001456675521071303
10007,0.00000000000000000000000000000007676654676849101
10010,0.00000000000000000000000000027332049413678906
10012,0.000110124198948285
10014,0.000000000000000000000000000000004471616427687671
10015,0.0000000000000000000000013680138363873054
10017,0.0001517084349714458
10018,0.00000000000000000000000000000223413698284001
10019,0.0000000000000000000000000000000001486544935450398
10022,0.000000018887515054922034
10023,0.00000000000000000000000007659131137823988
10024,0.00000000000000000000000000000009495616299085305
10028,0.000000000000000000000000009430879864954622
10029,0.00000000000000000000000203378321797035
10032,0.8071733360710005
10038,0.00000000000000000000000000001420278700817031
10039,0.0000000000000000000000019597807069897363
10041,0.0000000030338675487995835
10042,0.000000000000000000000000001764010596001356
10043,0.0000000000000000000000018423600347233495
10046,0.0000000000000000000000000009456875635423316
10048,0.000000000000000000000012467920041342314
10049,0.000000000000000000000000004357151290520116
10054,0.0000058232684991001845
10056,0.7501159488678204
10057,0.00000000000000000000000000000000000007339144487117576
10058,0.0040563705746507
10060,0.000000000000000000002001709005489499
10061,0.0000000000000000000024279062720251557
10062,0.00000000000000000000000000000010030054742187956
10063,0.000000000000000000000000000000000003437890347764826
10064,0.000000000000000000000000000000000000013095542592484342
10065,0.00000000000000000000009853614886962859
10067,0.0040193239148314614
10069,0.00000000000000000000000000000008568095610648745
10073,0.0000000000000000000000005402528129256838
10075,0.00000000000000000000000000003207650878606114
10076,0.0000000000000000000000000000000000027314785034042436
10077,0.0000000000000000000000000000000014746056656541259
10078,0.0000000000000000000000000211094473881361
10079,0.000000000000000000000000000030986655717330343
10080,0.00000000000000000000000000019454766965372975
10081,0.00000000000000000000000000000000000000000000019329855158790537
10084,0.00010961455920357984
10086,0.7897729289141481
10087,0.010223420463263442
10089,0.41149762040087734
10092,0.00000000000000000000000017058951713278915
10093,0.0000000000000000000000000000000025354592554090028
10095,0.0000000000000000000000014325298360511743
10096,0.02991436771208387
10097,0.000000003004529551881453
10098,0.000000000000000000000000000000000009061749154380182
10099,0.0000005676416673792008
10102,0.00000000000000000000000006118896953699431
10106,0.0000000000000000000000002745333789291592
10107,0.36930624892022507
10109,0.04356040265735062
10110,0.00013024312519828855
10111,0.000000000000000000000000000000000006380858656242307
10117,0.000000000000000000000000000000004742137440160612
10121,0.0000000000000000000000012054145078907005
10122,0.000000000000000000000000000000000000002478781932290734
10124,0.00000000000000000000000000000000015334512604641246
10129,0.000000000000000000000003699564492365578
10131,0.00000000000000004015280691962734
10133,0.0000000000000000000000000027995484227033184
10134,0.0000000000000000000001037987160579551
10138,0.16880956097534014
10139,0.0000000000000000000000011042173338237713
10143,0.000000000000000000000000008228618722347453
10144,0.0000000000000000000000001447764473868244
10146,0.000000014812379360862221
10147,0.00000000000000000000009701179499829883
10149,0.00000000000000000000000000038583436290095826
10150,0.0000000000000000000000000056449482632462946
10151,0.6889020276448691
10154,0.000000000000000000000000000000000000010529057799677692
10155,0.0000000000000000000000013899670830049085
10157,0.00000000000000000000000036493867353538504
10159,0.00000000000000000000037200038642954857
10160,0.000000006440396561719357
10161,0.00000000000000000000009353296235970953
10162,0.00000017199163917389693
10163,0.00000000000000000000000000000000000010245006136713465
10165,0.0000000000000000000009991533551156724
10166,0.000000000000000000000000000000008314795913935609
10167,0.000000000000000000000000000007033323975796774
10169,0.00000000000000000000000000000000000005689834911194676
10172,0.00004436514565114376
10177,0.006135557222938995
10179,0.32813797230856356
10186,0.000000000000021179491193240214
10189,0.00006975970189192758
10197,0.011763055860864033
10202,0.0000011287819494661
10203,0.0680524325445397
10208,0.0000000993711878462901
10218,0.018256624540000318
10224,0.000001643254828513759
10227,0.05825934495698368
10235,0.00007528225930730756
10237,0.5365119614045273
10238,0.002738445559394681
10239,0.010487566871142546
10241,0.0000000004948599408323574
10245,0.7570175865444421
10246,0.000000000000000000000038305037474154325
10248,0.49857390398638457
10250,0.0000039497429982676785
10254,0.20181990256069932
10255,0.000000002194277286138079
10257,0.025694595347878695
10263,0.7846658812620853
10264,0.2447641928092943
10266,0.00004010959117671782
10273,0.00000006289537945556326
10274,0.8169402125713981
10276,0.00000000006049532250594936
10290,0.06404554624891945
10291,0.00000522382015255007
10298,0.00000000006773283640412292
10299,0.00016708481853943278
10307,0.2113824401876328
10312,0.11330088764236311
10329,0.48083034358946236
10332,0.07521270052547346
10333,0.00000002318977210449955
10335,0.0008249677772777854
10342,0.0000001034786808063261
10357,0.0000004197191800907734
10361,0.0018676429860168748
10367,0.027957089218870898
10368,0.9999816702360145
10370,0.00018243038178574692
10371,0.00006212607420393754
10372,0.0000004729837339458636
10374,0.00000013363095049104283
10376,0.00044620818172449046
10378,0.0000004024081972332865
10380,0.23347493735919475
10381,0.0006416432566402218
10382,0.00000000003808514217008842
10386,0.0010732754808291751
10388,0.000000000001708178393007907
10400,0.20385609787601797
10401,0.17819524057271924
10404,0.00023831538382054166
10405,0.00000020303511108462388
10406,0.9888578000730581
10408,0.26038299859376984
10409,0.022270649797218524
10414,0.8070945485564752
10415,0.8181055001643549
10422,0.00020860321226810708
10423,0.03904309201726342
10424,0.00024104485655050784
10426,0.0000000000004583550833329542
10440,0.000000013417166617987819
10447,0.01923926254386708
10455,0.0006515252290435306
10458,0.4019249060544725
10461,0.000000000016571947359137307
10463,0.12472122817560112
10464,0.026385230066856738
10468,0.0487663355099692
10470,0.7580614011571741
10490,0.000038724350754359955
10492,0.000000011280458734285026
10508,0.2293244580900373
10514,0.00000012315504822064055
10522,0.000000001294588189175561
10524,0.00000000000003451350027501809
10527,0.012283237709366752
10529,0.000000013721835386655973
10536,0.18881931456508325
10541,0.0000005562446881560717
10551,0.00000000000000007427088366233811
10552,0.0011582546763866232
10555,0.00000000007782721276181093
10558,0.024681614743201304
10559,0.00005458253006097968
10562,0.0022419020266405856
10564,0.9517117088306392
10568,0.00000000014456245659466072
10571,0.0003204512096381079
10572,0.000000000000000000000000000000007069814563705376
10578,0.6307013043138459
10583,0.00000000000000000000000000000021449093604859154
10584,0.00000000000000000000000000038531543182230092
10586,0.000000000000000000000000000968318542850525
10588,0.5156492863382676
10590,0.9338421044762457
10593,0.000000000000000000000000000000005115075931452586
10594,0.0000000000000000000000000000003340406491525533
10595,0.0000003359456957132012
10597,0.000000000000000000000000000000000000006884378728846414
10600,0.00000000000000000000000000000000001016023107695013
10601,0.0000000000000000011565003223646547
10602,0.00000000000000010704037338706141
10606,0.04571194805775448
10608,0.000000000000000000000000000000000380932188384129
10609,0.0019373187522847052
10611,0.00000000000000000000000000002339001379846509
10612,0.0000000000000000000000000000000000000000024623937011042565
10613,0.00000000000000000000000000000008876903740848408
10614,0.035491483173075385
10617,0.000000000000000000000000000012674527680387194
10618,0.0078127784640109
10620,0.1421948010608905
10621,0.4816683686790852
10622,0.0000000000000000000000000013157186285042092
10627,0.000000000000000000000000021793181447667658
10628,0.00000000000000005677049782076506
10632,0.000000000000000000000000013005667361665064
10634,0.000000000000000000000000000000000013379322697832216
10635,0.0000000000000000000000000000000001995559821272601
10637,0.00000000000000000000000017295353362210553
10639,0.0000000000000000000000000488458640780373
10640,0.0029034353745283023
10641,0.0000000000000000000000000000010856163098456145
10642,0.0000000000000000000000000000000001298995291537939
10645,0.0000000000000000000000000000000004002079003537296
10652,0.0000000000000000000000000000000001250347292550709
10654,0.07964594940540004
10656,0.000000000000000000000000000000000012430100792829564
10657,0.27820233794278987
10658,0.00000000000000000008673591900365213
10660,0.00000000000000000000000005395033761733481
10662,0.0000000000000000000000000015586533877622187
10665,0.000000000000000000000000000000002876971455881907
10666,0.0035209493543471846
10667,0.0000000000000000000000000023506404966865897
10668,0.000000000000000000000000000000000002973619431150112
10669,0.0000000000000000000000000000000001187961319394225
10674,0.00000000000000000000016313282623079477
10675,0.0000013531971249321868
10678,0.00000000000000000000000001115156689710273
10681,0.000000000000000000000000000000000016407963645532495
10689,0.0000000000000000000000000000000000000000000005104958101367506
10690,0.00000000000000000000000000000000000000011606548271770682
10693,0.00000000000000000000000000000000000000000003699974281057054
10694,0.000000000000000000000000000000024643797709759683
10695,0.0000000000000000000000000000002852553931764388
10702,0.00000000000000000000000000000000000000041057291762397135
10705,0.0000000000000000005561933804109092
10706,0.000000000000000000000000013579245317663227
10708,0.42340469194961305
10709,0.00007620427852108702
10711,0.0000000000000000000000017131284763513894
10712,0.00000000000000000000000000000000031680406262944164
10714,0.000000000000000000000000000000000035954094198468877
10715,0.00000000000000000000000500957513651385
10716,0.00006121123085949848
10719,0.0000000000000000000000000000000000000000014496797099780322
10720,0.10206223313328375
10723,0.0000000000000000000000000009185917822364053
10725,0.03281176263504057
10728,0.000000000000000000000005288861529335107
10729,0.000000000000000000000000000029638423025446237
10731,0.00000000000000000000000013473096010848336
10733,0.00000000000000000000000000905240852419948
10734,0.00000000000000000000011618508487873389
10738,0.0000000000000000000000000000000000000039134045736968145
10742,0.0000000000000000000000000000000000000053820660285590834
10744,0.00000000000000000000000000000018187594954199443
10745,0.000000000000000000000000000018656034993132827
10746,0.0000000000000000000000000000018800849879896743
10748,0.00000000000000000000000000000000027680467617438266
10750,0.00000000000000000000000000000037498723210630396
10751,0.000000000000000000000000910774910314117
10755,0.03247782035792382
10756,0.0000000000000000000000000002566853613642347
10757,0.000000000000000000000000000003922781208166994
10758,0.00000000000000000000000009465964763178382
10759,0.10038995227363377
10763,0.00000000000000000000000000345912901924815
10764,0.9888599769693237
10765,0.00000000000000000000000000000048029213698023335
10766,0.00000000000000000000000000000000661140582451077
10767,0.000000000000000000000000000018679501003310846
10769,0.0000000000000000000000000000000001226573989158904
10771,0.00000000000000000000000000000000000058084759685793095
10773,0.0000000000000000000000000004338019943720052
10776,0.00000000000000000000000000002266903619516149
10777,0.000000000000000000000000000008893774752279417
10778,0.000000000000000000000000000016494633254036362
10779,0.042436625366740935
10781,0.12003519590579005
10782,0.01859322802081924
10783,0.00013512867633683784
10791,0.00045824343798224444
10796,0.0024117906033941164
10800,0.08491271901814498
10804,0.0028202804638270467
10806,0.000000000000014880910795004503
10807,0.0000000000030740335267490706
10810,0.00000006311089575195117
10812,0.000024899945495510264
10816,0.0003366880942426715
10819,0.000017155415929254103
10824,0.0017735209580866187
10825,0.0018473693187814198
10827,0.011669429655920539
10834,0.010303122085144513
10841,0.0000000000612614878024298
10842,0.0009557333477014053
10844,0.00000019702643441202858
10847,0.0010476900427327648
10848,0.0008845590002979357
10850,0.014537391562319552
10852,0.00017108074407264605
10855,0.08204139072394905
10860,0.011857126146456419
10863,0.19357888501955528
10867,0.01096728644343032
10874,0.5728643220550274
10878,0.008268275710417508
10879,0.0012390683038946133
10881,0.00887740111099557
10882,0.0000000000022310346819407008
10884,0.03811235642315683
10885,0.00000000000001914802087968478
10890,0.00000000016049176684348331
10891,0.2105020462479631
10897,0.000000000002837857516820923
10898,0.00000016709110218343782
10899,0.00000021012735307254376
10905,0.0000000000000018128126510575827
10907,0.00000036005414839916233
10908,0.0000000000072110188408290246
10911,0.0000017300520261053523
10914,0.00004137623111586931
10918,0.00000000000000000012386416035841925
10919,0.00000001701691036909129
10923,0.000000000000000026628977908813143
10927,0.00000000022927412920201552
10928,0.0000021943174947704057
10931,0.6072140797402841
10932,0.00025548680903446217
10936,0.00000000000012777856162604172
10941,0.3637189384527029
10943,0.0035618472253662117
10947,0.000000009976814453851447
10949,0.0000000020397171198397917
10954,0.1022062391452453
10955,0.000004023366993416827
10956,0.000000005508785684382397
10961,0.07266366177792884
10962,0.11337432398168201
10978,0.00044003468972928276
10980,0.00382104874022709
10984,0.00000003359656654077719
10988,0.05554379155720803
10991,0.6796674870381029
10992,0.000051962925547495126
10993,0.0000018040954322997505
10996,0.0000000008730194760008923
10998,0.0000029615674246796577
11001,0.00000000000025690536069948717
11003,0.0014305083678620195
11005,0.0000000000000002532594377704641
11010,0.00000000000000018854180203787138
11017,0.36872426647563006
11027,0.000000000008891834895047438
11031,0.00000043824511799237535
11033,0.00000000032501941526000557
11034,0.004388254089276966
11041,0.0000000005845088736936832
11048,0.0022524490761172936
11054,0.0018590902748274038
11071,0.00000000000000000006011361616064895
11078,0.03640920114413577
11082,0.188934928235925
11083,0.00000020512409759801012
11084,0.00033975800945507334
11089,0.27259141001521087
11092,0.0000016213390387088418
11094,0.015825816050941844
11096,0.0000000012106833326172064
11097,0.0006403398747540054
11098,0.5265512377807873
11099,0.024050107406810007
11103,0.00005668023618020335
11105,0.06341515264717852
11106,0.7381074586283649
11107,0.000002198564776224243
11112,0.001239155938212525
11114,0.00000000003152160728498103
11115,0.000000000010644318783824302
11119,0.003867884611598772
11122,0.000016048532878549432
11128,0.00000000556081493175
11133,0.000000000005942602706459809
11134,0.000000000000000019704940433384052
11139,0.0010493038006668758
11145,0.003679119942083569
11148,0.00001360032830102199
11151,0.24839468230805944
11152,0.000015709806215356446
11154,0.0000007584737660999616
11163,0.06083293343922697
11167,0.014461338482149975
11172,0.000000000000978860712685293
11174,0.4085052511577137
11176,0.000000000010046642973489841
11180,0.07921361758846666
11181,0.00000000000000000000000000000000000005471660530944451
11183,0.02911626325701213
11185,0.000000000000000000000000000000000000008595872198272261
11191,0.4050577164171391
11192,0.00000000000000000000000000000000000011784289625930597
11194,0.0000000000000000000000000000000024253302361492375
11196,0.00000000000000000000000000011213894023906674
11199,0.000000000000000000000000000000000000000003615217281092078
11201,0.000000000000000000000000000000009199390316710659
11202,0.000000000000000000000000000000000000000002101037894839524
11203,0.000000000000000000000000000010541779798015292
11204,0.0000000000000000000000000000010468611468193986
11205,0.0000000000000000000000000000000000031394910952609465
11207,0.000003584591739515936
11209,0.00000000000000000000000000000000000000000000009354724703104378
11211,0.000000000000000000000000000045712505541221203
11212,0.000000000000000000000000000000000000000028535601398802366
11214,0.0000000000000000000000000000000000005173916354540757
11215,0.0000000000000000000000000000000000000000000000015518030608194147
11219,0.00000000000000000000000000000000012715720304852682
11220,0.00000000000000000000000000000000000000000000525234325295117
11226,0.00000000000000000000000000000001405539794985651
11235,0.0000000000000000000000000000000000000000000686162269771842
11239,0.6225596141483318
11240,0.7387152290964322
11243,0.00000000000000000000000000000000000000000021888198166477965
11245,0.0000000032048560791153993
11246,0.00000000000000000000000000000000000000024873122802529377
11250,0.000000000000000000000017577153442200614
11251,0.0000000000000000000000000000000000004377302232828413
11253,0.0000000000000000000000000000000000004430199703824118
11254,0.0000000000000000000000000001947974296133569
11260,0.038719324261572964
11263,0.0000000000000000000000000000008916894747911498
11265,0.0000000000000000000000000000001613600738242119
11266,0.000000000000000000000000000000003821065909261745
11267,0.000000000000000000000000000000000000000001072234369850406
11269,0.00000000000000000000000000000000000000068033353544363734
11270,0.0000000000000000000000000000000000000004056109817957262
11271,0.000000000000000000000000000000000000014524960299841263
11272,0.0000000000000000000000000004632931085321191
11275,0.46788085271847557
11279,0.00000000000000000000000000000000012770902303779097
11280,0.0000000000000000000000000000000000000012574936107379478
11281,0.000000039265064269001764
11285,0.00000000000000000000000000000002972253870137681
11288,0.00000000000000000000000000000000000001543851206749575
11289,0.00000000000000000000000000036489385862112288
11291,0.00000000000000000000000000000010127736736190466
11292,0.7445439762037624
11293,0.0000000000000000000000000000000011227722101456992
11294,0.1345757192074565
11296,0.0000005699580830126745
11306,0.0000000000000000000000000000005192743494678176
11309,0.22345619079439835
11311,0.0000000000000000000000000000000000000000002795294799475323
11312,0.000000000000000000000000000000000008519149752957521
11315,0.000000000000000000000000000000000000008607992066568146
11316,0.0000000000000000000016678456750211189
11317,0.08086889379703707
11319,0.000000000000000000000000000000007719029452214192
11321,0.9246347337976297
11322,0.00000000000000000000000000000007388614448105304
11323,0.0000000000000000000000000000000000014466327648577932
11325,0.09199317211290375
11326,0.0000000000000000000000000000000044635679515693395
11327,0.909162952540115
11328,0.1985208608355996
11329,0.0000000000000000000000000000003117556729942714
11330,0.000006840066217828702
11334,0.0000000000000000000000000000000019716679001607457
11335,0.000000000000000000000000003304912266696881
11336,0.00000000000000000000000000016794375221715004
11337,0.000000000000000000000000000000000000005238604863271711
11340,0.0000000000000000000000000000000012667336053982755
11341,0.0000000000000000000000000000041767072680687216
11344,0.00000000000000000000000000000000016133516271288585
11345,0.0000000000000000000000000000710616847915234
11350,0.000008522695521033978
11351,0.00000000000000000000000000000000000000000000060052230099370414
11353,0.03972168176875959
11355,0.6937741082181866
11356,0.0000035551342896631673
11358,0.00000000000000000000000000003645017924160815
11359,0.000000000000000000000000000008006966051765254
11360,0.0000000000000000000000000006254248531822769
11361,0.000000000000000000000000000011771988627758094
11364,0.0000000000000000000000000000004030905823648142
11366,0.00000000000000000000000000000000000000000054232160983804856
11371,0.0000000000000000000000000015590125411479226
11373,0.0000000000000000000000000000000000013777134826102279
11376,0.9486453972858367
11379,0.000000000000000000000000000000000000000027009898542714626
11381,0.35124486648866166
11382,0.6262953528758288
11385,0.00000000000000000000000000000000002056557057976525
11386,0.00000000000000000000000000000000000000011876674094152405
11387,0.000000000000000000000000000000000000000096990016762449
11388,0.0000000000000000000000000000000000000005051044496611419
11389,0.0000000000000000000000000000053186547740453506
11390,0.0000000000000000000000000000000000000000018751602591416093
11396,0.0000000000000000000000000000000000000001657841640494345
11397,0.0000000000000000000000000000000000000000009186921147444424
11398,0.25586715491567025
11400,0.000000000000000000000000000000000000001884674893734064
11401,0.000000000000000000028580890285376776
11403,0.000000000000000000000000000010974474541726947
11404,0.00000000000000000000000017697599138487237
11409,0.00000000000000000000000000000000000002666805285626319
11411,0.00000000000000000000000000000000000000000632398317926571
11412,0.0000000000000000000000000000000000004501621749809234
11413,0.000000000000000000000000000000001253526686943879
11414,0.0000000000000000000000000000000000000004593083163324074
11421,0.6780314242302711
11422,0.0000000000000000000000000000018845375022226774
11423,0.005096543304416814
11425,0.7125833122006491
11426,0.00000412437181791096
11432,0.000029873669166438695
11435,0.000000032922753493859046
11436,0.0000000002962467884570815
11437,0.000032929780052840724
11442,0.0000001703560684937934
11443,0.10821773840556276
11449,0.12214187861632843
11451,0.0005206199566673455
11453,0.0003887043785684578
11454,0.03530972885336333
11456,0.01021977951967524
11457,0.00000019978582389773343
11459,0.0000000000055674816042735205
11460,0.00000003622294811163823
11461,0.000000008764031933690974
11462,0.8514932793257921
11466,0.5860140292324241
11468,0.02925392553159594
11479,0.05411423788511826
11481,0.0046596019757286
11483,0.00009689319577528507
11489,0.043706217395621756
11494,0.0000000000004031676833747841
11495,0.0000000013104637097385566
11501,0.0002773467767775922
11503,0.029657305849036752
11510,0.018151270065815288
11511,0.00000017700463942583716
11515,0.0000001105763296655087
11522,0.008441690988916633
11523,0.00019525446567922487
11531,0.5707088948551358
11532,0.000000000010563952127150317
11533,0.0000003897737775501268
11534,0.00000024422635275898854
11536,0.003466568619442207
11538,0.8580881131833371
11542,0.3139869330175456
11543,0.00004999569135549921
11545,0.000588732880101893
11547,0.000001959604835248958
11549,0.778512326960256
11553,0.00008713396198679088
11554,0.9893744806234016
11556,0.021430413511841537
11561,0.00000747288225592078
11570,0.507674759049291
11576,0.33305311102690494
11580,0.0017829361081356137
11584,0.00033243249223154336
11585,0.4761993414127858
11592,0.00000004426780088985706
11593,0.00000004335004297695928
11603,0.000000007294924715697994
11615,0.00000000030121598328313186
11624,0.00009087992507665923
11633,0.0000000000001283068263806385
11634,0.00000003120694161413136
11639,0.5190481839347798
11640,0.0655534384953906
11642,0.00000045433678367212277
11644,0.023222332697111936
11645,0.000000019652600072462285
11648,0.000005376232806222064
11650,0.00000000006360003404001203
11655,0.00000003092740278703022
11659,0.000005984606236920822
11661,0.00004030793421701976
11667,0.010305245622844038
11674,0.0000000000005086042712783917
11680,0.000001584706371318262
11693,0.0000015046060574451385
11702,0.0000849087111575938
11704,0.0024181821154525824
11711,0.22907508349696856
11712,0.000000000006569559224597889
11713,0.0006322814834530016
11715,0.002480921846922151
11718,0.001797708548239244
11720,0.00000000022696153474840588
11722,0.982194872694094
11726,0.00000009873851998285368
11728,0.000000000019906795340688323
11730,0.0027746561383786327
11731,0.02344536657585835
11734,0.05050784956490761
11735,0.0000011640026165947653
11741,0.00000011872283151803016
11742,0.0000033869158371029724
11748,0.0003145737168632033
11750,0.00000000007078113006809483
11753,0.019610957564500115
11758,0.829133587493724
11761,0.1700664278266892
11764,0.0000006722446877286915
11766,0.27160675128695033
11776,0.0036647331796728962
11779,0.000000017372606418207572
11782,0.00028969430239342286
11791,0.7497314705650645
11795,0.00000000019148327985650942
11797,0.00407637399009661
11799,0.8027742247648976
11803,0.0000000003038171618785697
11805,0.000009326442731098036
11807,0.0016839473999095576
11811,0.006700660614686983
11814,0.00004870562991506002
11817,0.06388326611714411
11819,0.5084206062423013
11820,0.00000000000000000006415265739846657
11821,0.000000023511819095272073
11823,0.0000012814012674807272
11824,0.000000000000000000000000000000000000000007109212791403791
11825,0.290660133181782
11830,0.31390163937662796
11838,0.13368013092827533
11840,0.0000000000000000000000000000000000000000000000000914651984801359
11842,0.28953138485788005
11843,0.4301278372996428
11845,0.000000000000000000000000000000000547568938312371
11849,0.00000000000000000000000000028515587830608286
11850,0.0005714982674646182
11853,0.0000000000000000000000000000000000000010972286895113063
11856,0.8222185012622258
11858,0.000000000000000000000000000000000000038044068344477266
11860,0.000003874372106811998
11864,0.0000000000000000000000000000000000000006583976318574288
11868,0.00000000000000000000000000000000000002080474347488206
11872,0.5666170096417824
11876,0.0000000000000000000000000000008100399881241351
11877,0.000000000617712222715712
11879,0.0000000000000000000000000000000000000000013225587929494044
11880,0.4129711926065769
11881,0.5985929492815844
11885,0.000000000000000000000000000000000000000000000000000011805090135466353
11886,0.0000000000000000000000000000000000000003090548321201676
11889,0.0000000000000000000000000000000000000000013473697034262138
11890,0.000000000000000000000000000000000000010374147407832137
11894,0.0000000000000000000000000000000000000000000000000927194535990788
11897,0.000000000000000000000000000000017406900608010687
11901,0.0000000000000000000000000000000000000000009307447525968213
11905,0.000000000000000000000000000000020371697728571895
11906,0.000000000000000000000000000000000000006384087978663778
11907,0.0000000000000000000000000000000000000000003867021028552695
11909,0.0000000000000000000000000000000000000000002384430466533454
11914,0.000015868693668830937
11916,0.05593145770182733
11925,0.000000000000000000000000000000000000000007790405004973322
11927,0.0000000000000000000000000000000000000000000006523841146457278
11928,0.3406283631228138
11930,0.0000000000000000000000000000000013492917780635809
11931,0.0000000000000000000000000000000000000000000000000010102251794292504
11932,0.00000000000000000000000000000000015463176828386206
11937,0.00000000000000000000000000000000005158015037847513
11938,0.000000000000000000000000000000000019656883449010534
11941,0.00000000000000000000000000000000003376077550676738
11942,0.00000000000000000000000000000000000773022161123245
11946,0.594889370897645
11947,0.000000000000000000000000000000000000000040734398843069144
11949,0.000000000000000000000000000000000000003206272849894423
11950,0.7080326381138622
11953,0.0000000000000000000000000000000000024232529754882886
11954,0.00000000000000000000000036630648826014737
11955,0.0000000000000000000000000000000000000012498108808684891
11958,0.00000000000000000000000000000000000000000000000687821008745964
11959,0.0000000000000000000000000000000000000000000000000002962757779733248
11960,0.000000000000000000000000000000000006092676180319582
11961,0.0000000000000000000000000000000000000000000005469443290200833
11963,0.0000000000000000000000000000000000000000000010649788792326457
11967,0.0352874043311674
11968,0.0000000000000000000000000000000000000002481783561786611
11969,0.000000000000000000000000000000000000000000000007714771321921613
11972,0.008294497518275755
11976,0.0000000000000000000000000000000000008565611316767141
11979,0.3395170790302204
11980,0.000000000000000000000000000000004360778111891265
11982,0.00000000000000000000000000000000000030168860880530576
11983,0.00000000000000000000000000000000000000000000000008864953007143884
11984,0.0664187618854075
11985,0.000000000000000000000000000000000000000000001416276883149015
11986,0.2778814684846242
11987,0.0000000000000000000000000000000000000015695120969477898
11988,0.0000000000000000000000000000000000000000000003062937064813196
11991,0.000000000000000000000000000000000000000000000000000000076675975917127015
11993,0.000000000000000000000000000000003132326997507018
11994,0.000000000000000000000000000000007898603768584293
11995,0.00000000000000000000000000000000000000002458492826670829
11996,0.000000000000000000000000000000000000000000000000000000000000025618969168354655
12000,0.3497803010035503
12001,0.00000000000000000000000000000000000020974522515325252
12002,0.00000000000000000000000000000000000000006448644903724836
12003,0.00814749957581272
12007,0.0000000000000000000000000000000014102030682683417
12012,0.00000000000000000000000000000000000000000000047865394535463125
12017,0.00000000000000000000000000000000000000000000000000000009982911302886713
12019,0.9255310601211012
12021,0.000000000000000000000000007719305665047457
12028,0.00000000000000000000000000000000000000000000000000002543651274647059
12029,0.000000000000000000000000000000000000001573512729486378
12031,0.000000000000000000000000000000000000034107503815641056
12033,0.15382054749503943
12035,0.00000000000000000000000000000000000000000000000000033603808296249896
12039,0.023786041359520022
12041,0.03369812397200443
12043,0.0548398365303837
12048,0.0000000000000000000000000000000000000000000003288289247549203
12049,0.00000000000000000000000000000000000000000000014880513844522355
12052,0.0000000000000000000000000000000000000000004036611517089137
12055,0.0000000000000000000000000000000000000000000000011169612741069968
12056,0.00000000000000000000000000000000013057284268010728
12058,0.15249186506416887
12059,0.000000000000000000000000000002835668628051229
12060,0.0000000000000000000000000000000000000000007801348567618933
12061,0.000000000000000000000000000000010528438791409863
12062,0.0033116054152409788
12063,0.0000000000000000000000000000000000000007761243082702995
12065,0.000000000000000000000000000000000000007130541742614464
12067,0.05413609367019543
12068,0.00000000000000000000000000000000000000000000013036401207797389
12069,0.000000000000000000000000000000000000000000000000000021098140894862913
12070,0.00000000000000000000000000000000000000000567024132628954
12071,0.000000000000000000000000000000000000000000027660265744993885
12074,0.00000000000000000000000000000000000039342093725370755
12077,0.0000000000000000000000000000000000000000000011630356158214327
12078,0.0022558910301009017
12079,0.00000000000000000000000000000000000000000008289487511662876
12080,0.00000000000000000000000000000000011795299463753315
12081,0.000000011900563738841257
12084,0.0037878764062134924
12088,0.0000000000000000000000000000000000000000000000015627943823754117
12092,0.000000000000000000000000000000000000000000000009446725559295208
12095,0.00000000000000000000000000000000000000000000004399806324485065
12098,0.000000000000000000000000000000000000008655219605141102
12100,0.000000000000000000000000000000000000000015826223482640376
12101,0.00000000000000000000000000000000000000000000000011607022393994078
12102,0.00013523269242014197
12104,0.0000000000000000000000000000000001570180485714764
12107,0.000000000000000000000000000000000000000000000000000000000005121234052795072
12111,0.0037634013879298527
12112,0.0000000000000000000000000000000000017331419034257704
12113,0.03220089700537699
12114,0.0000000000000000000000000000000000000000001799678297728518
12116,0.00000000000000000000000000000000000000000000000029925008530628028
12117,0.0000000000000000000000000000000000000000000004520408477516179
12119,0.0000000000000000000000001252845490305644
12121,0.000000000000000000000000000000000000000011089425063217123
12123,0.00683189219772934
12125,0.00000000000000000000000000000000000073073309011700576
12130,0.022956480590183174
12132,0.00000000000000000000000000000000000000000008586517578063403
12133,0.0000000000000000000000000000000000000002895077387366352
12135,0.0000000000000000000000000000000000000000000000000004464396314451562
12138,0.0000000000000000000000000000000000005670536081172403
12140,0.4871318223243002
12144,0.000000012911838465552578
12146,0.00000000000000000000000000006970231206842931
12147,0.00000000000000000000000000000000000013380256429005837
12149,0.5317578229734179
12151,0.000000000000000000000000000000000000000000004014404824059248
12155,0.0000000008101049639274209
12157,0.000000000000000000000000000000000000836822387135402
12158,0.0000000000000000000000000000000000021381434188999228
12159,0.000000000000000000000000000000000000005050445485979674
12160,0.000000000000000000000000000000000000000000000000009249623207015055
12161,0.0000000000000000000000000000000000009830821871392249
12164,0.00000000000000000000000000000000006542560596605668
12166,0.00012162275214892362
12168,0.4853161924943129
12169,0.0000000000000000000000000000000000004280175142341673
12171,0.00000000000000000000000000000000000000000000000000000000035122993684348336
12173,0.00000000000000000000000000000000000000000002473165804902105
12176,0.00000000000000000000000000000000000000000000000000000000061894441795772115
12177,0.000000014276741848626204
12188,0.000000000000055592011862724234
12190,0.001155268441725028
12194,0.056511758936047846
12199,0.000023226289521658798
12201,0.0000000000025693306319148344
12202,0.4464470525023775
12210,0.9667799844616312
12212,0.000005356704146193971
12218,0.6251534316799493
12219,0.00000044930783309921537
12221,0.16301830606740958
12227,0.11770336415438605
12229,0.0009222441619151152
12230,0.0000000001226884692979479
12231,0.007129555867980958
12235,0.00007273261574758979
12239,0.032859471209165186
12243,0.4896201264661075
12244,0.000017663900888033345
12250,0.0000000006642759664142655
12251,0.002690018194960321
12252,0.00000017183722681393795
12255,0.00000004310978531899538
12256,0.11663533575679808
12259,0.000019980457235936167
12261,0.000003247988470377644
12265,0.0037675910468865795
12266,0.007281720948681154
12267,0.0000000001885387804952934
12268,0.0000000008083213959685849
12273,0.002062975312169572
12280,0.014741911813611905
12285,0.00013107037533013576
12286,0.000000000000000000000008762192962838728
12288,0.000028110020874704197
12289,0.00002090380335933402
12292,0.0000000000000006961065001126896
12301,0.0000000016895781673377076
12309,0.24342222786038292
12313,0.0005204374975151308
12315,0.00011845989825822499
12319,0.9794414809419261
12324,0.00000000000000000023746944875767796
12333,0.36112602291250623
12334,0.06854407881041345
12335,0.0000000000031335045540507686
12344,0.05625895859908217
12345,0.0000000004722803777494579
12346,0.000000000024543867697486295
12350,0.0016250914622168546
12358,0.000000000048523163142691384
12359,0.4366119614623025
12364,0.0000010275902543449926
12366,0.0000000027376221418247248
12369,0.0061821837467385685
12371,0.0000000053966630802317106
12373,0.008248013497895175
12374,0.0000020201148336987597
12387,0.000000010819194167338881
12393,0.000000004578238309550267
12397,0.0011607852657623925
12398,0.6471666722977327
12402,0.0000000067304507866778264
12404,0.000000000013977096108524528
12405,0.9955749240437914
12413,0.023821437596030542
12415,0.00000000007313438829433597
12427,0.00000000000016101554453742513
12431,0.3493127170519953
12434,0.02915308536931467
12436,0.21174367470209512
12446,0.00000000000000000000026290304365314933
12451,0.9499146344289571
12452,0.00000000021203169925813765
12460,0.00000023071923794182737
12464,0.000000026844165048949007
12471,0.0007157505032742027
12487,0.001465980184589809
12489,0.004010180064393856
12491,0.0033655280151019262
12492,0.0000000483001381356702
12496,0.1688774975902972
12498,0.0000000000000003299896220076247
12502,0.04822069238291504
12504,0.8490703841014793
12506,0.0000005581527722636548
12508,0.0000006908026154776438
12513,0.0000000000000000007728541593937567
12517,0.09500876794802117
12518,0.000000038532863454626244
12523,0.0006723093262332186
12525,0.012927812297104485
12527,0.000000013415124330210482
12544,0.00000000020580510965148344
12545,0.0000000000000005117929624826621
12546,0.028419589059645995
12551,0.000017906959691478448
12556,0.000004815535371864577
12561,0.013467988950209037
12568,0.000011428799903264704
12572,0.0009658595740757851
12578,0.00000000000000000000000000000000000000000000000000010473100050304431
12579,0.0000000000000000000000000000000000000000000000000000009451847589588825
12581,0.0000000000000000000000000000000000000000013848009294326817
12584,0.000000000000000000000000000000000000000000000000002204518441725042
12586,0.000000000000000000000000000000000000000000000000000000000007529333359433333
12587,0.0000000000000000000000000000000000000004345997510924128
12592,0.0000000000000000000000000000000000000000000010557033561800783
12597,0.3041056559376433
12606,0.00000000000000000000000000007011188134953767
12607,0.03014756476806332
12610,0.000000000000000000000000000000000000000008917333039290769
12612,0.43400063292586266
12617,0.000000000000000000000000000000000000015007106655716637
12620,0.00000000000000000000000000000000000000000000000000000011330848991064977
12624,0.00000000000000000000000000000000000034098572439589773
12625,0.00000000000000000000000000000000000000000000000000000005672338186009611
12627,0.001171493962648167
12629,0.0006838752482452874
12630,0.0000000000000000000000000000000000000006750133744341085
12635,0.011053459160839454
12637,0.0000000000000000000000000000000000000000000035721130188396146
12638,0.00000000000000000000000000000000000000000000479861314157939
12641,0.000000000000000000000000000000000000000000000000000000014370599401121691
12642,0.00000000000000000000000000000000000000000000000000001915279596373368
12643,0.28653047732211434
12644,0.000000000000000000000000000000000011518505269427214
12646,0.00017484704139371767
12649,0.00000000000000000000000000000000000000000000000004351746582971801
12652,0.000000000000000000000000000000000000000000043705923234816507
12653,0.02715274957457402
12655,0.000000000000000000000000000000000000000000000000000000011833901546348023
12658,0.03717427597689159
12660,0.000000000000000000000000000000000000000000000000000000000002669006030224521
12664,0.00000000000000000000000000000000000000000000000000000000012112025102370502
12668,0.000000000000000000000000000029106726789899845
12669,0.000000000000000000000000000000000000000000000000000001129178519337539
12671,0.09443136422721134
12672,0.63336744018131
12673,0.00000000000000000000000000007748764061339066
12674,0.000000000000000000000000000000000000000000000000000000000000005581763581066336
12675,0.00000000000000000000000000000000000000002347459932774681
12676,0.010680855462972446
12677,0.02045960795518783
12681,0.0000000000000000000000000000000000000000007662537041658592
12684,0.00000000000000000000000000000000000000009809390834853348
12685,0.08028179621195089
12690,0.00000000000000000000000000000000000000000000017342759459941769
12691,0.0000000000000000000000000000000000000000000000000000000000002436772624418551
12692,0.00000000000000000000000000000000000000000000006473422219853472
12693,0.000000000000000000000000000000002413648377634537
12695,0.00000000000000000000000000000000003999027819821845
12696,0.05121872975431322
12697,0.011600673264774534
12698,0.00000000000000000000000000000000000000000008091453339273185
12705,0.0000000000000000000000000000000000014449842146170418
12706,0.0000000000000000000000000000000000000000000000000519615023509274
12708,0.0000000000000000000000000000000000000010095553207934268
12710,0.000000000000000000000000000000000000000022936538667386115
12714,0.000000000000000000000000000000000000000003559425943462086
12715,0.0000000000000000000000000000000000000000004263618045089286
12716,0.6850337180397961
12717,0.0000000000000000000000000000000000000000000000000000000008547079524425777
12719,0.00000000000000000000000000000000000000000000000000000000011272109974494792
12722,0.0000000000000000000000000000000000000000000000000003657360994444746
12723,0.8124565799301088
12725,0.000000000000000000000000000000000000000000002041343506520303
12729,0.000000000000000000000000000000000000000000000000000000004360161777765257
12730,0.000000000000000000000000000000000000000000032537962788090053
12734,0.7114079830849677
12735,0.000000000000000000000000000000000000000000000000028298265488316808
12737,0.000000000000000000000000000000000000000000000000000007667919290001992
12738,0.000000000000000000000000000000000000017865564206949553
12739,0.0000000000000000000000000000000000000000000000000000000000048755236645315996
12741,0.0000000000000000000000000000000000000000004626000501912698
12746,0.012013955071353685
12747,0.000000000000000000000000000024515758436265005
12748,0.00000000000000000000000000000000000010402097148815592
12750,0.0000000000000000000000000000000000000000004392022401124634
12751,0.6699972255409169
12752,0.0000000000000000000000000000000000026531439008416354
12753,0.003528394395006777
12754,0.0000000000000000000000000000000000000000040405091017351046
12760,0.0022363589003898212
12761,0.0000000000000000000000000000000000000000017369750849846822
12763,0.000000000000000000000000000000000000000000000005663068539071128
12766,0.000527069268322024
12770,0.10647983343915929
12772,0.000000000000000000000000000000000000000000000000005393019817422761
12773,0.0000000000000000000000000000000000000000000000000000000000000000005225297633058017
12777,0.000000000000000000000000000000000000000000004321165880575456
12778,0.00000000000000000000000000000000000000000000015540266663206957
12779,0.11048168225086398
12781,0.000000000000000000000000000000000000000000000000005158167378568405
12782,0.00001624980427198663
12783,0.0017163515987251566
12789,0.000010570524859766182
12796,0.000003955633604237367
12802,0.0000025275129749174457
12804,0.1730036927183902
12805,0.5568714135031264
12820,0.00000000000000033585746458989307
12831,0.6378042398880113
12837,0.00343607360599664
12847,0.0006893104186226523
12849,0.00010384148241539792
12852,0.00000000000000030253169013072475
12856,0.000000006977634035794002
12859,0.00000006099826022786422
12861,0.00000000005534999199272884
12862,0.6774062808877739
12863,0.000054257214967178206
12865,0.00000000000000000000018022169542433384
12870,0.0000068115085077309805
12871,0.00001146110157306849
12872,0.0000025982809989649065
12877,0.0051951322079507554
12885,0.000000029622575502139223
12886,0.000000002884151253738005
12894,0.00000044890984590142414
12899,0.0000004192768336541802
12900,0.000000003799945449932226
12905,0.18475275807164165
12914,0.0000002523708239264999
12916,0.11493544931422957
12919,0.07457710930802408
12922,0.5631333140487963
12923,0.13798240436185089
12924,0.000000000053025153995944144
12929,0.09822963293041174
12930,0.01535657207220367
12933,0.016159579547440614
12935,0.0011950257445851194
12936,0.06272664989801219
12938,0.00000000003113856466868883
12939,0.0007192480764530159
12941,0.37516628495639875
12943,0.005931033743960276
12951,0.11637668183992748
12952,0.0000017989069404245613
12961,0.0000000000000000000002951914434647006
12962,0.00000009875592070693748
12964,0.0005222991791469447
12966,0.011689542900933552
12969,0.00000000004702143692681866
12973,0.061952084343165605
12976,0.00000000000000010757140454350649
12983,0.000000000000007139374145678813
12999,0.000000000016809577525349547
13012,0.000000000000000002800308257783667
13016,0.00017249869539272264
13019,0.10172621970915068
13026,0.00000000000006412532376888922
13028,0.20713777886674978
13031,0.00000000001318118557040347
13038,0.21721060687130525
13043,0.00000015450923905660694
13045,0.0000009676853860996407
13053,0.0000000000000035075338399598558
13055,0.0000000000000019298936341660506
13068,0.0018039827594960314
13070,0.00000000007971208929385898
13073,0.0000006966820592516105
13076,0.0000013169028297718463
13079,0.0000000000024966327387942283
13080,0.0000001614820317216731
13081,0.00000000000000000000000000000010192466434497597
13083,0.0000000000000000000030620229710308035
13085,0.09913261869751877
13090,0.0000000000000000000000000000000009707425186315356
13092,0.00002222786510445602
13099,0.004321571040114062
13102,0.010903051207266453
13103,0.000000018478615974542017
13105,0.000000000000000000015043492061192293
13109,0.0003926627323561119
13112,0.04299352589634677
13121,0.005013302828268119
13127,0.00000023673692385557773
13131,0.000000014593155165719128
13132,0.089909864952719
13139,0.7588688058734001
13140,0.0000000000009792642611559917
13145,0.000000000000015421170637158822
13147,0.0055739360317396515
13155,0.45821344947393683
13159,0.0000011172337919994438
13161,0.0000000008806870994704782
13165,0.2997316705638054
13170,0.0000000014570796651686393
13171,0.14508708227938857
13184,0.14457941055494392
13185,0.000000000000000000007400341900083478
13186,0.12162754808990671
13187,0.000000000000000000000000000000000000000000000005624072931413969
13188,0.000000000000000000000000000000000000000000000000025222572300824027
13191,0.0000000000000000000000000000000000000000031929331766155646
13192,0.04557818056460416
13193,0.00000000000000000000000000000000000000000000000000000000000000009429792078997148
13194,0.5334225199378352
13195,0.000000000000000000000000000000000000000000000000000405623138763501
13197,0.4113803966377285
13198,0.000000000000000000000000000000000000000000981171462875573
13199,0.000000000000000000000000000000000000000000000000000005315067333198016
13201,0.00000000000000000000000000000000000017354309330676063
13203,0.000000000000000000000000000000000000000000000008687213656277023
13205,0.00000000000000000000000000000000000000000000000000000000044996276750811165
13207,0.000000000000000000000000000000000000000000000000000015659114729396417
13211,0.0059468648006183785
13213,0.000000000000000000000000000000000011113983927440672
13214,0.000000000000000000000000000000000000000000000000000000000000000000002033312805075849
13217,0.000000000000000000000000000000000000000000000000000005885190522361171
13219,0.000000000000000000000000000000000000011277695265819608
13220,0.000000000000000000000000000000000000000000000000000000000005504860461625265
13221,0.0000000000000000000000000000000000000000000015980239855336976
13222,0.00000000000000000000000000000000000000000000000007748569481151498
13227,0.0000000000000000000000000007754924546210783
13230,0.000000000000000000000000000000000000000000000000000001057156262304916
13232,0.00000036342739773609376
13233,0.00000000000000000000000000000000000000000000000002202776207708591
13234,0.7544846365592919
13236,0.000000000000000000000000000000000000000000000000000000029496988153893097
13238,0.000000000000000000000000000000000000000000000000000000002757164768146203
13239,0.000000000000000000000000000000000000000000010988394266488777
13240,0.00000000000000000000000000000000000000000000000000000000000000000000006222038673504465
13241,0.14899042570368493
13244,0.0000023262103010545534
13246,0.000000000000000000000000000000000000000000000000018614418622970363
13249,0.0000000000000000000000000000000000000000000000000000000009790238901991018
13250,0.00000000000000000000000000000000000000000000000000000000000000000009182931736157396
13251,0.000000000000000000000000000000000000000000000000000000000013723258160503205
13252,0.00000000000000000000000000000000000000000000000000000000000000000000014184136560474231
13256,0.0000000000000000000000000000000000000000000000000000000000000000000000000006615073157571498
13257,0.8132619198222232
13259,0.000000000000000000000000000000000000000000000000000000000000000006635645174065682
13263,0.000000000000000000000000000000000000000000000002176296893221329
13268,0.00000000000000000000000000000000000000000000000004628525490393633
13271,0.000000000000000000000000000000000000000000000000000000000059673853215032555
13272,0.04903078108393177
13273,0.031236750291359878
13276,0.00000000002281577606291142
13277,0.000000000006485730781068385
13278,0.0000000000000000000000000000000000000000000000000000000000000013108731404483312
13282,0.5827313002048197
13284,0.00000000000000000000000000000000000000000000000011944048427303172
13290,0.0000000000000000000000000000000000000000000000000393180937523261
13292,0.00000000000000000000000000000000000000000004036545738157845
13294,0.03081824777955366
13297,0.00000000000000000000000000000000000000000000000000009342497539657062
13300,0.0329187082255705
13303,0.6727364452280139
13304,0.0000000000000000000000000000000000000000000000000000000000000000004177146726902721
13305,0.009184265738379825
13307,0.0000000000000000000000000000000000000000000000000000000045813482855859443
13308,0.0000000000000000000000000000000000000000000000000000921607308371601
13309,0.0000000000000000000000000000000000000000000000000000000021227095917272643
13312,0.000000000000000000000000000000000000000000000000000000000000000000000000022130049065881184
13313,0.06954124217684905
13315,0.0000000000000000000000000000000000000000000011251328458874024
13317,0.03256672993338184
13319,0.0013714968648964494
13322,0.000000000000000000000000000000000000000000000000000000000000004864948100819963
13325,0.29984035768110534
13327,0.06414960464079966
13328,0.00005715215567489114
13332,0.00000000000000000000000000000000000000000000000000000000000000003098861512756083
13333,0.0000000000000000000000000000000000000000000000000000000000000000004961070536907334
13334,0.00000000000000000000000000000000000000000000000000000000000000000006701476663841503
13337,0.0000000000000000000000000000000000000000000000000008157387360145189
13339,0.7158363031909332
13343,0.9602937729098926
13346,0.00000000000000000000000000000000000000000000000000000000004909108169275994
13347,0.000000000000000000000000000000000000000000000000000000000000000000000013709184515144686
13348,0.8707859886225198
13349,0.02345347276482239
13350,0.00000000000000000000000000000000000000000000000000000017289867569460612
13353,0.000000000000000000000000000000000000000000000000000021593920526023623
13355,0.11997980175860107
13357,0.0000000000000000000000000000000000000000334326930661003
13358,0.0000000000000000000000000000000000004480268987963398
13359,0.000000000000000000000000000000000000000000000000000002217875624395058
13360,0.000000000000000000000000000000000000000000000000000012473888596926448
13362,0.000000000000000000000000000000000000000000000000000000000000000960954053334405
13363,0.0000000000000000000000000000000000000000000000000021555059257037596
13364,0.000000010229037786445609
13367,0.7654291550207784
13371,0.00000000000000000000000000000000000000000000003881915950602316
13374,0.000000000000000000000000000000000000000000000000000000010724440833418136
13376,0.00000000000000000000000000000000000000000000000000000000013795474446575141
13378,0.15159312610560674
13380,0.00000000000000000000000000000000000000000000000000001489398327074295
13381,0.0000000000000000000000000000000000000000000000000000000000000000000000000000000000000013375221373506879
13382,0.000000000000000000000000000000000000000000000000000000000000000000000013824189600583245
13383,0.0000000000000000000000000000000000000000000000000000000000009168863715272825
13388,0.0000000000000000000000000000000000000000000000000000000000000000000495937694413595
13390,0.000000000000000000000000000000000000000000000000000008124438284521615
13391,0.008518964447599147
13392,0.000000000000000000000000000000000000000000000000000000000000000325284710060747
13393,0.0000000000000000000000000000000000000000000000000000000000000000029151283723410157
13394,0.012851927164004174
13395,0.000000000000000000000000000000000000000000000001116701186820354
13396,0.05500027460409621
13399,0.000000000000000000000000000000000000000000000000000000000000000000000062022881907151436
13400,0.0000000000000000000000000000000000000000000000000000008631607587110121
13401,0.000000000000000000000000000000000000000000000000013647593335228823
13403,0.0000011243599017916303
13404,0.0000000000000000000000000000000000000000000000000008915136015085022
13406,0.18916009966782574
13408,0.06049281504163522
13410,0.04442541275229947
13414,0.000000000000000000000000000000000000000000000000000000005465089891545374
13415,0.000000000000000000000000000000000000000000000000000000000000000000000007503217264644848
13416,0.000000000000000000000000000000000000000000000000000000000000002545330798973479
13417,0.0000000000000000000000000000000000000000000000000000000418056621088816
13420,0.00000000000000000000000000000000000000000000000000000000036510671722634925
13421,0.00000000000000000000000000000000000000000000000000000000000000002504032086961897
13424,0.0000000000000000000000000000000000000000000000000000000001600058213019844
13426,0.0000000000000000000000000000000000000000000000000020781662068839523
13427,0.6423119026142348
13428,0.00000000000000000000000000000000000000000001174637399091966
13429,0.000000000000000000000000000000000000000000010641182139083471
13430,0.0000000000000000000000000000000000000000000000000000000000000035494804944903645
13431,0.0000000000000000000000000000007150007924096548
13434,0.0000000000000000000000000000000000000000000000000005649780990392429
13435,0.000000000000000000000000000000000000000000000000000001822358994814285
13436,0.0000000000000000000000000000000000000000000000000000000000000005775554915539415
13437,0.000000000000000000000000000000000000000000000003784360886879971
13438,0.0168711253562655
13441,0.000000000000000000000000000000000000000000000000000000000000000000000000000000055932432756861625
13445,0.000000000000000000000000000000000000000000000000000000000000000000023745370722823218
13446,0.000000000000000000000000000000000000000000000000000000000000000000000069038269882397096
13447,0.0000000000000000000000000000000000000000000000000000000000000000000000000000000000000007323222598565953
13448,0.000000000000000000000000000000000000000000000000000000000000000481311228572611
13450,0.00000000000000000000000000000000000000000000000000000000000000008917022923634467
13451,0.09631909419714582
13453,0.00000000000000000000000000000000000000000000000000000000000000000000000000014595232530991194
13454,0.00000000000000000000000000000000000000000000000000000000000011592254505199782
13455,0.000000000000000000000000000000000000000000000000000000000004604890209979741
13456,0.0000000000000000000000000000000000000000000000000000000003801965157470958
13457,0.000000000000000000000000000000000000000000000000000000000000000000005428638166152889
13459,0.000000000000000000000000000000000000000000000000000000000000000000000697745522101445
13463,0.00000000000000000000000000000000000000000000000000000004070025615288762
13464,0.00026846305491333054
13465,0.000000000000000000000000000000000000000000000000000000018076709564884326
13466,0.9550735353671954
13467,0.00000000000000000000000000000000000000000000000000000000015901649391331177
13468,0.0000000000000000000000000000000000000000000000000000000003758081408655629
13469,0.00000000000000000000000000000000000000000000000000000000001584142200238432
13470,0.34655499545942925
13472,0.0000000000000000000000000000000000000000009340642079136314
13473,0.000000000000000000000000000000000000000000000000000000000000000012287808464003419
13475,0.000000000000000000000000000000000000000000000000000000000000000027403908951046887
13477,0.0000000000000000000000000000000000000000000000000000000000000000003425290811465446
13478,0.00000002763079754385284
13481,0.02857880770686022
13483,0.000000000000000000000000000000000000000000000000029969106148274115
13486,0.000000000000000000000000000000000008295526313423304
13488,0.16981839239372115
13489,0.0000000000000000000000000000000000000000000000000000001801752659760264
13490,0.00000000000000000000000000000000000000000000000000000000000000000000024696031928100843
13491,0.00000000000000000000000000000000000000000000000000000000000006857539248322423
13495,0.29434345117509186
13496,0.000000000000000000000000000000000000000000001375579651229708
13497,0.4318053455421442
13500,0.5650999985712608
13502,0.001180941713298671
13504,0.0000000000000000000000000000000000000000000000000000000000002816445928230128
13505,0.4864481489870257
13506,0.00000000000000000000000000000000000000000000000000000000000000000000004664540982709672
13507,0.0000697416121662678
13509,0.000000000000000000000000000000000000000000000000000000020379133821176376
13511,0.00000000000000000000000000000000000000000000000000000000000000000000055437922663691967
13513,0.0000000000000000000000000000000000000000000000000000028584742138742886
13514,0.00000000000000000000000000000000000000000000000000000000000000000008016677041598426
13515,0.8669864842470913
13517,0.00000000000000000000000000000000000000000000000000000000000005465988526650058
13518,0.0000000000000000000000000000000000000000000000000001929011390159377
13520,0.000000000000000000000000000000000000000000000000002057629436586375
13521,0.007300712871928055
13523,0.05133671430804349
13524,0.0000000000000000000000000000000000000000000000000000000000000000000028736874565122023
13525,0.00000000000000000000000000000000000000000000000000000000000000000000000000000000001170196369182328
13527,0.00000000000000000000000000000000000000000000000000000000000000000000000017266091546884067
13528,0.0000000000000000000000000000000000000000000050580259687613105
13529,0.000000000000000000000000000000000000000000000000000000000000000005748105779561872
13530,0.005857550899688559
13531,0.09301733337347971
13532,0.00000000000000000000000000000000000000000000000000000000007245049279882562
13534,0.000000000000000000000000000000000000000000000000000000008777703230431767
13536,0.16715467656094038
13537,0.000000000000000000000000000000000000000000000000000000000000000000012011126803720728
13538,0.0000000000000000000000000000000000000000000000000000000000000011995224717705796
13539,0.00000000000000000000000000000000000000000000000000000000000000000011049896395015171
13542,0.0005493612835212499
13551,0.6270132498169715
13554,0.000000002271490564208729
13555,0.0000000000005418681771738899
13557,0.00042436590509857346
13563,0.4525443940433169
13565,0.031709720149377854
13571,0.00000037467927938808794
13572,0.0003229829948667841
13577,0.015731563166180212
13579,0.00000000000000015084136383026727
13585,0.000000000000000004544508271950529
13588,0.0000000000000001775668136190743
13591,0.00009398608261556313
13592,0.0623685859942141
13598,0.00000000000000008504736271607418
13599,0.000003090447706788491
13602,0.0000021536005321299067
13612,0.00000000007657054512899889
13620,0.00008558399203383611
13621,0.0000019279206461035315
13622,0.00000000000000000001577414382144826
13624,0.00000000000011624466202901196
13633,0.000010160762000874489
13639,0.000000000636588302461715
13641,0.0000000013210673425741168
13650,0.7459089194759925
13651,0.0000020700577129152587
13657,0.000001253791245178006
13673,0.0000000000000000000000023798082144075046
13677,0.0000009324603957910817
13687,0.000004345258856406444
13690,0.0000000000000000028430353365717034
13699,0.0213924705893496
13702,0.2055977462486376
13704,0.000002020177398047943
13708,0.000025880358366410402
13717,0.00006863314876418143
13718,0.1742647181959619
13720,0.315441952921434
13721,0.8020736363281356
13725,0.0000000000024858832662188544
13734,0.0000000000000000000000000000000054231801402764736
13736,0.000000007444987568468153
13740,0.000000000002428692059850935
13745,0.0000025357265477948
13756,0.000000000000000000017347248269168503
13757,0.00000000000000000000000907971882020827
13763,0.09081172820233128
13766,0.00000000000037391285377608515
13769,0.09552451286331767
13770,0.000012356657758439168
13784,0.000000000000000007887685709799664
13785,0.000007171569409463242
13786,0.00000000000013932174024207892
13792,0.00000918093202896501
13793,0.000023703727667064133
13795,0.23481101338562363
13805,0.00000000002249014840422259
13809,0.000000000018976204047351842
13810,0.0000000000000061546113088259965
13811,0.0000000000012295188521465665
13812,0.00000000000000009933277785475372
13820,0.00000000000008019348927135297
13826,0.02580786991048355
13830,0.0013337808275037167
13834,0.2852870172632354
13852,0.000000000000000000001268816487854948
13856,0.000000000000000000008067687832692855
13868,0.0000000000000000004865712148752819
13872,0.7950985755076778
13874,0.00000000000015794327597664093
13876,0.001804384088838908
13877,0.0001619528782904744
13882,0.00000000016809459906753259
13885,0.0000000000000000000002662481253680128
13886,0.00004840167529596958
13887,0.0000000008984340314956325
13891,0.35009424877533474
13894,0.000000000000000000023251158449663177
13903,0.0000027730453164690708
13906,0.11236019995469074
13907,0.00000000024999971667119356
13909,0.07818808115183921
13921,0.09741657003368259
13925,0.0038477741144414077
13932,0.00004428468862770487
13933,0.000007626152417499458
13935,0.02354566083515721
13939,0.010302107122115657
13940,0.01226353452697712
13941,0.0000000336203174268146
13945,0.2590194294944486
13947,0.00000000000000000000000000000000000000000000000000000000000000000000000000000000000023319037246446096
13948,0.00000000000000000000000000000000000000000000000000000001173469846215041
13950,0.000000000000000000000000000000000000000000000000000000000000000000000000000000012631244045796203
13952,0.45042548565257284
13959,0.00000000000000000000000000000000000000000000000000000002989404838316833
13960,0.00000000000000000000000000000000000000000000000000000000000000018138576632733143
13962,0.00000000000000000000000000000000000000000000000000000000000000000000000000005533880151052145
13963,0.000000000000000000000000000000000000000000000000000000000000000000000000000000000005216509192310021
13964,0.00000000000000000000000000000000000000000000000000000000000000000000000014193952222044578
13965,0.9847165928421582
13968,0.0000000000000000000000000000000000000000000000000000000000000000000009934624081098567
13970,0.00000000000000000000000000000000000000000000000000000000000000000015484893291902775
13972,0.00000000000033280080754106714
13973,0.000000000000000000000000000000000000000000000000000000000000000000000000000000000000026480677214020315
13974,0.00000000000000000000000000000000000000000000000000000000000000000000704603675628624
13975,0.197271004783867
13976,0.00000000000000000000000000000000000000000000000000000000000000001216878745101384
13978,0.45579214909056776
13980,0.00000000000000000000000000000000000000000000000000000000000000026017580912935968
13981,0.00000000000000000000000000000000000000000000000000000000000000000000014545814207178315
13983,0.00000000000000000000000000000000000000000000000000000000000000011167392572135537
13986,0.1375637413053652
13991,0.9999641774010911
13992,0.038411164079222605
13993,0.12639101150211848
14001,0.000000000000000000000000000000000000000000000000000000000000000000000000000000000000520180689361685
14003,0.00000000000000000000000000000000000000000000000000000000000000000000024505459143537055
14004,0.000000000000000000000000000000000000000000000000000000000000000000021753335189383666
14007,0.00000000000000000000000000000000000000000000000000000000000006432700369951859
14012,0.0000000000000000000000000000000000000000000000000000000000000000000000000000000000000003358541452325229
14013,0.0000000000000000000000000000000000000000000000000000000000000000002669185686806268
14014,0.3144322900738239
14017,0.00000000000000000000000000000000000000000000000000000000000000000000000000008786041383700485
14019,0.27532179544555635
14021,0.0000000000000000000000000000000000000000000000000000000000000000001882045254087686
14024,0.7375810428192918
14025,0.0000000000000000000000000000000000000000000000000000000000000000000000000000000009073110911945751
14029,0.0000000000000000000000000000000000000000000000000000000000000000000009755544055657566
14033,0.00000000000000000000000000000000000000000000000000000000000444019993960741
14039,0.0000000000000000000000000000000000000000000000000000000000000000000000000000005407819053782469
14043,0.06955662507156551
14044,0.27337422393231403
14047,0.8783350558238623
14049,0.0000000000000000000000000000000000000000000000000000000005004290265668774
14050,0.4646619583966596
14052,0.0000000000000000000000000000000000000000000000000000000000000000000000000000000000033010936420178843
14053,0.000000000000000000000000000000000000000000000000000000000000006113891991865755
14054,0.0000000000000000000000000000000000000000000000000000000017888691304949514
14056,0.07667959276412856
14059,0.00000000000000000000000000000000000000000000000000000000000015012784538270466
14060,0.0000000000000000000000000000000000000000000000000000000017779680377923814
14062,0.5124326233269971
14064,0.000000000000000000000000000000000000000000000000000000000000000000000023517899354291166
14068,0.00000000000000000000000000000000000000000000000000000000000000009289377899494344
14071,0.23157941395472786
14072,0.0000000000000000000000000000000000000000000000000000000000000014842930936117907
14074,0.00000000000000000000000000000000000000000000000000000000000008933275945309165
14077,0.000000000000000000000000000000000000000000000000000000010770854382938531
14078,0.00000000000000000000000000000000000000000000000000000000000000002695504424570947
14079,0.00000000000000000000000000000000000000000000000000000000000000060139896163072516
14080,0.00000000000000000000000000000000000000000000000000000000000000000000006194778315608821
14082,0.0000000000000000000000000000000000000000000000000001979000126426786
14084,0.000000000000000000000000000000000000000000000000000000000000000001518933692460426
14085,0.00000000000000000000000000000000000000000000000000000000000000000000000000005375625009901087
14087,0.000000000000000000000000000000000000000000000000000000000000000000011897199663096634
14089,0.000000000000000000000000000000000000000000000000000000000000000000000000000015246003380883593
14094,0.0000000000000000000000000000000000000000000000000000001445366217311066
14098,0.000000000000000000000000000000000000000000000000000000000000013256202338686365
14099,0.00000000000000000000000000000000000000000000000000000000008809065207249047
14105,0.000000000000000000000000000000000000000000000000000000000000000000000000000020382219363727042
14109,0.00000000000000000000000000000000000000000000000000000000000019843809401121338
14110,0.000000000000000000000000000000000000000000000000000000000000000000000000000006801739545563545
14111,0.000000000000000000000000000000000000000000000000000000000000000004231978758723799
14112,0.000007159624690044257
14113,0.0000000000000000000000000000000000000000000000000000000000000000000027245818566634235
14114,0.10276639639424011
14116,0.00000000000000000000000000000000000000000000000000000000000000000010544143593658135
14118,0.000000000000000000000000000000000000000000000000000000000000000000053992975444136805
14119,0.9877506881721427
14121,0.000000000000000000000000000000000000000000000000000000000000010522556593449518
14122,0.000000000000000000000000000000000000000000000000000000000032333529791902137
14123,0.0000000000000000000000000000000000000000000000000000000018248467366277308
14126,0.0000000005692144081641112
14129,0.04476423426797174
14130,0.000000000000000000000000000000000000000000000000000025325675767413975
14131,0.000000000000000000000000000000000000000000000043159205462511707
14133,0.0000010332077250086712
14134,0.013048182338404385
14135,0.000000000000000000000000000000000000000000000000000000292412590388211
14136,0.00000000000000000000000000000000000000000000000000000000000000000000000001850856659652839
14137,0.0000000000000000000000000000000000000000000000000000000043581279571180166
14142,0.00000000000383926088137703
14143,0.000000000000000000000000000000000000000000002642799750284391
14145,0.00000000000000000000000000000000000000000000000000000000000000000000000000000000000000005170028845544131
14147,0.00000000225328752886679
14148,0.000000000000000000000000000000000000000000000000000000000000000000000000001356217070245911
14150,0.000000000000000000000000000000000000000000000000000000000000000000000008382579338703386
14152,0.000000000000000000000000000000000000000000000000000000040004666250207536
14154,0.0000000000000000000000000000000000000000000000000000000000000003084478319956996
14155,0.000000000000000000000000000000000000000000000000000000000005822029861863929
14157,0.00000000000000000000000000000000000000000000000000000000000000733233660746694
14158,0.0000000000000000000000000000000000000000000000008878007754670539
14161,0.00000000000000000000000000000000000000000000000000000009591025383587273
14163,0.0000000000000000000000000000000000000000000000000000000000003958312002615673
14165,0.000000000000000000000000000000000000000000000000000000000000000000000000006358946840877599
14167,0.00000000000005573095814896849
14168,0.00000000000000000000000000000000000000000000000000000000000000000000000007475469006991598
14169,0.10270804413477681
14170,0.0000009238643701081429
14173,0.0000000000000000000000000000000000000000000000000000000000000000003918223061301573
14174,0.0000000000000000000000000000000000000000000000000000000000000000000000000020747744899718437
14180,0.44402226956900687
14183,0.00000000000000000000000000000000000000000000000000000000000004228724651780937
14184,0.0000000000000000000000000000000000000000000000000000000000000000000000000000000007713544994650278
14185,0.0000000000000000000000000000000000000000000000000000000000000000003148940339527944
14186,0.0000000000000000000000000000000000000000000000000000000000000000000000192419596741973
14188,0.0000000000000000000000000000000000000000000000015665679325335016
14190,0.0000000000000000000000000000000000000000000000000000000006569126931556375
14192,0.000000000000000000000000000000000000000000000000000000000000000000000000000000006367552978510856
14193,0.000000000000000000000000000000000000000000000000000000000000000000000000000000019103741074080104
14194,0.0000000000000000000000000000000000000000000000000000000000000000000000000000006685129975908319
14196,0.0000000000000000000000000000000000000000000000000000000000000000008345743231895994
14198,0.00000000000000000000000000000000000000000000000000000000000000010671963193332927
14199,0.22360471561599446
14202,0.0000000000000000000000000000000000000000000000000000000000003590882406815334
14203,0.000000000000000000000000000000000000000000000000000000000000000000000000000000000000000000009141321725432024
14207,0.1357412149677249
14208,0.000000000000000000000000000000000000000000000000000000000000000012704625531522074
14210,0.0000000000000000000000000000000000000000000000000000000000000000023462211873360029
14211,0.00000000000000000000000000000000000000000000000000000000000004666648061679824
14214,0.0000000000000000000000000000000000000000000000000000000000000000000000000000000041055463901625723
14217,0.011092606899224271
14218,0.00000000000000000000000000000000000000000000000000000000000000000000000000016791695004205153
14219,0.00000000000000000000000000000000000000000000000000000000008841768501829017
14221,0.000000015859485901332903
14224,0.000000000000000000000000000000000000000000000000000000000000000000000000000000053982849903279325
14228,0.000000000000010403829686652092
14230,0.00000000000000000000000000000000000000000000000000000000000000000000000032169192263050344
14233,0.0000000000000000000000000000000000000000000000000000000000000000000000000014843833143488372
14234,0.0000000000000000000000000000000000000000000000000000000000000000000000000000000000004139533631094283
14236,0.0000000000000000000000000000000000000000000000000000000000000000000000000439068002999988
14237,0.000000000000000000000000000000000000000000000000000000000000000009366822402705576
14238,0.00000000000000000000000000000000000000000000000000000000000000000000000000000005765795731536888
14239,0.0000000000000000000000000000000000000000000000000000000000000000000000000000000000000032438068281046263
14240,0.00000000000000000000000000000000000000000000000000000000000000000000015730548885471145
14241,0.00000000000000000000000000000000000000000000000000000000000000000000009184000618788606
14246,0.00009643454507551603
14247,0.0000000000000000000000000000000000000000000000000000000000000000000000000000000000000000000020219409992333347
14248,0.0000000008084755229475886
14249,0.0000000000000000000000000000000000000000000000000000000000000000000000000019158916084236214
14250,0.000000000000000000000000000000000000000000000000000000000000000000000000000000004856474967402083
14252,0.000000000000000000000000000000000000000000000000000000000000000000000000000000000000005112195090299846
14255,0.0000000000000000000000000000000000000000000000000000000000000000000000000000000000000000000000000000000024107281649789285
14256,0.0000000000000000000000000000000000000000000018359909756036215
14257,0.000000000000000000000000000000000000000000000000000000000000000000000009670664014366938
14262,0.4823749269015301
14263,0.05417252868782137
14265,0.0000000000000000000000000000000000000000000000000000000000000000000000000000004643871352720502
14266,0.000000000000000000000000000000000000000000000000000000000000000000011481277984801557
14267,0.000000000000000000000000000000000000000000000000000000009714264142710752
14268,0.000000000000000000000000000000000000000000000000000000000000000000000000014010006460754749
14269,0.000000000000000000000000000000000000000000000000000000000000000000000000000000001450640229531343
14272,0.0000000000000000000000000000000000000000000000000000000000000000000000000000000000000000000004588181406108826
14273,0.000000000000000000000000000000000000000000000000000000000000000000000000002240413806447883
14274,0.8891987280400638
14275,0.00000000000000000000000000000000000000000000000000000000000000000000000000053067958840654445
14276,0.00000000000000000000000000000000000000000000000000000000000001085878570500878
14277,0.000000000000000000000000000000000000000000000000000000000000050644544177215055
14278,0.00000000011447209245894274
14279,0.000000001951816956326702
14280,0.000000000000000000000000000000000000000000000000000000000000000000000000000035905313308038856
14282,0.0000000000000000000000000000000000000000000000000000000000009998914710846074
14283,0.0000000000000000000000000000000000000000000000000000000000000042549314812650454
14284,0.000000000000000000000000000000000000000000000000000000000000000000000000000000000000000001974890710339748
14285,0.0000000000000000000000000000000000000000000000000000000000000000000015816475340168134
14286,0.0000000000000000000000000000000000000000000000000000000000000009730440688893753
14289,0.2986461850429645
14291,0.000000000000000000000000000000000000000000000000000000000000000000000000001879376744669981
14294,0.0005505047916478512
14296,0.00000000000000000000000000000000000000000000000000000000000000000000000000000019580326830692672
14297,0.000000000000000000000000000000000000000000000000000000000000000000000000000000000005870748546599776
14299,0.000000000000000000000000000000000000000000000000000000000000000000000000013052263841950387
14300,0.4972448603547033
14301,0.00000000000000000000000000000000000000000000000000000000000000024285770072371465
14302,0.000000000000000000000000000000000000000000000000000000000000000000000008458614816367107
14304,0.000000000000000000000000000000000000000000000000000000000000000000011235746906834471
14309,0.0000000000000000000000000000000000000000000000000000000000000000000033572019298132746
14314,0.000000000000000000000000000000000000000000000000000000000021638416116337755
14315,0.0000000000000000000000000000000000000000000000000000000000000000000000015146372551402945
14316,0.000000000000000000000000000000000000000000000000000000025590433986700313
14317,0.000000000000000000000000000000000000000000000000000000000000000000000000011607802648443059
14321,0.0000000000000000000000000000000000000000000000000000000000000000000000002650110726043384
14322,0.00000000000000000000000000000000000000000000000000009904651648059785
14325,0.00000000000000000000000000000000000000000000000000000000000000000000000000000015719683658892633
14326,0.00000000000000000000000000000000000000000000000000000000000000000010886323285014002
14327,0.000000000000000000000000000000000000000000000000000000000000000000000002741560259733755
14328,0.0000000000000000000000000000000000000000000000000000000000000000000000000000007514983543511761
14333,0.000000000000000000000000000000000000000000000000000000000000000000000000000000000004080228927176524
14334,0.00000000000000000000000000000000000000000000000000000000000000000000000000021560161545523513
14337,0.15059179116857996
14338,0.000000000000000000000000000000000000000000000000000000000039269065790440363
14339,0.000000000000000000000000000000000000000000000000000000000000002498970791889168
14340,0.00000000000000000000000000000000000000000000000000000000000000000000005238863621827009
14341,0.000000000000000000000000000000000000000000000000000000000000000000000000002865662596480789
14342,0.0000000005600345605335625
14344,0.5033421550775792
14345,0.00000000000000000000000000000000000000000000000005661089375159239
14349,0.000000000000015676387489439045
14357,0.12323051575985199
14363,0.0000000000000000000009691407691154805
14364,0.0000004920108127976227
14365,0.000000000000000010384514907883856
14369,0.29068970758496343
14373,0.000000000000000000003876964474411367
14374,0.0555806662418265
14380,0.00000000000008597449727110242
14381,0.00000000000333247461329778
14387,0.38949798804648095
14389,0.000000000013144736449670923
14390,0.00000000000000000013147248994375995
14396,0.00000000003384447163338529
14397,0.00000000000011166611160189373
14402,0.00010533678689777475
14403,0.009754117817202266
14410,0.00008669888095629792
14415,0.0000000000000002210506168029329
14419,0.00000000000000000000000698723455375324
14421,0.02229296176032301
14428,0.000000000000000000000013959956333233172
14430,0.27845444429679145
14433,0.1063098129420604
14438,0.00000000009467678030171727
14446,0.13435694433110054
14453,0.0000000000000000000012928573163143156
14457,0.00002691711144954595
14464,0.013678535399748126
14474,0.029974374039430016
14475,0.00020297825029747416
14477,0.015971558486327964
14478,0.00000000000000000000000000000015068429970125586
14480,0.000000000000000035761496151450395
14488,0.00000000000000000000015965188137319817
14492,0.006472057250292574
14493,0.000000000000000000000011242526222016833
14497,0.13914101794976785
14510,0.0000020478402755319017
14512,0.0013175765924641478
14519,0.000000000000005135605262675141
14523,0.00927921643886881
14526,0.0000000000000000000017762215473677813
14527,0.00000000000000000000000000010688731028590763
14528,0.000000000002591810560408042
14531,0.7986701810949837
14536,0.000000000000003363135157675773
14537,0.00008755130441888645
14541,0.00000000000001604283195164446
14543,0.00000000000000026698185248088715
14545,0.0000000000000000000000013780764690157177
14553,0.0000016832093518758234
14556,0.000000000000003609351589369343
14562,0.00000004644738469201894
14563,0.00000010315880806615539
14571,0.0000000000000000000000000000000000000006427379820040214
14574,0.00000000000000000000000027304449416500985
14577,0.000000000000000000000735724715973759
14589,0.00000000019099407623228483
14591,0.00000000002146172523905768
14593,0.00000000000000000038410815528430556
14594,0.00000000004379408403802782
14595,0.00000000000000016019883523932391
14597,0.04227693785407808
14598,0.00000000000000000000000006126224335556489
14599,0.0000000000000000010333962633063227
14600,0.00000000036521890136630945
14602,0.00000000000000000000012528942816592005
14606,0.7918955237922092
14611,0.000000000000030439543684883296
14613,0.6079880392628298
14623,0.000012633503556843107
14624,0.0000000000000000000000000000006898848627943989
14638,0.0000000000000000000025276309159089648
14644,0.0472432573664602
14651,0.000000004145192064005092
14654,0.06175487579685069
14661,0.000000000012209803152194
14664,0.0000000000000000002125041391708374
14666,0.0002446581028400245
14675,0.00000013475313767831903
14678,0.00000000000000000000000005221844419854276
14680,0.000000000000004453035550859176
14683,0.000010560884088980652
14699,0.0000000011376454726009247
14702,0.000002111326043533313
14706,0.00000000000000000000006192363470942979
14714,0.6005126128745086
14723,0.00001686544270245345
14728,0.22720416365952692
14734,0.000000000000000002043666884026308
14740,0.000000000021925133798129157
14747,0.0000000000000000000000000000000000000000000000000000000000000000000000000000000000000000000000000000000000000004014568921909403
14750,0.0000000000000000000000000000000000000000000000000000000000000000000000000000000000000000005634287681288358
14751,0.0000000000000000000000000000000000000000000000000000000000000000000000000000000000000000006266848861617494
14754,0.000000000000000000000000000000000000000000000000000000038548559762653357
14755,0.000000000000000000000000000000000000000000000000000000000000000000000033929507458020914
14757,0.000000000000000000000000000000000000000000000000000000000000000000000000000000011954313259548735
14758,0.00528490695007794
14760,0.5076763075471252
14761,0.0000000000000000000000000000000000000000000000000000000000001387601503490729
14763,0.021015417196141844
14764,0.9356646892959567
14765,0.11612437153405339
14768,0.00000000000000000000000000000000000000000000000000000000000000000000000005161558451843472
14769,0.0000000000000000000000000000000000000000000000000000000000000000000010169853018207
14772,0.0000000000000000000000000000000000000000000000000000000000000000000000000069731422309519245
14773,0.00000000000000000000000000000000000000000000000000000000000000000000000000000000000001678794412068798
14775,0.00000000000000000000000000000000000000000000000000000000000000000000000000003319898247074654
14776,0.000000000000000000000000000000000000000000000000000000000000000000000003984816309376162
14779,0.8350018490395256
14780,0.0000000000000000000000000000000000000000000000000000000000000000000000000000000000000000014571448328517118
14789,0.0000000000000000000000000000000000000000000000000000000000000000000000000000000000000000000000000001361164424208216
14791,0.000000000000000000000000000000000000000000000000000000000000000005926996329485698
14793,0.0000000000000000000000000000000000000000000000000000000000000000000000000000000000000000000000002633254707071287
14795,0.000000000000000000000000000000000000000000000000000000000000000000000000000000012486205238110206
14796,0.000000000000000000000000000000000000000000000000000000000000000000000000000000000000000000000000000000018069023527299286
14798,0.0000000000000000000000000000000000000000000000000000000000000000000000000000037735654989676333
14799,0.09994295267770628
14803,0.935175457754663
14805,0.00000000000000000000000000000000000000000000000000000000000000000000000000000000004002210804305412
14807,0.0000000000000000000000000000000000000000000000000000000000000000000000000000000000000000000007785481424999277
14808,0.00000000000000000000000000000000000000000000000000000000000000000000000000000000000009479345716036258
14809,0.0000000000000000000000000000000000000000000000000000000000000000000000000000000000004219171685462476
14811,0.3427631950671171
14812,0.8764750169644573
14814,0.000000000000000000000000000000000000000000000000000000000000000000000000000000000009311658850870776
14815,0.00000000000000000000000000000000000000000000000000000000000000000000000000000010705972406343002
14816,0.02285334358927361
14818,0.4133662919537648
14824,0.000000000017721612451506008
14826,0.000000000000000000000000000000000000000000000000000000000000000043367589378733705
14827,0.38101240503255585
14830,0.000000000000000000000000000000000000000000000000000000000000000000000008688101272810945
14831,0.000000000000000000000000000000000000000000000000000000000000000000064281232956353425
14834,0.00000000000000000000000000000000000000000000000000000000000053970591116086466
14835,0.000000000000000000000000000000000000000000000000000000000000000000000000000000000023695860694897
14836,0.10950881845127354
14840,0.000000000000000000000000000000000000000000000000000000000000000000000034517945366967376
14841,0.0000000000000000000000000000000000000000000000000000000000000000000000007335243693678509
14842,0.00000000000000000000000000000000000000000000000000000000000000000000000000000000000000000000000003663916375455147
14843,0.00000000000000000000000000000000000000000000000000000000000000000000000000000000000000000002687352157628651
14844,0.000000000000000000000000000000000000000000000000000000000000000000000000000000000000000000004094437720958774
14846,0.00000000000000000000000000000000000000000000000000000000000000000000000000000000000000000000000012353219426345445
14847,0.00000000000000000000000000000000000000000000000000000000000000000001891783938572752
14851,0.000000000000000000000000000000000000000000000000000000000000000000000000000000000000000000000000000000000000000000000002697302421309334
14853,0.000000000000000000000000000000000000000000000000000000000000026179046839756568
14854,0.0000000000000000000000000000000000000000000000000000000012402587023850191
14859,0.00000000000000000000000000000000000000000000000000000000000000000000000000000000000000000004943712987735266
14860,0.00000000000000000000000000000000000000000000000000000000000000000000000000000000000008259422407299728
14862,0.0000000000000000000000000000000000000000000000000000000000000000000000000000000000000000000010336443990504055
14864,0.0000000000000000000000000000000000000000000000000000000000000000000001582760776661391
14865,0.00000000000000000000000000000000000000000000000000000000000000140981708134913
14866,0.0013867721243169529
14867,0.0000000000000000000000000000000000000000000025265141535451764
14868,0.000000000000000000000000000000000000000000000000000000000000000000000000000000000002507200782909797
14869,0.000000000000000000000000000000000000000000000000000000000000000000000000000000000000000000000004149011330862098
14870,0.0000000000000000000000000000000000000000000000000000000000000000000000010562249542408132
14872,0.007452424551986002
14873,0.5527595421758792
14874,0.00000000000000000000000000000000000000000000000000000000000000000000000000000000000004433991144840072
14877,0.000000000000000000000000000000000000000000000000000000000000000000000000000006783290405085276
14878,0.000000000000000000000000000000000000000000000000000000000000000000000000000003937581187744532
14879,0.0000000000000000000000000000000000000000000000000000000000000000000000006605911591253453
14880,0.0000000000000000000000000000000000000000000000000000000000000000000022332549684361168
14882,0.000000000000000000000000000000000000000000000000000000000000000000000000000000000013229365825618863
14883,0.0000000000000000000000000000000000000000000000000000000000000000000000000000000000000000000000000026206883610242328
14884,0.000000000000000000000000000000000000000000000000000000000000000000000000000000000000000000000000000000047759749491684304
14885,0.000000000000000000000000000000000000000000000000000000000000000000000000000000000000000000003222904328069438
14886,0.00000000000000000000000000000000000000000000000000000000000000000000000000006110174200267796
14888,0.6781331473738823
14889,0.00000000000000000012470504402848764
14891,0.20005265345562145
14893,0.025920743306396456
14894,0.0000000000000000000000000000000000000000000000000000000000000000000000000000000000000000000000000040263622793321905
14896,0.0000000000000000000000000000000000000000000000000000000000000000000000000000029166821671139206
14897,0.13520651872976858
14899,0.00000000000000000000000000000000000000000000000000000000000000000000000000000000000000000000000000000007146976731905883
14900,0.2416130220178105
14901,0.0000000000000000000000000000000000000000000000000000000000000000000000000000000000000000000001223912279687146
14904,0.00000000000000000000000000000000000000000000000000000000000000000000000000000000000000000000012839104928565478
14905,0.00000000000000000000000000000000000000000000000000000000000000000553165836077275
14906,0.0000000000000000000000000000000000000000000000000000000000000007396327546935561
14907,0.000000000000000000000000000000000000000000000000000000000000000000022765043324661526
14911,0.0000000000000000000000000000000000000000000000000000000000000000000000000000000000000012103584602537003
14913,0.000000000000000000000000000000000000000000000000000000000000000000008798574895819701
14914,0.000000000000000000000000000000000000000000000000000000000000000000000000000000000000000013869289203530148
14920,0.0000000000000000000000000000000000000000000000000000000000000000000000000000005357921530660797
14922,0.46385133829168623
14924,0.00000000000000000000000000000000000000000000000000010130535436211412
14925,0.5888995621460055
14926,0.00498405298064483
14928,0.000000000000000000000000000000000000000000000000000000000000000000006476717224357374
14930,0.000000000000000000000000000000000000000000000000000000000000000000000000000000000000000000000019473158240435468
14932,0.00000000000000000000000000000000000000000000000000000000000000000000000000000000000000000000009475184070951498
14933,0.06567100519854638
14934,0.0000000000000000000000000000000000000000000000000000000000000000000000000000000000000000000000000000000000000000000029847927814698043
14935,0.000000000000000000000000000000000000000000000000000000000000000000000000000000000000000000000000029785900330136864
14936,0.00000000000000000000000000000000000000000000000000000000000000000000000000000005906495218620769
14937,0.0000000000000000000000000000000000000000000000000000000000000000000000000000001259055525753704
14940,0.000000000000000000000000000000000000000000000000000000000000000000000000000000000000000024102361729127882
14942,0.00000000000000000000000000000000000000000000000000166528455376738
14944,0.000000000000000000000000000000000000000000000000000000000000000000000000000000000000000004852911513555286
14946,0.0000000000000000000000000000000000000000000000000000000000000000000000000000000000000000000000022952200202513442
14948,0.00000000000000000000000000000000000000000000000000000000000000000000000000000000000000000000000000034672080777094013
14950,0.000000000000000000000000000000000000000000000000000000000000000000000000000000000000000000036698533907592404
14951,0.000000000000000000000000000000000000000000000000000000000000003583355049971238
14955,0.000000000000000000000000000000000000000000000000000000000000000000000000005153703620105716
14959,0.000000000000007675213243569249
14960,0.829927465511512
14962,0.000000000000000000000000000000000000000000000000000000000000000000000000000000002828714188464748
14963,0.000000000000000000000000000000000000000000000000014460074388575274
14965,0.37768430257781277
14966,0.00000000000000000000000000000000000000000000000000000000000000000000000000001948281315266641
14967,0.0000000000000000000000000000000000000000000000000000000000000000000000000000000000610209668415446
14972,0.00000000000000000000000000000000000000000000000000000000000000000000000000000000000000000024454555785142243
14973,0.000000000000000000000000000000000000000000000000000000000000000000000000000000000000017361913192726157
14974,0.00000000000000000000000000000000000000000000000000000000000000000000000000000000022245053633991202
14975,0.000000000000000000000000000000000000000000000000000000000000000015551174526482519
14976,0.0000000000000000000000000000000000000000000000000000000000000000000000000000000012851022453854554
14977,0.8588314682066088
14978,0.0000000000000000000000000000000000000000000000000000000000000000000005496489886221854
14979,0.20081141953513662
14980,0.00000000000000000000000000000000000000000000000000000000000000025587841116314847
14981,0.000000000000000000000000000000000000000000000000000000000000000000000000062941548890648376
14982,0.0000000000000000000000000000000000000000000000000000000000000000000000000000000017863600767734861
14983,0.000000000000000000000000000000000000000000000000000000000000000000000000000000000000000000000000000008505935573990212
14985,0.0011978632046537208
14986,0.000000000000000000000000000000000000000000000000000000000000000000000011241737453465929
14988,0.00000000000000000000000000000000000000000000000000000000000000000000000000000003520172850565405
14989,0.0000000000000000000000000000000000000000000000000000000000000000000000000000000000000000000001350234844650466
14990,0.0000000000000000000000000000000000000000000000000000000000000000000000000000000000000000000000000000000000000000019224441889643827
14993,0.000000000000000000000000000000000000000000000000000000000000000000000000000337946071407323
14999,0.0000000000000000000000000000000000000000000000000000000000000000000000000000000000000000008308255404288779
15000,0.0000000000000000000000000000000000000000000000000000000000000000000000000000000000000000000000000000000000000009527101538110287
15001,0.000000000000000000000000000000000000000000000000000000000000000000000000000000026580252490355544
15006,0.000000000000000000000000000000000000000000000000000001181929311366612
15007,0.0000000000000000000000000000000000000000000000000000000000000000000000000000000000000000000000000000000000015782992192752645
15010,0.0000000000000000000000000000000000000000000000000000000000000000000000000000000005449624395155328
15014,0.00000000000000000000000000000000000000000000000000000000000000000000000000000000000000000000000000000011308992620451421
15016,0.0000000000000000000000000000000000000000000000000000000000000000000000000000000000000000000000000000000007972815614915875
15017,0.0000000000000000000000000000000000000000000000000000000000000000000000000000000000000000000013235699300263955
15020,0.0000000000000000000000000000000000000000000000000000000000000000000000000000012550941213592352
15021,0.18179190736426434
15023,0.000000000000000000000000000000000000000000000000000000000000000000000000000000000000000000000000008228083113139493
15024,0.000000000000000000000000000000000000000000000000000000000000000000000000000000000000000051207728479483064
15025,0.00000000000000000000000000000000000000000000000000000000000000000000000000000000000000000003390569550714316
15026,0.0000000000000000000000000000000000000000000000000000000000000000842568758305791
15027,0.0000000000000000000000000000000000000000000000000000000000000000000000000000000013004016206234398
15029,0.00000000000000000000000000000000000000000000000000000000000000000000000000003749734726191518
15030,0.000000000000000000000000000000000000000000000000000000000000000000000000000000000000000019710240920978543
15032,0.00000000000000000000000000000000000000000000000000000000000000000000000000000000000013151552866624384
15033,0.000000000000000000000000000000000000000000000000000000000000000000000000000013563748434959396
15034,0.000000000000000000000000000000000000000000000000000000000000000000000000000000000000000000000004600815839978918
15036,0.00000000000000000000000000000000000000000000000000000000000000000000000000000000030986132183973016
15037,0.0000000000000000000000000000000000000000000000000000000000000000000000000000000000000020370274114463352
15046,0.0000000000000000000000000000000000000000000000000000000007215163333346396
15048,0.04354634290725476
15049,0.00000000000000000000000000000000000000000000000000000000000000000000000000000000000000000000013960437750348162
15052,0.000000000000000000000000000000000000000000000000000000000000000000025651434337930356
15053,0.0000000000000000000000000000000000000000000000000000000000000000000000000000004547433498168229
15055,0.5416546065804135
15056,0.0000000000000000000000000000000000000000000000000000000000000000000000000000000000000000000000000000015955619794328868
15059,0.025174608421008993
15060,0.000000000000000000000000000000000000000000000000000000000000000000000000000000013028940568563118
15062,0.0012773706524266666
15063,0.0000000000000000000000000000000000000000000000000000000000000000000000000000000000006503648804563677
15065,0.000000000000000000000000000000000000000000000000000000000000000000000000000000000000000000000001517600608414355
15069,0.000000000000000000000000000000000000000000000000000000000000000000000000000000000000000006833974690071738
15072,0.00000000000000000000000000000000000000000000000000000000000000000000000000000000010660556353589869
15073,0.0000000000000000000000000000000000000000000000000000000000000000000000000000000000000008952482014279915
15074,0.001150742732512597
15076,0.0000000000000000000000000000000000000000000000000000000000000000000000000000000000000000019900908498348575
15078,0.0000000000000000000000000000000000000000000000000000000000000001002408870769877
15079,0.00000000000000000000000000000000000000000000000000000000000000000000000000000000000000000000010539378167251546
15086,0.00000000000000000000000000000000000000000000000000000000000000000000000045650303823226034
15087,0.18851519753485227
15091,0.000000000000000000000000000000000000000000000000000000000000000000000000000000000005550086309666677
15094,0.0000000000000000000000000000000000000000000000000000000000000000000000000000000009944070085273127
15095,0.5790235858757731
15097,0.00000000000000000000000000000000000000000000000000000000000000000000000000000000000000000000000003769270122780865
15098,0.6905916147452179
15100,0.0000000000000000000000000000000000000000000000000000000000000000000000000000000000000000000000000000000000000000048543410247759384
15101,0.00000000000000000000000000000000000000000000000000000000000000000000000000000000000000000000000000027656484037820217
15102,0.00000000000000000000000000000000000000000000000000000000000000000000000000000000000000000000000000000000000007996245322074418
15103,0.000000000000000000000000000000000000000000000000000000000000000005023970250519663
15104,0.0000000000000000000000000000000000000000000000000000000000000000000000000000000000000000003491274118878743
15105,0.14421479469196372
15108,0.0000000000000000000000000000000000000000000000000000000000000000000000000000000000000000000000000000000000007287202506114665
15109,0.00000000000000000000000000000000000000000000000000000000000000000000000000000000000000011626855183789852
15111,0.0000000000000000000000000000000000000000000000000000000000000000000000000000000000000000020059796399333726
15112,0.005966607782180178
15114,0.000000000000000000000000000000000000000000000000000000000000000000000000000000000000000000000000000000000007777389182337717
15116,0.000000000000000000000000000000000000000000000000000000000000000000000000000002885033563938173
15117,0.08752457693078301
15118,0.0000000000000000000000000000000000000000000000000000000000000000000000000000000000000000000000035187863477124905
15120,0.000000000000000000000000000000000000000000000000000000000000000000000000000000000049888163080791426
15125,0.00000000000000000000000000000000000000000000000000000000000000000000000000000000009688091968598866
15126,0.6509284806556772
15128,0.0000000000000000000000000000000000000000000000000000000000000000000000000000028917418541401496
15129,0.00000000000000000000000000000000000000000000000000000000000000000000000548024758871489
15132,0.000000000000000000000000000000000000000000000000000000000000002285515106728116
15134,0.00000000000001929285740135412
15137,0.019429369719989865
15138,0.00000000000000000000000000000000000000000000000000000000000000000000000000000000022773036862735914
15139,0.00000000000000000000000000000000000000000000000000000000000000000000000000000000000000003261503754690825
15140,0.00000000000000000000000000000000000000000000000000000000000000000000000000000000000000000023564248352852206
15141,0.00000000000000000000000000000000000000000000000000000000000000000000000000000000000000000000000000000000000000002280314333327064
15142,0.000000000000000000000000000000000000000000000000000000000000000000000004153584918586195
15144,0.9999556630633512
15145,0.00021713595465041604
15146,0.000000000000000000000000000000000000000000000000000000000000000000000000000005697366757275814
15149,0.02972040408581439
15150,0.000000000000000000000000000000000000000000000000000000000000000000000000005709117619864009
15153,0.00000000000000000000000000000000000000000000000000000000000000000000000000000000000041071218983967345
15154,0.00000000000000000000000000000000000000000000000000000000000000000000000000000000000000000004156983211413404
15155,0.000000000000000000000000000000000000000000000000000000000000000000000000000000000000000000000000000026644870884593727
15156,0.0000000000000000000000000000000000000000000000000000000000000000000000000000018492144077906585
15157,0.00000000000000000000000000000000000000000000000000000000000000000000000000000007911534225308919
15158,0.008119110982970495
15160,0.000000000000000000000000000000000000000000000000000000000000000000000000000000000000011445053175088393
15161,0.0000000000000000000000000000000000000000000000000000000000000258627227466163
15162,0.000000000000000000000000000000000000000000000000000000000001268557442107571
15163,0.000000000000000000000000000000000000000000000000000000000000000000000000000000000020183544705989393
15165,0.000000000000000000000000000000000000000000000000000000000000000000000000000000000007424768576899992
15168,0.12327585823326569
15173,0.00000000000000000000000000000000000000000000000000000000000000000000000006046779816963221
15174,0.000000000000000000000000000000000000000000000000000000000000000000000000000000019727758987633108
15175,0.00000000000000000000000000000000000000000000000000000000000000000000002914829463889508
15177,0.00000000000000000000000000000000000000000000000000000000000000000000000004863012544353948
15179,0.0000000000000000000000000000000000000000000000000000000000000000000000000000000000000000000000000000000013026830194736201
15180,0.000000000000000000000000000000000000000000000000000000000000000000000000000008329578256148526
15181,0.0000000000000000000000000000000000000000000000000000000000000000000000000000000000000000000000000000000009924742221688795
15183,0.0000000000000000000000000000000000000000000000000000000000000000000000000000000000000036596694989053102
15184,0.000000000000000000000000000000000000000000000000000000000000000000000000000000000000000000000000000000031404528547303875
15185,0.00000000000000000000000000000000000000000000000000000000000000000000000000005753846533270049
15187,0.000000000000000000000000000000000000000000000000000000000000000000000000004685934256542241
15188,0.0000000001918463067697709
15189,0.000000000000000000000000000000000000000000000000000000000000000000000000001849776486723527
15191,0.00000005145686478580399
15196,0.0000000000000000000000000000000000000000000000000000000000000000000000000000000000002453249783063426
15198,0.0000000000000000000000000000000000000000000000000000000000000000000000000000004256999601741854
15200,0.000000000000000000000000000000000000000000000000000000000000000000000000000000000000000000000000000000000000000005211766476714537
15201,0.000000000000000000000000000000000000000000000000000000000000000000000000000000000000000000000000000000000000000000015434171303583394
15202,0.000000000000000000000000000000000000000000000000000000000000000000000000004083390009170971
15204,0.000000000000000000000000000000000000000000000000000000000000000000000000000000000000000000000019547245987450397
15206,0.0000000000000000000000000000000000000000000000000000000000000000000000000000000000015473524161826205
15208,0.00000000000000000000000000000000000000000000000000000000000000000000000000000000000001689720820725206
15209,0.00000000000000000000000000000000000000000000000000000000000000000000000000000000000000000000000000828907759517638
15211,0.000000000000000000000000000000000000000000000000000000000000000000000000000000050066851107333964
15214,0.0000000000000000000000000000000000000000000000000000000000000000000000000000000000000000000000028224465453292412
15216,0.00000000000000000000000000000000000000000000000000000000000000000000000000000000000000000000000000000011056319644906543
15217,0.0055900156223863025
15218,0.00000000000000000000000000000000000000000000000000000000000000000000000000000000000029500383708812387
15220,0.00000000000000000000000000000000000000000000000000000000000000000000000000000000000000000000000000003174105574362602
15222,0.0000000012554592039839391
15223,0.0000000000000000000000000000000000000000000000000000000000000000000000010740663581382795
15224,0.0000004787129621368895
15225,0.000000000000000000000000000000000000000000000000000000000000000000000000000000000000000000000032716530771121056
15226,0.0000000000000000000000000000000000000000000000000000000000000000000000000000000000000000000000000034304713764017584
15228,0.00000000000000000000000000000000000000000000000000000000000000000000000027689187309344216
15229,0.00000000000000000000000000000000000000000000000000000000000000000000000000000000000000000000012342571566205477
15231,0.048189536744488226
15234,0.11830875038982432
15240,0.6852738506488567
15241,0.00000008393342433187089
15244,0.0000000000028372103297386968
15246,0.05599496425811989
15249,0.00000000000000000000010380967333237873
15250,0.000000000007936949762161716
15252,0.00000000000000000000000000009936060143391643
15253,0.0000000000000000000000000016891461901241693
15254,0.0000000000000015008891948904585
15255,0.00016486188095498838
15257,0.000000000000043345116605422095
15259,0.000000000000000000000000000000000025147828930404617
15260,0.026621480225608462
15267,0.00000000000000000000000000000000029750804462794764
15268,0.0000000000000000000033709520477508422
15269,0.0000009760113865405411
15272,0.00000000000004947878952884633
15273,0.000000000000000000008310609742069736
15278,0.000014158070873021277
15280,0.00000000000000000000000000007237124425776649
15281,0.18218249439370407
15287,0.0000005613244937947879
15289,0.000002180088440130171
15292,0.000000000005805975478124259
15294,0.00000000001585587697291646
15295,0.0000000000000000000000000000012006360198980424
15298,0.001583320240801443
15299,0.00000000000000000000000000000000000000013713627479599364
15304,0.08022111418881406
15306,0.000009828212817070998
15307,0.00000009307704301740485
15309,0.0000000000000009552656136966222
15313,0.06038050062539122
15315,0.000000000000000000000024161478899398213
15322,0.5576380742455841
15325,0.32743272134853074
15327,0.0007123031417476393
15330,0.000507006162982949
15331,0.000000000021144977839859693
15333,0.0000000000000000003661076282023468
15334,0.0000000000004255554976333336
15338,0.00000015393053823236684
15339,0.000000000000000006855704245033286
15350,0.00000000000000000012880205428854122
15352,0.00000000000040524231430819387
15362,0.0000000000000000013961996549386768
15368,0.6262520147374647
15370,0.01779654899819478
15371,0.000000003317243194127461
15372,0.00000000000000000038425716778966727
15378,0.00000000000000000000000008207157575957063
15388,0.0000003085997898588333
15398,0.000012930941639799044
15411,0.000000000000570681674489551
15412,0.0000000000000000000003015542603553598
15418,0.0000000000006922070330079177
15419,0.0000000000000006969737144752539
15422,0.000000000000000000000000000041084665122466613
15425,0.00000001255448666526369
15426,0.000000000005224064409736267
15427,0.0000005394250566012729
15430,0.000004397075119106811
15436,0.000000000000000011223969994496257
15440,0.007461054909320776
15445,0.00009536422914745988
15448,0.000000000000000000000000000028755672520375745
15464,0.780395831813095
15470,0.008954882454682445
15472,0.0003273191228776467
15473,0.005672245473665196
15479,0.00000000012842153463766544
15481,0.00000000000000000000000000000000000006904860850701937
15483,0.005778781806991316
15485,0.0000000000000000000002137545101186091
15490,0.000000000000000000000023545784793822758
15491,0.1348446135446247
15492,0.000000000000000000000023349920948248634
15494,0.00000009845687658790428
15495,0.0000000016482471085488631
15496,0.07650518317812878
15499,0.00000000000000000004766695210242309
15500,0.00000000000015941131303582083
15509,0.0008478663489500132
15513,0.686500975984126
15522,0.000000000242595806723677
15537,0.00003326760257800462
15538,0.000000000000000411727745910935
15541,0.000000000000009243917819526123
15544,0.9999522587860301
15545,0.004116421876021836
15549,0.021358842701985164
15550,0.20102079723502214
15552,0.0000000000004376662217676893
15553,0.000000000000000000009873490793370697
15561,0.0001103372919854086
15566,0.0000000000000000000037065778160285085
15569,0.00014958384051596817
15583,0.00000000000416829430213677
15586,0.000000000000000000007488621862039416
15588,0.000000000003785257475330296
15592,0.0000000000000045777243477034206
15593,0.19826150488398128
15595,0.000000000007791825640582796
15601,0.0000000000000000000000000000000000000000000003662829698110158
15602,0.18999209002942322
15603,0.0000020852683435037112
15607,0.0000000003249412802133184
15611,0.6013026592806445
15613,0.0000000010384157005059797
15615,0.000000000000000021516402090910093
15616,0.000000006040638289803021
15623,0.00003445792057898274
15624,0.000000000000189248151528438
15626,0.0000000000000002357166932419714
15627,0.00000000025406890075461794
15631,0.0000000000015267084163183727
15632,0.000000000000003577202202430153
15638,0.000000000000000000000000000000000000000000000000000000000000000000000000000000000000000000000000000000000010033684673248636
15639,0.000000000000000000000000000000000000000000000000000000000000000000000000000000000000000000000000000000000000000029206524912292215
15643,0.0000000000000000000000000000000000000000000000000000000000000000000000000000000000000000004942306438936422
15644,0.0000000000000000000000000000000000000000000000000000000000000000000000000000000000000000000000000000259338865625066
15645,0.0000000000000000000000000000000000000000000000000000000000000000000000000011711119005504505
15647,0.0000000000000000000000000000000000000000000000000000000000000000000000000000000000008319238789305455
15648,0.00000000000000000000000000000000000000000000000000000000000000000000000000000000000012281145251849793
15650,0.000000000000000000000000000000000000000000000000000000000000000000000000000016761056665502498
15651,0.0000000000000000000000000000000000000000000000000000000000000000000000000000000000000000000000000034735831167279472
15653,0.000000000000000000000000000000000000000000000000000000000000000000000000000000000000000000000039058685920329644
15654,0.0000000000000000000000000000000000000000000000000000000000000000000000000000000000000000000000000000021504949154390626
15655,0.0000000000000000000000000000000000000000000000000000000000000000000000000000000025089244381632734
15659,0.00000000000000000000000000000000000000000000000000000000000000000000000000000000000000000023964089167755035
15663,0.00000007312155175959972
15664,0.0000000000000000000000000000000000000000000000000000000000000000000000000000000000000000000000001557600702036687
15665,0.0038987460723933606
15666,0.0000000000000000000000000000000000000000000000000000000000000000000000000000000000000000000000000000000012073701606067142
15668,0.0048568047464311774
15669,0.00000000000000000000000000000000000000000000000000000000000000000000000000000000000000000000000000000015391727648583518
15672,0.0004115159054156584
15675,0.00000000000000000000000000000000000000000000000000000000000000000000000000000000000000000000000000000000000000000020487275183735772
15676,0.0000000000000000000000000000000000000000000000000000000000000000000000000000000000000000000000000000000000000000000001357639567849201
15677,0.9495479100744533
15680,0.000000000000000000000000000000000000000000000000000000000000000000000000000000000021063965791049776
15681,0.0000000000000000000000000000000000000000000000000000000000000000000000000000000000000000000000000000000000000029388710505526312
15683,0.00000000000000000000000000000000000000000000000000000000000000000000000000000000000000000000332560125876339
15684,0.000000000000000000000000000000000000000000000000000000000000000000000000000000000000000000000027765895866037682
15685,0.0000000000000000000000000000000000000000000000000000000000000000000000000000000000000000000000000000000000000009095445582506073
15689,0.0000000000000000000000000000000000000000000000000000000000000000000000000000000000001500271873623557
15690,0.000000000000000000000000000000000000000000000000000000000000000000000000000000000000000000000000000000000000000000000000000005641328383174421
15691,0.00000000000000000000000000000000000000000000000000000000000000000000000000000001896183046849262
15692,0.00000000016191814161976466
15693,0.0000000000000000000000000000000000000000000000000000000000000000000000000000000000000000000000000006006171509132288
15694,0.000000000000000000000000000000000000000000000000000000000000000000000000000000000000000003063572286095435
15695,0.00000000000000000000000000000000000000000000000000000000000000000000000000000000000000000000000000007932595926111664
15700,0.00014279939521377277
15701,0.0000000000000000000000000000000000000000000000000000000000000000000000000000000000000000000000000000000000023008077885335605
15702,0.000000000000000000000000000000000000000000000000000000000000000000000000000000000000000000000000000000000000005863681582417985
15704,0.0003612183131478182
15705,0.0000000000000000000000000000000000000000000000000000000000000000000000000000000000000000000000000000000000005644383585423393
15707,0.0000000000000000029095703038769413
15709,0.004663800829094893
15715,0.00000000000000000000000000000000000000000000000000000000000000000000000000000000000000026784920580598545
15716,0.00000000000000000000000000000000000000000000000000000000000000000000000000000000000000006819156248609422
15717,0.00000000000000000000000000000000000000000000000000000000000000005143107837105211
15718,0.000000000000000000000000000000000000000000000000000000000000000000000000000000000000016645028946557555
15720,0.8127756024915027
15722,0.0000000000000000000000000000000000000000000000000000000000000000000000000000000000000000000000000000005464335110782735
15724,0.3378358203884577
15726,0.000000000000000000000000000000000000000000000000000000000000000000000000000000000000000000047483777409572325
15727,0.000000000000000000000000000000000000000000000000000000000000000000000000000000000000000006887188349724786
15729,0.00000000000000000000000000000000000000000000000000000000000000008468291136166214
15730,0.0000000000000000000000000000000000000000000000000000000000000000000000003847947700674748
15732,0.0000000000000000000000000000000000000000000000000000000000000000000000000000000000000000000000000000000000000000000000000006054526669158433
15737,0.0000000000000000000000000000000000000000000000000000000000000000000000000000000000000000012049193290110067
15738,0.0000000000000000000000000000000000000000000000000000000000000000000000000000000000000000000002082389342172167
15739,0.00000000000000000000000000000000000000000000000000000000000000000000000000000000000000000000000000000000000000000015719173646393977
15741,0.0000000002365534425167626
15745,0.0000000000000000000000000000000000000000000000000000000000000000000000000000000000000000000000000000000009751170575372592
15746,0.000000000000000000000000000000000000000000000000000000000000000000000000000000000000000000000000000000000282098292923714
15749,0.000000000000000000000000000000000000000000000000000000000000000000000000000000000000000000000000000000000000000000000000000000012456382159227321
15751,0.002668795914569102
15757,0.9445842383427075
15758,0.00000000000000000000000000000000000000000000000000000000000000000000000007406913814963791
15759,0.539124838260415
15760,0.003701876119054706
15761,0.000000000000000000000000000000000000000000000000000000000000000000000000000000000000000000000000002523364736995625
15763,0.021285252949399203
15766,0.0000000000014607065695898108
15767,0.0000000000000000000000000000000000000000000000000000000000000000000000000000000000000000000000010285216629231591
15768,0.00000000000000000000000000000000000000000000000000000000000000000000000000000000000000004937087766072631
15769,0.000000000000000000000000000000000000000000000000000000000000000000000000000000000000002880922188217508
15770,0.0000015869735312709917
15771,0.000000000000000000000000000000000000000000000000000000000000000000000000000000000000000004396748142449386
15775,0.000000000000000000000000000000000000000000000000000000000000000000000000000000000000000000000000000010330187675528742
15776,0.000000000000000000000000000000000000000000000000000000000000000000000000000000000000000000000000000000000000011385495267536782
15778,0.00000000000000000000000000000000000000000000000000000000000000000000000000000000000003598052541503598
15779,0.0000000000000000000000000000000000000000000000000000000000000000000000000000000013449693587625698
15781,0.006566554378155966
15782,0.000000000000000000000000000000000000000000000000000000000000000000000000000000000000000000000000000000000009699957925061024
15783,0.00000000000000000000000000000000000000000000000000000000000000000000000000000000000000000000000000000000000000000000000008216336405616193
15784,0.00000000000000000000000000000000000000000000000000000000000000000000000000000000000000000000000000000000019082879695052275
15785,0.0000000000000000000000000000000000000000000000000000000000000000000000000000005491725402381824
15788,0.019034907920650126
15789,0.8095623913592496
15790,0.00000000000000000000000000000000000000000000000000000000000000000000000000000000000000000000011479511127716075
15792,0.023892512964079505
15793,0.4619113483471383
15794,0.14932025402753435
15795,0.0000000000000000000000000000000000000000000000000000000000000000000000000000000000005885855076706066
15796,0.10948803217694816
15797,0.0000000000000000000000000000000000000000000000000000000000000000000000000000000000000000000000000000000000000028100816482905464
15799,0.0000000000000000000000000000000000000000000000000000000000000000000000000000000000007045427771611961
15800,0.00000000000000000000000000000000000000000000000000000000000000000000000000000000000000000000026934974407010836
15802,0.000000000000000000000000000000000000000000000000000000000000000000000000000000000000000000000000000022918267953032352
15803,0.00000000000000000000000000000000000000000000000000000000000000000000000000000000000000000000000021888122488966686
15805,0.0000000000000000000000000000000000000000000000000000000000000000000000000000000000000000000000000002408193220138669
15807,0.8089922802291918
15808,0.0000000000000000000000000000000000000000000000000000000000000000000000000000000000000000000000000000000000000000000000000000012630421963721804
15810,0.006692240727537844
15811,0.0000000000000000000000000000000000000000000000000000000000000000000000000000000000000000000000000000000000007085622471633177
15812,0.014521822507783633
15815,0.6249162326620508
15816,0.0000000000000000000000000000000000000000000000000000000000000000000000000000000000000000000000000000000000000000000000000000000000000004772610874444568
15817,0.002498715040891775
15818,0.19934969888857484
15819,0.000000000000000000000000000000000000000000000000000000000000000000000000000000000000000000000002230525927475998
15820,0.000000000000000000000000000000000000000000000000000000000000000000000000000000000000000000000000000008270245574261089
15821,0.000000000000011595907209976663
15822,0.00000000000000000000000000000000000000000000000000000000000000000000000000000000000008521825447597113
15823,0.0000000010359657643439816
15824,0.016253836205730593
15827,0.7945680475700151
15828,0.0000023739589970360657
15830,0.0000000000000000000018857498417953547
15831,0.00000000000000000000000000000000000000000000000000000000000000000000000000000000000000000000000000000000000023333443029476394
15832,0.0000000000000000000000000000000000000000000000000000000000000000000000000000000000000000000014144383061216482
15833,0.000000000000000000000000000000000000000000000000000000000000000000000000000000000000000000000000000000000000000010105426599225003
15835,0.000000000000000000000000000000000000000000000000000000000000000000000000019980725349148813
15836,0.0000000000000000000000000000000000000000000000000000000000000000000000000000000000000000011304526742354388
15837,0.000000000000000000000000000000000000000000000000000000000000000000000000000000000000000000000004227815667148295
15838,0.0000000000000000000000000000000000000000000000000000000000000000000000000000000000000000000000007141418816426538
15839,0.0024384110939315823
15842,0.000000000000000000000000000000000000000000000000000000000000000000000000000000000000000000003765606179682853
15844,0.00000000000000000000000000000000000000000000000000000000000000000000000000006207203966216816
15845,0.0000000001038103333209937
15847,0.08477532844272356
15849,0.00000063735546987169
15850,0.15889481864326574
15851,0.0000006340004650473231
15852,0.0000000000000000000000000000000000000000000000000000000000000000000000000000000000000000000000002428924249887062
15853,0.000000000000000000000000000000000000000000000000000000000000000000000000000000000000000000000000000020919809153750325
15855,0.014039315920699598
15860,0.000027335736655148013
15861,0.000000000000000000000000000000000000000000000000000000000000000000000000000000000011654857007018317
15862,0.00000000000000000000000000000000000000000000000000000000000000000000000000000000000000000000000000000000000000000000000000000000000000000000000026614681048534124
15866,0.00000000000000000000000000000000000000000000000000000000000000000000000000000000000000000000000000000000000000016460338527799175
15868,0.038027488241194854
15869,0.002358138247139405
15870,0.9584443508050169
15872,0.8297094743396312
15874,0.853957607350669
15875,0.0000021201615849962137
15877,0.0000000000000000000000000000000000000000000000000000000000000000000000000000000000000000000000000000000430812831577926
15879,0.000000000000000000000000000000000000000000000000000000000000000000000000000000000000000000000000000000000000000000000000011455231502333236
15880,0.3412466069866227
15886,0.00000000000000000000000000000000000000000000000000000000000000000000000000000000000020473840346032425
15887,0.0000000000000000000000000000000000000000000000000000000000000000000000000000000000000000000000015227273458055225
15890,0.000000000000000000000000000000000000000000000000000000000000000000000000000000000000000000000000000000000000000000000000338602607247484
15891,0.000000000000000000000000000000000000000000000000000000000000000000000000000000000000000000000000000000000000000000000000009067551730360003
15893,0.002383919055373821
15895,0.00000000000000000000000000000000000000000000000000000000000000000013226539783108357
15899,0.037319298346507344
15901,0.7828574110439934
15902,0.000000000000000000000000000000000000000000000000000000000000000000000000000000000000000000000000000000000000000000027629266495772337
15904,0.000000000000000000000000000000000000000000000000000000000000000000000000000000021843671465039936
15905,0.0000000000000000000000000000000000000000000000000000000000000000000000000000000006677734755520377
15906,0.00000000000000000000000000000000000000000000000000000000000000000000000000000000000030213439725940995
15909,0.000000000000000000000000000000000000000000000000000000000000000000000000000000000000000000000000000000000000000000003458523569420591
15910,0.00000000000000000000000000000000000000000000000000000000000000000000000000000000000000000000020658753374257428
15914,0.8501708874919583
15916,0.004735621440146057
15917,0.0000000000000000000000000000000000000000000000000000000000000000000000000000000000000000014207288371042029
15919,0.0000000000000000000000000000000000000000000000000000000000000000000000000000000000000000000003522334379263636
15923,0.00000000000000000000000000000000000000000000000000000000000000000000000000000000000000000000000000000000000001458183267637758
15924,0.000041478724411654305
15926,0.14447184477435476
15930,0.48634960815359773
15933,0.00000000000000000000000000000000000000000000000000000000000000000000000000000000000000000000000000000000000000000003225115691065154
15934,0.0000000000000000000000000000000000000000000000000000000000000000000000000000000000000000000000000000000000000000013310614770519991
15935,0.0000000000000000000000000000000000000000000000000000000000000000000000000000000000000000000000000000000000000000000000000018989838926423086
15937,0.000000011498162556600704
15938,0.000001567153728884683
15942,0.000000000000000000000000000000000000000000000000000000000000000000000000000000000000000000000000000000000000000004571458026486934
15943,0.00000000000000005936447126688353
15944,0.0000003268644660208098
15945,0.000000000000000000000000000000000000000000000000000000000000000000000000000000000000000015360662887821128
15947,0.0000000000000000000000000000000000000000000000000000000000000000000000000000000000000000000000000000000000000009646070216410734
15949,0.000000000000000000000000000000000000000000000000000000000000000000000000000000000000000000042123868843670565
15950,0.00000000003869930052732492
15951,0.00000000000000000000000000000000000000000000000000000000000000000000000000000000000000000000000000013162092575058325
15953,0.00000000000000000000000000000000000000000000000000000000000000000000000000000000000000000000693612242339882
15954,0.002236970066153631
15955,0.000000000000000000000000000000000000000000000000000000000000000000000000000000000000000010409120809840909
15957,0.00000000000000000000000000000000000000000000000000000000000000000000000000000000000000000000000012335770106501082
15958,0.02012043949459292
15959,0.00000000000019082565047757119
15960,0.00000000000000000000000000000000000000000000000000000000000000000000000000000000000000000000000000000031056940242318226
15961,0.0000000000000000031038814524726603
15963,0.0000000039159313376000545
15964,0.0000000000000000000000000000000000000000000000000000000000000000008283432556540369
15965,0.0000000000000000000000000000000000000000000000000000000000000000000000000000000000000000000000000000000108511425544264
15966,0.0000000000000000000000000000000000000000000000000000000000000000000000000000000000000000000000017811923229914013
15967,0.0000013292367625363346
15968,0.00000000000000000000000000000000000000000000000000000000000000000000000000000000000000000000000000000000001460888145770978
15972,0.0000009810787555114437
15973,0.000000000000000000000000000000000000000000000000000000000000000000000000000000000000000000000000000000000000001202448011854625
15975,0.00000000000000000000000000000000000000000000000000000000000000000000000000000000000000000000000000000000000004474647137803423
15976,0.000000000000000000000000000000000000000000000000000000000000000000000000005753081041397929
15977,0.00000000000000009363864162271563
15978,0.000000000000000000000000000000000000000000000000000000000000000000000000000000000002146426507949061
15979,0.00000000000000000000000000000000000000000000000000000000000000000000000000000000000000000000023953615248161864
15980,0.0000000000000000000000000000000000000000000000000000000000000000000000000000000000000000000000000000000000000000000000000000000000000000000000000000003371850096653186
15983,0.000000000000000000000000000000000000000000000000000000000000000000000000000000000000000000000000000000000000000034642073651395374
15984,0.0000000000000000003483669853832858
15987,0.016768838641625473
15993,0.0000000000000000000000000000000000000000000000000000000000000000000000000000000000000000000000000000000000000000019713687354179576
15994,0.12988795748337004
15997,0.0000000000000000000000000000000000000000000000000000000000000000000000000000000000000000000000000000000000000000000017241309575537037
15998,0.01393994308243888
16000,0.00571311152630169
16002,0.000000000000000000000000000000000000000000000000000000000000000000000000000000000000000000000000000000000000000000000000010837538883027189
16004,0.0000000000000000000000000000000000000000000000000000000000000000000000000000000000000000000000000000000000000000000000000059613104830448524
16005,0.000000000000000000000000000000000000000000000000000000000000000000000000000000000000000000000000000000000025799996869095663
16007,0.49893530167066713
16012,0.000000000000000000000000000000000000000000000000000000000000000000000000000000000000000049687556800377546
16015,0.00000000000000000000000000000000000000000000000000000000000000000000000000000020679265101275305
16016,0.019290469610787286
16017,0.000000000000000000000000000000000000000000000000000000000000000000000000000000000000000000000000000000000000000000000000000000000024238655001865223
16020,0.0000000000000000000000000000000000000000000000000000000000000000000000000000000000000000000000000000000000001646951738522109
16021,0.00000000000000000000000000000000000000000000000000000000000000000000000000000000000000000000000000000000000000000000000000000000001091804111175578
16022,0.0000000000000000000000000000000000000000000000000000000000000000000000000000000000000000000000000000000000000000000000000000000000000000627415054749697
16027,0.0000000000000000000000000000000000000000000000000000000000000000000000000000000001515845139902559
16032,0.00000000000000000000000000000000000000000000000000000000000000000000000000000000036539282059195964
16034,0.000000000000000000000000000000000000000000000000000000000000000000000000000000005003339814652749
16036,0.0000000000000000000000000000000000000000000000000000000000000000000000000000000000000000000000000000000000000000000000000011621323452293542
16037,0.006702861816430996
16043,0.0000000000000030214981408846663
16044,0.0000000000000006318808429034657
16046,0.000000000000000000000000000000000000000000000000000000000000000000000000000000000000000000000000000000000000000038014248000037446
16047,0.002401235955654659
16048,0.000000000000000000000000000000000000000000000000000000000000000000000000000000056780578612319145
16049,0.001103357991505552
16051,0.000000000000000000000000000000000000000000000000000000000000000000000000000000000000000000000000000000000000000000000000000000002271076217816576
16052,0.000000000000000000000000000000000000000000000000000000000000000000000000000000000000000000000000000000000000000000000000008917407042345479
16053,0.000000000000000000000000000000000000000000000000000000000000000000000000000000000000000000000000000000000000000000000000004470217276631396
16055,0.25676003835154615
16057,0.00000000000000000000000000000000000000000000000000000000000000000000000000000000000000022829970103853423
16058,0.0000000000000000000000000000000000000000000000000000000000000580789507834677
16060,0.09310871058751005
16061,0.000000000018896170853489185
16062,0.0000000000000000000000000000000000000000000000000000000000000000000000000000000000000000000000000507537285111232
16063,0.000000000000000000000000000000000000000000000000000000000000000000000000000000000000000000000000000000000000000264129341346398
16065,0.00000000000000000000000000000000000000000000000000000000000000000000000000000000000000000000000000000000000000000815402400031179
16067,0.009273414599748477
16069,0.0000000000000000000000000000000000000000000000000000000000000000000000000000000000000000000000000000000000000000001664897970579856
16070,0.000000000000000000000000000000000000000000000000000000000000000000000000000000002647557657751549
16071,0.00000000000009541328877317328
16072,0.0000000000000000000000000000000000000000000000000000000000000000000000000000000000000000000000000000000000018755248419544847
16074,0.000000000000000000000000000000000000000000000000000000000000000000000000000000000000000000000000000000000000000003341159647835587
16075,0.000000000000000000000000000000000000000000000000000000000000000000000000000000000000000000000000000000000015695986327721865
16076,0.0010992912777053247
16078,0.000000000000000000000000000000000000000000000000000000000000000000000000000000000000000000000000000000000000000000007106178660260234
16079,0.0019297471145366073
16080,0.0000000000000000000000000000000000000000000000000000000000000000000000000000000000000000000000000000000000000000000009129130655723459
16083,0.000000000000000000000000000000000000000000000000000000000000000000000000000000000000000000000000005782726514915695
16084,0.00000000000000000000000000000000000000000000000000000000000000000000000000000000000000000000028853548983832004
16085,0.00000000000000000000000000000000000000000000000000000000000000000000000000000000000000000000000000000004799875435720409
16086,0.0000000000000000000000000000000000000000000000000000000000000000000000000000000000000000000000000000000000000000014721223250699204
16087,0.0000000000000007973870765365848
16089,0.00000000000000000000000000000000000000000000000000000000000000000000000000000000000000000000000000000037362082542544912
16090,0.0000000000000000000000000000000000000000000000000000000000000000000000000000000000000000000000000000000000000000006478934761674187
16091,0.0000000000000000000000000000000000000000000000000000000000000000000000000000000000000000000000000000000000000000000044482293365266684
16095,0.00000000000000000000000000000000000000000000000000000000000000000000000000000000000001266292974920992
16096,0.0000000000000000000000000000000000000000000000000000000000000000000000000000000000000000000000000000000000000000013513681687692422
16098,0.00000000000000008951271890810392
16099,0.00000000000000000000000000000000000000000000000000000000000000000000000000000000015176197862924604
16101,0.00000000000000000000000000000000000000000000000000000000000000000000000013551603794420094
16102,0.000006508606829625391
16104,0.13347022652287285
16106,0.000000000000000000000000000000000000000000000000000000000000000000000000000000000000001701992586889192
16108,0.00000000000000000000000000000000000000000000000000000000000000000000000000000000000000000011320806073593064
16109,0.000386030339462881
16110,0.000000000000000000000000000000000000000000000000000000000000000000000000000000000000000000000000005466134945689307
16111,0.00000000000000000000000000000000000000000000000000000000000000000000000000000000000000000000000000000000000000000000000000000015187266484127088
16112,0.0033527448281185247
16113,0.0000000000000000000000000000000000000000000000000000000000000000000000000000000000000000000000000000000000006773038889536417
16115,0.000000000014748203524184542
16117,0.000000000000000000000000000000000000000000000000000000000000000000000000000000000000000007690680166765106
16119,0.000000000000000000000000000000000000000000000000000000000000000000000000000000000000000000000000000000000000000000000013241548770566334
16121,0.0000000000000000000000000000000000000000000000000000000000000000000000000000000000005069349630317296
16124,0.8939163130798634
16126,0.3727679422955385
16127,0.000000000000000000000000000000000000000000000000000000000000000000000000000000000000000000000000000000000000000000000003112093480749798
16130,0.00000000020882162154444765
16132,0.0000000000000000000000000000000000000000000000000000000000000000000000000000000000000000007106250054263024
16133,0.000000000000000000000000000000000000000000000000000000000000000000000000000000000004130945688565846
16134,0.000000000000000000000000000000000000000000000000000000000000000000000000000000000019004361664086692
16137,0.00000000000000000000000000000000000000000000000000000000000000000000000000000000000000000000000000000000000000000000000000005281252002179328
16139,0.0000000000000000000000000000000000000000000000000000000000000000000000000000000000000000000000000000000000002653517484377667
16141,0.0000000000000000000000000000000000000000000000000000000000000000000000000000000000000000000000000000005668906166239861
16142,0.00000000000000000000000000000000000000000000000000000000000000000000000000000000000000000000000000000000000004138753703473216
16143,0.0003675738910724036
16144,0.00000000000000000000000000000000000000000000000000000000000000000007421027622971503
16146,0.00000000000000000000000000000000000000000000000000000000000000000000000000000000000000000000000000000000007851155992254743
16147,0.05921515691782549
16149,0.000000000000000000000000000000000000000000000000000000000000000000000000000000000000000000000000000000000000000000000000000041028792844837006
16150,0.0465942793085878
16152,0.0000000000000000000000000000000000000000000000000000000000000000000000000000000000000000000000000000020930333453303334
16155,0.00004168017043140286
16156,0.000000000000011938923173207457
16158,0.0000000000000000000000000000000000000000000000000000000000000000000000000000000000000000000000000020106621912078703
16160,0.000000000000000000000000000000000000000000000000000000000000000000000000000000000000000000000000000000000000000000002029385433192251
16161,0.00000000000000000000000000000000000000000000000000000000000000000000000000000000000000000008623360701170332
16162,0.00000000000000000000000000000000000000000000000000000000000000000020607289691708486
16163,0.000000000000000000000000000000000000000000000000000000000000000000000000000000000000010123638403617888
16166,0.00000000000000000000000000000000000000000000000000000000000000000000000000000000000000000000000000000000000000000000000000000000000000000000010520461442759624
16167,0.000000000000000000000000000000000000000000000000000000000000000000000000000000000000000000000000000000021203837353806066
16168,0.00000000000000000000000000000000000000000000000000000000000000000000000000000000000000000000000000000000000000000007964344767865857
16169,0.000000000000000000000000000000000000000000000000000000000000000000000000000000000000000000000000000000000000000008046746965244402
16170,0.00000000000000000000000000000000000000000000000000000000000000000000000000000000000000000000000000000000000000000001957257473544722
16171,0.00000000000000000000000000000000000000000000000000000000000000000000000000000000000000000000000000000000000002388409478737054
16172,0.0000000000000000000000000000000000000000000000000000000000000000000000000000000000000000000000000000000000001705036176293117
16173,0.0017294032870669065
16177,0.00000000000000000000000000000000000000000000000000000000000000000000000000000000000000000000000000000000000000000000000000004542887293572788
16180,0.000000000000000000000000000000000000000000000000000000000000000000000000000000000000000000008079751155928953
16183,0.00000003370798065148396
16184,0.000000000000000000000000000000000000000000000000000000000000000000000000000000000000000000000034715615422232386
16186,0.000000000000000000000000000000000000000000000000000000000000000000000000000000000000000000000000000000000000000000000003507986784113183
16187,0.000000000000000000000000000000000000000000000000000000000000000000000000000000000000000000000000000000013067709919370424
16188,0.009322134130808683
16192,0.0000000000005550233391008082
16194,0.6521392996212255
16196,0.09973974345987671
16199,0.0000010475170918659828
16206,0.00000000004468356997828774
16208,0.000000000000000000000000000000000000000008286730258865603
16218,0.000033565795050603154
16219,0.000000000000000000000003478884379633694
16220,0.0000000007584901003509655
16223,0.000005266830217015917
16224,0.000000000000000014587190064011506
16226,0.000000000000000000000000000002786954754565609
16231,0.0418186634241988
16235,0.000000007575560610864562
16236,0.0041642941365246594
16238,0.000000000000000085817175834143
16242,0.000051634104200865846
16244,0.00000000000000000000000000000000000000002440294209616634
16247,0.9373468984626773
16253,0.00000000000000000000010267395095499372
16261,0.0783821830664982
16262,0.000000000004179080553816966
16263,0.000000000025483010805382815
16272,0.00000000000015209585307555491
16277,0.000000000000000000000000000000000000000018413530984848578
16281,0.00000000000000000000000000000000022205793883723144
16283,0.00000007417816308144602
16285,0.0000000000000000000004840691724637056
16288,0.00000000000000000018215259484975936
16289,0.00000000000033045092232885286
16291,0.00637399327732647
16294,0.0000000000000000000000000000000000003740837833457722
16299,0.00027484062378060756
16306,0.0014818585739809066
16307,0.01734574830867074
16308,0.42680123572156836
16312,0.0013025713410559625
16325,0.0033327496649544755
16327,0.000000000000000000000000000000040115610013687737
16336,0.000000000017022487133171045
16338,0.0000000002470148639086897
16341,0.0000000000000000000004796261408688423
16348,0.02210397761772532
16351,0.0000000000000013568301574605366
16354,0.00000000000000000000000000001857021821022036
16355,0.00000014424394456830986
16357,0.000000000000000000000000000000000000000000000000000002751998105608151
16368,0.00000000001348917338564011
16378,0.0000000000000000000000000031834083514489187
16382,0.000000000000000003559078877611553
16383,0.189603926450468
16390,0.00000000000000000000000000002090690910541483
16391,0.35820426365754676
16392,0.2413046576800019
16393,0.00002892838625530733
16395,0.00000044399322256164037
16396,0.0000000000000000000000000000007868826123966213
16398,0.000000008257983066498828
16410,0.000000000000000000000000000000000000000000000000004479824567258227
16411,0.0000000000000000000000000000000000000000000019364634547853995
16412,0.000000000003992608450859449
16418,0.000000000000000002582042489285731
16427,0.0000000018210989887597563
16428,0.0022313047488323077
16431,0.0000000000014896234646398076
16434,0.000000000011655863622951189
16437,0.00000000000000000020378918591279181
16439,0.0000000000000000000000000000000000000000000000000044020657463895596
16445,0.004963489130360041
16451,0.17609871656736673
16453,0.00000008322534441273563
16469,0.000000000000022918326285394326
16477,0.0000000039804269112552716
16483,0.0000000000000007609889340029145
16489,0.000000000001892813677317387
16498,0.00000000000000000000002338783922177015
16505,0.0000000000000000000000000001847174878727525
16506,0.0001320201369163907
16507,0.00005456694469616538
16508,0.00000000000000000000005856683034435703
16512,0.9265484987016438
16513,0.0000000000000000026129507893291427
16516,0.0000018483254221725212
16520,0.000000000000008441224917609416
16523,0.000000000000582181171936721
16529,0.00000000000020248487502456732
16532,0.6006104894247176
16539,0.0016465549542743663
16540,0.00000000040507759834498863
16543,0.000000487819287408388
16545,0.0000000000000000326593881204709
16546,0.045738008524095805
16548,0.000000000000038213160388277667
16556,0.0000002277409761225469
16557,0.0008712640633397734
16558,0.0000000000274226996007218
16559,0.06700527418396134
16562,0.0002641543872109161
16571,0.0000000000000000000001573828305343735
16572,0.0018580058807148427
16575,0.016544948875893528
16576,0.000000000000000000003885164286429263
16585,0.0000000000000000000000000010617776180843207
16590,0.0075436959085561995
16592,0.000000000000000000000000000000000000000000000000000000000000000000000000000000000000000000000000000000000000000000000000000009151872559567496
16594,0.0000000000015561694839082652
16595,0.00000000000000000000000000000000000000000000000000000000000000000000000000000000000000000000000000000000011955940983264097
16596,0.00000000000000000000000000000000000000000000000000000000000000000000000000000000000000000000000000000000013502251742777326
16597,0.00000000000000000000000000000000000000000000000000000000000000000000000000000000000000000000000000000000000000000000000000000000000000000002237936110247359
16599,0.0005752919735912206
16600,0.0000000000000000000000000000000000000000000000000000000000000000000000000000000000014128850912403308
16603,0.999941930049462
16604,0.0000000000000000000000000000000000000000000000000000000000000000000000000000000000000000000000000000000000000009347637691925902
16605,0.00000000000000000000000000000000000000000000000000000000000000000000000000036170603050277583
16606,0.000000000000000000000000000000000000000000000000000000000000000000000000000000000000000000000000000000000000001846504216353677
16607,0.0000000000000000000000000000000000000000000000000000000000000000000000000000000000000000000000000000000000000000000000000000000009365885657596893
16608,0.0000000000000000000000000000000000000000000000000000000000000000000000000000000000000000000000000000000044713697655182856
16611,0.000000000000000000000000000000000000000000000000000000000000000000000000000000000000000000000000000000000000000000000000009403197924244349
16617,0.00000000000000000000000000000000000000000000000000000000000000000000000000000000000000000000000000000000000000363739443245904
16619,0.0006746490317168273
16620,0.0000000000000000000000000000000000000000000000000000000000000000000000000000000000000000000000002132415122385426
16621,0.0000000000000000000000000000000000000000000000000000000000000000000000000000000000000000000000000000000000000000000000005429137350941428
16622,0.000000000000000000000000000000000000000000000000000000000000000000000000000000000000000000000000000000000000010310090474122255
16623,0.00000000000000000000000000000000000000000000000000000000000000000000000000000000000000000000000000000004250719322008026
16625,0.0000000000004916103246611018
16628,0.00000000000000000000000000000000000000000000000000000000000000000000000000000021872446554132634
16630,0.00000000000000000000000000000000000000000000000000000000000000000000000000000000000000000000000012463048213917269
16631,0.000000000000000000000000000000000000000000000000000000000000000000000000000000000000000000000000000000004633578112217489
16634,0.000000006268261378005595
16637,0.00000000000000000000000000000000000000000000000000000000000000000000000000001563966355805602
16638,0.058328650526253696
16641,0.001866613432107695
16642,0.00000000000000000000000000000000000000000000000000000000000000000000000000000000000000000000000000000000000000000000000000000000000000000000000000000000000000000040215795170263037
16643,0.00000000000000000000000000000000000000000000000000000000000000000000000000000000000000000000000000000000000000000000000006298418808680608
16644,0.6091274845390284
16645,0.0000000000000000000000000000000000000000000000000000000000000000000000000000000000000000000000000000014504757598924902
16647,0.00000000000000000000000000000000000000000000000000000000000000000000000000000000000000000000000000000000000000000000000000000000000000000003261440248560683
16648,0.00000000000000000000000000000000000000000000000000000000000000000000000000000000000000000000000000000000000000000000000000000000000000000051784019905235535
16649,0.34073449740786077
16652,0.000015784700135422575
16654,0.016911899669348064
16657,0.00000000000000000000000000000000000000000000000000000000000000000000000000000000000000000000939853261545077
16658,0.03444710621184109
16659,0.00000000000000000000000000000000000000000000000000000000000000000000000000000000000000000000000000000000000000000000000000020895985682379367
16661,0.00000000000000000000000000000000000000000000000000000000000000000000000000000000000000000000000000000000000000000065257092549760905
16662,0.00000030682736897598184
16664,0.00000000000000000000000000000000000000000000000000000000000000000000000000000000000000000000000000000000000022858713377749903
16665,0.000000000000000000000000000000000000000000000000000000000000000000000000000000000000000000000000000000000000000000000000000009132376703049466
16666,0.00000000000000000000000000000000000000000000000000000000000000000000000000000000000000000000000000000000000000000000000007209456886431667
16670,0.0000000000000000000000000000000000000000000000000000000000000000000000000000000000000000000000000000000000000000000000000000000000000000000000000000722886762033727
16674,0.000000000000000000000000000000000000000000000000000000000000000000000000000000000000000000000000000000001097400516797629
16675,0.000000000000054722987117033244
16676,0.0000000603179019724084
16677,0.000000000000000000000000000000000000000000000000000000000000000000000000000000000000000000000000000000000001714428144314637
16679,0.00000000000000000000000000000000000000000000000000000000000000000000000000000000000000000000000000000000000119709775353041
16682,0.0000000000000000000000000000000000000000000000000000000000000000000000000000000000000000000000000000000000000000000000011966293595128919
16686,0.8094920815669882
16689,0.000032496524587278105
16690,0.0000000000000000000000000000000000000000000000000000000000000000000000000000000000000000000000000000000000000000009287423530030936
16691,0.00000000032199717124353963
16692,0.0017587027428900765
16693,0.0000000000000000000000000000000000000000000000000000000000000000000000000000000000000000000000000000000000000000000000000000000000000000000000000000000000000000000000000000004080509864022521
16698,0.0000000000000000000000000000000000000000000000000000000000000000000000000000000000000000000000000000000000000000000000022034242469178718
16700,0.0000000000000000000000000000000000000000000000000000000000000000000000000000000000000000000000000000000000000000000000000877511705785932
16701,0.000000011632117102405273
16705,0.0000000000000000000000000000000000000000000000000000000000000000000000000000000000000000000000000000000000015871476269950532
16707,0.00000000000000000000000000000000000000000000000000000000000000000000000000000000000000000000000000000000000000018957569387643704
16709,0.00000000000000000000000000000000000000000000000000000000000000000000000000000000000000000000000000000000000000000013667267991890746
16712,0.3587614717581933
16713,0.0010890749855692837
16715,0.0000000000000000000000000000000000000000000000000000000000000000000000000000000000000000000000000000000005025536451796708
16718,0.00000000000000000000000000000000000000000000000000000000000000000000000000000000000000000000000000000000000000000000000000000000000000000000000000033381390820568416
16719,0.14317579479145803
16721,0.00000008691773268459109
16723,0.000000000000000000000000000000000000000000000000000000000000000000000000000000000000000000000000000000000000000000007367897401718691
16726,0.00000000000000000000000000000000000000000000000000000000000000000000000000000000000000000000000000000000000000000000000000022893295661696104
16727,0.048453515421379455
16729,0.3576052307291758
16730,0.00000000000000000000000000000000000000000000000000000000000000000000000000000000000000000000000000000000000000000000000000000000000000000000000000000000017525708891971398
16732,0.0000000000000000000000000000000000000000000000000000000000000000000000000000000000000000000000000000000000000000000001118088180802612
16733,0.2756676719947695
16735,0.0000000000000000000000000000000000000000000000000000000000000000000000000000000000000000000000000000000000000000000000000000026162214307374327
16738,0.000000000000000000000000000000000000000000000000000000000000000000000000000000000000000000000000000000000000000000008996553752346452
16739,0.8277746618303444
16743,0.0000000000000000000000000000000000000000000000000000000000000000000000000000000000000000000000000000000000000000000000000000000000015034379571714797
16745,0.0000000000000000000000000000000000000000000000000000000000000000000000000000000000000000000000000000000000013652224001184262
16747,0.00000000000000000000000000000000000000000000000000000000000000000000000000000000000000000000000000013807440277890406
16748,0.00019185609350675167
16751,0.00000000000000000000000000000000000000000000000000000000000000000000000000000000000000000000000000000000000000000000000000000000000014305938301406572
16752,0.00005757713666530115
16757,0.00000000000000000000000000000000000000000000000000000000000000000000000000000016278180059321277
16758,0.0000000000000000000000000000000000000000000000000000000000000000000000000000000000000000000000000000000000000000000000000000000000000000000005752152694637526
16759,0.0000000000000000000000000000000000000000000000000000000000000000000000000000000000000000000000000000000000000000000002459651003741033
16761,0.05657509442627678
16762,0.009745251113480775
16764,0.0001906893507296343
16765,0.000000000000000000000000000000000000000000000000000000000000000000000000000000000000000000000000000003769305929836602
16766,0.0000000000000000000000000000000000000000000000000000000000000000000000000000000000000000000000000000000000004019120629810939
16767,0.000000000000000000000000000000000000000000000000000000000000000000000000000000000000000000000000000000000002131621528929617
16773,0.000000000000000000000000000000000000000000000000000000000000000014939829094544995
16775,0.00000000000000000000000000000000000000000000000000000000000000000000000000000000000000000000000000000000013701782435371652
16778,0.00000000000000000000000000000000000000000000000000000000000000000000000000000000000000000000000000000000000005522844273011108
16782,0.00000000000000000000000000000000000000000000000000000000000000000000000000000000000000000000000000002452019098733761
16789,0.000000000000000000000000000000000000000000000000000000000000000000000000000000000000000000000012224324518487477
16790,0.0000000000000000000000000000000000000000000000000000000000000000000000000000000000000000000000017275658025334902
16792,0.00938494665349591
16793,0.000000018505985042587522
16795,0.00000000000000000000000000000000000000000000000000000000000000000000000000000000000000000000000000000000000000000000000000000000000000000000000000000000000000000000001062735026819701
16797,0.0015530052958859218
16798,0.0000000002080233687578833
16802,0.0000000000000000000000000000000000000000000000000000000000000000000000000000000000000000000000000031838161378526937
16803,0.0000000000000000000000000000000000000000000000000000000000000000000000000000000000000000000000000000000000000000000011044942232495373
16804,0.0000000000000000000000000000000000000000000000000000000000000000000000000000000000000000000000000000000008410774772407019
16805,0.00000000000000000000000000000000000000000000000000000000000000000000000000000000000000000000000000000000000000000000000011544171619755592
16807,0.0000000000000000000000000000000000000000000000000000000000000000000000000000000000000000000000000000000000000000000000000000000000000000000000000000000011372436847079311
16808,0.0000000000000000000000000000000000000000000000000000000000000000000000000000000000000000000000000000000000000000000000000000000000000000000000000000087203922538871
16811,0.005068800113150647
16812,0.000000000000000000000000000000000000000000000000000000000000000000000000000000000000000000000000000000000000000000000000022229928856430407
16814,0.000000000000000000000000000000000000000000000000000000000000000000000000000007606100255181711
16816,0.000000000000000000000000000000000000000000000000000000000000000000000000000000000000000000000000000000000000000017830091356384066
16817,0.031152777627575227
16823,0.000000000000000000000000000000000000000000000000000000000000000000000000000000000000000000000000000000000000000000000000000000000001008539404293422
16824,0.000000000000000000000000000000000000000000000000000000000000000000000000000000000000000000000000000000000000000000000017247028986162198
16828,0.000000000000000000000000000000000000000000000000000000000000000000000000000000000000000000000000000000000000000000000000000000000000000000000000000000030073564111825244
16831,0.0000000000000000000000000000000000000000000000000000000000000000000000000000000000000000000000000000000000000000000000000000000009781498749063333
16833,0.000934467753706687
16835,0.0000000000000000000000000000000000000000000000000000000000000000000000000000000000000000000000000000000000000000000000000000000014690441880955016
16836,0.0000000000000000000000000000000000000000000000000000000000000000000000000000000000000000000000000000000000000000000000000000000009110630922285083
16837,0.13006149072306716
16838,0.0000000000000000000000000000000000000000000000000000000000000000000000000000000000000000000000000000000000000000000000000000000000000000000000001914804666364332
16839,0.00000000000000000000000000000000000000000000000000000000000000000000000000000000000000000000000000000000021844216414003506
16840,0.0000000000000000000000000000000000000000000000000000000000000000000000000000000000000000000000000000000000000000000000000000000949218307151999
16842,0.0000000000000000000000000000000000000000000000000000000000000000000000000000000000000000000000000000000000000000000000000000000000000000000049469623234730235
16846,0.000000000000000000000000000000000000000000000000000000000000000000000000000000000000000000000000000000000000000000007696284811815034
16847,0.0000000000000000000000000000000000000000000000000000000000000000000000000000000000000000000000000000000000000000000002231244614083404
16852,0.00000000000000000000000003082513390592888
16854,0.00000000000000000000000000000000000000000000000000000000000000000000000000000000000000000000000000000000000006405033381509693
16856,0.00000000000000000000000000000000000000000000000000000000000000000000000000000000000000000000000000000000000000000000000000000000000000000000000000000000000000000000000000000000000000000242297642176824
16857,0.000000000000000000000000000000000000000000000000000000000000000000000000000000000002085494671118364
16858,0.000000000000000000000000000000000000000000000000000000000000000000000000000000000000000000000000000000000000000000031506586504181255
16859,0.00000000000000000000000000000000000000000000000000000000000000000000000000000000016145989100115176
16861,0.000000000000000000000000000000000000000000000000000000000000000000000000000000000000000000000000000032768007946775055
16863,0.00000000000000000000000000000000000000000000000000000000000000000000000000000000000000000000000000000000000000000000000000000000000000000000000043979474626981194
16864,0.027432233717667755
16865,0.06893599866706718
16866,0.000000000000000000006945940892195265
16867,0.0000000000000000000000000000000000000000000000000000000000000000000000000000000000000000000008319524527486177
16868,0.00000000000000000000000000000000000000000000000000000000000000000000000000000000000000000000000000000000000000000000000000000000056553802340658655
16872,0.0000000000000000000000000000000000000000000000000000000000000000000000000000000000025337229258084844
16874,0.0000000000000000000000000000000000000000000000000000000000000000000000000000000000000000000000000000000000000000000000000000000000000000000000007536322667890864
16875,0.0000000000000000000000000000000000000000000000000000000000000000000000000000000000000000000000000000000000031995446848830643
16878,0.000000000000000000000000000000000000000000000000000000000000000000000000000000000000000000000000000000000000000000029859284909879315
16879,0.7665609841804841
16881,0.00000000000000000000000000000000000000000000000000000010386488279630363
16883,0.00000000000000000000000000000000000000000000000000000000000000000000000000000000000000000000000000000000000000000006457477410313244
16884,0.002139419719060961
16886,0.0000000000000000000000000000000000000000000000000000000000000000000000000000000000000000000000000000000000000000013264294586439077
16887,0.00000000000000000000000000000000000000000000000000000000000000000000000000000000000000000000000000000000000000000000000000000000000000000017586297312786454
16892,0.000000000000000000000000000000000000000000000000000000000000000000000000000000000000000000000000000000000000000000000000000000000000000000000000000015093576237984394
16894,0.00000000000000000000000000000000000000000000000000000000000000000000000000000000000000000000000000000000000000000000000000000000000000011223544200119301
16895,0.000000000020621351533178932
16896,0.48853081504512064
16897,0.00000000000000000000000000000000000000000000000000000000000000000000000000000000000000000011520364716349935
16899,0.0000000000000000000000000000000000000000000000000000000000000000000000000000000000000000000000000000000000000000005270302254572009
16900,0.0000000000000035445490447406846
16902,0.00000000000000000000000000000000000000000000000000000000000000000000000000000000000000000000000000000000000000000000000000009058502614359652
16903,0.0000000000000000000000000000000000000000000000000000000000000000000000000000000000000000000000000000007837729025296106
16904,0.46602225949363957
16905,0.00000000000000000000000000000000000000000000000000000000000000000000000000000000000000000000000000000000000000000000000000000000000000000000000022896017002385466
16906,0.31984039905537975
16907,0.000000000000000000000000000000000000000000000000000000000000000000000000000000000000000000000000000000000000000000000012284952802878624
16908,0.00005462723283049257
16910,0.00000008299354934698733
16912,0.00000000000000000000000000000000000000000000000000000000000000000000000000000000000000000000000000000000000000000000000000000000000000000000000007189000981069801
16913,0.000000000000000000000000000000000000000000000000000000000000000000000000000000000000000000000000000000000000000000000000000000000000000000000000000000000000000000027480709736069307
16914,0.0000000000000000000000000000000000000000000000000000000000000000000000000000000000000000000000000000000000000000010261529461532393
16915,0.0000000000000000000000000000000000000000000000000000000000000000000000000000000000000000000000000000000000000000000000002211714821055985
16917,0.1699556288244338
16918,0.00000000000000000000000000000000000000000000000000000000000000000000000000000000000000000000000000000000000000000000000000004855107077027232
16919,0.0000000006079554973062724
16920,0.000052299579265797345
16922,0.0000000000000000000000000000000000000000000000000000000000000000000000000000000000000000000000000000000000000000000000000000000000000000000000000000023412697862875584
16924,0.00000000000000000000000000000000000000000000000000000000000000000000000000000000000000000000000000000000000000000000000000000003345280944798712
16925,0.0000000000000000000000000000000000000000000000000000000000000000000000000000000000000000000000000000000000000000000000000000000000000000000000000000000000000000006491462302522494
16926,0.0000000000000000000000000000000000000000000000000000000000000000000000000000000000000000000000000000000000000000000000000005304278721110282
16928,0.000000000000000000000004388629109927559
16929,0.026992323462149435
16931,0.0000000000000000000000000000000000000000000000000000000000000000000000000000000000000000000000000000001907341645983029
16932,0.00000000000000000000000000000000000000000000000000000000000000000000000000000000000000000000000000000000000000000000000000000000000000000000000000000000000000007490143150361741
16933,0.0000000000000000000000000000000000000000000000000000000000000000000000000000000000000000000000000000000000000000000097322487375219
16934,0.0001470973846436584
16935,0.0000000000000000000000000000000000000000000000000000000000000000000000000000000000000000000000000000000000000000000000000000000019175839969610606
16940,0.000000000000000000000000000000000000000000000000000000000000000000000000000000000000000000000000000000000000000000000000000000010389109094635953
16941,0.00008224004571400354
16942,0.000000000000000000000000000000000000000000000000000000000000000000000000000000000000000000000000000000000000000000000000000002919179339617558
16948,0.000000000000000000000000000000000000000000000000000000000000000000000003188964375705349
16949,0.0000000000000000000000000000000000000000000000000000000000000000000000000000000000000000000000000000000000000004578655566904455
16950,0.000000007489993700572734
16951,0.000000000000000000000000000000000000000000000000000000000000000000000000000000000000000000000000000000000000000000000000000000000000000000000009146132487826775
16952,0.9637548086562061
16956,0.00000000000000000000000000000000000000000000000000000000000000000000000000000000000000000000000000000003249200033410044
16957,0.00003512644353798517
16958,0.4624645075847148
16959,0.00000000000000000030941630391341217
16960,0.00000000000000000000000000000000000000000000000000000000000000000000000000000000000000001047941579574518
16962,0.00000000000000000000000000000000000000000000000000000000000000000000000000000000000000000000000000000000000000000000000000000000000000000000000000006399267603968977
16964,0.00000000000000000000000000000000000000000000000000000000000000000000000000000000000000000000000000000000000000000000015793909039477438
16965,0.00000000000000000000000000000000000000000000000000000000000000000000000000000000000000000000000000000009461787016426525
16966,0.04542324040605126
16967,0.00000000000000000000000000000000000000000000000000000000000000000000000000000000000000000000000000000000000000000000000000000000000000000000000000000000006387206102561476
16968,0.0000000000000000000000000000000000000000000000000000000000000000000000000000000000000000000000000000000000000000000000000000000000000000000000000000000000000003450904276545792
16969,0.0000000000000000000000000000000000000000000000000000000000000000000000000000000000000000000000000000000000000000000000000004839989241221541
16971,0.0000002002195999657834
16974,0.0000000000000000000000000000000000000000000000000000000000000000000000000000000000000000000000000000000000000000002218688531825125
16975,0.0000000000000000000000000000000000000000000000000000000000000000000000000000000000000000000000000000000000006963353284884181
16976,0.000000000000000000000000000000000000000000000000000000000000000000000000000000000000000000000000000000000000000000000000000000000000000000000000000000000326847335801812
16977,0.0000000000000000000000000000000000000000000000000000000000000000000000000000000000000000000000000000000000000000000000000000000004366604003294001
16978,0.00020750238685842147
16979,0.00000000001402856797671748
16981,0.00000000000000000000000000000000000000000000000000000000000000000000000000000000000000000000000000000000000000000000000025924830723282076
16982,0.0009721105170712
16983,0.0000017812522618981778
16984,0.000000000000000000000000000000000000000000000000000000000000000000000000000000000000000000000000000000000000000000000000000000000000000000000000000000000000000000000000000002293394761521465
16985,0.00000000000000000000000000000000000000000000000000000000000000000000000000000000000000000000000000000000008573374188021441
16986,0.00004274501077617503
16987,0.000000000000000000000000000000000000000000000000000000000000000000000000000000000000000000000020216916618964127
16989,0.00000000000000000000000000000000000000000000000000000000000000000000000000000000000000000000000000000000000000000000000000000000000000000000000000000000000000000000000000005262268181541337
16990,0.000000000000000000000000000000000000000000000000000000000000000000000000000000000000000000000000000000000000000000000000000000000000000000000000000000000013682514971789441
16991,0.00000000000000000000000000000000000000000000000000000000000000000000000000000000000000000000000000000000000000000000000000000000000000002512570317642344
16995,0.00000000000000000000000000000000000000000000000000000000000000000000000000000000000000000000000000018809827661175012
16996,0.000041956323505121654
16997,0.3393987604680001
16999,0.000000000000000000000000000000000000000000000000000000000000000000000000000000000000000000000000000000000000000000000000000000000000000000000000001866213344798281
17000,0.0022020866890350454
17001,0.000000000000000000000000000000000000000000000000000000000000000000000000000000000000000000000000000000000000000000000000000000000000000000000000000000000013208922275762069
17004,0.000000000000000000000000000000000000000000000000000000000000000000000000000000000000000000000000000000000000000000000000000000000000000000000000000000000000000000000000008571372258788837
17006,0.0000000000000000000000000000000000000000000000000000000000000000000000000000000000000000000000000000029906748617984236
17007,0.0000000000000000000000000000000000000000000000000000000000000000000000000000000000000000000000000000000000000000000000000000000000000000041592094157294813
17008,0.0000000000000000001747861612179639
17009,0.00000000000000000000000000000000000000000000000000000000000000000000000000000000000000000000000000000023923250614179246
17010,0.00004087418045312413
17011,0.0000000000000000000000000000000000000000000000000000000000000000000000000000000000000000000000000000000000000000000000000000000001252165029113207
17014,0.0000000000000750882307335092
17015,0.000000000000000000000000000000000000000000000000000000000000000000000000000000000000000000000000000000000000000040343522452196266
17016,0.0000016425891247337852
17017,0.00007198807662616679
17018,0.000000000000000000000000000000000000000000000000000000000000000000000000000000000000000000000000000000000000000000000000000000007843869188178349
17019,0.000000000000000000000000000000000000000000000000000000000000000000000000000000000000000000000000000000000000000000000000000000000019052582778159815
17021,0.0000000000000000000000000000000000000000000000000000000000000000000000000000000000000000000000000000000000000000000000000000000000000000010385775924208077
17023,0.0009221195713170758
17024,0.00000000000000000000000000000000000000000000000000000000000000000000000000000000000000000000000000000000000000000000000001680317006661253
17027,0.0000000000000000000000000000000000000000000000000000000000000000000000000000000000000000000000000000000000000000000000019937185176824203
17028,0.000000000000000000000000000000000000000000000000000000000000000000000000000000000000000000000000000000000000000000000000000000000000022452063820845023
17032,0.000000000000000000000000000000000000000000000000000000000000000000000000000000000000000000000000000000000000000000000000000000000011710381221710178
17034,0.00000000000000000000000000000000000000000000000000000000000000000000000000000000000000000000000000000000000000000000000000000000000000000000000000000000000000000019479454997995283
17035,0.000000000000000000000000000000000000000000000000000000000000000000000000000000000000000000000000000000000000000000000000000008721794962136271
17037,0.000000000000000000000000000000000000000000000000000000000000000000000000000000000000000000000000000000000000000000000000000000000043471860511078417
17039,0.0000015519249527794476
17040,0.0000015480901165919083
17041,0.0000000000000000000000000000000000000000000000000000000000000000000000000000000000000000000000000000000000000000000000000000001786533987773497
17044,0.0000000000000000000000000000000000000000000000000000000000000000000000000000000000000000000000000000000000000000000000000000000000000000000000000000013221196894643763
17045,0.000000000031311997117731184
17046,0.00000000000000000000000000000000000000000000000000000000000000000000000000000000000000000000000000000000000000000000000000000000035697015591128735
17047,0.00000000000000000000000000000000000000000000000000000000000000000000000000000000000000000003646003041170127
17048,0.000000000000000000000000000000000000000000000000000000000000000000000000000000000000000000000000000000000000000000000030708298990543645
17049,0.0000000000000000000000000000000000000000000000000000000000000000000000000000000000000000000000000000000000058595460342992516
17050,0.000000000000000000000000000000000000000000000000000000000000000000000000000000000000000000000000000000000000000000000000000000000000001709704574461046
17056,0.00006754215941051755
17057,0.000003549671539139139
17060,0.00000000000000000000000000000000000000000000000000000000000000000000000000000000000000000000000000000000000000000000000000000059537761743704964
17061,0.000000000000000000000000000000000000000000000000000000000000000000000000000000000000000000000000000000000000000000000017515434826695104
17062,0.7595298306540859
17064,0.000000000000000000000000000000000000000000000000000000000000000000000000000000000000000000000000000000000000000007347830155298422
17065,0.000000000000000000000000000000000000000000000000000000000000000000000000000000000000000000000000000000000000000000000000000000000000000000000000078814419309129526
17066,0.0000014514094419475743
17067,0.00000000000000000000000000000000000000000000000000000000000000000000000000000000000000000000000000000000000000000000000000009674546765260518
17069,0.00000000000000000000008867861434676356
17070,0.000000000009179316031969639
17072,0.00000000000000000000000000000000000000000000000000000000000000000000000000000000000000000000000000000000000000000000000000000000000000000000000000000001001562434501258
17074,0.0000000000000000000000000000000000000000000000000000000000000000000000000000000000000000000000000000000000000000000000000000000000000035360120890967313
17075,0.000000000000000000000000000000000000000000000000000000000000000000000000000000000000000000000000000000000000000000020790147209432866
17076,0.8177216672533316
17077,0.000000000000000000000000000000000000000000000000000000000000000000000000000000000000000000000000000000000000000000000000000000000000000002923806874726269
17078,0.3339081750755897
17080,0.0000000000000000000000000000000000000000000000000000000000000000000000000000000000000000000000000000000000000000007237866147314435
17082,0.00000000000000000000000000000000000000000000000000000000000000000000000000000000000000000000000000000000000000000000000000000000000000000000000000000024392756441355908
17083,0.000035628456551509324
17084,0.00020213289321198847
17085,0.0000000000000000000000000000000000000000000000000000000000000000000000000000000000000000000000000000000000000000000013260843930868835
17087,0.0000000000000000000000000000000000000000000000000000000000000000000000000000000000000000000000000000000000000000000000000000000000484961796077183
17088,0.00000000000000000000000000000000000000000000000000000000000000000000000000000000000000000000000000000000000000000000000000000000000000000000000007592564609523894
17089,0.0000000062274035942368165
17092,0.0000000000000000000000000000000000000000000000000000000000000000000000000000000000000000000000000000000000000000000000000000000000000000000000000000000000019340109952304907
17093,0.0000000000000000000000000000000000000000000000000000000000000000000000000000000000000000000000000000000000000000000000000000003081234617884784
17094,0.0000000000000000000000000000000000000000000000000000000000000000000000000000000000000000000000006589016426494272
17096,0.001973492444151658
17097,0.00000000000000000000000000000000000000000000000000000000000000000000000000000000000000000000000000000000000000000000000000000000000000000000000000000000008414483839200365
17098,0.0000013400940251715184
17099,0.00000000000000000000000000000000000000000000000000000000000000000000000000000000000000000000000000000000000000000000000000000000000000000000000000000000000000055703920839459775
17100,0.000000000000000000000000000000000000000000000000000000000000000000000000000000000000000000000000000000000000000000000000000000000000005242181151175507
17102,0.000000000000000000000000000000000000000000000000000000000000000000000000000000000000000000000000000000000000000000000011626319221206245
17103,0.00000000000000000000000000000000000000000000000000000000000000000000000000000000000000000000000000000000000000027166199674626414
17104,0.000000000000000000000000000000000000000000000000000000000000000000000000000000000000000000000000005921244821669415
17105,0.08153909524295323
17106,0.000000000000000000000000000000000000000000000000000000000000000000000000000000000000000000000000000000000000000000000000000000000000000000000000000000000028670770738904714
17107,0.0026405678609766627
17108,0.00000000000000000000000000000000000000000000000000000000000000000000000000000000000000000000000000000000009775871706300949
17112,0.013074730992937995
17118,0.00000000000000000000000000000000000000000000000000000000000000000000000000000000000000000000000000000000000000000000000000000000000000000000000000000001093119734253666
17121,0.000000000000000000000000000000000000000000000000000000000000000000000000000000000000000000000000000000000000005129026373883933
17122,0.00010764876669204565
17124,0.0000000000000000000000000000000000000000000000000000000000000000000000000000000000000000000000000000000000000000000000001515690268215956
17128,0.000009264992550167369
17129,0.000000029004401006211036
17130,0.0017282658582969616
17131,0.0805649738967245
17132,0.000000000000000000000000000000000000000000000000000000000000000000000000000000000000000000000000000000000000000000000000000000000008006210799699582
17133,0.00000000000000000000000000000000000000000000000000000000000000000000000000000000000000000000000000000000000000000000000000000000000000000000004323738307769582
17134,0.00000000000000015604118168023665
17136,0.00000000000000000000000000000000000000000000000000000000000000000000000000000000000000000000000000000000000000000000000000000000000000000000000000019715222962022322
17137,0.002609722808549569
17138,0.0000000000000000000000000000000000000000000000000000000000000000000000000000000000001672060111138944
17141,0.000000000000000000000000000000000000000000000000000000000000000000000000000000000000000000000000000000000000000000000000000000000000000000000000000000000000000000000000000000007398101318155879
17145,0.0000000000000000000000000000000000000000000000000000000000000000000000000000000000000000000000000000000000000000000000000004012482957996174
17147,0.000000000000000000000000000000000000000000000000000000000000000000000000000000000000000000000000000000000000000000000000000000000000000000000000000000004295173245075443
17148,0.0000037861383804642104
17151,0.1298629515946246
17154,0.000274110938940961
17155,0.003818123433942123
17164,0.0000000000000000000000018559952926213283
17166,0.010455122005545632
17167,0.0000000000000007899575220207649
17169,0.000000000002352288416832502
17170,0.000000000000000000006839936616545986
17177,0.007931552058993586
17178,0.0000018972881555035655
17185,0.0000000000000000000009113173259951844
17188,0.000000000000034965368509566705
17189,0.00000000010642036165074446
17191,0.000033754161176302145
17196,0.0000000011665384689563148
17198,0.8482917451163823
17199,0.000000000000000008858685701700268
17201,0.00000007141638953318906
17210,0.0000000000017327468974451482
17214,0.000000000000000000000000000002372847821316483
17215,0.000000004000228269262832
17220,0.0000000000000007198636335114667
17221,0.00000000000000000000000000000018673148667497808
17224,0.0021432240624684098
17233,0.00000007335771578878107
17238,0.000000000000000000000000000000004075971311434391
17239,0.00000000000000000000000000019539068679983008
17243,0.00000006305070744764468
17245,0.0000000004553292336135544
17250,0.000000000000000239558659107603
17251,0.000000000000000000000000000000000009053449529341588
17253,0.04106136461509412
17254,0.0000000000000000000000000000000000000000000000000000010650622791910035
17257,0.000000000008053323053393389
17260,0.5128635858911732
17265,0.03728209894869009
17272,0.00000000000004650136638395613
17274,0.0000000000000000000000000000000003816902298469834
17276,0.000000000000004971096068129839
17277,0.0000000000000000000000003811551005774962
17278,0.8115351483328439
17284,0.00000000000405435534505583
17286,0.0000008430802736360885
17292,0.00000000000000000000000000009675493073928789
17295,0.00000000000000039739343622200886
17298,0.000000000000006188693856471057
17301,0.0000000000000000000000006902379883607544
17306,0.0000000000000000000000008768147252509157
17308,0.0000028681175327502283
17313,0.0000000000000013748732393532477
17316,0.000000000000000017708339736596156
17317,0.000000000000020297181848598668
17319,0.0501912935031497
17334,0.025343207668541156
17336,0.000004914416973368941
17346,0.28699170152650505
17357,0.00000000000000000008929614303438275
17364,0.000017910568389738982
17368,0.0000000000039485693967162574
17369,0.0015891472640156775
17373,0.0000000000004898333546018701
17379,0.00000000000000004498918586225657
17382,0.6285126400872413
17389,0.02822659651450762
17401,0.00000023329633638039366
17423,0.0000013108827136391582
17429,0.0000000000000005830068538463726
17430,0.00018844438969090938
17432,0.000000000000000000000000000000808555419789543
17442,0.00000016032549708808566
17444,0.0000000000000000000000000000017445548442339284
17445,0.025893595968115704
17451,0.0000000000000000000000001697549632121446
17454,0.0000021776504653067036
17456,0.0000000011706743395492616
17457,0.0019310164940084832
17460,0.0005344513211175586
17463,0.000000000000000000016473435175861663
17466,0.0000000000000000000000000004771825387374723
17475,0.000030479224671698737
17477,0.000000000000000002447089791649063
17479,0.0000000000000000000000000031226600209077256
17481,0.00000021704196050907875
17490,0.000000000000000000000000004781390200144945
17497,0.0000000000000000000000000000000000000000019121734984121205
17499,0.399755390890666
17503,0.00000000000000000013465711161445628
17504,0.00000000003860945440719935
17506,0.000008520643501393916
17508,0.1954707062794386
17515,0.2239749973739022
17518,0.1473181286859991
17521,0.0000000000000000000008323805320536998
17528,0.0000000000000000000000000000000003973213783960432
17531,0.00000000000000000020324085333297905
17532,0.0000000000005236866097539798
17541,0.000000000000002588322869211877
17543,0.000012231495361719197
17550,0.0000000000009044661184312271
17553,0.000000000000000964692840978461
17554,0.0000000000000079308380459933
17560,0.0000000000000000000000000000000000000000000000000000000000000000000000000000000000000000000000000000000000000000000000011532443136464026
17563,0.00000000000000000000000000000000000000000000000000000000000000000000000000000000000000000000000000000000000000000000000000000001479815121068459
17564,0.0000000000000000000000000000000000000000000000000000000000000000000000000000000000000000000000000000000000000000000000000000000000000000000003432591755690974
17565,0.0000000000000000000000000000000000000000000000000000000000000000000000000000000000000000000000000000000000000000000000000000000000015259944509587507
17567,0.00000000000000000000000000000000000000000000000000000000000000000000000000000000000000000000000000000000000000000000000000000000000000007259764675411843
17568,0.001838363279209123
17569,0.0000000000000000000000000000000000000000000000000000000000000000000000000000000000000000000000000000000000000000000000000000001897203628440508
17572,0.000025670670954408945
17573,0.000005183981800226427
17574,0.00000000000000000000000000000000000000000000000000000000000000000000000000000000000000000000000000001023161441238997
17576,0.07955843525768513
17577,0.000003600882181420352
17582,0.0000018799158738032162
17585,0.0015610821388782198
17588,0.00000000000000000000000000000000000000000000000000000000000000000000000000000000000000000000000000000005834645165295909
17591,0.00000000000000000000000000000000000000000000000000000000000000000000000000000000000000000000000000000000000000000000000031851125118096152
17592,0.0000009624291120969554
17593,0.0000000000000000000000000000000000000000000000000000000000000000000000000000000000000000000000000000000000000000000000000000000000000000000000000003481012143523103
17595,0.5133374631647317
17596,0.49041138444582466
17597,0.000000000000000000000000000000000000000000000000000000000000000000000000000000000000000000000000000000000000000000000000000000000000000000000000000000000000000000004429401668500893
17599,0.000000000000000000000000000000000000000000000000000000000000000000000000000000000000000000000000000000000000000000000000000000000000000000000000002312725939291694
17600,0.0000000000000000000000000000000000000000000000000000000000000000000000000000000000000000000000000000000000000000000000000000000000000000000000000000000000000000000000000013016823178276742
17602,0.000000000000000000000000000000000000000000000000000000000000000000000000000000000000000000000000000000000000000000000000000000000000000000000000005725022556592947
17604,0.0000000000000000000000000000000000000000000000000000000000000000000000000000000000000000000000000000000000000000000000000000000000000000000000000000000009594929218855742
17605,0.000000000013852530689395365
17606,0.0000000000000000000000000000000000000000000000000000000000000000000000000000000000000000000000000000000000000000000000000000006283361124422061
17608,0.00007276054861204672
17609,0.00006549411663561434
17610,0.0000000000000000000000000000000000000000000000000000000000000000000000000000000000000000000000000000000000000000000000000000000002601830064754332
17613,0.0000000000000000000000000000000000000000000000000000000000000000000000000000000000000000000000029017058433267966
17615,0.000000000000000000000000000000000000000000000000000000000000000000000000000000000000000000000000000000000000000000000000000000000000000010592227884135647
17616,0.0000000000000000000000000000000000000000000000000000000000000000000000000000000000000000000000000000000000000000000000021255766545954855
17618,0.000000000000610283457316407
17620,0.000000000000000000000000000000000000000000000000000000000000000000000000000000000000000000000000000000000000000000023154137066836104
17621,0.000000000000000000000000000000000000000000000000000000000000000000000000000000000000000000000000000000000000000000000000012025483196911436
17622,0.000000000000000000000000000000000000000000000000000000000000000000000000000000000000000000000000000000000000000000000000000000043028172547099336
17625,0.9590502739332845
17627,0.00031001017239627764
17628,0.02185624427176046
17629,0.004060168730178635
17631,0.00000000000000000000000000000000000000000000000000000000000000000000000000000000000000000000000000000000002618804628334861
17636,0.000000000000000000000000000000000000000000000000000000000000000000000000000000000000000000000000000000000000000000000000000000000000000000000000000000000000012913621622987374
17637,0.0038987591671376973
17642,0.00000000000000000000440541468679643
17643,0.0000000000000000000000000000000000000000000000000000000000000000000000000000000000000000011406347406715177
17645,0.00001160294257104032
17646,0.00000000000000000000000000000000000000000000000000000000000000000000000000000000000000000000000000000000000000000000000000000000000000000000000000009090025732994608
17647,0.00000000000000000000000000000000000000000000000000000000000000000000000000000000000000000000000000000000000000000000000000000000000000000000000000000000000008567310838078994
17648,0.0000000000000000000000000000000000000000000000000000000000000000000000000000000000000000000000000000000000000000000000000000000000000000000000000000000000000000000000000000000000000003104916164852149
17650,0.00000000000000000000000000000000000000000000000000000000000000000000000000000000008878758226788058
17651,0.00000000000000000000000000000000000000000000000000000000000000000000000000000000000000000000000000000000000000000000000000028873101538510084
17656,0.00000000000000000000000000000000000000000000000000000000000000000000000000000000000000000000000000000000000000000000000000000000000000000004385117702675105
17658,0.0000000000000000000000000030760127616807588
17659,0.0000000000000000000000000000000000000000000000000000000000000000000000000000000000000000000000000000000000000000000000000000000000000000000000000000000000000000000000000000000000000000007017965593669153
17662,0.00000000000000000000000000000000000000000000000000000000000000000000000000000000000000000000000000000000000000000000000000000000000000000000000000000000000000000000000000000000000000000000000000000000000000000000031211854829158774
17663,0.00000000000000000000000000000000000000000000000000000000000000000000000000000000000000000000000000000000000000000000000000000000000000013808344969898295
17664,0.000000000533853690813187
17665,0.008195852190782942
17666,0.00000023593777538438417
17667,0.00000000000000000000000000000000000000000000000000000000000000000000000000000000000000000000000000000000000000000000000000000000000000000000000000000000000000000000003736383318793409
17670,0.000000000000000000000000000000000000000000000000000000000000000000000000000000000000000000000000000000000000000000000000000000000000000000000000009002245511201405
17672,0.000000000000009021061729009888
17673,0.000000000000000000000000000000000000000000000000000000000000000000000000000000000000000000000000000000000000000000000000000000000000000000000000000006237554580599331
17675,0.000010892016604523386
17678,0.000000000000000000000000000000000000000000000000000000000000000000000000000000000000000000000000000000000000000000000000000000009502146561530205
17679,0.00000000000000000000000000000000000000000000000000000000000000000000000000000000000000000000000000000000000000000000000000000000000000000000000000019918925090386673
17680,0.29344277946973063
17683,0.000000000000000000000000000000000000000000000000000000000000000000000000000000000000000000000000000000000000000000000000000000005134668561486196
17684,0.7834496777168555
17688,0.0003213822004698099
17689,0.000000000000000000000000000000000000000000000000000000000000000000000000000000000000000000000000000000000000000000000000000000010467908475578704
17691,0.000000000000000000000000000000000000000000000000000000000000000000000000000000000000000000000000000000000000000000000000000000000000000014800204341714104
17692,0.00000000000000000000000000000000000000000000000000000000000000000000000000000000000000000000000000000000000000000000000000000000000000000000000000000000000000000000000000000008473247343816759
17695,0.3984715705282102
17696,0.0000000000000000000000000000000000000000000000000000000000000000000000000000000000000000000000000000000000000000000000000000000000000000000000000000000000000000000000000400848515948969
17697,0.0000000010322396038411182
17699,0.00000000017251257644032698
17700,0.0000000000000000000000000000000000000000000000000000000000000000000000000000000000000000000000000000000000000000000000000000000006979230634840756
17701,0.000000000000000000000000000000000000000000000000000000000000000000000000000000000000000000000000000000000000000000000000000000000000000000000001497672502604369
17702,0.0000000000000000000000000000000000000000000000000000000000000000000000000000000000000000000000000000000000000000000000000000000000004338189395617431
17705,0.000000000000000000000000000000000000000000000000000000000000000000000000000000000000000000000000000000000000000000000000000000000000000000383221127142895
17706,0.000000000000000000000000000000000000000000000000000000000000000000000000000000000000000000000000000000000000000000000000000000010255400070213206
17707,0.0000000000000000000000000000000000000000000000000000000000000000000000000000000000000000000000000000000000000000053255324255353456
17710,0.0000000002740697048741944
17711,0.006330156173141761
17712,0.0000012333461278488018
17715,0.0000000000000000000000000000000000000000000000000000000000000000000000000000000000000000000000000000000000000000000000000000000000000000000000000000000000000004813485494127638
17716,0.0000012209897623105356
17717,0.0000000000000000000000000000000000000000000000000000000000000000000000000000000000000000000000000000000000000000000000000000000000013868778336569363
17721,0.000000000000000000000000000000000000000000000000000000000000000000000000000000000000000000000000000000000000000000000021211481082963576
17722,0.00000000000000000000000000000000000000000000000000000000000000000000000000000000000000000000000000000000000000000000000000000000012827881047895532
17726,0.20740941779394056
17728,0.00000000000000000000000000000000000000000000000000000000000000000000000000000000000000000000000000000000000000000000000000000000000000000015782267709850515
17729,0.00000000000000000000000000000000000000000000000000000000000000000000000000000000000000000000000000000000000000000000000000000000000000000000000000011511370284297956
17730,0.07108497724337054
17732,0.000018688134135793365
17733,0.000000000000000000000000000000000000000000000000000000000000000000000000000000000000000000000000000000000000000000000000000000000000000000000000000000000039180427254595635
17734,0.00000000008840474526198789
17735,0.00000005471065492552045
17738,0.00000000000000000000000000000000000000000000000000000000000000000000000000000000000000000000000000000000000000000000000000000000000000000000000000000000000000008720974976832379
17739,0.00045352923312547757
17740,0.00000000000000000000000000000000000000000000000000000000000000000000000000000000000000000000000000000000000000000000000000000000000000000000000000000000000000000038981799899594404
17742,0.000000000000000000000000000000000000000000000000000000000000000000000000000000000000000000000000000000000000000000000000000000000000000000001885730060278666
17744,0.0000000000000000000000000000000000000000000000000000000000000000000000000000000000000000000000000000000000000000000000000000000000000000000687909196318365
17746,0.00000000000014260196537630592
17747,0.3123666565441477
17748,0.00000000000000000000000000000000000000000000000000000000000000000000000000000000000000000000000000000000000000000000000000000000000000000000000000000000000000000000000003574781443376642
17749,0.000000000000000006696290414604378
17750,0.0000000000000000000000000000000000000000000000000000000000000000000000000000000000000000000000000000000000007365317429403637
17752,0.00000000000000000000000000000000000000000000000000000000000000000000000000000000000000000000000000000000000000000000000000000000000001513975111197482
17753,0.00000000000000000000000000000000000000000000000000000000000000000000000000000000000000000000000000000000000005726462288943663
17755,0.772942687857908
17757,0.21841458919081022
17758,0.4798981031459466
17759,0.0064428091255039205
17762,0.0008723491354938315
17764,0.000000000000000000000000000000000000000000000000000000000000000000000000000000000000000000000000000000000000000000000000000000000000000000000000000000000021257222215861395
17765,0.000000000000000000000000000000000000000000000000000000000000000000000000000000000000000000000000000000000000000000000000000000000000000000000007484538692065198
17766,0.000436383273492879
17767,0.0007759752662462657
17769,0.00000000000000000000000000000000000000000000000000000000000000000000000000000000000000000000000000000000000012762526628735702
17771,0.00000000000000000000000000000000000000000000000000000000000000000000000000000000000000000000000000001511502336731552
17772,0.000000000000000000000000000000000000000000000000000000000000000000000000000000000000000000000000000000000000000000000000000000000000000000000000000000000000002695069322132042
17773,0.0000000000000000000000000000000000000000000000000000000000000000000000000000000000000000000000000000000000000000000000000000000000000000000000000000000000007320979403271909
17774,0.0000000000000000000000000000000000000000000000000000000000000000000000000000000000000000000000000000000000000000000000000000000000007249059881942461
17775,0.000008799687745084828
17777,0.05852347013417602
17779,0.00000000000000000000000000000000000000000000000000000000000000000000000000000000000000000000000000000000000000000000000000000000000000007066226854742263
17780,0.027486972383481408
17781,0.000000000000000000000000000000000000000000000000000000000000000000000000000000000000000000000000000000000000000016475545823475854
17782,0.00000000000000000000000000000000000000000000000000000000000000000000000000000000000000000000000000000000000000000000000000000000000000000031672870862188005
17783,0.00000864931465652856
17786,0.00000000000000000000000000000000000000000009680077685137355
17792,0.0000000000000000011328699391156645
17794,0.0000000000000000000000000000000004651379814112565
17796,0.0025682059924669147
17800,0.00000000003095174537884966
17805,0.000031306488880699366
17808,0.00000000000000000000002729273122936727
17822,0.00000000289138570580199
17823,0.000000000000000000002582088953037596
17825,0.000000013679495856639108
17838,0.0163795135458538
17840,0.0000000000000000000000000000027234749943062692
17841,0.000000000000000000000000000000000000000000000000000000000000000000000000000000000000000000000000000000000022350724850812122
17842,0.0000000008503557343142334
17844,0.09127970992060862
17845,0.000000000000000000000000000010433637771427801
17847,0.0000000000000000000001303495859110863
17851,0.000000000000000000869518436999595
17855,0.7823538011391106
17858,0.00000000009958553452404867
17868,0.0007104039617066273
17871,0.000000000000000000000000000003619683114211252
17872,0.01431966794874439
17874,0.0000000000000006747517733678895
17877,0.05052345737055983
17879,0.000000000000000021078621560833948
17882,0.000000000000000000000000000000000000000000000000000000023652295983867783
17883,0.0000000000000000000000000000025591335692135086
17888,0.000000000000000754198822449481
17891,0.0000000015996705187824143
17892,0.017663677838106576
17904,0.00000000008081300001430895
17910,0.11307483787704191
17927,0.000000000000000006646854411701971
17929,0.596687182206255
17932,0.9740570702160245
17933,0.000000000001494776147894538
17934,0.0008095223076817748
17937,0.0006656370953930815
17938,0.00000000000000000000000000000013848626684303615
17941,0.0000000006024060963353829
17944,0.0000000010836183455105537
17948,0.000001296373964101328
17953,0.02457070027263256
17957,0.0000000000000000000000000000000000000000000000000000000014227701379795329
17958,0.00000000000000000000000000000000000013982052095152806
17960,0.0000000000000000000010671456051980881
17964,0.00000000000000015228157847029319
17966,0.00000000000000000000000000008400201161843043
17972,0.0000021948254382312195
17974,0.0000000000012467446191440005
17978,0.0000000021299483122996297
17984,0.000122616229413711
17990,0.45939162674922923
17991,0.0000000000000000000000000000000011828450856308463
17997,0.000000000000000000000000014425604583384638
17998,0.008259498577836125
18002,0.000000000001896272989504691
18007,0.000000006456071530719307
18009,0.00000000000000000000026415348210583575
18013,0.0000000000000000008116343434333378
18015,0.00000000021664703788830974
18019,0.0021951231496912384
18024,0.000000000000000000000000000000011669184909910086
18040,0.000000000000000000000000000000000000000000000000000000007800535958179386
18044,0.002477207638099026
18049,0.26218805502319964
18055,0.00000000000000000000029663068012124803
18061,0.0000000001048210122672721
18068,0.00000000000000000000022521809640821973
18075,0.00000000000000000000000000000000000000000002858543361978333
18079,0.000000007727309607977258
18082,0.00003321846699278482
18083,0.0000000000000000000000000000000000030941777529363905
18088,0.000000000000000000000000000000009531634737292395
18090,0.00003193662949156906
18092,0.20434795623704968
18093,0.9429429689474658
18094,0.000000000000000013697208297776175
18096,0.0000000000000000000019469252099521444
18097,0.0000000000000000011318026685309784
18098,0.000000000000000000000000000000000000000000000000000000465148549015927
18099,0.0005571523299828716
18100,0.000000000000000023798259399109742
18102,0.1637895647437584
18108,0.000000000000000000015631238417015387
18109,0.000000000010870205244740664
18110,0.0000009901289243878502
18112,0.00000000000000000000000000000000000000000000000000000003278353315454572
18114,0.00000000000000000000000000013570175024157921
18115,0.00000000000000000000000000000000000000000000000000000000000000032712161408640476
18129,0.005500311363140297
18135,0.0000000000000000000000000000000000000000000000002516016370898918
18137,0.014420931974406115
18142,0.000000000001087004378607457
18146,0.0000000000000000000000000000006938743130998945
18150,0.0000000000011774059321776705
18152,0.0000000000000000000000004823195291961171
18155,0.00720274220956964
18162,0.00000000000000000000000000000000000000000000000000000000036925661890813944
18165,0.0000000000001162257491017641
18169,0.0000000000000003024282566688106
18172,0.00008897713578647583
18181,0.04428656223184782
18184,0.7912942883977914
18187,0.000000000000000000001302579075207471
18188,0.00000000000000000000000000000000000000000000000000000000000000000000000000000000000000000000000000000000000000000000000000000000000000000000000000000000000000000000000000000001909618693702876
18189,0.000000000000000000000000000000000000000000000000000000000000000000000000000000000000000000000000000000000000000000000000000000000000000000000000000000000000000000000000000000000004319968578832755
18190,0.000488294183636829
18191,0.0000000000000000000000000000000000000000000000000000000000000000000000000000000000000000000000000000000000000000000000000000000000000000000000000000000000000000000000000000001905079090723507
18192,0.0000000000000000000000000000000000000000000000000000000000000000000000000000000000000000000000000000000008905040351866451
18193,0.0000034524841659567077
18195,0.00000000000000000000000000000000000000000000000000000000000000000000000000000000000000000000000000000000000000000000000000000000000000000000000000000000000000000000000000003053475588401584
18199,0.00000000021601937481423723
18200,0.00000000000000000000000000000000000000000000000000000000000000000000000000000000000000000000000000000000000000000000000000000000000000000893360454872964
18202,0.00001016812028312965
18205,0.00000000000000000000000000000000000000000000000000000000000000000000000000000000000000000000000000000000000000030149832860553315
18207,0.000020704598294716518
18209,0.0000000000000000000000000000000000000000000000000000000000000000000000000000000000000000000000000000000000000000000000000000000000000000000000000000000000000000000008204777391728286
18211,0.0005224394084127965
18213,0.000000000000000000000000000000000000000000000000000000000000000000000000000000000000000000000000000000000000000000000000000000000000000000000000000000000000000000000002799224284154179
18215,0.0000000000000000000000000000000000000000000000000000000000000000000000000000000000000000000000000000000031520991497149047
18216,0.4497422768651448
18222,0.0000000000000000000000000000000000000000000000000000000000000000000000000000000000000000000000000000000000000000000000000000000000000000000000000011306308017939178
18223,0.000000000000000000000000000000000000000000000000000000000000000000000000000000000000000000000000000000000000000000000000000000008626963519052921
18228,0.000000000000000000000000000000000000000000000000000000000000000000000000000000000000000000000000000000000000000000000000000000000000000000000000000000000000000000000000000000000000000000028172331978609607
18229,0.0006893270670483125
18230,0.000006536949865433202
18231,0.0000000000000000000000000000000000000000000000000000000000000000000000000000000000000000000000000000000000000000000027573695178280557
18232,0.00000000000000012497984756120379
18233,0.000000000000000000000000000000000000000000000000000000000000000000000000000000000000000000000000000000000000000000000000000000000000000000000000000000000000000000000000000000000000000000000000000023981301427773447
18234,0.33693541362121415
18236,0.000000000000000000000000000000000000000000000000000000000000000000000000000000000000000000000000000000000000000000000000000000000000000000000000000000000000000000000000000000000000000000000000000000000006327315390447302
18237,0.0000000000000000000000000000000000000000000000000000000000000000000000000000000000000000000000000000000000000000000000000000000000046707318798474946
18238,0.00000000000000000000000000000007138316885655088
18240,0.4481463815528332
18243,0.00000000000000000000000000000000000000000000000000000000000000000000000000000000000000000000000000000000000000000000000000000000000002626945847558471
18244,0.0010927346379644859
18245,0.004232874905153377
18246,0.00000030041521590742125
18247,0.00000000000000000000000000000000000000000000000000000000000000000000000000000000000000000000000000000000000000000000000019583197982249085
18248,0.0000000000000000000000000000000000000000000000000000000000000000000000000000000000000000000000000000000000000000000000000000000000000000000004771896370279632
18249,0.0000000000000000000000000000000000000000000000000000000000000000000000000000000000000000000000000000000000000000000000000000000000000000000000000000000000018448907509598318
18250,0.00000000000000000000000000000000000000000000000000000000000000000000000000000000000000000000000000000000000000000000000000000000000000000000000000000105322545177263
18251,0.00000000000000000000000000000000000000000000000000000000000000000000000000000000000000000000000000000000000000000000000000000000000000000000000000000000045291727135272134
18252,0.00000000000000000000000000000000000000000000000000000000000000000000000000000000000000000000000000000000000002868669680132176
18254,0.0000000000000000000000000000000000000000000000000000000000000000000000000000000000000000000000000000000000000000000000000000000000000000000000000000000000000000000000015516928046005001
18255,0.0000000000000000000000000000000000000000000000000000000000000000000000000000000000000000000000000000000000000000000000000000000000002615404061070634
18256,0.0000000000000000000000000000000000000000000000000000000000000000000000000000000000000000000000000000000000000000000000000000000000000000000000000000000000032017735985422747
18257,0.00000007701686009957889
18260,0.000000000000000000000000000000000000000000000000000000000000000000000000000000000000000000000000000000000000000000000000000000000000000000000000000000000000000000000000040590734190318304
18262,0.709407108281345
18265,0.7620575454431627
18267,0.000000000069818134853164
18270,0.0000000000000000000000000000000000000000000000000000000000000000000000000000000000000000000000000000000000000000000000000000000000000000000000000000000000000000000000000000011041586120672992
18281,0.000000000000000000000000000000000000000000000000000000000000000000000000000000000000000000000000000000000000020066329258595884
18282,0.0000000000000000000000018143502696806317
18284,0.00000000000000000000000000000000000000000000000000000000000000000000000000000000000000000000000000000000000000000000000000000000000000000000000000004792906522277251
18285,0.000000002876019998679511
18287,0.9195322954312802
18288,0.00000000000000000000000000000000000000000000000000000000000000000000000000000000000000000000000000000000000000000000000000000000000014699026384258937
18290,0.9999206679189566
18291,0.000000000000000000000000000000000000000000000000000000000000000000000000000000000000000000000000000000000000000000000000000000000000000000000000000000000000000000005959451593583637
18293,0.0000000000000000000000000000000000000000000000000000000000000000000000000000000000000000000000000000000000000000000000000000000000000000000000000000000000000000000000000000000000000000000000000963167073736588
18294,0.3459924928653946
18295,0.0000000000000000000000000000000000000000000000000000000000000000000000000000000000000000000000000000000000000000000000000000000000000000000000000000000000000000000019542186932484747
18298,0.24018764217488528
18299,0.000000000000000000000000000000000000000000000000000000000000000000000000000000000000000000000000000000000000000000000000000000000000000000000000000000000000008591447629170035
18300,0.000000000000000000000000000000000000000000000000000000000000000000000000000000000000000000000000000000000000000000000000000000000000000000000000008928181257917215
18301,0.2527651412962934
18302,0.00000000000000000000000000000000000000000000000000000000000000000000000000000000000000000000000000000000000000000000000000000000000017429623431380182
18303,0.000000000000000000000000000000000000000000000000000000000000000000000000000000000000000000000000000000000018606264460894436
18304,0.000000000000000000000000000000000000000000000000000000000000000000000000000000000000000000000000000000000000000000000000000000000000000000000000000000000000000000000000000000000007947089861469856
18306,0.00005734278359573829
18308,0.0000000000000004370779016034391
18310,0.000000000000000000000000000000000000000000000000000000000000000000000000000000000000000000000000000000000000000000000000000000000000000000000000013935327184498012
18315,0.5624489440431389
18316,0.000000000000000000000000000000000000000000000000000000000000000000000000000000000000000000000000000000000000000012390198008501494
18317,0.00000000000000000000000000000000000000000000000000000000000000000000000000000000000000000000000000000000000000000000000000000000000000000000000015486103580225791
18318,0.000000000000000000000000000000000000000000000000000000000000000000000000000000000000000000000000000000000000000000000008804825845274449
18319,0.000000000000000000000000000000000000000000000000000000000000000000000000000000000000000000000000000000000000000000000000000000000000000000000000000000000000000000000000000052561484751843824
18320,0.000000000000000000000000000000000000000000000000000000000000000000000000000000000000000000000000000000000000000000005604697697939694
18322,0.000000000000000000000000000000000000000000000000000000000000000000000000000000000000000000000000000000000000000000000000000000000000000000000000000000000000000000001475041476870539
18325,0.00018788314884230563
18326,0.000000000000000000000000000000000000000000000000000000000000000000000000000000000000000000000000000000000000000000000000000000000000000014636756361574554
18328,0.0000000000000000000000000000000000000000000000000000000000000000000000000000000000000000000000000000000000000000000000000000000000000000000000000000000000000000000000000000010751200025551804
18331,0.0000000000000000000000000000000000000000000000000000000000000000000000000000000000000000000000000000000000000000000000000000000000000000000000000006825017259428736
18332,0.0000000000000000000000000000000000000000000000000000000000000000000000000000000000000000000000000000000000000000000000000000000000000000000000000000000000000000000000000025257494555170608
18339,0.00000000000000000000000000000000000000000000000000000000000000000000000000000000000000000000000000000000000000000000000000000000000000000000000000000000000000000000000000000000000000000000007716755770468296
18341,0.00000000000000000000000000000000000000000000000000000000000000000000000000000000000000000000000000000000000000000000000000000000000000000000000000000011025277553482081
18342,0.0000000000000000000000000000000000000000000000000000000000000000000000000000000000000000000000000000000000000000000000000000000000000000005535016120923154
18344,0.00000000000000000000000000000000000000000000000000000000000000000000000000000000000000000000000000000000000000000000000000000000000000000000000000000000000000000000000000000000000012892698978346739
18346,0.0013648599609745178
18349,0.0000000000000000000000000000000000000000000000000000000000000000000000000000000000000000000000000000000000000000000000000000000000000000000000000000000000000000013902164728037543
18350,0.0000000000000000000000000000000000000000000000000000000000000000000000000000000000000000000000000000000000000000000000000000000000000000000000000000000000000000000000000000000000000000000000000000000000000007795563655393354
18351,0.0000000000000000000000000000000000000000000000000000000000000000000000000000000000000000000000000000000000000000000000000000000000000000000000000000000000024784918305356217
18352,0.0000030945514764020625
18353,0.000043832541758496174
18356,0.0002746733655415889
18357,0.000000000000000000000000000000000000000000000000000000000000000000000000000000000000000000000000000000000000000000000000000000000000000000000000000000000000000000000000000000000000013226039995015472
18358,0.0000000000000000000000000000000000000000000000000000000000000000000000000000000000000000000000000000000000000000000000000000000000000000000000000000000000000000000000000000000006822270081407003
18362,0.00000000000000011766310848061064
18363,0.4292180178460369
18365,0.000000000000000000000000000000000000000000000000000000000000000000000000000000000000000000000000000000000000000000000000000000000000000000000000000000000000000000000016282335078665627
18366,0.000000000012871374946738981
18367,0.0000000000000000000000000000000000000000000000000000000000000000000000000000000000000000000000000000000000000000000000000000000000000000000000000000000000000000000000028952780923538974
18368,0.0000005180515243597123
18369,0.00000000000000000000000000000000000000000000000000000000000000000000000000000000000000000000000000000000000000000070075428482847395
18372,0.000000000000000000000000000000000000000000000000000000000000000000000000000000000000002265614234669383
18373,0.0000000000000000000000000000000000000000000000000000000000000000000000000000000000000000000000000000000000000000000000000000000000000000000000000000000000003492650924398552
18375,0.000002562688134830384
18376,0.00009334052008902919
18381,0.7488898320142583
18383,0.00000000000000000000000000000000000000000000000000000000000000000000000000000000000000000000000000000000000000000000000000000000000000000000000000000000000000000000000004046109847713872
18386,0.00000000000000000000000000000000000000000000000000000000000000000000000000000000000000000000000000000000000000000000000000000000000000000000000000000000000000000000000001151496123485481
18389,0.0000000000000000000000000000000338347128117825
18390,0.0000000000000012446082617518331
18401,0.000000000000000000000000000000000000000036532988379692054
18405,0.000000000000002053472753735533
18407,0.0000000000005160340988426122
18408,0.00000000006206512220502895
18412,0.0000000000000000000000061929326329228206
18418,0.0000000000000000000000000000000048637456615806694
18422,0.22745467878844486
18427,0.0000000000000000000000000000000000000000020928849748027717
18430,0.00000000000000000000000000000000000000000000000000000000000000000020733590324949687
18431,0.00000000000000000000000001279397643965698
18434,0.0000000001093699198555263
18442,0.016599556638081266
18448,0.000000000000000000000000000000015038232279959348
18459,0.0000000000000000000000004616380426099642
18464,0.00000000006553235627539224
18466,0.000000000007631243951295334
18468,0.000000000000000000000000000000033484439212217414
18469,0.0014091122101217506
18475,0.000000000000000010160651450129702
18478,0.0000000000000000000000007323269429838019
18480,0.14104638113022527
18483,0.00000000009355537079827888
18487,0.00000000000000000000006037579009601471
18490,0.016477138368914818
18492,0.32667311482223266
18503,0.00000000000000000000000000002268300762244481
18505,0.0000000000017947480153669485
18508,0.0000000000000000000032117664608101013
18509,0.000000000000000000000011265995559542087
18511,0.000000000000000000000000000000000000000000000017637131894981023
18512,0.000000006423747769300435
18530,0.00000000000035926139558283465
18540,0.000000000000000000000000000000000000333535471460228
18542,0.000000000000000000000000000000000000000000005842354862064125
18545,0.0009617001866995943
18552,0.5493199097219577
18553,0.000023545728103047708
18557,0.00000008026607460178348
18559,0.0000000005730701337845503
18571,0.0000000000000000000000000000000000000000000000000000000000000000000000000000000000010356041254288734
18573,0.000000000000000000000000000906044926863772
18578,0.0000000000000000000000000002314354569755346
18581,0.0000000000000000030653396442368388
18583,0.000000000016292878072334734
18588,0.0000000000000000000000000723925037161013
18593,0.000000000000000000000000000000006055563379868897
18595,0.4704298377526306
18597,0.5464388546192043
18603,0.000000000000000000008095345449628392
18604,0.0000000000000000000000000000010377957734702748
18611,0.000000000000000003921537466164011
18613,0.00000004850896915602057
18620,0.0000000000000000727688989802664
18621,0.000000000000151273186000118
18622,0.0000000003170667926100293
18626,0.8395936001155845
18632,0.000000025957588615948768
18635,0.00000000000000000026481369836282516
18636,0.00000000000003710580141779381
18637,0.0000000000031456817597874585
18639,0.000000000015067503659456272
18646,0.9243785096945664
18648,0.000000000000479732976496514
18651,0.00000000000000000000000018055481727538251
18659,0.11666664218047065
18674,0.000000000000000000007098173385169488
18686,0.0006259259128835908
18694,0.0000008262589769985778
18695,0.05108634731037015
18700,0.00006708348848891308
18701,0.000000000000000000000000009918418921491309
18704,0.000011814514376692953
18706,0.0000000000000000000000000000000000000000000000000000000000016046642631446687
18712,0.0000000000000000000000000000000000000000000000000000000000000000000000000000000000000000000362232111099098
18718,0.00000000000000000000001123385266222282
18723,0.00013206007822135187
18731,0.0010900560047367711
18734,0.00000000013428849604323962
18737,0.03417549908869098
18741,0.000000000000000000010345201692929154
18753,0.00044056720310313115
18757,0.00000000000000000000000006750916893341353
18761,0.0000000000000012460734404038837
18774,0.00002109429700551427
18777,0.000000000000000000000000000001075669997174456
18780,0.000000000000000000023876470743539508
18788,0.00000000000000000000000000000000000000000000000000000000000000000000000000000000000000000000000000000000000000000000000000000000000000000000000000000000020807846004202394
18790,0.949457194283973
18793,0.00000000000000000000000000000000000000000000000000000000000000000000000000000000000000000000000000000000000000000000000000000000000000000000000000000000000000000000000000000000000000000000000000000006963032817240231
18794,0.000000000000000000000000000000000000000000000000000000000000000000000000000000000000000000000000000000000000000000000000000000000000000000000000000000000000000000000000000000007658568616794637
18795,0.00000000000000000000000000000006786332003275004
18798,0.000014266424049207674
18799,0.00000000000000000000000000000000000000000000000000000000000000000000000000000000000000000000000000000000000000000000000000000000000000000000000000000000000000000000000000000000000000000000000010953233171767878
18801,0.00000000000000000000000000000000000000000000000000000000000000000000000000000000000000000000000000000000000000000000000000000000000000000000000000000000000000000000000000000000000000000000000000000011573749357355027
18802,0.0000000000000000000000000000000000000000000000000000000000000000000000000000000000000000000000000000000000000000000000007301926909272923
18805,0.0000000000001415915453031081
18806,0.03617413401883238
18807,0.00000000000000000000000000000000000000000000000000000000000000000000000000000000000000000000000000000000000000000000000000000000000000000000000009554845685152468
18809,0.00000000000000000000000000000000000000000000000000000000000000000000000000000000000000000000000000000000000000000000000000000000000000000000000000008770950410737294
18812,0.0000000000000000000000000000000000000000000000000000000000000000000000000000000000000000000000000000000000000000000000000000000000000000000000000000000000000000000000000000000000000000000000009595093266174392
18813,0.000003850432707789207
18814,0.000000000000000000000000000000000000000000000000000000000000000000000000000000000000000000000000000000000000000000000000000000000000000000000000000000000000000000000000000000000000000000000000000000000000000000005315436832236263
18816,0.0000000000000000000000000000000000000000000000000000000000000000000000000000000000000000000000000000000000000000000000000000000000000000000000000000000000000000000000000000000000011614895674367212
18817,0.000000000000000000000000000000000000000000000000000000000000000000000000000000000000000000000000000000000000000000000000000000000000000000000000011185972562004245
18818,0.002583083501449768
18820,0.000000000000000000000000000000000000000000000000000000000000000000000000000000000000000000000000000000000000000000000000000000000000000000000000000000000000000000000000000000000000000000000000000000000000000000000000000000009959573485982473
18821,0.000000000000000000000000000000000000000000000000000000000000000000000000000000000000000000000000000000000000000000000000000000000000000000000000000000000000000004057225537422044
18824,0.0000000000000000000000000000000000000000000000000000000000000000000000000000000000000000000000000000000000000000000000000000000000000000000000000000000000000000000000000000000000000000000000000000000006234180335560712
18827,0.0011161864260793403
18829,0.00020923734671776821
18835,0.4081979816247848
18839,0.00000000000000000000000000000000000000000000000000000000000000000000000000000000000000000000000000000000000000000000000000000000000000000000000000000000000000000000000000000000000000029221244388076427
18840,0.00000000000000000000000000000000000000000000000000000000000000000000000000000000000000000000000000000000000000000000000000000000000000000000000000000000000000000000000000000000000000000000000000000000000000000000000000000000024824613632965474
18843,0.00000000000000000000000000000000000000000000000000000000000000000000000000000000000000000000000000000000000000000000000000000000000000000000000000000000000000000000000000000000000000000000000000000001608251057954834
18845,0.00000000000000000000000000000000000000000000000000000000000000000000000000000000000000000000000000000000000000000000000000000000000000000000000000000000000000000000000000000000000000000003755544266091643
18846,0.00000000000000000000000000000000000000000000000000000000000000000000000000000000000000000000000000000000000000000000000000000000000000000000000000000000000000000000000000000000000000000000000000010396136152388775
18848,0.00000000000000000000000000000000000000000000000000000000000000000000000000000000000000000000000000000000000000000000000000000000000000000000000000000000000000000000000000000000000000000008600472903270062
18849,0.000000000014497750242151564
18850,0.00000000000000000000000000000000000000000000000000000000000000000000000000000000000000000000000000000000000000000000000000000000000000000000000000000000000000000000000004012605688254091
18855,0.00000000000000000000000000000000000000000000000000000000000000000000000000000000000000000000000000000000000000000000000000000000000000000000000000003475002473546206
18857,0.00000000000000000000000000000000000000000000000000000000000000000000000000000000000000000000000000000000000000000000000000000009616287645380522
18858,0.00000000000000000000000000000000000000000000000000000000000000000000000000000000000000000000000000000000000000000000000000000000000000000000000000020818056140269746
18861,0.0000000000000000000000000000000000000000000000000000000000000000000000000000000000000000000000000000000000000000000000000000000002178278298010866
18862,0.0003347892593148507
18864,0.8583028671757026
18865,0.00000000000000000000000000000000000000000000000000000000000000000000000000000000000000000000000000000000000000000000000000000000000000000000000000000000000000000000000000000000000035960027337588556
18866,0.12631061258438012
18868,0.000000000004466491588187424
18869,0.000000000000000000000000000000000000000000000000000000000000000000000000000000000000000000000000000000000000000000000000000000000000000000015134675453080988
18871,0.00000000000000000000000000000000000000000000000000000000000000000000000000000000000000000000000000000000000000000000000000000000000000000000000000000000000000000000000000000000000000007892330502309592
18872,0.0000000000000000000000000000000000000000000000000000000000000000000000000000000000000000000000000000000000000000000000000000000000000000000000000000000003049478977297279
18873,0.00000000000000000000000000000000000000000000000000000000000000000000000000000000000000000000000000000000000000000000000000000000000000000000000000000000000000000000000000000000000019304060219886277
18874,0.0000000000006792278559171334
18875,0.000001440447773036576
18876,0.00000000000000000000000000000000000000000000000000000000000000000000000000000000000000000000000000000000000000000000000000000000000000000000000000000000000000000000000000000000000000000000000000000000000002647004122553957
18881,0.025342952923770423
18882,0.7550021080846542
18885,0.00003734833021382255
18886,0.0000000000000000000000000000000000000000000000000000000000000000000000000000000000000000000000000000000000000000000000000000000000000000000000000000000000000000000000000003830601931734997
18891,0.000000000000000000000000000000000000000000000000000000000000000000000000000000000000000000000000000000000000000000000000000000000000000006554486878927969
18892,0.050359800148651344
18893,0.000000000000000000000000000000000000000000000000000000000000000000000000000000000000000000000000000000000000000000000000000000000000000017781978413121899
18894,0.02988217419635733
18897,0.0000000000000000000000000000000000000000000000000000000000000000000000000000000000000000000000000000000000000000000000000000000000000000000000000000000000000000000000000000000000000000000000000000000000000004432851231950348
18902,0.0000000000000000000000339780630251849
18904,0.0000000000000000000000000000000000000000000000000000000000000000000000000000000000000000000000000000000000000007176362126171346
18905,0.000000021362344904228563
18906,0.0000013332450454022913
18908,0.000000000000000000000000000000000000000000000000000000000000000000000000000000000000000000000000000000000000000000000000000000000000000000000000000000000000000000000000000023180411668051694
18912,0.0000000000000000000000000000000000000000000000000000000000000000000000000000000000000000000000000000000000000000000000000000000000000000000000000000000000000000000000000000000000000000000000005188342420377925
18913,0.000000000000000000000000000000000000000000000000000000000000000000000000000000000000000000000000000000000000000000000000000000000000000000000000000000000000000000000000000000000000000000000000000000000000000000000000000000000000027441917486587815
18914,0.0000000000000000000000000000000000000000000000000000000000000000000000000000000000000000000000000000000000000000000000000000000000000000000000012945328188771129
18915,0.0000000000000000000000000000000000000000000000000000000000000000000000000000000000000000000000000000000000000000000000000000000000000000000000000000000000000000000000000000000000000027286425602756605
18918,0.0000012937684734092282
18919,0.0000000000000000000000000000000000000000000000000000000000000000000000000000000000000000000000000000000000000000000000000000000000000000000000000000000000000000000003610447750019787
18920,0.000003001189453992812
18923,0.0000000000000000000000000000000000000000000000000000000000000000000000000000000000000000000000000000000000000000000000000000000000000000000000000000000000000000000000000000000000000000008901393242105876
18924,0.00016114902655018303
18926,0.04969793604187248
18928,0.00016011086618490026
18930,0.042254414785816895
18931,0.0000000000000000000000000000000000000000000000000000000000000000000000000000000000000000000000000000000000000000000000000000000000000000000000000012050367856538739
18938,0.00003247626448699157
18940,0.9023877599934953
18942,0.0000000000000000000000000000000000000000000000000000000000000000000000000000000000000000000000000000000000000000000000000000000000000000000000000000000000000000000000000000000000000000035625074269260287
18943,0.00000000000000000000000000000000000000000000000000000000000000000000000000000000000000000000000000000000000000000000000000000000000000000000000000000000000000000000000000000000000000000000001426145790205355
18945,0.00000000000000000005990307003650576
18946,0.0006806148847365861
18949,0.0000001204293599142951
18951,0.0000000000000000000000000000000000000000000000000000000000000000000000000000000000000000000000000000000000000000000000000000000000000000000000000000000000000000000000000000000000000000000000000021437056110449053
18952,0.003284326804596198
18954,0.00006519352140355637
18958,0.04454865987909647
18959,0.00000000000000000000000000000000000000000000000000000000000000000000000000000000000000000000000000000000000000000000000000000000000000000000000000000000000000000000000000000000000000000000000000000000000000002769015046083035
18960,0.0000000000000000000000000000000000000000000000000000000000000000000000000000000000000000000000000000000000000000000000053265194132360326
18962,0.0000000000000000000000000000000000000000000000000000000000000000000000000000000000000000000000000000000000000000000000000000000000000000000000000000000000000000000000000000007182285493089196
18963,0.00004516202110995177
18965,0.00000000000000000000000000000000000000000000000000000000000000000000000000000000000000000000000000000000000000000000000000000000000000000000000000000000000000000007333116337760814
18968,0.000000000000000000000000000000000000000000000000000000000000000000000000000000000000000000000000000000000000000000000000000000000000000000000000000000000000000001126943459418302
18969,0.00000000000000000025793746334436155
18970,0.000000000000000000000000000000000000000000000000000000000000000000000000000000000000000000000000000000000000000000000000000000000000000000000000000000000000000000000000000000000000000000000000000000000000008521546237394665
18971,0.000000000000017377409717426682
18975,0.00000000000000000000000000000000000000000000000000000000000000000000000000000000000000000000000000000000000000000000000000000000000000000000000000000000000000000000000000028491170635879605
18976,0.0000000000000000001714198669190876
18979,0.000000000000000000000000000000000000000000000000000000000000000000000000000000000000000000000000000000000000000000000000000000000000000000000000000000000000000000000000000000000000000000004036796267216568
18980,0.0000000000000000000000000000000000000000000000000000000000000000000000000000000000000000000000000000000000000000000000000000000000000000000000000000000000000000000000000003587794511341446
18982,0.000000000000016291572275588712
18984,0.00006178960691644137
18985,0.000000000000000000000000000000000000000000000000000000000000000000000000000000000000000000000000000000000000000000000000000000000000000000000000000000000000000000000000000000000000000000000000000000006826653743144307
18986,0.0000000000000000000000000000000000000000000000000000000000000000000000000000000000000000000000000000000000000000000000000000000000000000000000000000000000000000000000000000000000000000000000000000000000000000000000000011454400034242827
18987,0.000000000000000000000000000000000000000000000000000000000000000000000000000000000000000000000000000000000000000000000000000000000000000000000000000000000000000000000000000000000000000000000000002884928335967061
18988,0.0035254309914836053
18989,0.0000000000000000000000000000000000000000000000000000000000000000000000000000000000000000000000000000000000000000000000000000000000000000000000000000000000000000000000000000000000000000000000000009439094755066061
18990,0.000000017063822510881443
18991,0.000000000000000000000000000000000000000000000000000000000000000000000000000000000000000000000000000000000000000000000000000000000000000000000000000000000000000000000000000000000000000020590302920178736
18995,0.0000000000000000000000000000000000000006356798622477031
18996,0.000000000000000000000031666447727987304
19002,0.0000000000000000000010935172876765306
19009,0.00000000000000000000000000000008041041022050218
19012,0.0000000000000005350910224778136
19019,0.00000004143672946289396
19021,0.0000000000000509174473095514
19024,0.0000000000000013420765043172897
19027,0.000000000025461666764328186
19040,0.00000000000000000000000000005129230713854713
19042,0.0000000000000000000000000000000015882508258926566
19043,0.000000000000000000000000000002128309045265377
19048,0.000000000000000000000000005342944172083234
19051,0.0000009713058458841764
19057,0.000000002635783996285395
19061,0.000000000000000000000000000000000000000000000000005625962967610563
19067,0.0000000000000000000000000000000000000019896649601352688
19072,0.00000000000000000000000000004467554288390151
19073,0.00010818167296914597
19079,0.0000000000000000000000000000000000012334992226448283
19084,0.00000000000000000000000000000000000000000000000179815168476827
19085,0.000000000000000000049397424402578
19087,0.0000000012015834748853883
19088,0.0000000000000000000000006660341431081193
19093,0.000000000000000000000000000000000000001304338755180303
19101,0.0032693890796641413
19117,0.000058311309723612864
19118,0.000000000000000000000000000000000000000000000000000000000000000000000013967873222442671
19121,0.000000000000013369854223854782
19123,0.0011333506625933619
19124,0.000000000000017340849605226595
19126,0.00000000000000000000000000000012983161417607636
19132,0.000000000000010894315363823532
19134,0.0000000000000000000000025523572974556456
19139,0.8631855940227614
19140,0.00007535828271316758
19142,0.00000000000000000000000000000000000000000000000000006746713213631173
19157,0.0000000000000000000000000000000000000000000000000000000000003243881942334078
19160,0.00000000000000007460829316231456
19163,0.0000000000000000000007990538868273937
19176,0.0000003849985791245864
19178,0.000000000000000000000002091553904029248
19183,0.0000000000000000000000000000000000000000000000000000005755026342124903
19187,0.000000000000000000000000000000000000000435867973992656
19190,0.000000000000000000000000000000000000000000013472149402228195
19193,0.0000000000000000007687523518377713
19195,0.00000994489023266114
19202,0.000000000000000000438754244372395
19203,0.0000013516105567163602
19208,0.000000000000000000000000000000000000000000000000000000000035152081187671593
19209,0.00000000000013914524539531348
19212,0.0011376847816107051
19221,0.000000000000000000000000000000004224485243127351
19223,0.00000000000000000000000000000000000000000000000000000000001185281395810467
19224,0.06168335962429004
19227,0.0000000000000000000004108805048957405
19229,0.00000000000000000000000000000000000000000000029578106979098405
19230,0.000000002867410684159979
19231,0.9999055878470343
19233,0.0000000000000000018718684769582196
19234,0.00000000000000007492081143296473
19237,0.00038794880358000315
19242,0.00000000000000000000000000000000014110877235442557
19247,0.02171380237587789
19248,0.00000000000000000000000000000000000000000035072292340933868
19255,0.0000000000000000000000000000000000000000000000000000000000000000000000000000007294971469047865
19262,0.000000000000000000000000000000004724836335907096
19269,0.014414239488584724
19273,0.18458789489069244
19278,0.00000000000000000000000000000000008243316635858356
19293,0.00670521607128517
19297,0.000000000000000019050886710631808
19303,0.00000000134441534704037
19306,0.00000274229809426381
19309,0.00000000030011530825842213
19341,0.0007331862757416278
19342,0.00000000000000000012107200058235735
19350,0.22071413191735778
19351,0.00000000000000000000000000003820279873698304
19357,0.000000031617327009919185
19360,0.000000000000000000000000008578377066044551
19362,0.000000000000024449692650777144
19365,0.00000000000000000000032546649594864447
19366,0.000000000000000000000000000000000013270208491932626
19371,0.000000000000000000000000009187956284554481
19375,0.00000000000000000000000000000000000000000000000000000000000000000000000000030081187000255604
19380,0.07148725415070147
19384,0.0000000000000000000000000000000000000000000000030198361216255966
19386,0.0000000000000020259806069380132
19388,0.00000000000000000000000000002945452515212142
19390,0.000000000000000000000000000000000000000000039611167043408893
19391,0.000000000036381098936742464
19393,0.0002087664924883606
19394,0.00000000000017022253586774754
19395,0.00000000000000000000000000000000000000000000000000000000000000000000000000000000000000000000000000000000000000000000000000000000000000000000000000000000000000000000018510489933379312
19396,0.0000000000000000000000002408065165769476
19397,0.000000003971503314568939
19398,0.0000000000000000000000000000000000000000000000000000000000000000000000000000000000000000000000000000000000000000000000000000000000000000000000000000000000000000000000000000000000000000000000000000000000000000000000000000000000000000643989058144726
19399,0.00002851904823724233
19401,0.00000000000000000000000000000000000000000000000000000000000000000000000000000000000000000000000000000000000000000000000000000000000000000000000000000000000000000000000000000000000000000000000000000000000000004150201414977807
19402,0.0000000000000000000000000000000000000000000000000000000000000000000000000000000000000000000000000000000000000000000000000000000000000000000000000000000000000000000000000000000000000000000000044325117077457306
19405,0.000019259477497833055
19406,0.000000008260583837501768
19410,0.000000000000000000000000000000000000000000000000000000000000000000000000000000000000000000000000000000000000000000000000000000000000000000000000000000000000000000000000000000000000000000000000000000000000000000000000000000000004439957655325032
19412,0.000000000000000000000000000000000000000000000000000000000000000000000000000000000000000000000000000000000000000000000000000000000000000000000000000000000000000000000000000000000000000000000000014886001760802333
19414,0.00000014268179414274554
19416,0.0000000000000000000000000000000000000000000000000000000000000000000000000000000000000000000000000000000000000000000000000000000000000000000000000000000000000000000000000000000000000000000002692235493897223
19417,0.00000000000000000000000000000000000000000000000000000000000000000000000000000000000000000000000000000000000000000000000000000000000000000000000000000000000000000000000000000000000000000000000000000000079440156921820075
19421,0.00000000000000000000000000000000000000000000000000000000000000000000000000000000000000000000000000000000000000000000000000000000000000000000000000000000000000000000000009929972998064347
19422,0.4366345335437741
19423,0.00000000000000000000000000000000000000000000000000000000000000000000000000000000000000000000000000000000000000000000000000000000000000000000000000000000000000000000000000000000000000000000000000000000000006273343304318179
19424,0.009094258525797655
19426,0.0000000000000000000000000000000000000000000000000000000000000000000000000000000000000000000000000000000000000000000000000000000000000000000000000000000000000000000000000000006735345237884028
19427,0.000000000000000000000000000000000000000000000000000000000000000000000000000000000000000000000000000000000000000000000000000000000000000000000000000000000000000000002606860862731629
19428,0.000012720900409680396
19429,0.0020704341979160493
19431,0.0000000000000000000000000000000000000000000000000000000000000000000000000000000000000000000000000000000000000000000000000000000000000000000000000000000000000000000000000000000000000000000000000000000000000000000000000000000000000000000000000009718360527260829
19432,0.0012798115999437493
19433,0.8767527069353424
19434,0.00000000000000000000000000000000000000000000000000000000000000000000000000000000000000000000000000000000000000000000000000000000000000000000000000000000000000000000000000000000000000000000000000000000000000000000000000000000000000000000000002117402889759407
19435,0.010285437533073769
19436,0.18331937747061086
19437,0.0000000000000000000000000000000000000000000000000000000000000000000000000000000000000000000000000000000000000000000000000000000000000000000000000000000000000000000000000000000000000000000000000005485764377363524
19442,0.00000000000000000000000000000000000000000000000000000000000000000000000000000000000000000000000000000000000000000000000000035755681242211783
19443,0.000000000000000000000000000000000000000000000000000000000000000000000000000000000000000000000000000000000000000000000000000000003778641353600958
19444,0.00006673480462982912
19447,0.00000000000000000000000000000000000000000000000000000000000000000000000000000000000000000000000000000000000000000000000000000000000000000000000000000000000000000000000000000000000000000000000000000000000000000000000000000000000000000000000000000000000004646263807583489
19448,0.00000000000000000000000000000000000000000000000000000000000000000000000000000000000000000000000000000000000000000000000000000000000000000000000000000000000000000000000000000000000000000000030565593668315847
19449,0.00000000000000000000000000000000000000000000000000000000000000000000000000000000000000000000000000000000000000000000000000000000000000000000000000000000000000000000000000000000000000000000003296155587320276
19450,0.0000000000000000000000000000000000000000000000000000000000000000000000000000000000000000000000000000000000000000000000000000000000000000000000000000000000000000000000000000000000000000000000000004636881219810016
19452,0.00000000000000000000000000000000000000000000000000000000000000000000000000000000000000000000000000000000000000000000000000000000000000000000000000000000000000000000000000000000000000000000000000000000088867975868349
19453,0.000000000000000000000000000000000000000000000000000000000000000000000000000000000000000000000000000000000000000000000000000000000000000000000000000000000000000000000000000000000000000000000000000000000000000000000000000000000008306745093228776
19454,0.0000000000000000000000000000000000000000000000000000000000000000000000000000000000000000000000000000000000000000000000000000000000000000000000000000013124680101829337
19457,0.0000000000000000000000000000000000000000000000000000000000000000000000000000000000000000000000000000000000000000000000000000000000000000000000000000000000013068444515015993
19459,0.6826858727131602
19460,0.0000827013279105148
19461,0.000000000000000000000000000000000000000000000000000000000000000000000000000000000000000000000000000000000000000000000000000000000000000000000000000000000000000000000000000000000000000000000000000000000000000000000040240901536427283
19463,0.08509407802926132
19464,0.00000000000000000000000000000000000000000000000000000000000000000000000000000000000000000000000000000000000000000000000000000000000000000000000000000000000000000000000000000000000000000000000000000000032051986497425346
19465,0.00013024670300096401
19467,0.00000000000000000000000000000000000000000000000000000000000000000000000000000000000000000000000000000000000000000000000000000000000000000000000000000000000000000000012333996036063414
19468,0.000000000000000000000000000000000000000000000000000000000000000000000000000000000000000000000000000000000000000000000000000000000000000000000000000015818044199779922
19469,0.11991045207791652
19471,0.00000000000000000000000000000000000000000000000000000000000000000000000000000000000000000000000000000000000000000000000000000000000000000000000000000000000000000000000000000000000009480202341843594
19474,0.00000000000000000000000000000000000000000000000000000000000000000000000000000000000000000000000000000000000000000000000000000000000000000000000000000000000000000000000000000000000000000000000000000000000000000000000000000011267201417457806
19475,0.7308036567197737
19476,0.00007127556617380598
19480,0.0000000000000000000000000000000000000000000000000000000000000000000000000000000000000000000000000000000000000000000000000000000000000000000000000000000000000000000000000000000000000000000000000000000000000000000020636491866524138
19481,0.00000000000000000000000000000000000000000000000000000000000000000000000000000000000000000000000000000000000000000000000000000000000000000000000000000000000000000000000000000000000000000000000000000000000000000000000000000000000000000000000000005844318814810978
19482,0.18068135858213383
19485,0.000000000000000000000000000000000000000000000000000000000000000000000000000000000000000000000000000000000000000000000000000014762918580291316
19487,0.00000000000000000000000000000000000000000000000000000000000000000000000000000000000000000000000000000000000000000000000000000000000000000000000000000000000000000000000000000000000000000000008060047055059424
19488,0.0000000000000000000000000000000000000000000000000000000000000000000000000000000000000000000000000000000000000000000000000000000000000000000000000000000000000000000000000000000018222111696811327
19490,0.000000000000000000000000000000000000000000000000000000000000000000000000000000000000000000000000000000000000000000000000000000000000000000000000000000000000010597555738339541
19491,0.0000000000000000000000000000000000000000000000000000000000000000000000000000000000000000000000000000000000000000000000000000000000000000000000000000000000000000000000000000000000000000000000000000000000000000000000000000000000000000000000000003012624259236254
19493,0.00006114192242431578
19494,0.0000000000000000000000031886945588286436
19495,0.00000000000000000000000000000000000000000000000000000000000000000000000000000000000000000000000000000000000000000000000000000000000000000000000000000000000000000003261123994927286
19496,0.2777209554463815
19498,0.00000000000000000000000000000000000000000000000000000000000000000000000000000000000000000000000000000000000000000000000000000000000000000000000000000000000000000000000000000000000000000000000000000000015465371108961813
19499,0.0000000000000000000000000000000000000000000000000000000000000000000000000000000000000000000000000000000000000000000000000000000000000000000000000000000000000000000000000000000000000000000063374592672685595
19500,0.000000000000000000000000000000000000000000000000000000000000000000000000000000000000000000000000000000000000000000000000000000000000000000000000000000000000000000000000000000000000000002122081346775979
19501,0.00000000000000000000000000000000000000000000000000000000000000000000000000000000000000000000000000000000000000000000000000000000000000000000000000000000000000000000000000000000000006101369025803224
19502,0.000000000000000000000000000000000000000000000000000000000000000000000000000000000000000000000000000000000000000000000000000000000000000000000000000000000000000000000000000000000004138203881607832
19505,0.0000000000000000000000000000000000000000000000000000000000000000000000000000000000000000000000000000000000000000000000000000000000000000000000000000000000000000012510692308584423
19507,0.0000000000000000000000000000000000000000000000000000000000000000000000000000000000000000000000000000000000000000000000000000000000000000000000000000000000000000000000000000000000000007082076486263428
19509,0.0000001079017465321145
19510,0.000009602583876779063
19512,0.000000000000000000000000000000000000000000000000000000000000000000000000000000000000000000000000000000000000000000000000000000000000000000000000000000000000000000000000000000000000000000045502327909583417
19513,0.1491367990418782
19514,0.00000000000000000000000000000000000000000000000000000000000000000000000000000000000000000000000000000000000000000000000000000000000000000000000000000000000000000000000000000000000000000000000000000000000000010160635088329653
19515,0.0015840904588923885
19517,0.000000000000000000006767787191062169
19518,0.00000000000000000000000000000000000000000000000000000000000000000000000000000000000000000000000000000000000002795246355856471
19520,0.000000000000000000000000000000000000000000000000000000000000000000000000000000000000000000000000000000000000000000000000000000000000000000000000000000000000000000000000005612407588845865
19522,0.000000000000000000000000000000000000000000000000000000000000000000000000000000000000000000000000000000000000000000000000000000000000000000000000000000000000000000000000000000000000000000000000000000000000000000000000031177805584640074
19523,0.000004873282993509168
19525,0.00000000000000000000000000000000000000000000000000000000000000000000000000000000000000000000000000000000000000000000000000000000000000000000000000000000000000000026742939271978062
19526,0.000000000000000000000000000000000000000000000000000000000000000000000000000000000000000000000000000000000000000000000000000000000000000000000000000000000000000000000000000000000000000000000000000000000000015142185829559953
19527,0.00000006840314505733393
19528,0.000000000000040326967583937473
19529,0.000000000000000000000000000000000002392745506351651
19531,0.17788880000951698
19532,0.00001021985082970257
19534,0.000000000000000000000000000000000000000000000000000000000000000000000000000000000000000000000000000000000000000000000000000000000000000000000000000000000000000000000000000000000000000000000000000000000000000000007774776771225651
19537,0.00011552723320169453
19539,0.000000000002347932622484197
19540,0.14772287268881798
19541,0.000000000000000000000000000000000000000000000000000000000000000000000000000000000000000000000000000000000000000000000000000000000000000000000000000000000000000000000000000000000000000000000000000000000000000000000000000000000000000000000000000000000000000000000000000000000000000018721906090652435
19543,0.000000000000000000000000000000000000000000000000000000000000000000000000000000000000000000000000000000000000000000000000000000000000000000000000000000000000000000000000000000000000000000000000000000000004806926629002643
19546,0.0000000000000000000000000000000000000000000000000000000000000000000000000000000000000000000000000000000000000000000000000000000000000000000000000000000000000000000000000000000000000000000000000000000000000000000000000000000000000000000000008863380914995487
19549,0.00000039335942840195685
19551,0.00000000000000000000000000000000000000000000000000000000000000000000000000000000000000000000000000000000000000000000000000000000000000000000000000000000000000000000000000000000000000000000000000000000000004047439991546411
19552,0.000000000000000000000000000000000000000000000000000000000000000000000000000000000000000000000000000000000000000000000000000000000000000000000000000000000000000000000000000000000000000000000000000000000000000000000000000000000000000000000000000000000000000001657747099615878
19554,0.000000000000000000000000000000000000000000000000000000000000000000000000000000000000000000000000000000000000000000000000000000000000000000000000000000000000000000000000000000000000000000000000000000000000000000000000000000000000000000005843890610074793
19555,0.0000000000000000000000000000000000000000000000000000000000000000000000000000000000000000000000000000000000000000000000000000000000000000000000000000000000000000000000000000000000000000000000000000000000000000000000007363150844740574
19557,0.1779782109063308
19558,0.000000000000000000004752514641158635
19559,0.00002082745580574958
19560,0.000000000000000000000000000000000000000000000000000000000000000000000000000000000000000000000000000000000000000000000000000000000000000000000000000000000000000000000000000000000000000000000000000000000000000000000000000000000000000000000000000018624419463803334
19563,0.000000000000000000000000000000000000000000000000000000000000000000000000000000000000000000000000000000000000000000000000000000000000000000000000000000000000000000005266578993632784
19564,0.00000000000000000000000000000000000000000000000000000000000000000000000000000000000000000000000000000000000000000000000000000000000000000000000000000000000000000000000000000000000000000000000004975154878457954
19566,0.00000950526329801946
19567,0.000000000000000000000000000000000000000000000000000000000000000000000000000000000000000000000000000000000000000000000000000000000000000000000000000000000000000000000000000000000000000000000000000000000004006472518729516
19569,0.000000000000000000000000000000000000000000000000000000000000000000000000000000000000000000000000000000000000000000000000000000000000000000000000000000000000000000000000000000000000000000000000000000010455827748084425
19570,0.00006566332927098702
19571,0.00000000000000000000000000000000000000000000000000000000000000000000000000000000000000000000000000000000000000000000000000000000000000000000000000000000000000000000000000000000000000000000000000000000000000000011423961245905922
19573,0.2279683112236289
19574,0.000009343900052982362
19575,0.000000000000000000000000000000000000000000000000000000000000000000000000000000000000000000000000000000000000000000000000000000000000000000000000000000000000000000000000000000000000000000000000000000000000000000000000016645835334251607
19577,0.000000000000000000000000000000000000000000000000000000000000000000000000000000000000000000000000000000000000000000000000000000000000000000000000000000000000000000000000000000000000000000000000000007544600277690271
19579,0.0000000000000000000000000000000000000000000000000000000000000000000000000000000000000000000000000000000000000000000000000000000000000000000000000000000000000000000000000000000000000000000000000000000000000000000000000000000009665843849599986
19580,0.0000002212859532015616
19582,0.0000000000000000000000000000000000000000000000000000000000000000000000000000000000000000000000000000000000000000000000000000000000000000000000000000000000000000000000000000000000000000000004320494662177119
19583,0.0000000000000000000000000000000000000000000000000000000000000000000000000000000000000000000000000000000000000000000000000000000000000000000000000000003649204941747542
19584,0.0000000000000000000000000000000000000000000000000000000000000000000000000000000000000000000000000000000000000000000000000000000000000000000000000000000000000000000000000000000000000014314091882305628
19585,0.0000000000000000000000000000000000000000000000000000000000000000000000000000000000000000000000000000000000000000000000000000000000000000000000000000000000000000000000000000001308545875681897
19590,0.0000000000000000000000000000000000000000000000000000000000000000000000000000000000000000000000000000000000000000000000000000000000000000000000000000000000000000000000000000000000000000000000000000000000000000000000000000000000000000000000000000000000000000011400471898812795
19591,0.00000000000000000000000000000000000000000000000000000000000000000000000000000000000000000000000000000000000000000000000000000000000000000000000000000000000000000000000000000000000000000000008309462597884837
19592,0.00000000000000000000000000000000000000000000000000000000000000000000000000000000000000000000000000000000000000000000000000000000000000000000000000000000000000000008668163882920457
19593,0.0000000000000000000000000000000000000000000000000000000000000000000000000000000000000000000000000000000000000000000000000000000009975376661549436
19594,0.00000000000000000000000000000000000000000000000000000000000000000000000000000000000000000000000000000000000000000000000000000007193383896591377
19596,0.0000000000000000000000000000000000000000000000000000000000000000000000000000000000000000000000000000000000000000000000000000000000000000000000000000000000000000000000000000000000000000000000000000000000000000000000000000000000000000000000000000000000000000000000000000002610702077134824
19598,0.01415704868247107
19599,0.00000016812090689794238
19600,0.0000000000000000000000000000000000000000000000000000000000000000000000000000000000000000000000000000000000000000000000000000000000000000000000000000000000000000000000000000000000000000000000000000000000000000000000000000000000000000000000000007224992580477003
19601,0.00000000000000000000000000000000000000000000000000000000000000000000000000000000000000000000000000000000000000000000000000000000000000000000000000000000000000000000000000000000000000000036017013187697767
19602,0.000000000000000000000000000000000000000000000000000000000000000000000000000000000000000000000000000000000000000000000000000000000000000000000000000000000000000000000000000000000000000000000000000000000000000000000000000000000000000000000000003716249531164248
19603,0.0000000000000000000000000000000000000000000000000000000000000000000000000000000000000000000000000000000000000000000000000000000000000000000000000000000000000000000000000000000000000000000000000009444178061052922
19604,0.000000000000053128637849048445
19606,0.0000000000000000000000000000000000000000000000000000000000000000000000000000000000000000000000000000000000000000000000000000000000000000000000000000000000034046595325787523
19607,0.00000000005416431682175192
19608,0.0000020581563515562213
19609,0.00000000000000000000000010947586619471093
19612,0.000000000000000000000000000000000000000000000000000000000000000000000000000000000000000000000000000000000000000000000000000000000000000000000000000000000000000005311021586769123
19615,0.000000000000000000000000000000000000000000000000000000000000000000000000000000000000000000000000000000000000000000000000000000000000000000000000000000000000000000000000000000000000000000000000000000000000000000000001846297990577865
19616,0.0000022629825567121883
19618,0.000000007198431676775518
19619,0.00000000000011025304936708072
19621,0.00000000000000000000000000000000000000000000000000000000000000000000000000000000000000000000000000000000000000000000000000000000000000000000000000000000000000000000000000000000000000000000000000000000000000022361640267304724
19622,0.000008427147518909686
19623,0.0000004992879071495944
19624,0.00003847679310243198
19626,0.0000000000000000000000000000000000000000000000000000000000000000000000000000000000000000000000000000000000000000000000000000000000000000000000000000000000000000000000000000000000000000000000000000000000028252931444103216
19627,0.00000000000000000000000000000000000000000000000000000000000000000000000000000000000000000000000000000000000000000000000000000000000000000000000000000000000000000000000000000000000000000000000000000000000004777181942791732
19630,0.00000000000000000000000000000000000000000000000000000000000000000000000000000000000000000000000000000000000000000000000000000000000000001554747426675901
19632,0.00000000000000000000000000000000000000000000000000000000000000000000000000000000000000000000000000000000000000000000000000000000000000000000000000000000000000000014476447532482845
19633,0.00000000000000000000000000000000000000000021476808017482224
19634,0.0000000000000000000000000000000000000000000000000000000000000000000000000000000000000000000000000000000000000000000000000000000000000000000000000000000000000000000000000000000000000000000000000000000000000000000000000000000000000000000031039084792528355
19635,0.000000000000000000000000000000000000000000000000000000000000000000000000000000000000000000000000000000000000000000000000000000000000000000000000000000000000000000000000000000000000000000000000000000000000000000000000000000000000000005355263299172721
19637,0.00000000000000000000000000000000000000000000000000000000000000000000000000000000000000000000000000000000000000000000000000000000000000000000000000000000000028903876866251476
19638,0.0000000000000000000000000000000000000000000000000000000000000000000000000000000000000000000000000000000000000000000000000000000000000000000000000000000000000000000000000000000000000000000000000000000000000000000000000000000000000000000000000000590829704082495
19640,0.00000000000000000000000000000000000000000000000000000000000000000000000000000000000000000000000000000000000000000000000000000000000000000000000000000000000000000000000000000000000000000000000000000000000000000000002481410898753504
19642,0.00000000000000000000000000000000000000000018234288919666442
19644,0.00000000000000000000000000000000000000000000000000000000000000000000000000000000000000000000000000000000000000000000000000000000000000010806850351878191
19646,0.000000000003057592309222143
19647,0.0000000000000000000000000000000000000000000000000000000000000000000000000000000000000000000000000000000000000000000000000000000000000000000000000000000000000000000000000000000000000000000000000000000000000000000000000000000003481496824985866
19649,0.000000000000000000000000000000000000000000000000000000000000000000000000000000000000000000000000000000000000000000000000000000000000000000000000000000000000000000000000000000000000000000020420561931435537
19651,0.000000000000000000000000000000000000000000000000000000000000000000000000000000000000000000000000000000000000000000000000000000000000000000000000217605222073161
19652,0.00005196732718064836
19653,0.000000017179467014059795
19654,0.00000000000000000000000000000000000000000000000000000000000000000000000000000000000000000000000000000000000000000000000000000000000000000000000000000000000000000000000000000000000007417790789599192
19655,0.000000000000000000000000000000000000000000000000000000000000000000000000000000000000000000000000000000000000000000000000000000000000000000000000000000000000000000000000000000002050922905132846
19656,0.0000000000000015995322421852125
19657,0.0000000000000000000000000000000000000000000000000000000000000000000000000000000000000000000000000000000000000000000000000000000000000000000000000000000000000000000000000000001032097837617116
19659,0.00000000000000000000000000000000000000000000000000000000000000000000000000000000000000000000000000000000000000000000000000000000000000000000000000000000000000000000000000000000003420711383683504
19661,0.0000000000000000000000000000000000000000000000000000000000000000000000000000000000000000000000000000000000000000000000000000000000000000000000000000000000000000000000000000000000000000000000000000000000000000000000000000000000000005830937835659674
19662,0.00000000000000000000000000000000000000000000000000000000000000000000000000000000000000000000000000000000000000000000000000000000000000000000000000000000000000000000000000000000000000000000000000000000000000000000000000000000000000000007209723286084294
19666,0.00000017308376925264264
19668,0.000000000000000000000000000000000000000000000000000000000000000000000000000000000000000000000000000000000000000000000000000000000000000000000000000000000000000000000000000000000000000000000000000000000000000000000000000000000000000000000000000000000048214998663228535
19669,0.003843551349362908
19670,0.000000000000036500494566537854
19673,0.000000000000000000000000000000000000000000000000000000000000000000000000000000000000000000000000000000000000000000000000000000000000000000000000000000000000000000000000000000000000000000000000000014921419870220762
19674,0.00000000017973996864940378
19675,0.0000000000000000000000000000000000000000000000000000000000000000000000000000000000000000000000000000000000000000000000000000000000000000000000000000000000000000000000000000000000000632656466970055
19677,0.0000000000000000000000000000000000000000000000000000000000000000000000000000000000000000000000000000000000000000000000000000000000000000000000000000000000000000000000000000000000000000000000000000000002387440913838429
19679,0.000000000000000000000000000000000000000000000000000000000000000000000000000000000000000000000000000000000000000000000000000000000000000000000000000000000000000000000000000000000000000000000000000000000000000000000000000000000000000000000000000000000000000000007139832687469711
19681,0.07942460573748586
19683,0.00000000000000000000000000000000000000000000000000000000000000000000000000000000000000000000000000000000000000000000000000000000000000000000000000000000000000000000000000000000000000000000000000000000000000000000000000000000000000000000000000000000000000009496354064555193
19684,0.000000000000000000000000000000000000000000000000000000000000000000000000000000000000000000000000000000000000000000000000000000000000000000000000000000000000000000000000000000011481918639212717
19690,0.00000000000000000000000000000000000000000000000000000000000000000000000000000000000000000000000000000000000000000000000000000000000000000000000000000000000000000000000000000000000000000000006321364497620203
19691,0.0000000000000000000000000000000000000000000000000000000000000000000000000000000000000000000000000000000000000000000000000000000000000000000000000000000000000000000000000000000000000000000000000000000000000000000000000000000000000000000000000000005129491334925964
19692,0.000000000000000000000000000000000000000000000000000000000000000000000000000000000000000000000000000000000000000000000000000000000000000000000000000000000000000000000000000000000000000000000000000000000000000000569252360776384
19695,0.00027470961500847355
19696,0.00000000000000000000000000005352738004635129
19697,0.0009158681279065552
19698,0.00000000000000000000000000000000000000000000000000000000000000000000000000000000000000000000000000000000000000000000000000000000000000000000000000000000000000000000000000000000000000000000007042323275881766
19699,0.0000000000002505740369220233
19700,0.0000000000000000000000000000000000000000000000000000000000000000000000000000000000000000000000000000000000000000000000000000000000000000000000000000000000000000000000000000000000000000000000000000000000000000000000000000000000000000007119681722670439
19705,0.000000000000000000000000000000000000000000000000000000000000000000000000000000000000000000000000000000000000000000000000000000000000000000000000000000000000000000000009005430848731867
19706,0.00000000000000000000000000000000000000000000000000000000000000000000000000000000000000000000000000000000000000000000000000000027163113602106867
19707,0.000000000000000000000000000000000000000000000000000000000000000000000000000000000000000000000000000000000000000000000000000000000000000000000000000000000000000000000000000000000000000000000000000000000004656646180240626
19709,0.0000000000000000000000000000000000000000000000000000000000000000000000000000000000000000000000000000000000000000000000000000000000000000000000000000000000000000000000000000000000000000000000000000000000006980418204689431
19710,0.0000000000000000000000000000000000000000000000000000000000000000000000000000000000000000000000000000000000000000000000000000000000000000000000000000000000000000000000000000000000000000000000020132739258523096
19712,0.00000000000000000000000000000000000000000000000000000000000000000000000000000000000000000000000000000000000000000000000000000000000000000000000000000000000000000000000000000000000000000000000000000000000000000000000000000000000000000000000000000000000000004354150715708561
19714,0.0000001506475806397932
19716,0.0007559996238474551
19717,0.0000000000000000000000000000000000000000000000000000000000000000000000000000000000000000000000000000000000000000000000000000000000000000000000000000000000000000000000000000000000010112893047211125
19718,0.0000000000000000000000000000000000000000000000000000000000000000000000000000000000000000000000000000000000000000000000000000000000000000000000000000000000000000000000000000000002366268495077778
19721,0.00000000000000000000000000000000000000000000000000000000000000000000000000000000000000000000000000000000000000000000000000000000000000000000000000000000000000000000000000000000000000000000000000000000000000000000000000000000000008393370913654953
19722,0.000000000000000000000000000000000000000000000000000000000000000000000000000000000000000000000000000000000000000000000000000000000000000000000000000000000000000000000029508016014457677
19723,0.0000000000000000000000000000000000000000000000000000000000000000000000000000000000000000000000000000000000000000000000000000000000000000000000000000000000000000000000000000000000000000000000000000000000000000000000000000000000000000000000000000000000000000000000000000000005348707371914235
19724,0.8703993522683178
19725,0.00000000000000000000000000000000000000000000000000000000000000000000000000000000000000000000000000000000000000000000000000000000000000000000000000000000000000000000000000000000000000000000000000000000000000000000000000000000000000000006064418531268999
19726,0.0000000000000000000000000000000000000000000000000000000000000000000000000000000000000000000000000000000000000000000000000000000000000000000000000000000000000000000006177278012460423
19727,0.027690423078501517
19730,0.000000000000000000000000000000000000000000000000000000000000000000000000000000000000000000000000000000000000000000000000000000000000000000000000000000000000000000000000000000000000000000000000000000000000000000010047625493383123
19731,0.0000000000000000000000061341792674652574
19733,0.00000000014051494480368217
19734,0.000000000000000000000000000000000000000000000000000000000000000000000000000000000000000000000000000000000000000000000000000000000000000000000000000000000000000000000000000000000000000000000000000000000000000000008141332991938534
19735,0.00000000000000000000000000000000000000000000000000000000000000000000000000000000000000000000000000000000000000000000000000000000000000000000000000000000000000000000000000000000000000000000000000000000000000000000000000000000000000000000000000000000000000000000319877848618066
19737,0.000000012984781648730381
19741,0.8960369706676334
19742,0.00000000002979614128050062
19743,0.0000000000000000000000000000000000000000000000000000000000000000000000000000000000000000000000000000000000000000000000000000000000000000000000000000000000000000000000000000000000000000000000000000000000000000000000000000000000000000000000000007472056182463268
19744,0.000000000000000000000000000000000000000000000000000000000000000000000000000000000000000000000000000000000000000000000000000000000000000000000000000000000000000000000000013532573337891708
19745,0.000000000000000000000000000000000000000000000000000000000000000000000000000000000000000000000000000000000000000000000000000000000000000000000000000000000000000000000000000000000000000000000000000000000000002677611951597812
19747,0.027722192648854473
19748,0.001422165758966167
19749,0.00000000000000000000000000000000000000000000000000000000000000000000000000000000000000000000000000000000000000000000000000000000000000000000000000000000000000000000000009629116827825244
19750,0.00000000000000000000000000000000000000000000000000000000000000000000000000000000000000000000000000000000000000000000000000000000000000000000000000000000000000000000000000000000000000000000000011481723207581002
19751,0.000000000000000000000000000000000000000000000000000000000000000000000000000000000000000000000000000000000000000000000000000000000000000000000000000000000000000000000000061124007869673855
19752,0.0000000000000000000000000000000000000000000000000000000000000000000000000000000000000000000000000000000000000000000000000000000000000000000000000000000000000000000012125839859405275
19754,0.0000000000000000000000000000000000000000000000000000000000000000000000000000000000000000000000000000000000000000000000000000000000000000000000000000000000000000000000000000000000000000000000000000000000000006995345187541897
19755,0.000000000000000000000000000000000000000000000000000000000000000000000000000000000000000000000000000000000000000000000000000000000000000000000000000000000000000000000000000000000000000000000000000000028017802695667376
19757,0.00000000000000000000000000000000000000000000000000000000000000000000000000000000000000000000000000000000000000000000000000000000000000000000000000000000000000000000000000000000000000000000000000000000000000000000000000000000008572694608925657
19759,0.00000000000000000000000000000000000000000000000000000000000000000000000000000000000000000000000000000000000000000000000000000000000000000000000000000000000000000000000000000000000000000010268279995980064
19762,0.000000000000000000000000000000000000000000000000000000000000000000000000000000000000000000000000000000000000000000000000000000000000000000000000000000000000000000000000000000000000000165745260618701
19766,0.00000025087184935308066
19768,0.0000000000000000000000000000000000000000000000000000000000000000000000000000000000000000000000000000000000000000000000000000000000000000000000000000000000000000000000000000000000000000000000000000000000000000000000000000000000000000000000000000000000000000000000000003220630469383554
19771,0.000013534439192324743
19773,0.00000000000000000000000000000000000000000000000000000000000000000000000000000000000000000000000000000000000000000000000000000000000000000000000000000000000000000000000000000000000000000000000000000000000000000004101192251733077
19775,0.00000000000000000000000000000000000000000000000000000000000000000000000000000000000000000000000000000000000000000000000000000000000000000000000000000000000000000008850036527428266
19779,0.00000001032650822226752
19780,0.0000000000000000000000000000000000000000000000000000000000000000000000000000000000000000000000000000000000000000000000000000000000000000000000000000000000000000000000000000000000000000000000000000000004485366656768512
19781,0.000000000000000000000000000000000000000000000000000000000000000000000000000000000000000000000000000000000000000000000000000000000000000000000000000000000000000000000000000000000000000000000000000006736056290910162
19783,0.000000000000000000000000000000000000000000000000000000000000000000000000000000000000000000000000000000000000000000000000000000000000000000000000000000000000000000000000000000000000000000000000000053278100490256667
19784,0.00004072410703867931
19785,0.00000000000000000000000000000000000000000000000000000000000000000000000000000000000000000000000000000000000000000000000000000000000000000000000000000000000000000000000000000000000000000000000000000004514329810427961
19786,0.006663418666923047
19788,0.000000000000000000000000000000000000000000000000000000000000000000000000000000000000000000000000000000000000000000000000000000000000000000000000000000000000000000000000000000000000000000000000000000000000000000000000000000000000000000000017714649452169484
19790,0.0000000000000000000000000000000000000000000000000000000000000000000000000000000000000000000000000000000000000000000000000000000000000000000000000000000000000000000000000000000000000000000000000000000064805756792177396
19792,0.000000009879375598831378
19795,0.000000000000000000000000000000000000000000000000000000000000000000000000000000000000000000000000000000000000000000000000000000000000000000000000000000000000000000000000000000000000000000000000000000000000000007996794676637541
19802,0.0000000000000000000000000000000000000000000000000000000000000000000000000000000000000000000000000000000000000000000000000000000000000000000000000000000000000000000000000000000000000000000000000000000000000000000000000000000000000000000000000001624091575264781
19803,0.0000000000000000000000000000000000000000000000000000000000000000000000000000000000000000000000000000000000000000000000000000000000000000000000000000000000000000000000000000000000000000000000000000000000000000000000000000008027821011143296
19804,0.000000000000000000000000000000000000000000000000000000000000000000000000000000000000000000000000000000000000000000000000000000000000000000000000000000000000000000000000000000000000000042867279357522215
19809,0.00000000000000000000000000000000000000000020305238428053254
19810,0.000000000000000000000000000000000000000000000000000000000000000000000000000000000000000000000000000000000000000000000000000000000000000000000000000000000000000000000000000000000000000000000000000000000000000000000000000000000022560626153193707
19812,0.00000000000000000000000000000000000000000000000000000000000000000000000000000000000000000000000000000000000000000000000000000000000000000000000000000000000000000000000000000000000000000000000000000000000000000000000000000000000000000000000000000011021069649687317
19813,0.00000022380181975119933
19814,0.00000000000000000000000000000000000000000000000000000000000000000000000000000000000000000000000000000000000000000000000000000000000000000000000000000000000000000000000000000000000000000000000000000000000000000000000000000066085955118958536
19816,0.000000000000000000000000000000000000000000000000000000000000000000000000000000000000000000000000000000000000000000000000000000000000000000000000000000000000000000000000028855448649209997
19818,0.000000000000000000000000000000000000000000000000000000000000000000000000000000000000000000000000000000000000000000000000000000000000000000000000000000000000000000000000000000000000000000000000000000000000000000000000000000004119325036944553
19820,0.00000000000000000000000000000000000000000000000000000000000000000000000000000000000000000000000000000000000000000000000000000000000000000000000000000000000000000000000000000004445870527335928
19821,0.000000000000000000000000000000000000000000000000000000000000000000000000000000000000000000000000000000000000000000000000000000000000000000000000000000000000000000000000000000000000000000000000000000000000000000000000000000000000000000000001483633458672058
19822,0.0000000000000000000000000000000000000000000000000000000000000000000000000000000000000000000000000000000000000000000000000000000000000000000000000000000000000000000000000000000000000000000000000000000001538666562216872
19823,0.00000000000000007741062314019062
19824,0.00000021693055204288802
19825,0.0000000000000000000000000000000000000000000000000000000000000000000000000000000000000000000000000000000000000000000000000000000000000000000000000000000000000000000000000000000000000000000000000000000000000000000005754185912445656
19826,0.000000000000000000000000000000000000000000000000000000000000000000000000000000000000000000000000000000000000000000000000000000000000000000000000000000000000000000000000000000000000000000000000000000499953041446923
19827,0.000000000000000000000000000000000000000000000000000000000000000000000000000000000000000000000000000000000000000000000000000000000000000000000000000000000000000000000000110032039427194
19830,0.0000000000000000000000000000000000000000000000000000000000000000000000000000000000000000000000000000000000000000000000000000000000000000000000000000000000000000000000000000000000000000000000000000000000000000000000000000000021852750778357014
19831,0.0000000000000000000000000000000000000000000000000000000000000000000000000000000000000000000000000000000000000000000000000000000000000000000000000000000000000000000000000000000000000000000000000000000000000000000000000000000000005131702859287809
19834,0.000000000000000000000000000000000000000000000000000000000000000000000000000000000000000000000000000000000000000000000000000000000000000000000000000000000000000000000000000000000000000000000000000000000000003986272836420915
19835,0.000000000000000000000000000000000000000000000000000000000000000000000000000000000000000000000000000000000000000000000000000000000000000000000000000000000000000000000000000000000000000000002311107557251998
19837,0.00000000000000000000000000000000000000000012188546428633004
19838,0.0000001750327252357048
19839,0.000000000000000000000000000000000000000000000000000000000000000000000000000000000000000000000000000000000000000000000000000000000000000000000000000000000000000033698389440223904
19841,0.000000000000000000000000000000000000000000000000000000000000000000000000000000000000000000000000000000000000000000000000000000000000000000000000000000000000000000000000000000000000000000000000000000010067677447431626
19842,0.000000000000000000000000000000000002874658349571515
19843,0.0000000000000000000000000000000000000000000000000000000000000000000000000000000000000000000000000000000000000000000000000000000000000000000000000000000000000000000000000000000000003784008124026192
19844,0.000000000000000000000000000000000000000000000000000000000000000000000000000000000000000000000000000000000000000000000000000000000000000000000000000000000000000000000000000000000000000000000000000000000000000000000000000000000000000000000000000000001205794462946447
19845,0.000000028160932627245584
19846,0.000000000000000000000000000000000000000000000000000000000000000000000000000000000000000000000000000000000000000000000000000000000000000000000000000000000000000000000000000000000000000000000000000000000000000000000000001003601927364282
19847,0.0000000000000000000000000000000000000000000000000000000000000000000000000000000000000000000000000000000000000000000000000000000000000000000000000000000000000000000000000000000000000000000000000000000000000000000000000000000000000000000000000000000000000000000000000000000001485544721232069
19848,0.00000000000000000000000000000000000000000000000000000000000000000000000000000000000000000000000000000000000000000000000000000000000000000000000000000000000000000000000000000000000003794335648291337
19849,0.00000000000000000000000000000000000000000000000000000000000000000000000000000000000000000000000000000000000000000000000000000000000000000000000000000000000000000000000000000000000000000000000000000000000000000002781211044266557
19851,0.00000010066976288609327
19852,0.00000000000000000000000000000000000000000000000000000000000000000000000000000000000000000000000000000000000000000000000000000000000000000000000000000000000000000000000000000000000000000000000000000000000000000000000000000029961331189568498
19853,0.00000000000000000000000000000000000000000000000000000000000000000000000000000000000000000000000000000000000000000000000000000000000000000000000000000000000000000000000000000000000000000000000000000000000000007152751331693522
19855,0.00000000000000000000000000000000000000000000000000000000000000000000000000000000000000000000000000000000000000000000000000000000000000000000000000000000000000000000000000000000000000000000000000000000638324660016735
19863,0.0000000003107273756271555
19864,0.000000009684239607075003
19865,0.000000000000000000000000017550182423777782
19871,0.000000009734884393761075
19875,0.00005582169111533442
19879,0.00000000000000000000000000000000000000000000000000000000000000000002839469485191815
19880,0.011002277826897746
19884,0.00000000000000000035274357604368116
19886,0.0000000018767842252918226
19888,0.000000000000000000000000000000015248874939560273
19893,0.000000000000000000000000000012103636313081918
19894,0.00000000000000000000000000000000000000000000000000000000023284358149509015
19896,0.00000000025377626874008094
19900,0.000000000000000918844065340028
19901,0.0000000000000000000000000000000000000000000000000000000000002324761174682512
19906,0.0023041265559818384
19908,0.000000000000000000000011414324646694457
19909,0.000000000000004234790487111523
19914,0.0000000000000000000002308135234382935
19915,0.0000000000000000000000005411111193250469
19916,0.0000000000000000000000000000000000024475430151071897
19924,0.000000000924381714783541
19925,0.0000000000000000000018255595598881562
19929,0.000000000000000000000000000000000000856184349198275
19933,0.00000000000000000000000000000000669540494912746
19935,0.00000000000000000000000000000000007010483728294566
19940,0.0000000000000000000000000000004158489384227572
19945,0.0000000000000000000000000000000000000000000000000000000010707538677533678
19946,0.000000000000000000000006709709244062437
19957,0.00005685046386429383
19968,0.000000000000017852666412594922
19969,0.0000000000000000000000000000000000000000000000000000000000000000000000000000000000000000000000000000000000000000044497957601204424
19972,0.00000000000000000000000000008680145628313596
19975,0.000000000000000000000000000000000000036688794075859336
19976,0.00000000000000000000000000000000000000017216211995559842
19978,0.6548686238581197
19982,0.0000000000000000000000000000000004001520707115583
19986,0.003925761159869392
19987,0.000000000000000000000000000000000000000000000000008983630502889552
19989,0.00000000000000000000000000000000012722290098915743
19993,0.000000000017520192361666495
20008,0.00047658353529085996
20011,0.0008609363397237226
20012,0.000047428018126685795
20013,0.000000849625901752503
20016,0.0000000000000000000000000000000013617990899453445
20018,0.00029479121357135253
20023,0.000000000000004585441376852924
20024,0.0000000000000000000000000000000000000000000052292660625508795
20030,0.0000000000000000000000000000000000000000004668193734118997
20031,0.00000000005799554526976125
20033,0.00000000000000000000000000000000000000000000003570686127061354
20035,0.000000000006690650430725466
20036,0.000000000008653320033515595
20045,0.000000000000000000000000000000000000000005368123392513658
20051,0.000000000010995365146481239
20057,0.9453404589462459
20058,0.0000000000000000000000000000000014295371689725192
20064,0.0000000000000000000000000000004577708290453212
20066,0.0000002878990384183497
20068,0.00000000000000000000000000000000000000000000000000000000008167734945769555
20069,0.000000000000000000000000000000000000000000000000000000000000000000003445912065295027
20070,0.8898873073799297
20071,0.000000000000007482032253623688
20075,0.0000000000000000000000000000000000000000000000000000000000000000000000000000000000000000000000000002719561656673907
20078,0.000000000000000000000000000000000000000000000000000195993411320454
20079,0.00000000000000000000000012274517569027058
20089,0.00000000000000000000000000000000000000013993818904517845
20090,0.0000000000000000000000000000000000000000000000000000000000000000000000026166738651663086
20095,0.0000000000000000000000000000000005729393274958819
20102,0.003581613015419687
20108,0.000000000000000000000000000000008180877056302445
20110,0.000000014247665334746844
20112,0.021219980780965573
20117,0.008026081956455952
20118,0.000004378156973737156
20121,0.0000000000000000000000022940493046874985
20123,0.0000000000000000000000000000021908487943725746
20141,0.000000000000000000000000000000000000007240987311200009
20143,0.000000000000000000000000007564863168673567
20150,0.00000000000000000000000000000000000000000000067857035704030805
20151,0.0000000000000008428526858445649
20153,0.00000000000000000000000000000000000000000000000016139416904322633
20154,0.0000000000000000000000000000006628204084427439
20159,0.0000007349820480997111
20160,0.00000000000000000020742630699502287
20164,0.00000000000000000016218726460240917
20165,0.000000000000000000000036568820652577297
20166,0.0017914306988212577
20168,0.008576510584296888
20178,0.0000000000000000001163439947479297
20182,0.000013998259094620095
20185,0.000000000000000000000011019406334972662
20190,0.000000000000000000000000000000000007339447252625716
20192,0.00000000000000000010787389035434666
20201,0.0000000000000000039774843945065275
20203,0.000000000000000019644856140855428
20204,0.0000000000000000000000000000000000000000000000000000000000000000000000000000000000000000000000000000032293094409062654
20205,0.0000000000000000000000000000000000003974885592951625
20209,0.00000000000000000000000000018013163929838496
20223,0.011710824694297947
20225,0.00000000000000000000000000000000000000000000000000000000000000000000989139704813911
20226,0.0000000000000000000000000000000000000000000000000000000000000000000000000017063573241082968
20228,0.00000000000000000000000000000000000000009472320765904438
20229,0.000000000000000000000000000000000000008957228674529784
20236,0.0000000000000009441486556243207
20245,0.16425566325051758
20251,0.0000000000000000000010314775362968425
20260,0.0000000000000000000000000000000000000000000000000000000000000000000000000000000000000000000000000000000000000000000000000000000000000000000000000000000000000000000000000000000000000000000000000000000000026901105873314662
20261,0.000000000000000000000000000000000000000000000000000000000000000000000000000000000000000000000000000000000000000000000000000000000000000000000000000000000000000000000000000000000000000000000000000000000000000000007778717443298324
20264,0.00000000000000000000000000000000000000000000000000000000000000000000000000000000000000000000000000000000000000000000000000000000000000000000000000000000000000000000000000000000000000000000000000000000000000000000000000000000000000000000018356756895379914
20265,0.00000000000000000000000000000000000000000000000000000000000000000000000000000000000000000000000000000000000000000000000000000000000000000000000000000000000000000000000000000000000000002373178190783764
20267,0.000004610039309512943
20270,0.0000000000000000000000000000000000000000000000000000000000000000000000000000000000000000000000000000000000000000000000000000000000000000000000000000000000000000000000000000000000000000000000000002181321757871483
20272,0.000000000000000000000000000000000000000000000000000000000000000000000000000000000000000000000000000000000000000000000000000000000000000000000000000000000000000000000000000000000000000000000000000000000000000000000000000000000000000000000000000000000000000000012943198416982679
20273,0.00000000000000000000000000000000000000000000000000000000000000000000000000000000000000000000000000000000000000000000000000000000000000000000000000000000000000000000000000000000000000000000000000000000000000000000000000000000000000000000000000000000019777113195085082
20276,0.000000000000000000000000000000000000000000000000000000000000000000000000000000000000000000000000000000000000000000000000000000000000000000000000000000000000000000000000000000000000000000000000000000000000000000000000000018218986423759413
20277,0.0000000000000000000000000000000000000000000000000000000000000000000000000000000000000000000000000000000000000000000000000000000000000000000000000000000000000000000000000000000000000000000000000000000000446996954903611
20279,0.6949683829223104
20281,0.0000000000000000029353765524917962
20282,0.00000000000000000000000000000000000000000000000000000000000000000000000000000000000000000000000000000000000000000000000000000000000000000000000000000000000000000000000000000000000000000000000000000000000000000000000000000000000000000000000000000006266248979205876
20283,0.000000000000000000000000000000000000000000000000000000000000000000000000000000000000000000000000000000000000000000000000000000000000000000000000000000000000000000000000000000000000000000000000000000000000000000000000000000000000000001919374976970202
20286,0.000000000000000000000000000000029443309027220717
20287,0.00000000000000000000000000000000000000000000000000000000000000000000000000000000000000000000000000000000000000000000000000000000000000000000000000000000000000000000000000000000000000000000000000000000000000000000000000000000000000000000000000000000000000000000000000000000000000000000019914623838695793
20288,0.0004082463136080894
20289,0.000000000000000000009602116868389363
20290,0.0000000000000000000000000000000000000000000000000000000000000000000000000000000000000000000000000000000000000000000000000000000000000000000000000000000000000000000000000000000000000000000000000000000000001276781604175468
20291,0.0000000000000000023502044631863354
20292,0.0037516649065057403
20294,0.00000000000000000000000000000000000000000000000000000000000000000000000000000000000000000000000000000000000000000000000000000000000000000000000000000000000000000000000000000000000000000000000000000000000000000000000000000000000000000016696196784764776
20296,0.000000000000000000000000000000000000000000000000000000000000000000000000000000000000000000000000000000000000000000000000000000000000000000000000000000000000000000000000000000000000000000000000000000000000000000000000000000000000000000000000000000000000000000000000008614752877207828
20297,0.0032643657702069472
20298,0.0000000000000000000000000000000000000000000000000000000000000000000000000000000000000000000000000000000000000000000000000000000000000000000000000000000000000000000000000000000000000000000000000000000000000000000000000000000000000009776271164841423
20299,0.0000000000000000955804262306913
20300,0.0000000000000003648691171493305
20301,0.000000000000000000000000000000000000000000000000000000000000000000000000000000000000000000000000000000000000000000000000000000000000000000000000000000000000000000000000000000000000000000000016262274343336655
20302,0.000004256474637525138
20303,0.00000000000000000000000000000000000000000000000000000000000000000000000000000000000000000000000000000000000000000000000000000000000000000000000000000000000000000000000000000000000000000000000000000000000000000000000000024973096907338404
20304,0.000000000000000000000000000000000000000000000000000000000000000000000000000000000000000000000000000000000000000000000000000000000000000000000000000000000000000000000000000000000000000000000000000000000000000000000000000000000000000000000000000000000000000000000000000000028234698202768642
20306,0.000000002606381497540573
20307,0.00000000000000000000000000000000000000000000000000000000000000000000000000000000000000000000000000000000000000000000000000000000000000000000000000000000000000000000000000000000000000000000000000000018937509074917358
20309,0.00000000000000000000000000000000000000000000000000000000000000000000000000000000000000000000000000000000000000000000000000000000000000000000000000000000000000000000000000000000000000000000000000000000000000000000000000000000000000000000000000000000000000000000000000000004075499623121991
20310,0.000000000000000000000000000000000000000000000000000000000000000000000000000000000000000000000000000000000000000000000000000000000000000000000000000000000000000000000000000000000000000000000000000000000000000000000000004061693913149901
20312,0.0000000000000007382053851663592
20315,0.0000000000000000000000000000000000000000000000000000000000000000000002063610058134634
20316,0.0000000000000000000000000000000000000000000000000000000000000000000000000000000000000000000000000000000000000000000000000000000000000000000000000000000000000000000000000000006199538269915497
20318,0.0000000000000000000000000000000000000000000000000000000000000000000000000000000000000000000000000000000000000000000000000000000000000000000000000000000000000000000000000000000000000000000000000000000000000000000000000000000000000000000948732403853664
20319,0.000000000000000000000000000000000000000000000000000000000000000000000000000000000000000000000000000000000000000000000000000000000000000000000000000000000000000000000000000000000000000000000000000000000000000000000000000000003212301577365398
20321,0.00000000000000000000000000000000000000000000000000000000000000000000000000000000000000000000000000000000000000000000000000000000000000000000000000000000000000000000000000000000000000000000000000000000000000000073974450029696405
20324,0.00000000000000000000000000000000000000000000000000000000000000000000000000000000000000000000000000000000000000000000000000000000000000000000000000000000000000000000000000000000000000000000000000000000017250788675279215
20326,0.00000000000000000000000000000000011565246502242496
20327,0.0000000000000003053897415552847
20329,0.00000000000000000000000000000000000000000000000000000000000000000000000000000000000000000000000000000000000000000000000000000000000000000000000000000000000000000000000000000000000000000000000000000000000000000000003180157595310783
20331,0.000000022559519606500234
20333,0.0000000000018130812409310726
20334,0.0005518466147020627
20336,0.025249247699349043
20337,0.0000016154016149527619
20338,0.0000018022674607338776
20339,0.00000000000000000000000000000000000000000000000000000000000000000000000000000000000000000000000000000000000000000000000000000000000000000000000000000000000000000000000000000000000000000000000000000000000000000000000000000000000000000000000000000000000000000000000000000000000000000000000000000000000000000000000000000000336
20340,0.00000011240382348119399
20346,0.000000000000005183413592601112
20349,0.00000000000000000000000000000000000000000000000000000000000000000000000000000000000000000000000000000000000000000000000000000000000000000000000000000000000000000000000000000000000000000000000000000000000000000000000000000000000000000000000000000000000000000000000000000000000000000000000000021229755668957875
20350,0.00000000000000000000000000000000000000000000000000000000000000000000000000000000000000000000000000000000000000000000000000000000000000000000000000000000000000000000000000000000000000000000000000000000000000000000000000000000000000000000000000000000000000000000000000010481995811529051
20351,0.00000000000000000000000000000000000000000000000000000000000000000000000000000000000000000000000000000000000000000000000000000000000000000000000000000000000000000000000000000000000000000000000000038629661670951654
20353,0.000000000000000000024757124652332445
20355,0.000000004460683480750509
20356,0.000000001301952785540642
20357,0.0000000000000000000000000000000000000000000000000000000000000000000000000000000000000000000000000000000000000000000000000000000000000000000000000000000000000000000000000000000000000000000000000000000000000000000000000000000004016869456887011
20358,0.00000000000000000000000000000000000000000000000000000000000000000000000000000000000000000000000000000000000000000000000000000000000000000000000000000000000000000000000000000000000000000000009868082936057571
20359,0.000000000000000000000000000000000000000000000000000000000000000000000000000000000000000000000000000000000000000000000000000000000000000000000000000000000000000000000000000000015248684027259091
20360,0.000000000000036559325292703575
20362,0.000000035934854280669314
20363,0.00000004255087030199338
20364,0.0000000000000000000000000000000000000000000000000000000000000000000000000000000000000000000000000000000000000000000000000000000000000000000000000000000000014731232300653455
20367,0.000003665163597530476
20371,0.000000000000000000000000000347966237418509
20372,0.000000000000000000000000000000000000000000000000000000000000000000000000000000000000000000000000000000000000000000000000000000000000000000000000000000000000000000000000000000000000000000000000000000000000000000000000000000000013505049074081735
20374,0.00000000000000000000000000000000000000000000000000000000000000000000000000000000000000000000000000000000000000000000000000000000000000000000000000000000000000000000000000000000000000000000000000000000008276760866316782
20380,0.000000000000000000000000000004778528861610307
20382,0.00000000000000000000000000000000000000000000000000000000000000000000000000000000000000000000000000000000000000000000000000000000000000000000000000000000000000000000000000000000000000000000012646721864295664
20386,0.0000000000000002063614008470133
20388,0.00000023318283506692268
20389,0.0000000000000000000000000000000000000000000000000000000000000000000000000000000000000000000000000000000000000000000000000000000000000000000000000000000000000000000000000000000000000000000000000000000000000000000000000000000000000000000000000014458695315139534
20391,0.00000000000000000000000000000000000000000000000000000000000000000000000000000000000000000000000000000000000000000000000000000000000000000000000000000000000000000000000000000000000000000000000000000000013332095134675395
20393,0.689600675491303
20394,0.0000000000000000000000000000000000000000000000000000000000000000000000000000000000000000000000000000000000000000000000000000000000000000000000000000000000000000000000000000000000000000000000000000000000000000000000000000000000000000000000001895747611641656
20396,0.000000000000000000000000000000000000000000000000000000000000000000000000000000000000000000000000000000000000000000000000000000000000000000000000000000000000000000000000000000000000000000000000000000000000000000000000000000000000000000000000010487960714159058
20397,0.000000000000000010733759427656235
20399,0.0000000000000010568502742859272
20400,0.0000000000000000000000000000000000000000000000000000000000000000000000000000000000000000000000000000000000000000000000000000000000000000000000000000000000000000000000020804494564850074
20402,0.007153754449257103
20404,0.000000000000000000003564961840430976
20405,0.00000000000000000000000000000000000000000000000000000000000000000000000000000000000000000000000000000000000000000000000000000000000000000000000000000000000000000000000000000000000000000000000000000000000000000000000000000000000000000000000000000000000000032695094838153033
20406,0.00000000000000007020095139771112
20408,0.00000000000000000000000000000000000000000000000000000000000000000000000000000000000000000000000000000000000000000000000000000000000000000000000000000000000000000000000000000000000037236978296672816
20410,0.01736551754532424
20411,0.0000000000000000000000000000000000000000000000000000000000000000000000000000000000000000000000000000000000000000000000000000000000000000000000000000000000000000000000000000000000000000000000000000000000000000000000000000000000000000000000000034445095463794176
20412,0.00000000000000000000000000000000000000000000000000000000000000000000000000000000000000000000000000000000000000000000000000000000000000000000000000000000000000000000000000000000000000000000000010915838304133847
20413,0.000000000000000000000000000000000000000000000000000000000000000000000000027327101761836258
20414,0.00000000000000000000000000000000000000000000000000000000000000000000000000000000000000000000000000000000000000000000000000000000000000000000000000000000000000000000000000000000000000000000000000000000000000000479344592258217
20416,0.0000000000000000000000000000000000000000000000000000000000000000000000000000000000000000000000000000000000000000000000000000000000000000000000000000000000000011383957245339454
20418,0.00000000000000000000000000000000000000000000000000000000000000000000000000000000000000000000000000000000000000000000000000000000000000000000000000000000000000000000000000000000000000000000000000000000000000000000000000000000000000000000000000000000000000000000000000045024311558502173
20419,0.000000000000000000000000000000000000000000000000000000000000000000000000000000000000000000000000000000000000000000000000000000000000000000000000000000000000000000000000000000000000000000000000000000000000000000000000000000000000000000000000000000000000000028330321558849356
20420,0.00000000000000000000000000000000000000000000000000000000000000000000000000000000000000000000000000000000000000000000000000000000000000000000000000000000000000000000000000000000000000000000000000000000000000000000000000000000000000000000000000000000000000007918338842429673
20421,0.03526954743093549
20422,0.00000000000002330795854367202
20424,0.00000000000000000000000000000000000000000000000000000000000000000000000000000000000000000000000000000000000000000000000000000000000000000000000000000000000000000000000000000000000000000000000000000000000000000000000000000000000000000000000000000000000000000000000000000000000000000000000000000000000066067258393499385
20426,0.00000000000000000000000000000000000000000000000000000000000000000000000000000000000000000000000000000000000000000000000000000000000000000000000000000000000000000000000000000000000000000000000000000000000000000000000007054626440217401
20427,0.000000000000000000000000000000000000000000000000000000000000000000000000000000000000000000000000000000000000000000000000000000000000000000000000000000000000000000000000000000000000000000000000000000000000000000000000000000000000000009167757653230188
20429,0.000000000000000000000000000000000000000000000000000000000000000000000000000000000000000000000000000000000000000000000000000000000000000000000000000000000000000000000000000000000000000000000000000000051131922968801874
20430,0.00000000000000000000000000000000000000000000000000000000000000000000000000000000000000000000000000000000000000000000000000000000000000000000000000000000000000000000000000000000000000000000000000000000000000000000000000000000000013806991711608102
20432,0.0000000000000000000000000000000000000000000000000000000000000000000000000000000000000000000000000000000000000000000000000000000000000000000000000000000000000000000000000000000000000000000000000004939008360350798
20435,0.0000000000000003311363301101403
20436,0.0000000000000000000000000000000000000000000000000000000000000000000000000000000000000000000000000000000000000000000000000000000000000000000000000000000000000000000000000000000000000000000000000000000000000000000000000000000000000000000000000000000000000000000000000000000009502022381788726
20437,0.000000000000000000000000000000000000000000000000000000000000000000000000000000000000000000000000000000000000000000000000000000000000000000000000000000000000000000000000000000000000000000000000000000000000000015850991069912358
20438,0.0000000000000000000000000000000000000000000000000000000000000000000000000000000000000000000000000000000000000000000000000000000000000000000000000000000000000000000000000023860327827876886
20439,0.0000000000000000000000000000000000000000000000000000000000000000000000000000000000000000000000000000000000000000000000000000000000000000000000000000000000000000000000000000000000000000000000000000000000000000019227974112336614
20442,0.00000000000000000000000000000000000000000000000000000000000000000000000000000000000000000000000000000000000000000000000000000000000000000000000000000000000000000000000000000000000000000000000000000000000000000000000000000000000000000000000000000000021585484221038585
20443,0.00000000000000000000000000000000000000000000000000000000000000000000000000000000000000000000000000000000000000000000000000000000000000000000000000000000000000000000000000000000000000000000000000000000000000000000000000000000000000000000000000000000000000000000000000000000000000000000000000000000018355531677087422
20444,0.5980953783061977
20446,0.00000000000000000000000000000000000000000000000000000000000000000000000000000000000000000000000000000000000000000000000000000000000000000000000000000000000000000000000000000000000000000000000000000000000000000000000000000000020795974718446702
20447,0.00000000000000000000000000000000000000000000000000000000000000000000000000000000000000000000000000000000000000000000000000000000000000000000000000000000000000000000000000000000000000000000000000000000000000000000000000000000000000000000000000000000000000000007854420017619548
20448,0.0000000000000000000000000000000000036401390758278654
20449,0.0000012219672767920376
20450,0.0000000000000000000000000000000000000000000000000000000000000000000000000000000000000000000000000000000000000000000000000000000000000000000000000000000000000000000000000000000000000000000000000000000000000000000000000000000000000000000000000000000000000000000000000000000004963828665847282
20451,0.00000003220773274698322
20452,0.000000000000000000000000000000000000000000000000000000000000000000000000000000000000000000000000000000000000000000000000000000000000000000000000000000000000000000000000000000000000000000000000000000000000000000000000000000000000000000000000000005439047074408921
20455,0.00000000000000000000000000000000000000000000000000000000000000000000000000000000000000000000000000000000000000000000000000000000000000000000000000000000000000000000000000000000000000000000000000000000000000000000000000000000000000000000000000000000000000000000000000003791906199802001
20456,0.000000031697777551957084
20458,0.00000000000000000000000000000000000000000000000000000388332653860992
20459,0.000000000000000000000000000000000000000000000000000000000000000000000000000000000000000000000000000000000000000000000000000000000000000000000000000000000000000000000000000000000000000000000000000000000000000000000000000000000016717557195434533
20460,0.8144329081040524
20461,0.000000014697807316998451
20462,0.000000000000000000000000000000000000000000000000000000000000000000000000000000000000000000000000000000000000000000000000000000000000000000000000000000000000000000000000000000000000000000000000000000000000000000000000000000000000000000000000000000000000000000000000000000000000000000000000000000004334836858589851
20463,0.8820949686610609
20465,0.000000000000000000000000000000000000000000000000000000000000000000000000000000000000000000000000000000000000000000000000000000000000000000000000000000000000000000000000000000000000000000000000031976088381524503
20466,0.0000000000000000000000002160149765858304
20469,0.000000000000000000000000000000000000000000000000000000000000000000000000000000000000000000000000000000000000000000000000000000000000000000000000000000000000000000000000000000000000000000000000000000000000000000000000000000000000000000000000000006926055409291257
20470,0.000000000000000000000000000000000000000000000000000000000000000000000000000000000000000000000000000000000000000000000000000000000000000000000000000000000000000000000000000000000000000000000000000000000000000000000000008151909488804458
20471,0.000000000000000000000000000000000000000000000000000000000000000000000000000000000000000000000000000000000000000000000000000000000000000000000000000000000000000000000000000000000000000015987730148013127
20472,0.00000000000000000000000000000000000000000000000000000000000000000000000000000000000000000000000000000000000000000000000000000000000000000000000000000000000000000000000000000000000000000000000000000000000000000000000000000000005088927068370399
20473,0.000000014120483429939832
20475,0.0000000000000000000000000000000000000000000000000000000000000000000000000000000000000000000000000000000000000000000000000000000000000000000000000000000000000000000000000000000000000000000000000000000000025309284040107918
20476,0.0000000000008618455031097211
20478,0.0000000000000000000000000000000000000000000000000000000000000000000000000000000000000000000000000000000000000000000000000000000000000000000000000000000000000000000000000000000000000000000000000000000000000000000000000000000000000000001490097423079151
20481,0.0000011270970563099663
20482,0.00000000000000000000000000000000000000000000000000000000000000000000000000000000000000000000000000000000000000000000000000000000000000000000000000000000000000000000000000000000000000000000000000000007735204346616216
20484,0.000000013610148532070997
20485,0.000015286304150609946
20487,0.00000000000000000000000000000000000000000000000000000000000000000000000000000000000000000000000000000000000000000000000000000000000000000000000000000000000000000000000000000000000000000000000000000000000000000000000000000000000000000000000000000000000000000000000000000006195987102522575
20488,0.1273384410715979
20489,0.000000000000000000000000000000000000000000000000000000000000000000000000000000000000000000000000000000000000000000000000000000000000000000000000000000000000000000000000000000000000000000000000000000000000000000000000000000000000000000000000000020068887441138647
20490,0.000000000000000000000000000000000000000000000000000000000000000000000000000000000000000000000000000000000000000000000000000000000000000000000000000000000000000000000000000000000000000000000000000000000000000000000000000596218648362235
20492,0.0000002658648200114722
20493,0.000000000000000000000000000000000000000000000000000000000000000000000000000000000000000000000000000000000000000000000000000000000000000000000000000000000000000000000000000000000000000000000000000000000000000000000000000000000000000000012392741256193073
20494,0.00000000000000000000000000000000000000000000000000000000000000000000000000000000000000000000000000000000000000000000000000000000000000000000000000000000000000000000000000000000000000000000000000000000000000000011019325502339022
20496,0.000000000000000000000000000000000000000000000000000000000000000000000000000000000000000000000000000000000000000000000000000000000000000000000000000000000000000000000000000000000000000000000000000000000000000000000000000000000000000000000000000000028200846452497777
20497,0.0000000030340149358507823
20502,0.0000000000000000000000000000000000000000000000000000000000000000000000000000000000000000000000000000000000000000000000000000000000000000000000000000000000000000000000000000000000000000000000000000000000000000000000000000000000000000005018911441229128
20503,0.000000000000000000000000000000000000000000000000000000000000000000000000000000000000000000000000000000000000000000000000000000000000000000000000000000000000000000000000000000000000000000000000000000000000000000000000009181185526364118
20504,0.00000000000000000000000000000000000000000000000000000000000000000000000000000000000000000000000000000000000000000000000000000000000000000000000000000000000000000000000000000000596071337583034
20505,0.0000000000000000000000000000000000000000000000000000000000000000000000000000000000000000000000000000000000000000000000000000000000000000000000000000000000000000000000000000000000000000000000000000000000000000000000017339453497963463
20506,0.0004330188778738659
20507,0.0000000000000000000014414447172479962
20508,0.0000000000000000000595232343566105
20509,0.0000000000000000000000005872133833427124
20512,0.000000000000000000000000000000000000000000000000000000000000000000000000000000000000000000000000000000000010980812195375494
20520,0.0000000000000000000000007552282370498674
20524,0.00000000000000000001833123164060042
20533,0.000017550528959921156
20534,0.00003349389130268393
20536,0.000000000000000000000000000008655069861769413
20544,0.0000000000000000000000000000000008862895864369179
20549,0.005848513450551076
20551,0.0000000000000000000000000000000013990984062153529
20553,0.00000000000000000000000000000000000000000000075085755878437
20555,0.000000000000000000000000000000000000000003190683265548669
20561,0.000000000000000000000024633374045269138
20565,0.00011370232933063503
20571,0.00000000000000000000000000000000000000000000000010242889443465284
20578,0.00000004740009374551715
20581,0.00000000000000000000000000000000000000000000000000000000000000000000000000000000000000000008424267991455401
20584,0.00000000000000000000000000000000000000000000000007908191090753002
20586,0.00000000023654932906610325
20593,0.04042863644928908
20595,0.00000000000000000000000019017194547164994
20596,0.0000000000032218698323528373
20608,0.9331559328457518
20615,0.00781648615663355
20616,0.00000000000000000000000000000000000000000000000000026462743755289453
20620,0.000000000000000000000000033358389039442344
20621,0.0000000013149944332147662
20622,0.00000000000000000000000000000000000000017076533977158845
20625,0.00000000000000000000000000003288588201695779
20627,0.000000000000000000000000000000000000000000000000002928878749100724
20628,0.000000000000000000000000000009010794106911637
20629,0.000000000000000000000000000001543946486511838
20631,0.0000000000000000000000000000000000000000000000013686485299496012
20639,0.0000000000000000000000013978003098219904
20650,0.0000000000000000000000000000000000000000000051004239726344706
20655,0.0000000000000000000000000000000006628974102848087
20658,0.00000000000000000000000009815959568006129
20661,0.00000000012249921968976444
20662,0.00000004013538125972289
20665,0.004412553798388033
20668,0.19906248991024406
20671,0.00000000000000000000000000000000000000000014992576644590003
20672,0.0000000000000335895560300448
20675,0.0000000000000000000000005107192343905794
20678,0.0000000000000000000000000000000000000000000000000000000000000000000000000000004908711476626697
20681,0.0000005695069365458549
20683,0.00000000000011339622683409556
20688,0.0000000000000000000000000000016289527529442764
20691,0.0000000000000000000000000000000000004114163153833573
20692,0.0000000000006446373756005762
20695,0.0000013728967929558712
20696,0.000000000000000000000000000000000000000000000009276199103936562
20699,0.00000000000000000000000000000000000000000000000000000000000000000000027014121360663878
20704,0.00000005203830813589846
20710,0.00000000000000000000000000000000000000000000000000000000000000000000000000010642265108098902
20712,0.0000000000000000000000000000028477021728032397
20719,0.018411860437015284
20721,0.00000000000000000000000000000000023910666813368516
20727,0.0000000000000000000015809033408146088
20729,0.00000000000000000000000000000000000000000000000000000000000010322620327216503
20731,0.00000000000000000000003001077240465384
20734,0.0000000000000000000000000000000000017417005712441393
20736,0.0000000000000000028794352293431545
20738,0.0005266218733947498
20744,0.000000000000000000000000000000000000025931365644337006
20754,0.0000000000015571885219063365
20757,0.14823039373985206
20760,0.000000006914356695432836
20762,0.15117398211117253
20765,0.000000000000000000000000000008406044297877895
20784,0.0000000000000000000000000000000000000000000000000023872259775573837
20785,0.000000013419897412267854
20788,0.000000000000000000000000000000000006339759879131753
20791,0.0000000000000000000000000000000000000000000000000000039166613933370146
20800,0.00000000000000000000000000000000000011989835055390058
20801,0.00000000000000000000000000000000000000016797660338161475
20808,0.0000000000000000000000568374012568451
20816,0.00000000000000000088525430984866
20818,0.0000000000000000000000000000000000000000000000000000000000000000000000000000000000000000000013459125482825753
20825,0.0000000000000000000000000000000000000023255773698577413
20831,0.00000000000001009991330393168
20832,0.000000000000000000000000966484086979891
20833,0.000000000000000000000000066947972846038
20837,0.0000000000000000000000000000000000000000000000000000000025253136553550072
20840,0.000000000156583707759077
20844,0.000013028927173692299
20848,0.000000029069806242470837
20849,0.00000000000000000000000000000000000000000000000000000000008444876171891836
20852,0.000000000000000000000000018205638036588275
20853,0.00000000000000000000000200214367770377
20855,0.00000000000000000000000000000000018765539465858211
20861,0.28361231148546645
20864,0.000000000000000000000000027137705997464455
20869,0.00000000000042113409570888954
20872,0.000000000000000000001840124345749455
20874,0.00000000000000000000000000000000000000000000000000000000001886329550176382
20875,0.000000000000000000000000000024572601580895034
20877,0.7109471883125155
20881,0.000000000000000000000000000000000000000000000024202148359812317
20883,0.0030342821263451914
20885,0.0000000000000000000000000000011390958473927296
20890,0.0000000000000000000000000000000000000009643318028619748
20891,0.033609377504734805
20893,0.0018891509461132687
20899,0.00000000019394623963725663
20916,0.00000000000000000000000000000000000000000000000000000000000000000000000000000000000000000000000000000000000000000000000000000000000000000000000000000000000000000000000000000000000000000000000000000000000000000000000000000000000000000000000000000000000000000000000000000000000000011940691231160377
20917,0.00000000000000000000000000000000000000000000000000000000000000000000000000000000000000000000000000000000000000000000000000000000000000000000000000000000000000000000000000000000000000000000000000000000000000000000000000000000000000000000000000000000000000000000000000000000000000000000000000000305228149246278
20918,0.00000000000000000000000000000000000000000000000000000000000000000000000000000000000000000000000000000000000000000000000000000000000000000000000000000000000000000000000000000000000000000000000000000000000000000000000000000000000000000000000006939037915649899
20919,0.000000000000000000000000000000000000000000000000000000000000000000000000000000000000000000000000000000000000000000000000000000000000000000000000000000000000000000000000000000000000000000000000000000000000000000008179022049666768
20921,0.000000000000000000000000000000000000000000000000000000000000000000000000000000000000000000000000000000000000000000000000000000000000000000000000000000000000000000000000000000000000000000000000000000000000000000000000000000000000000000000000000000000000000000000000000000000000000000000000000000000000000000005751187669603376
20923,0.000000000000000011425832858000386
20928,0.0011921976021702723
20929,0.000000000000000000000000000000000000000000000000000000000000000000000000000000000000000000000000000000000000000000000000000000000000000000000000000000000000000000000000000000000000000000000000000000000000000000000000000025633947924353427
20931,0
20932,0.00000000000000000000000000000000000000000000000000000000000000000000000000000000000000000000000000000000000000000000000000000000000000000000000000000000000000000000000000000000000000000000000000000000000000000000000000000949357448104138
20934,0.0000000000000010316016575057202
20935,0.0000000000000000000000000000000000000000000000000000000000000000000000000000000000000000000000000000000000000000000000000000000000000000000000000000000000000000000000000000000000000000000009600748129435203
20936,0.00003132959112392074
20940,0.09777959011878205
20943,0.000000000000000000000000000000000000000000000000000000000000000000000000000000000000000000000000000000000000000000000000000000000000000000000000000000000000000000000000000000000000000000000000000000036178662074608135
20944,0.00000000000000000000000000000000000000000000000000000000000000000000000000000000000000000000000000000000000000000000000000000000000000000000000000000000000000000000000000000000000000000000000000000000000000000000000000027249663604409443
20945,0.00000000000000000000000000000000000000000000000000000000000000000000000000000000000000000000000000000000000000000000000000000000000000000000000000000000000000000000000000000000000000000000000000000000000000000006458796828603127
20947,0.00000000000000000000000000000000000000000000000000000000000000000000000000000000000000000000000000000000000000000000000000000000000000000000000000000000000000000000000000000000000000000000000000000000000000000036132550522846985
20948,0.0000000008103863809919177
20949,0.00000000000006943132635152553
20950,0.0000000000000000000000000000000000000000000000000000000000000000000000000000000000000000000000000000000000000000000000000000000000000000000000000000000000000000000000000000000000000000000000000000000000000000000000000000000000000000000000000000000000000000000000000000000041414544565296214
20954,0.000000000000000000000000000011165390181242049
20956,0.00000000000044369217371855167
20957,0.000004531761455460292
20962,0.000000000000000000000000000000000000000000000000000000000000000000000000000000000000000000000000000000000000000000000000000000000000000000000000000000000000000000000000000000000000000000000000000000000000000001919298651055565
20965,0.000000000000000000000000000000000000000000000000000000000000000000000000000000000000000000000000000000000000000000000000000000000000000000000000000000000000000000000000000000000000000000000000000000000000000000000000000000000000000000000000000000000000000000000033256585467013735
20966,0.0000000000000000000000000000000000000000000000000000000000000000000000000000000000000000000000000000000000000000000000000000000000000000000000000000000000000000000000000000000000000000000000000000000000000000000000000000000000000000000000000000000000000000000000000000000000000000013493346679473208
20968,0.00000000000000000000000000000000000000000000000000000000000000000000000000000000000000000000000000000000000000000000000000000000000000000000000000000000000000000000000000000000000000000000000000000000000000000000000000000000000000000000000000000000000000000000000000000000000000007675002514688631
20969,0.0000000000000000007363409711938445
20970,0.00000000000000000000000000000000000000000000000000000000000000000000000000000000000000000000000000000000000000000000000000000000000000000000000000000000000000000000000000000000000000000000000000000000000000000000000000000000000000009506739574849172
20971,0.00000000000000000000000000000000000000000000000000000000000000000000000000000000000000000000000000000000000000000000000000000000000000000000000000000000000000000000000000000000000000000000000000000000000000011376924780717855
20974,0.0000000000000000000000000000000000000000000000000000000000000000000000000000000000000000000000000000000000000000000000000000000000000000000000000000000000000000000000000000000000000000000000000000000000000000000000000000000000000000000000000000000000000000000000008967774699455406
20975,0.00000000000000000000000000000000000000000000000000000000000000000000000000000000000000000000000000000000000000000000000000000000000000000000000000000000000000000000000000000000000000000000000000000000000000000000000000000000000000000000000000000000000000000000000000000000024991873944643616
20976,0.000000000000000000000000000000000000000000000000000000000000000000000000000000000000000000000000000000000000000000000000000000000000000000000000000000000000000000000000000000000000000000000000000000000000000000000000000000000000000000000000000000009070553684475592
20977,0.000000000000000000000000000000000000000000000000000000000000000000000000000000000000000000000000000000000000000000000000000000000000000000000000000000000000000000000000000000000000000000000000000000000000000000000000000000009514865243161342
20978,0.00000000000000000000000000016893690421171571
20980,0.00000000000000000000000000000000000000000000000000000000000000000000000000000000000000000000000000000000000000000000000000000000000000000000000000000000000000000000000000000000000000000000000000000000000000000000000000000000000000000000000000000000000000852771701281946
20981,0.000000000000000000011076553240181346
20982,0.00000000000000000000000000000000000000000000000000000000000000000000000000000000000000000000000000000000000000000000000000000000000000000000000000000000000000000000000000000000000000000000000000000000000000000000000000000000000000000000000000000000000027497393646715303
20991,0.7973636046389487
20992,0.0000000000000000000000000000000000000000000000000000000000000000000000000000000000000000000000000000000000000000000000000000000000000000000000000000000000000000000000000000000000000000000000000000000000000000000000007757806249562956
20994,0.000000000000000000000000000000000000000000000000000000000000000000000000000000000000000000000000000000000000000000000000000000000000000000000000000000000000000000000000000000000000000000000002527448508041664
20995,0.00000000000000000000000000000000000000000000000000000000000000000000000000000000000000000000000000000000000000000000000000000000000000000000000000000000000000000000000000000000000000000000000000000000000000000000000000000000000000000000000000000000000000000000000000000000000000000000000000011532557084829334
20997,0.16309272473960254
20999,0.0000003513304230896914
21001,0.0000000000000000000000000000000000000000000000000000000000000000000000000000000000000000000000000000000000000000000000000000000000000000000000000000000000000000000000000000000000000000000000000000000000000000000000000000000000000000000000000000000000000000013473947274043462
21002,0.0000037384438494974614
21005,0.00000000000000000000000000000000000000000000000000000000000000000000000000000000000000000000000000000000000000000000000000000000000000000000000000000000000000000000000000000000000000000000000000000000000000000000000000000000000000000000000000000000000000000000000000000000958409556122196
21006,0.000000000000000000000000000000000000000000000000000000000000000000000000000000000000000000000000000000000000000000000000000000000000000000000000000000000000000000000000000000000000000000000000000000000000000000000000000000000000000000000000000000000000000000000000000000000000000000000000000000908709296183176
21007,0.000000000000000000000000000000000000000000000000000000000000000000000000000000000000000000000000000000000000000000000000000000000000000000000000000000000000000000000000000000000000000000000000028558581417057756
21008,0.0000000000000000000000000000000000000000000000000000000000000000000000000000000000000000000000000000000000000000000000000000000000000000000000000000000000000000000000000000000000000000000000000000000000000000000000000000000000000000000000000000000000000000000000000008550993621929473
21009,0.00000000000000000000000000000000000000000000000000000000000000000000000000000000000000000000000000000000000000000000000000000000000000000000000000000000000000000000000000000000000000000000000000000000000000000000000000000000000000000000000000000000000000000000000000000000000021787099232002795
21010,0.00000000000000000000000000000000000000000000000000000000000000000000000000000000000000000000000000000000000000000000000000000000000000000000000000000000000000000000000000000000000000000000000000000000000000000000000000000000000000000000000000000000000000000000000000000000000000000006680991516860148
21012,0.00000000000000000000000000000000000000000000000000000000000000000000000000000000000000000000000000000000000000000000000000000000000000000000000000000000000000000000000000000000000000000000000000000000000000000000000000000000000000000000000299817070568616
21013,0.000000000000000000000000000000000000000000000000000000000000000000000000000000000000000000000000000000000000000000000000000000000000000000000000000000000000000000000000000000000000000000000000000000000000000000000000000000000000000000000000000000000000028864933230901464
21014,0.0007990974172584075
21015,0.0000000000000000000000000000000000000000000000000000000000000000000000000000000000000000000000000000000000000000000000000000000000000000000000000000000000000000000000000000000000000000000000000000000000000000000000000000000000000000000000000000000000000000000000007903677534316726
21016,0.05553752530075608
21019,0.2608250905344046
21020,0.000000000000000000000000000000000000000000000000000000000000000000000000000000000000000000000000000000000000000000000000000000000000000000000000000000000000000000000000000000000000000000000000000000000000000000000000000000000000000000000000000000000000000000000000000000000000000000000000000000000000000000000542920295669564
21022,0.00000000000000000027185515772180333
21024,0.0000000000000000000000000000000000000000000000000000000000000000000000000000000000000000000000000000000000000000000000000000000000000000000000000000000000000000000000000000000000000000000000000000000000000000000000000000000012100127879900769
21026,0.000000000000000000000000000000000000000000000000000000000000000000000000000000000000000000000000000000000000000000000000000000000000000000000000000000000000000000000000000000000000000000000000000000000000000000000000000000000000000000000000000000000000000000000000919235783461094
21027,0.0000065079694272464
21029,0.6002983344606235
21031,0.8699219914600841
21032,0.00000000000000000000000000000000000000000000000000000000000000000000000000000000000000000000000000000000000000000000000000000000000000000000000000000000000000000000000000000000000000000000000000000000000000000000000000000000000000000000000000000000000000000000017217312962608822
21033,0
21034,0.000000000000000000000000000000000000000000000000000000000000000000000000000000000000000000000000000000000000000000000000000000000000000000000000000000000000000000000000000000000000000000000000000000000000000000011579719807173199
21035,0.0000000000000000000000000000000000000000000000000000000000000000000000000000000000000000000000000000000000000000000000000000000000000000000000000000000000000000000000000000000000000000000000000000000000000000000000000000000000000000000000000000000000000000000000000000000000000000000000000000000000249607706048218
21037,0.001807819164221662
21038,0.00000000000000000000000000000000000000000000000000000000000000000000000000000000000000000000000000000000000000000000000000000000000000000000000000000000000000000000000000000000000000000000000000000000000000000000000000000000000000000000000000000000000000000000000000000015971265681308403
21039,0.000000000000000000000000000000000000000000000000000000000000000000000000000000000000000000000000000000000000000000000000000000000000000000000000000000000000000000000000000000000000000000000000000000000000000000000000000000000000000000000000000000000000000000000000000000000000000000000000000000000000000008370400827375301
21041,0.000000000000000000000000000000000000000000000000000000000000000000000000000000000000000000000000000000000000000000000000000000000000000000000000000000000000000000000000000000000000000000000000000000000000000000000000000000000000000000000000000000000000000000000000000002535941006152533
21042,0.16063961243464991
21043,0.00000000006429140290863654
21044,0.00000000000000000000000000000000000000000000000000000000000000000000000000000000000000000000000000000000000000000000000000000000000000000000000000000000000000000000000000000000000000000000000000000000000000000000000000000000000000000000000000000000000000000000000000000000000000000000000000000000000000000000000000000000175
21045,0.000000000000000000000000000000000000000000000000000000000000000000000000000000000000000000000000000000000000000000000000000000000000000000000000000000000000000000000000000000000000000000000000000000000000000000000000000000000000000000000000000000000000000000000000000000000000000000000010138224340592615
21046,0.0000000000000000000000000000000000000000000000000000000000000000000000000000000000000000000000000000000000000000000000000000000000000000000000000000000000000000000000000000000000000000000000000000000000000000000000000000000000000000000000000000000000025152802394091103
21047,0.00000000000000000000000000000000000000000000000000000000000000000000000000000000000000000000000000000000000000000000000000000000000000000000000000000000000000000000000000000000000000000000000000000000000000008751862447038765
21049,0.00000000000000000000000000000000000000000000000000000000000000000000000000000000000000000000000000000000000000000000000000000000000000000000000000000000000000000000000000000000000000000000000000000000000000000000000000000000000000000000000000000000000000000000000000000000000000000000000000010505621525456075
21050,0.0000000000000000000000000000000000000000000000000000000000000000000000000000000000000000000000000000000000000000000000000000000000000000000000000000000000000000000000000000000000000000000000000000000000003562556342897996
21052,0.0000000000000000000000000000000000000000000000000000000000000000000000000000000000000000000000000000000000000000000000000000000000000000000000000000000000000000000000000000000000000000000000000000000000000000000000000000000000000000000000000000000000000035886616657458386
21053,0.00000000000000000000000000000000000000000000000000000000000000000000000000000000000000000000000000000000000000000000000000000000000000000000000000000000000000000000000000000000000000000000000000000000000000000000000000000000000000000000000000000000000000000000000005348135046732135
21055,0.0000000000000000000000000000000000000000000000000000000000000000000000000000000000000000000000000000000000000000000000000000000000000000000000000000000000000000000000000000000000000000000000000000000000000000000000000000000000000000000000000000024136144864007734
21058,0.6341363549704789
21060,0.00000000000000000000000000000000000000000000000000000000000000000000000000000000000000000000000000000000000000000000000000000000000000000000000000000000000000000000000000000000000012130692322058797
21061,0.6220817643823037
21062,0.00000000000000000000000000000000000000000000000000000000000000000000000000000000000000000000000000000000000000000000000000000000000000000000000000000000000000000000000000000000000000000000000000000000000000000000000028691408872803634
21063,0.0000000000000000000000000000000000000000000000000000000000000000000000000000000000000000000000000000000000000000000000000000000000000000000000000000000000000000000000000000000000000000000000000000000000000000000000000000000000000000000000000000000000008347295677766785
21064,0.0000000000000000000000000000000000000000000000000000000000000000000000000000000000000000000000000000000000000000000000000000000000000000000000000000000000000000000000000000000000000000000000000000000000000000005265523252851131
21065,0.000000000000000000000000000000000000000000000000000000000000000000000000000000000000000000000000000000000000000000000000000000000000000000000000000000000000000000000000000000000000000000000000000000000000000000000000000000000000000000000000000000000000000000000000000013430982404023073
21067,0.0000000000000000000000000000000000000000000000000000000000000000000000000000000000000000000000000000000000000000000000000000000000000000000000000000000000000000000007815631812247479
21068,0.00000000000000000000000000000000000000000000000000000000000000000000000000000000000000000000000000000000000000000000000000000000000000000000000000000000000000000000000000000000000000000000000000000000000000000000000000000000000000000000000010589626102395198
21070,0.00000000000000000000000000000000000000000000000000000000000000000000000000000000000000000000000000000000000000000000000000000000000000000000000000000000000000023681924788797034
21071,0.0000000000000000000000000000000000000000000000000000000000000000000000000000000000000000000000000000000000000000000000000000000000000000000000000000000000000000000000000000000000000000000000000000000000000000000000000000000000000000000000000000000000000000011219238256179326
21072,0.00000000000000000000000000000000000000000000004441821867379715
21073,0.00000000000000000000000000000000000000000000000000000000000000000000000000000000000000000000000000000000000000000000000000000000000000000000000000000000000000000000000000000000000000000000000000000000000007357405487419667
21074,0.0000000000000000000000000000000000000000000000000000000000000000000000000000000000000000000000000000000000000000000000000000000000000000000000000000000000000000000000000000000000000000000000000000000000000000000000000000000000000000000000022243750850914314
21075,0.004782699831895449
21076,0.15879732016962234
21077,0.004773255624942519
21078,0.000000000000000000000000000000000000000000000000000000000000000000000000000000000000000000000000000000000000000000000000000000000000000000000000000000000000000025109218344326
21079,0.0001085103577493003
21083,0.000000000000000000000000000000000000000000000000000000000000000000000000000000000000000000000000000000000000000000000000000000000000000000000000000000000000000000000000000000000000000000000000000000000000000000000000000000000000000000000000000000009548828060448068
21088,0.0000000916642961680228
21089,0.000000000000000000000000000000000000000000000000000000000000000000000000000000000000000000000000000000000000000000000000000000000000000000000000000000000000000000000000000000000000000000000000000000000000000000000000000000000000000000000000000000000000000000000000000000000000000000000000000000000000000000000000000015733876
21090,0.0005436847209350053
21095,0.00000000000000000000000000000000000000000000000000000000000000000000000000000000000000000000000000000000000000000000000000000000000000000000000000000000000000000000000000000000000000000000000000000000000000000000000000000000000000000000000000000000015530286284551752
21096,0.000000000000000000021954822814716486
21099,0.000000000000000000000000000000000000000000000000000000000000000000000000000000000000000000000000000000000000000000000000000000000000000000000000000000000000000000000000000000000000000000000000000000000000000000000000000000000000000000000000000000000000000001453591631607498
21100,0.0000000000000000000000000000000000000000000000000000000000000000000000000000000000000000000000000000000000000000000000000000000000000000000000000000000000000000000000000000000000000000000000000000000000000000000000000000000000000000000000000000000000000000365053361889596
21101,0.0008536554626090449
21105,0.00000000000000000000000000000000000000000000000000000000000000000000000000000000000000000000000000000000000000000000000000000000000000000000000000000000000000000000000000000000000000000000000000000000000000000000000000000000000000000000000000000000000000000000000000039884469516701654
21106,0.0003172784360020344
21107,0.00000000000000000000000000000000000000000000000000000000000000000000000000000000000000000000000000000000000000000000000000000000000000000000000000000000000000000000000000000000000000000000000000000000000000000000000000000005129600221924757
21111,0.00000000000000000000000000000000000000000000000000000000000000000000000000000000000000000000000000000000000000000000000000000000000000000000000000000000000000000000000000000000000000000000000000000000000000000000000000000000000000000000000000000000000000000000000000000000000000000000000000011656694192506423
21113,0.0000000000000000000000000000000000000000000000000000000000000000000000000000000000000000000000000000000000000000000000000000000000000000000000000000000000000000000000000000000000000000000000000000000000000000000000000000004588484899503768
21114,0.0000000000000000000000000000000000000000000000000003700769952379042
21116,0.00000007375381865273538
21117,0.00000000000000000000000000000000000000000000000000000000000000000000000000000000000000000000000000000000000000000000000000000000000000000000000000000000000000000000000000000000000000000000000000000000000000000000000000000000000000000000000000000000000000000000000000000000000000000000000000000000000000000000567320763300175
21118,0.09870839948321515
21119,0
21120,0
21121,0.0000000000000000000000000000000000000000000000000000000000000000000000000000000000000000000000000000000000000000000000000000000000000000000000000000000000000000000000000000000000000000000000000000000000000000000000000000000000000000000000000000000000000000000000000000000011588296700529353
21123,0.000000000000000000000000000000000000000000000000000000000000000000000000000000000000000000000000000000000000000000000000000000000000000000000000000000000000000000000000000000000000000000000000000000000000000000000000000000000000000000000000000000000000006044569946589611
21125,0.0000020031719411154115
21126,0.000000000000000000000000000000000000000000000000000000000000000000000000000000000000000000000000000000000000000000000000000000000000000000000000000000000000000000000000000000000000000000000000000000000000001744937334730183
21127,0.09832836077066234
21128,0.000000000010295216643643417
21129,0.0000000000000000000000000000000000000000000000000000000000000000000000000000000000000000000000000000000000000000000000000000000000000000000000000000000000000000000000000000000000000000000000000000000000000000000000000000000000000000000000000000000000000000000000000000000007413982907892282
21130,0.000000000000000000000000000000000000000000000000000000000000000000000000000000000000000000000000000000000000000000000000000000000000000000000000000000000000000000000000000000000000000000000000000000000000000000000000000000000000000000000000000000000000000000000000000000000000000000000000000000000000000000000000008071135115
21132,0.000000004674455257460467
21133,0.0000000000000000000000000000000000000000000000000000000000000000000000000000000000000000000000000000000000000000000000000000000000000000000000000000000000000000000000000000000000000000000000000000000000000000000004822259029309735
21136,0.000000000000000000000000000000000000000000000000000000000000000000000000000000000000000000000000000000000000000000000000000000000000000000000000000000000000000000000000000000000000000000000000000000000000000000000000000000000000000000000000000000000000000000000000000000000791968616576418
21137,0
21138,0.0003608119952126194
21139,0.006524792982997956
21140,0.0000000000000000000000000000000000000000000000000000000000000000000000000000000000000000000000000000000000000000000000000000000000000000000000000000000000000000000000000000000000000000000000000000000000000011657864968225582
21143,0.010761877480242696
21144,0.00000000000955155600667001
21145,0.1550884757231255
21146,0.00000000000000000000000000000000000000000000000000000000000000000000000000000000000000000000000000000000000000000000000000000000000000000000000000000000000000000000000000000000000000000000000000000000000000000000000000000000000000000000000000000000000000000000000000000000000000000000000000005438301255949065
21148,0.0000000000007554401634803939
21150,0
21151,0.000000000000000000000000000000000000000000000000000000000000000000000000000000000000000000000000000000000000000000000000000000000000000000000000000000000000000000000000000000000000000000000000000000000000000000000000000000000000000000000000000000000000000000000000000000000000009453748554692743
21152,0.0064462325032898435
21153,0.00000000000000000000000000000000000000000000000000000000000000000000000000000000000000000000000000000000000000000000000000000000000000000000000000000000000000000000000000000000000000000000000000000000000000000000000000000000000000000000000000000000559290923825454
21154,0.000000000000000000000000000000000000000000000000000000000000000000000000000000000000000000000000000000000000000000000000000000000000000000000000000000000000000000000000000000000000000000000000000000000000000000000000000000000000000000000000000000000000000000000000000000000000000000000000000000028982029326074115
21157,0.0000000000000008847301807999936
21158,0.9593190594725556
21159,0.0000000000000000000000000000000000000000000000000000000000000000000000000000000000000000000000000000000000000000000000000000000000000000000000000000000000000000000000000000000000000000000000000000000248130095379839
21167,0.00000000289933590850315
21168,0.00000000000000040323390366970445
21171,0.0013996057796163046
21172,0.00019893671584710442
21175,0.000000000000000000000000000000000000000000000000000000000000000000000000000000000000000000000000000000000000000000000000000000000000000000000000000000000000000000000000000000000000000000000000000000000000000000000000000000000000000000000000000000000000000000000060602651294220545
21179,0.000000000000000000000000000000000000000000000000000000000000000000000000000000000000000000000000000000000000000000000000000000000000000000000000000000000000000000000000000000000000000000000000000000000000000000000000000000000026668864705430083
21180,0
21181,0.0000000000000000000000000000000000000000000000000000000000000000000000000000000000000000000000000000000000000000000000000000000000000000000000000000000000000000000000000000000000000000000000000000000000000000000000000000000001841459105369449
21184,0.000005793061558360923
21185,0.0000000000000000000000000000000000012698363719868645
21188,0.00000000000000011096832918263241
21191,0.002360129329306903
21193,0.04507617950299834
21199,0.000000000000047507743946908626
21201,0.00000000009446630447100809
21203,0.00000000025593591499143754
21210,0.000000000000000000000000000000000000000000000017106065670519511
21213,0.000000000000025381476203367916
21220,0.000000000020267764096397874
21221,0.000000000000000000000000010201199216865044
21226,0.00000000000000000000000000000000000000000012628009940045837
21227,0.000000000000000001735813718216877
21231,0.000000000000008852434985391352
21234,0.00000000000000000000000000000014924098268226676
21235,0.00000000000000000000000000000000000000000000001795064951977197
21240,0.000000009557634019482876
21241,0.000000000000000000000000000039685993275698156
21243,0.00000000000000000000000000000000000000000000000000000000000004180425746961755
21244,0.000000000000000036302498218654275
21245,0.0000000000000000015819903093860578
21246,0.00000000000000000000000000000000000000000063872945100640345
21247,0.000000000000000000000010854255983860409
21250,0.0000000000000000000000000000000000000000000000000000000000008453612967565088
21258,0.0000000000000000000000000000000000000000000000000000000004050415277127014
21260,0.00000000000000000000000000000000000000000000000000007290521511716481
21262,0.0000000000000000000000004368602725598308
21267,0.00000000000000000000000000000000000000000000000000000000038040623788074025
21271,0.000000000000000000000000000000006033211954083232
21272,0.000000000000000000000000000000000000013153010129028609
21273,0.000000000000000000000000000000000003305584838711837
21274,0.000000000000000000000000000000000000000000009383241486226339
21275,0.000000000000000000000000000000000000000000000035018704194179267
21276,0.0004704387129928487
21279,0.0000000000000000000000000000000000000000000000000000000000000000000010826414497234145
21289,0.0000000000000000108531795804206
21295,0.02234884174161424
21300,0.000000000000000000000000000000020471957650975252
21304,0.000000000036076582643625885
21306,0.000000000000000000000000000000000000000000000000000000000000000000000000000000000000000000000000009268707434629907
21309,0.0000000000000000000000000620202848697308
21311,0.00000037260715901818624
21312,0.0000000000000000000000000000000000000000000000000000000000000000000000000000000000000000000000000000000000000000000000000000000000000000000000000000005787770826365928
21315,0.0000000000000000000000000000000000000000000000000000000000000000000000000000017439558434506292
21317,0.0002031778306146699
21323,0.00000000000000000000000000000000000000000000000000000000000011023688257478822
21326,0.00000000000000018155811302109884
21329,0.000000000016516462601804137
21336,0.01849396432992904
21342,0.000000004246076816092412
21346,0.00000000000000000000000000000000001747040576727815
21350,0.00000000000000000000000381511297618409
21351,0.000000000000000000000000000000000000000000000000000000000000000002801221446703829
21359,0.000000000000000000000000000000000000000000000000000011471573306791176
21362,0.18413405142049696
21367,0.00000007685038879901885
21373,0.8245398620046638
21374,0.000000000000000000000000000000000000000000000000000000000000008720535195149208
21377,0.0000000000000000000000000000000007217337175731219
21379,0.0002258785318648509
21382,0.0000000006030020964836623
21383,0.00000000004407440508743419
21386,0.0000000000000000000004963513331930227
21387,0.000000000000000000000000000000036799959667616817
21389,0.000000000000000000000000000000000000000000000000000000000000000000000006626140205261346
21392,0.0000000000000000000000000000000000000000000000000000000043184750076766077
21393,0.0000000000000000000000000000000000000000000000000000000000000005402462911870025
21397,0.228060389230065
21398,0.0000000000000000000000000005875813500991565
21403,0.000000000000000000000000000000000000000000000000000000000000000000000000000000000005556002495553312
21407,0.000000000000000013956601567250876
21410,0.000000000000000000000000000000000000000000000000000000000000000000000000000000000000000000000000000000012366205010285234
21411,0.13784553780400152
21416,0.0000000000000000000004939868936197231
21423,0.000000000000000000000000000000000000000000038954887691709497
21427,0.000000000000000000000000000000000000000000000000000000000000000000000000000000000000000001447337588256008
21429,0.00000000000000000000000000000000000000000000000000000000000000000000000000000000016853051022695463
21444,0.18179619036124628
21449,0.00000000000000000000000000000000000000000000000000000000000000000000005994974065701269
21458,0.0000000000000000000000000000000000000000008598070959712888
21459,0.00000000000000000000000000000000000000033445998954530294
21460,0.0000000000000000000028011054237896602
21461,0.00000000000000000000000000000000000000000000000000000000000000000000000000000000000000000000000000000000000000011849919649142744
21464,0.0000000000000000000000000000000060554573922400735
21470,0.0000000000005775763243055581
21471,0.0000005326054654938039
21476,0.000000007708321072127016
21483,0.00000000000000006674474381507262
21486,0.000000000000000039829720668985854
21489,0.00001902192281545438
21495,0.000000000000000000000000000000000000000000000006277445000082269
21516,0.00000000000000000005554913813100099
21519,0.000000014429335762803896
21522,0.000000000000000000000000000000000000000000027590215193025193
21531,0.0000012720911445906256
21533,0.000000000000000000000000000040088317764555805
21537,0.000000000000000000000000000000000000000000000000000000000000000000000000017328378782906182
21553,0.00000000000000000034348753093112264
21556,0.0000000000000000000000000017606670260901156
21557,0.000000000000004671281764044793
21558,0.0000000000003674067994038428
21562,0.0000000000000000000000000000000000000000000000001733327514318139
21566,0.0000000000000000000000000003268645547676337
21571,0.000000000000000000002335497796716925
21576,0.000000000000000000000000000000000000000000000000000000000000023567608178883606
21577,0.00000000000000000000000000000000000000000000000000000000031751905036351223
21578,0.0000000000000000000000000000000000000000000000000000000000000000000000000000000000000000000000000000002840073336906867
21581,0.00022767440020475142
21586,0.000023093174083367724
21587,0.00000000000000000000000000000000000000000000000000000000000000000000000000000000000000000000000000000000000000000000000000000000000000000000000000000000000000000000000000000000000000000000000000000000000000000000000000000000000000000000000000000000000000000000000001774262637764911
21589,0.000000000000000000000000000000000000000000000000000000000000000000000000000000000000000000000000000000000000000000000000000000000000000000000000000000000000000000000000000000000000000000000000000000000000000000000000000000000000000000000000000000000000000000000000000000000000000000000000000000000000000000000000000000000237
21590,0.7051311163341784
21592,0.00000000000000000000000000000000000000000000000000000000000000000000000000000000000000000000000000000000000000000000000000000000000000000000000000000000000000000000000000000000000000000000000000000000000000000000000000000000000000000000000000000000000000000000000000000010781107181817629
21593,0.000000000000000000000044567790937962736
21594,0.0000000000000000000000000000000000000000000000000000000000000000000000000000000000000000000000000000000000000000000000000000000000000000000000000000000000000000000000000000000000000000000000000000000000000000000000000000000000000000000000000000000000000000000000000000000000000000000000000000000000000000003254199784588735
21595,0.00000000000000000000000000000000000000000000000000000000000000000000000000000000000000000000000000000000000000000000000000000000000000000000000000000000000000000000000000000000000000000000000000000000000000000000000000000000000000000000000045501037235750696
21596,0.8566710429759954
21598,0.00000000000000000000000000000000000000000000000000000000000000000000000000000000000000000000000000000000000000000000000000000000000000000000000000000000000000000000000000000000000000000000000000000000000000000000000000000000000000000000000000000000000000000000000000000000000000000000000000000000000000000000000000000000001
21599,0.000000000000000000000000000000000000000000000000000000000000000000000000000000000000000000000000000000000000000000000000000000000000000000000000000000000000000000000000000000000000000000000000000000000000000000000000000000000000000000000000000000023030836243631844
21601,0.000000000000000000000000000000000000000000000000000000000000000000000000000000000000000000000000000000000000000000000000000000000000000000000000000000000000000000000000000000000000000000000000000000000000000000000005657074407774134
21602,0.000000000014517889990376366
21603,0.8214957480423715
21606,0.0002929855472792709
21607,0.000000000000000000000000000000000000000000000000000000000000000000000000000000000000000000000000000000000000000000000000000000000000000000000000000000000000000000000000000000000000000000000000000000000000000000000000000000000000000000000000000689222802901911
21608,0.000000000000000000000000000000000000000000000000000000000000000000000000000000000000000000000000000000000000000000000000000000000000000000000000000000000000000000000000000000000000000000000000000000000000000000000000000000000000000000000000000000000000000000000000000000000000000000029845609153622764
21610,0.000000000000000010415461370488467
21614,0.00000000000000000013779428089719578
21615,0.000000000000000000000000000000000000000000000000000000000000000000000000000000000000000000000000000000000000000000000000000000000000000000000000000000000000000000000000000000000000000000000000000000000000000000000000000000000000000000000000000000000000000000000000000000000000000000000000000000000000010511853248327121
21616,0.000000000000000000000000000000000000000000000000000000000000000000000000000000000000000000000000000000000000000000000000000000000000000000000000000000000000000000000000000000000000000000000000000000000000000000000000000000000000000006457877272244614
21617,0.16114121019900812
21618,0.0000000000000000000000000000000000000000000000000000000000000000000000000000000000000000000000000000000000000000000000000000000000000000000000000000000000000000000000000000000000000000000000001494634709462231
21619,0.000000000000000000000000000000000000000000000000000000000000000000000000000000000000000000000000000000000000000000000000000000000000000000000000000000000000000000000000000000000000000000000000000000000000000000000000000000000000000000000000000000000000019688407833074845
21621,0.00000000000000000000000000000000000000000000000000000000000000000000000000000000000000000000000000000000000000000000000000000000000000000000000000000000000000000000000000000000000000000000000000000000000000000000000000000000000000000000000000000000000000000000000018327820107565215
21622,0.0000000000000000000000000000000000000000000000000000000000000000000000000000000000000000000000000000000000000000000000000000000000000000000000000000000000000000000000000000000000000000000000000000000000000000000000000000000000000000000000000000000000000000000000000000000000000000000000000000000000000009879831162468855
21623,0.0000732279889909984
21624,0.00000000000000000000000002378548108273366
21625,0.014004959320134158
21635,0.004023521086742057
21637,0.000000000000000000000000000000000000000000000000000000000000000000000000000000000000000000000000000000000000000000000000000000000000000000000000000000000000000000000000000000000000000000000000000000000000000000000000000000000000000000000000000000000000000000000000000000000000000000000000000000000000003430880436197702
21638,0.0004081884163205932
21642,0.003666306456194451
21643,0.000000000000000000000000000000000000000000000000000000000000000000000000000000000000000000000000000000000000000000000000000000000000000000000000000000000000000000000000000000000000000000000000000000000000000000000000000000000000000000000000000000000000000000000000060638271315645086
21645,0.07786407507241841
21648,0.00000026776045078240036
21650,0.00000000017408325474207126
21651,0.0000000000000000000000000000000000000000000000000000000000000000000000000000000000000000000000000000000000000000000000000000000000000000000000000000000000000000000000000000000000000000000000000000000000000000000000000000000000000000000000000000000028818901296749664
21652,0.0000000000000000000000000000000000000000000000000000000000000000000000000000000000000000000000000000000000000000000000000000000000000000000000000000000000000000000000000000000000000000000000000000000000000000000000000000000000000000000000000000000000000000000000000004338154895358856
21655,0.0000000000000000000028845800015188597
21656,0.00000000000000000000000000000000000000000000000000000000000000000000000000000000000000000000000000000000000000000000000000000000000000000000000000000000000000000000000000000000000000000000000000000000000000000000000000000000000000000054118900721273666
21659,0.003513702018540456
21661,0
21662,0.000000000000000000000000000000000000000000000000000000000000000000000000000000000000000000000000000000000000000000000000000000000000000000000000000000000000000000000000000000000000000000000000000000000000000000000000000000000000000000000000000000000000000000000000000000000000000002600945361260265
21664,0
21666,0.000000000007964734110336373
21667,0
21670,0.000000000040731777935994034
21672,0
21674,0.5876234321979007
21675,0.000000000000000000000000000000000000000000000000000000000000000000000000000000000000000000000000000000000000000000000000000000000000000000000000000000000000000000000000000000000000000000000000000000000000000000000000000000000000000000000000000000000000000001074392253520032
21676,0.0000000000000000007215945751073567
21677,0.0000000000000000000000000000000000000000000000000000000000000000000000000000000000000000000000000000000000000000000000000000000000000000000000000000000000000000000000000000000000000000000000000000000000000000000000000000000000000000000000000004535974475271026
21679,0.0000000000000000000000000000000000000000000000000000000000000000000000000000000000000000000000000000000000000000000000000000000000000000000000000000000000000000000000000000000000000000000000000000000000000000000000000000000000000000000000000000000000000000000000000000000000000000019190137408302267
21680,0.000000000000000000000000000000000000000000000000000000000000000000000000000000000000000000000000000000000000000000000000000000000000000000000000000000000000000000000000000000000000000000000000000000000000000000000000000000000000000000000000000000000000000000000000000000000000000000000000000000000000000000000000000000077
21682,0.0000000000000000000022764536072783804
21683,0.0000000000000000000003718772893320061
21685,0
21686,0.07637706461309127
21687,0.000000000000012311659080557808
21690,0.00000000000000000000000000000000000000000000000000000000000000000000000000000000000000000000000000000000000000000000000000000000000000000000000000000000000000000000000000000000000000000000000000000000000000000000000000000000000000000000000000000056620728235164766
21691,0.000000000000000000000000000000000000000000000000000000000000000000000000000000000000000000000000000000000000000000000000000000000000000000000000000000000000000000000000000000000000000000000000000000000000000000000000000000000000000000000000000000000004878949344582697
21693,0
21694,0.000000000000000000000000000000000000000000000000000000000000000000000000000000000000000000000000000000000000000000000000000000000000000000000000000000000000000000000000000000000000000000000000000000000000000000000000000000000000000000000000000000000000000000000000000000000000000000000000000000000000019664991304846772
21695,0.000000000000000000000000000000000000000000000000000000000000000000000000000000000000000000000000000000000000000000000000000000000000000000000000000000000000000000000000000000000000000000000000000000000000000000000000000000000000000000000000000000000000000000000000000000000000000006900321013636504
21696,0.41534084836678936
21697,0.000000000000000000000000000000000000000000000000000000000000000000000000000000000000000000000000000000000000000000000000000000000000000000000000000000000000000000000000000000000000000000000000000000000000000000000000000000000000000000000000009177405115185679
21698,0.00003992056754683057
21701,0.09364361769840636
21702,0.00000000000000000000000000000000000000000000000000000000000000000000000000000000000000000000000000000000000000000000000000000000000000000000000000000000000000000000000000000000000000000000000000000000000000000000000000000000000000000000000000000000000000000000000000033373591676944213
21703,0.000000000000000000000000009981170425342846
21705,0.0018616123407304414
21707,0.000000000000000000000000000000000000000000000000000000000000000000000000000000000000000000000000000000000000000000000000000000000000000000000000000000000000000000000000000000000000000000000000000000000000000000000000000000000000000000008856480270801878
21708,0.000000000000000000000000000000000000000000000000000000000000000000000000000000000000000000000000000000000000000000000000000000000000000000000000000000000000000000000000000000000000000000000000000000000000000000000000000000000000000000000000000000000000000000000000000000000000000000000798092085173051
21710,0
21711,0
21712,0.00000000000000000000022835632573449133
21714,0.0683669282384673
21715,0.0000000000000000000000000000000000000000000000000000000000000000000000000000000000000000000000000000000000000000000000000000000000000000000000000000000000000000000000000000000000000000000000000000000000000000000000000000000000000000000000000000000000000000000000000000000000004976111340056177
21716,0.1260156428861825
21720,0.00009340901163934487
21721,0.000000000002796246756711681
21722,0
21724,0.00000000000000000000000000000000000000000000000000000000000000000000000000000000000000000000000000000000000000000000000000000000000000000000000000000000000000000000000000000000000000000000000000000000000000000000000000000000000000000000000000000000000000000019099200992965568
21725,0.000000000031893750813050066
21726,0
21727,0.0000000000000000000000000000000000000000000000000000000000000000000000000000000000000000000000000000000000000000000000000000000000000000000000000000000000000000000000000000000000000000000000000000000000000000000000000000000000000000000000000000000000000000000000000000000000000000000000000000000000000000000000000000000003
21729,0.000000000000000000000000000000000000000000000000000000000000000000000000000000000000000000000000000000000000000000000000000000000000000000000000000000000000000000000000000000000000000000000000000000000000000000000000000000000000000000000000000000000000000000000000000000000000000000000000000000000000000000000000000000000173
21732,0.0000000000000000000000000000000000000000000000000000000000000000000000000000000000000000000000000000000000000000000000000000000000000000000000000000000000000000000000000000000000000000000000000000000000000000000000000000000000000000000000000000000000000000000000000000000003707384274000283
21734,0.021616212563255372
21735,0
21736,0
21737,0.013700912959933533
21739,0.0000000000000000000000000000000000000000000000000000000000000000000000000000000000000000000000000000000000000000000000000000000000000000000000000000000000000000000000000000000000000000000000000000000000000000000000000000000000000000000000000000000000000000000000000000000029938585325187982
21740,0.0000000000000000000000000000000000000000000000000000000000000000000000000000000000000000000000000000000000000000000000000000000000000000000000000000000000000000000000000000000000000000000000000000000000000000000000000000000000000000000000000000000000008426562299027492
21741,0
21743,0.000000000000000000000000000000000000000000000000000000000000000000000000000000000000000000000000000000000000000000000000000000000000000000000000000000000000000000000000000000000000000000000000000000000000000000000000000000000000000000000000000000000000000000000000000000000000000000000000000000000000000000000572257913881833
21747,0.00005871436382342701
21749,0.0000004901800086859969
21750,0.000000000000000000000000000000000000000000000000000000000000000000000000000000000000000000000000000000000000000000000000000000000000000000000000000000000000000000000000000000000000000000000000000000000000000000000000000000000000000000000000000000000000000000000011191005945830513
21751,0
21752,0.5195312534382228
21754,0.21495412694132734
21755,0
21756,0.00000000000000000000000000000000000000000000000000000000000000000000000000000000000000000000000000000000000000000000000000000000000000000000000000000000000000000000000000000000000000000000000000000000000000000000000000000000000000000000000000000000000000000000000000000000000002942361929478072
21757,0.0000000000000000000000000000000000000000000000000000000000000000000000000000000000000000000000000000000000000000000000000000000000000000000000000000000000000000000000000000000000000000000000000000000000000000000000000000000000000000000000000000000000000000000000005164457772762553
21758,0.11496393271640251
21760,0.0000000000000000000000000000000000000000000000000000000000000000000000000000000000000000000000000000000000000000000000000000000000000000000000000000000000000000000000000000000000000000000000000000000000000000000000000000000000000000000000000000000000000000000000000000000000000000000000000000016570159700974162
21763,0.000000008733808820135847
21764,0.000000000000000000000000000000000000000000000000000000000000000000000000000000000000000000000000000000000000000000000000000000000000000000000000000000000000000000000000000000000000000000000000000000000000000000000000000000000000000000000000000000000000000000000000000000000000000000000000000000000000000000013325519848430073
21765,0.000000028685100699218115
21766,0.000000000000000002778668010832279
21767,0.00000000000000000000000000000000000000000000000000000000000000000000000000000000000000000000000000000000000000000000000000000000000000000000000000000000000000000000000000000000000000000000000000000000000000000000000000000000000000000000000000000000000000000000000000000000000001842905997023489
21770,0.12342276779322121
21772,0.000000004135122529203001
21777,0
21778,0.0000000000000000000000000000000000000000000000000000000000000000000000000000000000000000000000000000000000000000000000000000000000000000000000000000000000000000000000000000000000000000000000000000000000000000000000000000000000000000000000000000000000000000000000000000000000000000000000000000000000026176208303580643
21779,0.00000000000000000000000000000000000000000000000000000000000000005817798158746016
21780,0.0000000000000000000000000000000000000000000000000000000000000000000000000000000000000000000000000000000000000000000000000000000000000000000000000000000000000000000000000000000000000000000000000000000000000000000000000000000000000000000000000000000000000000000000000000000000000000000000000000000000000000000002833505673523
21782,0.00000000000000000000000000000000000000000000000000000000000000000000000000000000000000000000000000000000000000000000000000000000000000000000000000000000000000000000000000000000000000000000000000000000000000000000000000000014117711508316313
21784,0.000000000000000000000000000000000000000000000000000000000000000000000000000000000000000000000000000000000000000000000000000000000000000000000000000000000000000000000000000000000000000000000000000000000000000000000000000000000000000000000000000000000000000000000000000000000000000000000007386626418653238
21788,0.00000000000000000000000000000000000000000000000000000000000008504167832903602
21794,0.000000000000000000000000000000000000000000000000000000000000000000000000000000000000000000000000000000000000000000000000000000000000000000000000000000000000009481633475857617
21796,0.0023651585971497945
21799,0.00014479919852399787
21801,0.0000000000000002336382563611035
21802,0.07271800934909152
21804,0.00000000000000000000000008937455149941436
21808,0.00000000000000000000006797032139612402
21810,0.0000000000000000000000000000000000000000000000000000000000003363726847002017
21811,0.000000000000000008324699851699844
21813,0.000000000000000000000000000000000000000000000000006944537382124629
21815,0.000000000015230392106031835
21816,0.2736212584507889
21826,0.004657616267340871
21828,0.00000000000000000011913652891465075
21829,0.00003397642816068049
21833,0.0000000000000006008185628580605
21838,0.0000000000000000000000000000000000000000000000000000000000000000000000008422128837345938
21844,0.00000000000000005597194682172572
21856,0.0000000000000000000000000000000000000043088172739148384
21861,0.0000000006946582476164562
21864,0.000860944281490006
21866,0.00000000000000000000000000000000000000000000000000005792746394763738
21871,0.000000000000000012743543826706613
21897,0.000000000000001398798573062875
21898,0.000000000000000000000000000000000000000000000000000000001285024518750768
21900,0.00000000000000000001775932356985269
21902,0.0002874398640825221
21903,0.000000000000000000000000000000000000000000000000000000016967181560584388
21904,0.000000000000000000000000000000000000000000000000000000000000000000000000000000000000000000000000000000000000000000000000000000000000000000000000000000000000000012978989161996252
21905,0.00000000000000000000000000000000000000000000000000000000000000000000004386293763369626
21906,0.0006207486092350043
21921,0.000000000000007275691913116456
21928,0.000000000000000000000000000000000000000000000000000000000000000000000000007516633705651225
21937,0.00000000000000000000000000015108389596786697
21938,0.0000000000000000000000000000000000000000000000000000000000000000005142722489523317
21940,0.00000000000000000000000000000000000000007803354107646255
21943,0.0000000022100747354269754
21948,0.00000000000000000000000000000014561049512820117
21949,0.000000000000000000000000000000000000000000000000008130846714327276
21950,0.00000000000000000000000000000000000000000000000000000000000000000000000000000000000000000000000000000000000000000000000000000000000000000000456569863006861
21953,0.00000001923114333687952
21962,0.00008446229731872151
21971,0.0000000000012972269652390591
21979,0.00000000000000000000000000000000000000000000000625413091787887
21980,0.000000000000000000000000000000000000000006187063406788656
21984,0.10988312220574512
21990,0.00000000000000000000000000000000000000000006819124648975185
21993,0.0000000000000000000000000000000000000000000000006844040974295526
21999,0.0000000000000000000000004310146628897269
22001,0.0000000000000000000000000000000000000000000000000000000000000000000000000004157243903651692
22005,0.0000000000000022150392538386172
22011,0.000000000000000000000000000000022284579831918726
22013,0.29795996221153287
22016,0.00000000000000000000000002536669193033175
22021,0.0000000000000000000000000000000000000000000000000000000000000000000000000000000000000000000000000017535587915877229
22025,0.0011781328236438353
22028,0.0000000000000000000000000000000000013427485082756935
22031,0.000000000000000000000000000003743685950754061
22032,0.00007211551978843758
22034,0.0000000000000000000000000000000000000000000000000000000000000003916220144940071
22038,0.000000000000000000000000000000000000000000000000000000000271635209660376
22049,0.00000000000000000000000000000000000000000000000000000000004589790337611705
22060,0.00000000000000000000000000000000000000011288766872735374
22064,0.00000000000000000000000000000000000000000000000000000000000000000000000000000000000000000000000000744151411457048
22065,0.000000000000000000000000010042660628263002
22079,0.0000000000000000000000000000000000000000000000000000000000000000000000000000000000000000000000015515746227211077
22080,0.0000000000000000000000000000000000000000000000000000000000000000000000000000000000000000000000000000000000000007998693391400853
22093,0.000000000000000000000000000003928851688680857
22094,0.000015263912477345744
22106,0.00000000000000000000002782191050316671
22109,0.00000000000000000000000000000000000000000000000000000000000000037292833389529965
22110,0.0000000000000000000000000000000000000000000000000000000000000000000011368948962921221
22111,0.00000000000000000000000000000000019804740370887622
22112,0.0000000000000000000000000000000000000000000000000000000000001758311422460386
22119,0.0000000000000000000000000000000000000051012414015039084
22130,0.0014261399044780743
22135,0.0000000000000000000000000000000003338822707732635
22138,0.0000000000000000000000003042062400475264
22140,0.0000000000000000000000000014673299710061198
22142,0.0008751372127626974
22146,0.000000000000000000000000002271741713828354
22147,0.000000000000000000000000000000000000000000000000000007101784996239456
22148,0.00000000000000000000004511480090077715
22150,0.11084842709512777
22153,0.00000000000000000000000000002757917795962429
22157,0.00000000000000000000000000000005086054022274394
22164,0.0000000000000000000000000000000000000011172783495201803
22166,0.4232351848002038
22169,0.0000000000000000000000000000000000000000000000000007565329263953632
22172,0.0000000000000000000000000000000000000000000000000000000000000000000000000000000000001350672575629554
22173,0.0000000000000000000000000000000000007988965853036502
22187,0.00000000000000000000000000000000000000000023123260020877566
22189,0.000000000000000000000000000000000000000000000000000000000000000000000000000000000000000000000000000000000000000000000000000000000000000000000000000000000000000000000000000000000000000000000000000000000000000000000000000000000000000000000000000000000000000000000000000000000000000000000000000003421556528957672
22192,0
22194,0.000000000000000000000000000000000000000000000000000000000000000000000000000000000000000000000000000000000000000000000000000000000000000000000000000000000000000000000000000000000000000000000000000000000000000000000000000000000000000000000000000000000000000000000000000000000000000000028395652910190343
22195,0
22196,0.0000001131015034613208
22197,0.00000000000000000000000000000000000000000000000000000000000000000000000000000000000000000000000000000000000000000000000000000000000000000000000000000000000000000000000000000000000000000000000000000000000000000000000000000000000000000000000000000000000000000000000000000000000000000000000000000000000000000000000000000000778
22198,0.0000000000000000003468098517163449
22199,0.001391636697923568
22203,0.0000000000000000000000000000000000000000000000000000000000000000000000000000000000000000000000000000000000000000000000000000000000000000000000000000000000000000000000000000000000000000000000000000000000000000000000000000000000000000000000000000000000000000000000000000000000000000000000000000000037378429856533735
22205,0.0000000000000000000011551704501029048
22206,0.0000000000000000000000000000000000000000000000000000000000000000000000000000000000000000000000000000000000000000000000000000000000000000000000000000000000000000000000000000000000000000000000000000000000000000000000000000000000000000000000000000000000000000000000000000000000000000000000000000000000020571872873592504
22207,0.000000000000000000000000000000000000000000000000000000000000000000000000000000000000000000000000000000000000000000000000000000000000000000000000000000000000000000000000000000000000000000000000000000000000000000000000000000000000000000000000000000000023400796109368853
22208,0.000000000000000000000000000000000000000000000000000000000000000000000000000000000000000000000000000000000000000000000000000000000000000000000000000000000000000000000000000000000000000000000000000000000000000000000000000000000000000000000000000000000000000000000000000000000000000000000000000000000000000000000000000025812657
22209,0
22210,0.0000000000000000000000000000000000000000000000000000000000000000000000000000000000000000000000000000000000000000000000000000000000000000000000000000000000000000000000000000000000000000000000000000000000000000000000000000000000000000000000000000000000000000000000000000000000000000000000000000000000004598960873433716
22211,0
22212,0
22214,0
22215,0.000000000014648049634495765
22218,0
22220,0
22226,0
22227,0.0000000000000000000000000000000000000000000000000000000000000000000000000000000000000000000000000000000000000000000000000000000000000000000000000000000000000000000000000000000000000000000000000000000000000000000000000000000000000000000000000000000000000000000000000000000000000000000000000000000000000006222998855789752
22229,0.00000000000000000000000000000000000000000000000000000000000000000000000000000000000000000000000000000000000000000000000000000000000000000000000000000000000000000000000000000000000000000000000000000000000000000000000000000000000000000000000000000000000000000014355016615099024
22230,0.0000000000000000000000000000000000000000000000000000000000000000000000000000000000000000000000000000000000000000000000000000000000000000000000000000000000000000000000000000000000000000000000000000000000000000000000000000000000000000000000000000000000000000000000000000000000012492708110491614
22233,0
22234,0.000000000000000000000000000000000000000000000000000000000000000000000000000000000000000000000000000000000000000000000000000000000000000000000000000000000000000000000000000000000000000000000000000000000000000000000000000000000000000000000000000000000000000000000000000000000000000000000000000000000000032158484982957946
22236,0.0000005936618621444477
22238,0.000000000000000000000000000000000000000000000000000000000000000000000000000000000000000000000000000000000000000000000000000000000000000000000000000000000000000000000000000000000000000000000000000000000000000000000000000000000000000000000000000000000000000000000000000000000000000000000000000000000000008984971084113384
22241,0.0000000000000000000000013622349493784254
22242,0.0000000005820686331885666
22243,0.000000000000000000000000000000000000000000000000000000000000000000000000000000000000000000000000000000000000000000000000000000000000000000000000000000000000000000000000000000000000000000000000000000000000000000000000000000000000000000000000000000000000000000000000000000000000000000000000000000000000000000000302504266456447
22245,0.00000000000000000000000000000000000000000000000000000000000000000000000000000000000000000000000000000000000000000000000000000000000000000000000000000000000000000000000000000000000000000000000000000000000000000000000000000000000000000000000000000000000000000000000000000000000000000000000000000000000000010919228103762365
22247,0.48799907560843125
22248,0.0000000000000000000000000000000000000000000004742352117149236
22249,0.5122870809443796
22250,0
22251,0
22252,0.00000000000000000000000000000000000000000000000000000000000000000000000000000000000000000000000000000000000000000000000000000000000000000000000000000000000000000000000000000000000000000000000000000000000000000000000000000000000000000000000000000000000000000000000000000000000000000000000000000000000000000000000001058578705
22253,0.000000000000000000000000000000000000000000000000000000000000000000000000000000000000000000000000000000000000000000000000000000000000000000000000000000000000000000000000000000000000000000000000000000000000000000000000000000000000000000000000000000000000000000000000000007851586033228334
22257,0.008884988331307138
22259,0
22261,0
22263,0
22264,0.00000000000000000000006320567256539595
22265,0.0018336539695463121
22267,0.000000000000000000000000000000000000000000000000000000000000000000000000000000000000000000000000000000000000000000000000000000000000000000000000000000000000000000000000000000000000000000000000000000000000000000000000000000000000000000000000000000000000000000000000000000000000000000000000000001425414280727112
22268,0.0000000000001646634429950723
22269,0.0000000000000000000000000000000000000000000000000000000000000000000000000000000000000000000000000000000000000000000000000000000000000000000000000000000000000000000000000000000000000000000000000000000000000000000000000000000000000000000000000000000000007468602336746499
22271,0
22272,0
22274,0.0000000000000000000004904438541731153
22275,0.00000019699338034233895
22277,0
22279,0.0000000000000000000000000000000000000000000000000000000000000000000000000000000000000000000000000000000000000000000000000000000000000000000000000000000000000000000000000000000000000000000000000000000000000000000000000000000000000000000000000000000000000000000000000000000000000000000000000000000000000000000000000000000074
22280,0.0000000000000000000000009151410528672426
22281,0
22282,0.0019958046733348192
22283,0.000007564730798992619
22286,0.2819504700193299
22289,0.0000000000000000000000000000000000000000000000000000000000000011632809928677935
22290,0.00005492666072984366
22292,0.000000000000000000000000000000000000000000000000000000000000000000000000000000000000000000000000000000000000000000000000000000000000000000000000000000000000000000000000000000000000000000000000000000000000000000000000000000000000019140408005658686
22294,0.00000000000000000000000000000000000000000000000000000000000000000000000000000000000000000000000000000000000000000000000000000000000000000000000000000000000000000000000000000000000000000000000000000000000000000000000000000000000000000000000000000000000000000000000000000000000041484384376087405
22298,0.48469236341135813
22299,0.0000000000000000000000000000000000000000000000007430875481233812
22302,0.00000008240291421082702
22304,0
22305,0.0012217267038385246
22306,0.00000000000000000005522795731578744
22307,0.00000000000000000000000000000000000000000000000000000000000000000000000000000000000000000000000000000000000000000000000000000000000000000000000000000000000000000000000000000000000000000000000000000000000000000000000007539968617451199
22308,0.00000000000000000000000000000000000000000000000000000000000000000000000000000000000000000000000000000000000000000000000000000000000000000000000000000000000000000000000000000000000000000000000000000000000000000000000000000000000000000000008778491597434445
22310,0.000000000000000000000000000000000000000000000000000000000000000000000000000000000000000000000000000000000000000000000000000000000000000000000000000000000000000000000000000000000000000000000000000000000000000000000000000000000000000000000000000000000000000000000000000000000000000000000000000000005502707725465221
22312,0.0000000000010176370197512292
22313,0.0000000000000000000000000000000000000000000000000000000000000000000000000000000000000000000000000000000000000000000000000000000000000000000000000000000000000000000000000000000000000000000000000000000000000000000000000000000000000000000000000000000000000000000000000000000000000000000000000000000000006077460980310985
22314,0
22316,0
22317,0
22318,0
22323,0.00000000000012187089894629522
22329,0.000000000000000000000000000000000000000000000000000000000000000000000000000000000000000000000000000000000000000000000000000000000000000000000000000000000000000000000000000000000000000000000000000000000000000000000000000000000000000000000000000000000000000000000000000000000002241625372726124
22331,0.000000000000000000000000000000000000000000000000000000000000000000000000000000000000000000000000000000000000000000000000000000000000000000000000000000000000000000000000000000000000000000000000000000000000000000000000000000000000000000000000000000000000000000000000000000000000000000000004176838414108237
22334,0.00000000000000000000000000000000000000000000000000000000000000000000000000000000000000000000000000000000000000000000000000000000000000000000000000000000000000000000000000000000000000000000000000000000000000000000000000000000000000000000000000000000023125555866768445
22336,0
22337,0.0028684580788253017
22338,0.0035461931250865384
22339,0
22340,0.000000000000000000000000000000000000000000000000000000000000000000000000000000000000000000000000000000000000000000000000000000000000000000000000000000000000000000000000000000000000000000000000000000000000000000000000000000000002982316410717444
22341,0.000000000000000000000000000000000000000000000000000000000000000000000000000000000000000000000000000000000000000000000000000000000000000000000000000000000000000000000000000000000000000000000000000000000000000000000000000000000000000000000000000000000000000000000000000000000000000000000000000000000000000000000019650864341417
22344,0.000000000000000000000000000000000000041038416594273294
22345,0
22346,0.00000000000000000000000000000000000000000000000000000000000000000000000000000000000000000000000000000000000000000000000000000000000000000000000000000000000000000000000000000000000000000000000000000000000000000000000000000000000000000000000000000000000000000000000000000000000000000000000000000000011893616593494625
22347,0
22349,0.00000000000000010400243828596621
22350,0.0008445394798589251
22351,0.000000000000000000000000000000000000000000000000000000000000000000000000000000000000000000000000000000000000000000000000000000000000000000000000000000000000000000000000000000000000000000000000000000000000000000000000000000000000000000000000000000000000000000000000000000000000000000000000000000000000000002597071575320068
22353,0.00000016446836840854273
22354,0.0000000000000000000000000000000000000000000012220823916898684
22355,0.00000000000000000000000000000000000000000000000000000000000000000000000000000000000000000000000000000000000000000000000000000000000000000000000000000000000000000000000000000000000000000000000000000000000000000000000000000000000000000000000000000000000000000000000000000000000000000000000000000000000000000000000000000013419
22357,0.00000000000000000000000000000000000000000000000000000000000000000000000000000000000000000000000000000000000000000000000000000000000000000000000000000000000000000000000000000000000000000000000000000000000000000000000000000000000000000000000000000000000000000000000000000000000000000000000000000000000000000000000093050062069
22358,0.000000000367034756099021
22359,0
22360,0.000000000000000000000000017660586699566446
22361,0.000000000000000000000000000000000008016444202307411
22362,0
22365,0.0000000037367470887952135
22366,0.000000000000000000000000000000000000000000000000000000000000000000000000000000000000000000000000000000000000000000000000000000000000000000000000000000000000000000000000000000000000000000000000000000000000000000000000000000000000000000000000000000000000000000000000000000000000000000000000000000000000001048380420994906
22369,0.09659396534906742
22372,0
22373,0.00000006642122928510919
22374,0.0000000662184935325451
22375,0.000000000000000000000000000000000000000000000000000000000000000000000000000000000000000000000000000000000000000000000000000000000000000000000000000000000000000000000000000000000000000000000000000000000000000000000000000000000000000000000000000000015586522556417033
22377,0
22378,0.000000000000000000000000000000000000000000000000000000000000000000000000000000000000000000000000000000000000000000000000000000000000000000000000000000000000000000000000000000000000000000000000000000000000000000000000000000000000000000000000000000000000000000000000000000000000000003559747607945725
22379,0
22380,0.000000000000000000000005351341552473687
22381,0.00000000000011968977894180588
22385,0.00000000000000000000000000000000000000000000000000000000000000000000000000000000000000000000000000000000000000000000000000000000000000000000000000000000000000000000000000000000000000000000000000000000000000000000000000000000000000000000000000000000000000000000000010247072270535879
22386,0.000000000001819072769045132
22389,0.000000000000000000000000000000000000003367501235920812
22398,0.00000000000000000000000000000000000000000009614368763071148
22402,0.00022808333938540204
22407,0.0000000000000000000000000000000000000000000000451569364034782
22409,0.0000000000000000021163725498972647
22411,0.00000000000004527109480111191
22417,0.00000000003841912447747939
22419,0.000000000000000000000000000000000000000000000036802434414536295
22423,0.00000000000000000000000000000000000000000000000000000000000000000000000000000000000000000000000000020469362597835245
22427,0.00000000000000000000002402145659321831
22432,0.00000000000000000000000000000000000000000000000000000000000000000000000000000000000000013647843005123424
22434,0.00003610329493490477
22436,0.00000000000000000000000000000000000000004442269987851543
22446,0.000000000000000000000000000000011410684344116187
22451,0.00000000000000000000346257790185388
22452,0.000000000000000001743351952312728
22453,0.0002179278040402879
22455,0.0034114290781489323
22456,0.00000000000000000000000000000000000000000000000000000000000000000000000000000016436492299498035
22459,0.0000000000000000000000000000000000000026963846809899277
22461,0.00000000000000000000000000000000000000000000000000006257746049783976
22468,0.00000008285761444102084
22469,0.9849916890853122
22470,0.000000000000000000000000000000000000000001029793766644063
22472,0.00000000000000000000000000000000000000000000000000047997545636962616
22473,0.000000236758700058637
22476,0.00000003755913632672905
22477,0.0000000000000000000000000000000000000000000000000000000000000000000000000000000000000000000000000000000000000000000014649767507495418
22478,0.00000006446341249934604
22479,0.00014012890951590296
22482,0.000000000000022523612993674075
22489,0.00010777119967644099
22493,0.002299137930834383
22494,0.000000000000000000000000000000000000000000000000000000000000000000000000000000000000002037812870608892
22501,0.00026161963171471276
22503,0.000000000000000000000004979151626497838
22505,0.0000000000000000000000000000000000000000000000000000000011078941640944154
22509,0.40676494876629693
22512,0.0000000000000000000000000000000000000000000018665364716091383
22515,0.0005908448394590606
22525,0.00000000000000000000000000000000000000000000000000000000026305894140894446
22529,0.00001593615993222617
22532,0.0000000000000000000000000000000000000000000000000000008512165647107542
22537,0.00000000000000000000000766882976652042
22541,0.00000000000000000000000000000000000000000000000000000000000000000000000000000000000000005615040448152543
22545,0.000000000000000000000000000000000000000000000000039636344823790115
22549,0.000000000000000000000000000000000000000000000000000000000000000005104803384459363
22556,0.000000000000000000000000000000000000000000000000000000000000000000000000000000000003973292864685433
22571,0.00028722465553939933
22572,0.039134989838946484
22573,0.00000000000000000000000000000000000000000000000000000000000010192916984219907
22576,0.000000000000000000000000000000000000000000000000000000000000000000000000000000025610106058006987
22579,0.000000337038734292025
22582,0.00017533998026843332
22592,0.0000000000000000000000000000000000000000000000000000000000000000000000000000000000000000000000000000000000000000000000000000000000005033252458018558
22596,0.00000000000000000000000000000000003864142836619095
22608,0.0000000000000000000003639717737779558
22611,0.000000000000000000000000000029233452316976865
22612,0.0000581337722821413
22618,0.000000000000000000000000000000000000000000000000030940220603787336
22619,0.00000000000000000000000000000000000000000000000000000000000000000000000000000000000000000000000000000000000000000015100038351262597
22625,0.000033356053030536265
22626,0.00000000000000000000000000001913108955652287
22631,0.000000000000000000000000000000000000000000000000000000000000000000000000000000000000000000000000000000000000000000010530446485735757
22632,0.0000000000000000000000000000000000000000000000000000000000000000000000000000000000000000000009156877462646649
22636,0.0000025840201326282324
22639,0.0000000000000000000000000000035891340331317694
22644,0.00000000000000000000016757612333810988
22648,0.22623167106020814
22650,0.000000000000000000011205341033693197
22654,0.024077902711741664
22656,0.0000000000000000000000000000000022862198703480294
22659,0.00000000000000000000000000000000000034193823593797813
22669,0.0000000000000000000000000000000000000000000000000000000000000000000000000000000000000000000000000000000000000000017567590337629353
22670,0.00000000000000000000000000000000000000005230442108509223
22673,0.000000000000000000000001514655464343916
22675,0.000000000000000000000000000000000000000000000000000000000003371288216238344
22677,0.000000000000000000000000000000000000000000000000000000000000000000000000000000000000001641876512295531
22680,0.00000000000000000000006137293942798222
22689,0.000000044470238379886856
22692,0.001238656651827417
22694,0.00000000000000000000000000000000000000000000000000000001162569806238511
22700,0.002662416179392858
22703,0.0000000000031862732962939524
22704,0.000000000000000000000000000000000000002128674341303338
22705,0.00000000000000000000000000000000000000000000000000000000000025744360068296117
22707,0.000000000003646890270577481
22708,0.1731957831018247
22713,0.000000000000000000000000000000000000000000000000000000000000000000029975585292461785
22721,0.0000000000000000000000000000000000000000000000000000000000000000000000000000000000000000000000000000041551470746913175
22727,0.000000000000000000000000000000000000000000000001941669631788761
22735,0.00000000000000000017927344603431503
22736,0.0000000000000000000000000000000000000000000000000000000000000000000000000000000000000000000000000000000000000063643382296530266
22740,0.00000000000002968820713264779
22747,0.000000000000000000000000007086208872553424
22751,0.00000000000000000000000000000019366711345694254
22757,0.0004277295799799027
22760,0.022099395271954366
22765,0.00000005578458036318498
22774,0.000000000000000000000000000000000000000000000000000000000000000000000000000000000000000000000000000001351751604836248
22775,0.00000000000028724113254936745
22776,0.0000000000000000000000000000000000000000000000000000000000000000000000000000011864045509941807
22779,0.000000000000000000000000000000000000000000000000000000000000000000000000000000000000000000000000000000000000000008002857954619901
22780,0.000000000000025212966910445436
22783,0.00000000000000000000004686349998483485
22785,0.0000000000000000000000000000000000000000000000000000000000000000000000000000003473264888477296
22787,0.000011085756948926645
22788,0.00000000000000000000000000000000000000000000000000000000000000000000000000000000000000263521719349143
22789,0
22790,0
22792,0
22793,0.07982673026338477
22794,0.000000000000000000000000000000004074928021523601
22795,0
22797,0
22798,0
22799,0
22800,0
22803,0.0002581438117809107
22805,0
22806,0.0000000000000000000000000000000022799746482906763
22809,0
22810,0.000000016523667325140233
22811,0.000000000000000000000000000000000000007212586532969637
22813,0.07908241851457071
22815,0.00000000000000000000000000000000000000000000000000000000000000000003402006883010185
22818,0
22819,0.000000000000000000000000000000000000000000000000000000000000000000000000000000000000000000000000000000000000000000000000000000000000000000000000000000000000000000000000000000000000000000000000000000000000000000000000000000000000000000000000000000000000000000000000003029721875158901
22820,0.0000000006801727501397142
22825,0.000000000000000000000000000000000000000000000000000016867702707473514
22828,0.0000004939368677313778
22830,0
22832,0.00000000000000000000000000000000000000000000000000000019453969246028282
22834,0
22835,0.005214590710034585
22837,0.0000000000857811021858197
22839,0
22846,0.0000000006143709879700181
22847,0
22850,0
22853,0
22854,0.000012761805860942439
22855,0
22856,0
22857,0.000000000000000000000000000000000000000000000000000000000000000000000000000000000000000000000000000000000000000000000000000000000000000000000000000000000000000000000000000000000000000000000000000000000000000000000000000000000000000000000000000000000000000000000000000000000000000000000000000000000000000000008564944103543396
22858,0.0005933002025557807
22859,0
22860,0.00000000000000000000000000000000000000000000000000000000000000000000000000000000000000000000000000000000000000000000000000000000000000000000000000000000000000000000000000000000000000000000000000000000000000000000000000000000000000000000000000000000000000000000000000000000000000000000000000000000000000005884534491897887
22861,0.000000000000000000000000000000000000000000000000000000000000000000000000000000000000000000000000000000000000000000000000000000000000000000000000000000000000000000000000000000000000000000000000000000000000000000000000000000000000000000000000000000000000000000000000000000000000000000000000000000000000000908294689434248
22862,0
22864,0.000000000000000000000000010871841909358837
22865,0
22866,0
22867,0
22869,0
22870,0.0000000000000000000000000000000000000000000000000000000000000000000000000000000000000000000000000000000000000000000000000000000000000000000000000000000000000000000000000000000000000000000000000000000000000000000000000000000000000000000000000000000000000000000032887758098929456
22872,0
22873,0
22879,0.0000000000000000000000000000000000000000000000000000000003568102096864494
22882,0.4462633451402261
22884,0
22885,0.00000000000000000000000000000000000000000000000000000000000000000000000000000000000000000000000000000000000000000000000000000000000000000000000000000000000000000000000000000000000000000000000000000000000000000000000000000000000000000000000000000000000000000000000000000000000000000000000000000000000000000000000000041752504
22888,0.00000000000000000000000000000000016486162412963566
22889,0.000000000000000000000000000000000000000000000000000005139117822448446
22891,0.000000000000000000024320501841811826
22893,0.00000000000000000000000000000000000000000000000000000000000000000000000000000000004051716525770844
22895,0
22896,0.000000000000000000000000000000000000000000000000000000000000000000000000000000000000000000000000000000000000000000000000000000000000000000000000000000000000000000000000000000000000000000000000000000000000000000000000000000000000000000000000000000000000000000000000000000000000000000004143076883583816
22898,0.000000000000000000000000000000000000000000000000000000000000000000000000000000000000000000000000000000000000000000000000000000000000000000000000000000000000000000000000000000000000000000000000000000000000000000002325457177025356
22899,0.00000000000000000000000000000000000000000000000000000000000000000000000000000000000000000000000000000000000000000000000000000000000000000000000000000000000000000000000000000000000000000000000000000000000000000000000000000000000000000000000000000000000000000000000000000000000000000000000000000000000000000000000000034984054
22900,0.0000000000000000000000000000000000000000000000000000000002132475621172326
22901,0
22903,0
22906,0
22907,0.00000000022040264650805425
22909,0.0023853929288117173
22916,0
22917,0.00000000000000000000000000000000000000000000000000000000000000000000000000000000000000000000000000000000000000000000000000000000000000000000000000000000000000000000000000000000000000000000000000000000000000000000000000000000000000000000000000000000000000000000000000000000000000000000000000000000000000000000000000116298864
22918,0.000000000000000007813758525778928
22919,0.000000000000000000019237018019328167
22921,0
22923,0
22925,0.000000000006180294000427029
22927,0.00000000000000000000000000000000000000000000000000000000000000000000003738127573226943
22928,0.00000000000000000000000000000000000000000000000000000000000000000000000000000000000000000000000000000000000000000000000000000000000000000000000000000000000000000000000000000000000000000000000000000000000000000000000000000000000000000000000000000000000000000000000000000000000000000000000000000000000000000000000000000001284
22931,0
22934,0.0018375083951648547
22937,0.0012874240852899705
22940,0
22941,0.000000000017426262581223584
22942,0
22943,0.0000000007677742130869806
22950,0.000000000000000000007721758376148854
22952,0.004730145749400258
22958,0.000000000000000000000000000000003381326081273803
22960,0.000000000000000000000000000000000000000000000000000000000008295910818069624
22961,0
22962,0.000000025888374834505376
22963,0
22964,0.000000000000000000000000000000000000000000000000000000000000000000000000000000000000000000000000000000000000000000000000000000000000000000000000000000000000000000000000000000000000000000000000000000000000000000000000000000000000000000000000000000000000000000000000000000000000000000000000000000000000000000000000008855996703
22965,0.000000000026337998670808607
22966,0.14607888928869237
22967,0.0000618464449768792
22968,0
22969,0
22970,0
22973,0
22976,0.000000000000000000000000000000000000000000000000000000000000000000000000000000000000000000000000000000000000000000000000000000000000000000000000000000000000000000000000000000000000000000000000000000000000000000000000000000000000000000000000000000000000000000003819897084732844
22978,0.7760297704921576
22979,0
22982,0
22984,0.00000000000000000000000000000000003292694529582329
22985,0
22986,0.0000000003522129185959523
22987,0
22988,0.0000000000000000000000000000000000000000000000000000000000000000000000000000000000000000000000000000000000000000000000000000000000000000000000000000000000000000000000000000000000000000000000000000000000000000000000000000000000000000000000000000000000000000000000000008697789331847262
22989,0
22990,0.00000000021982995411850147
22991,0.00000000000028507434725508985
22993,0
22994,0.5072858914442566
22995,0.0000014388212033854962
22996,0.8533749182738324
22997,0.000000000151751349265113
22998,0
23000,0.00000000000000000000000000000000000000000000000000000000000000000000000000000000000000000000000000000000000000000000000000000000000000000000000000000000000000000000000000000000000000000000000000000000000000000000000000000000000000000000000000000000000000000000000000000000000000000000000000006557628816724093
23003,0.0000000000000000000000000000000000000000000000000000000000000000000000000000000000000000000000000000000000000000000000000000000000000000000000000000000000000000000000000000000000000000000000000000000000000000000000000000000000000000000000000000000000000000000000000000000000000000000000000000000000022041410132857548
23008,0.0000000000000000000000000000000000000315856969915124
23009,0.0000000000000000000000000000000016648052879689228
23011,0
23012,0.0000000000000000000000000000000000000016435868774393627
23013,0.00023244507443012413
23016,0.00000000000000000000021530462639630794
23017,0.000000000000000000000000000000000000014457488330176764
23021,0.0000000000000000000000000000000000000000017435650699515615
23032,0.00000000000000000000000000000000000000000000000000000000000000000000000000000000000000000000936885896795148
23036,0.0000000000000000029075805539406687
23047,0.00000004037139782274648
23050,0.00000000000000000000000000000000000000000000000000000000000000000000000003465104289325946
23053,0.0000000000000000000000000000000000000005862718312429056
23054,0.000000000000000000008171996620057801
23060,0.00000000000000000000000000012083639952580014
23062,0.000000000000000000000000006472918837957376
23064,0.000000000000000031460817928221665
23067,0.0000000000000000000000000000029251948289905673
23068,0.7934791543935634
23071,0.01586033663074635
23072,0.0000000000000000000008450741123230027
23074,0.000000000000000000000000009748857036682535
23092,0.00000000000000000000000000000000000000000000000011292172437910063
23101,0.000000000000000000000000000000000000000000000000000000000010633831532782373
23102,0.00005673816360514303
23109,0.006424232782294326
23111,0.00000000000000000000000000000000035611545612286657
23112,0.000000000000000000000000000000000000000000000000000000000000000000000000000000000000000000000000000000000000000000000000000000000000000000000000000000000000000000000000000000000000000000000020660506131262982
23121,0.00000000000000000000000000000008115791725224477
23122,0.000000000000000520801434245535
23124,0.000000000000012299133104839482
23132,0.2822895217935788
23135,0.000000000000000000000001940170247952728
23142,0.0000000000000000000000006157116520700183
23151,0.00000000000000000000000000000000000010545193753679294
23157,0.0000000000000000000000000000000000000023965633095914048
23160,0.000000000000000000000000000010636522831293475
23161,0.00000044947688655463527
23171,0.000000043979360875161405
23173,0.000000000000000000000000000000000000000000000000000000000000000000000000000000000000000000000000000000000000000000000000000000000000032118827407616115
23174,0.0000000000000000000000000000000003228084072460113
23175,0.0000000000000000000000000000000000000000000000000000000000000000000000016824785755831932
23177,0.0000000000000000000000000000000000000000000892839615613886
23185,0.00000000000000000000000000000000000000000000000000002473439827093958
23191,0.0000000000000000000000000024805986368948524
23194,0.00000000000000000000000000000000000000000000000012818686410105135
23196,0.0000000000000000000000000000000002659593901841348
23198,0.0001364484802306406
23202,0.000000000030583811415201953
23205,0.29827120089567766
23206,0.000000000000000000000000000000000000000000000000000006995967983833574
23215,0.0000000000000000000000000000000000005064615994138146
23223,0.0000000000000000000000000000000000000000003186538086102243
23228,0.000000000020646169481078964
23240,0.0000000000000000000000000000000000000000000000000000000000000000000000000000000002263077301609302
23245,0.000000000000000000000000000000000000000026401517367619566
23247,0.0000000000000000000000000011913335150466935
23249,0.00000000000000000000011236500973935938
23252,0.00000000000000000000003000875934574557
23261,0.000000000000000000000000008667838018396682
23263,0.0000000000000000000000000000000000000000000000000000000001599756523288942
23267,0.000000000000000000000000000000000000006612303345410083
23269,0.0000000000000000000000000000000000000000000000000000000000009808133731395123
23270,0.000000000000000000000000000000000000000000000000000000000000000000000000000000021739417826398216
23271,0.000000000011935159042835272
23274,0.000000000000000000000000000000000000000000000000000000000000000000000000000000000018903325077802524
23282,0.0000000000000000000000000000000000000000000000000000000000000000000000000000000000000000000000000035133567316857215
23283,0.00000000000000000000000000000000000000000000000000000000000000000000000000000000000000000000000000000000000007683074040155404
23285,0.00000000000011316368800115752
23290,0.11608753700518579
23293,0.000000000000000000000000000000000000000000017619247451725337
23297,0.000000000000021110247513468232
23299,0.0000000000000000000000000000000000000000000000000000005283109462937826
23302,0.000000000000000000000000000000000000000000000000000000000000000002182081299815014
23304,0.000000000000000000000000000000000000000000029808189780658073
23307,0.000000000000000000000015823768242248363
23310,0.1384156843018204
23311,0.0000000000000000000000000000000000000000000000000000000000000000000000414264184191196
23313,0.000000000000000000000000000000000000000000000000009826186384416043
23320,0.00000000000019211916239631628
23323,0.00000000000000000000015041666386418904
23324,0.00000000000000000000000000000000000000002674305976116879
23325,0.18469260241334165
23330,0.000000000000000000000000000000000000000000004651696771530217
23337,0.000000000000000000000000000000000000000000000000000000000000000000000000000000011022032071250616
23341,0.000008728750865543973
23346,0.0000000000000000000000000000000000019743031159130786
23347,0.0000000000000000000000000000000000000000000000000000000000000000000000000000000000000000000000000021352823242083426
23348,0.0000000000000000000000000000000000000000000000000000000000000000000000000000000000000000000000000002525475948203863
23350,0.000000000000000000000000000000000000000000000000000000000000000000000000000000013361595785137327
23351,0.00000000000000000000000000000000000000000000000000000000014515320103912853
23355,0.0000000000000000000000000000000000000000020885489728174578
23356,0.16191806718229299
23360,0.00000000000000000000005719797431522585
23365,0.000000000000000002802439707583783
23367,0.000000000000000000000000000000000000000000000000000016715485908295454
23368,0.000000000000000000000000000000000000000000000000000000000000000000000000026322085417244525
23369,0.00000000000000000000000000000000000000000005529125069861138
23378,0.0022155330013358095
23383,0.000000000000000000000000000000000000000000000000000000012992155673648246
23388,0.00000000000000000000000000000000000000000000000000000000000000000000000000000000000000004545177929567905
23390,0.04774729537031729
23394,0.0000000000000000000000000000000000000000032794282553381735
23398,0.9997959658376113
23403,0.0000000000000000000000000000000000000000000000048870465762263186
23405,0.0000000000000000000000000000000000000000000000027337014152486346
23408,0.00000000000000000000000000000000000000000000000000000000000000000000000000000000000000000000000000000000938244925071824
23417,0.0000000000000000000000000000000000043826844907290104
23419,0.000000000000000000000000000000000000000000000000000000000000000000000000000000000000000000000000000000000000000000000000000000000000000000000000000000000000000000000000000000000000000000000000000000000000000000000000000000000000000000000000000000000000000000000000000000000000000000000000000000000000000000000547284819133024
23420,0
23421,0.0000000000000000000000000000000000000000000000000000000000000000000000000000000000000000000000000000000000000000000000000000000000000000000000000000000000000000000000000000000000000000000000000000000000000000000000000000000000000000000000000000000000000000000012179795153436204
23422,0.00000000005661793723435242
23423,0.0030347589363015856
23424,0.0028477319815395723
23427,0
23428,0
23429,0.00023042838649577006
23432,0.6119048743945334
23433,0
23434,0
23437,0.000000000000000000000000000000000000000000000000000000000000000000000000000000000000000000000000000000000003485145911512921
23439,0.00000005068829571472039
23440,0
23441,0.7586354402861698
23444,0
23445,0.2969387877769066
23447,0.000000000000000000000000000000000000000000000000000000000000000000000000000000000000000000000000000000000000000000000000000000000000000000000000000000000000000000000000000000000000000000000000000000000000000000000000000000000000000000000000000000000000000000000000000000000000000000000000000000000000000000000000000003946107
23451,0.00000000000000000000000000000000000000000000000000000000000000013867226887110388
23454,0.00002481116194195256
23455,0.000024762545142672995
23458,0.00000009454830452465541
23460,0.0000000000000000000000000000000000000000000000000000000000000000000000000000000000000000000000000000000000000000000000000000000000000000000000000000000000000000000000000000000000000000000000000000000000000000000000000000000000000000000000000000000000000000000000000000000000000000000000000000000000000000000004630358535149
23462,0
23464,0.000000000023011190480799227
23468,0
23470,0.0000005011576299205542
23471,0.9328653394704274
23472,0
23478,0
23479,0
23482,0.0000000000000000000000000000000000000021220978944259812
23483,0
23485,0
23486,0.00000000000000000000000000000000000000000000000000000000000000000000000000000000000000022861335884024338
23488,0
23491,0
23492,0
23494,0.03445055073726061
23495,0
23496,0.0000000000000000000000000000000000000000000000000000000000000000000000000000000000000000000000000000000000000000000000000000000000000000000000000000000000000000000000000000000000000000000000000000000000000000000000000000000000000000000000000000000000000000000000000000000000000000000000000020268431774574564
23498,0
23500,0
23501,0
23502,0.0000000000000000000000000000000000000000003442200350814156
23505,0.00000010174704583527026
23506,0.00000000000000000000000000000000000000000000000000000000000000000000000000000000000000000012125010898574766
23507,0
23510,0.000000015576849068166382
23511,0
23512,0.000000000000000000000000000000000000000000000000000000000000000000000000000002221016754427097
23518,0
23520,0.00000009574517492521427
23523,0.00019382477191462856
23527,0.02347914216461808
23530,0
23532,0
23535,0
23536,0.00000003739849124096917
23537,0.6909103452132417
23538,0
23539,0
23542,0.000000000000000000000000000000000000000000000000000000000000000000000000000000000000000000000000000000000000000000000000000000000000000000000000000000000000000000000000000000000000000000000000000000000000000000000000000000000000000000000000000000000000017040541205330942
23545,0
23546,0
23547,0
23548,0.000000000000000000359919167526765
23549,0
23551,0
23553,0.0008444317327345297
23555,0.7857184090590045
23557,0
23559,0
23572,0
23573,0
23574,0.08519173087489423
23576,0.0000000000000000000000000000000000000000022167537150111176
23579,0
23581,0.00000000000000000004583106250965334
23582,0
23584,0.00000000000000000000000000000000000000000007725879829376714
23585,0.000000000000024889002410167933
23587,0.000000000000000000000000000000000000000000000000000000000000001231306303187847
23588,0
23590,0
23591,0.000010264177827217404
23593,0.000000000000000000000000781635059798837
23597,0
23599,0
23601,0
23602,0
23604,0
23605,0
23607,0.000000052045932496279284
23608,0
23611,0
23613,0.047432088276790255
23616,0
23618,0
23619,0
23620,0.00000000000000000000000000000000000000000000000000003878625768707722
23621,0
23622,0
23624,0
23627,0
23628,0
23630,0.016997142857666694
23632,0
23634,0
23638,0.0004366638103903892
23639,0.000000000000000000000000025698922655958979
23640,0.0000000000000000000000000000000000000000000000000000000000000000000000000000882556615962084
23644,0
23646,0
23647,0.00000000015096781651718943
23650,0.000017324574714512887
23651,0.394406173260935
23652,0.00000000000000000000000000000000000000000000000000001703038400888346
23653,0.00000000000000000005187881891328771
23654,0
23655,0
23659,0
23661,0.0004097513681644474
23663,0.0021850354415829704
23664,0
23666,0.0000000000008137191061553315
23668,0
23669,0.0000000000000000000000000000000000000026817504332441755
23672,0.00000000000000000000000000000000000000000000005064561375502037
23673,0.0185949696390596
23674,0.000000000000000000000000000000000000000000000000000000000000000000000000000000000000000000000018569838411941806
23677,0
23678,0
23680,0
23682,0
23683,0
23689,0
23691,0.000000000001562320381450504
23695,0.0000000000000000000000002715937321740732
23696,0
23697,0.0000000000000000000000002659691323832622
23698,0
23699,0
23700,0
23701,0
23702,0.39094395539418053
23706,0
23707,0
23708,0
23711,0
23712,0
23713,0.000000000000000000000000000000418785243443971
23715,0
23716,0.00000000035863139827154047
23719,0.10369857237862697
23720,0
23722,0
23723,0.000000000000000000000000000000000000000000000000000000000000000000003884599810746773
23724,0.00037395547534904965
23725,0
23727,0.0000000000000000000000000000000000000000000000000000000000000000000000000000000000000000000000021660626565387697
23729,0
23730,0
23731,0
23732,0
23733,0
23734,0
23741,0
23742,0.0000000000000000000000000000000000000000000001353205262560207
23745,0.0002548088054965734
23747,0.0000000000000000000002422250368192976
23749,0.47272268071118406
23751,0
23752,0
23759,0
23760,0
23761,0
23763,0.0000000000000000000000000000000000000000000000000000000000000000000012060823501641484
23764,0
23768,0.0719401196880497
23771,0.0000000000000000000000000000000000000000000000000000000000000000000000000000000000000000000000000000000000040646848622703146
23778,0.000000000000000000000000000000000000000000000000000000000000000000000000000000000000000000000000000000000000000000000884723222829054
23782,0.00000000000000000000000000000000000000000000000000000000000000000000000000000000000000000000000000000000006496933013844661
23785,0.025689832152339043
23789,0.00000000000000000000000000000000021008144570817255
23797,0.000000000000000000000000000000000000000000000000000000000000000026537006779151564
23798,0.00000000000000000000000000000000000710271669008836
23801,0.00000000000000000000000000000000000000000000000000000000000000000000000000000000000000000012047389396493798
23802,0.001501064811358444
23804,0.000000000000000000000000000000000000000000008542782350856926
23806,0.0008983740490876427
23816,0.0000000003859037819017571
23823,0.00000000000000000000073985109042352485
23828,0.0000000009016687880504131
23831,0.00000000000000000000000000000000000000000000000000000000000000000000000000000000000000000000020358696293172318
23835,0.0000000000000000000006388241468603144
23840,0.000000000000000000000000000000000000000000000004571097835004418
23844,0.0000000000000000000000000000000000000000000000000000000000000000000000000000000000000000000000000000000000000000000000000020014785371369466
23853,0.000000000000000000000000000000000000000000000000000000008475784025382163
23860,0.0000000000000000000000001739260538583028
23863,0.00000000000000000000000000000000000014205716804317706
23870,0.000000000000000008644229004122042
23874,0.00021217814748927127
23875,0.00000000000000000000000000000000000000000000000016789776775566249
23876,0.995551608343783
23877,0.000000000000000000000000000000000000000025862830885810216
23879,0.00000000000000000000008609349264957369
23881,0.000000000000000000000000000000000000000000000000000000000000000000000000000000000000000000000000000000000000000000022615367199633714
23885,0.00000000000000000000000000000000000000000000000000000000000000000000000000000000000000000000000000000000000000000000000000000000000000000000000000000009758897598850987
23886,0.000000000000000000000000000000000000000000000000000000000000000000000000000000006127412149718471
23889,0.0000000000000000001712405328838033
23891,0.00021469950946538145
23902,0.00000000000000000000000000000000000000000000000014983913005690976
23903,0.00000000000000000000000000000000000000000000000000000000000000000000000000000000000000000000000000000000000000000000000000000000000000000000000000000000000000000000000000000000000000000000000000000000000009567163206743767
23905,0.0000000033244958751318486
23906,0.000000000000000000000000000000000000000000000000000000000000000000000000000000000000000000000000000000000000000000000000000000000000000000000000000000000000000000000000000000000000006916376536280289
23922,0.00000000000000000000000000000000000000009693700253491118
23928,0.0000000000000000000000000005256239407921368
23934,0.014130128418771318
23946,0.00000015468498716108898
23951,0.00000000009847605699608226
23953,0.0000000000000000000000000000000000000000000000000000000010000655529579794
23957,0.000000021064821001889704
23960,0.00000000000000000000000000000000000000000000000000000000000000000000000000000000000000000033897281579563186
23974,0.00000000000000000000000000476300740749573
23975,0.00001576117746738847
23980,0.00011640476732171674
23988,0.0000000000000017119972702470944
23994,0.000000000000000000000000000000000000229292510397375
24001,0.0000000000000000000000000000000000000000000000000000002929504708852538
24002,0.000000000000000000000000000000000007151168966034985
24003,0.000000000000003365757585785617
24011,0.000000000000000000000000007568133346151884
24014,0.000000000000000000000000000000000000000000000000000000000000000000000000000000000000000000000000000000000000000000000000000000000000000000000000000000000056497137448814175
24019,0.0000000000000000000000000000000000000000000000000000000000000000000000000000000000000000000000000000000000000000000000000000000000000000000000000000000000000000000000000000000000000000000000000000000000050412982608913664
24026,0.000000000000000000008479829851473516
24031,0.000000000000000000000000005177798170133482
24036,0.000000000000000000000000000000000000000000000023531428411952147
24039,0.000000000000000000000000000000000000000000000000000000000015199198096117457
24044,0.00000000000000000000000000000000000000000000022992684445500723
24052,0.00000000000000000000000000000000000000000000000008426289601732719
24054,0.00000000000000000013958937281486757
24058,0.000000000000000000033553782096763594
24063,0.00000000000000000000000000000000000000000001811786726377071
24066,0.000000000000000000000000000000000000000000000000000000000040902496421648665
24070,0.0000000000000000000000000000000269783657396924
24076,0.000000000000000000000000000000000000000000000000000000000000000000000000000000000000000000000000000000000000000000000000000000000000000000000000000000684739594847645
24081,0.00000000000000000018210201235082916
24082,0.000000000000000000000000000000000000000000000000000000000020014054766320086
24093,0.42210218779992964
24095,0.000000000000000000000000000000000043458650934024936
24098,0.0000000000000000000000000000000000000000000000013156570361170334
24099,0.000006458813539263245
24106,0.0000000000000000000000000000000000000000000000000000000000000000000000000000000000000000000000000000005795173520538135
24115,0.000000000000000000000000000000000000000000000000000000000000000000000000000000000000000000006189046918706734
24123,0.0000000000000000000000000000000000000000000000000000000000000048502117236510914
24126,0.00000000000000000000000000000000000000000000000000000000000000000000000000000000000000000000000000000009181492766987969
24127,0.000000000000000016096018463251962
24135,0.000000000000000000000000000000000000000000000000000000000000000006919761769453343
24137,0.00000000000000000000000000000000000000000002603769458709176
24140,0.0000000039738217600533695
24141,0.0000000000000000000000000000000000000000000000000000000000023856757261111468
24142,0.000000000000000000000000000000000000000000000000000000000000000000000000000000000000000000000000000000000000000000000000000000000000000000000000000000000000000000000000000013252802417873314
24143,0.000000000000000000000000000000000000000000000000000000000000000000000000000006475959603013655
24150,0.000000000000000000004306862241140212
24159,0.0000000000005210829862432959
24163,0.000000000000000000000000000000000000000000305990940767496
24164,0.00000013813905959123034
24166,0
24167,0
24168,0.3593384528541137
24169,0.000898383570920586
24171,0
24173,0.00000000000037066073812779624
24174,0.2242984811504925
24175,0
24177,0
24178,0
24179,0
24180,0.000000000000000000000012962114070993165
24189,0
24191,0.0000000000000000000000000000000006518615723516076
24192,0
24194,0
24197,0
24198,0
24202,0
24203,0
24204,0
24205,0.0000036886280830566043
24206,0.000000000000000000000000000000000000000000000000000000000000000000000000000000000000000000000000000000000000000000000000000000000000000000000000000000000000000000000000000000000000000000000000000000000000000000000000000000000000000000000000000000000000000000000000000000000000000000000000000000000000000000000000000004705264
24209,0
24210,0
24211,0
24213,0
24214,0
24215,0.000000000000000000000000000000000000000000000000000000000000000000000000001181412581168385
24216,0.000000000000000000000000000000000000000000006709708778935173
24219,0
24220,0
24221,0.0000000012452412396288082
24222,0
24224,0.00000040357233381594816
24227,0
24229,0
24230,0.0000000000000000000000000000000000000000000000000000000000000000000000000000000000000000013572211095907233
24232,0
24234,0.46944461092820683
24236,0.0000018947658958293699
24237,0
24238,0
24239,0.0000000000000000000000000000000000000000000000002166958557443513
24240,0.0000000064828495885816246
24241,0
24244,0
24247,0
24248,0
24251,0
24252,0.000000000000000000000000000000000000000000000000037079088117406335
24253,0
24254,0
24255,0.0000000000000000000000000000005277023924376423
24256,0
24257,0
24259,0
24262,0.00000021647503631397014
24264,0
24267,0.46738836958818203
24268,0
24269,0.00000000000000000000000000000000000000000000000000000000000000000000000000000000000000000000000000000000000000000000000000000000000000000000000000000000006061204302515837
24277,0.00010830182526894279
24278,0.0000000000000722884115852924
24280,0
24282,0.00000000000000000000000000000000000000000001912365894829123
24283,0
24284,0
24287,0.000000000000000000000000000000000000000000017423059468341816
24288,0
24289,0
24290,0
24291,0
24293,0
24294,0
24297,0
24299,0
24300,0.0000000000008836678663358749
24301,0
24302,0.0000000000019084750071525923
24304,0.000009734259077098745
24306,0
24307,0
24308,0
24309,0
24311,0
24315,0.04399566676961358
24317,0
24318,0
24319,0
24320,0
24325,0
24326,0.7222688032169723
24328,0
24329,0.00000000000000000000000004840016095516631
24330,0
24331,0
24333,0.000000000000000000000000000000000000000000000000024353453836063228
24334,0
24335,0.000000004219008117333025
24339,0
24341,0
24344,0
24345,0
24346,0
24348,0.00000011742952467543092
24350,0.00000000000000000000000000000000000000000000000000000000000000000000000000038978037643289523
24351,0.03554170560527095
24352,0
24354,0
24356,0.00009468330008067065
24358,0
24361,0
24363,0
24365,0.000000000000000012113196426762285
24366,0.00000000000000000000000000000000000000000000000000000000000000000000000000000000000000000000000000000000000000000000000000000000000000000000000000000000000000000000000000016919678714329584
24367,0.000000000000000000000000000000000000000000000000000000054107152259335125
24380,0.0000000000000000000000000000000000000000000000000000000000000000000000000000000000000000000000000000000000000000000000000000021473267428547004
24387,0.0000000000000000000000000000000000000000052896941630104087
24388,0.000000000000000000000000000000000000000000000009258327863457922
24398,0.0000000000000000000000000000000000000000000004732722694057567
24403,0.000000000000000000000000000000000000000000000000000000000000000000009797656256235997
24407,0.000000000000000000000000000000000000000000000000000000000000000000000000000000000000000000000000000000000000000000000000000000000000000000000000000000000000000000000000000000000000000000000000000000000000000000000000000000014085081622944578
24408,0.0000000000000000000000000000000000001612437207239592
24415,0.00000000000000000000000000000000000000000000000000000000000000000000000000026150254496463403
24417,0.0000000000000000000000000000000005936851869172562
24421,0.00000000000000000001788397659151835
24430,0.0000000000000000000000000000000000000001704059706818652
24434,0.000000000000000000000000000000000000000000000000000000000000000000000000000000000000000000000000000000000000000000008967572634647017
24439,0.000000000000000000000000000000000000000000000000000000000000000000000000000000000000000000000000000000000000000000000000000000044276778499002037
24443,0.00000000000000000000000000000000008961875879857256
24448,0.00000000000000000000000000013107805374997709
24449,0.00000000000009377719990249085
24456,0.0008209956982453634
24462,0.00000000000000000000000000000000000000000000000000000000000000000000000000000000000000000000000000000000000000000000000000000000000000000002654461014639757
24463,0.000000000000000000000000000000000000000000000000000000000000000000000000000000000000000000000000000000000000000000027747365558703554
24464,0.0000000000000000000000000000000000000000000000000000000000000000000000000000000000000000000000000000000000353981856920031
24465,0.0000000000000000000000000000000000000000000000000004930607687847908
24469,0.000000000000000000000000000000000000000000000000000000000000000000000000000000000000000000000000000000000000000000000000000000000000000867276813831804
24470,0.0000000000000000000000000000000000000000000021902373103274403
24476,0.00000000000000000000000000000000000000000000000000000000000000000000000000000000000000000010497731518596166
24478,0.000000007744980700143813
24479,0.00000000000000000000000000000000000007976404128754777
24481,0.0000000000000000000000000000000000000000000000000000000000000000000000022942290737083845
24493,0.0768941075544377
24498,0.00000000000000000000000000000000000000000000000000000000000000000000000000000000000000000039879700757787004
24500,0.00000000000000000000000000000000000000000000000000000000000000000000000000000020652564332350694
24502,0.0000000000000000000000000000000000000000000000000000000000000000000000000000000000000000000000000000000000000028832848466853436
24503,0.0000000000000000000000000000000000000000000000024181236535163327
24504,0.0000000000000000000000000000000000000000000000000000000000000000000000002289161564401196
24513,0.0000000000000000007763776271053356
24516,0.0000000000000000000000000000000000000000000000000000000000000000000000000000000000000000000000000000000000000000000000000000000000010704504664003241
24521,0.00000000000000000000000000000000000000000000000000000000000000000000000000000000019145878561789482
24526,0.0000000000000000000000000000000000000000000000000000000000000000000000000000000000000000000000000000005559613852253234
24530,0.0000000000000000000000000000000000000000000000000000000000000000000000000000011816059684893943
24535,0.000000000000000000000000000000000000000000000000000000000000000000000000000000000000000000021476397499732515
24536,0.00000000000000000000000000000000000000057586967378161725
24539,0.0000000006076962883326728
24546,0.00000000000000000000000000000000000000000000000000000000000001954019104763013
24549,0.000000000000000000000000000000000000000000000000000000000000009193799032688344
24552,0.000000000000000000000000000000007164835184649534
24553,0.000000000000000000000000000000000000000000000000000000000000008936344106941614
24557,0.00000000000000000000000000000000000000000000000000000000000000000000000000000000000009910387494546645
24561,0.000000000000000000000000000000000000000000000000000000000000000000000000000000000000000000000000000000000000000000000000000000000000000000000000000000000000000000000000000000000000000000000000000000000000026056984405049616
24563,0.000000000000000000000000000000000000000000000000000000000000000000000000000010947224559471642
24572,0.0000000000000000000000000000000000000000000000000000000000013525843038397185
24575,0.0000000000000000000013434157561696663
24581,0.00000000000000000000000000000000021025328368817477
24583,0.00000000000000000000000000000000000000000000016664408770765639
24584,0.0000000000000000000000000000000000000000000000000000000000000000000000000000000000000000000004821080655228079
24592,0.000000000000000000000000000000006983598716306369
24593,0.0000000000000000000000000000000000000000000000000000000000000000000000000000000009645501084854993
24595,0.00000000000000000000000000010981282800890353
24596,0.000000000000000000000000000000000000000000000000000000000000000000000000000000000000000000000000000000000000000000000000000849915859547283
24600,0.000014369225784354662
24601,0.000014050166082224873
24610,0.0000004732737559414207
24611,0.00000000000000000000000000000000000000000000000000000000000000000000000000000000000000000008548711971743047
24614,0.0000000000000000000000000000000000000000000000000000000000000000000000000000000000000000000000000000000030126623454139006
24622,0.000000000000000000053677794765691217
24629,0.028827657724606517
24631,0.0001616178009015251
24632,0.0000000000000000000000000000000000000000500939987164176
24638,0.0000000000000000000000000000000002929988697499327
24648,0.0000000000000000000000000005995961703822413
24651,0.00000000000000000445940840997072
24654,0.0000000000000000000000000000000000000000000000000000000000000033032522791856466
24668,0.000000000000000000000000000000000000000000000000000000000000000000000000000002965605240355131
24682,0.00000000000000000000000000000000000000000000000000000000000000000000000000000000000000000000000000000000000000000000000000013195540549275196
24685,0.0000004929418657662838
24708,0.00000000000000000000000000000000000026003078569520824
24709,0.000000000000000000000000000000000000000000000024162830119675125
24710,0.000000000000000000000000000000000000000000000000000000000000000000000000000000000000000014146370218297203
24711,0.000000000000000000000000000000000000000000000000000028854230696951184
24712,0.0000006164915576834162
24716,0.0000000000000000000016457432872645356
24719,0.0000000000000000000000000000000000000002674600077060488
24722,0.0000000000000000000000000000000000000212546451714239
24729,0.00000000009345701203676641
24734,0.000000000000000000000000000000000000000000007478200946285428
24742,0.0000000000000000000000000000000000022262035144281628
24743,0.00000000000000000000000000006408649568458805
24744,0.00000000000000000000000000000000000000000000000000000000000000000000000000000000000010378462955734271
24746,0.0000000000000000000000000000000000000000000000000000000000000000000000000000000000000000000000000000000000000000000000000000000000000000000000000000000000000000016485841609898436
24748,0.000000000000000000000000000000000000000000000000000000000000000000000000000000000000000000000000056260813277462535
24758,0.00000000000000000000000000000000000000000000000000000000000005254559511318263
24763,0.000000000000000000000000000000000000000000000000000000000000000000000000000000000000000000000000000000000000000000000000000000000000043541616698012563
24765,0.000000000000000000000000000000000000000000000000779707785526419
24767,0
24768,0
24772,0
24775,0
24776,0.00000000000000000000000000000000000000000000000000000000007773330541623874
24777,0
24780,0.00000000000000000000000000000000000000000000000000000000624983080871352
24781,0.0000000000000000000000000000016206588243821545
24783,0
24784,0
24787,0
24788,0
24790,0
24791,0
24792,0.0000000000000000000000000059639331310141375
24797,0.0000000000000014255084871101767
24799,0.0000043674950787491585
24800,0.000000000000000000000000000000000000000000000000000000000000000005613041446357949
24801,0
24802,0
24804,0
24805,0
24807,0.0000000008062538902185365
24808,0
24809,0
24812,0
24813,0
24814,0
24815,0
24817,0.00000000000000000000000000000000000000000000000000000000000000000000000000000000000000000000000000000000000000000000000000000000000000000000000000000000000000000000000000000000000000000000000000000000000000000000000000000000000000000000000000000000000000000000000000000000000000000000000000000000000000000000002705243330879
24818,0.00014534985948818903
24820,0
24821,0
24822,0
24828,0.000000000000009291218872908304
24829,0.0000002344997440147429
24830,0.42984627082932786
24831,0
24832,0
24833,0
24837,0.0000000000008802407993275382
24842,0.0000000000000000000000000000000000000008865896812212675
24843,0
24844,0
24846,0.39940599986889874
24847,0
24851,0.0000000000000000000000000000000000000000000000000000000000000000000000000000000000000000000023276765359673647
24854,0
24857,0
24858,0.0000010694973743660272
24860,0.000000000000007669753987520854
24861,0
24863,0.0000010995166129676377
24865,0.00000000000000000000000000000000000000000000000000000000000000000000000000000000000031708758957896407
24866,0.00005845858081766386
24867,0.00000000000000000000000000000000000000000000000000000000000000000000000000000000001057827906585254
24868,0
24869,0
24871,0.00000000000000000000000000983092815007883
24872,0.0000000000000000000000000000000000000000000000000000000000000000000000000012045078603479352
24874,0.000000000000000005415652265018164
24875,0.00000000000031721665726399396
24880,0.5262315102145988
24881,0
24882,0
24883,0
24886,0
24888,0.00000009088943203605144
24892,0.00000019608388335097255
24893,0
24894,0
24898,0
