iteration,temperature
0,424393.1740005856
1,423640.9257301364
2,422890.0108398993
3,422140.42696642224
4,421392.17175044236
5,420645.24283687863
6,419899.6378748245
7,419155.3545175404
8,418412.39042244654
9,417670.7432511153
10,416930.41066926403
11,416191.3903467477
12,415453.6799575515
13,414717.2771797834
14,413982.1796956672
15,413248.38519153494
16,412515.89135781967
17,411784.6958890482
18,411054.796483834
19,410326.1908448696
20,409598.87667891965
21,408872.85169681365
22,408148.11361343873
23,407424.6601477324
24,406702.48902267544
25,405981.59796528466
26,405261.98470660584
27,404543.64698170655
28,403826.582529669
29,403110.7890935829
30,402396.2644205384
31,401683.00626161904
32,400971.01237189467
33,400260.2805104142
34,399550.8084401988
35,398842.59392823465
36,398135.6347454661
37,397429.9286667885
38,396725.4734710413
39,396022.266941001
40,395320.30686337413
41,394619.59102879046
42,393920.1172317958
43,393221.8832708453
44,392524.88694829633
45,391829.1260704017
46,391134.5984473026
47,390441.3018930219
48,389749.2342254572
49,389058.3932663738
50,388368.77684139804
51,387680.38278001046
52,386993.20891553885
53,386307.25308515143
54,385622.5131298502
55,384938.986894464
56,384256.67222764174
57,383575.5669818457
58,382895.66901334474
59,382216.97618220747
60,381539.4863522956
61,380863.19739125733
62,380188.1071705203
63,379514.21356528526
64,378841.51445451914
65,378170.00772094855
66,377499.69125105295
67,376830.5629350581
68,376162.62066692935
69,375495.8623443651
70,374830.2858687901
71,374165.8891453489
72,373502.6700828993
73,372840.62659400556
74,372179.7565949321
75,371520.0580056368
76,370861.5287497644
77,370204.16675464006
78,369547.9699512629
79,368892.9362742992
80,368239.0636620764
81,367586.35005657614
82,366934.7934034278
83,366284.39165190246
84,365635.14275490603
85,364987.04466897296
86,364340.0953542598
87,363694.29277453886
88,363049.63489719154
89,362406.11969320226
90,361763.7451371519
91,361122.50920721143
92,360482.40988513554
93,359843.4451562563
94,359205.613009477
95,358568.9114372654
96,357933.33843564783
97,357298.8920042027
98,356665.5701460542
99,356033.37086786603
100,355402.2921798351
101,354772.33209568536
102,354143.48863266147
103,353515.75981152256
104,352889.14365653606
105,352263.6381954714
106,351639.24145959376
107,351015.95148365817
108,350393.7663059029
109,349772.6839680436
110,349152.702515267
111,348533.81999622483
112,347916.03446302755
113,347299.3439712384
114,346683.74657986715
115,346069.240351364
116,345455.8233516136
117,344843.4936499287
118,344232.24931904447
119,343622.088435112
120,343013.0090776925
121,342405.0093297514
122,341798.0872776519
123,341192.2410111492
124,340587.4686233846
125,339983.7682108792
126,339381.1378735281
127,338779.57571459457
128,338179.07984070363
129,337579.6483618365
130,336981.2793913245
131,336383.9710458431
132,335787.721445406
133,335192.5287133592
134,334598.39097637526
135,334005.30636444717
136,333413.2730108825
137,332822.28905229765
138,332232.3526286119
139,331643.4618830416
140,331055.61496209423
141,330468.81001556275
142,329883.0451965195
143,329298.31866131077
144,328714.6285695505
145,328131.9730841151
146,327550.3503711369
147,326969.75859999924
148,326390.19594333007
149,325811.66057699634
150,325234.15068009845
151,324657.66443496436
152,324082.2000271439
153,323507.755645403
154,322934.3294817182
155,322361.91973127064
156,321790.5245924407
157,321220.142266802
158,320650.77095911617
159,320082.4088773267
160,319515.0542325537
161,318948.70523908804
162,318383.36011438584
163,317819.0170790628
164,317255.6743568887
165,316693.3301747816
166,316131.98276280257
167,315571.63035414985
168,315012.27118515334
169,314453.9034952692
170,313896.52552707406
171,313340.1355262598
172,312784.7317416277
173,312230.31242508313
174,311676.87583163014
175,311124.4202193656
176,310572.9438494742
177,310022.4449862225
178,309472.92189695383
179,308924.37285208266
180,308376.7961250892
181,307830.18999251403
182,307284.55273395247
183,306739.8826320494
184,306196.17797249364
185,305653.4370440129
186,305111.65813836793
187,304570.83955034753
188,304030.979577763
189,303492.0765214428
190,302954.12868522713
191,302417.13437596284
192,301881.0919034979
193,301345.99958067597
194,300811.85572333145
195,300278.6586502838
196,299746.4066833326
197,299215.0981472518
198,298684.7313697851
199,298155.30468164
200,297626.816416483
201,297099.2649109343
202,296572.6485045623
203,296046.96553987876
204,295522.2143623332
205,294998.3933203079
206,294475.5007651128
207,293953.53505098016
208,293432.4945350593
209,292912.3775774117
210,292393.1825410055
211,291874.9077917106
212,291357.5516982934
213,290841.1126324119
214,290325.58896861004
215,289810.97908431327
216,289297.28135982284
217,288784.4941783111
218,288272.6159258162
219,287761.6449912371
220,287251.5797663285
221,286742.4186456957
222,286234.16002678976
223,285726.8023099021
224,285220.3438981598
225,284714.78319752036
226,284210.1186167668
227,283706.3485675027
228,283203.4714641469
229,282701.48572392896
230,282200.3897668838
231,281700.1820158469
232,281200.8608964493
233,280702.4248371127
234,280204.87226904446
235,279708.2016262326
236,279212.41134544095
237,278717.4998662043
238,278223.4656308233
239,277730.30708435975
240,277238.02267463156
241,276746.610852208
242,276256.0700704046
243,275766.3987852786
244,275277.5954556238
245,274789.65854296595
246,274302.58651155763
247,273816.3778283737
248,273331.03096310626
249,272846.54438816
250,272362.9165786473
251,271880.14601238334
252,271398.2311698816
253,270917.17053434876
254,270436.96259168006
255,269957.60583045456
256,269479.0987419303
257,269001.4398200397
258,268524.62756138475
259,268048.6604652321
260,267573.53703350853
261,267099.2557707963
262,266625.8151843283
263,266153.2137839833
264,265681.4500822815
265,265210.5225943795
266,264740.429838066
267,264271.1703337569
268,263802.7426044907
269,263335.1451759239
270,262868.37657632615
271,262402.43533657596
272,261937.31999015587
273,261473.02907314777
274,261009.56112422846
275,260546.91468466498
276,260085.08829830997
277,259624.08051159713
278,259163.88987353668
279,258704.51493571076
280,258245.95425226883
281,257788.20637992318
282,257331.26987794437
283,256875.1433081567
284,256419.82523493364
285,255965.31422519338
286,255511.60884839427
287,255058.70767653038
288,254606.60928412687
289,254155.31224823566
290,253704.81514843085
291,253255.1165668043
292,252806.21508796114
293,252358.10929901537
294,251910.79778958528
295,251464.27915178917
296,251018.55198024085
297,250573.61487204517
298,250129.46642679366
299,249686.10524656015
300,249243.52993589628
301,248801.7391018272
302,248360.73135384714
303,247920.505303915
304,247481.05956645007
305,247042.3927583276
306,246604.50349887443
307,246167.39040986475
308,245731.05211551563
309,245295.48724248278
310,244860.6944198562
311,244426.6722791559
312,243993.41945432746
313,243560.9345817379
314,243129.21630017133
315,242698.26325082462
316,242268.07407730314
317,241838.64742561654
318,241409.98194417442
319,240982.07628378217
320,240554.92909763657
321,240128.53904132175
322,239702.9047728048
323,239278.02495243153
324,238853.89824292247
325,238430.5233093684
326,238007.8988192263
327,237586.02344231514
328,237164.89585081165
329,236744.51471924613
330,236324.87872449835
331,235905.98654579336
332,235487.83686469728
333,235070.4283651132
334,234653.75973327708
335,234237.82965775346
336,233822.63682943152
337,233408.17994152082
338,232994.4576895473
339,232581.46877134906
340,232169.21188707234
341,231757.68573916738
342,231346.8890323844
343,230936.8204737695
344,230527.4787726605
345,230118.86264068304
346,229710.97079174637
347,229303.8019420394
348,228897.35481002662
349,228491.6281164441
350,228086.62058429542
351,227682.33093884765
352,227278.75790762738
353,226875.90022041672
354,226473.75660924925
355,226072.32580840602
356,225671.60655441167
357,225271.59758603032
358,224872.2976442617
359,224473.70547233717
360,224075.8198157157
361,223678.63942207996
362,223282.16304133245
363,222886.38942559145
364,222491.31732918718
365,222096.94550865778
366,221703.27272274555
367,221310.29773239288
368,220918.01930073844
369,220526.43619311327
370,220135.54717703693
371,219745.35102221355
372,219355.846500528
373,218967.03238604194
374,218578.9074549902
375,218191.47048577666
376,217804.7202589705
377,217418.65555730247
378,217033.27516566083
379,216648.57787108776
380,216264.56246277542
381,215881.2277320621
382,215498.57247242855
383,215116.59547949408
384,214735.29555101276
385,214354.67148686975
386,213974.72208907738
387,213595.44616177148
388,213216.84251120756
389,212838.9099457571
390,212461.64727590376
391,212085.05331423963
392,211709.12687546154
393,211333.8667763673
394,210959.27183585195
395,210585.3408749041
396,210212.07271660215
397,209839.4661861107
398,209467.5201106767
399,209096.2333196259
400,208725.60464435903
401,208355.63291834824
402,207986.3169771334
403,207617.65565831834
404,207249.64780156736
405,206882.29224860144
406,206515.58784319466
407,206149.5334311705
408,205784.1278603983
409,205419.36998078952
410,205055.25864429426
411,204691.7927048975
412,204328.97101861562
413,203966.79244349268
414,203605.25583959697
415,203244.36006901725
416,202884.1039958593
417,202524.48648624233
418,202165.50640829533
419,201807.16263215363
420,201449.4540299552
421,201092.37947583722
422,200735.93784593247
423,200380.12801836582
424,200024.94887325072
425,199670.39929268562
426,199316.47816075047
427,198963.18436350327
428,198610.51678897647
429,198258.47432717352
430,197907.05587006535
431,197556.26031158696
432,197206.0865476338
433,196856.53347605845
434,196507.599996667
435,196159.28501121575
436,195811.5874234076
437,195464.50613888868
438,195118.04006524492
439,194772.18811199855
440,194426.94919060473
441,194082.32221444807
442,193738.3060988392
443,193394.8997610115
444,193052.1021201175
445,192709.91209722555
446,192368.32861531648
447,192027.35059928015
448,191686.97697591208
449,191347.20667391006
450,191008.03862387082
451,190669.4717582866
452,190331.50501154189
453,189994.13731990993
454,189657.36762154952
455,189321.19485650153
456,188985.6179666857
457,188650.6358958972
458,188316.24758980336
459,187982.45199594038
460,187649.24806370994
461,187316.63474437594
462,186984.6109910612
463,186653.17575874415
464,186322.32800425557
465,185992.06668627527
466,185662.3907653288
467,185333.2992037843
468,185004.790965849
469,184676.86501756622
470,184349.52032681194
471,184022.75586329162
472,183696.57059853693
473,183370.96350590256
474,183045.93356056293
475,182721.479739509
476,182397.60102154504
477,182074.2963872854
478,181751.56481915133
479,181429.4053013678
480,181107.81681996022
481,180786.79836275132
482,180466.34891935793
483,180146.46748118784
484,179827.15304143654
485,179508.4045950842
486,179190.2211388923
487,178872.60167140065
488,178555.5451929242
489,178239.05070554983
490,177923.11721313326
491,177607.74372129588
492,177292.92923742166
493,176978.67277065403
494,176664.9733318927
495,176351.82993379058
496,176039.24159075075
497,175727.20731892323
498,175415.72613620196
499,175104.79706222168
500,174794.41911835485
501,174484.59132770856
502,174175.31271512152
503,173866.5823071609
504,173558.3991321193
505,173250.7622200117
506,172943.67060257244
507,172637.12331325212
508,172331.11938721454
509,172025.65786133375
510,171720.73777419093
511,171416.35816607138
512,171112.51807896158
513,170809.2165565461
514,170506.45264420458
515,170204.22538900876
516,169902.53383971946
517,169601.37704678363
518,169300.7540623313
519,169000.66394017264
520,168701.10573579493
521,168402.07850635968
522,168103.58131069958
523,167805.61320931555
524,167508.17326437382
525,167211.26053970293
526,166914.87410079085
527,166619.01301478196
528,166323.67635047415
529,166028.86317831595
530,165734.57257040346
531,165440.80360047758
532,165147.55534392098
533,164854.8268777553
534,164562.61728063808
535,164270.9256328601
536,163979.75101634226
537,163689.09251463276
538,163398.94921290432
539,163109.32019795117
540,162820.2045581862
541,162531.60138363816
542,162243.50976594872
543,161955.92879836963
544,161668.8575757599
545,161382.2951945829
546,161096.24075290357
547,160810.69335038555
548,160525.65208828833
549,160241.11606946448
550,159957.08439835673
551,159673.55618099525
552,159390.5305249948
553,159108.0065395519
554,158825.98333544203
555,158544.46002501686
556,158263.43572220145
557,157982.90954249146
558,157702.88060295032
559,157423.3480222065
560,157144.31092045078
561,156865.76841943336
562,156587.71964246116
563,156310.1637143951
564,156033.0997616473
565,155756.5269121783
566,155480.44429549438
567,155204.85104264482
568,154929.7462862191
569,154655.12916034425
570,154380.99880068202
571,154107.35434442628
572,153834.1949303002
573,153561.51969855363
574,153289.32779096032
575,153017.6183508153
576,152746.39052293202
577,152475.6434536399
578,152205.37629078145
579,151935.58818370965
580,151666.27828328527
581,151397.44574187422
582,151129.08971334487
583,150861.20935306538
584,150593.80381790103
585,150326.87226621158
586,150060.41385784862
587,149794.42775415292
588,149528.9131179518
589,149263.86911355652
590,148999.29490675958
591,148735.18966483217
592,148471.5525565215
593,148208.38275204814
594,147945.67942310357
595,147683.4417428474
596,147421.66888590486
597,147160.36002836417
598,146899.51434777395
599,146639.13102314065
600,146379.20923492598
601,146119.74816504424
602,145860.74699685985
603,145602.20491518473
604,145344.12110627574
605,145086.49475783214
606,144829.32505899298
607,144572.61120033462
608,144316.3523738681
609,144060.54777303673
610,143805.19659271333
611,143550.29802919793
612,143295.85128021514
613,143041.85554491158
614,142788.3100238534
615,142535.2139190238
616,142282.5664338205
617,142030.36677305316
618,141778.614142941
619,141527.30775111017
620,141276.44680659138
621,141026.03051981734
622,140776.0581026203
623,140526.5287682295
624,140277.44173126883
625,140028.79620775423
626,139780.5914150913
627,139532.8265720728
628,139285.5008988762
629,139038.61361706123
630,138792.1639495674
631,138546.1511207116
632,138300.57435618568
633,138055.4328830539
634,137810.7259297506
635,137566.45272607775
636,137322.61250320252
637,137079.20449365483
638,136836.227931325
639,136593.68205146125
640,136351.5660906674
641,136109.87928690034
642,135868.62087946778
643,135627.79010902575
644,135387.3862175762
645,135147.40844846467
646,134907.85604637794
647,134668.72825734154
648,134430.02432871747
649,134191.74350920177
650,133953.88504882224
651,133716.44819893598
652,133479.43221222708
653,133242.8363427043
654,133006.65984569868
655,132770.9019778612
656,132535.56199716046
657,132300.63916288028
658,132066.13273561746
659,131832.0419772794
660,131598.36615108183
661,131365.1045215464
662,131132.2563544984
663,130899.82091706451
664,130667.79747767045
665,130436.18530603865
666,130204.98367318597
667,129974.19185142143
668,129743.80911434392
669,129513.83473683985
670,129284.26799508094
671,129055.10816652191
672,128826.35452989822
673,128598.00636522377
674,128370.06295378869
675,128142.52357815698
676,127915.38752216438
677,127688.65407091603
678,127462.32251078423
679,127236.3921294062
680,127010.86221568187
681,126785.73205977159
682,126561.00095309391
683,126336.66818832338
684,126112.73305938831
685,125889.19486146851
686,125666.05289099315
687,125443.30644563843
688,125220.95482432551
689,124998.9973272182
690,124777.43325572075
691,124556.26191247576
692,124335.48260136187
693,124115.09462749164
694,123895.0972972093
695,123675.48991808864
696,123456.27179893077
697,123237.44224976198
698,123019.00058183157
699,122800.94610760963
700,122583.27814078495
701,122365.99599626282
702,122149.09899016285
703,121932.58643981689
704,121716.4576637668
705,121500.71198176239
706,121285.34871475917
707,121070.36718491631
708,120855.76671559448
709,120641.54663135369
710,120427.70625795118
711,120214.24492233935
712,120001.16195266353
713,119788.45667825997
714,119576.12842965369
715,119364.17653855636
716,119152.6003378642
717,118941.39916165592
718,118730.57234519057
719,118520.11922490547
720,118310.03913841414
721,118100.33142450418
722,117890.99542313522
723,117682.03047543681
724,117473.43592370639
725,117265.21111140717
726,117057.35538316613
727,116849.86808477186
728,116642.7485631726
729,116435.99616647413
730,116229.61024393771
731,116023.5901459781
732,115817.93522416143
733,115612.64483120317
734,115407.71832096619
735,115203.1550484586
736,114998.95436983182
737,114795.11564237844
738,114591.63822453034
739,114388.52147585656
740,114185.7647570613
741,113983.367429982
742,113781.32885758718
743,113579.64840397457
744,113378.32543436902
745,113177.35931512056
746,112976.74941370236
747,112776.4950987088
748,112576.59573985338
749,112377.05070796686
750,112177.85937499518
751,111979.02111399756
752,111780.53529914445
753,111582.40130571563
754,111384.61851009818
755,111187.18628978459
756,110990.10402337072
757,110793.37109055392
758,110596.98687213103
759,110400.95074999645
760,110205.2621071402
761,110009.92032764592
762,109814.92479668901
763,109620.27490053467
764,109425.97002653596
765,109232.00956313185
766,109038.39289984535
767,108845.11942728153
768,108652.18853712565
769,108459.5996221412
770,108267.35207616804
771,108075.44529412045
772,107883.87867198524
773,107692.65160681984
774,107501.76349675044
775,107311.21374097005
776,107121.00173973663
777,106931.12689437119
778,106741.58860725594
779,106552.38628183234
780,106363.5193225993
781,106174.98713511127
782,105986.78912597636
783,105798.92470285448
784,105611.39327445549
785,105424.19425053732
786,105237.32704190412
787,105050.79106040442
788,104864.58571892923
789,104678.71043141028
790,104493.16461281806
791,104307.94767916009
792,104123.05904747901
793,103938.49813585076
794,103754.26436338278
795,103570.35715021215
796,103386.77591750375
797,103203.52008744849
798,103020.58908326144
799,102837.98232918004
800,102655.69925046232
801,102473.739273385
802,102292.10182524177
803,102110.78633434146
804,101929.79223000623
805,101749.1189425698
806,101568.76590337559
807,101388.73254477503
808,101209.0183001257
809,101029.62260378957
810,100850.54489113123
811,100671.78459851608
812,100493.34116330859
813,100315.21402387053
814,100137.40261955917
815,99959.90639072553
816,99782.72477871264
817,99605.85722585375
818,99429.3031754706
819,99253.06207187165
820,99077.13336035036
821,98901.51648718338
822,98726.21089962889
823,98551.21604592478
824,98376.531375287
825,98202.15633790774
826,98028.09038495376
827,97854.33296856463
828,97680.88354185103
829,97507.741558893
830,97334.90647473827
831,97162.37774540046
832,96990.15482785746
833,96818.23718004968
834,96646.62426087832
835,96475.31553020372
836,96304.31044884362
837,96133.60847857148
838,95963.20908211476
839,95793.11172315327
840,95623.31586631747
841,95453.82097718676
842,95284.62652228781
843,95115.73196909291
844,94947.13678601825
845,94778.84044242227
846,94610.84240860399
847,94443.14215580134
848,94275.73915618949
849,94108.63288287919
850,93941.82280991512
851,93775.30841227424
852,93609.08916586412
853,93443.16454752129
854,93277.53403500961
855,93112.19710701861
856,92947.15324316187
857,92782.40192397535
858,92617.9426309158
859,92453.77484635907
860,92289.89805359853
861,92126.31173684345
862,91963.0153812173
863,91800.00847275622
864,91637.29049840737
865,91474.86094602727
866,91312.71930438027
867,91150.86506313688
868,90989.29771287218
869,90828.01674506423
870,90667.02165209246
871,90506.31192723605
872,90345.88706467238
873,90185.7465594754
874,90025.88990761407
875,89866.31660595073
876,89707.02615223957
877,89548.01804512503
878,89389.2917841402
879,89230.84686970523
880,89072.68280312586
881,88914.79908659174
882,88757.19522317489
883,88599.87071682817
884,88442.82507238368
885,88286.05779555124
886,88129.5683929168
887,87973.3563719409
888,87817.4212409571
889,87661.7625091705
890,87506.3796866561
891,87351.27228435733
892,87196.43981408447
893,87041.88178851314
894,86887.59772118277
895,86733.58712649503
896,86579.84951971233
897,86426.3844169563
898,86273.19133520624
899,86120.26979229765
900,85967.61930692065
901,85815.23939861849
902,85663.12958778607
903,85511.28939566838
904,85359.71834435905
905,85208.41595679875
906,85057.38175677382
907,84906.61526891464
908,84756.11601869424
909,84605.88353242676
910,84455.91733726593
911,84306.21696120362
912,84156.78193306837
913,84007.61178252388
914,83858.7060400675
915,83710.06423702883
916,83561.68590556817
917,83413.57057867509
918,83265.71779016696
919,83118.12707468745
920,82970.79796770509
921,82823.73000551182
922,82676.9227252215
923,82530.37566476848
924,82384.08836290611
925,82238.06035920535
926,82092.29119405326
927,81946.78040865157
928,81801.52754501525
929,81656.53214597107
930,81511.79375515613
931,81367.31191701647
932,81223.08617680559
933,81079.11608058306
934,80935.40117521305
935,80791.94100836295
936,80648.7351285019
937,80505.78308489939
938,80363.08442762388
939,80220.6387075413
940,80078.44547631369
941,79936.5042863978
942,79794.81469104366
943,79653.37624429316
944,79512.18850097868
945,79371.25101672165
946,79230.56334793121
947,79090.12505180272
948,78949.93568631649
949,78809.99481023625
950,78670.30198310791
951,78530.85676525804
952,78391.65871779255
953,78252.70740259533
954,78114.00238232681
955,77975.54322042264
956,77837.32948109227
957,77699.36072931762
958,77561.6365308517
959,77424.1564522172
960,77286.92006070518
961,77149.92692437369
962,77013.17661204642
963,76876.6686933113
964,76740.40273851919
965,76604.37831878253
966,76468.59500597396
967,76333.05237272498
968,76197.74999242465
969,76062.68743921816
970,75927.86428800557
971,75793.28011444042
972,75658.93449492844
973,75524.82700662618
974,75390.95722743968
975,75257.32473602318
976,75123.92911177773
977,74990.76993484994
978,74857.84678613061
979,74725.15924725341
980,74592.70690059358
981,74460.48932926661
982,74328.50611712695
983,74196.75684876664
984,74065.24110951409
985,73933.95848543267
986,73802.9085633195
987,73672.09093070413
988,73541.50517584718
989,73411.15088773913
990,73281.02765609894
991,73151.13507137286
992,73021.47272473303
993,72892.04020807629
994,72762.83711402283
995,72633.86303591494
996,72505.11756781573
997,72376.60030450783
998,72248.31084149213
999,72120.24877498651
1000,71992.41370192457
1001,71864.80521995435
1002,71737.42292743706
1003,71610.26642344584
1004,71483.33530776447
1005,71356.62918088616
1006,71230.1476440122
1007,71103.8902990508
1008,70977.8567486158
1009,70852.0465960254
1010,70726.45944530092
1011,70601.09490116559
1012,70475.95256904328
1013,70351.03205505722
1014,70226.33296602884
1015,70101.85490947646
1016,69977.5974936141
1017,69853.56032735022
1018,69729.74302028652
1019,69606.14518271666
1020,69482.76642562509
1021,69359.6063606858
1022,69236.66460026108
1023,69113.94075740033
1024,68991.43444583884
1025,68869.14527999655
1026,68747.07287497685
1027,68625.21684656538
1028,68503.5768112288
1029,68382.15238611361
1030,68260.9431890449
1031,68139.9488385252
1032,68019.16895373326
1033,67898.6031545228
1034,67778.25106142143
1035,67658.11229562931
1036,67538.18647901808
1037,67418.47323412963
1038,67298.97218417487
1039,67179.68295303259
1040,67060.60516524829
1041,66941.73844603293
1042,66823.08242126185
1043,66704.63671747348
1044,66586.40096186823
1045,66468.37478230735
1046,66350.55780731168
1047,66232.94966606051
1048,66115.54998839044
1049,65998.3584047942
1050,65881.37454641945
1051,65764.59804506767
1052,65648.02853319299
1053,65531.665643901026
1054,65415.5090109477
1055,65299.55826873813
1056,65183.81305232546
1057,65068.2729974097
1058,64952.937740336616
1059,64837.80691809653
1060,64722.88016832324
1061,64608.15712929281
1062,64493.63743992251
1063,64379.32073976961
1064,64265.20666903029
1065,64151.294868538476
1066,64037.584979764746
1067,63924.07664481516
1068,63810.76950643018
1069,63697.66320798349
1070,63584.757393480926
1071,63472.05170755932
1072,63359.545795485414
1073,63247.2393031547
1074,63135.131877090345
1075,63023.22316444206
1076,62911.51281298499
1077,62800.000471118605
1078,62688.6857878656
1079,62577.568412870794
1080,62466.64799640002
1081,62355.924189339
1082,62245.396643192296
1083,62135.06501008219
1084,62024.92894274756
1085,61914.98809454284
1086,61805.24211943688
1087,61695.69067201191
1088,61586.333407462385
1089,61477.16998159397
1090,61368.20005082241
1091,61259.42327217245
1092,61150.839303276785
1093,61042.44780237497
1094,60934.24842831232
1095,60826.24084053886
1096,60718.42469910827
1097,60610.79966467677
1098,60503.36539850209
1099,60396.12156244237
1100,60289.06781895514
1101,60182.20383109622
1102,60075.529262518685
1103,59969.04377747177
1104,59862.747040799855
1105,59756.638717941394
1106,59650.718474927846
1107,59544.985978382654
1108,59439.44089552017
1109,59334.08289414463
1110,59228.91164264907
1111,59123.92681001434
1112,59019.12806580801
1113,58914.51508018335
1114,58810.087523878305
1115,58705.84506821443
1116,58601.787385095886
1117,58497.914147008385
1118,58394.22502701817
1119,58290.719698770976
1120,58187.39783649102
1121,58084.259114979955
1122,57981.303209615864
1123,57878.52979635223
1124,57775.93855171692
1125,57673.529152811156
1126,57571.30127730851
1127,57469.25460345388
1128,57367.388810062504
1129,57265.70357651891
1130,57164.19858277592
1131,57062.873509353674
1132,56961.72803733857
1133,56860.76184838232
1134,56759.97462470088
1135,56659.36604907352
1136,56558.93580484177
1137,56458.68357590846
1138,56358.609046736696
1139,56258.7119023489
1140,56158.99182832578
1141,56059.44851080538
1142,55960.08163648206
1143,55860.89089260552
1144,55761.87596697984
1145,55663.036547962445
1146,55564.37232446318
1147,55465.88298594328
1148,55367.568222414455
1149,55269.427724437846
1150,55171.461183123094
1151,55073.66829012735
1152,54976.048737654324
1153,54878.60221845329
1154,54781.328425818145
1155,54684.22705358642
1156,54587.29779613834
1157,54490.54034839582
1158,54393.95440582157
1159,54297.53966441807
1160,54201.29582072668
1161,54105.222571826605
1162,54009.31961533402
1163,53913.58664940106
1164,53818.023372714924
1165,53722.62948449686
1166,53627.40468450127
1167,53532.348673014756
1168,53437.46115085516
1169,53342.74181937064
1170,53248.19038043872
1171,53153.806536465345
1172,53059.58999038396
1173,52965.54044565458
1174,52871.65760626283
1175,52777.94117671903
1176,52684.39086205727
1177,52591.00636783447
1178,52497.787400129455
1179,52404.733665542044
1180,52311.84487119211
1181,52219.120724718654
1182,52126.56093427892
1183,52034.16520854742
1184,51941.93325671507
1185,51849.864788488245
1186,51757.959514087874
1187,51666.21714424853
1188,51574.63739021751
1189,51483.219963753945
1190,51391.96457712787
1191,51300.87094311932
1192,51209.938775017465
1193,51119.16778661965
1194,51028.55769223053
1195,50938.10820666118
1196,50847.81904522814
1197,50757.6899237526
1198,50667.72055855944
1199,50577.910666476375
1200,50488.25996483304
1201,50398.76817146013
1202,50309.43500468846
1203,50220.26018334813
1204,50131.243426767636
1205,50042.384454772946
1206,49953.682987686654
1207,49865.138746327095
1208,49776.751452007455
1209,49688.5208265349
1210,49600.4465922097
1211,49512.528471824364
1212,49424.76618866274
1213,49337.15946649918
1214,49249.70802959765
1215,49162.41160271086
1216,49075.269911079406
1217,48988.2826804309
1218,48901.449636979116
1219,48814.77050742312
1220,48728.2450189464
1221,48641.87289921603
1222,48555.6538763818
1223,48469.58767907536
1224,48383.67403640937
1225,48297.91267797664
1226,48212.30333384928
1227,48126.84573457787
1228,48041.539611190594
1229,47956.38469519238
1230,47871.380718564076
1231,47786.527413761614
1232,47701.82451371514
1233,47617.27175182819
1234,47532.86886197687
1235,47448.61557850897
1236,47364.51163624317
1237,47280.55677046819
1238,47196.750716941955
1239,47113.093211890766
1240,47029.583992008476
1241,46946.22279445564
1242,46863.009356858725
1243,46779.943417309245
1244,46697.02471436296
1245,46614.25298703905
1246,46531.62797481928
1247,46449.14941764721
1248,46366.817055927335
1249,46284.6306305243
1250,46202.58988276207
1251,46120.69455442313
1252,46038.94438774765
1253,45957.3391254327
1254,45875.87851063142
1255,45794.562286952205
1256,45713.390198457935
1257,45632.36198966513
1258,45551.47740554316
1259,45470.73619151345
1260,45390.13809344868
1261,45309.682857671956
1262,45229.370230956054
1263,45149.19996052259
1264,45069.17179404123
1265,44989.28547962892
1266,44909.540765849066
1267,44829.93740171076
1268,44750.47513666797
1269,44671.15372061877
1270,44591.97290390455
1271,44512.93243730921
1272,44434.03207205841
1273,44355.27155981877
1274,44276.65065269708
1275,44198.16910323952
1276,44119.826664430904
1277,44041.62308969388
1278,43963.55813288815
1279,43885.631548309735
1280,43807.84309069014
1281,43730.19251519564
1282,43652.67957742647
1283,43575.30403341607
1284,43498.06563963033
1285,43420.9641529668
1286,43343.99933075393
1287,43267.17093075034
1288,43190.47871114399
1289,43113.92243055148
1290,43037.50184801727
1291,42961.21672301293
1292,42885.06681543633
1293,42809.05188561098
1294,42733.17169428519
1295,42657.426002631364
1296,42581.81457224523
1297,42506.337165145094
1298,42430.99354377109
1299,42355.78347098443
1300,42280.706710066675
1301,42205.76302471896
1302,42130.95217906127
1303,42056.2739376317
1304,41981.728065385694
1305,41907.31432769534
1306,41833.032490348596
1307,41758.88231954856
1308,41684.86358191276
1309,41610.97604447239
1310,41537.21947467158
1311,41463.59364036669
1312,41390.09830982555
1313,41316.73325172674
1314,41243.49823515887
1315,41170.39302961984
1316,41097.41740501612
1317,41024.57113166203
1318,40951.853980279026
1319,40879.26572199495
1320,40806.80612834332
1321,40734.47497126264
1322,40662.27202309565
1323,40590.1970565886
1324,40518.24984489058
1325,40446.43016155277
1326,40374.737780527736
1327,40303.172476168715
1328,40231.734023228906
1329,40160.42219686078
1330,40089.236772615346
1331,40018.17752644145
1332,39947.24423468507
1333,39876.43667408865
1334,39805.75462179032
1335,39735.19785532328
1336,39664.76615261501
1337,39594.45929198667
1338,39524.27705215232
1339,39454.21921221827
1340,39384.285551682355
1341,39314.47585043327
1342,39244.78988874986
1343,39175.22744730042
1344,39105.78830714204
1345,39036.47224971987
1346,38967.279056866464
1347,38898.20851080108
1348,38829.26039412901
1349,38760.43448984086
1350,38691.73058131192
1351,38623.14845230142
1352,38554.68788695192
1353,38486.34866978857
1354,38418.13058571845
1355,38350.03342002992
1356,38282.0569583919
1357,38214.200986853226
1358,38146.465291841974
1359,38078.84966016478
1360,38011.35387900616
1361,37943.97773592786
1362,37876.72101886818
1363,37809.583516141305
1364,37742.56501643663
1365,37675.66530881812
1366,37608.88418272361
1367,37542.22142796417
1368,37475.67683472345
1369,37409.250193556974
1370,37342.94129539155
1371,37276.749931524544
1372,37210.675893623265
1373,37144.718973724295
1374,37078.87896423284
1375,37013.15565792207
1376,36947.54884793247
1377,36882.058327771185
1378,36816.68389131138
1379,36751.425332791594
1380,36686.282446815065
1381,36621.255028349115
1382,36556.34287272448
1383,36491.5457756347
1384,36426.86353313543
1385,36362.29594164383
1386,36297.84279793793
1387,36233.50389915595
1388,36169.2790427957
1389,36105.168026713945
1390,36041.170649125736
1391,35977.286708603795
1392,35913.51600407789
1393,35849.85833483417
1394,35786.31350051459
1395,35722.881301116206
1396,35659.561536990615
1397,35596.35400884328
1398,35533.25851773292
1399,35470.27486507088
1400,35407.40285262053
1401,35344.64228249659
1402,35281.99295716456
1403,35219.45467944007
1404,35157.027252488246
1405,35094.71047982313
1406,35032.50416530704
1407,34970.40811314993
1408,34908.42212790884
1409,34846.5460144872
1410,34784.77957813426
1411,34723.122624444484
1412,34661.57495935692
1413,34600.13638915459
1414,34538.806720463894
1415,34477.585760253976
1416,34416.47331583615
1417,34355.46919486326
1418,34294.5732053291
1419,34233.7851555678
1420,34173.104854253215
1421,34112.532110398344
1422,34052.06673335471
1423,33991.708532811754
1424,33931.45731879627
1425,33871.31290167176
1426,33811.275092137876
1427,33751.34370122981
1428,33691.518540317695
1429,33631.79942110602
1430,33572.186155633026
1431,33512.678556270126
1432,33453.27643572132
1433,33393.979607022564
1434,33334.78788354125
1435,33275.70107897556
1436,33216.7190073539
1437,33157.84148303433
1438,33099.06832070395
1439,33040.39933537834
1440,32981.83434240096
1441,32923.3731574426
1442,32865.01559650076
1443,32806.76147589909
1444,32748.61061228682
1445,32690.56282263817
1446,32632.61792425178
1447,32574.77573475013
1448,32517.036072078965
1449,32459.39875450674
1450,32401.86360062402
1451,32344.430429342927
1452,32287.099059896573
1453,32229.869311838473
1454,32172.741005041997
1455,32115.71395969979
1456,32058.787996323215
1457,32001.962935741776
1458,31945.238599102566
1459,31888.614807869697
1460,31832.091383823747
1461,31775.668149061185
1462,31719.344925993824
1463,31663.121537348256
1464,31606.99780616529
1465,31550.973555799406
1466,31495.04860991819
1467,31439.222792501783
1468,31383.495927842327
1469,31327.867840543408
1470,31272.338355519507
1471,31216.90729799545
1472,31161.57449350586
1473,31106.3397678946
1474,31051.202947314225
1475,30996.163858225453
1476,30941.22232739659
1477,30886.378181903012
1478,30831.6312491266
1479,30776.981356755212
1480,30722.428332782125
1481,30667.97200550551
1482,30613.612203527886
1483,30559.34875575557
1484,30505.181491398154
1485,30451.11023996796
1486,30397.134831279498
1487,30343.25509544894
1488,30289.470862893588
1489,30235.781964331323
1490,30182.18823078009
1491,30128.689493557362
1492,30075.285584279594
1493,30021.976334861716
1494,29968.761577516594
1495,29915.641144754492
1496,29862.614869382563
1497,29809.68258450431
1498,29756.844123519066
1499,29704.099320121462
1500,29651.448008300922
1501,29598.89002234112
1502,29546.42519681946
1503,29494.053366606575
1504,29441.77436686579
1505,29389.588033052605
1506,29337.49420091418
1507,29285.49270648882
1508,29233.583386105456
1509,29181.766076383126
1510,29130.040614230467
1511,29078.406836845206
1512,29026.864581713635
1513,28975.413686610103
1514,28924.05398959652
1515,28872.785329021823
1516,28821.607543521484
1517,28770.520472017004
1518,28719.523953715394
1519,28668.617828108676
1520,28617.801934973373
1521,28567.07611437002
1522,28516.44020664263
1523,28465.89405241823
1524,28415.43749260633
1525,28365.07036839843
1526,28314.79252126753
1527,28264.603792967617
1528,28214.504025533177
1529,28164.493061278692
1530,28114.570742798147
1531,28064.736912964534
1532,28014.99141492935
1533,27965.334092122124
1534,27915.764788249897
1535,27866.28334729675
1536,27816.889613523304
1537,27767.583431466235
1538,27718.364645937778
1539,27669.233102025246
1540,27620.188645090537
1541,27571.23112076965
1542,27522.360374972202
1543,27473.576253880932
1544,27424.878603951227
1545,27376.267271910638
1546,27327.742104758392
1547,27279.302949764915
1548,27230.949654471355
1549,27182.682066689093
1550,27134.500034499266
1551,27086.4034062523
1552,27038.39203056741
1553,26990.465756332156
1554,26942.62443270193
1555,26894.867909099514
1556,26847.196035214583
1557,26799.608661003247
1558,26752.10563668757
1559,26704.686812755106
1560,26657.352039958416
1561,26610.10116931461
1562,26562.934052104876
1563,26515.85053987401
1564,26468.850484429942
1565,26421.933737843287
1566,26375.10015244686
1567,26328.349580835224
1568,26281.681875864222
1569,26235.096890650515
1570,26188.594478571114
1571,26142.174493262926
1572,26095.836788622295
1573,26049.58121880453
1574,26003.40763822346
1575,25957.315901550963
1576,25911.30586371652
1577,25865.37737990675
1578,25819.530305564964
1579,25773.764496390693
1580,25728.079808339255
1581,25682.476097621286
1582,25636.953220702293
1583,25591.5110343022
1584,25546.1493953949
1585,25500.868161207807
1586,25455.6671892214
1587,25410.546337168777
1588,25365.50546303521
1589,25320.544425057695
1590,25275.663081724502
1591,25230.861291774745
1592,25186.138914197916
1593,25141.49580823346
1594,25096.93183337032
1595,25052.446849346496
1596,25008.04071614861
1597,24963.713294011464
1598,24919.464443417593
1599,24875.29402509683
1600,24831.20190002587
1601,24787.18792942783
1602,24743.251974771814
1603,24699.393897772476
1604,24655.61356038958
1605,24611.910824827573
1606,24568.285553535152
1607,24524.73760920482
1608,24481.266854772468
1609,24437.873153416935
1610,24394.556368559573
1611,24351.316363863833
1612,24308.15300323482
1613,24265.06615081887
1614,24222.05567100313
1615,24179.121428415117
1616,24136.263287922306
1617,24093.48111463169
1618,24050.77477388937
1619,24008.144131280125
1620,23965.589052626983
1621,23923.10940399081
1622,23880.705051669876
1623,23838.37586219945
1624,23796.12170235136
1625,23753.942439133596
1626,23711.83793978987
1627,23669.808071799216
1628,23627.85270287556
1629,23585.971700967308
1630,23544.164934256933
1631,23502.43227116056
1632,23460.773580327546
1633,23419.188730640075
1634,23377.677591212738
1635,23336.240031392124
1636,23294.875920756407
1637,23253.58512911494
1638,23212.367526507842
1639,23171.22298320559
1640,23130.151369708605
1641,23089.152556746856
1642,23048.226415279445
1643,23007.3728164942
1644,22966.591631807274
1645,22925.882732862738
1646,22885.245991532174
1647,22844.681279914283
1648,22804.188470334466
1649,22763.767435344434
1650,22723.418047721807
1651,22683.140180469705
1652,22642.933706816355
1653,22602.798500214692
1654,22562.734434341957
1655,22522.7413830993
1656,22482.819220611385
1657,22442.967821226
1658,22403.18705951365
1659,22363.476810267166
1660,22323.836948501314
1661,22284.267349452395
1662,22244.767888577866
1663,22205.33844155593
1664,22165.97888428516
1665,22126.689092884095
1666,22087.468943690867
1667,22048.318313262796
1668,22009.23707837601
1669,21970.22511602505
1670,21931.28230342249
1671,21892.40851799855
1672,21853.603637400705
1673,21814.86753949331
1674,21776.200102357194
1675,21737.60120428931
1676,21699.070723802317
1677,21660.608539624223
1678,21622.21453069799
1679,21583.888576181158
1680,21545.630555445463
1681,21507.44034807646
1682,21469.317833873138
1683,21431.262892847546
1684,21393.275405224416
1685,21355.35525144079
1686,21317.502312145625
1687,21279.716468199447
1688,21241.99760067395
1689,21204.345590851633
1690,21166.76032022543
1691,21129.241670498322
1692,21091.789523582986
1693,21054.403761601403
1694,21017.0842668845
1695,20979.830921971774
1696,20942.64360961093
1697,20905.522212757493
1698,20868.466614574467
1699,20831.476698431943
1700,20794.552347906745
1701,20757.69344678206
1702,20720.899879047072
1703,20684.171528896597
1704,20647.50828073072
1705,20610.910019154428
1706,20574.37662897725
1707,20537.907995212896
1708,20501.504003078888
1709,20465.164537996203
1710,20428.889485588916
1711,20392.67873168383
1712,20356.532162310134
1713,20320.44966369902
1714,20284.431122283346
1715,20248.476424697274
1716,20212.585457775902
1717,20176.75810855492
1718,20140.99426427025
1719,20105.293812357693
1720,20069.65664045257
1721,20034.082636389372
1722,19998.571688201406
1723,19963.123684120445
1724,19927.738512576372
1725,19892.416062196833
1726,19857.156221806883
1727,19821.95888042864
1728,19786.82392728093
1729,19751.751251778944
1730,19716.740743533883
1731,19681.792292352624
1732,19646.905788237356
1733,19612.081121385243
1734,19577.318182188083
1735,19542.616861231952
1736,19507.977049296867
1737,19473.39863735644
1738,19438.881516577538
1739,19404.425578319933
1740,19370.030714135966
1741,19335.696815770207
1742,19301.42377515911
1743,19267.211484430674
1744,19233.059835904107
1745,19198.968722089478
1746,19164.938035687388
1747,19130.967669588634
1748,19097.057516873858
1749,19063.207470813224
1750,19029.41742486608
1751,18995.687272680614
1752,18962.01690809353
1753,18928.40622512971
1754,18894.855118001877
1755,18861.363481110264
1756,18827.931209042286
1757,18794.558196572205
1758,18761.244338660792
1759,18727.98953045501
1760,18694.793667287668
1761,18661.656644677114
1762,18628.57835832688
1763,18595.55870412537
1764,18562.597578145534
1765,18529.69487664453
1766,18496.8504960634
1767,18464.06433302676
1768,18431.336284342444
1769,18398.66624700121
1770,18366.054118176395
1771,18333.499795223604
1772,18301.00317568038
1773,18268.564157265882
1774,18236.18263788057
1775,18203.858515605873
1776,18171.591688703873
1777,18139.38205561699
1778,18107.22951496765
1779,18075.133965557983
1780,18043.095306369487
1781,18011.11343656272
1782,17979.18825547698
1783,17947.319662629994
1784,17915.507557717592
1785,17883.751840613397
1786,17852.05241136851
1787,17820.409170211187
1788,17788.822017546543
1789,17757.29085395622
1790,17725.815580198083
1791,17694.39609720591
1792,17663.03230608907
1793,17631.724108132225
1794,17600.471404795007
1795,17569.274097711717
1796,17538.13208869101
1797,17507.045279715592
1798,17476.0135729419
1799,17445.03687069981
1800,17414.115075492307
1801,17383.24808999521
1802,17352.435817056834
1803,17321.678159697705
1804,17290.975021110247
1805,17260.326304658476
1806,17229.7319138777
1807,17199.191752474206
1808,17168.705724324973
1809,17138.27373347736
1810,17107.8956841488
1811,17077.571480726507
1812,17047.301027767167
1813,17017.084229996646
1814,16986.920992309682
1815,16956.811219769595
1816,16926.75481760798
1817,16896.75169122441
1818,16866.801746186142
1819,16836.904888227815
1820,16807.06102325116
1821,16777.270057324695
1822,16747.53189668344
1823,16717.846447728607
1824,16688.213617027322
1825,16658.633311312322
1826,16629.105437481663
1827,16599.629902598423
1828,16570.206613890416
1829,16540.835478749894
1830,16511.516404733266
1831,16482.249299560794
1832,16453.034071116308
1833,16423.87062744692
1834,16394.758876762724
1835,16365.698727436524
1836,16336.690088003528
1837,16307.732867161072
1838,16278.826973768326
1839,16249.97231684601
1840,16221.168805576108
1841,16192.41634930158
1842,16163.71485752608
1843,16135.064239913667
1844,16106.464406288525
1845,16077.915266634676
1846,16049.416731095698
1847,16020.96870997444
1848,15992.571113732747
1849,15964.223852991165
1850,15935.926838528674
1851,15907.679981282397
1852,15879.483192347325
1853,15851.336382976035
1854,15823.239464578412
1855,15795.192348721366
1856,15767.194947128562
1857,15739.247171680136
1858,15711.348934412414
1859,15683.500147517647
1860,15655.700723343722
1861,15627.950574393893
1862,15600.249613326509
1863,15572.597752954727
1864,15544.994906246251
1865,15517.440986323048
1866,15489.935906461082
1867,15462.479580090034
1868,15435.071920793036
1869,15407.712842306397
1870,15380.402258519327
1871,15353.140083473672
1872,15325.926231363643
1873,15298.76061653554
1874,15271.643153487488
1875,15244.57375686917
1876,15217.552341481549
1877,15190.578822276608
1878,15163.653114357081
1879,15136.775132976185
1880,15109.94479353735
1881,15083.162011593957
1882,15056.426702849072
1883,15029.738783155179
1884,15003.098168513914
1885,14976.504775075806
1886,14949.958519140007
1887,14923.459317154031
1888,14897.00708571349
1889,14870.601741561837
1890,14844.243201590094
1891,14817.9313828366
1892,14791.66620248674
1893,14765.447577872697
1894,14739.275426473183
1895,14713.149665913179
1896,14687.07021396368
1897,14661.036988541431
1898,14635.049907708675
1899,14609.108889672892
1900,14583.21385278654
1901,14557.3647155468
1902,14531.561396595318
1903,14505.80381471795
1904,14480.091888844509
1905,14454.425538048503
1906,14428.804681546886
1907,14403.229238699805
1908,14377.699129010338
1909,14352.214272124249
1910,14326.774587829734
1911,14301.379996057161
1912,14276.03041687883
1913,14250.725770508709
1914,14225.465977302192
1915,14200.250957755847
1916,14175.08063250716
1917,14149.954922334293
1918,14124.873748155827
1919,14099.83703103052
1920,14074.844692157052
1921,14049.896652873786
1922,14024.99283465851
1923,14000.133159128194
1924,13975.31754803875
1925,13950.545923284775
1926,13925.81820689931
1927,13901.134321053596
1928,13876.494188056828
1929,13851.897730355908
1930,13827.344870535204
1931,13802.835531316305
1932,13778.36963555778
1933,13753.94710625493
1934,13729.56786653955
1935,13705.231839679689
1936,13680.938949079402
1937,13656.689118278513
1938,13632.482270952372
1939,13608.318330911621
1940,13584.197222101948
1941,13560.118868603846
1942,13536.08319463238
1943,13512.090124536946
1944,13488.139582801034
1945,13464.231494041986
1946,13440.365783010762
1947,13416.542374591707
1948,13392.761193802306
1949,13369.022165792954
1950,13345.32521584672
1951,13321.670269379109
1952,13298.05725193783
1953,13274.48608920256
1954,13250.956706984713
1955,13227.469031227201
1956,13204.022988004206
1957,13180.618503520946
1958,13157.25550411344
1959,13133.933916248281
1960,13110.653666522401
1961,13087.41468166284
1962,13064.216888526518
1963,13041.060214100002
1964,13017.944585499275
1965,12994.869929969513
1966,12971.83617488485
1967,12948.84324774815
1968,12925.891076190783
1969,12902.979587972392
1970,12880.108710980669
1971,12857.278373231127
1972,12834.488502866874
1973,12811.739028158383
1974,12789.029877503273
1975,12766.360979426081
1976,12743.732262578033
1977,12721.143655736822
1978,12698.595087806389
1979,12676.08648781669
1980,12653.617784923481
1981,12631.188908408089
1982,12608.799787677191
1983,12586.450352262596
1984,12564.140531821018
1985,12541.870256133854
1986,12519.639455106968
1987,12497.448058770467
1988,12475.295997278483
1989,12453.183200908948
1990,12431.109600063384
1991,12409.075125266672
1992,12387.079707166842
1993,12365.123276534854
1994,12343.205764264376
1995,12321.32710137157
1996,12299.487218994871
1997,12277.686048394778
1998,12255.923520953631
1999,12234.199568175392
2000,12212.514121685439
2001,12190.867113230344
2002,12169.258474677663
2003,12147.688138015714
2004,12126.156035353368
2005,12104.662098919838
2006,12083.206261064463
2007,12061.78845425649
2008,12040.40861108487
2009,12019.066664258038
2010,11997.76254660371
2011,11976.496191068663
2012,11955.26753071853
2013,11934.076498737586
2014,11912.923028428537
2015,11891.807053212315
2016,11870.728506627862
2017,11849.687322331927
2018,11828.683434098852
2019,11807.716775820365
2020,11786.787281505376
2021,11765.894885279764
2022,11745.03952138617
2023,11724.221124183796
2024,11703.43962814819
2025,11682.694967871044
2026,11661.987078059992
2027,11641.315893538396
2028,11620.681349245147
2029,11600.08338023446
2030,11579.521921675665
2031,11558.996908853009
2032,11538.508277165449
2033,11518.055962126447
2034,11497.639899363772
2035,11477.26002461929
2036,11456.916273748773
2037,11436.608582721685
2038,11416.336887620986
2039,11396.101124642935
2040,11375.90123009688
2041,11355.737140405066
2042,11335.608792102428
2043,11315.516121836397
2044,11295.459066366697
2045,11275.437562565146
2046,11255.451547415463
2047,11235.500958013059
2048,11215.58573156485
2049,11195.70580538905
2050,11175.861116914983
2051,11156.051603682876
2052,11136.277203343672
2053,11116.537853658827
2054,11096.833492500118
2055,11077.164057849444
2056,11057.529487798634
2057,11037.929720549253
2058,11018.3646944124
2059,10998.834347808523
2060,10979.33861926722
2061,10959.87744742705
2062,10940.450771035334
2063,10921.058528947964
2064,10901.700660129214
2065,10882.377103651545
2066,10863.087798695411
2067,10843.832684549076
2068,10824.611700608411
2069,10805.424786376714
2070,10786.27188146451
2071,10767.152925589373
2072,10748.067858575721
2073,10729.016620354643
2074,10709.999150963697
2075,10691.015390546725
2076,10672.065279353668
2077,10653.148757740377
2078,10634.26576616842
2079,10615.416245204902
2080,10596.600135522272
2081,10577.817377898142
2082,10559.06791321509
2083,10540.35168246049
2084,10521.668626726312
2085,10503.018687208943
2086,10484.401805209003
2087,10465.817922131157
2088,10447.26697948393
2089,10428.748918879524
2090,10410.263682033643
2091,10391.81121076529
2092,10373.391446996606
2093,10355.004332752667
2094,10336.64981016132
2095,10318.327821452984
2096,10300.038308960482
2097,10281.78121511885
2098,10263.556482465163
2099,10245.364053638346
2100,10227.203871379003
2101,10209.075878529226
2102,10190.980018032426
2103,10172.916232933147
2104,10154.884466376887
2105,10136.88466160992
2106,10118.916761979119
2107,10100.980710931775
2108,10083.076452015423
2109,10065.203928877654
2110,10047.363085265955
2111,10029.553865027516
2112,10011.77621210906
2113,9994.030070556666
2114,9976.315384515596
2115,9958.632098230111
2116,9940.980156043304
2117,9923.359502396921
2118,9905.770081831184
2119,9888.211838984622
2120,9870.684718593893
2121,9853.18866549361
2122,9835.723624616168
2123,9818.28954099157
2124,9800.88635974726
2125,9783.514026107936
2126,9766.172485395395
2127,9748.861683028348
2128,9731.581564522256
2129,9714.33207548915
2130,9697.113161637471
2131,9679.924768771893
2132,9662.766842793146
2133,9645.639329697859
2134,9628.542175578381
2135,9611.475326622614
2136,9594.438729113845
2137,9577.43232943057
2138,9560.456074046338
2139,9543.50990952957
2140,9526.593782543398
2141,9509.707639845492
2142,9492.8514282879
2143,9476.025094816874
2144,9459.228586472704
2145,9442.461850389554
2146,9425.724833795295
2147,9409.017484011334
2148,9392.339748452458
2149,9375.691574626657
2150,9359.072910134968
2151,9342.483702671307
2152,9325.9239000223
2153,9309.39345006713
2154,9292.892300777356
2155,9276.420400216766
2156,9259.977696541204
2157,9243.564137998408
2158,9227.17967292785
2159,9210.824249760572
2160,9194.497817019019
2161,9178.200323316887
2162,9161.931717358955
2163,9145.69194794092
2164,9129.480963949245
2165,9113.298714360988
2166,9097.14514824365
2167,9081.02021475501
2168,9064.923863142967
2169,9048.85604274538
2170,9032.816702989905
2171,9016.805793393843
2172,9000.823263563974
2173,8984.869063196402
2174,8968.943142076396
2175,8953.045450078233
2176,8937.175937165035
2177,8921.334553388622
2178,8905.521248889345
2179,8889.735973895933
2180,8873.978678725336
2181,8858.24931378257
2182,8842.547829560554
2183,8826.874176639965
2184,8811.228305689077
2185,8795.610167463605
2186,8780.019712806548
2187,8764.456892648042
2188,8748.921658005196
2189,8733.413959981945
2190,8717.933749768892
2191,8702.480978643158
2192,8687.055597968225
2193,8671.657559193787
2194,8656.286813855591
2195,8640.943313575292
2196,8625.627010060292
2197,8610.337855103598
2198,8595.075800583663
2199,8579.840798464236
2200,8564.632800794214
2201,8549.451759707485
2202,8534.297627422784
2203,8519.170356243538
2204,8504.069898557718
2205,8488.99620683769
2206,8473.94923364006
2207,8458.928931605533
2208,8443.935253458758
2209,8428.96815200818
2210,8414.027580145892
2211,8399.11349084749
2212,8384.22583717192
2213,8369.364572261331
2214,8354.529649340931
2215,8339.721021718837
2216,8324.938642785926
2217,8310.182466015696
2218,8295.45244496411
2219,8280.748533269458
2220,8266.070684652203
2221,8251.418852914841
2222,8236.79299194176
2223,8222.193055699081
2224,8207.618998234526
2225,8193.070773677267
2226,8178.5483362377845
2227,8164.051640207721
2228,8149.580639959739
2229,8135.135289947375
2230,8120.715544704901
2231,8106.321358847175
2232,8091.9526870695045
2233,8077.609484147497
2234,8063.291704936924
2235,8048.999304373578
2236,8034.732237473124
2237,8020.4904593309675
2238,8006.273925122106
2239,7992.082590100993
2240,7977.916409601392
2241,7963.7753390362395
2242,7949.659333897504
2243,7935.568349756047
2244,7921.502342261479
2245,7907.461267142025
2246,7893.445080204381
2247,7879.45373733358
2248,7865.487194492846
2249,7851.5454077234635
2250,7837.628333144631
2251,7823.735926953329
2252,7809.86814542418
2253,7796.02494490931
2254,7782.206281838214
2255,7768.412112717614
2256,7754.642394131328
2257,7740.897082740128
2258,7727.1761352816075
2259,7713.4795085700425
2260,7699.807159496258
2261,7686.15904502749
2262,7672.535122207252
2263,7658.9353481552
2264,7645.359680066994
2265,7631.808075214168
2266,7618.280490943992
2267,7604.77688467934
2268,7591.297213918555
2269,7577.841436235315
2270,7564.4095092785
2271,7551.001390772059
2272,7537.617038514874
2273,7524.256410380634
2274,7510.919464317695
2275,7497.60615834895
2276,7484.3164505716995
2277,7471.050299157517
2278,7457.807662352117
2279,7444.5884984752265
2280,7431.39276592045
2281,7418.220423155142
2282,7405.0714287202745
2283,7391.945741230305
2284,7378.843319373051
2285,7365.764121909553
2286,7352.708107673952
2287,7339.675235573356
2288,7326.66546458771
2289,7313.678753769668
2290,7300.715062244467
2291,7287.7743492097925
2292,7274.856573935655
2293,7261.96169576426
2294,7249.089674109879
2295,7236.240468458722
2296,7223.414038368814
2297,7210.610343469861
2298,7197.829343463129
2299,7185.070998121312
2300,7172.335267288412
2301,7159.622110879604
2302,7146.931488881118
2303,7134.263361350107
2304,7121.617688414524
2305,7108.994430272999
2306,7096.393547194708
2307,7083.814999519252
2308,7071.258747656531
2309,7058.72475208662
2310,7046.212973359644
2311,7033.723372095653
2312,7021.2559089845
2313,7008.810544785716
2314,6996.387240328387
2315,6983.98595651103
2316,6971.606654301471
2317,6959.249294736721
2318,6946.913838922855
2319,6934.600248034886
2320,6922.308483316649
2321,6910.038506080672
2322,6897.79027770806
2323,6885.563759648369
2324,6873.358913419489
2325,6861.175700607519
2326,6849.014082866647
2327,6836.874021919032
2328,6824.75547955468
2329,6812.658417631325
2330,6800.5827980743115
2331,6788.528582876469
2332,6776.495734097999
2333,6764.48421386635
2334,6752.493984376101
2335,6740.525007888843
2336,6728.577246733059
2337,6716.650663304004
2338,6704.745220063593
2339,6692.860879540272
2340,6680.9976043289125
2341,6669.155357090683
2342,6657.334100552937
2343,6645.533797509098
2344,6633.754410818535
2345,6621.995903406452
2346,6610.258238263768
2347,6598.541378447004
2348,6586.84528707816
2349,6575.169927344607
2350,6563.515262498965
2351,6551.881255858992
2352,6540.267870807464
2353,6528.675070792064
2354,6517.102819325263
2355,6505.5510799842095
2356,6494.01981641061
2357,6482.508992310618
2358,6471.01857145472
2359,6459.548517677617
2360,6448.098794878119
2361,6436.6693670190225
2362,6425.260198127001
2363,6413.871252292493
2364,6402.502493669588
2365,6391.153886475912
2366,6379.825394992517
2367,6368.516983563768
2368,6357.22861659723
2369,6345.960258563557
2370,6334.711873996378
2371,6323.4834274921905
2372,6312.274883710243
2373,6301.086207372426
2374,6289.917363263164
2375,6278.7683162293
2376,6267.639031179987
2377,6256.529473086579
2378,6245.439606982518
2379,6234.369397963224
2380,6223.31881118599
2381,6212.2878118698645
2382,6201.276365295548
2383,6190.284436805282
2384,6179.31199180274
2385,6168.3589957529175
2386,6157.425414182026
2387,6146.511212677379
2388,6135.616356887293
2389,6124.740812520969
2390,6113.88454534839
2391,6103.047521200216
2392,6092.229705967668
2393,6081.431065602432
2394,6070.651566116539
2395,6059.8911735822685
2396,6049.149854132037
2397,6038.427573958292
2398,6027.724299313406
2399,6017.039996509569
2400,6006.374631918687
2401,5995.728171972267
2402,5985.100583161322
2403,5974.4918320362585
2404,5963.901885206774
2405,5953.33070934175
2406,5942.77827116915
2407,5932.244537475912
2408,5921.729475107844
2409,5911.233050969524
2410,5900.755232024188
2411,5890.295985293636
2412,5879.855277858117
2413,5869.433076856235
2414,5859.029349484841
2415,5848.644062998929
2416,5838.277184711537
2417,5827.928681993639
2418,5817.5985222740455
2419,5807.286673039301
2420,5796.99310183358
2421,5786.717776258587
2422,5776.460663973453
2423,5766.221732694633
2424,5756.000950195807
2425,5745.798284307775
2426,5735.613702918361
2427,5725.447173972306
2428,5715.298665471169
2429,5705.168145473231
2430,5695.055582093386
2431,5684.960943503049
2432,5674.88419793005
2433,5664.825313658535
2434,5654.78425902887
2435,5644.761002437537
2436,5634.755512337037
2437,5624.767757235787
2438,5614.797705698027
2439,5604.845326343717
2440,5594.910587848437
2441,5584.993458943292
2442,5575.093908414813
2443,5565.211905104856
2444,5555.347417910505
2445,5545.500415783977
2446,5535.67086773252
2447,5525.858742818318
2448,5516.064010158395
2449,5506.286638924514
2450,5496.526598343081
2451,5486.783857695051
2452,5477.058386315829
2453,5467.350153595173
2454,5457.659128977099
2455,5447.985281959784
2456,5438.32858209547
2457,5428.688998990369
2458,5419.066502304568
2459,5409.461061751929
2460,5399.872647100001
2461,5390.301228169918
2462,5380.746774836309
2463,5371.209257027197
2464,5361.688644723913
2465,5352.184907960995
2466,5342.698016826094
2467,5333.227941459886
2468,5323.7746520559685
2469,5314.338118860774
2470,5304.918312173473
2471,5295.515202345883
2472,5286.128759782373
2473,5276.75895493977
2474,5267.405758327269
2475,5258.069140506336
2476,5248.74907209062
2477,5239.445523745856
2478,5230.158466189776
2479,5220.887870192016
2480,5211.633706574022
2481,5202.395946208961
2482,5193.174560021626
2483,5183.969518988351
2484,5174.780794136912
2485,5165.608356546438
2486,5156.452177347323
2487,5147.312227721134
2488,5138.188478900518
2489,5129.080902169112
2490,5119.989468861456
2491,5110.914150362898
2492,5101.854918109507
2493,5092.811743587983
2494,5083.7845983355655
2495,5074.773453939946
2496,5065.778282039178
2497,5056.799054321585
2498,5047.835742525675
2499,5038.888318440052
2500,5029.956753903323
2501,5021.041020804013
2502,5012.141091080475
2503,5003.256936720802
2504,4994.3885297627385
2505,4985.535842293593
2506,4976.698846450152
2507,4967.8775144185865
2508,4959.071818434372
2509,4950.281730782195
2510,4941.507223795868
2511,4932.748269858245
2512,4924.00484140113
2513,4915.2769109051915
2514,4906.564450899879
2515,4897.867433963334
2516,4889.1858327223035
2517,4880.519619852053
2518,4871.868768076284
2519,4863.233250167044
2520,4854.613038944645
2521,4846.008107277574
2522,4837.418428082409
2523,4828.843974323737
2524,4820.284719014062
2525,4811.740635213727
2526,4803.211696030825
2527,4794.697874621115
2528,4786.199144187941
2529,4777.71547798214
2530,4769.246849301968
2531,4760.793231493007
2532,4752.354597948085
2533,4743.9309221071935
2534,4735.522177457401
2535,4727.128337532771
2536,4718.74937591428
2537,4710.38526622973
2538,4702.035982153672
2539,4693.701497407317
2540,4685.381785758456
2541,4677.076821021379
2542,4668.786577056789
2543,4660.511027771722
2544,4652.250147119466
2545,4644.003909099476
2546,4635.772287757294
2547,4627.555257184467
2548,4619.352791518466
2549,4611.1648649426015
2550,4602.991451685949
2551,4594.83252602326
2552,4586.688062274886
2553,4578.558034806697
2554,4570.44241803
2555,4562.341186401458
2556,4554.25431442301
2557,4546.181776641793
2558,4538.123547650056
2559,4530.079602085088
2560,4522.049914629131
2561,4514.034460009307
2562,4506.03321299753
2563,4498.046148410437
2564,4490.073241109299
2565,4482.114465999946
2566,4474.169798032692
2567,4466.2392122022475
2568,4458.322683547649
2569,4450.4201871521755
2570,4442.531698143272
2571,4434.657191692469
2572,4426.796643015309
2573,4418.950027371265
2574,4411.11732006366
2575,4403.298496439598
2576,4395.493531889877
2577,4387.7024018489155
2578,4379.925081794677
2579,4372.161547248589
2580,4364.4117737754705
2581,4356.6757369834495
2582,4348.9534125238915
2583,4341.24477609132
2584,4333.549803423341
2585,4325.868470300564
2586,4318.2007525465315
2587,4310.546626027637
2588,4302.906066653052
2589,4295.27905037465
2590,4287.66555318693
2591,4280.0655511269415
2592,4272.479020274209
2593,4264.905936750656
2594,4257.346276720533
2595,4249.800016390337
2596,4242.267132008741
2597,4234.747599866519
2598,4227.241396296467
2599,4219.748497673336
2600,4212.268880413749
2601,4204.8025209761345
2602,4197.349395860648
2603,4189.909481609098
2604,4182.482754804875
2605,4175.069192072876
2606,4167.668770079429
2607,4160.281465532224
2608,4152.907255180235
2609,4145.54611581365
2610,4138.198024263799
2611,4130.862957403076
2612,4123.54089214487
2613,4116.231805443493
2614,4108.935674294105
2615,4101.652475732644
2616,4094.382186835751
2617,4087.124784720699
2618,4079.8802465453227
2619,4072.648549507944
2620,4065.429670847302
2621,4058.2235878424804
2622,4051.0302778128366
2623,4043.8497181179296
2624,4036.6818861574498
2625,4029.526759371147
2626,4022.384315238759
2627,4015.2545312799425
2628,4008.137385054201
2629,4001.0328541608133
2630,3993.940916238765
2631,3986.8615489666777
2632,3979.794730062737
2633,3972.740437284624
2634,3965.6986484294457
2635,3958.6693413336634
2636,3951.652493873024
2637,3944.6480839624905
2638,3937.6560895561724
2639,3930.6764886472556
2640,3923.709259267934
2641,3916.75437948934
2642,3909.8118274214753
2643,3902.8815812131425
2644,3895.963619051876
2645,3889.057919163873
2646,3882.164459813926
2647,3875.283219305353
2648,3868.414175979931
2649,3861.5573082178253
2650,3854.7125944375243
2651,3847.8800130957693
2652,3841.059542687488
2653,3834.2511617457267
2654,3827.4548488415817
2655,3820.670582584133
2656,3813.8983416203773
2657,3807.1381046351585
2658,3800.389850351103
2659,3793.653557528553
2660,3786.9292049654964
2661,3780.216771497504
2662,3773.5162359976603
2663,3766.827577376498
2664,3760.1507745819317
2665,3753.4858065991907
2666,3746.8326524507543
2667,3740.1912911962845
2668,3733.5617019325614
2669,3726.9438637934154
2670,3720.3377559496635
2671,3713.743357609043
2672,3707.160648016146
2673,3700.5896064523536
2674,3694.0302122357716
2675,3687.4824447211654
2676,3680.9462832998943
2677,3674.4217073998466
2678,3667.908696485376
2679,3661.407230057235
2680,3654.917287652513
2681,3648.4388488445697
2682,3641.9718932429714
2683,3635.516400493427
2684,3629.072350277725
2685,3622.639722313667
2686,3616.2184963550058
2687,3609.8086521913815
2688,3603.4101696482576
2689,3597.0230285868574
2690,3590.647208904101
2691,3584.2826905325405
2692,3577.9294534402998
2693,3571.587477631009
2694,3565.256743143742
2695,3558.937230052955
2696,3552.6289184684215
2697,3546.331788535172
2698,3540.04582043343
2699,3533.77099437855
2700,3527.5072906209552
2701,3521.254689446076
2702,3515.0131711742874
2703,3508.782716160846
2704,3502.563304795831
2705,3496.3549175040785
2706,3490.157534745124
2707,3483.971137013138
2708,3477.7957048368667
2709,3471.631218779568
2710,3465.4776594389527
2711,3459.3350074471236
2712,3453.203243470512
2713,3447.0823482098194
2714,3440.972302399956
2715,3434.873086809979
2716,3428.7846822430342
2717,3422.707069536293
2718,3416.6402295608946
2719,3410.5841432218836
2720,3404.5387914581515
2721,3398.5041552423763
2722,3392.480215580962
2723,3386.4669535139797
2724,3380.4643501151068
2725,3374.4723864915686
2726,3368.4910437840786
2727,3362.520303166778
2728,3356.5601458471783
2729,3350.610553066101
2730,3344.6715060976185
2731,3338.742986248995
2732,3332.8249748606286
2733,3326.9174533059922
2734,3321.0204029915744
2735,3315.1338053568215
2736,3309.2576418740787
2737,3303.3918940485323
2738,3297.5365434181504
2739,3291.691571553626
2740,3285.856960058319
2741,3280.0326905681977
2742,3274.21874475178
2743,3268.415104310078
2744,3262.621750976539
2745,3256.8386665169883
2746,3251.0658327295714
2747,3245.3032314446978
2748,3239.550844524982
2749,3233.8086538651883
2750,3228.076641392173
2751,3222.3547890648274
2752,3216.643078874021
2753,3210.941492842545
2754,3205.2500130250555
2755,3199.568621508018
2756,3193.8973004096497
2757,3188.2360318798633
2758,3182.584798100212
2759,3176.9435812838324
2760,3171.312363675388
2761,3165.6911275510156
2762,3160.0798552182673
2763,3154.4785290160553
2764,3148.8871313145964
2765,3143.305644515358
2766,3137.7340510509994
2767,3132.17233338532
2768,3126.620474013202
2769,3121.0784554605557
2770,3115.5462602842654
2771,3110.023871072133
2772,3104.5112704428243
2773,3099.0084410458144
2774,3093.5153655613317
2775,3088.0320267003053
2776,3082.5584072043093
2777,3077.094489845509
2778,3071.640257426606
2779,3066.1956927807846
2780,3060.7607787716584
2781,3055.335498293215
2782,3049.9198342697637
2783,3044.51376965588
2784,3039.1172874363538
2785,3033.7303706261337
2786,3028.3530022702757
2787,3022.985165443889
2788,3017.6268432520815
2789,3012.278018829909
2790,3006.9386753423205
2791,3001.608795984105
2792,2996.28836397984
2793,2990.9773625838375
2794,2985.6757750800916
2795,2980.383584782226
2796,2975.100775033442
2797,2969.8273292064646
2798,2964.5632307034916
2799,2959.308462956141
2800,2954.063009425398
2801,2948.8268536015644
2802,2943.5999790042056
2803,2938.3823691820994
2804,2933.174007713183
2805,2927.9748782045026
2806,2922.7849642921615
2807,2917.6042496412683
2808,2912.432717945886
2809,2907.2703529289793
2810,2902.1171383423653
2811,2896.973057966661
2812,2891.8380956112333
2813,2886.7122351141466
2814,2881.5954603421133
2815,2876.4877551904424
2816,2871.389103582989
2817,2866.299489472103
2818,2861.2188968385794
2819,2856.147309691609
2820,2851.0847120687245
2821,2846.031088035754
2822,2840.9864216867686
2823,2835.950697144034
2824,2830.9238985579595
2825,2825.9060101070468
2826,2820.897015997843
2827,2815.8969004648893
2828,2810.9056477706713
2829,2805.92324220557
2830,2800.9496680878124
2831,2795.9849097634205
2832,2791.0289516061653
2833,2786.0817780175144
2834,2781.1433734265843
2835,2776.213722290092
2836,2771.292809092305
2837,2766.380618344993
2838,2761.4771345873783
2839,2756.582342386089
2840,2751.6962263351083
2841,2746.8187710557277
2842,2741.949961196497
2843,2737.089781433178
2844,2732.2382164686937
2845,2727.3952510330832
2846,2722.560869883451
2847,2717.7350578039195
2848,2712.9177996055832
2849,2708.109080126458
2850,2703.308884231436
2851,2698.5171968122354
2852,2693.734002787355
2853,2688.9592871020263
2854,2684.1930347281645
2855,2679.435230664324
2856,2674.6858599356488
2857,2669.944907593826
2858,2665.21235871704
2859,2660.4881984099234
2860,2655.7724118035117
2861,2651.0649840551964
2862,2646.3659003486773
2863,2641.675145893917
2864,2636.9927059270935
2865,2632.318565710554
2866,2627.652710532769
2867,2622.9951257082857
2868,2618.3457965776806
2869,2613.7047085075155
2870,2609.07184689029
2871,2604.447197144396
2872,2599.830744714071
2873,2595.222475069354
2874,2590.6223737060386
2875,2586.0304261456267
2876,2581.4466179352844
2877,2576.8709346477954
2878,2572.3033618815166
2879,2567.743885260332
2880,2563.1924904336065
2881,2558.6491630761443
2882,2554.113888888139
2883,2549.5866535951327
2884,2545.067442947968
2885,2540.556242722746
2886,2536.053038720778
2887,2531.5578167685453
2888,2527.0705627176503
2889,2522.591262444774
2890,2518.1199018516327
2891,2513.6564668649307
2892,2509.2009434363185
2893,2504.7533175423473
2894,2500.3135751844256
2895,2495.8817023887746
2896,2491.4576852063838
2897,2487.041509712969
2898,2482.633162008926
2899,2478.232628219288
2900,2473.839894493683
2901,2469.4549470062884
2902,2465.0777719557886
2903,2460.7083555653307
2904,2456.346684082482
2905,2451.992743779186
2906,2447.6465209517205
2907,2443.3080019206523
2908,2438.9771730307957
2909,2434.65402065117
2910,2430.338531174955
2911,2426.0306910194486
2912,2421.730486626025
2913,2417.437904460092
2914,2413.152931011047
2915,2408.875552792235
2916,2404.605756340907
2917,2400.3435282181777
2918,2396.088855008981
2919,2391.841723322031
2920,2387.602119789777
2921,2383.3700310683635
2922,2379.1454438375868
2923,2374.9283448008537
2924,2370.7187206851395
2925,2366.516558240947
2926,2362.3218442422626
2927,2358.134565486518
2928,2353.9547087945457
2929,2349.7822610105386
2930,2345.6172090020086
2931,2341.459539659746
2932,2337.309239897777
2933,2333.1662966533227
2934,2329.0306968867594
2935,2324.9024275815755
2936,2320.7814757443316
2937,2316.6678284046197
2938,2312.5614726150225
2939,2308.462395451072
2940,2304.3705840112093
2941,2300.286025416744
2942,2296.208706811813
2943,2292.138615363341
2944,2288.0757382609995
2945,2284.0200627171666
2946,2279.9715759668875
2947,2275.9302652678325
2948,2271.8961179002586
2949,2267.869121166969
2950,2263.8492623932725
2951,2259.836528926945
2952,2255.830908138188
2953,2251.8323874195903
2954,2247.840954186087
2955,2243.8565958749205
2956,2239.8792999456023
2957,2235.909053879871
2958,2231.945845181654
2959,2227.9896613770297
2960,2224.0404900141857
2961,2220.0983186633807
2962,2216.163134916906
2963,2212.234926389046
2964,2208.313680716039
2965,2204.399385556038
2966,2200.492028589072
2967,2196.5915975170087
2968,2192.6980800635133
2969,2188.811463974012
2970,2184.9317370156523
2971,2181.0588869772646
2972,2177.192901669324
2973,2173.3337689239115
2974,2169.481476594677
2975,2165.6360125567994
2976,2161.7973647069493
2977,2157.9655209632506
2978,2154.140469265243
2979,2150.322197573844
2980,2146.5106938713093
2981,2142.7059461611984
2982,2138.907942468333
2983,2135.1166708387623
2984,2131.3321193397232
2985,2127.554276059605
2986,2123.783129107909
2987,2120.018666615215
2988,2116.260876733139
2989,2112.5097476343008
2990,2108.765267512283
2991,2105.0274245815967
2992,2101.2962070776425
2993,2097.5716032566734
2994,2093.8536013957596
2995,2090.14218979275
2996,2086.4373567662356
2997,2082.739090655514
2998,2079.04737982055
2999,2075.3622126419423
3000,2071.6835775208847
3001,2068.0114628791302
3002,2064.3458571589545
3003,2060.6867488231196
3004,2057.034126354838
3005,2053.3879782577355
3006,2049.748293055816
3007,2046.115059293424
3008,2042.4882655352108
3009,2038.8679003660961
3010,2035.2539523912337
3011,2031.6464102359746
3012,2028.0452625458322
3013,2024.4504979864457
3014,2020.8621052435446
3015,2017.280073022914
3016,2013.7043900503572
3017,2010.1350450716623
3018,2006.5720268525652
3019,2003.015324178715
3020,1999.4649258556385
3021,1995.9208207087052
3022,1992.3829975830918
3023,1988.8514453437472
3024,1985.3261528753574
3025,1981.8071090823107
3026,1978.2943028886627
3027,1974.7877232381013
3028,1971.287359093912
3029,1967.7931994389437
3030,1964.3052332755726
3031,1960.823449625669
3032,1957.347837530562
3033,1953.8783860510057
3034,1950.4150842671438
3035,1946.957921278476
3036,1943.5068862038233
3037,1940.061968181294
3038,1936.6231563682495
3039,1933.1904399412695
3040,1929.7638080961192
3041,1926.3432500477143
3042,1922.9287550300871
3043,1919.5203122963533
3044,1916.1179111186775
3045,1912.72154078824
3046,1909.331190615202
3047,1905.9468499286738
3048,1902.568508076679
3049,1899.1961544261233
3050,1895.8297783627586
3051,1892.469369291152
3052,1889.1149166346502
3053,1885.7664098353482
3054,1882.4238383540549
3055,1879.08719167026
3056,1875.756459282101
3057,1872.431630706331
3058,1869.1126954782837
3059,1865.799643151843
3060,1862.4924632994077
3061,1859.1911455118607
3062,1855.8956793985346
3063,1852.6060545871803
3064,1849.3222607239334
3065,1846.044287473282
3066,1842.7721245180348
3067,1839.5057615592873
3068,1836.2451883163903
3069,1832.9903945269175
3070,1829.7413699466329
3071,1826.4981043494583
3072,1823.2605875274423
3073,1820.0288092907267
3074,1816.8027594675152
3075,1813.5824279040417
3076,1810.3678044645371
3077,1807.1588790311994
3078,1803.9556415041595
3079,1800.7580818014515
3080,1797.5661898589792
3081,1794.3799556304862
3082,1791.1993690875227
3083,1788.0244202194149
3084,1784.8550990332328
3085,1781.6913955537598
3086,1778.53329982346
3087,1775.380801902448
3088,1772.2338918684566
3089,1769.0925598168064
3090,1765.9567958603743
3091,1762.8265901295624
3092,1759.701932772267
3093,1756.582813953847
3094,1753.4692238570944
3095,1750.3611526822017
3096,1747.2585906467318
3097,1744.1615279855878
3098,1741.0699549509814
3099,1737.9838618124022
3100,1734.903238856588
3101,1731.828076387493
3102,1728.7583647262584
3103,1725.6940942111812
3104,1722.635255197684
3105,1719.581838058285
3106,1716.533833182567
3107,1713.4912309771473
3108,1710.4540218656484
3109,1707.4221962886668
3110,1704.3957447037433
3111,1701.374657585333
3112,1698.3589254247752
3113,1695.3485387302637
3114,1692.3434880268169
3115,1689.3437638562475
3116,1686.3493567771334
3117,1683.3602573647875
3118,1680.376456211228
3119,1677.3979439251498
3120,1674.4247111318932
3121,1671.4567484734157
3122,1668.4940466082624
3123,1665.536596211536
3124,1662.5843879748684
3125,1659.6374126063902
3126,1656.6956608307023
3127,1653.7591233888468
3128,1650.827791038277
3129,1647.901654552829
3130,1644.9807047226932
3131,1642.0649323543837
3132,1639.154328270711
3133,1636.2488833107518
3134,1633.3485883298215
3135,1630.453434199444
3136,1627.563411807324
3137,1624.678512057318
3138,1621.7987258694056
3139,1618.924044179661
3140,1616.0544579402244
3141,1613.1899581192738
3142,1610.330535700996
3143,1607.476181685559
3144,1604.6268870890826
3145,1601.7826429436113
3146,1598.9434402970855
3147,1596.1092702133133
3148,1593.280123771942
3149,1590.4559920684312
3150,1587.6368662140237
3151,1584.8227373357179
3152,1582.0135965762395
3153,1579.2094350940145
3154,1576.4102440631405
3155,1573.6160146733591
3156,1570.826738130029
3157,1568.042405654097
3158,1565.263008482071
3159,1562.4885378659926
3160,1559.7189850734096
3161,1556.954341387348
3162,1554.1945981062852
3163,1551.4397465441218
3164,1548.6897780301551
3165,1545.9446839090513
3166,1543.2044555408183
3167,1540.469084300779
3168,1537.7385615795438
3169,1535.0128787829829
3170,1532.2920273322
3171,1529.5759986635055
3172,1526.864784228389
3173,1524.1583754934925
3174,1521.4567639405834
3175,1518.7599410665284
3176,1516.0678983832659
3177,1513.3806274177794
3178,1510.6981197120715
3179,1508.0203668231366
3180,1505.3473603229345
3181,1502.6790917983642
3182,1500.0155528512369
3183,1497.3567350982498
3184,1494.7026301709598
3185,1492.0532297157572
3186,1489.408525393839
3187,1486.7685088811834
3188,1484.1331718685228
3189,1481.502506061318
3190,1478.8765031797323
3191,1476.255154958605
3192,1473.638453147426
3193,1471.0263895103087
3194,1468.418955825966
3195,1465.8161438876818
3196,1463.217945503288
3197,1460.6243524951367
3198,1458.0353567000748
3199,1455.450949969419
3200,1452.8711241689298
3201,1450.2958711787858
3202,1447.725182893558
3203,1445.1590512221849
3204,1442.597468087946
3205,1440.0404254284379
3206,1437.487915195547
3207,1434.9399293554259
3208,1432.3964598884672
3209,1429.8574987892785
3210,1427.323038066657
3211,1424.793069743565
3212,1422.2675858571035
3213,1419.7465784584888
3214,1417.2300396130263
3215,1414.7179614000856
3216,1412.2103359130763
3217,1409.707155259422
3218,1407.208411560537
3219,1404.7140969517995
3220,1402.224203582529
3221,1399.7387236159602
3222,1397.2576492292183
3223,1394.780972613295
3224,1392.308685973024
3225,1389.8407815270557
3226,1387.3772515078333
3227,1384.918088161568
3228,1382.4632837482152
3229,1380.0128305414496
3230,1377.5667208286409
3231,1375.1249469108295
3232,1372.687501102703
3233,1370.2543757325707
3234,1367.8255631423406
3235,1365.4010556874948
3236,1362.9808457370655
3237,1360.564925673611
3238,1358.1532878931916
3239,1355.745924805346
3240,1353.3428288330672
3241,1350.9439924127785
3242,1348.5494079943096
3243,1346.1590680408738
3244,1343.7729650290428
3245,1341.3910914487242
3246,1339.0134398031373
3247,1336.6400026087897
3248,1334.2707723954538
3249,1331.9057417061429
3250,1329.544903097088
3251,1327.188249137715
3252,1324.83577241062
3253,1322.4874655115466
3254,1320.1433210493633
3255,1317.8033316460392
3256,1315.467489936621
3257,1313.13578856921
3258,1310.8082202049393
3259,1308.48477751795
3260,1306.1654531953689
3261,1303.8502399372842
3262,1301.5391304567243
3263,1299.2321174796334
3264,1296.9291937448497
3265,1294.6303520040815
3266,1292.335585021885
3267,1290.0448855756413
3268,1287.7582464555342
3269,1285.4756604645268
3270,1283.197120418339
3271,1280.9226191454254
3272,1278.652149486952
3273,1276.3857042967747
3274,1274.123276441415
3275,1271.8648588000399
3276,1269.610444264437
3277,1267.3600257389946
3278,1265.1135961406776
3279,1262.8711483990055
3280,1260.632675456031
3281,1258.3981702663168
3282,1256.1676257969139
3283,1253.9410350273395
3284,1251.7183909495548
3285,1249.4996865679427
3286,1247.2849148992864
3287,1245.0740689727468
3288,1242.8671418298406
3289,1240.664126524419
3290,1238.4650161226455
3291,1236.2698037029734
3292,1234.078482356125
3293,1231.8910451850697
3294,1229.7074853050017
3295,1227.527795843319
3296,1225.351969939601
3297,1223.1800007455881
3298,1221.011881425159
3299,1218.8476051543091
3300,1216.6871651211306
3301,1214.5305545257893
3302,1212.3777665805042
3303,1210.2287945095254
3304,1208.0836315491135
3305,1205.9422709475182
3306,1203.8047059649564
3307,1201.6709298735918
3308,1199.5409359575133
3309,1197.4147175127137
3310,1195.292267847069
3311,1193.1735802803173
3312,1191.0586481440375
3313,1188.9474647816285
3314,1186.8400235482882
3315,1184.7363178109924
3316,1182.6363409484745
3317,1180.540086351204
3318,1178.4475474213662
3319,1176.3587175728408
3320,1174.2735902311817
3321,1172.1921588335965
3322,1170.1144168289254
3323,1168.0403576776205
3324,1165.9699748517255
3325,1163.9032618348551
3326,1161.8402121221745
3327,1159.780819220379
3328,1157.7250766476732
3329,1155.672977933751
3330,1153.6245166197752
3331,1151.579686258357
3332,1149.5384804135356
3333,1147.5008926607582
3334,1145.4669165868597
3335,1143.4365457900426
3336,1141.4097738798566
3337,1139.386594477179
3338,1137.3670012141938
3339,1135.3509877343722
3340,1133.338547692453
3341,1131.3296747544214
3342,1129.3243625974903
3343,1127.32260491008
3344,1125.3243953917977
3345,1123.3297277534189
3346,1121.3385957168664
3347,1119.3509930151913
3348,1117.366913392553
3349,1115.3863506041996
3350,1113.409298416448
3351,1111.4357506066647
3352,1109.4657009632456
3353,1107.4991432855973
3354,1105.536071384117
3355,1103.5764790801727
3356,1101.620360206085
3357,1099.6677086051063
3358,1097.718518131402
3359,1095.7727826500313
3360,1093.8304960369278
3361,1091.8916521788801
3362,1089.9562449735126
3363,1088.0242683292663
3364,1086.0957161653798
3365,1084.1705824118699
3366,1082.2488610095124
3367,1080.330545909824
3368,1078.4156310750416
3369,1076.5041104781044
3370,1074.5959781026352
3371,1072.6912279429205
3372,1070.7898540038923
3373,1068.8918503011091
3374,1066.9972108607367
3375,1065.10592971953
3376,1063.2180009248136
3377,1061.3334185344638
3378,1059.452176616889
3379,1057.5742692510116
3380,1055.6996905262497
3381,1053.8284345424975
3382,1051.9604954101076
3383,1050.095867249872
3384,1048.2345441930042
3385,1046.3765203811197
3386,1044.5217899662184
3387,1042.670347110666
3388,1040.8221859871753
3389,1038.9773007787885
3390,1037.1356856788582
3391,1035.2973348910295
3392,1033.462242629222
3393,1031.6304031176105
3394,1029.8018105906087
3395,1027.976459292849
3396,1026.154343479166
3397,1024.3354574145774
3398,1022.5197953742664
3399,1020.7073516435637
3400,1018.8981205179291
3401,1017.0920963029342
3402,1015.2892733142439
3403,1013.489645877599
3404,1011.6932083287976
3405,1009.8999550136782
3406,1008.1098802881013
3407,1006.3229785179318
3408,1004.5392440790212
3409,1002.7586713571899
3410,1000.9812547482097
3411,999.2069886577862
3412,997.4358675015407
3413,995.6678857049931
3414,993.9030377035443
3415,992.1413179424586
3416,990.3827208768461
3417,988.6272409716453
3418,986.8748727016059
3419,985.1256105512713
3420,983.379449014961
3421,981.6363825967537
3422,979.8964058104696
3423,978.1595131796532
3424,976.4256992375566
3425,974.6949585271213
3426,972.967285600962
3427,971.2426750213489
3428,969.5211213601906
3429,967.8026191990173
3430,966.0871631289634
3431,964.374747750751
3432,962.6653676746722
3433,960.9590175205727
3434,959.2556919178347
3435,957.5553855053598
3436,955.8580929315524
3437,954.1638088543026
3438,952.4725279409698
3439,950.7842448683655
3440,949.0989543227366
3441,947.416650999749
3442,945.7373296044703
3443,944.0609848513541
3444,942.3876114642221
3445,940.7172041762486
3446,939.0497577299435
3447,937.3852668771355
3448,935.7237263789559
3449,934.0651310058222
3450,932.4094755374213
3451,930.7567547626933
3452,929.106963479815
3453,927.4600964961837
3454,925.8161486284007
3455,924.1751147022549
3456,922.5369895527065
3457,920.9017680238712
3458,919.2694449690036
3459,917.6400152504808
3460,916.0134737397867
3461,914.3898153174955
3462,912.7690348732557
3463,911.1511273057743
3464,909.5360875228
3465,907.9239104411082
3466,906.3145909864841
3467,904.708124093707
3468,903.1045047065348
3469,901.5037277776876
3470,899.9057882688317
3471,898.310681150564
3472,896.7184014023967
3473,895.1289440127402
3474,893.5423039788888
3475,891.9584763070035
3476,890.3774560120975
3477,888.7992381180198
3478,887.2238176574401
3479,885.6511896718324
3480,884.0813492114601
3481,882.5142913353599
3482,880.9500111113267
3483,879.3885036158979
3484,877.8297639343376
3485,876.2737871606217
3486,874.7205683974221
3487,873.1701027560911
3488,871.6223853566464
3489,870.0774113277557
3490,868.5351758067212
3491,866.9956739394644
3492,865.4589008805107
3493,863.9248517929743
3494,862.393521848543
3495,860.8649062274625
3496,859.3390001185222
3497,857.8157987190392
3498,856.2952972348435
3499,854.7774908802628
3500,853.2623748781078
3501,851.7499444596568
3502,850.2401948646407
3503,848.733121341228
3504,847.2287191460101
3505,845.7269835439864
3506,844.2279098085489
3507,842.7314932214679
3508,841.2377290728765
3509,839.7466126612567
3510,838.2581392934236
3511,836.7723042845113
3512,835.2891029579579
3513,833.8085306454909
3514,832.3305826871125
3515,830.8552544310846
3516,829.3825412339148
3517,827.9124384603411
3518,826.4449414833177
3519,824.9800456840005
3520,823.5177464517323
3521,822.0580391840284
3522,820.6009192865622
3523,819.1463821731506
3524,817.6944232657398
3525,816.2450379943905
3526,814.7982217972637
3527,813.3539701206068
3528,811.9122784187384
3529,810.4731421540346
3530,809.0365567969145
3531,807.6025178258262
3532,806.1710207272322
3533,804.7420609955954
3534,803.3156341333648
3535,801.8917356509618
3536,800.4703610667651
3537,799.0515059070977
3538,797.6351657062121
3539,796.2213360062764
3540,794.8100123573605
3541,793.4011903174218
3542,791.9948654522914
3543,790.59103333566
3544,789.189689549064
3545,787.790829681872
3546,786.3944493312702
3547,785.0005441022489
3548,783.609109607589
3549,782.2201414678475
3550,780.8336353113443
3551,779.4495867741481
3552,778.0679915000629
3553,776.6888451406141
3554,775.3121433550349
3555,773.9378818102525
3556,772.566056180875
3557,771.1966621491767
3558,769.8296954050859
3559,768.4651516461702
3560,767.1030265776234
3561,765.743315912252
3562,764.3860153704618
3563,763.0311206802442
3564,761.6786275771626
3565,760.3285318043397
3566,758.9808291124434
3567,757.6355152596735
3568,756.2925860117488
3569,754.9520371418931
3570,753.6138644308228
3571,752.2780636667326
3572,750.9446306452829
3573,749.6135611695865
3574,748.2848510501954
3575,746.9584961050871
3576,745.6344921596522
3577,744.3128350466807
3578,742.9935206063493
3579,741.676544686208
3580,740.361903141167
3581,739.049591833484
3582,737.7396066327508
3583,736.4319434158805
3584,735.1265980670945
3585,733.8235664779096
3586,732.5228445471248
3587,731.2244281808089
3588,729.9283132922869
3589,728.634495802128
3590,727.3429716381318
3591,726.0537367353163
3592,724.7667870359048
3593,723.482118489313
3594,722.1997270521365
3595,720.9196086881377
3596,719.6417593682336
3597,718.3661750704827
3598,717.0928517800726
3599,715.8217854893072
3600,714.5529721975942
3601,713.2864079114323
3602,712.0220886443991
3603,710.7600104171379
3604,709.5001692573458
3605,708.2425611997605
3606,706.9871822861488
3607,705.7340285652932
3608,704.48309609298
3609,703.2343809319865
3610,701.9878791520691
3611,700.7435868299505
3612,699.5015000493075
3613,698.2616149007589
3614,697.0239274818528
3615,695.7884338970543
3616,694.5551302577339
3617,693.3240126821546
3618,692.0950772954598
3619,690.8683202296611
3620,689.6437376236265
3621,688.4213256230678
3622,687.2010803805285
3623,685.9829980553723
3624,684.7670748137698
3625,683.5533068286878
3626,682.3416902798764
3627,681.132221353857
3628,679.9248962439107
3629,678.7197111500661
3630,677.5166622790875
3631,676.3157458444625
3632,675.1169580663906
3633,673.9202951717708
3634,672.7257533941905
3635,671.5333289739128
3636,670.3430181578652
3637,669.1548171996277
3638,667.9687223594207
3639,666.7847299040934
3640,665.6028361071126
3641,664.4230372485499
3642,663.245329615071
3643,662.0697094999233
3644,660.8961732029246
3645,659.7247170304515
3646,658.5553372954275
3647,657.3880303173117
3648,656.2227924220869
3649,655.0596199422481
3650,653.8985092167914
3651,652.7394565912018
3652,651.5824584174422
3653,650.4275110539418
3654,649.2746108655842
3655,648.1237542236969
3656,646.9749375060388
3657,645.8281570967897
3658,644.6834093865383
3659,643.5406907722712
3660,642.3999976573615
3661,641.2613264515572
3662,640.1246735709703
3663,638.9900354380653
3664,637.857408481648
3665,636.7267891368541
3666,635.5981738451383
3667,634.4715590542627
3668,633.346941218286
3669,632.2243167975522
3670,631.1036822586794
3671,629.9850340745487
3672,628.868368724293
3673,627.7536826932861
3674,626.6409724731318
3675,625.5302345616524
3676,624.4214654628778
3677,623.3146616870348
3678,622.2098197505359
3679,621.1069361759683
3680,620.0060074920829
3681,618.9070302337836
3682,617.8100009421165
3683,616.7149161642584
3684,615.6217724535064
3685,614.5305663692671
3686,613.4412944770457
3687,612.353953348435
3688,611.2685395611046
3689,610.1850496987906
3690,609.1034803512845
3691,608.023828114422
3692,606.9460895900735
3693,605.870261386132
3694,604.7963401165036
3695,603.7243224010961
3696,602.6542048658085
3697,601.5859841425208
3698,600.5196568690828
3699,599.455219689304
3700,598.3926692529428
3701,597.3320022156959
3702,596.2732152391878
3703,595.2163049909607
3704,594.1612681444632
3705,593.1081013790406
3706,592.0568013799242
3707,591.0073648382206
3708,589.9597884509018
3709,588.9140689207941
3710,587.8702029565685
3711,586.8281872727298
3712,585.7880185896063
3713,584.7496936333399
3714,583.7132091358753
3715,582.67856183495
3716,581.6457484740838
3717,580.614765802569
3718,579.5856105754596
3719,578.5582795535613
3720,577.5327695034217
3721,576.5090771973195
3722,575.4871994132546
3723,574.4671329349383
3724,573.4488745517823
3725,572.4324210588898
3726,571.4177692570443
3727,570.4049159527001
3728,569.3938579579724
3729,568.3845920906267
3730,567.3771151740692
3731,566.3714240373367
3732,565.3675155150867
3733,564.3653864475871
3734,563.3650336807067
3735,562.3664540659051
3736,561.369644460223
3737,560.3746017262714
3738,559.3813227322231
3739,558.3898043518018
3740,557.4000434642726
3741,556.4120369544323
3742,555.4257817125996
3743,554.4412746346048
3744,553.4585126217809
3745,552.4774925809529
3746,551.498211424429
3747,550.52066606999
3748,549.5448534408804
3749,548.5707704657979
3750,547.5984140788845
3751,546.6277812197164
3752,545.6588688332946
3753,544.691673870035
3754,543.7261932857589
3755,542.7624240416839
3756,541.8003631044133
3757,540.8400074459279
3758,539.8813540435751
3759,538.9243998800605
3760,537.9691419434375
3761,537.0155772270987
3762,536.0637027297656
3763,535.1135154554798
3764,534.1650124135934
3765,533.2181906187592
3766,532.2730470909218
3767,531.3295788553079
3768,530.3877829424173
3769,529.4476563880131
3770,528.5091962331127
3771,527.5723995239782
3772,526.6372633121076
3773,525.7037846542249
3774,524.7719606122713
3775,523.8417882533956
3776,522.9132646499455
3777,521.9863868794578
3778,521.0611520246493
3779,520.1375571734081
3780,519.215599418784
3781,518.2952758589793
3782,517.3765835973398
3783,516.4595197423461
3784,515.5440814076035
3785,514.6302657118339
3786,513.7180697788663
3787,512.8074907376276
3788,511.8985257221341
3789,510.99117187148175
3790,510.0854263298378
3791,509.1812862464314
3792,508.27874877554484
3793,507.3778110765045
3794,506.4784703136719
3795,505.5807236564349
3796,504.6845682791985
3797,503.79000136137637
3798,502.89702008738163
3799,502.00562164661807
3800,501.1158032334714
3801,500.2275620473004
3802,499.34089529242794
3803,498.4558001781324
3804,497.5722739186387
3805,496.6903137331097
3806,495.80991684563736
3807,494.93108048523396
3808,494.0538018858235
3809,493.17807828623285
3810,492.3039069301832
3811,491.4312850662813
3812,490.56020994801077
3813,489.69067883372355
3814,488.82268898663125
3815,487.95623767479645
3816,487.0913221711242
3817,486.2279397533534
3818,485.36608770404814
3819,484.5057633105894
3820,483.6469638651662
3821,482.7896866647674
3822,481.9339290111728
3823,481.079688210945
3824,480.22696157542083
3825,479.37574642070274
3826,478.5260400676505
3827,477.6778398418728
3828,476.83114307371864
3829,475.9859470982691
3830,475.1422492553289
3831,474.3000468894181
3832,473.4593373497636
3833,472.6201179902908
3834,471.7823861696154
3835,470.94613925103505
3836,470.11137460252104
3837,469.27808959670995
3838,468.4462816108954
3839,467.61594802702
3840,466.7870862316667
3841,465.95969361605097
3842,465.1337675760123
3843,464.3093055120063
3844,463.4863048290961
3845,462.66476293694467
3846,461.84467724980624
3847,461.02604518651845
3848,460.20886417049405
3849,459.3931316297129
3850,458.5788449967139
3851,457.76600170858666
3852,456.9545992069638
3853,456.1446349380126
3854,455.3361063524271
3855,454.52901090542014
3856,453.7233460567152
3857,452.91910927053834
3858,452.1162980156106
3859,451.3149097651396
3860,450.51494199681184
3861,449.71639219278467
3862,448.9192578396783
3863,448.1235364285682
3864,447.32922545497667
3865,446.53632241886555
3866,445.74482482462787
3867,444.95473018108027
3868,444.16603600145504
3869,443.3787398033924
3870,442.5928391089326
3871,441.80833144450804
3872,441.02521434093575
3873,440.2434853334093
3874,439.46314196149126
3875,438.68418176910546
3876,437.9066023045291
3877,437.1304011203851
3878,436.3555757736345
3879,435.58212382556866
3880,434.8100428418016
3881,434.0393303922624
3882,433.26998405118746
3883,432.50200139711296
3884,431.7353800128671
3885,430.9701174855627
3886,430.2062114065894
3887,429.44365937160615
3888,428.6824589805338
3889,427.9226078375472
3890,427.1641035510681
3891,426.40694373375715
3892,425.65112600250677
3893,424.89664797843346
3894,424.1435072868704
3895,423.3917015573598
3896,422.6412284236457
3897,421.89208552366637
3898,421.14427049954685
3899,420.3977809975916
3900,419.6526146682771
3901,418.90876916624444
3902,418.1662421502918
3903,417.4250312833673
3904,416.6851342325615
3905,415.9465486691002
3906,415.2092722683369
3907,414.47330270974567
3908,413.7386376769137
3909,413.0052748575342
3910,412.2732119433989
3911,411.54244663039094
3912,410.8129766184776
3913,410.0847996117029
3914,409.3579133181807
3915,408.63231545008705
3916,407.90800372365345
3917,407.18497585915935
3918,406.46322958092503
3919,405.74276261730455
3920,405.02357270067847
3921,404.30565756744676
3922,403.5890149580217
3923,402.8736426168208
3924,402.1595382922596
3925,401.44669973674456
3926,400.73512470666617
3927,400.02481096239177
3928,399.3157562682585
3929,398.6079583925662
3930,397.90141510757053
3931,397.1961241894759
3932,396.49208341842836
3933,395.7892905785088
3934,395.08774345772594
3935,394.38743984800914
3936,393.6883775452018
3937,392.9905543490541
3938,392.2939680632163
3939,391.5986164952318
3940,390.90449745653007
3941,390.21160876242
3942,389.51994823208275
3943,388.8295136885652
3944,388.14030295877285
3945,387.4523138734631
3946,386.7655442672383
3947,386.07999197853917
3948,385.39565484963776
3949,384.7125307266308
3950,384.03061745943285
3951,383.34991290176947
3952,382.6704149111707
3953,381.99212134896413
3954,381.3150300802681
3955,380.63913897398515
3956,379.96444590279526
3957,379.29094874314916
3958,378.61864537526156
3959,377.94753368310467
3960,377.27761155440123
3961,376.6088768806182
3962,375.94132755695995
3963,375.27496148236156
3964,374.60977655948244
3965,373.9457706946995
3966,373.28294179810064
3967,372.62128778347824
3968,371.96080656832254
3969,371.30149607381503
3970,370.6433542248221
3971,369.9863789498881
3972,369.3305681812294
3973,368.6759198547274
3974,368.0224319099222
3975,367.3701022900062
3976,366.7189289418174
3977,366.0689098158333
3978,365.42004286616407
3979,364.7723260505463
3980,364.1257573303367
3981,363.4803346705052
3982,362.8360560396292
3983,362.19291940988677
3984,361.5509227570502
3985,360.91006406048
3986,360.27034130311813
3987,359.6317524714819
3988,358.9942955556576
3989,358.35796854929407
3990,357.7227694495966
3991,357.08869625732046
3992,356.4557469767645
3993,355.8239196157651
3994,355.19321218568973
3995,354.5636227014309
3996,353.9351491813997
3997,353.3077896475196
3998,352.68154212522035
3999,352.05640464343156
4000,351.43237523457674
4001,350.80945193456694
4002,350.1876327827946
4003,349.5669158221273
4004,348.9472990989019
4005,348.328780662918
4006,347.71135856743206
4007,347.0950308691512
4008,346.47979562822695
4009,345.86565090824945
4010,345.25259477624115
4011,344.6406253026507
4012,344.02974056134684
4013,343.4199386296126
4014,342.811217588139
4015,342.20357552101916
4016,341.59701051574206
4017,340.99152066318675
4018,340.3871040576162
4019,339.78375879667146
4020,339.1814829813654
4021,338.58027471607693
4022,337.98013210854515
4023,337.3810532698631
4024,336.783036314472
4025,336.18607936015525
4026,335.59018052803253
4027,334.995337942554
4028,334.4015497314941
4029,333.8088140259459
4030,333.2171289603152
4031,332.6264926723147
4032,332.0369033029579
4033,331.4483589965534
4034,330.86085790069916
4035,330.27439816627657
4036,329.6889779474445
4037,329.10459540163384
4038,328.52124868954127
4039,327.9389359751238
4040,327.35765542559284
4041,326.77740521140845
4042,326.19818350627366
4043,325.61998848712864
4044,325.04281833414495
4045,324.4666712307199
4046,323.8915453634707
4047,323.31743892222886
4048,322.74435010003447
4049,322.17227709313056
4050,321.6012181009573
4051,321.0311713261463
4052,320.4621349745153
4053,319.8941072550621
4054,319.3270863799592
4055,318.76107056454794
4056,318.1960580273331
4057,317.6320469899772
4058,317.06903567729495
4059,316.50702231724756
4060,315.94600514093725
4061,315.38598238260164
4062,314.82695227960824
4063,314.26891307244887
4064,313.7118630047341
4065,313.15580032318775
4066,312.6007232776414
4067,312.0466301210289
4068,311.4935191093807
4069,310.94138850181855
4070,310.3902365605499
4071,309.8400615508626
4072,309.29086174111916
4073,308.74263540275166
4074,308.1953808102559
4075,307.6490962411864
4076,307.1037799761505
4077,306.55943029880353
4078,306.01604549584283
4079,305.4736238570027
4080,304.9321636750489
4081,304.39166324577343
4082,303.8521208679889
4083,303.31353484352337
4084,302.77590347721497
4085,302.23922507690656
4086,301.7034979534404
4087,301.1687204206527
4088,300.6348907953686
4089,300.10200739739673
4090,299.57006854952374
4091,299.0390725775093
4092,298.50901781008065
4093,297.9799025789275
4094,297.45172521869665
4095,296.9244840669867
4096,296.39817746434295
4097,295.87280375425223
4098,295.3483612831375
4099,294.8248484003526
4100,294.30226345817744
4101,293.7806048118124
4102,293.2598708193733
4103,292.7400598418863
4104,292.2211702432827
4105,291.70320039039376
4106,291.1861486529455
4107,290.67001340355375
4108,290.1547930177189
4109,289.64048587382064
4110,289.1270903531133
4111,288.61460483972036
4112,288.1030277206294
4113,287.5923573856873
4114,287.0825922275948
4115,286.5737306419016
4116,286.0657710270015
4117,285.5587117841271
4118,285.0525513173449
4119,284.54728803355016
4120,284.04292034246197
4121,283.5394466566183
4122,283.0368653913709
4123,282.53517496488035
4124,282.03437379811106
4125,281.5344603148264
4126,281.03543294158357
4127,280.53729010772884
4128,280.0400302453924
4129,279.5436517894836
4130,279.0481531776859
4131,278.5535328504521
4132,278.0597892509992
4133,277.5669208253038
4134,277.0749260220969
4135,276.58380329285933
4136,276.09355109181655
4137,275.604167875934
4138,275.1156521049123
4139,274.628002241182
4140,274.1412167498994
4141,273.6552940989411
4142,273.17023275889954
4143,272.6860312030781
4144,272.2026879074861
4145,271.7202013508344
4146,271.2385700145302
4147,270.7577923826725
4148,270.2778669420474
4149,269.79879218212307
4150,269.32056659504514
4151,268.843188675632
4152,268.36665692137007
4153,267.89096983240887
4154,267.41612591155655
4155,266.9421236642751
4156,266.46896159867543
4157,265.99663822551315
4158,265.5251520581834
4159,265.05450161271636
4160,264.5846854077727
4161,264.11570196463873
4162,263.6475498072218
4163,263.18022746204576
4164,262.71373345824617
4165,262.2480663275657
4166,261.78322460434964
4167,261.31920682554113
4168,260.85601153067665
4169,260.39363726188134
4170,259.9320825638645
4171,259.47134598391506
4172,259.0114260718967
4173,258.5523213802437
4174,258.09403046395613
4175,257.63655188059533
4176,257.17988419027944
4177,256.72402595567877
4178,256.26897574201143
4179,255.81473211703866
4180,255.36129365106038
4181,254.9086589169107
4182,254.45682648995341
4183,254.00579494807755
4184,253.55556287169284
4185,253.1061288437253
4186,252.65749144961268
4187,252.20964927730017
4188,251.76260091723583
4189,251.31634496236617
4190,250.87088000813176
4191,250.4262046524628
4192,249.98231749577462
4193,249.53921714096347
4194,249.09690219340192
4195,248.65537126093457
4196,248.2146229538737
4197,247.77465588499476
4198,247.33546866953216
4199,246.89705992517486
4200,246.45942827206193
4201,246.02257233277834
4202,245.58649073235054
4203,245.15118209824217
4204,244.71664506034972
4205,244.2828782509982
4206,243.84988030493693
4207,243.4176498593351
4208,242.98618555377763
4209,242.5554860302607
4210,242.1255499331877
4211,241.69637590936478
4212,241.26796260799668
4213,240.8403086806825
4214,240.41341278141138
4215,239.9872735665583
4216,239.56188969487985
4217,239.13725982751004
4218,238.713382627956
4219,238.2902567620939
4220,237.8678808981646
4221,237.44625370676962
4222,237.0253738608668
4223,236.6052400357663
4224,236.18585090912617
4225,235.7672051609485
4226,235.34930147357503
4227,234.9321385316831
4228,234.5157150222815
4229,234.10002963470637
4230,233.68508106061697
4231,233.27086799399163
4232,232.8573891311237
4233,232.44464317061735
4234,232.0326288133835
4235,231.62134476263574
4236,231.21078972388628
4237,230.8009624049418
4238,230.39186151589945
4239,229.9834857691428
4240,229.5758338793377
4241,229.1689045634283
4242,228.76269654063302
4243,228.3572085324405
4244,227.95243926260557
4245,227.54838745714522
4246,227.14505184433466
4247,226.74243115470318
4248,226.34052412103034
4249,225.9393294783418
4250,225.53884596390546
4251,225.13907231722746
4252,224.74000728004816
4253,224.34164959633827
4254,223.9439980122948
4255,223.54705127633716
4256,223.15080813910325
4257,222.75526735344548
4258,222.36042767442686
4259,221.96628785931708
4260,221.57284666758864
4261,221.18010286091285
4262,220.78805520315603
4263,220.3967024603756
4264,220.0060434008161
4265,219.6160767949055
4266,219.2268014152511
4267,218.83821603663586
4268,218.45031943601444
4269,218.06311039250943
4270,217.6765876874074
4271,217.2907501041551
4272,216.90559642835578
4273,216.52112544776512
4274,216.13733595228754
4275,215.75422673397247
4276,215.3717965870104
4277,214.99004430772916
4278,214.60896869459012
4279,214.22856854818443
4280,213.8488426712292
4281,213.46978986856374
4282,213.09140894714588
4283,212.7136987160481
4284,212.33665798645382
4285,211.9602855716537
4286,211.5845802870419
4287,211.20954095011223
4288,210.8351663804546
4289,210.46145539975123
4290,210.08840683177291
4291,209.71601950237533
4292,209.34429223949542
4293,208.97322387314756
4294,208.60281323542
4295,208.23305916047116
4296,207.8639604845259
4297,207.49551604587197
4298,207.1277246848562
4299,206.76058524388097
4300,206.3940965674006
4301,206.02825750191755
4302,205.66306689597891
4303,205.2985236001728
4304,204.93462646712467
4305,204.5713743514937
4306,204.20876610996922
4307,203.84680060126718
4308,203.4854766861264
4309,203.1247932273051
4310,202.76474908957732
4311,202.40534313972927
4312,202.04657424655585
4313,201.68844128085703
4314,201.33094311543434
4315,200.97407862508726
4316,200.61784668660974
4317,200.26224617878665
4318,199.90727598239027
4319,199.55293498017667
4320,199.19922205688235
4321,198.84613609922056
4322,198.49367599587794
4323,198.1418406375109
4324,197.7906289167423
4325,197.44003972815773
4326,197.09007196830225
4327,196.7407245356768
4328,196.39199633073474
4329,196.0438862558784
4330,195.69639321545563
4331,195.3495161157564
4332,195.0032538650092
4333,194.6576053733779
4334,194.31256955295794
4335,193.96814531777324
4336,193.62433158377254
4337,193.28112726882617
4338,192.93853129272253
4339,192.5965425771647
4340,192.25516004576713
4341,191.9143826240521
4342,191.57420923944653
4343,191.23463882127845
4344,190.8956703007737
4345,190.55730261105253
4346,190.21953468712633
4347,189.8823654658941
4348,189.5457938861393
4349,189.2098188885264
4350,188.87443941559758
4351,188.53965441176936
4352,188.20546282332936
4353,187.8718635984329
4354,187.5388556870997
4355,187.20643804121067
4356,186.87460961450446
4357,186.5433693625743
4358,186.21271624286467
4359,185.88264921466794
4360,185.55316723912122
4361,185.224269279203
4362,184.89595429972996
4363,184.5682212673536
4364,184.24106915055714
4365,183.91449691965212
4366,183.5885035467753
4367,183.26308800588532
4368,182.93824927275946
4369,182.61398632499052
4370,182.29029814198353
4371,181.96718370495256
4372,181.6446419969175
4373,181.32267200270084
4374,181.00127270892455
4375,180.6804431040068
4376,180.36018217815882
4377,180.04048892338173
4378,179.72136233346333
4379,179.402801403975
4380,179.08480513226846
4381,178.76737251747267
4382,178.45050256049066
4383,178.13419426399636
4384,177.81844663243155
4385,177.50325867200257
4386,177.1886293906774
4387,176.8745577981823
4388,176.56104290599893
4389,176.24808372736103
4390,175.9356792772515
4391,175.6238285723991
4392,175.31253063127556
4393,175.00178447409237
4394,174.69158912279772
4395,174.3819436010734
4396,174.07284693433175
4397,173.76429814971263
4398,173.4562962760803
4399,173.1488403440204
4400,172.84192938583686
4401,172.53556243554885
4402,172.22973852888782
4403,171.9244567032944
4404,171.61971599791536
4405,171.31551545360065
4406,171.01185411290032
4407,170.7087310200615
4408,170.4061452210254
4409,170.10409576342443
4410,169.80258169657895
4411,169.50160207149457
4412,169.2011559408589
4413,168.9012423590388
4414,168.60186038207718
4415,168.3030090676902
4416,168.0046874752642
4417,167.70689466585284
4418,167.40962970217407
4419,167.1128916486072
4420,166.8166795711899
4421,166.52099253761537
4422,166.22582961722932
4423,165.9311898810271
4424,165.63707240165076
4425,165.34347625338603
4426,165.05040051215957
4427,164.75784425553596
4428,164.46580656271482
4429,164.17428651452792
4430,163.88328319343628
4431,163.5927956835273
4432,163.3028230705118
4433,163.01336444172128
4434,162.7244188861049
4435,162.43598549422674
4436,162.14806335826285
4437,161.8606515719984
4438,161.5737492308249
4439,161.28735543173724
4440,161.001469273331
4441,160.71608985579945
4442,160.4312162809308
4443,160.14684765210544
4444,159.8629830742929
4445,159.5796216540493
4446,159.29676249951436
4447,159.01440472040866
4448,158.7325474280308
4449,158.4511897352547
4450,158.17033075652662
4451,157.88996960786258
4452,157.61010540684546
4453,157.33073727262223
4454,157.0518643259012
4455,156.77348568894925
4456,156.4956004855891
4457,156.2182078411965
4458,155.94130688269743
4459,155.66489673856552
4460,155.38897653881912
4461,155.1135454150187
4462,154.83860250026405
4463,154.56414692919154
4464,154.29017783797144
4465,154.0166943643052
4466,153.7436956474227
4467,153.47118082807953
4468,153.19914904855432
4469,152.9275994526461
4470,152.65653118567144
4471,152.38594339446195
4472,152.11583522736146
4473,151.84620583422338
4474,151.57705436640802
4475,151.30837997677997
4476,151.04018181970534
4477,150.77245905104917
4478,150.50521082817278
4479,150.23843630993102
4480,149.97213465666977
4481,149.70630503022318
4482,149.44094659391106
4483,149.1760585125363
4484,148.91163995238213
4485,148.64769008120965
4486,148.38420806825505
4487,148.12119308422712
4488,147.85864430130457
4489,147.59656089313347
4490,147.3349420348246
4491,147.07378690295084
4492,146.81309467554473
4493,146.55286453209567
4494,146.29309565354745
4495,146.0337872222957
4496,145.77493842218524
4497,145.51654843850756
4498,145.25861645799822
4499,145.00114166883435
4500,144.74412326063205
4501,144.48756042444384
4502,144.23145235275612
4503,143.97579823948664
4504,143.72059727998192
4505,143.46584867101478
4506,143.21155161078178
4507,142.9577052989007
4508,142.70430893640795
4509,142.45136172575627
4510,142.19886287081192
4511,141.94681157685244
4512,141.695207050564
4513,141.4440485000389
4514,141.19333513477315
4515,140.943066165664
4516,140.6932408050073
4517,140.4438582664952
4518,140.1949177652136
4519,139.94641851763967
4520,139.6983597416394
4521,139.4507406564651
4522,139.203560482753
4523,138.95681844252078
4524,138.71051375916514
4525,138.46464565745924
4526,138.21921336355047
4527,137.9742161049578
4528,137.7296531105695
4529,137.4855236106406
4530,137.24182683679058
4531,136.99856202200087
4532,136.75572840061247
4533,136.5133252083235
4534,136.27135168218686
4535,136.0298070606078
4536,135.7886905833415
4537,135.54800149149068
4538,135.30773902750326
4539,135.0679024351699
4540,134.82849095962172
4541,134.5895038473278
4542,134.3509403460929
4543,134.11279970505507
4544,133.8750811746833
4545,133.6377840067751
4546,133.40090745445423
4547,133.1644507721683
4548,132.92841321568642
4549,132.69279404209686
4550,132.45759250980475
4551,132.22280787852972
4552,131.9884394093035
4553,131.75448636446777
4554,131.52094800767162
4555,131.2878236038694
4556,131.05511241931836
4557,130.8228137215763
4558,130.59092677949926
4559,130.35945086323935
4560,130.12838524424225
4561,129.8977291952451
4562,129.6674819902741
4563,129.43764290464225
4564,129.20821121494708
4565,128.9791861990684
4566,128.75056713616598
4567,128.52235330667727
4568,128.2945439923152
4569,128.06713847606588
4570,127.84013604218632
4571,127.61353597620223
4572,127.38733756490574
4573,127.16154009635314
4574,126.93614285986268
4575,126.71114514601233
4576,126.48654624663747
4577,126.26234545482879
4578,126.03854206492994
4579,125.81513537253541
4580,125.59212467448823
4581,125.36950926887782
4582,125.14728845503774
4583,124.92546153354351
4584,124.70402780621039
4585,124.4829865760912
4586,124.26233714747411
4587,124.04207882588047
4588,123.8222109180626
4589,123.60273273200161
4590,123.38364357690526
4591,123.16494276320573
4592,122.9466296025575
4593,122.72870340783514
4594,122.51116349313119
4595,122.29400917375398
4596,122.07723976622545
4597,121.86085458827903
4598,121.6448529588575
4599,121.42923419811082
4600,121.21399762739402
4601,120.99914256926502
4602,120.78466834748254
4603,120.57057428700395
4604,120.35685971398317
4605,120.1435239557685
4606,119.93056634090055
4607,119.71798619911011
4608,119.50578286131604
4609,119.29395565962315
4610,119.08250392732013
4611,118.87142699887744
4612,118.66072420994517
4613,118.45039489735103
4614,118.24043839909821
4615,118.0308540543633
4616,117.82164120349422
4617,117.61279918800814
4618,117.4043273505894
4619,117.19622503508747
4620,116.98849158651484
4621,116.781126351045
4622,116.57412867601037
4623,116.36749790990024
4624,116.16123340235868
4625,115.95533450418259
4626,115.74980056731957
4627,115.5446309448659
4628,115.33982499106455
4629,115.13538206130308
4630,114.93130151211166
4631,114.72758270116103
4632,114.52422498726044
4633,114.32122773035572
4634,114.11859029152717
4635,113.91631203298763
4636,113.7143923180804
4637,113.5128305112773
4638,113.31162597817661
4639,113.11077808550112
4640,112.91028620109614
4641,112.71014969392746
4642,112.51036793407943
4643,112.31094029275289
4644,112.1118661422633
4645,111.91314485603866
4646,111.7147758086176
4647,111.51675837564744
4648,111.31909193388212
4649,111.12177586118032
4650,110.92480953650352
4651,110.72819233991395
4652,110.53192365257271
4653,110.33600285673786
4654,110.14042933576236
4655,109.94520247409223
4656,109.75032165726454
4657,109.55578627190555
4658,109.36159570572873
4659,109.16774934753285
4660,108.97424658720003
4661,108.78108681569385
4662,108.58826942505745
4663,108.39579380841154
4664,108.20365935995258
4665,108.01186547495081
4666,107.82041154974839
4667,107.62929698175745
4668,107.43852116945826
4669,107.24808351239726
4670,107.05798341118525
4671,106.86822026749543
4672,106.67879348406159
4673,106.48970246467614
4674,106.30094661418832
4675,106.11252533850227
4676,105.9244380445752
4677,105.73668414041549
4678,105.54926303508086
4679,105.36217413867645
4680,105.17541686235305
4681,104.98899061830518
4682,104.80289481976926
4683,104.61712888102177
4684,104.4316922173774
4685,104.24658424518721
4686,104.06180438183678
4687,103.8773520457444
4688,103.69322665635924
4689,103.50942763415951
4690,103.32595440065062
4691,103.14280637836339
4692,102.95998299085221
4693,102.77748366269326
4694,102.59530781948264
4695,102.41345488783462
4696,102.2319242953798
4697,102.05071547076334
4698,101.86982784364311
4699,101.68926084468794
4700,101.50901390557583
4701,101.32908645899212
4702,101.14947793862777
4703,100.97018777917748
4704,100.79121541633802
4705,100.61256028680639
4706,100.43422182827803
4707,100.25619947944512
4708,100.07849267999475
4709,99.9011008706072
4710,99.72402349295412
4711,99.54725998969685
4712,99.37080980448462
4713,99.1946723819528
4714,99.01884716772115
4715,98.8433336083921
4716,98.66813115154899
4717,98.49323924575432
4718,98.31865734054804
4719,98.1443848864458
4720,97.97042133493724
4721,97.79676613848423
4722,97.62341875051916
4723,97.45037862544326
4724,97.27764521862483
4725,97.1052179863975
4726,96.93309638605865
4727,96.76127987586756
4728,96.58976791504375
4729,96.41855996376533
4730,96.24765548316724
4731,96.07705393533955
4732,95.90675478332581
4733,95.73675749112135
4734,95.56706152367157
4735,95.39766634687025
4736,95.22857142755794
4737,95.05977623352017
4738,94.89128023348587
4739,94.72308289712566
4740,94.55518369505018
4741,94.3875820988084
4742,94.22027758088602
4743,94.05326961470377
4744,93.88655767461573
4745,93.72014123590773
4746,93.55401977479565
4747,93.38819276842379
4748,93.22265969486325
4749,93.05742003311025
4750,92.89247326308448
4751,92.72781886562754
4752,92.5634563225012
4753,92.39938511638583
4754,92.23560473087878
4755,92.07211465049274
4756,91.9089143606541
4757,91.74600334770135
4758,91.58338109888345
4759,91.42104710235824
4760,91.25900084719083
4761,91.09724182335194
4762,90.93576952171634
4763,90.77458343406124
4764,90.6136830530647
4765,90.45306787230402
4766,90.29273738625413
4767,90.13269109028603
4768,89.97292848066519
4769,89.81344905454996
4770,89.65425230998999
4771,89.49533774592464
4772,89.33670486218145
4773,89.17835315947447
4774,89.0202821394028
4775,88.86249130444894
4776,88.70498015797727
4777,88.54774820423246
4778,88.39079494833793
4779,88.23411989629426
4780,88.07772255497767
4781,87.92160243213847
4782,87.76575903639947
4783,87.61019187725448
4784,87.45490046506673
4785,87.29988431106736
4786,87.14514292735385
4787,86.9906758268885
4788,86.83648252349693
4789,86.68256253186647
4790,86.5289153675447
4791,86.37554054693791
4792,86.22243758730957
4793,86.06960600677883
4794,85.91704532431893
4795,85.76475505975583
4796,85.61273473376653
4797,85.46098386787769
4798,85.30950198446405
4799,85.15828860674698
4800,85.00734325879293
4801,84.85666546551197
4802,84.70625475265626
4803,84.55611064681862
4804,84.40623267543094
4805,84.2566203667628
4806,84.1072732499199
4807,83.95819085484263
4808,83.80937271230455
4809,83.66081835391098
4810,83.51252731209745
4811,83.36449912012826
4812,83.21673331209503
4813,83.0692294229152
4814,82.92198698833059
4815,82.77500554490591
4816,82.62828463002735
4817,82.48182378190108
4818,82.33562253955182
4819,82.18968044282136
4820,82.04399703236716
4821,81.89857184966085
4822,81.75340443698686
4823,81.60849433744087
4824,81.46384109492848
4825,81.31944425416373
4826,81.17530336066763
4827,81.0314179607668
4828,80.88778760159201
4829,80.74441183107672
4830,80.60129019795572
4831,80.45842225176366
4832,80.31580754283368
4833,80.17344562229594
4834,80.03133604207625
4835,79.88947835489462
4836,79.7478721142639
4837,79.60651687448834
4838,79.4654121906622
4839,79.32455761866836
4840,79.18395271517689
4841,79.04359703764366
4842,78.90349014430902
4843,78.76363159419628
4844,78.62402094711044
4845,78.48465776363673
4846,78.34554160513929
4847,78.20667203375972
4848,78.06804861241575
4849,77.92967090479985
4850,77.79153847537785
4851,77.65365088938758
4852,77.51600771283749
4853,77.37860851250532
4854,77.24145285593669
4855,77.10454031144373
4856,76.96787044810378
4857,76.831442835758
4858,76.69525704501001
4859,76.55931264722454
4860,76.42360921452612
4861,76.28814631979768
4862,76.1529235366792
4863,76.01794043956642
4864,75.88319660360948
4865,75.74869160471158
4866,75.61442501952763
4867,75.48039642546293
4868,75.34660540067185
4869,75.21305152405648
4870,75.07973437526533
4871,74.946653534692
4872,74.81380858347384
4873,74.68119910349064
4874,74.54882467736333
4875,74.41668488845265
4876,74.28477932085785
4877,74.15310755941537
4878,74.02166918969756
4879,73.89046379801131
4880,73.75949097139683
4881,73.6287502976263
4882,73.49824136520257
4883,73.36796376335792
4884,73.23791708205269
4885,73.10810091197403
4886,72.97851484453463
4887,72.84915847187139
4888,72.72003138684417
4889,72.59113318303449
4890,72.46246345474424
4891,72.33402179699446
4892,72.20580780552402
4893,72.07782107678831
4894,71.95006120795807
4895,71.82252779691804
4896,71.6952204422657
4897,71.56813874331006
4898,71.44128230007034
4899,71.31465071327477
4900,71.18824358435927
4901,71.06206051546623
4902,70.93610110944326
4903,70.81036496984193
4904,70.68485170091652
4905,70.5595609076228
4906,70.43449219561674
4907,70.30964517125331
4908,70.18501944158523
4909,70.06061461436171
4910,69.93643029802728
4911,69.81246610172045
4912,69.68872163527259
4913,69.56519650920663
4914,69.44189033473587
4915,69.31880272376276
4916,69.19593328887761
4917,69.07328164335749
4918,68.9508474011649
4919,68.82863017694663
4920,68.70662958603249
4921,68.58484524443415
4922,68.46327676884391
4923,68.3419237766335
4924,68.22078588585282
4925,68.09986271522885
4926,67.97915388416436
4927,67.85865901273672
4928,67.73837772169676
4929,67.61830963246751
4930,67.49845436714307
4931,67.37881154848733
4932,67.25938079993291
4933,67.14016174557987
4934,67.02115401019456
4935,66.90235721920845
4936,66.78377099871695
4937,66.6653949754782
4938,66.54722877691194
4939,66.42927203109832
4940,66.31152436677672
4941,66.1939854133446
4942,66.07665480085633
4943,65.959532160022
4944,65.84261712220626
4945,65.72590931942722
4946,65.60940838435522
4947,65.49311395031171
4948,65.37702565126807
4949,65.26114312184451
4950,65.14546599730886
4951,65.02999391357544
4952,64.91472650720395
4953,64.79966341539829
4954,64.6848042760054
4955,64.57014872751417
4956,64.45569640905427
4957,64.34144696039503
4958,64.22740002194429
4959,64.11355523474728
4960,63.99991224048549
4961,63.88647068147554
4962,63.77323020066804
4963,63.66019044164649
4964,63.54735104862616
4965,63.434711666452934
4966,63.32227194060223
4967,63.21003151717787
4968,63.09799004291096
4969,62.98614716515878
4970,62.87450253190371
4971,62.76305579175205
4972,62.65180659393298
4973,62.54075458829742
4974,62.42989942531694
4975,62.319240756082664
4976,62.20877823230416
4977,62.09851150630836
4978,61.988440231038446
4979,61.87856406005276
4980,61.76888264752374
4981,61.6593956482368
4982,61.55010271758927
4983,61.44100351158928
4984,61.3320976868547
4985,61.22338490061206
4986,61.114864810695465
4987,61.00653707554551
4988,60.89840135420822
4989,60.79045730633396
4990,60.68270459217639
4991,60.57514287259137
4992,60.4677718090359
4993,60.36059106356707
4994,60.253600298840965
4995,60.14679917811163
4996,60.04018736523
4997,59.93376452464284
4998,59.8275303213917
4999,59.721484421111846
5000,59.61562649003122
5001,59.50995619496938
5002,59.404473203336444
5003,59.29917718313208
5004,59.194067802944424
5005,59.08914473194904
5006,58.98440763990789
5007,58.87985619716831
5008,58.77549007466192
5009,58.67130894390365
5010,58.56731247699067
5011,58.46350034660137
5012,58.35987222599432
5013,58.25642778900726
5014,58.15316671005604
5015,58.05008866413364
5016,57.947193326809106
5017,57.844480374226556
5018,57.74194948310415
5019,57.63960033073307
5020,57.53743259497651
5021,57.43544595426866
5022,57.333640087613695
5023,57.23201467458477
5024,57.130569395322986
5025,57.02930393053643
5026,56.928217961499115
5027,56.827311170050024
5028,56.72658323859208
5029,56.626033850091154
5030,56.52566268807507
5031,56.42546943663262
5032,56.32545378041253
5033,56.22561540462252
5034,56.12595399502828
5035,56.02646923795249
5036,55.92716082027382
5037,55.82802842942596
5038,55.72907175339665
5039,55.630290480726664
5040,55.53168430050884
5041,55.433252902387125
5042,55.33499597655556
5043,55.23691321375735
5044,55.13900430528384
5045,55.041268942973595
5046,54.94370681921138
5047,54.84631762692723
5048,54.749101059595475
5049,54.652056811233756
5050,54.555184576402084
5051,54.45848405020187
5052,54.361954928274955
5053,54.26559690680268
5054,54.169409682504906
5055,54.07339295263907
5056,53.97754641499921
5057,53.881869767915056
5058,53.78636271025105
5059,53.691024941405395
5060,53.59585616130913
5061,53.50085607042516
5062,53.40602436974734
5063,53.31136076079953
5064,53.216864945634626
5065,53.12253662683365
5066,53.02837550750481
5067,52.93438129128257
5068,52.8405536823267
5069,52.74689238532135
5070,52.65339710547414
5071,52.56006754851521
5072,52.46690342069629
5073,52.37390442878981
5074,52.28107028008793
5075,52.188400682401664
5076,52.095895344059926
5077,52.00355397390862
5078,51.91137628130975
5079,51.819361976140456
5080,51.72751076879214
5081,51.635822370169564
5082,51.54429649168988
5083,51.45293284528179
5084,51.361731143384596
5085,51.27069109894732
5086,51.17981242542778
5087,51.089094836791695
5088,50.99853804751181
5089,50.90814177256694
5090,50.81790572744114
5091,50.72782962812276
5092,50.63791319110357
5093,50.548156133377866
5094,50.45855817244158
5095,50.369119026291386
5096,50.27983841342383
5097,50.19071605283442
5098,50.101751664016746
5099,50.01294496696162
5100,49.92429568215616
5101,49.83580353058294
5102,49.747468233719104
5103,49.65928951353546
5104,49.57126709249567
5105,49.48340069355529
5106,49.395690040160986
5107,49.3081348562496
5108,49.22073486624731
5109,49.133489795068755
5110,49.04639936811616
5111,48.959463311278505
5112,48.87268135093062
5113,48.78605321393235
5114,48.69957862762768
5115,48.6132573198439
5116,48.52708901889073
5117,48.44107345355945
5118,48.35521035312208
5119,48.269499447330524
5120,48.183940466415685
5121,48.09853314108665
5122,48.01327720252983
5123,47.928172382408114
5124,47.84321841286003
5125,47.7584150264989
5126,47.67376195641199
5127,47.58925893615966
5128,47.504905699774575
5129,47.420701981760814
5130,47.336647517093056
5131,47.252742041215754
5132,47.16898529004228
5133,47.08537699995411
5134,47.001916907799995
5135,46.91860475089513
5136,46.83544026702032
5137,46.752423194421155
5138,46.66955327180721
5139,46.58683023835119
5140,46.50425383368813
5141,46.42182379791457
5142,46.339539871587725
5143,46.25740179572469
5144,46.17540931180161
5145,46.093562161752864
5146,46.01186008797028
5147,45.93030283330227
5148,45.84889014105309
5149,45.767621754981974
5150,45.68649741930236
5151,45.60551687868107
5152,45.52467987823751
5153,45.44398616354286
5154,45.3634354806193
5155,45.28302757593919
5156,45.20276219642425
5157,45.122639089444824
5158,45.042658002819024
5159,44.962818684811964
5160,44.883120884134975
5161,44.8035643499448
5162,44.724148831842804
5163,44.64487407987419
5164,44.56573984452722
5165,44.48674587673242
5166,44.40789192786179
5167,44.32917774972804
5168,44.25060309458379
5169,44.1721677151208
5170,44.0938713644692
5171,44.0157137961967
5172,43.937694764307814
5173,43.85981402324309
5174,43.782071327878334
5175,43.70446643352385
5176,43.626999095923644
5177,43.54966907125469
5178,43.472476116126145
5179,43.39541998757857
5180,43.31850044308319
5181,43.24171724054111
5182,43.16507013828256
5183,43.08855889506615
5184,43.01218327007808
5185,42.93594302293142
5186,42.8598379136653
5187,42.783867702744224
5188,42.70803215105725
5189,42.63233101991729
5190,42.556764071060314
5191,42.48133106664463
5192,42.40603176925013
5193,42.33086594187753
5194,42.25583334794766
5195,42.18093375130066
5196,42.10616691619528
5197,42.03153260730814
5198,41.95703058973295
5199,41.88266062897984
5200,41.80842249097454
5201,41.734315942057705
5202,41.66034074898414
5203,41.5864966789221
5204,41.51278349945254
5205,41.439200978568365
5206,41.36574888467374
5207,41.29242698658334
5208,41.2192350535216
5209,41.14617285512203
5210,41.07324016142647
5211,41.00043674288436
5212,40.92776237035203
5213,40.85521681509196
5214,40.78279984877209
5215,40.710511243465085
5216,40.6383507716476
5217,40.566318206199604
5218,40.494413320403616
5219,40.42263588794405
5220,40.35098568290643
5221,40.27946247977677
5222,40.20806605344076
5223,40.13679617918315
5224,40.06565263268699
5225,39.99463519003294
5226,39.92374362769855
5227,39.85297772255759
5228,39.78233725187932
5229,39.71182199332779
5230,39.64143172496115
5231,39.57116622523096
5232,39.50102527298146
5233,39.4310086474489
5234,39.36111612826085
5235,39.291347495435495
5236,39.22170252938093
5237,39.15218101089449
5238,39.08278272116205
5239,39.01350744175735
5240,38.944354954641284
5241,38.875325042161236
5242,38.806417487050375
5243,38.73763207242699
5244,38.66896858179379
5245,38.600426799037244
5246,38.532006508426875
5247,38.463707494614596
5248,38.39552954263404
5249,38.32747243789986
5250,38.259535966207075
5251,38.19171991373039
5252,38.12402406702352
5253,38.05644821301851
5254,37.98899213902509
5255,37.92165563272999
5256,37.85443848219624
5257,37.787340475862564
5258,37.72036140254268
5259,37.65350105142463
5260,37.58675921207013
5261,37.52013567441391
5262,37.45363022876303
5263,37.38724266579626
5264,37.32097277656337
5265,37.25482035248453
5266,37.188785185349595
5267,37.12286706731749
5268,37.05706579091556
5269,36.991381149038865
5270,36.9258129349496
5271,36.86036094227639
5272,36.79502496501365
5273,36.72980479752097
5274,36.66470023452243
5275,36.59971107110596
5276,36.534837102722705
5277,36.47007812518639
5278,36.40543393467266
5279,36.34090432771844
5280,36.2764891012213
5281,36.21218805243882
5282,36.14800097898793
5283,36.08392767884431
5284,36.01996795034173
5285,35.95612159217141
5286,35.89238840338139
5287,35.82876818337592
5288,35.76526073191481
5289,35.70186584911278
5290,35.63858333543887
5291,35.57541299171579
5292,35.5123546191193
5293,35.449408019177575
5294,35.38657299377059
5295,35.3238493451295
5296,35.261236875836
5297,35.19873538882171
5298,35.136344687367576
5299,35.07406457510322
5300,35.01189485600635
5301,34.94983533440211
5302,34.887885814962495
5303,34.82604610270572
5304,34.764316002995606
5305,34.702695321540986
5306,34.64118386439507
5307,34.57978143795484
5308,34.518487848960454
5309,34.457302904494625
5310,34.39622641198201
5311,34.33525817918862
5312,34.2743980142212
5313,34.21364572552663
5314,34.153001121891336
5315,34.09246401244066
5316,34.03203420663828
5317,33.9717115142856
5318,33.91149574552117
5319,33.851386710820066
5320,33.791384220993294
5321,33.73148808718721
5322,33.671698120882915
5323,33.61201413389568
5324,33.552435938374316
5325,33.49296334680062
5326,33.43359617198877
5327,33.37433422708472
5328,33.31517732556564
5329,33.25612528123933
5330,33.197177908243596
5331,33.138335021045705
5332,33.079596434441775
5333,33.02096196355622
5334,32.962431423841124
5335,32.904004631075715
5336,32.845681401365745
5337,32.78746155114292
5338,32.729344897164324
5339,32.67133125651186
5340,32.61342044659165
5341,32.55561228513345
5342,32.49790659019012
5343,32.44030318013702
5344,32.38280187367145
5345,32.32540248981204
5346,32.268104847898265
5347,32.21090876758979
5348,32.153814068865955
5349,32.09682057202517
5350,32.0399280976844
5351,31.983136466778557
5352,31.926445500559947
5353,31.869855020597715
5354,31.81336484877728
5355,31.756974807299773
5356,31.70068471868148
5357,31.644494405753278
5358,31.588403691660087
5359,31.532412399860302
5360,31.476520354125245
5361,31.420727378538604
5362,31.36503329749589
5363,31.309437935703876
5364,31.25394111818004
5365,31.19854267025203
5366,31.143242417557104
5367,31.088040186041578
5368,31.03293580196029
5369,30.97792909187603
5370,30.923019882659037
5371,30.8682080014864
5372,30.81349327584156
5373,30.758875533513734
5374,30.7043546025974
5375,30.64993031149174
5376,30.595602488900095
5377,30.54137096382944
5378,30.48723556558984
5379,30.433196123793913
5380,30.379252468356288
5381,30.325404429493084
5382,30.271651837721357
5383,30.217994523858586
5384,30.16443231902212
5385,30.11096505462866
5386,30.057592562393733
5387,30.004314674331148
5388,29.951131222752473
5389,29.89804204026651
5390,29.845046959778767
5391,29.792145814490933
5392,29.739338437900347
5393,29.686624663799485
5394,29.634004326275424
5395,29.581477259709327
5396,29.529043298775925
5397,29.476702278442986
5398,29.424454033970807
5399,29.372298400911692
5400,29.320235215109427
5401,29.268264312698776
5402,29.21638553010495
5403,29.16459870404311
5404,29.11290367151784
5405,29.061300269822638
5406,29.009788336539398
5407,28.958367709537914
5408,28.907038226975352
5409,28.855799727295754
5410,28.80465204922952
5411,28.753595031792912
5412,28.702628514287532
5413,28.65175233629983
5414,28.600966337700587
5415,28.550270358644426
5416,28.499664239569288
5417,28.449147821195954
5418,28.39872094452753
5419,28.34838345084894
5420,28.29813518172644
5421,28.247975979007116
5422,28.19790568481838
5423,28.147924141567483
5424,28.098031191941008
5425,28.048226678904385
5426,27.998510445701385
5427,27.94888233585364
5428,27.89934219316014
5429,27.849889861696752
5430,27.800525185815715
5431,27.75124801014516
5432,27.702058179588626
5433,27.65295553932455
5434,27.60393993480581
5435,27.555011211759208
5436,27.50616921618501
5437,27.45741379435645
5438,27.408744792819245
5439,27.36016205839111
5440,27.311665438161288
5441,27.26325477949005
5442,27.214929930008235
5443,27.166690737616754
5444,27.11853705048612
5445,27.070468717055963
5446,27.02248558603457
5447,26.974587506398382
5448,26.926774327391545
5449,26.879045898525415
5450,26.8314020695781
5451,26.78384269059398
5452,26.736367611883225
5453,26.68897668402135
5454,26.641669757848714
5455,26.59444668447008
5456,26.547307315254116
5457,26.50025150183296
5458,26.45327909610172
5459,26.406389950218035
5460,26.359583916601594
5461,26.312860847933674
5462,26.266220597156686
5463,26.219663017473696
5464,26.173187962347974
5465,26.126795285502535
5466,26.08048484091967
5467,26.034256482840487
5468,25.988110065764463
5469,25.942045444448972
5470,25.896062473908838
5471,25.850161009415874
5472,25.80434090649843
5473,25.758602020940934
5474,25.712944208783437
5475,25.667367326321166
5476,25.621871230104066
5477,25.576455776936356
5478,25.531120823876073
5479,25.485866228234613
5480,25.440691847576304
5481,25.395597539717937
5482,25.35058316272833
5483,25.30564857492788
5484,25.260793634888106
5485,25.21601820143122
5486,25.171322133629673
5487,25.126705290805717
5488,25.082167532530956
5489,25.037708718625908
5490,24.993328709159563
5491,24.94902736444894
5492,24.904804545058656
5493,24.860660111800474
5494,24.816593925732874
5495,24.77260584816062
5496,24.728695740634304
5497,24.684863464949935
5498,24.641108883148487
5499,24.597431857515474
5500,24.553832250580506
5501,24.510309925116868
5502,24.46686474414108
5503,24.423496570912473
5504,24.38020526893275
5505,24.336990701945567
5506,24.293852733936088
5507,24.250791229130577
5508,24.207806051995956
5509,24.164897067239384
5510,24.12206413980783
5511,24.079307134887642
5512,24.036625917904143
5513,23.99402035452118
5514,23.951490310640718
5515,23.90903565240242
5516,23.866656246183215
5517,23.824351958596882
5518,23.78212265649363
5519,23.739968206959684
5520,23.69788847731686
5521,23.655883335122144
5522,23.61395264816729
5523,23.572096284478395
5524,23.530314112315473
5525,23.488606000172055
5526,23.446971816774777
5527,23.405411431082953
5528,23.363924712288178
5529,23.322511529813898
5530,23.281171753315018
5531,23.239905252677477
5532,23.19871189801785
5533,23.15759155968293
5534,23.11654410824933
5535,23.075569414523056
5536,23.03466734953913
5537,22.99383778456116
5538,22.953080591080937
5539,22.91239564081805
5540,22.87178280571946
5541,22.8312419579591
5542,22.79077296993749
5543,22.750375714281315
5544,22.71005006384304
5545,22.669795891700492
5546,22.62961307115648
5547,22.589501475738384
5548,22.54946097919776
5549,22.509491455509945
5550,22.46959277887365
5551,22.429764823710585
5552,22.39000746466504
5553,22.350320576603508
5554,22.31070403461428
5555,22.271157714007057
5556,22.23168149031256
5557,22.192275239282136
5558,22.15293883688736
5559,22.113672159319652
5560,22.074475082989892
5561,22.03534748452802
5562,21.996289240782655
5563,21.957300228820703
5564,21.91838032592697
5565,21.879529409603787
5566,21.840747357570606
5567,21.802034047763627
5568,21.763389358335417
5569,21.72481316765451
5570,21.686305354305045
5571,21.64786579708637
5572,21.609494375012666
5573,21.57119096731256
5574,21.532955453428755
5575,21.494787713017644
5576,21.456687625948927
5577,21.418655072305246
5578,21.38068993238179
5579,21.342792086685943
5580,21.304961415936877
5581,21.2671978010652
5582,21.229501123212575
5583,21.19187126373134
5584,21.154308104184143
5585,21.116811526343565
5586,21.079381412191747
5587,21.04201764392002
5588,21.00472010392853
5589,20.967488674825884
5590,20.930323239428752
5591,20.89322368076153
5592,20.856189882055943
5593,20.8192217267507
5594,20.78231909849112
5595,20.74548188112875
5596,20.70870995872103
5597,20.672003215530903
5598,20.63536153602646
5599,20.598784804880566
5600,20.562272906970524
5601,20.525825727377686
5602,20.4894431513871
5603,20.45312506448715
5604,20.416871352369196
5605,20.38068190092721
5606,20.344556596257426
5607,20.30849532465797
5608,20.272497972628504
5609,20.236564426869883
5610,20.200694574283784
5611,20.16488830197235
5612,20.129145497237843
5613,20.09346604758228
5614,20.057849840707085
5615,20.022296764512742
5616,19.98680670709842
5617,19.951379556761648
5618,19.916015201997944
5619,19.880713531500476
5620,19.845474434159698
5621,19.810297799063015
5622,19.775183515494426
5623,19.740131472934177
5624,19.705141561058415
5625,19.670213669738835
5626,19.63534768904234
5627,19.600543509230693
5628,19.56580102076017
5629,19.531120114281215
5630,19.4965006806381
5631,19.461942610868576
5632,19.427445796203532
5633,19.393010128066653
5634,19.358635498074083
5635,19.324321798034074
5636,19.290068919946652
5637,19.25587675600328
5638,19.221745198586508
5639,19.187674140269642
5640,19.15366347381641
5641,19.119713092180618
5642,19.08582288850581
5643,19.051992756124935
5644,19.01822258856002
5645,18.984512279521816
5646,18.950861722909487
5647,18.917270812810255
5648,18.883739443499078
5649,18.850267509438314
5650,18.81685490527739
5651,18.783501525852465
5652,18.750207266186113
5653,18.716972021486974
5654,18.68379568714944
5655,18.65067815875332
5656,18.617619332063498
5657,18.584619103029635
5658,18.551677367785814
5659,18.518794022650226
5660,18.485968964124837
5661,18.453202088895072
5662,18.42049329382948
5663,18.38784247597941
5664,18.3552495325787
5665,18.322714361043335
5666,18.290236858971138
5667,18.25781692414144
5668,18.22545445451476
5669,18.193149348232488
5670,18.160901503616557
5671,18.128710819169132
5672,18.09657719357228
5673,18.06450052568766
5674,18.032480714556204
5675,18.000517659397794
5676,17.96861125961094
5677,17.936761414772487
5678,17.90496802463727
5679,17.873230989137816
5680,17.841550208384025
5681,17.80992558266285
5682,17.77835701243799
5683,17.74684439834958
5684,17.71538764121387
5685,17.68398664202291
5686,17.65264130194425
5687,17.621351522320627
5688,17.590117204669642
5689,17.558938250683465
5690,17.527814562228514
5691,17.496746041345155
5692,17.46573259024739
5693,17.434774111322554
5694,17.40387050713099
5695,17.373021680405767
5696,17.342227534052356
5697,17.311487971148335
5698,17.280802894943076
5699,17.250172208857446
5700,17.219595816483505
5701,17.18907362158419
5702,17.158605528093027
5703,17.12819144011382
5704,17.09783126192035
5705,17.067524897956083
5706,17.03727225283385
5707,17.00707323133557
5708,16.97692773841193
5709,16.946835679182097
5710,16.916796958933418
5711,16.88681148312112
5712,16.856879157368017
5713,16.826999887464197
5714,16.79717357936675
5715,16.767400139199456
5716,16.73767947325249
5717,16.708011487982137
5718,16.678396090010484
5719,16.648833186125135
5720,16.619322683278913
5721,16.589864488589576
5722,16.560458509339515
5723,16.531104652975465
5724,16.50180282710821
5725,16.472552939512305
5726,16.44335489812577
5727,16.414208611049812
5728,16.38511398654853
5729,16.35607093304862
5730,16.327079359139105
5731,16.298139173571034
5732,16.269250285257193
5733,16.240412603271825
5734,16.211626036850337
5735,16.182890495389028
5736,16.154205888444785
5737,16.125572125734816
5738,16.096989117136353
5739,16.06845677268637
5740,16.03997500258131
5741,16.011543717176792
5742,15.983162826987328
5743,15.954832242686052
5744,15.92655187510443
5745,15.898321635231978
5746,15.870141434215991
5747,15.842011183361256
5748,15.813930794129773
5749,15.785900178140478
5750,15.757919247168967
5751,15.729987913147216
5752,15.702106088163301
5753,15.674273684461127
5754,15.646490614440149
5755,15.618756790655093
5756,15.591072125815687
5757,15.563436532786385
5758,15.535849924586087
5759,15.508312214387871
5760,15.48082331551872
5761,15.453383141459245
5762,15.425991605843414
5763,15.398648622458285
5764,15.371354105243727
5765,15.344107968292155
5766,15.316910125848256
5767,15.289760492308721
5768,15.262658982221977
5769,15.235605510287913
5770,15.208599991357618
5771,15.181642340433106
5772,15.154732472667057
5773,15.12787030336254
5774,15.101055747972756
5775,15.074288722100764
5776,15.047569141499222
5777,15.020896922070117
5778,14.9942719798645
5779,14.967694231082229
5780,14.941163592071694
5781,14.914679979329565
5782,14.888243309500519
5783,14.861853499376984
5784,14.83551046589888
5785,14.809214126153348
5786,14.782964397374496
5787,14.756761196943136
5788,14.730604442386529
5789,14.704494051378115
5790,14.678429941737262
5791,14.652412031429009
5792,14.626440238563799
5793,14.600514481397228
5794,14.57463467832979
5795,14.548800747906611
5796,14.5230126088172
5797,14.497270179895192
5798,14.471573380118091
5799,14.445922128607014
5800,14.42031634462644
5801,14.394755947583954
5802,14.369240857029991
5803,14.343770992657586
5804,14.31834627430212
5805,14.292966621941071
5806,14.267631955693755
5807,14.242342195821081
5808,14.217097262725297
5809,14.191897076949738
5810,14.166741559178583
5811,14.141630630236595
5812,14.11656421108888
5813,14.091542222840637
5814,14.066564586736906
5815,14.041631224162321
5816,14.016742056640867
5817,13.991897005835627
5818,13.967095993548542
5819,13.942338941720156
5820,13.91762577242938
5821,13.89295640789324
5822,13.868330770466637
5823,13.843748782642093
5824,13.819210367049523
5825,13.794715446455978
5826,13.770263943765405
5827,13.74585578201841
5828,13.721490884392008
5829,13.697169174199386
5830,13.672890574889662
5831,13.64865501004764
5832,13.624462403393574
5833,13.600312678782924
5834,13.57620576020612
5835,13.55214157178832
5836,13.528120037789174
5837,13.50414108260258
5838,13.480204630756452
5839,13.456310606912481
5840,13.432458935865897
5841,13.408649542545232
5842,13.384882352012083
5843,13.361157289460879
5844,13.337474280218643
5845,13.31383324974476
5846,13.290234123630738
5847,13.266676827599975
5848,13.24316128750753
5849,13.219687429339881
5850,13.196255179214702
5851,13.172864463380622
5852,13.149515208216997
5853,13.126207340233679
5854,13.10294078607078
5855,13.07971547249845
5856,13.056531326416634
5857,13.033388274854854
5858,13.01028624497197
5859,12.98722516405596
5860,12.964204959523682
5861,12.941225558920651
5862,12.91828688992081
5863,12.8953888803263
5864,12.872531458067236
5865,12.849714551201478
5866,12.826938087914407
5867,12.804201996518696
5868,12.781506205454086
5869,12.758850643287161
5870,12.73623523871112
5871,12.713659920545561
5872,12.691124617736245
5873,12.66862925935488
5874,12.6461737745989
5875,12.623758092791233
5876,12.60138214338009
5877,12.57904585593873
5878,12.556749160165253
5879,12.534491985882365
5880,12.512274263037165
5881,12.490095921700922
5882,12.467956892068857
5883,12.445857104459922
5884,12.42379648931658
5885,12.401774977204585
5886,12.379792498812767
5887,12.357848984952811
5888,12.33594436655904
5889,12.3140785746882
5890,12.292251540519237
5891,12.270463195353086
5892,12.248713470612454
5893,12.227002297841603
5894,12.205329608706132
5895,12.183695334992768
5896,12.162099408609144
5897,12.140541761583593
5898,12.119022326064925
5899,12.097541034322223
5900,12.07609781874462
5901,12.054692611841094
5902,12.033325346240252
5903,12.01199595469012
5904,11.990704370057925
5905,11.969450525329895
5906,11.948234353611038
5907,11.927055788124937
5908,11.905914762213534
5909,11.88481120933693
5910,11.863745063073164
5911,11.842716257118017
5912,11.821724725284788
5913,11.8007704015041
5914,11.77985321982368
5915,11.758973114408162
5916,11.738130019538874
5917,11.71732386961363
5918,11.696554599146527
5919,11.675822142767737
5920,11.655126435223304
5921,11.634467411374933
5922,11.61384500619979
5923,11.593259154790298
5924,11.572709792353924
5925,11.552196854212989
5926,11.531720275804451
5927,11.511279992679713
5928,11.49087594050441
5929,11.470508055058215
5930,11.45017627223463
5931,11.42988052804079
5932,11.40962075859726
5933,11.389396900137829
5934,11.369208889009316
5935,11.349056661671368
5936,11.328940154696255
5937,11.30885930476868
5938,11.288814048685568
5939,11.268804323355878
5940,11.248830065800398
5941,11.228891213151547
5942,11.20898770265318
5943,11.189119471660389
5944,11.169286457639304
5945,11.149488598166899
5946,11.129725830930795
5947,11.109998093729065
5948,11.090305324470032
5949,11.070647461172083
5950,11.051024441963465
5951,11.031436205082096
5952,11.011882688875371
5953,10.992363831799961
5954,10.97287957242163
5955,10.953429849415034
5956,10.934014601563526
5957,10.914633767758971
5958,10.89528728700155
5959,10.875975098399564
5960,10.856697141169251
5961,10.837453354634587
5962,10.818243678227098
5963,10.799068051485671
5964,10.77992641405636
5965,10.760818705692198
5966,10.74174486625301
5967,10.722704835705217
5968,10.703698554121654
5969,10.684725961681378
5970,10.66578699866948
5971,10.646881605476898
5972,10.628009722600225
5973,10.609171290641532
5974,10.59036625030817
5975,10.571594542412587
5976,10.552856107872145
5977,10.53415088770893
5978,10.51547882304957
5979,10.496839855125044
5980,10.478233925270503
5981,10.459660974925084
5982,10.441120945631724
5983,10.422613779036976
5984,10.404139416890825
5985,10.385697801046508
5986,10.367288873460328
5987,10.348912576191472
5988,10.330568851401827
5989,10.312257641355801
5990,10.293978888420142
5991,10.275732535063751
5992,10.257518523857506
5993,10.23933679747408
5994,10.221187298687758
5995,10.20306997037426
5996,10.184984755510564
5997,10.166931597174719
5998,10.148910438545668
5999,10.130921222903076
6000,10.112963893627144
6001,10.095038394198433
6002,10.077144668197684
6003,10.059282659305646
6004,10.041452311302894
6005,10.023653568069655
6006,10.005886373585625
6007,9.988150671929803
6008,9.970446407280308
6009,9.952773523914203
6010,9.935131966207322
6011,9.917521678634095
6012,9.899942605767373
6013,9.882394692278254
6014,9.864877882935904
6015,9.84739212260739
6016,9.829937356257505
6017,9.812513528948589
6018,9.795120585840364
6019,9.777758472189756
6020,9.760427133350728
6021,9.743126514774099
6022,9.725856562007383
6023,9.70861722069461
6024,9.691408436576156
6025,9.674230155488578
6026,9.657082323364435
6027,9.639964886232123
6028,9.622877790215707
6029,9.605820981534745
6030,9.588794406504123
6031,9.571798011533886
6032,9.55483174312907
6033,9.537895547889528
6034,9.52098937250977
6035,9.504113163778793
6036,9.487266868579907
6037,9.470450433890573
6038,9.45366380678224
6039,9.436906934420172
6040,9.420179764063285
6041,9.403482243063976
6042,9.386814318867968
6043,9.370175939014132
6044,9.35356705113433
6045,9.33698760295325
6046,9.320437542288236
6047,9.303916817049128
6048,9.287425375238099
6049,9.270963164949487
6050,9.254530134369636
6051,9.23812623177673
6052,9.221751405540632
6053,9.20540560412272
6054,9.189088776075728
6055,9.172800870043577
6056,9.156541834761223
6057,9.140311619054488
6058,9.124110171839902
6059,9.107937442124543
6060,9.091793379005873
6061,9.075677931671581
6062,9.059591049399424
6063,9.043532681557064
6064,9.02750277760191
6065,9.011501287080959
6066,8.995528159630638
6067,8.979583344976644
6068,8.963666792933788
6069,8.947778453405833
6070,8.931918276385343
6071,8.916086211953516
6072,8.900282210280038
6073,8.884506221622916
6074,8.868758196328328
6075,8.853038084830466
6076,8.837345837651378
6077,8.821681405400811
6078,8.80604473877606
6079,8.79043578856181
6080,8.77485450562998
6081,8.75930084093957
6082,8.743774745536507
6083,8.728276170553492
6084,8.712805067209844
6085,8.697361386811345
6086,8.681945080750088
6087,8.66655610050433
6088,8.65119439763833
6089,8.635859923802201
6090,8.620552630731758
6091,8.605272470248368
6092,8.59001939425879
6093,8.574793354755036
6094,8.559594303814208
6095,8.544422193598358
6096,8.529276976354327
6097,8.514158604413604
6098,8.499067030192167
6099,8.484002206190343
6100,8.46896408499265
6101,8.453952619267653
6102,8.438967761767813
6103,8.424009465329336
6104,8.40907768287203
6105,8.394172367399156
6106,8.37929347199727
6107,8.364440949836093
6108,8.349614754168345
6109,8.334814838329613
6110,8.320041155738197
6111,8.305293659894962
6112,8.290572304383197
6113,8.275877042868462
6114,8.261207829098451
6115,8.246564616902836
6116,8.23194736019313
6117,8.21735601296254
6118,8.20279052928582
6119,8.188250863319128
6120,8.173736969299881
6121,8.159248801546612
6122,8.144786314458825
6123,8.130349462516852
6124,8.115938200281711
6125,8.101552482394961
6126,8.08719226357856
6127,8.072857498634722
6128,8.058548142445778
6129,8.044264149974026
6130,8.030005476261602
6131,8.015772076430324
6132,8.001563905681559
6133,7.987380919296086
6134,7.973223072633945
6135,7.959090321134302
6136,7.94498262031531
6137,7.930899925773966
6138,7.916842193185974
6139,7.9028093783056015
6140,7.8888014369655455
6141,7.874818325076789
6142,7.860859998628464
6143,7.846926413687713
6144,7.833017526399552
6145,7.81913329298673
6146,7.8052736697495915
6147,7.791438613065941
6148,7.777628079390906
6149,7.763842025256795
6150,7.750080407272967
6151,7.736343182125689
6152,7.722630306578007
6153,7.708941737469602
6154,7.69527743171666
6155,7.6816373463117325
6156,7.668021438323605
6157,7.654429664897158
6158,7.6408619832532345
6159,7.627318350688504
6160,7.61379872457533
6161,7.6003030623616326
6162,7.5868313215707595
6163,7.573383459801348
6164,7.559959434727192
6165,7.546559204097111
6166,7.533182725734815
6167,7.519829957538774
6168,7.506500857482082
6169,7.493195383612328
6170,7.479913494051463
6171,7.4666551469956675
6172,7.453420300715221
6173,7.44020891355437
6174,7.427020943931195
6175,7.413856350337484
6176,7.4007150913386
6177,7.387597125573346
6178,7.374502411753842
6179,7.361430908665392
6180,7.348382575166354
6181,7.335357370188008
6182,7.322355252734433
6183,7.309376181882373
6184,7.296420116781108
6185,7.283487016652329
6186,7.270576840790008
6187,7.257689548560268
6188,7.244825099401257
6189,7.23198345282302
6190,7.219164568407371
6191,7.206368405807768
6192,7.193594924749184
6193,7.180844085027979
6194,7.168115846511776
6195,7.1554101691393335
6196,7.14272701292042
6197,7.130066337935688
6198,7.117428104336546
6199,7.104812272345038
6200,7.092218802253715
6201,7.079647654425509
6202,7.067098789293611
6203,7.054572167361344
6204,7.042067749202041
6205,7.029585495458921
6206,7.017125366844961
6207,7.004687324142777
6208,6.992271328204499
6209,6.979877339951647
6210,6.96750532037501
6211,6.95515523053452
6212,6.942827031559132
6213,6.930520684646702
6214,6.918236151063861
6215,6.905973392145901
6216,6.893732369296643
6217,6.881513043988323
6218,6.8693153777614695
6219,6.857139332224779
6220,6.844984869055001
6221,6.83285194999681
6222,6.820740536862692
6223,6.808650591532819
6224,6.796582075954935
6225,6.784534952144229
6226,6.772509182183222
6227,6.760504728221641
6228,6.7485215524763085
6229,6.7365596172310145
6230,6.724618884836405
6231,6.712699317709857
6232,6.700800878335368
6233,6.68892352926343
6234,6.677067233110918
6235,6.665231952560967
6236,6.65341765036286
6237,6.641624289331904
6238,6.629851832349321
6239,6.618100242362126
6240,6.606369482383009
6241,6.594659515490223
6242,6.582970304827465
6243,6.571301813603762
6244,6.559654005093353
6245,6.548026842635575
6246,6.536420289634746
6247,6.524834309560052
6248,6.513268865945429
6249,6.501723922389453
6250,6.49019944255522
6251,6.478695390170235
6252,6.467211729026297
6253,6.455748422979385
6254,6.444305435949544
6255,6.432882731920772
6256,6.421480274940906
6257,6.410098029121511
6258,6.3987359586377615
6259,6.387394027728336
6260,6.376072200695298
6261,6.36477044190399
6262,6.353488715782914
6263,6.3422269868236265
6264,6.330985219580621
6265,6.319763378671222
6266,6.30856142877547
6267,6.297379334636009
6268,6.28621706105798
6269,6.275074572908906
6270,6.2639518351185846
6271,6.252848812678976
6272,6.241765470644093
6273,6.23070177412989
6274,6.219657688314156
6275,6.208633178436402
6276,6.197628209797755
6277,6.186642747760843
6278,6.175676757749694
6279,6.16473020524962
6280,6.15380305580711
6281,6.142895275029727
6282,6.132006828585992
6283,6.121137682205282
6284,6.110287801677717
6285,6.099457152854056
6286,6.088645701645589
6287,6.0778534140240295
6288,6.067080256021405
6289,6.056326193729954
6290,6.045591193302017
6291,6.03487522094993
6292,6.024178242945919
6293,6.013500225621994
6294,6.00284113536984
6295,5.992200938640716
6296,5.981579601945346
6297,5.970977091853816
6298,5.960393374995465
6299,5.949828418058784
6300,5.93928218779131
6301,5.928754650999519
6302,5.918245774548725
6303,5.907755525362974
6304,5.89728387042494
6305,5.88683077677582
6306,5.876396211515233
6307,5.865980141801113
6308,5.855582534849608
6309,5.845203357934978
6310,5.834842578389488
6311,5.824500163603309
6312,5.814176081024413
6313,5.803870298158471
6314,5.793582782568752
6315,5.783313501876019
6316,5.773062423758429
6317,5.762829515951429
6318,5.752614746247659
6319,5.742418082496842
6320,5.732239492605694
6321,5.722078944537813
6322,5.711936406313584
6323,5.701811846010077
6324,5.691705231760946
6325,5.68161653175633
6326,5.671545714242749
6327,5.661492747523008
6328,5.651457599956098
6329,5.641440239957093
6330,5.631440635997052
6331,5.62145875660292
6332,5.611494570357431
6333,5.601548045899003
6334,5.591619151921646
6335,5.58170785717486
6336,5.571814130463537
6337,5.561937940647863
6338,5.552079256643222
6339,5.542238047420095
6340,5.532414282003962
6341,5.522607929475209
6342,5.512818958969026
6343,5.503047339675313
6344,5.493293040838581
6345,5.483556031757855
6346,5.47383628178658
6347,5.464133760332523
6348,5.454448436857674
6349,5.444780280878155
6350,5.4351292619641205
6351,5.425495349739663
6352,5.415878513882716
6353,5.406278724124962
6354,5.396695950251733
6355,5.387130162101918
6356,5.3775813295678665
6357,5.368049422595296
6358,5.358534411183195
6359,5.34903626538373
6360,5.339554955302151
6361,5.330090451096696
6362,5.3206427229785005
6363,5.3112117412115
6364,5.3017974761123385
6365,5.292399898050275
6366,5.283018977447088
6367,5.273654684776986
6368,5.264306990566512
6369,5.254975865394451
6370,5.24566127989174
6371,5.236363204741371
6372,5.227081610678303
6373,5.2178164684893655
6374,5.208567749013172
6375,5.199335423140024
6376,5.190119461811821
6377,5.180919836021969
6378,5.1717365168152885
6379,5.162569475287924
6380,5.153418682587253
6381,5.144284109911793
6382,5.135165728511118
6383,5.126063509685757
6384,5.116977424787113
6385,5.10790744521737
6386,5.098853542429399
6387,5.089815687926675
6388,5.080793853263183
6389,5.071788010043327
6390,5.062798129921846
6391,5.0538241846037195
6392,5.044866145844082
6393,5.035923985448133
6394,5.026997675271048
6395,5.018087187217887
6396,5.009192493243513
6397,5.000313565352499
6398,4.991450375599039
6399,4.982602896086863
6400,4.973771098969148
6401,4.964954956448428
6402,4.956154440776511
6403,4.947369524254389
6404,4.938600179232152
6405,4.9298463781088975
6406,4.921108093332649
6407,4.912385297400267
6408,4.903677962857358
6409,4.894986062298198
6410,4.886309568365635
6411,4.8776484537510125
6412,4.869002691194076
6413,4.860372253482893
6414,4.851757113453763
6415,4.843157243991135
6416,4.83457261802752
6417,4.826003208543409
6418,4.817448988567184
6419,4.808909931175036
6420,4.800386009490877
6421,4.79187719668626
6422,4.7833834659802905
6423,4.774904790639546
6424,4.766441143977987
6425,4.757992499356878
6426,4.7495588301847
6427,4.741140109917068
6428,4.732736312056649
6429,4.724347410153076
6430,4.715973377802866
6431,4.707614188649338
6432,4.699269816382529
6433,4.6909402347391085
6434,4.682625417502302
6435,4.674325338501802
6436,4.66603997161369
6437,4.657769290760354
6438,4.649513269910401
6439,4.641271883078586
6440,4.633045104325717
6441,4.6248329077585835
6442,4.616635267529871
6443,4.608452157838079
6444,4.600283552927443
6445,4.592129427087848
6446,4.583989754654754
6447,4.57586451000911
6448,4.567753667577276
6449,4.559657201830943
6450,4.55157508728705
6451,4.543507298507707
6452,4.535453810100113
6453,4.527414596716475
6454,4.5193896330539305
6455,4.511378893854467
6456,4.503382353904843
6457,4.4953999880365085
6458,4.487431771125523
6459,4.479477678092483
6460,4.471537683902434
6461,4.4636117635648
6462,4.455699892133301
6463,4.447802044705874
6464,4.439918196424596
6465,4.432048322475606
6466,4.424192398089025
6467,4.416350398538881
6468,4.408522299143026
6469,4.400708075263067
6470,4.392907702304278
6471,4.385121155715532
6472,4.3773484109892165
6473,4.369589443661161
6474,4.361844229310558
6475,4.354112743559886
6476,4.346394962074835
6477,4.338690860564226
6478,4.331000414779938
6479,4.32332360051683
6480,4.315660393612666
6481,4.308010769948038
6482,4.3003747054462895
6483,4.292752176073441
6484,4.285143157838115
6485,4.277547626791457
6486,4.269965559027065
6487,4.262396930680908
6488,4.25484171793126
6489,4.247299896998616
6490,4.23977144414562
6491,4.232256335676994
6492,4.22475454793946
6493,4.217266057321664
6494,4.209790840254105
6495,4.202328873209061
6496,4.1948801327005105
6497,4.187444595284064
6498,4.180022237556887
6499,4.172613036157627
6500,4.165216967766341
6501,4.157834009104419
6502,4.150464136934516
6503,4.143107328060473
6504,4.135763559327249
6505,4.128432807620846
6506,4.121115049868233
6507,4.11381026303728
6508,4.106518424136681
6509,4.099239510215882
6510,4.091973498365011
6511,4.084720365714802
6512,4.077480089436529
6513,4.070252646741926
6514,4.063038014883123
6515,4.055836171152571
6516,4.048647092882969
6517,4.041470757447196
6518,4.034307142258237
6519,4.027156224769115
6520,4.020017982472816
6521,4.012892392902222
6522,4.005779433630036
6523,3.9986790822687177
6524,3.991591316470406
6525,3.984516113926854
6526,3.9774534523693554
6527,3.970403309568677
6528,3.963365663334987
6529,3.956340491517785
6530,3.9493277720058346
6531,3.9423274827270904
6532,3.9353396016486313
6533,3.9283641067765895
6534,3.921400976156083
6535,3.914450187871144
6536,3.9075117200446523
6537,3.900585550838265
6538,3.893671658452349
6539,3.8867700211259106
6540,3.879880617136529
6541,3.8730034248002863
6542,3.8661384224717
6543,3.8592855885436554
6544,3.8524449014473365
6545,3.8456163396521585
6546,3.8387998816657003
6547,3.8319955060336364
6548,3.8252031913396705
6549,3.818422916205466
6550,3.8116546592905816
6551,3.8048983992924006
6552,3.7981541149460676
6553,3.791421785024418
6554,3.784701388337915
6555,3.777992903734578
6556,3.7712963100999217
6557,3.764611586356885
6558,3.757938711465768
6559,3.751277664424162
6560,3.744628424266887
6561,3.737990970065925
6562,3.731365280930352
6563,3.7247513360062747
6564,3.7181491144767636
6565,3.7115585955617876
6566,3.704979758518149
6567,3.698412582639418
6568,3.691857047255867
6569,3.6853131317344068
6570,3.678780815478521
6571,3.6722600779282
6572,3.665750898559878
6573,3.659253256886368
6574,3.6527671324567965
6575,3.6462925048565404
6576,3.6398293537071615
6577,3.6333776586663435
6578,3.6269373994278267
6579,3.6205085557213454
6580,3.6140911073125634
6581,3.6076850340030098
6582,3.601290315630017
6583,3.594906932066655
6584,3.5885348632216707
6585,3.5821740890394222
6586,3.5758245894998177
6587,3.5694863446182508
6588,3.5631593344455386
6589,3.556843539067859
6590,3.550538938606687
6591,3.5442455132187334
6592,3.537963243095881
6593,3.5316921084651245
6594,3.525432089588505
6595,3.519183166763051
6596,3.512945320320714
6597,3.5067185306283086
6598,3.5005027780874496
6599,3.4942980431344894
6600,3.488104306240459
6601,3.481921547911004
6602,3.4757497486863245
6603,3.469588889141114
6604,3.4634389498844973
6605,3.4572999115599705
6606,3.4511717548453396
6607,3.445054460452659
6608,3.4389480091281723
6609,3.4328523816522507
6610,3.4267675588393325
6611,3.420693521537863
6612,3.4146302506302346
6613,3.4085777270327258
6614,3.402535931695441
6615,3.396504845602252
6616,3.3904844497707365
6617,3.3844747252521192
6618,3.3784756531312126
6619,3.372487214526356
6620,3.366509390589357
6621,3.360542162505433
6622,3.35458551149315
6623,3.3486394188043658
6624,3.342703865724169
6625,3.3367788335708206
6626,3.330864303695696
6627,3.324960257483226
6628,3.319066676350838
6629,3.3131835417488964
6630,3.3073108351606466
6631,3.301448538102155
6632,3.2955966321222507
6633,3.289755098802469
6634,3.2839239197569916
6635,3.2781030766325903
6636,3.272292551108568
6637,3.2664923248967015
6638,3.260702379741184
6639,3.2549226974185683
6640,3.2491532597377075
6641,3.2433940485396997
6642,3.23764504569783
6643,3.231906233117514
6644,3.22617759273624
6645,3.2204591065235126
6646,3.2147507564807962
6647,3.2090525246414576
6648,3.2033643930707103
6649,3.197686343865558
6650,3.192018359154737
6651,3.1863604210986622
6652,3.1807125118893684
6653,3.175074613750456
6654,3.1694467089370346
6655,3.1638287797356672
6656,3.158220808464314
6657,3.1526227774722777
6658,3.147034669140146
6659,3.141456465879739
6660,3.135888150134052
6661,3.1303297043771994
6662,3.124781111114362
6663,3.119242352881731
6664,3.113713412246451
6665,3.1081942718065676
6666,3.1026849141909723
6667,3.097185322059347
6668,3.0916954781021095
6669,3.08621536504036
6670,3.080744965625825
6671,3.0752842626408046
6672,3.0698332388981178
6673,3.0643918772410483
6674,3.058960160543291
6675,3.0535380717088967
6676,3.0481255936722196
6677,3.042722709397863
6678,3.0373294018806267
6679,3.031945654145452
6680,3.0265714492473688
6681,3.021206770271443
6682,3.0158516003327223
6683,3.010505922576183
6684,3.005169720176679
6685,2.9998429763388854
6686,2.994525674297248
6687,2.9892177973159306
6688,2.983919328688761
6689,2.9786302517391796
6690,2.973350549820186
6691,2.968080206314288
6692,2.9628192046334467
6693,2.9575675282190277
6694,2.952325160541746
6695,2.947092085101616
6696,2.941868285427898
6697,2.936653745079048
6698,2.9314484476426643
6699,2.926252376735437
6700,2.921065516003096
6701,2.9158878491203595
6702,2.9107193597908827
6703,2.905560031747207
6704,2.9004098487507073
6705,2.895268794591543
6706,2.890136853088605
6707,2.8850140080894664
6708,2.8799002434703302
6709,2.8747955431359795
6710,2.869699891019727
6711,2.8646132710833636
6712,2.8595356673171084
6713,2.854467063739558
6714,2.8494074443976376
6715,2.8443567933665483
6716,2.839315094749719
6717,2.8342823326787556
6718,2.829258491313391
6719,2.824243554841436
6720,2.819237507478728
6721,2.814240333469083
6722,2.8092520170842445
6723,2.8042725426238357
6724,2.7993018944153087
6725,2.7943400568138954
6726,2.7893870142025587
6727,2.784442750991943
6728,2.7795072516203256
6729,2.774580500553567
6730,2.769662482285062
6731,2.764753181335692
6732,2.759852582253776
6733,2.7549606696150195
6734,2.7500774280224705
6735,2.7452028421064667
6736,2.74033689652459
6737,2.7354795759616155
6738,2.7306308651294673
6739,2.7257907487671664
6740,2.720959211640785
6741,2.7161362385433976
6742,2.711321814295033
6743,2.7065159237426277
6744,2.701718551759977
6745,2.6969296832476872
6746,2.69214930313313
6747,2.687377396370392
6748,2.6826139479402316
6749,2.6778589428500266
6750,2.673112366133731
6751,2.6683742028518265
6752,2.663644438091275
6753,2.658923056965472
6754,2.654210044614201
6755,2.6495053862035847
6756,2.6448090669260393
6757,2.640121072000228
6758,2.635441386671015
6759,2.630769996209417
6760,2.6261068859125594
6761,2.6214520411036277
6762,2.616805447131824
6763,2.6121670893723175
6764,2.607536953226202
6765,2.6029150241204473
6766,2.5983012875078546
6767,2.59369572886701
6768,2.58909833370224
6769,2.5845090875435637
6770,2.5799279759466502
6771,2.575354984492771
6772,2.570790098788754
6773,2.5662333044669414
6774,2.561684587185141
6775,2.5571439326265835
6776,2.5526113264998753
6777,2.548086754538956
6778,2.5435702025030507
6779,2.539061656176628
6780,2.5345611013693534
6781,2.530068523916045
6782,2.5255839096766293
6783,2.521107244536096
6784,2.5166385144044545
6785,2.5121777052166894
6786,2.507724802932715
6787,2.5032797935373323
6788,2.498842663040185
6789,2.4944133974757157
6790,2.4899919829031196
6791,2.4855784054063035
6792,2.4811726510938406
6793,2.476774706098927
6794,2.4723845565793385
6795,2.468002188717386
6796,2.4636275887198726
6797,2.459260742818051
6798,2.4549016372675787
6799,2.4505502583484753
6800,2.4462065923650798
6801,2.441870625646007
6802,2.437542344544105
6803,2.433221735436411
6804,2.42890878472411
6805,2.424603478832491
6806,2.420305804210904
6807,2.416015747332719
6808,2.411733294695282
6809,2.4074584328198716
6810,2.4031911482516595
6811,2.3989314275596656
6812,2.394679257336717
6813,2.390434624199404
6814,2.386197514788041
6815,2.3819679157666225
6816,2.3777458138227807
6817,2.373531195667745
6818,2.369324048036299
6819,2.36512435768674
6820,2.3609321114008353
6821,2.356747295983783
6822,2.352569898264169
6823,2.348399905093926
6824,2.344237303348292
6825,2.3400820799257684
6826,2.3359342217480803
6827,2.3317937157601336
6828,2.327660548929975
6829,2.3235347082487507
6830,2.3194161807306655
6831,2.3153049534129417
6832,2.3112010133557788
6833,2.307104347642312
6834,2.3030149433785727
6835,2.2989327876934462
6836,2.2948578677386333
6837,2.2907901706886076
6838,2.286729683740577
6839,2.2826763941144423
6840,2.2786302890527583
6841,2.2745913558206916
6842,2.270559581705982
6843,2.2665349540189026
6844,2.2625174600922184
6845,2.2585070872811484
6846,2.2545038229633243
6847,2.2505076545387515
6848,2.246518569429769
6849,2.2425365550810104
6850,2.2385615989593632
6851,2.234593688553931
6852,2.2306328113759935
6853,2.226678954958966
6854,2.2227321068583614
6855,2.218792254651752
6856,2.2148593859387273
6857,2.2109334883408587
6858,2.2070145495016575
6859,2.2031025570865377
6860,2.1991974987827763
6861,2.195299362299475
6862,2.191408135367522
6863,2.187523805739552
6864,2.1836463611899095
6865,2.179775789514608
6866,2.175912078531294
6867,2.1720552160792073
6868,2.1682051900191426
6869,2.164361988233412
6870,2.160525598625806
6871,2.156696009121557
6872,2.1528732076672994
6873,2.1490571822310325
6874,2.145247920802083
6875,2.141445411391067
6876,2.1376496420298516
6877,2.1338606007715177
6878,2.130078275690323
6879,2.126302654881664
6880,2.1225337264620374
6881,2.1187714785690046
6882,2.115015899361153
6883,2.11126697701806
6884,2.1075246997402535
6885,2.103789055749178
6886,2.1000600332871553
6887,2.0963376206173474
6888,2.0926218060237205
6889,2.0889125778110076
6890,2.0852099243046722
6891,2.0815138338508716
6892,2.077824294816419
6893,2.0741412955887477
6894,2.0704648245758754
6895,2.0667948702063663
6896,2.0631314209292957
6897,2.0594744652142127
6898,2.055823991551105
6899,2.0521799884503618
6900,2.048542444442738
6901,2.0449113480793177
6902,2.041286687931479
6903,2.0376684525908573
6904,2.0340566306693098
6905,2.030451210798879
6906,2.0268521816317584
6907,2.023259531840255
6908,2.019673250116754
6909,2.016093325173685
6910,2.012519745743484
6911,2.00895250057856
6912,2.005391578451257
6913,2.0018369681538224
6914,1.9982886584983683
6915,1.9947466383168382
6916,1.9912108964609707
6917,1.9876814218022656
6918,1.984158203231948
6919,1.9806412296609337
6920,1.9771304900197941
6921,1.9736259732587216
6922,1.9701276683474942
6923,1.966635564275442
6924,1.9631496500514114
6925,1.9596699147037309
6926,1.9561963472801764
6927,1.9527289368479375
6928,1.9492676724935818
6929,1.945812543323022
6930,1.9423635384614801
6931,1.9389206470534546
6932,1.935483858262685
6933,1.932053161272119
6934,1.9286285452838776
6935,1.9252099995192211
6936,1.9217975132185157
6937,1.918391075641199
6938,1.914990676065747
6939,1.9115963037896393
6940,1.9082079481293266
6941,1.9048255984201963
6942,1.901449244016539
6943,1.898078874291515
6944,1.8947144786371208
6945,1.8913560464641568
6946,1.888003567202192
6947,1.8846570302995322
6948,1.8813164252231864
6949,1.8779817414588336
6950,1.8746529685107896
6951,1.871330095901974
6952,1.8680131131738777
6953,1.8647020098865295
6954,1.8613967756184626
6955,1.8580973999666834
6956,1.8548038725466376
6957,1.8515161829921778
6958,1.8482343209555308
6959,1.8449582761072651
6960,1.8416880381362586
6961,1.8384235967496656
6962,1.835164941672885
6963,1.8319120626495278
6964,1.8286649494413842
6965,1.8254235918283928
6966,1.8221879796086065
6967,1.8189581025981623
6968,1.8157339506312478
6969,1.81251551356007
6970,1.809302781254823
6971,1.8060957436036564
6972,1.8028943905126433
6973,1.7996987119057486
6974,1.7965086977247973
6975,1.7933243379294423
6976,1.7901456224971342
6977,1.7869725414230877
6978,1.7838050847202522
6979,1.7806432424192788
6980,1.77748700456849
6981,1.7743363612338476
6982,1.7711913024989219
6983,1.7680518184648604
6984,1.7649178992503562
6985,1.7617895349916177
6986,1.758666715842337
6987,1.755549431973659
6988,1.7524376735741507
6989,1.7493314308497698
6990,1.7462306940238344
6991,1.7431354533369918
6992,1.7400456990471886
6993,1.736961421429639
6994,1.7338826107767944
6995,1.7308092573983136
6996,1.7277413516210316
6997,1.7246788837889293
6998,1.7216218442631033
6999,1.718570223421735
7000,1.7155240116600614
7001,1.7124831993903438
7002,1.7094477770418377
7003,1.7064177350607637
7004,1.7033930639102761
7005,1.700373754070434
7006,1.6973597960381708
7007,1.694351180327264
7008,1.6913478974683058
7009,1.6883499380086733
7010,1.6853572925124987
7011,1.6823699515606392
7012,1.679387905750648
7013,1.6764111456967443
7014,1.673439662029784
7015,1.6704734453972296
7016,1.6675124864631217
7017,1.6645567759080488
7018,1.6616063044291187
7019,1.6586610627399283
7020,1.6557210415705352
7021,1.6527862316674284
7022,1.6498566237934986
7023,1.6469322087280098
7024,1.6440129772665701
7025,1.6410989202211022
7026,1.6381900284198152
7027,1.6352862927071756
7028,1.6323877039438779
7029,1.6294942530068166
7030,1.626605930789057
7031,1.623722728199807
7032,1.6208446361643876
7033,1.6179716456242053
7034,1.6151037475367231
7035,1.6122409328754324
7036,1.6093831926298239
7037,1.6065305178053597
7038,1.6036828994234453
7039,1.600840328521401
7040,1.5980027961524332
7041,1.5951702933856073
7042,1.5923428113058185
7043,1.5895203410137646
7044,1.5867028736259177
7045,1.583890400274496
7046,1.5810829121074361
7047,1.5782804002883652
7048,1.5754828559965732
7049,1.5726902704269847
7050,1.5699026347901321
7051,1.5671199403121268
7052,1.5643421782346323
7053,1.5615693398148367
7054,1.558801416325425
7055,1.556038399054551
7056,1.5532802793058111
7057,1.5505270483982163
7058,1.5477786976661645
7059,1.5450352184594138
7060,1.542296602143055
7061,1.539562840097485
7062,1.5368339237183783
7063,1.5341098444166616
7064,1.5313905936184855
7065,1.5286761627651981
7066,1.525966543313318
7067,1.5232617267345074
7068,1.520561704515545
7069,1.5178664681582996
7070,1.515176009179703
7071,1.5124903191117236
7072,1.5098093895013396
7073,1.5071332119105123
7074,1.5044617779161598
7075,1.5017950791101302
7076,1.4991331070991756
7077,1.4964758535049247
7078,1.4938233099638578
7079,1.4911754681272793
7080,1.488532319661292
7081,1.485893856246771
7082,1.4832600695793368
7083,1.48063095136933
7084,1.478006493341785
7085,1.475386687236403
7086,1.4727715248075277
7087,1.4701609978241181
7088,1.467555098069723
7089,1.4649538173424548
7090,1.4623571474549641
7091,1.4597650802344142
7092,1.4571776075224543
7093,1.454594721175195
7094,1.452016413063182
7095,1.4494426750713707
7096,1.4468734990991006
7097,1.4443088770600698
7098,1.4417488008823096
7099,1.4391932625081592
7100,1.43664225389424
7101,1.434095767011431
7102,1.4315537938448422
7103,1.429016326393791
7104,1.4264833566717756
7105,1.4239548767064512
7106,1.4214308785396033
7107,1.4189113542271243
7108,1.4163962958389875
7109,1.4138856954592225
7110,1.4113795451858897
7111,1.4088778371310564
7112,1.4063805634207713
7113,1.4038877161950398
7114,1.4013992876077996
7115,1.3989152698268956
7116,1.3964356550340553
7117,1.3939604354248645
7118,1.3914896032087423
7119,1.3890231506089168
7120,1.3865610698624011
7121,1.384103353219968
7122,1.3816499929461261
7123,1.3792009813190953
7124,1.3767563106307827
7125,1.374315973186758
7126,1.3718799613062298
7127,1.3694482673220207
7128,1.367020883580544
7129,1.3645978024417789
7130,1.3621790162792469
7131,1.3597645174799875
7132,1.3573542984445344
7133,1.3549483515868916
7134,1.3525466693345096
7135,1.3501492441282612
7136,1.3477560684224181
7137,1.345367134684627
7138,1.342982435395886
7139,1.3406019630505204
7140,1.33822571015616
7141,1.335853669233715
7142,1.3334858328173524
7143,1.3311221934544724
7144,1.328762743705685
7145,1.3264074761447873
7146,1.324056383358739
7147,1.3217094579476403
7148,1.319366692524707
7149,1.3170280797162486
7150,1.3146936121616448
7151,1.3123632825133222
7152,1.3100370834367312
7153,1.3077150076103223
7154,1.3053970477255246
7155,1.3030831964867209
7156,1.3007734466112262
7157,1.2984677908292643
7158,1.2961662218839447
7159,1.29386873253124
7160,1.2915753155399627
7161,1.2892859636917435
7162,1.2870006697810072
7163,1.2847194266149509
7164,1.2824422270135212
7165,1.2801690638093914
7166,1.2778999298479392
7167,1.275634817987224
7168,1.2733737210979643
7169,1.2711166320635159
7170,1.2688635437798488
7171,1.266614449155525
7172,1.264369341111676
7173,1.2621282125819817
7174,1.2598910565126462
7175,1.2576578658623772
7176,1.255428633602363
7177,1.2532033527162512
7178,1.2509820162001255
7179,1.2487646170624844
7180,1.246551148324219
7181,1.2443416030185914
7182,1.242135974191212
7183,1.2399342549000179
7184,1.2377364382152518
7185,1.2355425172194392
7186,1.233352485007367
7187,1.2311663346860617
7188,1.2289840593747683
7189,1.2268056522049275
7190,1.2246311063201551
7191,1.2224604148762197
7192,1.2202935710410217
7193,1.2181305679945715
7194,1.2159713989289682
7195,1.213816057048378
7196,1.211664535569013
7197,1.2095168277191095
7198,1.2073729267389073
7199,1.2052328258806277
7200,1.2030965184084532
7201,1.200963997598505
7202,1.1988352567388227
7203,1.1967102891293435
7204,1.1945890880818801
7205,1.1924716469201004
7206,1.1903579589795066
7207,1.1882480176074133
7208,1.1861418161629276
7209,1.1840393480169276
7210,1.1819406065520417
7211,1.1798455851626277
7212,1.1777542772547522
7213,1.1756666762461698
7214,1.1735827755663022
7215,1.1715025686562175
7216,1.16942604896861
7217,1.1673532099677788
7218,1.1652840451296083
7219,1.1632185479415464
7220,1.1611567119025854
7221,1.1590985305232402
7222,1.1570439973255287
7223,1.1549931058429512
7224,1.1529458496204703
7225,1.1509022222144898
7226,1.1488622171928353
7227,1.1468258281347337
7228,1.1447930486307927
7229,1.1427638722829807
7230,1.140738292704607
7231,1.1387163035203016
7232,1.1366978983659946
7233,1.1346830708888969
7234,1.1326718147474797
7235,1.130664123611455
7236,1.128659991161755
7237,1.126659411090513
7238,1.124662377101043
7239,1.1226688829078202
7240,1.1206789222364606
7241,1.1186924888237024
7242,1.116709576417385
7243,1.1147301787764303
7244,1.1127542896708222
7245,1.1107819028815882
7246,1.1088130122007784
7247,1.1068476114314472
7248,1.1048856943876328
7249,1.1029272548943387
7250,1.1009722867875131
7251,1.0990207839140307
7252,1.0970727401316724
7253,1.0951281493091067
7254,1.0931870053258699
7255,1.0912493020723466
7256,1.0893150334497514
7257,1.0873841933701092
7258,1.0854567757562354
7259,1.083532774541718
7260,1.0816121836708974
7261,1.079694997098848
7262,1.0777812087913594
7263,1.0758708127249164
7264,1.0739638028866807
7265,1.0720601732744723
7266,1.07015991789675
7267,1.0682630307725929
7268,1.066369505931681
7269,1.0644793374142771
7270,1.0625925192712085
7271,1.0607090455638464
7272,1.0588289103640889
7273,1.056952107754342
7274,1.0550786318275007
7275,1.0532084766869303
7276,1.051341636446448
7277,1.049478105230305
7278,1.0476178771731668
7279,1.0457609464200954
7280,1.0439073071265312
7281,1.0420569534582742
7282,1.0402098795914652
7283,1.0383660797125684
7284,1.0365255480183526
7285,1.0346882787158729
7286,1.0328542660224522
7287,1.0310235041656641
7288,1.0291959873833134
7289,1.0273717099234188
7290,1.0255506660441944
7291,1.023732850014032
7292,1.0219182561114823
7293,1.020106878625238
7294,1.0182987118541151
7295,1.016493750107035
7296,1.0146919877030067
7297,1.012893418971109
7298,1.0110980382504724
7299,1.0093058398902615
7300,1.0075168182496572
7301,1.005730967697839
7302,1.003948282613967
7303,1.0021687573871645
7304,1.0003923864165
7305,0.9986191641109703
7306,0.9968490848894819
7307,0.9950821431808341
7308,0.9933183334237015
7309,0.991557650066616
7310,0.9898000875679498
7311,0.9880456403958978
7312,0.9862943030284601
7313,0.9845460699534246
7314,0.98280093566835
7315,0.981058894680548
7316,0.9793199415070662
7317,0.9775840706746712
7318,0.9758512767198309
7319,0.9741215541886971
7320,0.9723948976370892
7321,0.9706713016304763
7322,0.9689507607439605
7323,0.9672332695622594
7324,0.9655188226796897
7325,0.9638074147001495
7326,0.9620990402371019
7327,0.9603936939135576
7328,0.958691370362058
7329,0.9569920642246589
7330,0.9552957701529129
7331,0.953602482807853
7332,0.9519121968599755
7333,0.9502249069892236
7334,0.9485406078849702
7335,0.9468592942460016
7336,0.9451809607805006
7337,0.94350560220603
7338,0.9418332132495156
7339,0.9401637886472302
7340,0.9384973231447763
7341,0.9368338114970702
7342,0.9351732484683254
7343,0.9335156288320356
7344,0.931860947370959
7345,0.9302091988771012
7346,0.9285603781516992
7347,0.9269144800052052
7348,0.9252714992572695
7349,0.9236314307367252
7350,0.921994269281571
7351,0.9203600097389559
7352,0.9187286469651621
7353,0.9171001758255891
7354,0.915474591194738
7355,0.9138518879561945
7356,0.9122320610026138
7357,0.9106151052357035
7358,0.9090010155662086
7359,0.9073897869138945
7360,0.9057814142075316
7361,0.904175892384879
7362,0.9025732163926693
7363,0.9009733811865916
7364,0.8993763817312764
7365,0.8977822130002795
7366,0.8961908699760662
7367,0.8946023476499956
7368,0.8930166410223046
7369,0.8914337451020924
7370,0.8898536549073047
7371,0.8882763654647181
7372,0.8867018718099242
7373,0.8851301689873142
7374,0.8835612520500634
7375,0.8819951160601153
7376,0.8804317560881663
7377,0.8788711672136501
7378,0.8773133445247223
7379,0.8757582831182449
7380,0.8742059780997707
7381,0.8726564245835282
7382,0.8711096176924059
7383,0.8695655525579372
7384,0.868024224320285
7385,0.8664856281282264
7386,0.8649497591391373
7387,0.8634166125189775
7388,0.8618861834422751
7389,0.8603584670921114
7390,0.8588334586601061
7391,0.8573111533464016
7392,0.8557915463596484
7393,0.8542746329169896
7394,0.8527604082440461
7395,0.8512488675749017
7396,0.8497400061520877
7397,0.848233819226568
7398,0.8467303020577248
7399,0.8452294499133427
7400,0.8437312580695945
7401,0.842235721811026
7402,0.8407428364305415
7403,0.8392525972293884
7404,0.837764999517143
7405,0.8362800386116954
7406,0.834797709839235
7407,0.8333180085342354
7408,0.8318409300394404
7409,0.8303664697058484
7410,0.8288946228926987
7411,0.8274253849674561
7412,0.8259587513057971
7413,0.8244947172915946
7414,0.823033278316904
7415,0.8215744297819481
7416,0.820118167095103
7417,0.8186644856728837
7418,0.8172133809399297
7419,0.81576484832899
7420,0.8143188832809095
7421,0.8128754812446143
7422,0.8114346376770973
7423,0.8099963480434041
7424,0.8085606078166185
7425,0.8071274124778486
7426,0.805696757516212
7427,0.8042686384288222
7428,0.8028430507207743
7429,0.8014199899051306
7430,0.7999994515029066
7431,0.7985814310430569
7432,0.7971659240624611
7433,0.79575292610591
7434,0.7943424327260912
7435,0.7929344394835754
7436,0.7915289419468023
7437,0.7901259356920666
7438,0.7887254163035039
7439,0.7873273793730775
7440,0.7859318205005639
7441,0.7845387352935389
7442,0.7831481193673643
7443,0.7817599683451736
7444,0.7803742778578584
7445,0.7789910435440548
7446,0.7776102610501293
7447,0.7762319260301657
7448,0.7748560341459506
7449,0.7734825810669606
7450,0.772111562470348
7451,0.7707429740409276
7452,0.769376811471163
7453,0.768013070461153
7454,0.7666517467186179
7455,0.7652928359588864
7456,0.7639363339048819
7457,0.762582236287109
7458,0.76123053884364
7459,0.7598812373201016
7460,0.7585343274696617
7461,0.7571898050530154
7462,0.7558476658383725
7463,0.7545079056014437
7464,0.7531705201254271
7465,0.7518355052009954
7466,0.7505028566262825
7467,0.74917257020687
7468,0.7478446417557745
7469,0.7465190670934337
7470,0.7451958420476943
7471,0.7438749624537978
7472,0.742556424154368
7473,0.7412402229993976
7474,0.7399263548462356
7475,0.7386148155595738
7476,0.7373056010114337
7477,0.7359987070811542
7478,0.7346941296553781
7479,0.7333918646280387
7480,0.7320919079003483
7481,0.7307942553807836
7482,0.729498902985074
7483,0.7282058466361885
7484,0.7269150822643224
7485,0.7256266058068852
7486,0.7243404132084872
7487,0.7230565004209271
7488,0.7217748634031791
7489,0.7204954981213803
7490,0.7192184005488177
7491,0.7179435666659161
7492,0.7166709924602248
7493,0.7154006739264055
7494,0.7141326070662193
7495,0.7128667878885144
7496,0.7116032124092134
7497,0.7103418766513009
7498,0.7090827766448105
7499,0.707825908426813
7500,0.7065712680414036
7501,0.7053188515396892
7502,0.7040686549797764
7503,0.702820674426759
7504,0.7015749059527053
7505,0.7003313456366462
7506,0.6990899895645624
7507,0.6978508338293723
7508,0.69661387453092
7509,0.6953791077759626
7510,0.6941465296781577
7511,0.692916136358052
7512,0.6916879239430687
7513,0.6904618885674948
7514,0.6892380263724697
7515,0.6880163335059727
7516,0.6867968061228108
7517,0.6855794403846068
7518,0.6843642324597872
7519,0.6831511785235698
7520,0.6819402747579522
7521,0.6807315173516993
7522,0.6795249025003318
7523,0.6783204264061137
7524,0.6771180852780405
7525,0.6759178753318278
7526,0.6747197927898985
7527,0.6735238338813714
7528,0.6723299948420496
7529,0.671138271914408
7530,0.669948661347582
7531,0.6687611593973555
7532,0.667575762326149
7533,0.6663924664030082
7534,0.6652112679035918
7535,0.66403216311016
7536,0.6628551483115629
7537,0.6616802198032287
7538,0.6605073738871519
7539,0.659336606871882
7540,0.6581679150725116
7541,0.6570012948106649
7542,0.6558367424144863
7543,0.6546742542186283
7544,0.6535138265642407
7545,0.6523554557989585
7546,0.6511991382768906
7547,0.6500448703586084
7548,0.6488926484111343
7549,0.6477424688079302
7550,0.6465943279288863
7551,0.6454482221603092
7552,0.6443041478949112
7553,0.6431621015317985
7554,0.64202207947646
7555,0.6408840781407558
7556,0.6397480939429063
7557,0.6386141233074807
7558,0.6374821626653855
7559,0.6363522084538538
7560,0.6352242571164336
7561,0.6340983051029769
7562,0.6329743488696284
7563,0.6318523848788145
7564,0.6307324095992317
7565,0.6296144195058363
7566,0.6284984110798324
7567,0.6273843808086617
7568,0.6262723251859915
7569,0.6251622407117046
7570,0.6240541238918876
7571,0.6229479712388204
7572,0.6218437792709646
7573,0.6207415445129533
7574,0.6196412634955795
7575,0.6185429327557855
7576,0.6174465488366523
7577,0.616352108287388
7578,0.6152596076633173
7579,0.6141690435258711
7580,0.6130804124425748
7581,0.6119937109870383
7582,0.6109089357389444
7583,0.6098260832840391
7584,0.6087451502141198
7585,0.6076661331270252
7586,0.6065890286266244
7587,0.6055138333228064
7588,0.604440543831469
7589,0.6033691567745084
7590,0.6022996687798089
7591,0.6012320764812317
7592,0.6001663765186046
7593,0.5991025655377115
7594,0.5980406401902816
7595,0.5969805971339791
7596,0.5959224330323926
7597,0.5948661445550244
7598,0.5938117283772805
7599,0.5927591811804594
7600,0.5917084996517427
7601,0.5906596804841834
7602,0.5896127203766965
7603,0.5885676160340484
7604,0.5875243641668461
7605,0.5864829614915271
7606,0.5854434047303495
7607,0.5844056906113808
7608,0.5833698158684885
7609,0.5823357772413291
7610,0.5813035714753384
7611,0.5802731953217208
7612,0.5792446455374394
7613,0.5782179188852055
7614,0.5771930121334687
7615,0.5761699220564068
7616,0.5751486454339152
7617,0.5741291790515971
7618,0.5731115197007532
7619,0.5720956641783719
7620,0.5710816092871188
7621,0.5700693518353271
7622,0.5690588886369873
7623,0.5680502165117368
7624,0.5670433322848508
7625,0.5660382327872315
7626,0.5650349148553985
7627,0.5640333753314786
7628,0.5630336110631962
7629,0.562035618903863
7630,0.5610393957123686
7631,0.56004493835317
7632,0.5590522436962823
7633,0.5580613086172682
7634,0.557072129997229
7635,0.5560847047227939
7636,0.555099029686111
7637,0.5541151017848369
7638,0.5531329179221274
7639,0.5521524750066273
7640,0.5511737699524611
7641,0.5501967996792231
7642,0.5492215611119674
7643,0.5482480511811989
7644,0.5472762668228631
7645,0.5463062049783367
7646,0.5453378625944177
7647,0.5443712366233163
7648,0.5434063240226447
7649,0.5424431217554078
7650,0.5414816267899939
7651,0.5405218361001647
7652,0.5395637466650461
7653,0.5386073554691186
7654,0.5376526595022078
7655,0.5366996557594745
7656,0.5357483412414064
7657,0.5347987129538073
7658,0.5338507679077886
7659,0.5329045031197596
7660,0.5319599156114179
7661,0.5310170024097403
7662,0.5300757605469734
7663,0.5291361870606242
7664,0.5281982789934507
7665,0.5272620333934531
7666,0.5263274473138636
7667,0.5253945178131377
7668,0.5244632419549452
7669,0.5235336168081602
7670,0.5226056394468528
7671,0.5216793069502789
7672,0.5207546164028716
7673,0.5198315648942321
7674,0.5189101495191204
7675,0.5179903673774459
7676,0.5170722155742585
7677,0.5161556912197397
7678,0.515240791429193
7679,0.5143275133230353
7680,0.5134158540267876
7681,0.5125058106710659
7682,0.5115973803915724
7683,0.5106905603290862
7684,0.5097853476294546
7685,0.5088817394435838
7686,0.5079797329274303
7687,0.5070793252419914
7688,0.506180513553297
7689,0.5052832950324
7690,0.5043876668553678
7691,0.5034936262032734
7692,0.5026011702621863
7693,0.5017102962231638
7694,0.5008210012822419
7695,0.49993328264042725
7696,0.49904713750368723
7697,0.498162563082942
7698,0.49727955659405537
7699,0.4963981152578261
7700,0.49551823629997926
7701,0.4946399169511572
7702,0.4937631544469112
7703,0.49288794602769254
7704,0.49201428893884386
7705,0.4911421804305905
7706,0.49027161775803185
7707,0.4894025981811328
7708,0.4885351189647149
7709,0.487669177378448
7710,0.4868047706968414
7711,0.4859418961992355
7712,0.4850805511697931
7713,0.48422073289749085
7714,0.4833624386761109
7715,0.4825056658042321
7716,0.48165041158522176
7717,0.4807966733272269
7718,0.47994444834316613
7719,0.4790937339507208
7720,0.47824452747232676
7721,0.477396826235166
7722,0.4765506275711581
7723,0.47570592881695195
7724,0.47486272731391715
7725,0.47402102040813593
7726,0.4731808054503946
7727,0.4723420797961753
7728,0.4715048408056477
7729,0.47066908584366046
7730,0.46983481227973334
7731,0.46900201748804854
7732,0.4681706988474426
7733,0.4673408537413983
7734,0.46651247955803604
7735,0.46568557369010605
7736,0.46486013353497985
7737,0.4640361564946422
7738,0.463213639975683
7739,0.46239258138928896
7740,0.46157297815123555
7741,0.4607548276818788
7742,0.4599381274061473
7743,0.459122874753534
7744,0.4583090671580882
7745,0.4574967020584073
7746,0.45668577689762896
7747,0.4558762891234228
7748,0.4550682361879827
7749,0.45426161554801847
7750,0.45345642466474806
7751,0.45265266100388935
7752,0.4518503220356524
7753,0.4510494052347314
7754,0.4502499080802967
7755,0.4494518280559868
7756,0.4486551626499007
7757,0.4478599093545896
7758,0.4470660656670493
7759,0.4462736290887124
7760,0.44548259712543997
7761,0.4446929672875143
7762,0.4439047370896306
7763,0.44311790405088936
7764,0.4423324656947887
7765,0.44154841954921614
7766,0.4407657631464413
7767,0.4399844940231078
7768,0.4392046097202257
7769,0.4384261077831636
7770,0.43764898576164113
7771,0.436873241209721
7772,0.43609887168580136
7773,0.4353258747526083
7774,0.434554247977188
7775,0.4337839889308991
7776,0.43301509518940506
7777,0.43224756433266653
7778,0.43148139394493384
7779,0.43071658161473914
7780,0.42995312493488913
7781,0.42919102150245725
7782,0.42843026891877617
7783,0.4276708647894303
7784,0.42691280672424814
7785,0.426156092337295
7786,0.4254007192468652
7787,0.42464668507547465
7788,0.42389398744985357
7789,0.42314262400093877
7790,0.4223925923638662
7791,0.42164389017796383
7792,0.42089651508674375
7793,0.42015046473789514
7794,0.4194057367832766
7795,0.4186623288789089
7796,0.41792023868496775
7797,0.417179463865776
7798,0.41644000208979665
7799,0.4157018510296255
7800,0.41496500836198363
7801,0.41422947176771024
7802,0.4134952389317553
7803,0.4127623075431723
7804,0.41203067529511084
7805,0.4113003398848096
7806,0.4105712990135888
7807,0.40984355038684334
7808,0.40911709171403526
7809,0.40839192070868663
7810,0.40766803508837235
7811,0.40694543257471305
7812,0.4062241108933678
7813,0.40550406777402703
7814,0.4047853009504053
7815,0.4040678081602343
7816,0.40335158714525554
7817,0.4026366356512135
7818,0.40192295142784823
7819,0.40121053222888853
7820,0.40049937581204476
7821,0.3997894799390018
7822,0.399080842375412
7823,0.39837346089088815
7824,0.3976673332589964
7825,0.39696245725724943
7826,0.39625883066709927
7827,0.39555645127393035
7828,0.3948553168670526
7829,0.39415542523969455
7830,0.3934567741889961
7831,0.392759361516002
7832,0.3920631850256545
7833,0.3913682425267868
7834,0.3906745318321159
7835,0.3899820507582359
7836,0.38929079712561093
7837,0.3886007687585686
7838,0.3879119634852927
7839,0.38722437913781693
7840,0.38653801355201745
7841,0.3858528645676066
7842,0.38516893002812586
7843,0.384486207780939
7844,0.38380469567722547
7845,0.38312439157197353
7846,0.3824452933239736
7847,0.38176739879581134
7848,0.3810907058538611
7849,0.38041521236827913
7850,0.3797409162129969
7851,0.3790678152657143
7852,0.37839590740789325
7853,0.3777251905247507
7854,0.377055662505252
7855,0.37638732124210467
7856,0.3757201646317512
7857,0.3750541905743627
7858,0.37438939697383244
7859,0.37372578173776905
7860,0.37306334277748987
7861,0.3724020780080146
7862,0.3717419853480586
7863,0.3710830627200263
7864,0.37042530805000473
7865,0.3697687192677571
7866,0.36911329430671613
7867,0.3684590311039775
7868,0.36780592760029346
7869,0.3671539817400664
7870,0.3665031914713423
7871,0.3658535547458042
7872,0.365205069518766
7873,0.3645577337491657
7874,0.3639115453995592
7875,0.36326650243611386
7876,0.3626226028286019
7877,0.36197984455039445
7878,0.36133822557845463
7879,0.36069774389333165
7880,0.3600583974791541
7881,0.3594201843236238
7882,0.35878310241800954
7883,0.3581471497571404
7884,0.3575123243393999
7885,0.3568786241667194
7886,0.3562460472445718
7887,0.35561459158196557
7888,0.35498425519143806
7889,0.3543550360890495
7890,0.3537269322943768
7891,0.3530999418305071
7892,0.3524740627240317
7893,0.3518492930050399
7894,0.3512256307071127
7895,0.35060307386731654
7896,0.34998162052619725
7897,0.3493612687277739
7898,0.3487420165195325
7899,0.34812386195242007
7900,0.34750680308083826
7901,0.3468908379626374
7902,0.3462759646591103
7903,0.34566218123498627
7904,0.34504948575842476
7905,0.34443787630100964
7906,0.34382735093774286
7907,0.34321790774703853
7908,0.34260954481071676
7909,0.3420022602139977
7910,0.34139605204549556
7911,0.34079091839721243
7912,0.34018685736453247
7913,0.3395838670462158
7914,0.3389819455443925
7915,0.3383810909645567
7916,0.3377813014155607
7917,0.33718257500960863
7918,0.3365849098622511
7919,0.33598830409237873
7920,0.3353927558222166
7921,0.33479826317731815
7922,0.3342048242865593
7923,0.3336124372821326
7924,0.3330211002995413
7925,0.3324308114775936
7926,0.3318415689583968
7927,0.3312533708873511
7928,0.33066621541314417
7929,0.33008010068774524
7930,0.32949502486639914
7931,0.3289109861076206
7932,0.32832798257318846
7933,0.32774601242813983
7934,0.3271650738407643
7935,0.3265851649825983
7936,0.32600628402841925
7937,0.32542842915623976
7938,0.324851598547302
7939,0.3242757903860719
7940,0.32370100286023357
7941,0.32312723416068334
7942,0.3225544824815244
7943,0.3219827460200609
7944,0.32141202297679217
7945,0.3208423115554074
7946,0.3202736099627796
7947,0.3197059164089603
7948,0.31913922910717374
7949,0.3185735462738112
7950,0.31800886612842544
7951,0.31744518689372525
7952,0.31688250679556956
7953,0.31632082406296214
7954,0.3157601369280458
7955,0.31520044362609695
7956,0.31464174239552006
7957,0.31408403147784203
7958,0.3135273091177067
7959,0.31297157356286937
7960,0.31241682306419116
7961,0.3118630558756337
7962,0.3113102702542534
7963,0.31075846446019617
7964,0.3102076367566919
7965,0.3096577854100488
7966,0.3091089086896482
7967,0.3085610048679389
7968,0.30801407222043203
7969,0.3074681090256952
7970,0.3069231135653475
7971,0.30637908412405374
7972,0.30583601898951923
7973,0.3052939164524845
7974,0.30475277480671964
7975,0.3042125923490191
7976,0.30367336737919637
7977,0.30313509820007856
7978,0.302597783117501
7979,0.30206142044030204
7980,0.30152600848031763
7981,0.300991545552376
7982,0.3004580299742925
7983,0.29992546006686405
7984,0.2993938341538641
7985,0.2988631505620373
7986,0.2983334076210941
7987,0.2978046036637056
7988,0.29727673702549823
7989,0.2967498060450487
7990,0.2962238090638785
7991,0.295698744426449
7992,0.2951746104801558
7993,0.29465140557532404
7994,0.2941291280652028
7995,0.29360777630596013
7996,0.2930873486566778
7997,0.29256784347934606
7998,0.29204925913885876
7999,0.29153159400300793
8000,0.29101484644247866
8001,0.29049901483084417
8002,0.28998409754456045
8003,0.28947009296296133
8004,0.2889569994682534
8005,0.2884448154455106
8006,0.28793353928266957
8007,0.2874231693705243
8008,0.2869137041027212
8009,0.2864051418757539
8010,0.2858974810889583
8011,0.2853907201445076
8012,0.28488485744740716
8013,0.2843798914054894
8014,0.28387582042940906
8015,0.2833726429326379
8016,0.28287035733145993
8017,0.2823689620449663
8018,0.28186845549505046
8019,0.28136883610640295
8020,0.28087010230650666
8021,0.2803722525256318
8022,0.279875285196831
8023,0.2793791987559343
8024,0.2788839916415443
8025,0.2783896622950312
8026,0.27789620916052793
8027,0.2774036306849252
8028,0.2769119253178667
8029,0.27642109151174415
8030,0.2759311277216924
8031,0.27544203240558474
8032,0.2749538040240278
8033,0.27446644104035683
8034,0.2739799419206309
8035,0.2734943051336281
8036,0.2730095291508405
8037,0.27252561244646956
8038,0.2720425534974213
8039,0.27156035078330143
8040,0.27107900278641056
8041,0.27059850799173957
8042,0.2701188648869646
8043,0.2696400719624426
8044,0.2691621277112062
8045,0.26868503062895926
8046,0.2682087792140721
8047,0.2677333719675766
8048,0.26725880739316177
8049,0.2667850839971687
8050,0.26631220028858615
8051,0.26584015477904566
8052,0.26536894598281696
8053,0.2648985724168033
8054,0.26442903260053674
8055,0.26396032505617356
8056,0.26349244830848945
8057,0.2630254008848751
8058,0.2625591813153313
8059,0.2620937881324646
8060,0.26162921987148247
8061,0.2611654750701888
8062,0.26070255226897915
8063,0.2602404500108364
8064,0.25977916684132596
8065,0.2593187013085913
8066,0.25885905196334935
8067,0.25840021735888585
8068,0.257942196051051
8069,0.25748498659825475
8070,0.25702858756146224
8071,0.25657299750418944
8072,0.2561182149924984
8073,0.25566423859499304
8074,0.2552110668828143
8075,0.25475869842963594
8076,0.2543071318116598
8077,0.25385636560761154
8078,0.253406398398736
8079,0.2529572287687929
8080,0.25250885530405215
8081,0.25206127659328964
8082,0.2516144912277826
8083,0.2511684978013054
8084,0.2507232949101248
8085,0.25027888115299585
8086,0.2498352551311573
8087,0.24939241544832727
8088,0.24895036071069876
8089,0.24850908952693537
8090,0.2480686005081669
8091,0.24762889226798493
8092,0.2471899634224385
8093,0.2467518125900298
8094,0.2463144383917096
8095,0.24587783945087324
8096,0.24544201439335603
8097,0.24500696184742907
8098,0.24457268044379485
8099,0.244139168815583
8100,0.243706425598346
8101,0.24327444943005477
8102,0.24284323895109453
8103,0.2424127928042604
8104,0.24198310963475322
8105,0.24155418809017526
8106,0.24112602682052592
8107,0.2406986244781975
8108,0.240271979717971
8109,0.2398460911970119
8110,0.23942095757486576
8111,0.23899657751345424
8112,0.23857294967707077
8113,0.23815007273237632
8114,0.23772794534839525
8115,0.2373065661965111
8116,0.23688593395046248
8117,0.23646604728633874
8118,0.23604690488257596
8119,0.23562850541995273
8120,0.23521084758158595
8121,0.23479393005292676
8122,0.23437775152175638
8123,0.23396231067818196
8124,0.2335476062146325
8125,0.23313363682585464
8126,0.23272040120890866
8127,0.23230789806316435
8128,0.23189612609029686
8129,0.2314850839942827
8130,0.23107477048139557
8131,0.23066518426020238
8132,0.2302563240415591
8133,0.22984818853860678
8134,0.22944077646676742
8135,0.22903408654374
8136,0.2286281174894964
8137,0.22822286802627742
8138,0.22781833687858866
8139,0.2274145227731966
8140,0.22701142443912456
8141,0.22660904060764872
8142,0.22620737001229407
8143,0.22580641138883048
8144,0.2254061634752687
8145,0.2250066250118564
8146,0.22460779474107415
8147,0.22420967140763157
8148,0.22381225375846328
8149,0.223415540542725
8150,0.2230195305117896
8151,0.22262422241924318
8152,0.22222961502088112
8153,0.22183570707470424
8154,0.22144249734091478
8155,0.2210499845819126
8156,0.2206581675622912
8157,0.2202670450488339
8158,0.2198766158105099
8159,0.21948687861847047
8160,0.219097832246045
8161,0.21870947546873729
8162,0.21832180706422144
8163,0.21793482581233828
8164,0.21754853049509135
8165,0.21716291989664313
8166,0.2167779928033112
8167,0.21639374800356442
8168,0.21601018428801916
8169,0.2156273004494354
8170,0.21524509528271304
8171,0.214863567584888
8172,0.21448271615512854
8173,0.21410253979473134
8174,0.21372303730711792
8175,0.2133442074978307
8176,0.21296604917452933
8177,0.2125885611469869
8178,0.21221174222708625
8179,0.21183559122881612
8180,0.21146010696826756
8181,0.21108528826363007
8182,0.21071113393518798
8183,0.2103376428053167
8184,0.20996481369847897
8185,0.20959264544122122
8186,0.2092211368621699
8187,0.2088502867920277
8188,0.2084800940635699
8189,0.20811055751164081
8190,0.20774167597314994
8191,0.2073734482870684
8192,0.20700587329442532
8193,0.20663894983830405
8194,0.20627267676383867
8195,0.2059070529182103
8196,0.20554207715064338
8197,0.2051777483124022
8198,0.20481406525678722
8199,0.2044510268391314
8200,0.20408863191679674
8201,0.2037268793491705
8202,0.20336576799766176
8203,0.20300529672569778
8204,0.20264546439872042
8205,0.20228626988418255
8206,0.20192771205154456
8207,0.20156978977227072
8208,0.20121250191982568
8209,0.20085584736967085
8210,0.200499824999261
8211,0.20014443368804055
8212,0.19978967231744021
8213,0.19943553977087336
8214,0.19908203493373255
8215,0.198729156693386
8216,0.1983769039391741
8217,0.19802527556240593
8218,0.19767427045635574
8219,0.19732388751625948
8220,0.19697412563931133
8221,0.19662498372466022
8222,0.19627646067340637
8223,0.19592855538859785
8224,0.19558126677522705
8225,0.19523459374022736
8226,0.1948885351924696
8227,0.1945430900427587
8228,0.19419825720383013
8229,0.1938540355903467
8230,0.19351042411889488
8231,0.1931674217079816
8232,0.19282502727803072
8233,0.1924832397513797
8234,0.19214205805227622
8235,0.19180148110687467
8236,0.19146150784323296
8237,0.19112213719130897
8238,0.19078336808295726
8239,0.19044519945192578
8240,0.19010763023385238
8241,0.1897706593662615
8242,0.18943428578856092
8243,0.1890985084420383
8244,0.1887633262698579
8245,0.18842873821705725
8246,0.18809474323054381
8247,0.18776134025909175
8248,0.18742852825333847
8249,0.18709630616578146
8250,0.1867646729507749
8251,0.18643362756452642
8252,0.1861031689650938
8253,0.1857732961123817
8254,0.18544400796813834
8255,0.18511530349595234
8256,0.1847871816612493
8257,0.18445964143128868
8258,0.1841326817751605
8259,0.18380630166378212
8260,0.1834805000698949
8261,0.18315527596806108
8262,0.18283062833466054
8263,0.18250655614788755
8264,0.18218305838774754
8265,0.18186013403605392
8266,0.18153778207642485
8267,0.18121600149428005
8268,0.18089479127683764
8269,0.1805741504131109
8270,0.1802540778939051
8271,0.1799345727118144
8272,0.1796156338612185
8273,0.1792972603382797
8274,0.17897945114093955
8275,0.17866220526891582
8276,0.17834552172369933
8277,0.1780293995085507
8278,0.17771383762849738
8279,0.1773988350903304
8280,0.17708439090260122
8281,0.1767705040756188
8282,0.17645717362144628
8283,0.1761443985538979
8284,0.17583217788853606
8285,0.17552051064266797
8286,0.17520939583534278
8287,0.1748988324873484
8288,0.1745888196212083
8289,0.17427935626117877
8290,0.17397044143324542
8291,0.17366207416512044
8292,0.1733542534862394
8293,0.1730469784277582
8294,0.1727402480225501
8295,0.17243406130520259
8296,0.17212841731201434
8297,0.17182331508099224
8298,0.17151875365184835
8299,0.17121473206599683
8300,0.170911249366551
8301,0.17060830459832027
8302,0.17030589680780717
8303,0.17000402504320428
8304,0.1697026883543913
8305,0.1694018857929321
8306,0.1691016164120716
8307,0.16880187926673293
8308,0.16850267341351435
8309,0.16820399791068635
8310,0.16790585181818868
8311,0.16760823419762733
8312,0.1673111441122716
8313,0.16701458062705124
8314,0.16671854280855342
8315,0.16642302972501974
8316,0.16612804044634347
8317,0.16583357404406643
8318,0.16553962959137622
8319,0.1652462061631032
8320,0.16495330283571763
8321,0.16466091868732677
8322,0.16436905279767192
8323,0.1640777042481256
8324,0.1637868721216886
8325,0.16349655550298714
8326,0.16320675347826993
8327,0.16291746513540536
8328,0.16262868956387858
8329,0.16234042585478864
8330,0.1620526731008457
8331,0.16176543039636804
8332,0.1614786968372793
8333,0.1611924715211057
8334,0.160906753546973
8335,0.16062154201560389
8336,0.16033683602931495
8337,0.160052634692014
8338,0.1597689371091972
8339,0.15948574238794624
8340,0.1592030496369255
8341,0.1589208579663793
8342,0.15863916648812912
8343,0.15835797431557067
8344,0.15807728056367124
8345,0.15779708434896686
8346,0.1575173847895595
8347,0.1572381810051144
8348,0.15695947211685712
8349,0.15668125724757093
8350,0.15640353552159392
8351,0.1561263060648164
8352,0.15584956800467803
8353,0.1555733204701651
8354,0.15529756259180777
8355,0.15502229350167743
8356,0.15474751233338382
8357,0.15447321822207244
8358,0.15419941030442172
8359,0.15392608771864036
8360,0.15365324960446464
8361,0.15338089510315567
8362,0.15310902335749665
8363,0.1528376335117903
8364,0.15256672471185603
8365,0.15229629610502732
8366,0.152026346840149
8367,0.15175687606757465
8368,0.15148788293916385
8369,0.1512193666082795
8370,0.15095132622978522
8371,0.15068376096004263
8372,0.15041666995690878
8373,0.15015005237973336
8374,0.1498839073893562
8375,0.14961823414810452
8376,0.14935303181979037
8377,0.14908829956970795
8378,0.14882403656463103
8379,0.14856024197281023
8380,0.14829691496397052
8381,0.14803405470930853
8382,0.14777166038148998
8383,0.14750973115464705
8384,0.1472482662043758
8385,0.1469872647077336
8386,0.14672672584323643
8387,0.14646664879085644
8388,0.1462070327320193
8389,0.1459478768496016
8390,0.14568918032792827
8391,0.14543094235277013
8392,0.14517316211134115
8393,0.14491583879229608
8394,0.14465897158572774
8395,0.14440255968316454
8396,0.14414660227756793
8397,0.14389109856332985
8398,0.14363604773627023
8399,0.14338144899363442
8400,0.14312730153409065
8401,0.14287360455772755
8402,0.14262035726605163
8403,0.1423675588619847
8404,0.1421152085498615
8405,0.14186330553542703
8406,0.14161184902583412
8407,0.14136083822964102
8408,0.14111027235680879
8409,0.14086015061869883
8410,0.14061047222807044
8411,0.14036123639907835
8412,0.14011244234727022
8413,0.13986408928958413
8414,0.13961617644434618
8415,0.13936870303126803
8416,0.1391216682714444
8417,0.13887507138735064
8418,0.13862891160284027
8419,0.1383831881431426
8420,0.1381379002348602
8421,0.1378930471059665
8422,0.13764862798580343
8423,0.13740464210507886
8424,0.13716108869586427
8425,0.13691796699159234
8426,0.13667527622705447
8427,0.13643301563839846
8428,0.13619118446312603
8429,0.13594978194009044
8430,0.13570880730949414
8431,0.1354682598128863
8432,0.13522813869316047
8433,0.13498844319455225
8434,0.13474917256263677
8435,0.13451032604432644
8436,0.13427190288786853
8437,0.13403390234284282
8438,0.13379632366015923
8439,0.13355916609205545
8440,0.1333224288920946
8441,0.1330861113151629
8442,0.1328502126174673
8443,0.1326147320565331
8444,0.1323796688912017
8445,0.13214502238162823
8446,0.13191079178927917
8447,0.1316769763769301
8448,0.13144357540866336
8449,0.13121058814986572
8450,0.13097801386722605
8451,0.13074585182873302
8452,0.13051410130367289
8453,0.13028276156262703
8454,0.13005183187746977
8455,0.1298213115213661
8456,0.1295911997687693
8457,0.12936149589541868
8458,0.12913219917833735
8459,0.12890330889582993
8460,0.12867482432748026
8461,0.1284467447541491
8462,0.12821906945797196
8463,0.12799179772235672
8464,0.12776492883198148
8465,0.1275384620727923
8466,0.12731239673200082
8467,0.12708673209808222
8468,0.12686146746077281
8469,0.1266366021110679
8470,0.1264121353412195
8471,0.12618806644473415
8472,0.12596439471637064
8473,0.12574111945213784
8474,0.12551823994929245
8475,0.12529575550633684
8476,0.12507366542301673
8477,0.12485196900031913
8478,0.12463066554047002
8479,0.12440975434693223
8480,0.12418923472440323
8481,0.1239691059788129
8482,0.1237493674173214
8483,0.12353001834831696
8484,0.12331105808141371
8485,0.12309248592744951
8486,0.12287430119848378
8487,0.12265650320779534
8488,0.12243909126988022
8489,0.12222206470044954
8490,0.12200542281642733
8491,0.12178916493594842
8492,0.12157329037835622
8493,0.12135779846420065
8494,0.12114268851523598
8495,0.12092795985441866
8496,0.12071361180590524
8497,0.12049964369505022
8498,0.1202860548484039
8499,0.12007284459371034
8500,0.11986001225990514
8501,0.11964755717711341
8502,0.11943547867664762
8503,0.11922377609100551
8504,0.11901244875386799
8505,0.11880149600009701
8506,0.11859091716573354
8507,0.11838071158799542
8508,0.11817087860527525
8509,0.1179614175571384
8510,0.11775232778432086
8511,0.11754360862872718
8512,0.11733525943342839
8513,0.11712727954265996
8514,0.11691966830181971
8515,0.11671242505746578
8516,0.11650554915731454
8517,0.11629903995023853
8518,0.11609289678626447
8519,0.11588711901657114
8520,0.11568170599348741
8521,0.11547665707049012
8522,0.11527197160220214
8523,0.11506764894439023
8524,0.11486368845396311
8525,0.1146600894889694
8526,0.11445685140859557
8527,0.11425397357316398
8528,0.1140514553441308
8529,0.11384929608408408
8530,0.11364749515674165
8531,0.11344605192694919
8532,0.11324496576067823
8533,0.1130442360250241
8534,0.11284386208820399
8535,0.11264384331955493
8536,0.11244417908953182
8537,0.11224486876970545
8538,0.11204591173276052
8539,0.11184730735249364
8540,0.11164905500381142
8541,0.11145115406272844
8542,0.11125360390636532
8543,0.11105640391294673
8544,0.11085955346179949
8545,0.11066305193335055
8546,0.11046689870912507
8547,0.1102710931717445
8548,0.11007563470492458
8549,0.10988052269347345
8550,0.1096857565232897
8551,0.1094913355813604
8552,0.10929725925575921
8553,0.10910352693564448
8554,0.10891013801125726
8555,0.10871709187391942
8556,0.10852438791603175
8557,0.10833202553107199
8558,0.10814000411359297
8559,0.1079483230592207
8560,0.10775698176465245
8561,0.10756597962765489
8562,0.10737531604706212
8563,0.10718499042277384
8564,0.10699500215575346
8565,0.10680535064802617
8566,0.10661603530267712
8567,0.10642705552384947
8568,0.10623841071674257
8569,0.1060501002876101
8570,0.1058621236437581
8571,0.10567448019354325
8572,0.1054871693463709
8573,0.10530019051269322
8574,0.10511354310400743
8575,0.10492722653285383
8576,0.10474124021281404
8577,0.10455558355850912
8578,0.10437025598559771
8579,0.10418525691077422
8580,0.104000585751767
8581,0.10381624192733649
8582,0.10363222485727336
8583,0.10344853396239675
8584,0.10326516866455242
8585,0.10308212838661088
8586,0.10289941255246565
8587,0.10271702058703143
8588,0.10253495191624223
8589,0.10235320596704965
8590,0.102171782167421
8591,0.10199067994633755
8592,0.10180989873379272
8593,0.10162943796079027
8594,0.10144929705934252
8595,0.10126947546246859
8596,0.10108997260419256
8597,0.10091078791954171
8598,0.10073192084454478
8599,0.10055337081623016
8600,0.1003751372726241
8601,0.10019721965274896
8602,0.10001961739662148
8603,0.09984232994525097
8604,0.09966535674063756
8605,0.09948869722577046
8606,0.09931235084462618
8607,0.09913631704216683
8608,0.09896059526433829
8609,0.09878518495806855
8610,0.09861008557126594
8611,0.09843529655281737
8612,0.09826081735258661
8613,0.09808664742141258
8614,0.09791278621110758
8615,0.0977392331744556
8616,0.09756598776521058
8617,0.09739304943809472
8618,0.09722041764879671
8619,0.09704809185397005
8620,0.09687607151123134
8621,0.09670435607915859
8622,0.09653294501728944
8623,0.09636183778611958
8624,0.09619103384710095
8625,0.09602053266264009
8626,0.09585033369609643
8627,0.0956804364117806
8628,0.0955108402749528
8629,0.09534154475182101
8630,0.09517254930953942
8631,0.09500385341620668
8632,0.09483545654086425
8633,0.09466735815349474
8634,0.09449955772502021
8635,0.09433205472730054
8636,0.09416484863313174
8637,0.09399793891624432
8638,0.09383132505130162
8639,0.09366500651389813
8640,0.09349898278055788
8641,0.09333325332873275
8642,0.0931678176368009
8643,0.09300267518406505
8644,0.09283782545075084
8645,0.09267326791800527
8646,0.09250900206789502
8647,0.09234502738340478
8648,0.09218134334843568
8649,0.09201794944780368
8650,0.0918548451672379
8651,0.09169202999337898
8652,0.09152950341377758
8653,0.09136726491689262
8654,0.09120531399208977
8655,0.09104365012963982
8656,0.09088227282071705
8657,0.09072118155739765
8658,0.09056037583265815
8659,0.09039985514037374
8660,0.09023961897531678
8661,0.09007966683315512
8662,0.08991999821045057
8663,0.08976061260465731
8664,0.08960150951412027
8665,0.0894426884380736
8666,0.08928414887663905
8667,0.08912589033082442
8668,0.08896791230252202
8669,0.08881021429450703
8670,0.08865279581043599
8671,0.08849565635484521
8672,0.08833879543314926
8673,0.08818221255163934
8674,0.08802590721748176
8675,0.08786987893871641
8676,0.08771412722425517
8677,0.08755865158388043
8678,0.08740345152824346
8679,0.08724852656886292
8680,0.08709387621812335
8681,0.08693949998927356
8682,0.08678539739642516
8683,0.086631567954551
8684,0.08647801117948367
8685,0.08632472658791394
8686,0.0861717136973893
8687,0.08601897202631233
8688,0.0858665010939393
8689,0.08571430042037861
8690,0.08556236952658929
8691,0.08541070793437945
8692,0.08525931516640484
8693,0.08510819074616728
8694,0.08495733419801323
8695,0.08480674504713225
8696,0.0846564228195555
8697,0.08450636704215428
8698,0.08435657724263851
8699,0.08420705294955526
8700,0.08405779369228727
8701,0.08390879900105147
8702,0.08376006840689745
8703,0.08361160144170608
8704,0.08346339763818796
8705,0.08331545652988197
8706,0.08316777765115381
8707,0.08302036053719453
8708,0.08287320472401905
8709,0.08272630974846475
8710,0.08257967514818994
8711,0.08243330046167248
8712,0.08228718522820826
8713,0.0821413289879098
8714,0.08199573128170476
8715,0.08185039165133455
8716,0.08170530963935284
8717,0.08156048478912413
8718,0.08141591664482231
8719,0.08127160475142926
8720,0.08112754865473339
8721,0.08098374790132819
8722,0.08084020203861082
8723,0.08069691061478074
8724,0.08055387317883818
8725,0.08041108928058281
8726,0.0802685584706123
8727,0.08012628030032089
8728,0.07998425432189796
8729,0.07984248008832667
8730,0.07970095715338253
8731,0.079559685071632
8732,0.07941866339843105
8733,0.07927789168992384
8734,0.07913736950304125
8735,0.07899709639549951
8736,0.07885707192579881
8737,0.07871729565322193
8738,0.07857776713783281
8739,0.0784384859404752
8740,0.07829945162277126
8741,0.07816066374712019
8742,0.07802212187669685
8743,0.0778838255754504
8744,0.07774577440810287
8745,0.07760796794014788
8746,0.07747040573784918
8747,0.07733308736823935
8748,0.07719601239911843
8749,0.07705918039905253
8750,0.0769225909373725
8751,0.07678624358417253
8752,0.07665013791030888
8753,0.07651427348739842
8754,0.0763786498878174
8755,0.0762432666847
8756,0.07610812345193706
8757,0.07597321976417469
8758,0.07583855519681296
8759,0.07570412932600455
8760,0.07556994172865343
8761,0.07543599198241352
8762,0.07530227966568734
8763,0.07516880435762473
8764,0.07503556563812147
8765,0.07490256308781801
8766,0.07476979628809811
8767,0.07463726482108755
8768,0.0745049682696528
8769,0.07437290621739971
8770,0.0742410782486722
8771,0.07410948394855092
8772,0.07397812290285204
8773,0.07384699469812583
8774,0.07371609892165544
8775,0.07358543516145555
8776,0.07345500300627111
8777,0.07332480204557604
8778,0.07319483186957189
8779,0.07306509206918661
8780,0.07293558223607326
8781,0.07280630196260868
8782,0.07267725084189225
8783,0.07254842846774458
8784,0.07241983443470625
8785,0.07229146833803653
8786,0.07216332977371209
8787,0.07203541833842576
8788,0.07190773362958525
8789,0.07178027524531183
8790,0.07165304278443917
8791,0.07152603584651196
8792,0.07139925403178476
8793,0.07127269694122067
8794,0.07114636417649008
8795,0.07102025533996943
8796,0.07089437003473999
8797,0.07076870786458654
8798,0.0706432684339962
8799,0.0705180513481571
8800,0.07039305621295723
8801,0.07026828263498314
8802,0.07014373022151871
8803,0.07001939858054392
8804,0.0698952873207336
8805,0.06977139605145626
8806,0.06964772438277277
8807,0.06952427192543519
8808,0.06940103829088554
8809,0.06927802309125457
8810,0.06915522593936053
8811,0.06903264644870799
8812,0.06891028423348654
8813,0.06878813890856966
8814,0.06866621008951349
8815,0.06854449739255557
8816,0.0684230004346137
8817,0.0683017188332847
8818,0.0681806522068432
8819,0.06805980017424046
8820,0.06793916235510314
8821,0.06781873836973214
8822,0.06769852783910138
8823,0.06757853038485662
8824,0.06745874562931425
8825,0.06733917319546012
8826,0.06721981270694836
8827,0.06710066378810017
8828,0.06698172606390265
8829,0.06686299916000762
8830,0.06674448270273045
8831,0.06662617631904887
8832,0.0665080796366018
8833,0.06639019228368818
8834,0.06627251388926583
8835,0.0661550440829502
8836,0.0660377824950133
8837,0.06592072875638245
8838,0.06580388249863922
8839,0.06568724335401815
8840,0.0655708109554057
8841,0.06545458493633903
8842,0.06533856493100486
8843,0.06522275057423833
8844,0.06510714150152185
8845,0.06499173734898393
8846,0.06487653775339808
8847,0.06476154235218161
8848,0.06464675078339453
8849,0.06453216268573841
8850,0.06441777769855521
8851,0.06430359546182617
8852,0.06418961561617069
8853,0.06407583780284516
8854,0.06396226166374187
8855,0.06384888684138786
8856,0.06373571297894379
8857,0.06362273972020284
8858,0.06350996670958957
8859,0.06339739359215882
8860,0.06328502001359455
8861,0.06317284562020879
8862,0.06306087005894047
8863,0.06294909297735433
8864,0.06283751402363982
8865,0.06272613284660998
8866,0.06261494909570034
8867,0.06250396242096781
8868,0.06239317247308959
8869,0.06228257890336206
8870,0.062172181363699675
8871,0.062061979506633905
8872,0.061951972985312104
8873,0.061842161453496435
8874,0.061732544565562764
8875,0.061623121976499606
8876,0.061513893341907
8877,0.06140485831799546
8878,0.061296016561584864
8879,0.06118736773010338
8880,0.06107891148158641
8881,0.06097064747467549
8882,0.06086257536861722
8883,0.060754694823262206
8884,0.06064700549906396
8885,0.06053950705707786
8886,0.06043219915896008
8887,0.0603250814669665
8888,0.06021815364395167
8889,0.060111415353367746
8890,0.060004866259263406
8891,0.05989850602628283
8892,0.05979233431966461
8893,0.05968635080524072
8894,0.05958055514943546
8895,0.05947494701926438
8896,0.05936952608233329
8897,0.059264292006837145
8898,0.05915924446155905
8899,0.05905438311586919
8900,0.05894970763972381
8901,0.05884521770366417
8902,0.058740912978815486
8903,0.05863679313688593
8904,0.05853285785016558
8905,0.05842910679152537
8906,0.0583255396344161
8907,0.05822215605286738
8908,0.05811895572148661
8909,0.05801593831545797
8910,0.05791310351054135
8911,0.05781045098307141
8912,0.05770798040995647
8913,0.057605691468677576
8914,0.05750358383728743
8915,0.0574016571944094
8916,0.05729991121923649
8917,0.057198345591530364
8918,0.057096959991620296
8919,0.056995754100402196
8920,0.0568947275993376
8921,0.05679388017045265
8922,0.05669321149633711
8923,0.056592721260143364
8924,0.05649240914558541
8925,0.056392274836937886
8926,0.056292318019035045
8927,0.05619253837726979
8928,0.05609293559759267
8929,0.0559935093665109
8930,0.05589425937108736
8931,0.05579518529893962
8932,0.05569628683823897
8933,0.055597563677709405
8934,0.055499015506626684
8935,0.05540064201481732
8936,0.05530244289265763
8937,0.05520441783107272
8938,0.05510656652153558
8939,0.05500888865606604
8940,0.05491138392722984
8941,0.05481405202813767
8942,0.054716892652444164
8943,0.05461990549434698
8944,0.05452309024858583
8945,0.05442644661044147
8946,0.05432997427573482
8947,0.05423367294082594
8948,0.054137542302613105
8949,0.05404158205853185
8950,0.05394579190655402
8951,0.053850171545186794
8952,0.05375472067347177
8953,0.053659438990984
8954,0.053564326197831046
8955,0.05346938199465203
8956,0.05337460608261672
8957,0.05327999816342454
8958,0.053185557939303685
8959,0.05309128511301015
8960,0.0529971793878268
8961,0.05290324046756243
8962,0.052809468056550866
8963,0.05271586185964999
8964,0.05262242158224085
8965,0.052529146930226686
8966,0.05243603761003205
8967,0.05234309332860187
8968,0.05225031379340051
8969,0.05215769871241087
8970,0.05206524779413345
8971,0.051972960747585444
8972,0.05188083728229982
8973,0.051788877108324416
8974,0.051697079936221
8975,0.0516054454770644
8976,0.051513973442441546
8977,0.0514226635444506
8978,0.05133151549570005
8979,0.05124052900930778
8980,0.051149703798900166
8981,0.05105903957861122
8982,0.05096853606308164
8983,0.050878192967457936
8984,0.05078801000739152
8985,0.05069798689903783
8986,0.05060812335905543
8987,0.0505184191046051
8988,0.05042887385334897
8989,0.050339487323449617
8990,0.05025025923356918
8991,0.05016118930286849
8992,0.05007227725100616
8993,0.04998352279813771
8994,0.04989492566491471
8995,0.049806485572483884
8996,0.04971820224248621
8997,0.04963007539705607
8998,0.049542104758820385
8999,0.04945429005089771
9000,0.04936663099689739
9001,0.049279127320918686
9002,0.04919177874754988
9003,0.04910458500186745
9004,0.04901754580943517
9005,0.04893066089630326
9006,0.04884392998900754
9007,0.04875735281456853
9008,0.04867092910049062
9009,0.048584658574761214
9010,0.04849854096584986
9011,0.048412576002707396
9012,0.04832676341476511
9013,0.048241102931933885
9014,0.04815559428460333
9015,0.04807023720364095
9016,0.0479850314203913
9017,0.047899976666675136
9018,0.04781507267478856
9019,0.04773031917750219
9020,0.047645715908060306
9021,0.04756126260018004
9022,0.0474769589880505
9023,0.04739280480633197
9024,0.04730879979015503
9025,0.047224943675119764
9026,0.04714123619729491
9027,0.04705767709321704
9028,0.046974266099889694
9029,0.046891002954782615
9030,0.04680788739583087
9031,0.046724919161434036
9032,0.0466420979904554
9033,0.046559423622221104
9034,0.04647689579651936
9035,0.046394514253599604
9036,0.04631227873417168
9037,0.04623018897940504
9038,0.04614824473092792
9039,0.046066445730826515
9040,0.04598479172164419
9041,0.045903282446380665
9042,0.04582191764849118
9043,0.04574069707188573
9044,0.04565962046092822
9045,0.04557868756043568
9046,0.04549789811567746
9047,0.045417251872374435
9048,0.045336748576698185
9049,0.045256387975270214
9050,0.04517616981516114
9051,0.04509609384388991
9052,0.04501615980942301
9053,0.04493636746017363
9054,0.044856716545000945
9055,0.04477720681320926
9056,0.04469783801454724
9057,0.04461860989920716
9058,0.04453952221782404
9059,0.044460574721474945
9060,0.04438176716167814
9061,0.044303099290392334
9062,0.0442245708600159
9063,0.044146181623386085
9064,0.04406793133377826
9065,0.043989819744905095
9066,0.04391184661091583
9067,0.04383401168639546
9068,0.043756314726364015
9069,0.043678755486275735
9070,0.043601333722018326
9071,0.0435240491899122
9072,0.04344690164670969
9073,0.0433698908495943
9074,0.04329301655617992
9075,0.043216278524510085
9076,0.04313967651305721
9077,0.04306321028072181
9078,0.04298687958683176
9079,0.04291068419114154
9080,0.04283462385383146
9081,0.042758698335506926
9082,0.04268290739719768
9083,0.04260725080035702
9084,0.04253172830686112
9085,0.042456339679008186
9086,0.042381084679517796
9087,0.04230596307153009
9088,0.042230974618605054
9089,0.04215611908472178
9090,0.042081396234277695
9091,0.04200680583208786
9092,0.04193234764338419
9093,0.041858021433814736
9094,0.04178382696944295
9095,0.04170976401674695
9096,0.041635832342618743
9097,0.041562031714363575
9098,0.04148836189969911
9099,0.04141482266675476
9100,0.04134141378407093
9101,0.041268135020598284
9102,0.04119498614569704
9103,0.04112196692913622
9104,0.04104907714109295
9105,0.04097631655215171
9106,0.04090368493330363
9107,0.04083118205594577
9108,0.04075880769188038
9109,0.040686561613314215
9110,0.04061444359285779
9111,0.04054245340352467
9112,0.04047059081873077
9113,0.04039885561229362
9114,0.04032724755843167
9115,0.04025576643176358
9116,0.0401844120073075
9117,0.04011318406048035
9118,0.040042082367097165
9119,0.03997110670337032
9120,0.03990025684590887
9121,0.03982953257171785
9122,0.03975893365819754
9123,0.0396884598831428
9124,0.03961811102474234
9125,0.03954788686157805
9126,0.039477787172624276
9127,0.03940781173724715
9128,0.039337960335203884
9129,0.03926823274664206
9130,0.03919862875209897
9131,0.03912914813250091
9132,0.03905979066916248
9133,0.03899055614378591
9134,0.03892144433846037
9135,0.03885245503566128
9136,0.03878358801824963
9137,0.038714843069471296
9138,0.03864621997295636
9139,0.038577718512718406
9140,0.03850933847315389
9141,0.038441079639041406
9142,0.03837294179554105
9143,0.03830492472819372
9144,0.038237028222920445
9145,0.038169252066021724
9146,0.03810159604417683
9147,0.03803405994444317
9148,0.03796664355425559
9149,0.037899346661425706
9150,0.03783216905414125
9151,0.03776511052096541
9152,0.03769817085083612
9153,0.03763134983306546
9154,0.037564647257338935
9155,0.03749806291371485
9156,0.03743159659262365
9157,0.037365248084867214
9158,0.037299017181618266
9159,0.03723290367441966
9160,0.03716690735518374
9161,0.03710102801619172
9162,0.03703526545009298
9163,0.036969619449904435
9164,0.03690408980900988
9165,0.03683867632115936
9166,0.036773378780468484
9167,0.036708196981417814
9168,0.03664313071885219
9169,0.03657817978798009
9170,0.03651334398437301
9171,0.036448623103964774
9172,0.03638401694305094
9173,0.036319525298288136
9174,0.03625514796669341
9175,0.03619088474564361
9176,0.036126735432874736
9177,0.03606269982648131
9178,0.03599877772491574
9179,0.03593496892698767
9180,0.03587127323186338
9181,0.0358076904390651
9182,0.03574422034847045
9183,0.035680862760311745
9184,0.03561761747517541
9185,0.03555448429400133
9186,0.03549146301808222
9187,0.03542855344906302
9188,0.03536575538894026
9189,0.035303068640061434
9190,0.035240493005124385
9191,0.035178028287176664
9192,0.03511567428961494
9193,0.03505343081618437
9194,0.03499129767097796
9195,0.03492927465843598
9196,0.03486736158334534
9197,0.03480555825083895
9198,0.034743864466395144
9199,0.03468228003583705
9200,0.034620804765331976
9201,0.0345594384613908
9202,0.034498180930867366
9203,0.03443703198095788
9204,0.034375991419200294
9205,0.03431505905347371
9206,0.03425423469199775
9207,0.034193518143332005
9208,0.03413290921637537
9209,0.03407240772036549
9210,0.03401201346487812
9211,0.03395172625982657
9212,0.03389154591546108
9213,0.03383147224236821
9214,0.03377150505147028
9215,0.033711644154024736
9216,0.033651889361623596
9217,0.033592240486192824
9218,0.03353269733999175
9219,0.033473259735612486
9220,0.03341392748597932
9221,0.03335470040434815
9222,0.03329557830430587
9223,0.0332365609997698
9224,0.0331776483049871
9225,0.033118840034534185
9226,0.03306013600331612
9227,0.03300153602656608
9228,0.03294303991984473
9229,0.03288464749903965
9230,0.03282635858036479
9231,0.03276817298035985
9232,0.03271009051588971
9233,0.032652111004143884
9234,0.0325942342626359
9235,0.03253646010920276
9236,0.03247878836200436
9237,0.0324212188395229
9238,0.032363751360562326
9239,0.032306385744247774
9240,0.03224912181002497
9241,0.03219195937765968
9242,0.032134898267237144
9243,0.03207793829916151
9244,0.03202107929415525
9245,0.03196432107325862
9246,0.03190766345782909
9247,0.03185110626954077
9248,0.03179464933038386
9249,0.031738292462664096
9250,0.03168203548900217
9251,0.03162587823233319
9252,0.031569820515906115
9253,0.031513862163283196
9254,0.03145800299833943
9255,0.031402242845262
9256,0.03134658152854972
9257,0.03129101887301249
9258,0.031235554703770728
9259,0.031180188846254835
9260,0.031124921126204644
9261,0.03106975136966887
9262,0.03101467940300456
9263,0.030959705052876544
9264,0.030904828146256898
9265,0.03085004851042439
9266,0.03079536597296395
9267,0.03074078036176611
9268,0.03068629150502647
9269,0.030631899231245163
9270,0.030577603369226308
9271,0.030523403748077473
9272,0.030469300197209136
9273,0.03041529254633415
9274,0.030361380625467217
9275,0.03030756426492432
9276,0.030253843295322234
9277,0.030200217547577957
9278,0.030146686852908194
9279,0.03009325104282883
9280,0.030039909949154377
9281,0.029986663403997478
9282,0.029933511239768347
9283,0.029880453289174266
9284,0.02982748938521904
9285,0.02977461936120248
9286,0.029721843050719884
9287,0.029669160287661502
9288,0.029616570906212017
9289,0.029564074740850026
9290,0.029511671626347515
9291,0.029459361397769345
9292,0.029407143890472724
9293,0.029355018940106697
9294,0.02930298638261163
9295,0.029251046054218677
9296,0.029199197791449288
9297,0.02914744143111468
9298,0.02909577681031532
9299,0.029044203766440426
9300,0.02899272213716745
9301,0.028941331760461556
9302,0.028890032474575125
9303,0.02883882411804724
9304,0.02878770652970318
9305,0.028736679548653905
9306,0.028685743014295557
9307,0.028634896766308954
9308,0.028584140644659084
9309,0.028533474489594597
9310,0.028482898141647315
9311,0.028432411441631715
9312,0.028382014230644435
9313,0.028331706350063775
9314,0.028281487641549197
9315,0.028231357947040826
9316,0.02818131710875895
9317,0.02813136496920353
9318,0.028081501371153693
9319,0.02803172615766725
9320,0.027982039172080194
9321,0.02793244025800621
9322,0.027882929259336182
9323,0.0278335060202377
9324,0.027784170385154575
9325,0.02773492219880634
9326,0.027685761306187773
9327,0.027636687552568394
9328,0.027587700783491997
9329,0.027538800844776147
9330,0.027489987582511706
9331,0.02744126084306234
9332,0.027392620473064042
9333,0.027344066319424647
9334,0.02729559822932335
9335,0.02724721605021022
9336,0.02719891962980573
9337,0.027150708816100273
9338,0.027102583457353682
9339,0.027054543402094754
9340,0.027006588499120767
9341,0.02695871859749702
9342,0.02691093354655634
9343,0.026863233195898617
9344,0.02681561739539033
9345,0.02676808599516408
9346,0.0267206388456181
9347,0.026673275797415807
9348,0.02662599670148531
9349,0.02657880140901896
9350,0.026531689771472876
9351,0.026484661640566464
9352,0.026437716868281974
9353,0.02639085530686401
9354,0.02634407680881909
9355,0.02629738122691515
9356,0.026250768414181117
9357,0.026204238223906415
9358,0.026157790509640524
9359,0.02611142512519251
9360,0.02606514192463056
9361,0.026018940762281537
9362,0.025972821492730513
9363,0.025926783970820308
9364,0.02588082805165104
9365,0.02583495359057966
9366,0.02578916044321951
9367,0.025743448465439862
9368,0.025697817513365456
9369,0.025652267443376058
9370,0.025606798112106005
9371,0.02556140937644376
9372,0.025516101093531442
9373,0.0254708731207644
9374,0.025425725315790747
9375,0.025380657536510927
9376,0.02533566964107725
9377,0.025290761487893457
9378,0.025245932935614276
9379,0.025201183843144973
9380,0.025156514069640902
9381,0.025111923474507077
9382,0.02506741191739771
9383,0.02502297925821579
9384,0.024978625357112625
9385,0.02493435007448741
9386,0.024890153270986787
9387,0.024846034807504407
9388,0.024801994545180485
9389,0.024758032345401377
9390,0.02471414806979913
9391,0.02467034158025105
9392,0.024626612738879276
9393,0.024582961408050334
9394,0.024539387450374706
9395,0.02449589072870641
9396,0.024452471106142553
9397,0.024409128446022905
9398,0.024365862611929474
9399,0.02432267346768607
9400,0.024279560877357876
9401,0.02423652470525103
9402,0.024193564815912186
9403,0.024150681074128096
9404,0.024107873344925177
9405,0.024065141493569094
9406,0.02402248538556433
9407,0.023979904886653764
9408,0.023937399862818252
9409,0.023894970180276205
9410,0.02385261570548316
9411,0.023810336305131363
9412,0.02376813184614936
9413,0.023726002195701566
9414,0.023683947221187846
9415,0.023641966790243107
9416,0.02360006077073688
9417,0.02355822903077289
9418,0.023516471438688666
9419,0.0234747878630551
9420,0.023433178172676053
9421,0.023391642236587927
9422,0.023350179924059272
9423,0.023308791104590353
9424,0.02326747564791275
9425,0.023226233423988954
9426,0.023185064303011947
9427,0.023143968155404798
9428,0.02310294485182025
9429,0.023061994263140324
9430,0.023021116260475902
9431,0.02298031071516633
9432,0.022939577498779003
9433,0.02289891648310897
9434,0.022858327540178525
9435,0.022817810542236805
9436,0.02277736536175939
9437,0.0227369918714479
9438,0.0226966899442296
9439,0.022656459453256984
9440,0.0226163002719074
9441,0.022576212273782623
9442,0.022536195332708484
9443,0.022496249322734457
9444,0.022456374118133265
9445,0.02241656959340049
9446,0.02237683562325417
9447,0.022337172082634416
9448,0.022297578846702998
9449,0.022258055790842973
9450,0.02221860279065829
9451,0.02217921972197338
9452,0.022139906460832793
9453,0.022100662883500783
9454,0.02206148886646093
9455,0.022022384286415758
9456,0.02198334902028633
9457,0.021944382945211876
9458,0.021905485938549397
9459,0.021866657877873282
9460,0.02182789864097492
9461,0.021789208105862327
9462,0.021750586150759744
9463,0.021712032654107264
9464,0.021673547494560453
9465,0.02163513055098996
9466,0.02159678170248114
9467,0.021558500828333674
9468,0.02152028780806118
9469,0.02148214252139085
9470,0.02144406484826306
9471,0.02140605466883099
9472,0.021368111863460264
9473,0.021330236312728547
9474,0.02129242789742519
9475,0.021254686498550848
9476,0.02121701199731711
9477,0.02117940427514611
9478,0.021141863213670172
9479,0.02110438869473143
9480,0.021066980600381452
9481,0.021029638812880877
9482,0.020992363214699036
9483,0.02095515368851359
9484,0.020918010117210156
9485,0.020880932383881935
9486,0.020843920371829354
9487,0.020806973964559692
9488,0.02077009304578671
9489,0.0207332774994303
9490,0.020696527209616098
9491,0.020659842060675136
9492,0.02062322193714347
9493,0.02058666672376182
9494,0.020550176305475207
9495,0.020513750567432588
9496,0.020477389394986497
9497,0.02044109267369269
9498,0.020404860289309767
9499,0.02036869212779883
9500,0.02033258807532312
9501,0.020296548018247658
9502,0.020260571843138876
9503,0.02022465943676428
9504,0.02018881068609208
9505,0.02015302547829084
9506,0.020117303700729113
9507,0.020081645240975107
9508,0.020046049986796304
9509,0.020010517826159136
9510,0.019975048647228606
9511,0.019939642338367956
9512,0.0199042987881383
9513,0.01986901788529828
9514,0.01983379951880372
9515,0.01979864357780728
9516,0.019763549951658084
9517,0.0197285185299014
9518,0.019693549202278275
9519,0.019658641858725193
9520,0.01962379638937373
9521,0.019589012684550208
9522,0.019554290634775342
9523,0.01951963013076391
9524,0.019485031063424398
9525,0.019450493323858654
9526,0.019416016803361563
9527,0.01938160139342068
9528,0.01934724698571591
9529,0.019312953472119154
9530,0.019278720744693976
9531,0.019244548695695255
9532,0.01921043721756886
9533,0.01917638620295129
9534,0.01914239554466936
9535,0.01910846513573985
9536,0.019074594869369167
9537,0.019040784638953014
9538,0.019007034338076052
9539,0.01897334386051157
9540,0.018939713100221137
9541,0.018906141951354292
9542,0.01887263030824819
9543,0.01883917806542727
9544,0.01880578511760294
9545,0.018772451359673228
9546,0.018739176686722463
9547,0.018705960994020936
9548,0.018672804177024573
9549,0.01863970613137461
9550,0.018606666752897263
9551,0.018573685937603394
9552,0.018540763581688192
9553,0.018507899581530842
9554,0.018475093833694202
9555,0.01844234623492447
9556,0.01840965668215087
9557,0.018377025072485318
9558,0.0183444513032221
9559,0.018311935271837557
9560,0.01827947687598975
9561,0.018247076013518146
9562,0.018214732582443296
9563,0.018182446480966508
9564,0.018150217607469536
9565,0.018118045860514253
9566,0.018085931138842333
9567,0.018053873341374933
9568,0.018021872367212373
9569,0.017989928115633828
9570,0.017958040486096994
9571,0.017926209378237787
9572,0.017894434691870017
9573,0.017862716326985082
9574,0.017831054183751645
9575,0.01779944816251532
9576,0.017767898163798364
9577,0.01773640408829936
9578,0.017704965836892912
9579,0.017673583310629314
9580,0.017642256410734258
9581,0.017610985038608515
9582,0.01757976909582763
9583,0.017548608484141602
9584,0.017517503105474584
9585,0.01748645286192457
9586,0.017455457655763083
9587,0.017424517389434884
9588,0.017393631965557644
9589,0.01736280128692165
9590,0.017332025256489497
9591,0.017301303777395777
9592,0.01727063675294678
9593,0.017240024086620193
9594,0.017209465682064787
9595,0.017178961443100115
9596,0.01714851127371622
9597,0.017118115078073322
9598,0.017087772760501517
9599,0.01705748422550048
9600,0.017027249377739168
9601,0.016997068122055505
9602,0.016966940363456102
9603,0.01693686600711594
9604,0.01690684495837809
9605,0.016876877122753393
9606,0.01684696240592018
9607,0.016817100713723974
9608,0.01678729195217718
9609,0.01675753602745881
9610,0.016727832845914167
9611,0.016698182314054563
9612,0.01666858433855702
9613,0.01663903882626398
9614,0.016609545684183005
9615,0.016580104819486494
9616,0.01655071613951138
9617,0.01652137955175885
9618,0.01649209496389404
9619,0.016462862283745758
9620,0.016433681419306182
9621,0.016404552278730587
9622,0.01637547477033703
9623,0.016346448802606092
9624,0.016317474284180566
9625,0.01628855112386518
9626,0.016259679230626305
9627,0.016230858513591677
9628,0.016202088882050103
9629,0.01617337024545118
9630,0.016144702513405003
9631,0.016116085595681888
9632,0.016087519402212088
9633,0.016059003843085503
9634,0.016030538828551405
9635,0.016002124269018148
9636,0.01597376007505289
9637,0.01594544615738132
9638,0.01591718242688735
9639,0.015888968794612872
9640,0.015860805171757447
9641,0.01583269146967804
9642,0.015804627599888734
9643,0.015776613474060466
9644,0.015748649004020728
9645,0.015720734101753307
9646,0.015692868679398
9647,0.015665052649250333
9648,0.015637285923761297
9649,0.015609568415537064
9650,0.015581900037338713
9651,0.015554280702081957
9652,0.015526710322836867
9653,0.015499188812827603
9654,0.015471716085432134
9655,0.01544429205418197
9656,0.015416916632761889
9657,0.015389589735009666
9658,0.0153623112749158
9659,0.015335081166623242
9660,0.015307899324427129
9661,0.015280765662774514
9662,0.01525368009626409
9663,0.015226642539645932
9664,0.015199652907821219
9665,0.015172711115841968
9666,0.015145817078910774
9667,0.015118970712380535
9668,0.015092171931754187
9669,0.015065420652684442
9670,0.015038716790973518
9671,0.015012060262572874
9672,0.014985450983582952
9673,0.014958888870252905
9674,0.014932373838980335
9675,0.014905905806311038
9676,0.014879484688938727
9677,0.014853110403704784
9678,0.014826782867597987
9679,0.014800501997754257
9680,0.014774267711456391
9681,0.014748079926133808
9682,0.01472193855936228
9683,0.014695843528863687
9684,0.01466979475250574
9685,0.014643792148301736
9686,0.014617835634410298
9687,0.01459192512913511
9688,0.014566060550924666
9689,0.014540241818372015
9690,0.014514468850214499
9691,0.014488741565333502
9692,0.014463059882754193
9693,0.014437423721645271
9694,0.01441183300131871
9695,0.014386287641229505
9696,0.01436078756097542
9697,0.014335332680296737
9698,0.014309922919075995
9699,0.014284558197337746
9700,0.014259238435248301
9701,0.01423396355311548
9702,0.014208733471388355
9703,0.014183548110657007
9704,0.014158407391652274
9705,0.0141333112352455
9706,0.014108259562448284
9707,0.014083252294412239
9708,0.014058289352428734
9709,0.014033370657928654
9710,0.01400849613248215
9711,0.013983665697798391
9712,0.01395887927572532
9713,0.013934136788249403
9714,0.013909438157495391
9715,0.013884783305726069
9716,0.013860172155342014
9717,0.01383560462888135
9718,0.013811080649019503
9719,0.013786600138568961
9720,0.013762163020479029
9721,0.013737769217835583
9722,0.013713418653860835
9723,0.013689111251913086
9724,0.013664846935486486
9725,0.013640625628210798
9726,0.013616447253851145
9727,0.013592311736307787
9728,0.013568218999615866
9729,0.013544168967945178
9730,0.013520161565599929
9731,0.013496196717018499
9732,0.013472274346773198
9733,0.013448394379570041
9734,0.013424556740248497
9735,0.013400761353781264
9736,0.013377008145274025
9737,0.013353297039965215
9738,0.013329627963225787
9739,0.013306000840558978
9740,0.013282415597600069
9741,0.013258872160116154
9742,0.01323537045400591
9743,0.01321191040529936
9744,0.01318849194015764
9745,0.013165114984872765
9746,0.013141779465867405
9747,0.013118485309694642
9748,0.013095232443037749
9749,0.01307202079270995
9750,0.0130488502856542
9751,0.013025720848942947
9752,0.013002632409777904
9753,0.012979584895489824
9754,0.012956578233538263
9755,0.012933612351511362
9756,0.012910687177125612
9757,0.012887802638225627
9758,0.012864958662783922
9759,0.01284215517890068
9760,0.012819392114803528
9761,0.012796669398847315
9762,0.012773986959513876
9763,0.01275134472541182
9764,0.012728742625276299
9765,0.01270618058796878
9766,0.012683658542476828
9767,0.012661176417913877
9768,0.012638734143519013
9769,0.012616331648656744
9770,0.012593968862816784
9771,0.012571645715613826
9772,0.012549362136787324
9773,0.012527118056201271
9774,0.012504913403843979
9775,0.012482748109827854
9776,0.012460622104389182
9777,0.01243853531788791
9778,0.012416487680807418
9779,0.012394479123754309
9780,0.012372509577458187
9781,0.012350578972771442
9782,0.012328687240669028
9783,0.012306834312248247
9784,0.012285020118728535
9785,0.01226324459145124
9786,0.012241507661879413
9787,0.012219809261597585
9788,0.01219814932231156
9789,0.01217652777584819
9790,0.01215494455415517
9791,0.012133399589300818
9792,0.012111892813473862
9793,0.012090424158983227
9794,0.012068993558257824
9795,0.012047600943846335
9796,0.012026246248417
9797,0.012004929404757407
9798,0.011983650345774283
9799,0.011962409004493274
9800,0.011941205314058742
9801,0.011920039207733555
9802,0.011898910618898872
9803,0.011877819481053934
9804,0.01185676572781586
9805,0.011835749292919433
9806,0.011814770110216892
9807,0.011793828113677724
9808,0.011772923237388462
9809,0.011752055415552467
9810,0.011731224582489725
9811,0.011710430672636647
9812,0.011689673620545855
9813,0.011668953360885978
9814,0.011648269828441445
9815,0.011627622958112285
9816,0.011607012684913914
9817,0.011586438943976938
9818,0.011565901670546944
9819,0.011545400799984302
9820,0.011524936267763951
9821,0.011504508009475209
9822,0.011484115960821557
9823,0.01146376005762045
9824,0.011443440235803104
9825,0.011423156431414299
9826,0.011402908580612178
9827,0.011382696619668045
9828,0.011362520484966167
9829,0.011342380113003567
9830,0.011322275440389834
9831,0.011302206403846915
9832,0.01128217294020892
9833,0.011262174986421921
9834,0.011242212479543757
9835,0.011222285356743831
9836,0.011202393555302918
9837,0.011182537012612962
9838,0.011162715666176883
9839,0.011142929453608378
9840,0.011123178312631725
9841,0.011103462181081589
9842,0.01108378099690282
9843,0.01106413469815027
9844,0.011044523222988585
9845,0.011024946509692017
9846,0.011005404496644229
9847,0.010985897122338101
9848,0.010966424325375536
9849,0.010946986044467266
9850,0.010927582218432657
9851,0.010908212786199526
9852,0.010888877686803937
9853,0.010869576859390015
9854,0.010850310243209755
9855,0.010831077777622829
9856,0.010811879402096396
9857,0.01079271505620491
9858,0.010773584679629931
9859,0.010754488212159937
9860,0.010735425593690128
9861,0.010716396764222248
9862,0.010697401663864382
9863,0.010678440232830782
9864,0.010659512411441667
9865,0.010640618140123043
9866,0.01062175735940651
9867,0.01060293000992908
9868,0.010584136032432984
9869,0.010565375367765494
9870,0.010546647956878725
9871,0.010527953740829463
9872,0.010509292660778968
9873,0.010490664657992794
9874,0.010472069673840605
9875,0.010453507649795987
9876,0.010434978527436266
9877,0.010416482248442325
9878,0.010398018754598419
9879,0.010379587987791988
9880,0.010361189890013485
9881,0.01034282440335618
9882,0.01032449147001599
9883,0.010306191032291285
9884,0.010287923032582719
9885,0.010269687413393036
9886,0.010251484117326902
9887,0.010233313087090712
9888,0.01021517426549242
9889,0.010197067595441351
9890,0.010178993019948028
9891,0.010160950482123987
9892,0.0101429399251816
9893,0.010124961292433897
9894,0.010107014527294388
9895,0.010089099573276885
9896,0.010071216373995322
9897,0.010053364873163577
9898,0.0100355450145953
9899,0.010017756742203732
9900,0.010000000000001527
