iteration,best_cost,incumbent_cost
0,170784643,170784643
1,170784643,170784643
2,115283853,115283853
3,115283853,115283853
4,115161426,115161426
5,115161426,115161426
6,114689327,114689327
7,114689327,114689327
8,114689327,114689327
9,114689327,114689327
10,113508174,113508174
11,113508174,113508174
12,113508174,113508174
13,113326708,113326708
14,113326708,113326708
15,113326708,113326708
16,113326708,113326708
17,113326708,113516683
18,112599449,112599449
19,112599449,112599449
20,112599449,112599449
21,112599449,112599449
22,110128373,110128373
23,109965014,109965014
24,109460310,109460310
25,109460310,109460310
26,109203026,109203026
27,109203026,109203026
28,109203026,109203026
29,109196806,109196806
30,108673930,108673930
31,108673930,108673930
32,108673930,108673930
33,108673930,108673930
34,108673930,108673930
35,108673930,108673930
36,108673930,108673930
37,108673930,108691621
38,108673930,109168707
39,108673930,109168707
40,108673930,109168707
41,108673930,109090410
42,108673930,109332566
43,108673930,109332566
44,108254493,108254493
45,108254493,108254493
46,108254493,108254493
47,107962504,107962504
48,106770526,106770526
49,106770526,107455360
50,106770526,107455360
51,106770526,107268341
52,106770526,107120712
53,106770526,107286043
54,106770526,107286043
55,106770526,107286043
56,106770526,107286043
57,106770526,107286043
58,106770526,107176647
59,106679926,106679926
60,104802164,104802164
61,104692275,104692275
62,104175663,104175663
63,104101730,104101730
64,104101730,104458734
65,104101730,104452452
66,104101730,104147018
67,104101730,104147018
68,103387946,103387946
69,103387946,103387946
70,103387946,103387946
71,103387946,103469179
72,103387946,103464351
73,103254017,103254017
74,103140655,103140655
75,102844608,102844608
76,102706685,102706685
77,102322962,102322962
78,102186825,102186825
79,101885702,101885702
80,101885702,101885702
81,101885702,103044594
82,101885702,102967011
83,101669582,101669582
84,101464174,101464174
85,101399213,101399213
86,101399213,101399213
87,101354879,101354879
88,101176013,101176013
89,101176013,101198786
90,101176013,101198786
91,100821471,100821471
92,100737263,100737263
93,100737263,100964209
94,100737263,100870358
95,100737263,100977633
96,100737263,101271852
97,100737263,101208368
98,100737263,101636778
99,100737263,101636778
100,100737263,101636778
101,100737263,101492927
102,100737263,101110520
103,100737263,101110520
104,100406029,100406029
105,100387195,100387195
106,100363106,100363106
107,99638637,99638637
108,99219561,99219561
109,98888367,98888367
110,98442132,98442132
111,98417537,98417537
112,98246591,98246591
113,98246591,98391784
114,98246591,98391783
115,98246591,98433217
116,98246591,98433217
117,98246591,98331333
118,97772011,97772011
119,97772011,97884681
120,97772011,97902782
121,97772011,97902782
122,97772011,97813296
123,97772011,97970794
124,97772011,97970794
125,97772011,97970794
126,97772011,97970794
127,97736802,97736802
128,97736802,97736802
129,97580204,97580204
130,97498676,97498676
131,96998463,96998463
132,96998463,96998463
133,96954346,96954346
134,96954346,96954346
135,96113936,96113936
136,95734086,95734086
137,95734086,95892560
138,95734086,96042402
139,95734086,95913630
140,95734086,95913630
141,94860092,94860092
142,94805780,94805780
143,94805780,94805780
144,94805780,94805780
145,94805780,94817563
146,94805780,95108130
147,94805780,95031171
148,94805780,95176763
149,93675024,93675024
150,93420004,93420004
151,93373885,93373885
152,92948177,92948177
153,92948177,92948177
154,92015045,92015045
155,91683680,91683680
156,91545085,91545085
157,90313146,90313146
158,90244952,90244952
159,90188645,90188645
160,90058674,90058674
161,90058674,90058674
162,90058674,90149052
163,90058674,90069774
164,90058674,90156123
165,90058674,90156123
166,89561705,89561705
167,89352097,89352097
168,89352097,89352097
169,88643111,88643111
170,88538460,88538460
171,88538460,88787685
172,88538460,88787685
173,88538460,88787685
174,88164970,88164970
175,88141061,88141061
176,87567798,87567798
177,87567798,87567798
178,87390492,87390492
179,87390492,87390492
180,87390492,88462619
181,87390492,88380995
182,86260285,86260285
183,85474932,85474932
184,85474932,85474932
185,85175110,85175110
186,84696514,84696514
187,84660086,84660086
188,84660086,84660086
189,84660086,84660086
190,84573265,84573265
191,84509658,84509658
192,84509658,84509658
193,84432819,84432819
194,84432819,84432819
195,84360235,84360235
196,84360235,84360235
197,84158013,84158013
198,83923601,83923601
199,83923601,83923601
200,83923601,83923601
201,83923601,83923601
202,83923601,83923601
203,83923601,83923601
204,83867523,83867523
205,83867523,83867523
206,83469362,83469362
207,83469362,83469362
208,83469362,83704477
209,83469362,83704477
210,83469362,83704477
211,83469362,83704477
212,83244405,83244405
213,83244405,83244405
214,83244405,83244405
215,82820173,82820173
216,82804320,82804320
217,82519964,82519964
218,82519964,82519964
219,82519964,82519965
220,82519964,82519965
221,82502334,82502334
222,82304492,82304492
223,82273971,82273971
224,81557208,81557208
225,80979062,80979062
226,80979062,80979062
227,80979062,80979062
228,80476215,80476215
229,80344586,80344586
230,80344586,80375401
231,80344586,80604494
232,80344586,80371004
233,79513213,79513213
234,79102877,79102877
235,78997962,78997962
236,78997962,78997962
237,78997962,78997962
238,78877312,78877312
239,78877312,78877312
240,78875794,78875794
241,78745294,78745294
242,77855494,77855494
243,77855494,77855494
244,77855494,77855494
245,77835581,77835581
246,77835581,77835581
247,77832375,77832375
248,77832375,77834862
249,77832375,77834862
250,77832375,77834862
251,77832375,77834862
252,77832375,77834862
253,77736918,77736918
254,77277324,77277324
255,77184547,77184547
256,77159833,77159833
257,77159833,77159833
258,77159833,77159833
259,76687173,76687173
260,76687173,76687173
261,76687173,76687173
262,76247055,76247055
263,76247055,76247055
264,76247055,76518048
265,76247055,76518048
266,76177706,76177706
267,76177706,76177706
268,76097513,76097513
269,75740678,75740678
270,75740678,75740678
271,75740678,75740678
272,75740678,75740678
273,75217358,75217358
274,75107166,75107166
275,75107166,75107166
276,75107166,75107166
277,75107166,75107166
278,75107166,75107166
279,75069737,75069737
280,75069737,75238367
281,75069737,75238367
282,75069737,75238367
283,75069737,75137023
284,75069737,75077949
285,75069737,75073923
286,75069737,75073923
287,74947089,74947089
288,74172335,74172335
289,74172335,74172335
290,74172335,74172335
291,74172335,74172335
292,74172335,74172335
293,74172335,74172335
294,74172335,74172335
295,74172335,74172335
296,73667727,73667727
297,73667727,73667727
298,73410668,73410668
299,73410668,73410668
300,72907767,72907767
301,72500537,72500537
302,72500537,72500537
303,72020462,72020462
304,72020462,72020462
305,72007968,72007968
306,72007968,72007968
307,71237899,71237899
308,71237899,71237899
309,71237899,71237899
310,71109569,71109569
311,71109569,71115323
312,70627310,70627310
313,70627310,70627310
314,70627310,70627310
315,70627310,70627310
316,70627310,70627310
317,70627310,70627310
318,70627310,70627310
319,70627310,70627310
320,70627310,70627310
321,69917630,69917630
322,69917630,69917630
323,69917630,69917630
324,69917630,69917630
325,69855016,69855016
326,69855016,69855016
327,69552529,69552529
328,69552529,69552529
329,69552529,69711647
330,69552529,69711647
331,69386440,69386440
332,69386440,69414141
333,68986112,68986112
334,68986112,68986112
335,68957938,68957938
336,68905571,68905571
337,68459455,68459455
338,68459455,68459455
339,68459455,68641443
340,68459455,68627243
341,68459455,68627243
342,68291116,68291116
343,67682667,67682667
344,67682667,67682667
345,67618467,67618467
346,67156742,67156742
347,67002178,67002178
348,67002178,67002178
349,67002178,67002178
350,67002178,67002178
351,66506147,66506147
352,65968267,65968267
353,65968267,65968267
354,65936309,65936309
355,65936309,65936309
356,65819512,65819512
357,65781506,65781506
358,65685418,65685418
359,65685418,65685418
360,65685418,65685418
361,65685418,65685418
362,65685418,65685418
363,65685418,65685418
364,65685418,65685418
365,65248178,65248178
366,65248178,65248178
367,65248178,65248178
368,65248178,65248178
369,64888929,64888929
370,64888929,64888929
371,64464501,64464501
372,64464501,64464501
373,64173987,64173987
374,64122757,64122757
375,64122757,64122757
376,64122757,64122757
377,64122757,64122757
378,63835180,63835180
379,63835180,63835180
380,63835180,63835180
381,63511947,63511947
382,63511947,63511947
383,63511947,63511947
384,63511947,63511947
385,63369408,63369408
386,63369408,63369408
387,63369408,63369408
388,63369408,63370221
389,63326770,63326770
390,63326770,63334517
391,63326770,63334517
392,63326770,63334517
393,63326770,63334517
394,63326770,63334517
395,63164839,63164839
396,63164839,63164839
397,63164839,63164839
398,63164839,63258233
399,63164839,63258233
400,63164839,63258233
401,63164839,63258233
402,63164839,63258233
403,63164839,63258233
404,63164839,63258233
405,63164839,63258233
406,63164839,63258233
407,62886110,62886110
408,62886110,62886110
409,62886110,62886110
410,62857058,62857058
411,62857058,62857058
412,62686431,62686431
413,62686431,62686431
414,62686431,62686431
415,62686431,62841889
416,61940692,61940692
417,61887412,61887412
418,61170920,61170920
419,61170920,61170920
420,60812739,60812739
421,60812739,60812739
422,60812739,60812739
423,60812739,60812739
424,60808657,60808657
425,60808657,60808657
426,60808657,60827215
427,60488252,60488252
428,60474732,60474732
429,60474732,60474732
430,59866695,59866695
431,59271553,59271553
432,59271553,59303452
433,59271553,59303452
434,59271553,59303452
435,59271553,59295680
436,59271553,59295680
437,59271553,59272192
438,59211554,59211554
439,58854736,58854736
440,58854736,58854736
441,58853737,58853737
442,58346775,58346775
443,58346775,59077193
444,58346775,59077193
445,58346775,58920629
446,58346775,58920629
447,58346775,58580783
448,58346775,58580783
449,58346775,58580783
450,58346775,58580783
451,58270256,58270256
452,57551258,57551258
453,57529580,57529580
454,57157271,57157271
455,57157271,57157271
456,57157271,57157271
457,56888275,56888275
458,56888275,56888275
459,56887387,56887387
460,56887387,56887387
461,56559429,56559429
462,56559429,56782285
463,56559429,56782285
464,56559429,56681550
465,56559429,56681550
466,56194069,56194069
467,56132408,56132408
468,56132408,56132408
469,56127117,56127117
470,56044240,56044240
471,56017454,56017454
472,55964692,55964692
473,55774940,55774940
474,55774940,55774940
475,55774940,55774940
476,55774940,55774940
477,55774940,55778862
478,55331919,55331919
479,55331919,55331919
480,55331919,55331919
481,55331919,55347206
482,55306408,55306408
483,55306408,55306408
484,55306408,55306408
485,55262471,55262471
486,55262471,55262471
487,55262471,55451161
488,55262471,55451161
489,55262471,55515302
490,55262471,55515302
491,55262471,55515302
492,55110124,55110124
493,55110124,55110124
494,55028854,55028854
495,55028854,55028854
496,55028854,55028854
497,55018366,55018366
498,55018366,55018366
499,55018366,55018366
500,55018366,55018366
501,54758887,54758887
502,54758887,54758887
503,54758887,54758887
504,54758887,54831789
505,54758887,54831789
506,54758887,54794776
507,54179904,54179904
508,54179904,54179904
509,54179904,54179904
510,54179904,54179904
511,54168906,54168906
512,54168906,54168906
513,54168906,54168906
514,54168906,54168906
515,54168906,54168906
516,54168906,54168906
517,54168906,54168906
518,54168906,54168906
519,53814459,53814459
520,53814459,53814459
521,53784961,53784961
522,53503665,53503665
523,53503665,53503665
524,53503665,53503665
525,53503665,53503665
526,53503665,53503665
527,53030621,53030621
528,53030621,53030621
529,52975160,52975160
530,52975160,52975160
531,52702725,52702725
532,52702725,52702725
533,52702725,52702725
534,52702725,52702725
535,52702725,52702725
536,52702725,52702725
537,52702725,52702725
538,52702725,52702725
539,52611851,52611851
540,52010329,52010329
541,52010329,52010329
542,52010329,52017111
543,52010329,52017111
544,52010329,52017111
545,52010329,52017111
546,52010329,52017111
547,52010329,52017111
548,52010329,52146187
549,52010329,52079313
550,52010329,52079313
551,52010329,52051738
552,52010329,52326843
553,52010329,52326843
554,51948557,51948557
555,51948557,52111575
556,51697415,51697415
557,51697415,51697415
558,51697415,51697415
559,51697415,51697415
560,51697415,51697415
561,51570707,51570707
562,51570707,51570707
563,51570707,51570707
564,51570707,51570707
565,51570707,51721433
566,51570707,51721433
567,51570707,51654389
568,51570707,51654389
569,51570707,51654389
570,51570707,51651235
571,51570707,51643238
572,51568440,51568440
573,51568440,51568440
574,51568440,51568440
575,51568440,51629137
576,51568440,51629137
577,51568440,51629137
578,51568440,51629137
579,51568440,51629137
580,51568440,51635396
581,51568440,51635396
582,51568440,51635396
583,51568440,51609564
584,51568440,51609564
585,51568440,51609564
586,51568440,51609564
587,51568440,51594961
588,51568440,51581687
589,50956107,50956107
590,50956107,50956107
591,50956107,50956107
592,50956107,50956107
593,50929458,50929458
594,50929458,50929458
595,50929458,50929458
596,50929458,50942282
597,50929458,50942282
598,50929458,50942282
599,50929458,50942282
600,50929458,50942282
601,50415570,50415570
602,50415570,50415570
603,50415570,50415570
604,50415570,50415570
605,50415570,50415570
606,50415570,50415570
607,50415570,50415570
608,50415570,50415570
609,50415570,50415570
610,50415570,50415570
611,50406074,50406074
612,50090228,50090228
613,50090228,50908012
614,50090228,50693038
615,50090228,50693038
616,50090228,50693038
617,50090228,50693038
618,50090228,50690351
619,50090228,50400137
620,50090228,50400137
621,50090228,50339440
622,50090228,50339440
623,50090228,50339440
624,50090228,50339440
625,50090228,50339440
626,50090228,50339440
627,50090228,50339440
628,50090228,50339440
629,49938242,49938242
630,49938242,49938242
631,49938242,49938242
632,49938242,49938242
633,49938242,49938242
634,49908102,49908102
635,49908102,49908102
636,49908102,49908102
637,49908102,49908102
638,49908102,49908102
639,49908102,49908102
640,49908102,49908102
641,49908102,49908102
642,49908102,49908102
643,49908102,49908102
644,49908102,49908102
645,49908102,49908102
646,49908102,49908102
647,49694433,49694433
648,49694433,49694433
649,49694433,49694433
650,49694433,49724517
651,49694433,49724517
652,49694433,49724517
653,49694433,49724517
654,49694433,49724517
655,49694433,49724517
656,49694433,49724517
657,49683762,49683762
658,49608031,49608031
659,49608031,49608031
660,49608031,49608031
661,49608031,49608031
662,49608031,49608031
663,49521472,49521472
664,49521472,49521472
665,49521472,49580420
666,49521472,49580420
667,49521472,49580420
668,49521472,49580420
669,49521472,49580420
670,49521472,49580420
671,49521472,49580420
672,49521472,49580420
673,49521472,49580420
674,49521472,49580420
675,49521472,49579529
676,49521472,49579529
677,49521472,49579529
678,49521472,49579529
679,49521472,49579529
680,49521472,49579529
681,49521472,49581834
682,49521472,49552807
683,49521472,49583130
684,49521472,49583130
685,49521472,49532257
686,49521472,49532257
687,49521472,49532257
688,49431308,49431308
689,49431308,49431308
690,49431308,49431308
691,49431308,49431308
692,49431308,49557675
693,49431308,49557675
694,49431308,49556271
695,49431308,49553411
696,49431308,49553411
697,49431308,49553411
698,49431308,49529387
699,49431308,49529387
700,49431308,49509971
701,49431308,49509971
702,49431308,49509971
703,49431308,49509971
704,49431308,49509971
705,49431308,49509971
706,49431308,49509971
707,49431308,49509971
708,49431308,49509971
709,49431308,49462371
710,49431308,49460884
711,49431308,49460884
712,49431308,49460884
713,49417980,49417980
714,49417980,49417980
715,49409058,49409058
716,49409058,49409058
717,49409058,49409058
718,49409058,49409058
719,49409058,49459664
720,49409058,49459664
721,49409058,49459664
722,49409058,49461344
723,49409058,49461344
724,49409058,49457422
725,49399944,49399944
726,49393514,49393514
727,49393514,49393514
728,49393514,49393514
729,49372371,49372371
730,49372371,49372371
731,49372371,49372371
732,49372371,49372371
733,49372371,49372371
734,49372371,49372371
735,49372371,49372371
736,49372371,49372371
737,49346730,49346730
738,49346730,49346730
739,49346730,49437450
740,49346730,49464164
741,49346730,49464164
742,49346730,49622317
743,49346730,49557417
744,49346730,49692267
745,49346730,49692267
746,49346730,49692267
747,49346730,49692267
748,49346730,49692267
749,49346730,49649094
750,49346730,49649094
751,49346730,49649094
752,49346730,49649094
753,49346730,49649094
754,49346730,49649094
755,49346730,49615027
756,49346730,49615027
757,49346730,49615027
758,49346730,49615027
759,49346730,49615027
760,49346730,49547115
761,49346730,49547115
762,49346730,49547115
763,49346730,49500044
764,49346730,49500044
765,49346730,49500044
766,49346730,49500044
767,49346730,49503848
768,49346730,49503848
769,49346730,49503848
770,49037551,49037551
771,49037551,49037551
772,49037551,49037551
773,48966347,48966347
774,48966347,48966347
775,48966347,48966347
776,48966347,48966347
777,48966347,48966347
778,48966347,48966347
779,48966347,48966347
780,48966347,48966347
781,48966347,48966347
782,48966046,48966046
783,48966046,48966046
784,48966046,48966046
785,48966046,48966046
786,48966046,48966046
787,48966046,48966046
788,48848913,48848913
789,48848913,48848913
790,48848913,48848913
791,48848913,48848913
792,48848913,48848914
793,48848913,48848914
794,48848913,48848914
795,48848913,48848914
796,48848913,48848914
797,48848913,48848914
798,48848913,48848914
799,48848913,48848914
800,48848913,48848914
801,48848913,48871242
802,48848913,48871242
803,48848913,48871242
804,48848913,48871242
805,48848913,48871242
806,48836673,48836673
807,48836673,48836673
808,48836673,48836673
809,48836673,48836673
810,48836673,48836673
811,48836673,48836673
812,48836673,48836673
813,48836673,48836673
814,48836673,48917722
815,48836673,48917722
816,48836673,48842668
817,48836673,48842668
818,48836673,48842668
819,48836673,48842668
820,48836673,48842668
821,48836673,48842668
822,48836673,48842668
823,48836673,48842668
824,48836673,48842668
825,48836673,48842668
826,48836673,48849098
827,48836673,48849098
828,48836673,48849098
829,48836673,48849098
830,48805058,48805058
831,48799732,48799732
832,48799732,48799732
833,48799732,48799732
834,48799732,48799732
835,48799732,48799732
836,48799732,48799732
837,48799732,48799732
838,48799732,48799732
839,48799732,48799732
840,48799732,48799732
841,48743115,48743115
842,48419661,48419661
843,48419661,48419661
844,48419661,48419661
845,48419661,48419661
846,48419661,48419661
847,48388244,48388244
848,48388244,48399144
849,48388244,48555837
850,48388244,48555837
851,48388244,48555837
852,48388244,48555837
853,48388244,48555837
854,48388244,48555837
855,48388244,48555837
856,48388244,48555837
857,48388244,48555837
858,48388244,48549592
859,48388244,48549592
860,48388244,48549592
861,48388244,48549592
862,48388244,48476590
863,48388244,48476590
864,48388244,48476590
865,48388244,48476590
866,48388244,48476590
867,48388244,48476590
868,48388244,48476590
869,48388244,48476590
870,48388244,48476590
871,48388244,48476590
872,48388244,48476590
873,48388244,48476590
874,48388244,48476590
875,48388244,48476590
876,48388244,48476590
877,48388244,48476590
878,48388244,48456070
879,48388244,48456070
880,48388244,48456070
881,48299377,48299377
882,48299377,48313660
883,48299377,48313660
884,48299377,48313660
885,48299377,48313660
886,48299377,48313660
887,48299377,48313660
888,48299377,48313660
889,48299377,48313660
890,48299377,48313660
891,48299377,48313660
892,48299377,48313660
893,48299377,48313660
894,48299377,48313660
895,48299377,48313660
896,48299377,48313660
897,48299377,48313660
898,48299377,48389781
899,48299377,48389781
900,48299377,48389781
901,48299377,48389781
902,48299377,48389781
903,48299377,48389781
904,48299377,48389781
905,48299377,48389781
906,48299377,48389781
907,48299377,48413787
908,48299377,48412203
909,48299377,48412203
910,48299377,48412203
911,48299377,48412203
912,48299377,48412203
913,48299377,48412203
914,48299377,48415435
915,48299377,48415435
916,48299377,48415435
917,48299377,48415435
918,48299377,48415435
919,48299377,48415435
920,48299377,48415435
921,48299377,48300984
922,48299377,48300984
923,48299377,48300984
924,48299377,48300984
925,48299377,48300984
926,48299377,48300984
927,48290464,48290464
928,48290464,48290464
929,48290464,48290464
930,48290464,48290464
931,48290464,48290464
932,48290464,48290464
933,48258073,48258073
934,48258073,48258073
935,48258073,48258073
936,48258073,48258073
937,48258073,48258073
938,48258073,48258073
939,48258073,48258073
940,48247236,48247236
941,48247236,48247236
942,48247236,48247236
943,48247236,48247236
944,48247236,48247236
945,48234919,48234919
946,48234919,48234919
947,48234919,48234919
948,48234919,48234919
949,48234919,48234919
950,48219098,48219098
951,48208043,48208043
952,48208043,48208043
953,48208043,48208043
954,48208043,48208043
955,48208043,48208043
956,48208043,48208043
957,48208043,48208043
958,48152600,48152600
959,48152600,48152600
960,48152600,48152600
961,48152600,48152600
962,48152600,48152600
963,48152600,48152600
964,48057524,48057524
965,48057524,48057524
966,48057524,48057524
967,48057524,48057524
968,48057524,48135453
969,48057524,48133362
970,48057524,48133362
971,48057524,48133362
972,48057524,48133362
973,48057524,48133362
974,48057524,48133362
975,48057524,48133362
976,48057524,48133362
977,48033635,48033635
978,48033635,48033635
979,48033635,48033635
980,48033635,48033635
981,48033635,48033635
982,47978571,47978571
983,47978017,47978017
984,47866585,47866585
985,47866585,47866585
986,47866585,47866585
987,47866585,47866585
988,47866585,47866585
989,47866585,47866585
990,47844440,47844440
991,47822983,47822983
992,47822983,47822983
993,47822983,47822983
994,47822983,47822983
995,47822983,47822983
996,47822983,48087018
997,47822983,48087018
998,47822983,48087018
999,47822983,48084972
1000,47822983,48084972
1001,47822983,48084972
1002,47822983,48075319
1003,47822983,48075319
1004,47822983,48062463
1005,47822983,48034617
1006,47822983,48034617
1007,47822983,48034617
1008,47822983,48034617
1009,47822983,48034617
1010,47822983,48034617
1011,47822983,48034617
1012,47822983,48015506
1013,47822983,48015506
1014,47822983,48002180
1015,47822983,48002180
1016,47822983,48183116
1017,47822983,48183116
1018,47822983,48183116
1019,47822983,48086285
1020,47822983,48086285
1021,47822983,48086285
1022,47822983,48124723
1023,47822983,48124723
1024,47822983,48101876
1025,47822983,48068506
1026,47822983,48068506
1027,47822983,48063052
1028,47822983,48063052
1029,47822983,48063052
1030,47822983,48063052
1031,47822983,48063052
1032,47822983,48193922
1033,47822983,48193922
1034,47822983,48193922
1035,47822983,48193922
1036,47822983,48193922
1037,47822983,48193922
1038,47822983,48193922
1039,47822983,48193922
1040,47822983,48193922
1041,47822983,48193922
1042,47822983,48154325
1043,47822983,48154325
1044,47822983,48153790
1045,47822983,48153790
1046,47822983,48153790
1047,47822983,48153790
1048,47822983,48153790
1049,47822983,48242838
1050,47822983,48242838
1051,47822983,48242838
1052,47822983,48242838
1053,47822983,48242838
1054,47822983,48242838
1055,47822983,48242838
1056,47822983,48242838
1057,47822983,48242838
1058,47822983,48242838
1059,47822983,48242838
1060,47822983,48242838
1061,47822983,48242838
1062,47822983,48242838
1063,47822983,48223495
1064,47822983,48216629
1065,47822983,48216629
1066,47822983,48216629
1067,47822983,48421264
1068,47822983,48421264
1069,47822983,47949384
1070,47822983,47949384
1071,47822983,47949384
1072,47822983,47949384
1073,47822983,47949384
1074,47822983,47949384
1075,47822983,47911906
1076,47822983,47921981
1077,47822983,47921981
1078,47822983,47921981
1079,47822983,47921981
1080,47822983,47921981
1081,47822983,47921981
1082,47822983,47921981
1083,47822983,47921981
1084,47822983,47921981
1085,47822983,47921981
1086,47822983,47921981
1087,47822983,47918298
1088,47822983,47918298
1089,47822983,47918298
1090,47822983,47918599
1091,47822983,47918599
1092,47822983,47918599
1093,47822983,47918599
1094,47822983,47918599
1095,47822983,47918599
1096,47822983,47918599
1097,47822983,47918599
1098,47822983,47918599
1099,47822983,47918599
1100,47822983,47918551
1101,47822983,47918551
1102,47822983,47918551
1103,47822983,47918551
1104,47822983,47918551
1105,47822983,47914866
1106,47822983,47914866
1107,47822983,48028546
1108,47822983,48028546
1109,47822983,48028546
1110,47822983,48028546
1111,47822983,48028546
1112,47822983,48028546
1113,47822983,48028546
1114,47822983,48029168
1115,47822983,48029168
1116,47822983,48029168
1117,47822983,48029168
1118,47822983,48029168
1119,47822983,48029168
1120,47822983,48029168
1121,47822983,48029168
1122,47822983,48029168
1123,47822983,48029168
1124,47822983,48029168
1125,47822983,48075355
1126,47822983,48075355
1127,47822983,48075355
1128,47822983,48075355
1129,47822983,48075355
1130,47822983,48075355
1131,47822983,48075355
1132,47822983,48075355
1133,47822983,48075355
1134,47822983,48075355
1135,47822983,48072890
1136,47822983,48072890
1137,47822983,48072890
1138,47822983,48072890
1139,47822983,48072890
1140,47822983,48406375
1141,47822983,48406375
1142,47822983,48406375
1143,47822983,48345515
1144,47822983,48345515
1145,47822983,48345515
1146,47822983,48141938
1147,47822983,48141938
1148,47822983,48141938
1149,47822983,48141938
1150,47822983,48141938
1151,47822983,48013158
1152,47822983,48013158
1153,47822983,48013158
1154,47822983,48013158
1155,47822983,48013158
1156,47822983,48013158
1157,47822983,47976300
1158,47822983,47976300
1159,47822983,47976300
1160,47822983,47976300
1161,47822983,47976300
1162,47822983,47966364
1163,47822983,47966364
1164,47822983,47966364
1165,47822983,47966364
1166,47822983,47966364
1167,47822983,47966364
1168,47822983,47966364
1169,47822983,47966364
1170,47822983,47966364
1171,47822983,47966364
1172,47822983,47966364
1173,47822983,47926573
1174,47822983,47926573
1175,47822983,47926573
1176,47822983,47926573
1177,47822983,47926573
1178,47822983,47926573
1179,47822983,47926573
1180,47822983,47923327
1181,47822983,47923327
1182,47786037,47786037
1183,47786037,47786037
1184,47786037,47786037
1185,47786037,47786037
1186,47786037,47786037
1187,47786037,47786037
1188,47786037,47837348
1189,47786037,47837348
1190,47786037,47837348
1191,47786037,47837348
1192,47786037,47786037
1193,47688960,47688960
1194,47688960,47688960
1195,47688960,47688960
1196,47688960,47688960
1197,47688960,47688960
1198,47688960,47688960
1199,47675238,47675238
1200,47675238,47675238
1201,47675238,47675238
1202,47675238,47675238
1203,47675238,47675238
1204,47675238,47690221
1205,47675238,47690221
1206,47675238,47690221
1207,47675238,47690221
1208,47675238,47690221
1209,47675238,47690221
1210,47661531,47661531
1211,47661531,47661531
1212,47661531,47661531
1213,47661531,47661531
1214,47661531,47661531
1215,47661531,47661531
1216,47661531,47661531
1217,47661531,47661531
1218,47661531,47661531
1219,47661531,47661531
1220,47661531,47670734
1221,47616938,47616938
1222,47616938,47728847
1223,47616938,47725438
1224,47616938,47777310
1225,47616938,47769667
1226,47616938,47769667
1227,47616938,47769667
1228,47616938,47769667
1229,47616938,47690785
1230,47616938,47690785
1231,47616938,47690785
1232,47616938,47690785
1233,47616938,47690785
1234,47616938,47690785
1235,47616938,47675355
1236,47616938,47675355
1237,47616938,47675355
1238,47490950,47490950
1239,47490950,47490950
1240,47490950,47490950
1241,47453248,47453248
1242,47453248,47634934
1243,47453248,47634934
1244,47453248,47634934
1245,47453248,47634934
1246,47453248,47634934
1247,47453248,47634934
1248,47453248,47634934
1249,47453248,47634934
1250,47453248,47634934
1251,47453248,47634934
1252,47453248,47634934
1253,47415625,47415625
1254,47415625,47415625
1255,47415625,47415625
1256,47415625,47415625
1257,47344426,47344426
1258,47344426,47344426
1259,47344426,47344426
1260,47344426,47360678
1261,47344426,47351539
1262,47344426,47348792
1263,47344426,47348792
1264,47344426,47348792
1265,47344426,47348792
1266,47332574,47332574
1267,47332574,47332574
1268,47332574,47332574
1269,47207684,47207684
1270,47207684,47207684
1271,47207684,47207684
1272,47207684,47207684
1273,47207684,47207684
1274,47207684,47207684
1275,47180067,47180067
1276,47180067,47321397
1277,47180067,47319409
1278,47180067,47215390
1279,47180067,47215390
1280,47180067,47215390
1281,47180067,47214664
1282,47180067,47214664
1283,47180067,47251168
1284,47180067,47251168
1285,47180067,47251168
1286,47180067,47251168
1287,47180067,47251168
1288,47180067,47251168
1289,47180067,47251168
1290,47180067,47220731
1291,47180067,47220731
1292,47131989,47131989
1293,47131989,47131989
1294,47131001,47131001
1295,47131001,47131001
1296,47131001,47131001
1297,47131001,47131001
1298,47131001,47131001
1299,47097542,47097542
1300,47097542,47097542
1301,47052094,47052094
1302,47052094,47052094
1303,47052094,47056649
1304,47052094,47056649
1305,47052094,47056649
1306,47052094,47056649
1307,47052094,47056649
1308,47052094,47056649
1309,47052094,47056649
1310,47052094,47056649
1311,47052094,47143345
1312,47052094,47143345
1313,47052094,47143345
1314,47052094,47143345
1315,47052094,47140858
1316,47052094,47140858
1317,47052094,47140858
1318,47052094,47140858
1319,47052094,47140858
1320,47052094,47140858
1321,47052094,47140858
1322,47047680,47047680
1323,47047680,47047680
1324,47047680,47047680
1325,47047680,47047680
1326,47047680,47047680
1327,47047680,47047680
1328,47047680,47047680
1329,46554120,46554120
1330,46554120,46554120
1331,46554120,46554120
1332,46554120,46554120
1333,46554120,46554120
1334,46554120,46554120
1335,46554120,46554120
1336,46554120,46554120
1337,46537958,46537958
1338,46537958,46537958
1339,46513976,46513976
1340,46513976,46513976
1341,46513976,46513976
1342,46513976,46513976
1343,46513976,46513976
1344,46436323,46436323
1345,46436323,46436323
1346,46436323,46436323
1347,46386484,46386484
1348,46386484,46386484
1349,46386484,46386484
1350,46369514,46369514
1351,46369514,46371954
1352,46369514,46371954
1353,46369514,46371954
1354,46369514,46371954
1355,46369514,46442628
1356,46369514,46442628
1357,46369514,46442628
1358,46369514,46442628
1359,46369514,46442628
1360,46369514,46442628
1361,46369514,46442628
1362,46369514,46442628
1363,46369514,46437723
1364,46369514,46465819
1365,46369514,46465819
1366,46369514,46465819
1367,46369514,46465819
1368,46369514,46465819
1369,46369514,46465819
1370,46369514,46465819
1371,46369514,46465819
1372,46369514,46413070
1373,46369514,46413070
1374,46369514,46413070
1375,46369514,46445002
1376,46369514,46445002
1377,46369514,46565365
1378,46369514,46565365
1379,46369514,46565365
1380,46369514,46663642
1381,46369514,46663642
1382,46369514,46663642
1383,46369514,46663642
1384,46369514,46663642
1385,46369514,46663642
1386,46369514,46663642
1387,46369514,46663642
1388,46369514,46570500
1389,46369514,46570500
1390,46369514,46570500
1391,46369514,46570500
1392,46369514,46570500
1393,46369514,46570500
1394,46369514,46570500
1395,46369514,46570500
1396,46369514,46560494
1397,46369514,46560494
1398,46369514,46560494
1399,46369514,46560494
1400,46369514,46560494
1401,46369514,46560494
1402,46369514,46560494
1403,46369514,46560494
1404,46369514,46560494
1405,46369514,46560494
1406,46369514,46589497
1407,46369514,46589497
1408,46369514,46589497
1409,46369514,46589497
1410,46369514,46589497
1411,46369514,46589497
1412,46369514,46589497
1413,46369514,46589497
1414,46369514,46589497
1415,46369514,46589497
1416,46369514,46508291
1417,46369514,46478983
1418,46369514,46478983
1419,46369514,46478983
1420,46369514,46478983
1421,46369514,46478983
1422,46369514,46478983
1423,46369514,46478983
1424,46369514,46478983
1425,46369514,46401089
1426,46369514,46401089
1427,46369514,46374641
1428,46369514,46374641
1429,46369514,46374641
1430,46369514,46374641
1431,46369514,46374641
1432,46369514,46374641
1433,46369514,46374641
1434,46369514,46374641
1435,46369514,46374641
1436,46369514,46374641
1437,46369514,46374641
1438,46369514,46374641
1439,46369514,46374641
1440,46369514,46374641
1441,46369514,46374641
1442,46369514,46374641
1443,46369514,46374641
1444,46369514,46401792
1445,46369514,46391944
1446,46369514,46391944
1447,46369514,46391944
1448,46314008,46314008
1449,46314008,46477920
1450,46314008,46477920
1451,46314008,46477920
1452,46314008,46477920
1453,46314008,46477920
1454,46314008,46477920
1455,46314008,46477920
1456,46314008,46461058
1457,46314008,46461058
1458,46314008,46461058
1459,46314008,46450258
1460,46314008,46450258
1461,46314008,46485390
1462,46314008,46476005
1463,46314008,46476005
1464,46314008,46476005
1465,46314008,46476005
1466,46314008,46476005
1467,46314008,46476005
1468,46314008,46476005
1469,46314008,46476005
1470,46314008,46476005
1471,46314008,46476005
1472,46314008,46476005
1473,46314008,46476005
1474,46314008,46476005
1475,46314008,46476005
1476,46314008,46476005
1477,46314008,46476005
1478,46314008,46476005
1479,46314008,46476005
1480,46314008,46428423
1481,46314008,46372318
1482,46314008,46372318
1483,46314008,46372318
1484,46314008,46372318
1485,46314008,46372318
1486,46314008,46372318
1487,46314008,46372318
1488,46314008,46372318
1489,46314008,46372318
1490,46314008,46372318
1491,46314008,46372318
1492,46314008,46372318
1493,46314008,46372318
1494,46314008,46372318
1495,46314008,46372318
1496,46314008,46372318
1497,46314008,46372318
1498,46314008,46372318
1499,46314008,46372318
1500,46314008,46372318
1501,46314008,46372318
1502,46314008,46372318
1503,46314008,46360199
1504,46314008,46360199
1505,46314008,46360199
1506,46314008,46360199
1507,46314008,46360199
1508,46314008,46360199
1509,46314008,46360199
1510,46314008,46360199
1511,46314008,46360199
1512,46314008,46360199
1513,46314008,46360199
1514,46314008,46333048
1515,46314008,46349237
1516,46314008,46349237
1517,46314008,46349237
1518,46314008,46349237
1519,46314008,46349237
1520,46314008,46349237
1521,46314008,46349237
1522,46314008,46349237
1523,46314008,46611465
1524,46314008,46613598
1525,46314008,46613598
1526,46314008,46613598
1527,46314008,46613598
1528,46314008,46613598
1529,46314008,46613598
1530,46314008,46613598
1531,46314008,46613598
1532,46314008,46613598
1533,46314008,46613598
1534,46314008,46613598
1535,46314008,46613598
1536,46314008,46613598
1537,46314008,46613598
1538,46314008,46613598
1539,46314008,46613598
1540,46314008,46613598
1541,46314008,46596063
1542,46314008,46596063
1543,46314008,46596063
1544,46314008,46596063
1545,46314008,46596063
1546,46314008,46596063
1547,46314008,46596063
1548,46314008,46596063
1549,46314008,46596063
1550,46314008,46596063
1551,46314008,46596063
1552,46314008,46596063
1553,46314008,46596063
1554,46314008,46596063
1555,46314008,46596063
1556,46314008,46596063
1557,46314008,46596063
1558,46314008,46596063
1559,46314008,46596063
1560,46314008,46596063
1561,46314008,46596063
1562,46314008,46596063
1563,46314008,46596063
1564,46314008,46596063
1565,46314008,46596063
1566,46314008,46596063
1567,46314008,46694094
1568,46314008,46694094
1569,46314008,46694094
1570,46314008,46694094
1571,46314008,46684375
1572,46314008,46697654
1573,46314008,46697654
1574,46314008,46697654
1575,46314008,46697654
1576,46314008,46697654
1577,46314008,46694773
1578,46314008,46694773
1579,46314008,46694773
1580,46314008,46694773
1581,46314008,46694773
1582,46314008,46694773
1583,46314008,46694773
1584,46314008,46650486
1585,46314008,46650486
1586,46314008,46650486
1587,46314008,46650486
1588,46314008,46650486
1589,46314008,46650486
1590,46314008,46650486
1591,46314008,46650486
1592,46314008,46650486
1593,46314008,46650486
1594,46314008,46650486
1595,46314008,46650486
1596,46314008,46650486
1597,46314008,46643223
1598,46314008,46643223
1599,46314008,46643223
1600,46314008,46643223
1601,46314008,46645046
1602,46314008,46645046
1603,46314008,46645046
1604,46314008,46645046
1605,46314008,46645046
1606,46314008,46645046
1607,46314008,46645046
1608,46314008,46545189
1609,46314008,46545189
1610,46314008,46545189
1611,46314008,46545189
1612,46314008,46545189
1613,46314008,46545189
1614,46314008,46545189
1615,46314008,46545189
1616,46314008,46545189
1617,46314008,46545189
1618,46314008,46545189
1619,46314008,46545189
1620,46314008,46545189
1621,46314008,46505362
1622,46314008,46505362
1623,46314008,46505362
1624,46314008,46505362
1625,46314008,46505362
1626,46314008,46505362
1627,46314008,46505362
1628,46314008,46505362
1629,46314008,46505362
1630,46314008,46505362
1631,46314008,46505362
1632,46314008,46505362
1633,46314008,46429230
1634,46314008,46429230
1635,46314008,46429230
1636,46314008,46429230
1637,46314008,46462029
1638,46314008,46462029
1639,46314008,46462029
1640,46314008,46462029
1641,46314008,46462029
1642,46314008,46462029
1643,46314008,46462029
1644,46314008,46462029
1645,46314008,46462029
1646,46314008,46462029
1647,46314008,46462029
1648,46314008,60250665
1649,46314008,60959647
1650,46314008,63487452
1651,46314008,66682173
1652,46314008,65656043
1653,46314008,67252259
1654,46314008,67064740
1655,46314008,66814643
1656,46314008,68263654
1657,46314008,66565697
1658,46314008,67484885
1659,46314008,66215461
1660,46314008,65332511
1661,46314008,68426715
1662,46314008,67458594
1663,46314008,67722614
1664,46314008,67507149
1665,46314008,66120236
1666,46314008,66103109
1667,46314008,68219987
1668,46314008,65914763
1669,46314008,67057629
1670,46314008,68318210
1671,46314008,65997069
1672,46314008,65042482
1673,46314008,68775973
1674,46314008,72064174
1675,46314008,72303099
1676,46314008,69517316
1677,46314008,69615682
1678,46314008,68282347
1679,46314008,69393897
1680,46314008,67514926
1681,46314008,67773468
1682,46314008,66143839
1683,46314008,68098613
1684,46314008,65790380
1685,46314008,66395647
1686,46314008,67992470
1687,46314008,67582904
1688,46314008,68158644
1689,46314008,67340820
1690,46314008,67838699
1691,46314008,67349902
1692,46314008,69818670
1693,46314008,70874124
1694,46314008,69148589
1695,46314008,68904500
1696,46314008,67938968
1697,46314008,66272492
1698,46314008,67181887
1699,46314008,65879272
1700,46314008,65201974
1701,46314008,64715039
1702,46314008,63716368
1703,46314008,63658316
1704,46314008,65512107
1705,46314008,67191366
1706,46314008,67038719
1707,46314008,66680108
1708,46314008,65995929
1709,46314008,66752580
1710,46314008,64459341
1711,46314008,64892543
1712,46314008,66252433
1713,46314008,66919489
1714,46314008,67790109
1715,46314008,69647325
1716,46314008,67982404
1717,46314008,68763781
1718,46314008,68300821
1719,46314008,70129245
1720,46314008,70020670
1721,46314008,69273182
1722,46314008,69804104
1723,46314008,67666358
1724,46314008,68458565
1725,46314008,69494985
1726,46314008,67456522
1727,46314008,68888682
1728,46314008,68170680
1729,46314008,67331731
1730,46314008,68077167
1731,46314008,67708212
1732,46314008,67125620
1733,46314008,67850865
1734,46314008,68994167
1735,46314008,68133938
1736,46314008,69083964
1737,46314008,67782870
1738,46314008,68582169
1739,46314008,70050029
1740,46314008,69690502
1741,46314008,69313150
1742,46314008,65357860
1743,46314008,68362055
1744,46314008,69938563
1745,46314008,69173425
1746,46314008,70599068
1747,46314008,71873904
1748,46314008,68993707
1749,46314008,69416385
1750,46314008,68296996
1751,46314008,68693773
1752,46314008,67986362
1753,46314008,68699843
1754,46314008,68140080
1755,46314008,70214940
1756,46314008,69378072
1757,46314008,67424665
1758,46314008,66795041
1759,46314008,66309135
1760,46314008,68184402
1761,46314008,68660395
1762,46314008,69527249
1763,46314008,70445031
1764,46314008,70162115
1765,46314008,70847168
1766,46314008,69977049
1767,46314008,70732337
1768,46314008,71235861
1769,46314008,70409962
1770,46314008,72598849
1771,46314008,72054946
1772,46314008,70923382
1773,46314008,68440568
1774,46314008,68761253
1775,46314008,69289639
1776,46314008,68295790
1777,46314008,71205945
1778,46314008,71544888
1779,46314008,69991587
1780,46314008,67057360
1781,46314008,63889746
1782,46314008,66224664
1783,46314008,67952085
1784,46314008,66820364
1785,46314008,67663687
1786,46314008,66052720
1787,46314008,66447522
1788,46314008,67044813
1789,46314008,64523644
1790,46314008,64793814
1791,46314008,66700596
1792,46314008,68148414
1793,46314008,68214104
1794,46314008,68182191
1795,46314008,67358439
1796,46314008,68046086
1797,46314008,64944452
1798,46314008,66226990
1799,46314008,66997166
1800,46314008,65932123
1801,46314008,66871508
1802,46314008,65787372
1803,46314008,65751257
1804,46314008,66523332
1805,46314008,67728745
1806,46314008,67060228
1807,46314008,66252035
1808,46314008,64893303
1809,46314008,64355372
1810,46314008,67990068
1811,46314008,68505441
1812,46314008,69242588
1813,46314008,67864835
1814,46314008,68572594
1815,46314008,67406701
1816,46314008,69520730
1817,46314008,68832550
1818,46314008,70671411
1819,46314008,68881388
1820,46314008,68597100
1821,46314008,70082395
1822,46314008,68659169
1823,46314008,67612157
1824,46314008,69583903
1825,46314008,65950940
1826,46314008,67486247
1827,46314008,67167722
1828,46314008,70670483
1829,46314008,69280879
1830,46314008,72671235
1831,46314008,71114555
1832,46314008,70937649
1833,46314008,72261648
1834,46314008,70850547
1835,46314008,71599982
1836,46314008,70646285
1837,46314008,68882260
1838,46314008,68812419
1839,46314008,68771867
1840,46314008,70092528
1841,46314008,67789629
1842,46314008,70395548
1843,46314008,70789097
1844,46314008,69824426
1845,46314008,69857547
1846,46314008,67915864
1847,46314008,67598309
1848,46314008,65800502
1849,46314008,68195401
1850,46314008,68065691
1851,46314008,68543704
1852,46314008,68248468
1853,46314008,69372235
1854,46314008,69901291
1855,46314008,69590700
1856,46314008,68566453
1857,46314008,67647586
1858,46314008,68751414
1859,46314008,69678257
1860,46314008,69119790
1861,46314008,70631178
1862,46314008,71699513
1863,46314008,70722618
1864,46314008,69701753
1865,46314008,68577692
1866,46314008,65224549
1867,46314008,66621010
1868,46314008,64788426
1869,46314008,68986577
1870,46314008,67568334
1871,46314008,64677860
1872,46314008,67145107
1873,46314008,66680763
1874,46314008,67221833
1875,46314008,67697724
1876,46314008,68216831
1877,46314008,65534555
1878,46314008,66816283
1879,46314008,67424453
1880,46314008,68736914
1881,46314008,70419385
1882,46314008,69515731
1883,46314008,69837947
1884,46314008,71819090
1885,46314008,70206717
1886,46314008,68906484
1887,46314008,69137458
1888,46314008,67860286
1889,46314008,68045697
1890,46314008,66550616
1891,46314008,65398506
1892,46314008,68001610
1893,46314008,67332696
1894,46314008,67282934
1895,46314008,67814356
1896,46314008,66628592
1897,46314008,65836650
1898,46314008,65547384
1899,46314008,67540600
1900,46314008,66403872
1901,46314008,67702593
1902,46314008,66906319
1903,46314008,67595565
1904,46314008,65771166
1905,46314008,67864495
1906,46314008,68903279
1907,46314008,68571735
1908,46314008,67423239
1909,46314008,69507572
1910,46314008,67589579
1911,46314008,66616522
1912,46314008,67272228
1913,46314008,68456551
1914,46314008,70667735
1915,46314008,68526521
1916,46314008,65796676
1917,46314008,67532927
1918,46314008,67104931
1919,46314008,63901493
1920,46314008,67583756
1921,46314008,70161414
1922,46314008,66797198
1923,46314008,66870403
1924,46314008,67145022
1925,46314008,68461288
1926,46314008,67444669
1927,46314008,67192763
1928,46314008,67104099
1929,46314008,67630337
1930,46314008,68687167
1931,46314008,68812215
1932,46314008,67032216
1933,46314008,66056093
1934,46314008,67359617
1935,46314008,65875832
1936,46314008,67724161
1937,46314008,67714800
1938,46314008,68015772
1939,46314008,70911426
1940,46314008,69684214
1941,46314008,68972745
1942,46314008,71042268
1943,46314008,72263016
1944,46314008,69451088
1945,46314008,68121581
1946,46314008,68312971
1947,46314008,68733685
1948,46314008,67774947
1949,46314008,66600730
1950,46314008,68691234
1951,46314008,68684384
1952,46314008,67758271
1953,46314008,68511395
1954,46314008,67289999
1955,46314008,67442256
1956,46314008,65772584
1957,46314008,67519385
1958,46314008,67407207
1959,46314008,63926349
1960,46314008,66433849
1961,46314008,64880264
1962,46314008,66288506
1963,46314008,66966471
1964,46314008,68229628
1965,46314008,67606182
1966,46314008,65674033
1967,46314008,66269342
1968,46314008,66900673
1969,46314008,67031165
1970,46314008,65859607
1971,46314008,68044680
1972,46314008,68830274
1973,46314008,65279868
1974,46314008,65867488
1975,46314008,66707614
1976,46314008,67264917
1977,46314008,67372897
1978,46314008,67721878
1979,46314008,67332866
1980,46314008,67463656
1981,46314008,68339312
1982,46314008,67324208
1983,46314008,69440691
1984,46314008,69900084
1985,46314008,67628693
1986,46314008,67497182
1987,46314008,67541993
1988,46314008,67419679
1989,46314008,66836000
1990,46314008,67673495
1991,46314008,68845684
1992,46314008,68370414
1993,46314008,67831363
1994,46314008,70340008
1995,46314008,68743404
1996,46314008,67645688
1997,46314008,67575516
1998,46314008,69848081
1999,46314008,71214732
2000,46314008,69268246
2001,46314008,71382798
2002,46314008,71611431
2003,46314008,70062689
2004,46314008,67671904
2005,46314008,68162547
2006,46314008,69131164
2007,46314008,68409088
2008,46314008,67362567
2009,46314008,65009986
2010,46314008,66441813
2011,46314008,67497968
2012,46314008,67705432
2013,46314008,70776996
2014,46314008,72722842
2015,46314008,69243831
2016,46314008,65932214
2017,46314008,66169568
2018,46314008,66851469
2019,46314008,66695782
2020,46314008,66792354
2021,46314008,65414758
2022,46314008,65329696
2023,46314008,63852916
2024,46314008,63403434
2025,46314008,64987008
2026,46314008,64137280
2027,46314008,62027493
2028,46314008,65025407
2029,46314008,66576635
2030,46314008,66185804
2031,46314008,67371783
2032,46314008,66808270
2033,46314008,67262172
2034,46314008,66160907
2035,46314008,65743241
2036,46314008,65885967
2037,46314008,68183260
2038,46314008,66606985
2039,46314008,65505956
2040,46314008,63731644
2041,46314008,65508463
2042,46314008,66738042
2043,46314008,66298917
2044,46314008,64583455
2045,46314008,66644803
2046,46314008,65853196
2047,46314008,64898545
2048,46314008,65658735
2049,46313866,46313866
2050,46308779,46308779
2051,46308779,46447941
2052,46308779,46447941
2053,46308779,46447941
2054,46308779,46447941
2055,46308779,46447941
2056,46308779,46447941
2057,46308779,46447941
2058,46308779,46447941
2059,46308779,46447941
2060,46308779,46447941
2061,46308779,46447941
2062,46308779,46447941
2063,46308779,46447941
2064,46308779,46496485
2065,46308779,46496485
2066,46308779,46496485
2067,46308779,46496485
2068,46308779,46496485
2069,46308779,46496485
2070,46308779,46496485
2071,46308779,46496485
2072,46308779,46496485
2073,46308779,46496485
2074,46308779,46496485
2075,46308779,46496485
2076,46308779,46496485
2077,46308779,46496485
2078,46308779,46496485
2079,46308779,46496485
2080,46308779,46496485
2081,46308779,46496485
2082,46308779,46496485
2083,46308779,46496485
2084,46308779,46720275
2085,46308779,46720275
2086,46308779,46720275
2087,46172560,46172560
2088,46172560,46172560
2089,46172560,46172560
2090,46172560,46172560
2091,46172560,46172560
2092,46149985,46149985
2093,46149985,46149985
2094,46149985,46195665
2095,46149985,46195665
2096,46149985,46241397
2097,46149985,46241397
2098,46149985,46241397
2099,46149985,46241397
2100,46149985,46241397
2101,46149985,46241397
2102,46149985,46241397
2103,46149985,46241397
2104,46149985,46241397
2105,46149985,46241397
2106,46149985,46241397
2107,46149985,46241397
2108,46149985,46241397
2109,46149985,46241397
2110,46149985,46241397
2111,46149985,46241397
2112,46149985,46241397
2113,46149985,46241397
2114,46149985,46241397
2115,46149985,46241397
2116,46149985,46332826
2117,46149985,46230181
2118,46149985,46230181
2119,46093513,46093513
2120,46093513,46093513
2121,46093513,46093513
2122,46093513,46093513
2123,46093513,46093513
2124,46093513,46093513
2125,46093513,46093513
2126,46093513,46093513
2127,46093513,46093513
2128,46093513,46093513
2129,46093513,46093513
2130,46093513,46093513
2131,46093513,46093513
2132,46093513,46125771
2133,46093513,46129630
2134,46093513,46129630
2135,46093513,46129630
2136,46093513,46153967
2137,46093513,46153967
2138,46093513,46153967
2139,46093513,46153967
2140,46093513,46153967
2141,46093513,46213890
2142,46093513,46213890
2143,45943352,45943352
2144,45943352,45943352
2145,45943352,45943352
2146,45943352,45943352
2147,45943352,45943352
2148,45943352,45943352
2149,45943352,45943352
2150,45943352,45943352
2151,45940555,45940555
2152,45937105,45937105
2153,45937105,45937105
2154,45937105,45937105
2155,45937105,45937105
2156,45937105,45937105
2157,45937105,45937105
2158,45937105,45940555
2159,45937105,45940555
2160,45937105,45940555
2161,45937105,45940555
2162,45937105,45940555
2163,45937105,45940555
2164,45937105,45940555
2165,45937105,45940555
2166,45937105,45940555
2167,45937105,45940555
2168,45937105,45940555
2169,45937105,45940555
2170,45937105,45940555
2171,45937105,45940555
2172,45933200,45933200
2173,45933200,45933200
2174,45933200,45953035
2175,45933200,45953035
2176,45933200,45953035
2177,45933200,46154959
2178,45933200,46145576
2179,45933200,46145576
2180,45933200,46159067
2181,45933200,46159067
2182,45933200,46159067
2183,45933200,46159067
2184,45933200,46159067
2185,45933200,46159067
2186,45933200,46159067
2187,45933200,46159067
2188,45773169,45773169
2189,45715336,45715336
2190,45715336,45715336
2191,45715336,45715336
2192,45715336,45715336
2193,45715336,45715336
2194,45706588,45706588
2195,45655254,45655254
2196,45655254,45655254
2197,45608262,45608262
2198,45608262,45608262
2199,45608262,45608262
2200,45608262,45608262
2201,45608262,45608262
2202,45605281,45605281
2203,45605281,45618649
2204,45605281,45618649
2205,45605281,45618649
2206,45605281,45618649
2207,45605281,45618649
2208,45605281,45618649
2209,45605281,45713375
2210,45605281,45713375
2211,45605281,45713375
2212,45605281,45713375
2213,45605281,45732578
2214,45605281,45732578
2215,45605281,45732578
2216,45605281,45732578
2217,45605281,45622784
2218,45605281,45622784
2219,45605281,45622784
2220,45605281,45622784
2221,45605281,45622784
2222,45605281,45622784
2223,45605281,45748683
2224,45605281,45748683
2225,45605281,45748683
2226,45605281,45748683
2227,45605281,45744401
2228,45605281,45744401
2229,45605281,45744401
2230,45605281,45744401
2231,45605281,45744401
2232,45605281,45744401
2233,45605281,45744401
2234,45605281,45744401
2235,45605281,45796071
2236,45605281,45762242
2237,45605281,45762242
2238,45605281,45762242
2239,45605281,45762242
2240,45605281,45762242
2241,45605281,45762242
2242,45605281,45762242
2243,45605281,45765076
2244,45605281,45765076
2245,45605281,45765076
2246,45605281,45805119
2247,45605281,45805119
2248,45605281,45805119
2249,45605281,45805119
2250,45605281,45740029
2251,45605281,45740029
2252,45605281,45740029
2253,45605281,45740029
2254,45605281,45740029
2255,45605281,45740029
2256,45605281,45740029
2257,45605281,45764339
2258,45605281,45764339
2259,45605281,45741206
2260,45605281,45741206
2261,45605281,45741206
2262,45605281,45741206
2263,45605281,45741206
2264,45605281,45634346
2265,45605281,45634346
2266,45605281,45634346
2267,45605281,45634346
2268,45605281,45634346
2269,45605281,45634346
2270,45605281,45634346
2271,45605281,45634346
2272,45605281,45634346
2273,45605281,45634346
2274,45605281,45634346
2275,45605281,45634346
2276,45605281,45634346
2277,45605281,45634346
2278,45605281,45634346
2279,45605281,45634346
2280,45605281,45634346
2281,45605281,45634346
2282,45605281,45634346
2283,45403707,45403707
2284,45403707,45403707
2285,45403707,45403707
2286,45403707,45403707
2287,45403707,45403707
2288,45403707,45403707
2289,45403707,45403707
2290,45403707,45403707
2291,45403707,45403707
2292,45403707,45403707
2293,45403707,45403707
2294,45403707,45403707
2295,45403707,45403707
2296,45403707,45403707
2297,45403707,45446563
2298,45403707,45446563
2299,45403707,45446563
2300,45403707,45446563
2301,45403707,45446563
2302,45403707,45446563
2303,45403707,45446563
2304,45401248,45401248
2305,45401248,45401248
2306,45348672,45348672
2307,45348672,45348672
2308,45348672,45348672
2309,45348672,45348672
2310,45348672,45348672
2311,45348672,45348672
2312,45348672,45348672
2313,45308629,45308629
2314,45308629,45308629
2315,45308629,45308629
2316,45308629,45308629
2317,45308629,45308629
2318,45308629,45308629
2319,45308629,45308629
2320,45308629,45308629
2321,45308629,45308629
2322,45308629,45308629
2323,45245901,45245901
2324,45240584,45240584
2325,45169694,45169694
2326,45169694,45169694
2327,45160969,45160969
2328,45160969,45160969
2329,45160969,45160969
2330,45157199,45157199
2331,45157199,45157199
2332,45157199,45157199
2333,45157199,45157199
2334,45157199,45157199
2335,45157199,45157199
2336,45157199,45157199
2337,45157199,45202514
2338,45157199,45414357
2339,45157199,45425683
2340,45157199,45425485
2341,45157199,45425485
2342,45157199,45425485
2343,45157199,45425485
2344,45157199,45411165
2345,45157199,45411165
2346,45157199,45411165
2347,45157199,45411165
2348,45157199,45411165
2349,45157199,45411165
2350,45157199,45391724
2351,45157199,45391724
2352,45157199,45391724
2353,45157199,45391724
2354,45157199,45391724
2355,45157199,45391724
2356,45157199,45391724
2357,45157199,45391724
2358,45157199,45391724
2359,45157199,45391724
2360,45157199,45391724
2361,45157199,45862511
2362,45157199,45862511
2363,45157199,45862511
2364,45157199,45862511
2365,45157199,45936583
2366,45157199,45936583
2367,45157199,45936583
2368,45157199,45936583
2369,45157199,45936583
2370,45157199,45953262
2371,45157199,45953262
2372,45157199,45953262
2373,45157199,45733952
2374,45157199,45733952
2375,45157199,45733952
2376,45157199,45733952
2377,45157199,45733952
2378,45157199,45672640
2379,45157199,45672640
2380,45157199,45672640
2381,45157199,45672640
2382,45157199,45668281
2383,45157199,45668281
2384,45157199,45668281
2385,45157199,45666225
2386,45157199,45666225
2387,45157199,45666225
2388,45157199,45666225
2389,45157199,45666225
2390,45157199,45666225
2391,45157199,45666225
2392,45157199,45578591
2393,45157199,45578591
2394,45157199,45578591
2395,45157199,45578591
2396,45157199,45578591
2397,45157199,45578591
2398,45157199,45578591
2399,45157199,45578591
2400,45157199,45578591
2401,45157199,45578591
2402,45157199,45668475
2403,45157199,45668475
2404,45157199,45668475
2405,45157199,45668475
2406,45157199,45668475
2407,45157199,45668475
2408,45157199,45668475
2409,45157199,45668475
2410,45157199,45668475
2411,45157199,45668475
2412,45157199,45668475
2413,45157199,45416998
2414,45157199,45688766
2415,45157199,45688766
2416,45157199,45688766
2417,45157199,45688766
2418,45157199,45688074
2419,45157199,45688074
2420,45157199,45647168
2421,45157199,45647168
2422,45157199,45647168
2423,45157199,45647168
2424,45157199,45647168
2425,45157199,45647168
2426,45157199,45647168
2427,45157199,45647168
2428,45157199,45647168
2429,45157199,45645012
2430,45157199,45645012
2431,45157199,45574149
2432,45157199,45574149
2433,45157199,45574149
2434,45157199,45574149
2435,45157199,45574149
2436,45157199,45558578
2437,45157199,45558578
2438,45157199,45558578
2439,45157199,45541540
2440,45157199,45541540
2441,45157199,45541540
2442,45157199,45541540
2443,45157199,45541540
2444,45157199,45541540
2445,45157199,45592989
2446,45157199,45592989
2447,45157199,45592989
2448,45157199,45592989
2449,45157199,45592989
2450,45157199,45592989
2451,45157199,45584019
2452,45157199,45584019
2453,45157199,45584019
2454,45157199,45584019
2455,45157199,45584019
2456,45157199,45584019
2457,45157199,45584019
2458,45157199,45584019
2459,45157199,45584019
2460,45157199,45584019
2461,45157199,45584019
2462,45157199,46139185
2463,45157199,46139185
2464,45157199,46139185
2465,45157199,46139185
2466,45157199,45793302
2467,45157199,45793302
2468,45157199,45793302
2469,45157199,45793302
2470,45157199,45793302
2471,45157199,45793302
2472,45157199,45793302
2473,45157199,45793302
2474,45157199,45793302
2475,45157199,45793302
2476,45157199,45792289
2477,45157199,45792289
2478,45157199,45792289
2479,45157199,45792289
2480,45157199,45792289
2481,45157199,45792289
2482,45157199,45792289
2483,45157199,45792289
2484,45157199,45792289
2485,45157199,45371334
2486,45157199,45371334
2487,45157199,45371334
2488,45157199,45371334
2489,45157199,45371334
2490,45157199,45371334
2491,45157199,45371334
2492,45157199,45371334
2493,45157199,45371334
2494,45157199,45388798
2495,45157199,45388798
2496,45157199,45388798
2497,45157199,45388798
2498,45157199,45383324
2499,45157199,45356481
2500,45157199,45356481
2501,45157199,45356481
2502,45157199,45356481
2503,45157199,45356481
2504,45157199,45356481
2505,45157199,45356481
2506,45157199,45356481
2507,45157199,45356481
2508,45157199,45448663
2509,45157199,45448663
2510,45157199,45448663
2511,45157199,45448663
2512,45157199,45448663
2513,45157199,45498945
2514,45157199,45467140
2515,45157199,45520621
2516,45157199,45520621
2517,45157199,45243548
2518,45157199,45243548
2519,45157199,45243548
2520,45157199,45243548
2521,45157199,45243548
2522,45157199,45243548
2523,45157199,45243548
2524,45157199,45243548
2525,45157199,45243548
2526,45157199,45243548
2527,45157199,45243548
2528,45157199,45243548
2529,45157199,45243548
2530,45157199,57415840
2531,45157199,63410260
2532,45157199,64760200
2533,45157199,65842652
2534,45157199,68085746
2535,45157199,68401962
2536,45157199,67300515
2537,45157199,66681294
2538,45157199,67450670
2539,45157199,67414462
2540,45157199,68814429
2541,45157199,66526109
2542,45157199,66364547
2543,45157199,66600128
2544,45157199,66720149
2545,45157199,66697992
2546,45157199,66031627
2547,45157199,66016360
2548,45157199,66801566
2549,45157199,67716875
2550,45157199,67688853
2551,45157199,64911447
2552,45157199,64000763
2553,45157199,65262952
2554,45157199,64700190
2555,45157199,66384685
2556,45157199,66726069
2557,45157199,65691897
2558,45157199,67500251
2559,45157199,65334813
2560,45157199,67495977
2561,45157199,67270458
2562,45157199,69813741
2563,45157199,68888794
2564,45157199,68355927
2565,45157199,67705096
2566,45157199,67113300
2567,45157199,64898939
2568,45157199,66319287
2569,45157199,65959285
2570,45157199,67553661
2571,45157199,67727246
2572,45157199,66454339
2573,45157199,67425021
2574,45157199,68720333
2575,45157199,67403942
2576,45157199,67632114
2577,45157199,66670139
2578,45157199,66210220
2579,45157199,66669869
2580,45157199,66070238
2581,45157199,66578411
2582,45157199,67255983
2583,45157199,65883685
2584,45157199,66717272
2585,45157199,66115749
2586,45157199,63855838
2587,45157199,65891646
2588,45157199,66519054
2589,45157199,65366213
2590,45157199,63768367
2591,45157199,64488515
2592,45157199,68002976
2593,45157199,67046144
2594,45157199,68936986
2595,45157199,65992184
2596,45157199,66271865
2597,45157199,66382780
2598,45157199,65748851
2599,45157199,66972649
2600,45157199,69617033
2601,45157199,68784252
2602,45157199,69267161
2603,45157199,69065516
2604,45157199,69593502
2605,45157199,70879734
2606,45157199,70229076
2607,45157199,69561441
2608,45157199,71047732
2609,45157199,71882236
2610,45157199,73067674
2611,45157199,72503158
2612,45157199,72061338
2613,45157199,70062289
2614,45157199,71784232
2615,45157199,70390394
2616,45157199,68320274
2617,45157199,68246126
2618,45157199,67715826
2619,45157199,67341403
2620,45157199,65634353
2621,45157199,67464846
2622,45157199,66210085
2623,45157199,65861729
2624,45157199,65012186
2625,45157199,65760538
2626,45157199,66908191
2627,45157199,66113101
2628,45157199,66596992
2629,45157199,69569059
2630,45157199,69493024
2631,45157199,71478523
2632,45157199,69595875
2633,45157199,66845127
2634,45157199,69347491
2635,45157199,68821121
2636,45157199,69508567
2637,45157199,68379531
2638,45157199,69078318
2639,45157199,68459182
2640,45157199,68631010
2641,45157199,70540799
2642,45157199,71031618
2643,45157199,69368453
2644,45157199,68439149
2645,45157199,69350996
2646,45157199,67551477
2647,45157199,70450044
2648,45157199,70205563
2649,45157199,66480053
2650,45157199,67042427
2651,45157199,65603368
2652,45157199,67148223
2653,45157199,63509207
2654,45157199,64723489
2655,45157199,68545129
2656,45157199,68118875
2657,45157199,71326375
2658,45157199,68731560
2659,45157199,66644517
2660,45157199,69180788
2661,45157199,68015201
2662,45157199,66884570
2663,45157199,70194584
2664,45157199,67330190
2665,45157199,64645466
2666,45157199,65166047
2667,45157199,64723774
2668,45157199,65873010
2669,45157199,65527460
2670,45157199,63410547
2671,45157199,64285018
2672,45157199,66446217
2673,45157199,61281196
2674,45157199,64837331
2675,45157199,66603158
2676,45157199,66853246
2677,45157199,66693188
2678,45157199,67475528
2679,45157199,66925792
2680,45157199,65783232
2681,45157199,69026630
2682,45157199,69076403
2683,45157199,69742889
2684,45157199,68932441
2685,45157199,69325137
2686,45157199,64566495
2687,45157199,65672053
2688,45157199,69569739
2689,45157199,68731991
2690,45157199,67936023
2691,45157199,67086221
2692,45157199,70686285
2693,45157199,71051379
2694,45157199,70022360
2695,45157199,70996014
2696,45157199,71614367
2697,45157199,70339730
2698,45157199,71806896
2699,45157199,72359057
2700,45157199,71040928
2701,45157199,69843825
2702,45157199,68089876
2703,45157199,67319510
2704,45157199,68797830
2705,45157199,67514704
2706,45157199,68901342
2707,45157199,70168873
2708,45157199,71949634
2709,45157199,72015591
2710,45157199,67886439
2711,45157199,70500982
2712,45157199,70148568
2713,45157199,70757270
2714,45157199,70054573
2715,45157199,70294362
2716,45157199,69221362
2717,45157199,67440866
2718,45157199,70066462
2719,45157199,70453431
2720,45157199,70499567
2721,45157199,71901849
2722,45157199,68011747
2723,45157199,67607707
2724,45157199,65250539
2725,45157199,64817021
2726,45157199,63433485
2727,45157199,61355865
2728,45157199,64563262
2729,45157199,65320322
2730,45157199,67210956
2731,45157199,66707046
2732,45157199,65434624
2733,45157199,66449915
2734,45157199,64641869
2735,45157199,68119625
2736,45157199,67986523
2737,45157199,69006509
2738,45157199,71624243
2739,45157199,68651512
2740,45157199,68887361
2741,45157199,71935473
2742,45157199,71602507
2743,45157199,69925871
2744,45157199,70449674
2745,45157199,68856900
2746,45157199,68715106
2747,45157199,68737436
2748,45157199,69919845
2749,45157199,67065257
2750,45157199,68366849
2751,45157199,69793767
2752,45157199,69684346
2753,45157199,68847153
2754,45157199,68317456
2755,45157199,69030308
2756,45157199,69918260
2757,45157199,71942555
2758,45157199,69761078
2759,45157199,71302485
2760,45157199,70152605
2761,45157199,72363637
2762,45157199,69022318
2763,45157199,66094442
2764,45157199,67444273
2765,45157199,70683774
2766,45157199,69041373
2767,45157199,68400625
2768,45157199,68304556
2769,45157199,66900108
2770,45157199,69350338
2771,45157199,68626762
2772,45157199,68719040
2773,45157199,68057633
2774,45157199,67905260
2775,45157199,65553598
2776,45157199,65215386
2777,45157199,66961363
2778,45157199,71015534
2779,45157199,70242911
2780,45157199,70294581
2781,45157199,71435122
2782,45157199,70583521
2783,45157199,70963407
2784,45157199,71258148
2785,45157199,70914041
2786,45157199,69812995
2787,45157199,68402109
2788,45157199,70173419
2789,45157199,69123281
2790,45157199,66297517
2791,45157199,68028731
2792,45157199,68491283
2793,45157199,69648929
2794,45157199,65901402
2795,45157199,65650778
2796,45157199,66439576
2797,45157199,67333203
2798,45157199,64655722
2799,45157199,65233050
2800,45157199,68494237
2801,45157199,68762907
2802,45157199,70036527
2803,45157199,71861835
2804,45157199,70064058
2805,45157199,69716069
2806,45157199,71399992
2807,45157199,71298888
2808,45157199,70741985
2809,45157199,70695201
2810,45157199,70855224
2811,45157199,70243864
2812,45157199,68842590
2813,45157199,70570361
2814,45157199,67413566
2815,45157199,69778384
2816,45157199,70010177
2817,45157199,69599048
2818,45157199,69683798
2819,45157199,70201156
2820,45157199,69934383
2821,45157199,67981126
2822,45157199,67274769
2823,45157199,65293790
2824,45157199,65001251
2825,45157199,68113902
2826,45157199,70112917
2827,45157199,68900347
2828,45157199,68155947
2829,45157199,68343614
2830,45157199,67176110
2831,45157199,67987303
2832,45157199,66624979
2833,45157199,68660336
2834,45157199,69164661
2835,45157199,69861825
2836,45157199,71596559
2837,45157199,71737649
2838,45157199,70767766
2839,45157199,69109954
2840,45157199,68805450
2841,45157199,69010535
2842,45157199,69041722
2843,45157199,68491287
2844,45157199,72114763
2845,45157199,70887800
2846,45157199,68928938
2847,45157199,66534422
2848,45157199,67347902
2849,45157199,69457034
2850,45157199,69746264
2851,45157199,69929422
2852,45157199,69168128
2853,45157199,69407889
2854,45157199,67921831
2855,45157199,67071037
2856,45157199,67238613
2857,45157199,68492806
2858,45157199,67488509
2859,45157199,65979629
2860,45157199,66540387
2861,45157199,68981050
2862,45157199,68075404
2863,45157199,69087411
2864,45157199,68448948
2865,45157199,67767011
2866,45157199,67890650
2867,45157199,70337789
2868,45157199,69882387
2869,45157199,68910426
2870,45157199,67288089
2871,45157199,69949361
2872,45157199,70153422
2873,45157199,68210952
2874,45157199,66296791
2875,45157199,62969864
2876,45157199,67164146
2877,45157199,67294876
2878,45157199,66425167
2879,45157199,67877785
2880,45157199,63310377
2881,45157199,64135947
2882,45157199,64097090
2883,45157199,65929701
2884,45157199,66065420
2885,45157199,68309697
2886,45157199,66312654
2887,45157199,66198938
2888,45157199,67810677
2889,45157199,66776340
2890,45157199,67021937
2891,45157199,70907819
2892,45157199,72539171
2893,45157199,71413807
2894,45157199,68843616
2895,45157199,67807634
2896,45157199,68260317
2897,45157199,70815966
2898,45157199,69688921
2899,45157199,71813653
2900,45157199,69923347
2901,45157199,68954308
2902,45157199,69836461
2903,45157199,69749470
2904,45157199,70707775
2905,45157199,71585017
2906,45157199,72763598
2907,45157199,72231288
2908,45157199,72146767
2909,45157199,72913435
2910,45157199,74592467
2911,45157199,73664881
2912,45157199,70694183
2913,45157199,72116395
2914,45157199,70254640
2915,45157199,70546120
2916,45157199,68701385
2917,45157199,70417633
2918,45157199,68396759
2919,45157199,68914809
2920,45157199,67375629
2921,45157199,68166020
2922,45157199,66753322
2923,45157199,66122776
2924,45157199,64862294
2925,45157199,63038722
2926,45157199,61066863
2927,45157199,64677109
2928,45157199,65452199
2929,45157199,64659612
2930,45157199,66009669
2931,45157199,45157199
2932,45157199,45157199
2933,45157199,45157199
2934,45157199,45157199
2935,45157199,45157199
2936,45157199,45157199
2937,45157199,45197436
2938,45157199,45197436
2939,45157199,45197436
2940,45157199,45197436
2941,45157199,45197436
2942,45157199,45197436
2943,45157199,45197436
2944,45157199,45197436
2945,45157199,45197436
2946,45157199,45197436
2947,45157199,45197436
2948,45157199,45192881
2949,45157199,45192881
2950,45157199,45192881
2951,45157199,45170920
2952,45157199,45170920
2953,45157199,45170920
2954,45157199,45170920
2955,45157199,45170920
2956,45157199,45170920
2957,45157199,45170920
2958,45157199,45170920
2959,45157199,45170920
2960,45157199,45170920
2961,45157199,45170920
2962,45157199,45170920
2963,45157199,45170920
2964,45157199,45170920
2965,45157199,45170920
2966,45157199,45170920
2967,45157199,45170920
2968,45157199,45170920
2969,45157199,45170920
2970,45157199,45170920
2971,45157199,45170920
2972,45157199,45170920
2973,45157199,45170920
2974,45157199,45170920
2975,45157199,45170920
2976,45145466,45145466
2977,45145466,45145466
2978,45145466,45145466
2979,45145466,45145466
2980,45145466,45145466
2981,45145466,45148661
2982,45145466,45148661
2983,45145466,45148661
2984,45145466,45148661
2985,45145466,45148661
2986,45145466,45148661
2987,45127300,45127300
2988,45127300,45127300
2989,45127300,45127300
2990,45127300,45127300
2991,45127300,45127300
2992,45127300,45127300
2993,45127300,45127300
2994,45127300,45127300
2995,45127300,45127300
2996,45120929,45120929
2997,45120929,45120929
2998,45120929,45120929
2999,45120929,45120929
3000,45120929,45120929
3001,45120929,45120929
3002,45120928,45120928
3003,45120928,45120928
3004,45120928,45120928
3005,45120928,45120928
3006,45120928,45120928
3007,45120928,45120928
3008,45120928,45120928
3009,45120928,45148307
3010,45120928,45148307
3011,45120928,45148307
3012,45120928,45148307
3013,45120928,45148307
3014,45120928,45148307
3015,45120928,45148307
3016,45120928,45148307
3017,45120928,45148307
3018,45120928,45148307
3019,45120928,45148307
3020,45120928,45148307
3021,45120928,45148307
3022,45120928,45278739
3023,45120928,45278739
3024,45120928,45278739
3025,45120928,45278739
3026,45120928,45278739
3027,45120928,45278739
3028,45120928,45278739
3029,45120928,45214368
3030,45120928,45214368
3031,44778384,44778384
3032,44778384,44778384
3033,44778384,44778384
3034,44778384,44778384
3035,44778384,44884645
3036,44778384,44884645
3037,44778384,44884645
3038,44778384,44884645
3039,44778384,44884645
3040,44778384,44884645
3041,44778384,44884645
3042,44778384,44802741
3043,44778384,44802741
3044,44778384,45031949
3045,44778384,45031949
3046,44778384,45018387
3047,44778384,45018387
3048,44778384,45018387
3049,44778384,45016331
3050,44778384,45016331
3051,44778384,45016331
3052,44778384,45012074
3053,44778384,45012074
3054,44778384,44988455
3055,44778384,44988455
3056,44778384,44988455
3057,44778384,44988455
3058,44778384,44988455
3059,44778384,44988455
3060,44778384,44981047
3061,44778384,44981047
3062,44778384,44981047
3063,44778384,44981047
3064,44778384,44981047
3065,44778384,44981047
3066,44778384,44981047
3067,44778384,44981047
3068,44778384,44981047
3069,44778384,44981047
3070,44778384,44981047
3071,44778384,44981047
3072,44778384,44981047
3073,44778384,44981047
3074,44778384,44981047
3075,44778384,44981047
3076,44778384,44981047
3077,44778384,44981047
3078,44778384,44981047
3079,44778384,44981047
3080,44778384,44981047
3081,44778384,44981047
3082,44778384,44981047
3083,44778384,44981047
3084,44778384,44981047
3085,44778384,44981047
3086,44778384,44981047
3087,44778384,44993251
3088,44778384,44993251
3089,44778384,44993251
3090,44778384,44983962
3091,44778384,44983962
3092,44778384,44983962
3093,44778384,44983962
3094,44778384,44983962
3095,44778384,44983962
3096,44778384,44983962
3097,44778384,44986169
3098,44778384,44986169
3099,44778384,44986169
3100,44778384,44986169
3101,44778384,44986169
3102,44778384,44986169
3103,44778384,44986169
3104,44778384,44997955
3105,44778384,44997955
3106,44778384,44996912
3107,44778384,44996912
3108,44778384,44996912
3109,44778384,44996912
3110,44778384,44996912
3111,44778384,44996912
3112,44778384,44996912
3113,44778384,45018330
3114,44778384,45018330
3115,44778384,45018330
3116,44778384,45018330
3117,44778384,45018330
3118,44778384,45018330
3119,44778384,45018330
3120,44778384,45018330
3121,44778384,45018330
3122,44778384,45018330
3123,44778384,45018330
3124,44778384,45018330
3125,44778384,45018330
3126,44778384,45018330
3127,44778384,45018330
3128,44778384,45018330
3129,44778384,45018330
3130,44778384,45018330
3131,44778384,45018330
3132,44778384,45014602
3133,44778384,45014602
3134,44778384,45014602
3135,44778384,45014602
3136,44778384,45014602
3137,44778384,45014602
3138,44778384,45014602
3139,44778384,45014602
3140,44778384,44970781
3141,44778384,44970781
3142,44778384,44970781
3143,44778384,44970781
3144,44778384,44970781
3145,44778384,44970781
3146,44778384,44970781
3147,44778384,44970781
3148,44778384,45117248
3149,44778384,45117248
3150,44778384,45117248
3151,44778384,45117248
3152,44778384,45117248
3153,44778384,45117248
3154,44778384,45117248
3155,44778384,45117248
3156,44778384,45117248
3157,44778384,45117248
3158,44778384,45117248
3159,44778384,45117248
3160,44778384,45117248
3161,44778384,45117248
3162,44778384,45117248
3163,44778384,45117248
3164,44778384,45117248
3165,44778384,45117248
3166,44778384,45117248
3167,44778384,45117248
3168,44778384,45136787
3169,44778384,45136787
3170,44778384,45136787
3171,44778384,45136787
3172,44778384,45136787
3173,44778384,45136787
3174,44778384,45136787
3175,44778384,45136787
3176,44778384,45136787
3177,44778384,45136787
3178,44778384,45136787
3179,44778384,45132343
3180,44778384,45172377
3181,44778384,45172377
3182,44778384,45125876
3183,44778384,45125876
3184,44778384,45125876
3185,44778384,45125876
3186,44778384,45125876
3187,44778384,45125876
3188,44778384,45125876
3189,44778384,45125876
3190,44778384,45125876
3191,44778384,45109862
3192,44778384,45109862
3193,44778384,45103282
3194,44778384,45013340
3195,44778384,45013340
3196,44778384,45029382
3197,44778384,45008467
3198,44778384,45008467
3199,44778384,45008467
3200,44778384,45008467
3201,44778384,45008467
3202,44778384,45008467
3203,44778384,45008467
3204,44778384,45008467
3205,44778384,44974015
3206,44778384,44974015
3207,44778384,44974015
3208,44778384,44974015
3209,44778384,44974015
3210,44778384,44996435
3211,44778384,44996435
3212,44778384,44996435
3213,44778384,44996435
3214,44778384,44996435
3215,44778384,44996435
3216,44778384,44982626
3217,44778384,44982626
3218,44778384,44982626
3219,44778384,44982626
3220,44778384,44982626
3221,44778384,44982626
3222,44778384,44982626
3223,44778384,44982626
3224,44778384,44982626
3225,44778384,44982626
3226,44778384,44982626
3227,44778384,44982626
3228,44778384,44982626
3229,44778384,44982626
3230,44778384,44982626
3231,44778384,60601302
3232,44778384,65026176
3233,44778384,65811325
3234,44778384,66758422
3235,44778384,67237870
3236,44778384,66384618
3237,44778384,68607595
3238,44778384,67315573
3239,44778384,71501965
3240,44778384,67839003
3241,44778384,68249851
3242,44778384,69071152
3243,44778384,69882467
3244,44778384,69108339
3245,44778384,67410924
3246,44778384,68658976
3247,44778384,69450327
3248,44778384,67398606
3249,44778384,69917868
3250,44778384,69561855
3251,44778384,68265638
3252,44778384,68404594
3253,44778384,66823087
3254,44778384,66304175
3255,44778384,67783302
3256,44778384,67632398
3257,44778384,65753932
3258,44778384,66215834
3259,44778384,67179695
3260,44778384,69195664
3261,44778384,69078364
3262,44778384,68139464
3263,44778384,67240477
3264,44778384,66710035
3265,44778384,65453999
3266,44778384,66517202
3267,44778384,67355347
3268,44778384,68706808
3269,44778384,67667721
3270,44778384,66868721
3271,44778384,66782200
3272,44778384,65532911
3273,44778384,66198158
3274,44778384,70998204
3275,44778384,68860658
3276,44778384,66624637
3277,44778384,69363654
3278,44778384,69033805
3279,44778384,66082234
3280,44778384,67631077
3281,44778384,69525028
3282,44778384,70310456
3283,44778384,69688400
3284,44778384,68390201
3285,44778384,67862190
3286,44778384,69077397
3287,44778384,67707972
3288,44778384,68169384
3289,44778384,66383382
3290,44778384,66544736
3291,44778384,68679417
3292,44778384,67744700
3293,44778384,69703883
3294,44778384,69467206
3295,44778384,64799417
3296,44778384,65916961
3297,44778384,65940226
3298,44778384,65352800
3299,44778384,67058313
3300,44778384,69375148
3301,44778384,68362184
3302,44778384,70816407
3303,44778384,71987222
3304,44778384,70879505
3305,44778384,70008231
3306,44778384,69804286
3307,44778384,70144268
3308,44778384,71225205
3309,44778384,70463606
3310,44778384,70394849
3311,44778384,71210313
3312,44778384,69847877
3313,44778384,68174797
3314,44778384,68652103
3315,44778384,67686637
3316,44778384,66847439
3317,44778384,66814331
3318,44778384,67273928
3319,44778384,66871012
3320,44778384,69372234
3321,44778384,67940144
3322,44778384,67795699
3323,44778384,70434602
3324,44778384,67097488
3325,44778384,68867200
3326,44778384,67358888
3327,44778384,66747407
3328,44778384,67639520
3329,44778384,68203536
3330,44778384,68171020
3331,44778384,67030447
3332,44778384,67000972
3333,44778384,68626668
3334,44778384,65513243
3335,44778384,66789478
3336,44778384,68930707
3337,44778384,71448503
3338,44778384,68634364
3339,44778384,69928000
3340,44778384,69338103
3341,44778384,68402706
3342,44778384,68094450
3343,44778384,69757750
3344,44778384,67602074
3345,44778384,65371183
3346,44778384,65292656
3347,44778384,65578688
3348,44778384,66436580
3349,44778384,68489015
3350,44778384,67297479
3351,44778384,66972431
3352,44778384,67087236
3353,44778384,66139834
3354,44778384,67560326
3355,44778384,63846165
3356,44778384,64382190
3357,44778384,66869983
3358,44778384,67922159
3359,44778384,66025917
3360,44778384,67300117
3361,44778384,67006964
3362,44778384,65996460
3363,44778384,66967894
3364,44778384,68307909
3365,44778384,69239720
3366,44778384,68999300
3367,44778384,71525954
3368,44778384,68888056
3369,44778384,68634417
3370,44778384,69450770
3371,44778384,70288810
3372,44778384,73467599
3373,44778384,69654795
3374,44778384,69467951
3375,44778384,71034655
3376,44778384,72152240
3377,44778384,70738680
3378,44778384,69757812
3379,44778384,68736233
3380,44778384,69323611
3381,44778384,70298142
3382,44778384,67771073
3383,44778384,67448520
3384,44778384,67871243
3385,44778384,66278415
3386,44778384,66270641
3387,44778384,65042745
3388,44778384,64301285
3389,44778384,67651256
3390,44778384,67602564
3391,44778384,67246512
3392,44778384,66118619
3393,44778384,66036492
3394,44778384,64821061
3395,44778384,65599922
3396,44778384,66964759
3397,44778384,68524454
3398,44778384,69076927
3399,44778384,67760628
3400,44778384,68283154
3401,44778384,70686091
3402,44778384,68839924
3403,44778384,69230675
3404,44778384,70924344
3405,44778384,70322054
3406,44778384,68788062
3407,44778384,68878266
3408,44778384,69919841
3409,44778384,70916887
3410,44778384,70528531
3411,44778384,67939224
3412,44778384,68156073
3413,44778384,67633815
3414,44778384,66794890
3415,44778384,67371220
3416,44778384,67725707
3417,44778384,65989660
3418,44778384,67827669
3419,44778384,69030016
3420,44778384,72110172
3421,44778384,71913467
3422,44778384,70139652
3423,44778384,72539870
3424,44778384,71046069
3425,44778384,71622186
3426,44778384,69812484
3427,44778384,70735117
3428,44778384,68541710
3429,44778384,69041066
3430,44778384,69202437
3431,44778384,72497962
3432,44778384,73393044
3433,44778384,72395315
3434,44778384,71310507
3435,44778384,73585931
3436,44778384,72669704
3437,44778384,72855845
3438,44778384,74123859
3439,44778384,71185682
3440,44778384,72798226
3441,44778384,70875645
3442,44778384,67788671
3443,44778384,66042420
3444,44778384,66417008
3445,44778384,65926576
3446,44778384,63872253
3447,44778384,64779980
3448,44778384,66078975
3449,44778384,65984678
3450,44778384,68607929
3451,44778384,67364023
3452,44778384,67524786
3453,44778384,66104589
3454,44778384,66188132
3455,44778384,65148604
3456,44778384,65283880
3457,44778384,61774327
3458,44778384,65289551
3459,44778384,64112303
3460,44778384,66313825
3461,44778384,66974608
3462,44778384,67209697
3463,44778384,65109673
3464,44778384,67355220
3465,44778384,66917108
3466,44778384,67417491
3467,44778384,66123322
3468,44778384,65313152
3469,44778384,65674782
3470,44778384,67604215
3471,44778384,70429076
3472,44778384,69324553
3473,44778384,68273670
3474,44778384,69489773
3475,44778384,69627415
3476,44778384,69401112
3477,44778384,68982206
3478,44778384,67694281
3479,44778384,67337952
3480,44778384,67072231
3481,44778384,68731282
3482,44778384,68539120
3483,44778384,69360706
3484,44778384,68419512
3485,44778384,68744340
3486,44778384,67977615
3487,44778384,70103635
3488,44778384,71653383
3489,44778384,70107327
3490,44778384,70930689
3491,44778384,69339293
3492,44778384,66633359
3493,44778384,65287560
3494,44778384,66153188
3495,44778384,65741746
3496,44778384,68146035
3497,44778384,68862781
3498,44778384,69191090
3499,44778384,66846558
3500,44778384,67223297
3501,44778384,68275421
3502,44778384,65361892
3503,44778384,66513221
3504,44778384,67396415
3505,44778384,67229028
3506,44778384,67083897
3507,44778384,67843300
3508,44778384,67289243
3509,44778384,69728717
3510,44778384,67177867
3511,44778384,68757610
3512,44778384,69731965
3513,44778384,67406779
3514,44778384,69084397
3515,44778384,69104687
3516,44778384,68635017
3517,44778384,68781511
3518,44778384,69116446
3519,44778384,67333042
3520,44778384,66576534
3521,44778384,64848872
3522,44778384,65060397
3523,44778384,65484777
3524,44778384,66045761
3525,44778384,66105301
3526,44778384,64887207
3527,44778384,65927600
3528,44778384,66678342
3529,44778384,64993336
3530,44778384,66447444
3531,44778384,68791151
3532,44778384,67841516
3533,44778384,71509410
3534,44778384,68625765
3535,44778384,67720158
3536,44778384,69991599
3537,44778384,68145731
3538,44778384,68176963
3539,44778384,66850772
3540,44778384,66163302
3541,44778384,67166776
3542,44778384,66939206
3543,44778384,66548193
3544,44778384,66871631
3545,44778384,64826495
3546,44778384,66792203
3547,44778384,65146147
3548,44778384,64617567
3549,44778384,66568760
3550,44778384,66528233
3551,44778384,67099844
3552,44778384,68930599
3553,44778384,68092591
3554,44778384,66976316
3555,44778384,63622002
3556,44778384,64644610
3557,44778384,63487233
3558,44778384,65863423
3559,44778384,70377015
3560,44778384,69227130
3561,44778384,69786513
3562,44778384,70370524
3563,44778384,68680303
3564,44778384,67585833
3565,44778384,67682352
3566,44778384,66815025
3567,44778384,66216695
3568,44778384,66258125
3569,44778384,65300046
3570,44778384,64885043
3571,44778384,66302030
3572,44778384,67101740
3573,44778384,65916165
3574,44778384,64076328
3575,44778384,63496232
3576,44778384,65062254
3577,44778384,65809817
3578,44778384,67662547
3579,44778384,68076616
3580,44778384,67895771
3581,44778384,68255595
3582,44778384,67537568
3583,44778384,66352942
3584,44778384,65651126
3585,44778384,63958647
3586,44778384,64881126
3587,44778384,64361534
3588,44778384,64826760
3589,44778384,65038890
3590,44778384,65493178
3591,44778384,65769504
3592,44778384,64570244
3593,44778384,64741977
3594,44778384,65518423
3595,44778384,65828786
3596,44778384,66001130
3597,44778384,68831007
3598,44778384,66089903
3599,44778384,70549081
3600,44778384,70266609
3601,44778384,68649517
3602,44778384,67946955
3603,44778384,67177131
3604,44778384,68453631
3605,44778384,68648231
3606,44778384,68420777
3607,44778384,69288668
3608,44778384,66400344
3609,44778384,66740786
3610,44778384,65231256
3611,44778384,64854640
3612,44778384,65582980
3613,44778384,67036171
3614,44778384,66833502
3615,44778384,67144656
3616,44778384,66512433
3617,44778384,67209575
3618,44778384,66849775
3619,44778384,67806451
3620,44778384,67928921
3621,44778384,68874585
3622,44778384,67609098
3623,44778384,66914133
3624,44778384,65776703
3625,44778384,67853472
3626,44778384,67484376
3627,44778384,65458834
3628,44778384,65743558
3629,44778384,63912211
3630,44778384,63316385
3631,44778384,65300757
3632,44778384,44778384
3633,44778384,44778384
3634,44778384,44778384
3635,44778384,44778384
3636,44736048,44736048
3637,44736048,44736048
3638,44736048,44736048
3639,44736048,44736048
3640,44736048,44736048
3641,44736048,44736048
3642,44736048,44736048
3643,44736048,44736048
3644,44722680,44722680
3645,44722680,44722680
3646,44722680,44722680
3647,44722680,44722680
3648,44722680,44722680
3649,44722680,44722680
3650,44722680,44722680
3651,44722680,44722680
3652,44722680,44722680
3653,44722680,44722680
3654,44722680,44722680
3655,44722680,44722680
3656,44722680,44722680
3657,44722680,44722680
3658,44722680,44722680
3659,44722680,44722680
3660,44722680,44722680
3661,44722680,44722680
3662,44722680,44722680
3663,44640730,44640730
3664,44640730,44640730
3665,44640730,44640730
3666,44640730,44640730
3667,44592310,44592310
3668,44592310,44592310
3669,44592310,44592310
3670,44592310,44592310
3671,44592310,44592311
3672,44592310,44592311
3673,44567732,44567732
3674,44567732,44567732
3675,44567732,44567732
3676,44567732,44567732
3677,44535319,44535319
3678,44452372,44452372
3679,44452372,44452372
3680,44452372,44452372
3681,44452372,44452372
3682,44361996,44361996
3683,44359115,44359115
3684,44359115,44359115
3685,44359115,44359115
3686,44359115,44466481
3687,44359115,44466481
3688,44359115,44466481
3689,44359115,44466481
3690,44359115,44466481
3691,44359115,44466481
3692,44359115,44466481
3693,44359115,44466481
3694,44359115,44466481
3695,44359115,44466481
3696,44359115,44466481
3697,44359115,44466481
3698,44359115,44466481
3699,44359115,44466481
3700,44359115,44466481
3701,44359115,44452881
3702,44359115,44452881
3703,44359115,44452881
3704,44359115,44452881
3705,44359115,44452881
3706,44359115,44452881
3707,44359115,44452881
3708,44359115,44452881
3709,44359115,44452881
3710,44359115,44452881
3711,44359115,44452881
3712,44359115,44452881
3713,44359115,44452879
3714,44359115,44452879
3715,44359115,44450625
3716,44359115,44493026
3717,44359115,44493026
3718,44359115,44493026
3719,44359115,44428707
3720,44359115,44428707
3721,44359115,44428707
3722,44359115,44428707
3723,44359115,44428707
3724,44359115,44428707
3725,44359115,44428707
3726,44359115,44428707
3727,44359115,44428707
3728,44359115,44425476
3729,44359115,44411349
3730,44359115,44411349
3731,44359115,44411349
3732,44359115,44411349
3733,44359115,44411349
3734,44359115,44411349
3735,44359115,44411349
3736,44359115,44411349
3737,44359115,44411349
3738,44359115,44447186
3739,44359115,44447186
3740,44359115,44447186
3741,44359115,44447186
3742,44359115,44447186
3743,44359115,44447186
3744,44359115,44447186
3745,44359115,44447186
3746,44359115,44447186
3747,44307965,44307965
3748,44307965,44307965
3749,44303878,44303878
3750,44303878,44303878
3751,44303878,44303878
3752,44303878,44303878
3753,44303878,44303878
3754,44303878,44303878
3755,44303878,44303878
3756,44303878,44303878
3757,44263641,44263641
3758,44148038,44148038
3759,44148038,44148038
3760,44148038,44148038
3761,44148038,44148038
3762,44148038,44148038
3763,44148038,44148038
3764,44148038,44148038
3765,44147084,44147084
3766,44147084,44147084
3767,44147084,44474777
3768,44147084,44474777
3769,44147084,44474777
3770,44147084,44474777
3771,44147084,44474777
3772,44147084,44474777
3773,44147084,44465306
3774,44147084,44465306
3775,44147084,44465306
3776,44147084,44465306
3777,44147084,44465306
3778,44147084,44465306
3779,44147084,44465306
3780,44147084,44465306
3781,44147084,44511532
3782,44147084,44511532
3783,44147084,44511532
3784,44147084,44519070
3785,44147084,44519070
3786,44147084,44519070
3787,44147084,44519070
3788,44147084,44519070
3789,44147084,44519070
3790,44147084,44457808
3791,44147084,44457808
3792,44147084,44457808
3793,44147084,44457808
3794,44147084,44457808
3795,44147084,44457808
3796,44147084,44457808
3797,44147084,44457808
3798,44147084,44457808
3799,44147084,44457808
3800,44147084,44457808
3801,44147084,44457808
3802,44147084,44457808
3803,44147084,44457808
3804,44147084,44457808
3805,44147084,44457808
3806,44147084,44457808
3807,44147084,44457808
3808,44147084,44457808
3809,44147084,44457808
3810,44147084,44457808
3811,44147084,44444246
3812,44147084,44444246
3813,44147084,44309992
3814,44147084,44309992
3815,44147084,44309992
3816,44147084,44309992
3817,44147084,44309992
3818,44147084,44341230
3819,44026715,44026715
3820,44026715,44135578
3821,44026715,44135578
3822,44026715,44135578
3823,44026715,44135578
3824,44026715,44135578
3825,44026715,44135578
3826,44026715,44135578
3827,44026715,44135578
3828,44026715,44135578
3829,44026715,44135578
3830,44026715,44135578
3831,44026715,44135578
3832,44026715,44135578
3833,44026715,44135578
3834,44026715,44119134
3835,44026715,44119134
3836,44026715,44119134
3837,44026715,44119134
3838,44026715,44119134
3839,44026715,44119134
3840,44026715,44119134
3841,44026715,44119134
3842,44026715,44119134
3843,44026715,44119134
3844,44026715,44119134
3845,44026715,44119134
3846,44026715,44119134
3847,44026715,44119134
3848,44026715,44119134
3849,44026715,44119134
3850,44026715,44119134
3851,44026715,44119134
3852,44026715,44119134
3853,44026715,44119134
3854,44026715,44119134
3855,44026715,44119134
3856,44026715,44119134
3857,44026715,44119134
3858,44026715,44119134
3859,44026715,44119134
3860,44026715,44119134
3861,44026715,44119134
3862,44026715,44110770
3863,44026715,44110770
3864,44026715,44110770
3865,44026715,44110770
3866,44026715,44110770
3867,44026715,44110770
3868,44026715,44110770
3869,44026715,44110770
3870,44026715,44110770
3871,44026715,44110770
3872,44026715,44110770
3873,44026715,44110770
3874,44026715,44110770
3875,44026715,44110770
3876,44026715,44110770
3877,44026715,44110770
3878,44026715,44122219
3879,44026715,44122219
3880,44026715,44122219
3881,44026715,44122219
3882,44026715,44235899
3883,44026715,44235899
3884,44026715,44235899
3885,44026715,44235899
3886,44026715,44235899
3887,44026715,44235899
3888,44026715,44235899
3889,44026715,44235899
3890,44026715,44235899
3891,44026715,44235899
3892,44026715,44235899
3893,44026715,44235899
3894,44026715,44235899
3895,44026715,44201932
3896,44026715,44201932
3897,44026715,44201932
3898,44026715,44201932
3899,44026715,44201932
3900,44026715,44201932
3901,44026715,44201932
3902,44026715,44201932
3903,44026715,44201932
3904,44026715,44201932
3905,44026715,44201932
3906,44026715,44201932
3907,44026715,44201932
3908,44026715,44201932
3909,44026715,44201932
3910,44026715,44212299
3911,44026715,44212299
3912,44026715,44212299
3913,44026715,44212299
3914,44026715,44212299
3915,44026715,44212299
3916,44026715,44212299
3917,44026715,44212299
3918,44026715,44212299
3919,44026715,44212299
3920,44026715,44210243
3921,44026715,44210243
3922,44026715,44210243
3923,44026715,44210243
3924,44026715,44210243
3925,44026715,44214048
3926,44026715,44214048
3927,44026715,44214048
3928,44026715,44214048
3929,44026715,44214048
3930,44026715,44214048
3931,44026715,44214048
3932,44026715,44214048
3933,44026715,44214048
3934,44026715,44214048
3935,44026715,44214048
3936,44026715,44214048
3937,44026715,44214048
3938,44026715,44214048
3939,44026715,44210938
3940,44026715,44243057
3941,44026715,44243057
3942,44026715,44243057
3943,44026715,44243057
3944,44026715,44243057
3945,44026715,44243057
3946,44026715,44243057
3947,44026715,44243057
3948,44026715,44243057
3949,44026715,44243057
3950,44026715,44243057
3951,44026715,44243057
3952,44026715,44243057
3953,44026715,44243057
3954,44026715,44243057
3955,44026715,44243057
3956,44026715,44243057
3957,44026715,44243057
3958,44026715,44243057
3959,44026715,44243057
3960,44026715,44243057
3961,44026715,44243057
3962,44026715,44243057
3963,44026715,44243057
3964,44026715,44243057
3965,44026715,44243057
3966,44026715,44243057
3967,44026715,44243057
3968,44026715,44243057
3969,44026715,44243057
3970,44026715,44243057
3971,44026715,44243057
3972,44026715,44243057
3973,44026715,44243057
3974,44026715,44243057
3975,44026715,44243057
3976,44026715,44243057
3977,44026715,44243057
3978,44026715,44243057
3979,44026715,44243057
3980,44026715,44226763
3981,44026715,44226763
3982,44026715,44226763
3983,44026715,44226763
3984,44026715,44186454
3985,44026715,44186454
3986,44026715,44186454
3987,44026715,44186454
3988,44026715,44186454
3989,44026715,44186454
3990,44026715,44186454
3991,44026715,44186454
3992,44026715,44186454
3993,44026715,44186454
3994,44026715,44186454
3995,44026715,44186454
3996,44026715,44186454
3997,44026715,44186454
3998,44026715,44248685
3999,44026715,44248685
4000,44026715,44248685
4001,44026715,44248684
4002,44026715,44248684
4003,44026715,44248684
4004,44026715,44248684
4005,44026715,44248684
4006,44026715,44248684
4007,44026715,44248684
4008,44026715,44248684
4009,44026715,44248684
4010,44026715,44248684
4011,44026715,44248684
4012,44026715,44248684
4013,44026715,44248684
4014,44026715,44248684
4015,44026715,44248684
4016,44026715,44248684
4017,44026715,44248684
4018,44026715,44248684
4019,44026715,59682567
4020,44026715,61569800
4021,44026715,63176870
4022,44026715,64373953
4023,44026715,65208128
4024,44026715,65411609
4025,44026715,65650111
4026,44026715,67423949
4027,44026715,67196242
4028,44026715,65100588
4029,44026715,64533526
4030,44026715,68433693
4031,44026715,67982291
4032,44026715,66832121
4033,44026715,67379443
4034,44026715,66007573
4035,44026715,64614907
4036,44026715,67424410
4037,44026715,66307190
4038,44026715,67330862
4039,44026715,67852697
4040,44026715,66381360
4041,44026715,66447331
4042,44026715,70510470
4043,44026715,69529823
4044,44026715,68579732
4045,44026715,65374860
4046,44026715,66086146
4047,44026715,69258420
4048,44026715,65840881
4049,44026715,65241020
4050,44026715,66915686
4051,44026715,66195934
4052,44026715,68064219
4053,44026715,69075090
4054,44026715,68789148
4055,44026715,69372080
4056,44026715,68571212
4057,44026715,68539351
4058,44026715,69291607
4059,44026715,68660435
4060,44026715,69353066
4061,44026715,69378486
4062,44026715,68911720
4063,44026715,70289434
4064,44026715,66687330
4065,44026715,68218768
4066,44026715,69707026
4067,44026715,68962366
4068,44026715,67262287
4069,44026715,68681430
4070,44026715,67199673
4071,44026715,66222545
4072,44026715,68920533
4073,44026715,68142991
4074,44026715,65468094
4075,44026715,67185760
4076,44026715,66507710
4077,44026715,66058121
4078,44026715,65920697
4079,44026715,66092021
4080,44026715,65134513
4081,44026715,67142156
4082,44026715,66845292
4083,44026715,65845660
4084,44026715,68619945
4085,44026715,69448362
4086,44026715,68816732
4087,44026715,66751056
4088,44026715,63478050
4089,44026715,65661369
4090,44026715,66951129
4091,44026715,66218185
4092,44026715,66759701
4093,44026715,65662825
4094,44026715,65928048
4095,44026715,66647970
4096,44026715,66099578
4097,44026715,66331070
4098,44026715,67748514
4099,44026715,69480382
4100,44026715,66598891
4101,44026715,68347146
4102,44026715,69591964
4103,44026715,65788578
4104,44026715,65816799
4105,44026715,68232208
4106,44026715,67127119
4107,44026715,66135957
4108,44026715,66796489
4109,44026715,67361575
4110,44026715,67237750
4111,44026715,68340883
4112,44026715,68124674
4113,44026715,67331400
4114,44026715,68648373
4115,44026715,71827747
4116,44026715,70045535
4117,44026715,70947117
4118,44026715,70801198
4119,44026715,71767608
4120,44026715,72317352
4121,44026715,72100083
4122,44026715,72349798
4123,44026715,70104442
4124,44026715,66900494
4125,44026715,66372901
4126,44026715,65941536
4127,44026715,64684616
4128,44026715,65910265
4129,44026715,65711696
4130,44026715,66956146
4131,44026715,67832911
4132,44026715,68646136
4133,44026715,67581176
4134,44026715,67652325
4135,44026715,69045816
4136,44026715,67726065
4137,44026715,66319726
4138,44026715,66533638
4139,44026715,68063659
4140,44026715,67077240
4141,44026715,66910904
4142,44026715,69264050
4143,44026715,68468749
4144,44026715,69441294
4145,44026715,69342665
4146,44026715,69323486
4147,44026715,69379722
4148,44026715,68862428
4149,44026715,70196159
4150,44026715,67312916
4151,44026715,67475125
4152,44026715,67003353
4153,44026715,68996857
4154,44026715,68121858
4155,44026715,66119622
4156,44026715,67117835
4157,44026715,68120505
4158,44026715,68234889
4159,44026715,66242048
4160,44026715,67214634
4161,44026715,68772293
4162,44026715,68346450
4163,44026715,71756020
4164,44026715,72306138
4165,44026715,72256778
4166,44026715,71828534
4167,44026715,72238408
4168,44026715,72615129
4169,44026715,70672719
4170,44026715,70984733
4171,44026715,68371244
4172,44026715,70166886
4173,44026715,66631227
4174,44026715,67395906
4175,44026715,66760695
4176,44026715,67462362
4177,44026715,68212478
4178,44026715,67442693
4179,44026715,69205840
4180,44026715,67982736
4181,44026715,65701837
4182,44026715,65137748
4183,44026715,67145485
4184,44026715,64170337
4185,44026715,65039377
4186,44026715,67979195
4187,44026715,67439894
4188,44026715,67081636
4189,44026715,65505417
4190,44026715,67033461
4191,44026715,65450651
4192,44026715,65278933
4193,44026715,66077654
4194,44026715,67784396
4195,44026715,67152462
4196,44026715,68773545
4197,44026715,65509660
4198,44026715,64737076
4199,44026715,64791301
4200,44026715,64758372
4201,44026715,66675080
4202,44026715,65306440
4203,44026715,65942897
4204,44026715,65377706
4205,44026715,65788892
4206,44026715,65273626
4207,44026715,66630644
4208,44026715,65144025
4209,44026715,65499425
4210,44026715,65879063
4211,44026715,65630607
4212,44026715,65064624
4213,44026715,66735195
4214,44026715,65058145
4215,44026715,65867069
4216,44026715,66950450
4217,44026715,67092081
4218,44026715,64867018
4219,44026715,66943766
4220,44026715,70343809
4221,44026715,69456382
4222,44026715,65941109
4223,44026715,66119631
4224,44026715,67269720
4225,44026715,67417246
4226,44026715,65473306
4227,44026715,62219905
4228,44026715,64661202
4229,44026715,64869518
4230,44026715,64124082
4231,44026715,64087162
4232,44026715,63873061
4233,44026715,66499315
4234,44026715,65993735
4235,44026715,64863288
4236,44026715,66698027
4237,44026715,63751082
4238,44026715,63550707
4239,44026715,65980570
4240,44026715,66395227
4241,44026715,68023845
4242,44026715,69941010
4243,44026715,68167156
4244,44026715,69357779
4245,44026715,65936204
4246,44026715,67041778
4247,44026715,67126489
4248,44026715,67160363
4249,44026715,70234138
4250,44026715,66426736
4251,44026715,66493005
4252,44026715,68339462
4253,44026715,67801696
4254,44026715,65592882
4255,44026715,66492134
4256,44026715,64735527
4257,44026715,67594703
4258,44026715,66287863
4259,44026715,63995638
4260,44026715,65311235
4261,44026715,64836111
4262,44026715,65066420
4263,44026715,66161538
4264,44026715,67021450
4265,44026715,66120731
4266,44026715,67598333
4267,44026715,68361541
4268,44026715,68456549
4269,44026715,67825767
4270,44026715,67005767
4271,44026715,67012360
4272,44026715,68326088
4273,44026715,69009328
4274,44026715,70253269
4275,44026715,69010972
4276,44026715,67054121
4277,44026715,66545819
4278,44026715,67750329
4279,44026715,70345032
4280,44026715,68480893
4281,44026715,70151076
4282,44026715,70191936
4283,44026715,68082320
4284,44026715,69539299
4285,44026715,69096189
4286,44026715,67464492
4287,44026715,69059221
4288,44026715,67712081
4289,44026715,67871486
4290,44026715,67788040
4291,44026715,65135237
4292,44026715,65692549
4293,44026715,66969680
4294,44026715,67013846
4295,44026715,66257158
4296,44026715,65329897
4297,44026715,63446168
4298,44026715,64254942
4299,44026715,64755535
4300,44026715,65740278
4301,44026715,66362054
4302,44026715,67107395
4303,44026715,68239224
4304,44026715,70494118
4305,44026715,71485857
4306,44026715,69683157
4307,44026715,69509777
4308,44026715,65786768
4309,44026715,68100590
4310,44026715,67915371
4311,44026715,67111889
4312,44026715,68295501
4313,44026715,65818871
4314,44026715,68179411
4315,44026715,68108083
4316,44026715,71173775
4317,44026715,68756827
4318,44026715,71332626
4319,44026715,71959506
4320,44026715,70502020
4321,44026715,67410434
4322,44026715,68638646
4323,44026715,68224063
4324,44026715,67392251
4325,44026715,67682629
4326,44026715,65978484
4327,44026715,67059569
4328,44026715,67650369
4329,44026715,69905594
4330,44026715,69337884
4331,44026715,68392076
4332,44026715,69263155
4333,44026715,67658754
4334,44026715,65533459
4335,44026715,65623818
4336,44026715,65420102
4337,44026715,62907432
4338,44026715,69288533
4339,44026715,67088056
4340,44026715,67042712
4341,44026715,69427862
4342,44026715,66847045
4343,44026715,66418069
4344,44026715,64764131
4345,44026715,63781544
4346,44026715,63324087
4347,44026715,65014087
4348,44026715,67352415
4349,44026715,66875184
4350,44026715,67272913
4351,44026715,66584265
4352,44026715,67675116
4353,44026715,70034178
4354,44026715,69938521
4355,44026715,69977971
4356,44026715,71686724
4357,44026715,68637462
4358,44026715,70654824
4359,44026715,71371426
4360,44026715,68896839
4361,44026715,70349252
4362,44026715,69247640
4363,44026715,72547191
4364,44026715,69635806
4365,44026715,68670743
4366,44026715,68117440
4367,44026715,67266507
4368,44026715,65195967
4369,44026715,67004903
4370,44026715,66281535
4371,44026715,65915747
4372,44026715,69867854
4373,44026715,70924850
4374,44026715,67783836
4375,44026715,67569955
4376,44026715,70892902
4377,44026715,69576708
4378,44026715,64157835
4379,44026715,65041251
4380,44026715,65070750
4381,44026715,66691899
4382,44026715,64305802
4383,44026715,63569115
4384,44026715,65162513
4385,44026715,66917793
4386,44026715,68968427
4387,44026715,67194741
4388,44026715,63992161
4389,44026715,65366058
4390,44026715,67457670
4391,44026715,69212049
4392,44026715,66839472
4393,44026715,66999304
4394,44026715,69223076
4395,44026715,71322513
4396,44026715,68253026
4397,44026715,68646394
4398,44026715,67207766
4399,44026715,68785742
4400,44026715,72108993
4401,44026715,68630908
4402,44026715,67428978
4403,44026715,66548809
4404,44026715,68259959
4405,44026715,66081107
4406,44026715,67996645
4407,44026715,67791919
4408,44026715,67327261
4409,44026715,66572104
4410,44026715,68495683
4411,44026715,69427034
4412,44026715,70462434
4413,44026715,68209816
4414,44026715,65943242
4415,44026715,66848973
4416,44026715,67379962
4417,44026715,69223726
4418,44026715,68558275
4419,44026715,68318896
4420,44026715,44026715
4421,44026715,44026715
4422,44026715,44026715
4423,44025076,44025076
4424,44025076,44025076
4425,44025076,44025076
4426,44025076,44025076
4427,44025076,44025076
4428,44025076,44025076
4429,44004984,44004984
4430,44004984,44004984
4431,44004984,44004984
4432,44004984,44004984
4433,44004984,44004984
4434,44004984,44004984
4435,44004984,44004984
4436,44004984,44004984
4437,44004984,44004984
4438,44004984,44004984
4439,44004984,44004984
4440,44004984,44004984
4441,44004984,44004984
4442,44004984,44004984
4443,44004984,44004984
4444,44004984,44004984
4445,44002349,44002349
4446,44002349,44002349
4447,44002349,44002349
4448,44002349,44002349
4449,44002349,44002349
4450,44002349,44002349
4451,44002349,44002349
4452,43955449,43955449
4453,43955449,43955449
4454,43955449,43955449
4455,43955449,43955449
4456,43955449,43955449
4457,43955449,43955449
4458,43955449,43955449
4459,43955449,44044430
4460,43955449,44044430
4461,43955449,44044430
4462,43955449,44044430
4463,43955449,44044430
4464,43955449,44044430
4465,43955449,44044430
4466,43955449,44044430
4467,43955449,44044430
4468,43955449,44026340
4469,43955449,43968213
4470,43955449,43968213
4471,43955449,43968213
4472,43955449,43968213
4473,43955449,43968213
4474,43955449,43995453
4475,43955449,43995453
4476,43955449,43995453
4477,43955449,43995453
4478,43955449,43995453
4479,43955449,43995453
4480,43955449,43995453
4481,43955449,43995453
4482,43955449,43995453
4483,43955449,43995453
4484,43955449,43995453
4485,43955449,43995453
4486,43955449,43995453
4487,43955449,43995453
4488,43955449,43995453
4489,43955449,43995453
4490,43955449,43995453
4491,43955449,43995453
4492,43955449,43995453
4493,43955449,43995453
4494,43955449,43995453
4495,43955449,43995453
4496,43955449,43995453
4497,43955449,43995453
4498,43955449,43995453
4499,43955449,43995453
4500,43955449,43995453
4501,43955449,43995453
4502,43955449,43995453
4503,43955449,43995453
4504,43955449,43995453
4505,43955449,43995453
4506,43955449,43995453
4507,43955449,43995453
4508,43955449,43995453
4509,43955449,43995453
4510,43955449,43995453
4511,43955449,43995453
4512,43955449,43995453
4513,43955449,43988383
4514,43955449,43988383
4515,43955449,43988383
4516,43955449,43988383
4517,43955449,43988383
4518,43955449,43988383
4519,43955449,43988383
4520,43955449,43988383
4521,43955449,43988383
4522,43948146,43948146
4523,43948146,43948146
4524,43948146,43948146
4525,43948146,43948146
4526,43948146,43976116
4527,43948146,43976116
4528,43948146,43976116
4529,43948146,43976116
4530,43948146,43976116
4531,43948146,43976116
4532,43948146,43976116
4533,43948146,43976116
4534,43948146,43976116
4535,43948146,43976116
4536,43948146,43976116
4537,43948146,43976116
4538,43948146,43975647
4539,43948146,43975647
4540,43948146,43975647
4541,43948146,43975647
4542,43948146,43975647
4543,43948146,43977422
4544,43948146,43977422
4545,43948146,43977422
4546,43948146,43977422
4547,43948146,43977422
4548,43948146,43977422
4549,43948146,43977422
4550,43948146,43977422
4551,43948146,43977422
4552,43948146,43977422
4553,43948146,43977422
4554,43948146,43977422
4555,43948146,43977422
4556,43948146,43977422
4557,43948146,43977422
4558,43948146,43977422
4559,43948146,43977422
4560,43948146,43977422
4561,43948146,43977422
4562,43948146,43977422
4563,43948146,43977422
4564,43948146,43977422
4565,43948146,43977422
4566,43948146,43977422
4567,43948146,43977422
4568,43948146,43977422
4569,43948146,43977422
4570,43948146,43977422
4571,43948146,43977422
4572,43948146,43977422
4573,43948146,43977422
4574,43948146,43977422
4575,43948146,43977422
4576,43948146,43977422
4577,43948146,43977422
4578,43948146,43977422
4579,43948146,43977422
4580,43948146,43977422
4581,43948146,43977422
4582,43948146,43977422
4583,43948146,43977422
4584,43948146,43980653
4585,43948146,43980653
4586,43948146,43980653
4587,43948146,43980653
4588,43948146,43980653
4589,43948146,43980653
4590,43948146,43980653
4591,43948146,43980653
4592,43948146,43980653
4593,43948146,43980653
4594,43948146,43980653
4595,43948146,43980653
4596,43948146,43980653
4597,43948146,43991020
4598,43948146,43991020
4599,43948146,43991020
4600,43948146,43991020
4601,43948146,43991020
4602,43948146,43991020
4603,43948146,43991020
4604,43948146,43991020
4605,43948146,43991020
4606,43948146,43991020
4607,43948146,43991020
4608,43948146,43991020
4609,43948146,43991020
4610,43948146,43991020
4611,43948146,43963991
4612,43948146,43963991
4613,43948146,43963991
4614,43948146,43963991
4615,43948146,43963991
4616,43948146,43963991
4617,43892498,43892498
4618,43892498,43892498
4619,43892498,43892498
4620,43892498,43892498
4621,43892498,43892498
4622,43892498,43892498
4623,43892498,43892498
4624,43892498,43892498
4625,43892498,44024861
4626,43892498,44178452
4627,43892498,44178452
4628,43892498,44178452
4629,43892498,44178452
4630,43892498,44178452
4631,43892498,44178452
4632,43892498,44215998
4633,43892498,44215998
4634,43892498,44215998
4635,43892498,44215998
4636,43892498,44215998
4637,43892498,44215998
4638,43892498,44215998
4639,43892498,44215998
4640,43892498,44127017
4641,43892498,44127017
4642,43892498,44127017
4643,43892498,44127017
4644,43892498,44127017
4645,43892498,44127017
4646,43892498,44127017
4647,43892498,44127017
4648,43892498,44127017
4649,43892498,44127017
4650,43892498,44127017
4651,43892498,44127017
4652,43892498,44127017
4653,43892498,44127017
4654,43892498,44127017
4655,43892498,44127017
4656,43892498,44127017
4657,43892498,44127017
4658,43892498,44127017
4659,43892498,44127017
4660,43892498,44127017
4661,43892498,44127017
4662,43892498,44130854
4663,43892498,44130854
4664,43892498,44130854
4665,43892498,44130854
4666,43892498,44130854
4667,43892498,44130854
4668,43892498,44130854
4669,43892498,44130854
4670,43892498,44130854
4671,43892498,44130854
4672,43892498,44130854
4673,43892498,44130854
4674,43892498,44322087
4675,43892498,44316168
4676,43892498,44316168
4677,43892498,44314402
4678,43892498,44314402
4679,43892498,44314402
4680,43892498,44314402
4681,43892498,44179415
4682,43892498,44177949
4683,43892498,44177949
4684,43892498,44177949
4685,43892498,44177949
4686,43892498,44205332
4687,43892498,44205332
4688,43892498,44205332
4689,43892498,44205332
4690,43892498,44205332
4691,43892498,44205332
4692,43892498,44205332
4693,43892498,44205332
4694,43892498,44205332
4695,43892498,44205332
4696,43892498,44257023
4697,43892498,44257023
4698,43892498,44257023
4699,43892498,44257023
4700,43892498,44257023
4701,43892498,44257023
4702,43892498,44257023
4703,43892498,44257023
4704,43892498,44257023
4705,43892498,44257023
4706,43892498,44257023
4707,43892498,44257023
4708,43892498,44257023
4709,43892498,44257023
4710,43892498,44257023
4711,43892498,44257023
4712,43892498,44257023
4713,43892498,44257023
4714,43892498,44257023
4715,43892498,44257023
4716,43892498,44257023
4717,43892498,44257023
4718,43892498,44257023
4719,43892498,44257023
4720,43892498,44257023
4721,43892498,44299610
4722,43892498,44287098
4723,43892498,44287098
4724,43892498,44287098
4725,43892498,44133507
4726,43892498,44133507
4727,43892498,44133507
4728,43892498,44292779
4729,43892498,44292779
4730,43892498,44292779
4731,43892498,44292779
4732,43892498,44371983
4733,43892498,44371983
4734,43892498,44371983
4735,43892498,44371983
4736,43892498,44371983
4737,43892498,44371983
4738,43892498,44371983
4739,43892498,44371983
4740,43892498,44371983
4741,43892498,44371983
4742,43892498,44371983
4743,43892498,44371983
4744,43892498,44371983
4745,43892498,44371983
4746,43892498,44357201
4747,43892498,44357201
4748,43892498,44232047
4749,43892498,44583593
4750,43892498,44583593
4751,43892498,44583593
4752,43892498,44583593
4753,43892498,44583593
4754,43892498,44644145
4755,43892498,44644145
4756,43892498,44644145
4757,43892498,44292599
4758,43892498,44260688
4759,43892498,44260688
4760,43892498,44415232
4761,43892498,44415232
4762,43892498,44415232
4763,43892498,44415232
4764,43892498,44415232
4765,43892498,44415232
4766,43892498,44415232
4767,43892498,44415232
4768,43892498,44415232
4769,43892498,44415232
4770,43892498,44415232
4771,43892498,44415232
4772,43892498,44415232
4773,43892498,44415232
4774,43892498,44415232
4775,43892498,44415232
4776,43892498,44415232
4777,43892498,44415232
4778,43892498,44415232
4779,43892498,44415232
4780,43892498,44415232
4781,43892498,44415232
4782,43892498,44415232
4783,43892498,44401423
4784,43892498,44401423
4785,43892498,44401423
4786,43892498,44401423
4787,43892498,44401423
4788,43892498,44447525
4789,43892498,44447525
4790,43892498,44447525
4791,43892498,44447525
4792,43892498,44447525
4793,43892498,44447525
4794,43892498,44447525
4795,43892498,44447525
4796,43892498,44447525
4797,43892498,44447525
4798,43892498,44447525
4799,43892498,44447525
4800,43892498,44447525
4801,43892498,44447525
4802,43892498,44447525
4803,43892498,44447525
4804,43892498,44447525
4805,43892498,44447525
4806,43892498,44447525
4807,43892498,44407585
4808,43892498,44407585
4809,43892498,44407585
4810,43892498,44407585
4811,43892498,44407585
4812,43892498,44407585
4813,43892498,44407585
4814,43892498,44407585
4815,43892498,44407585
4816,43892498,44399576
4817,43892498,59768106
4818,43892498,62754152
4819,43892498,63457054
4820,43892498,61502730
4821,43892498,64377259
4822,43892498,63250431
4823,43892498,64075110
4824,43892498,68206906
4825,43892498,68889545
4826,43892498,68130024
4827,43892498,66969168
4828,43892498,68183721
4829,43892498,69809097
4830,43892498,69024272
4831,43892498,69676541
4832,43892498,67704628
4833,43892498,67161047
4834,43892498,66772293
4835,43892498,68172582
4836,43892498,68328787
4837,43892498,67626643
4838,43892498,68591061
4839,43892498,66366460
4840,43892498,65255398
4841,43892498,64865603
4842,43892498,64859673
4843,43892498,63607674
4844,43892498,63404611
4845,43892498,63504939
4846,43892498,64970459
4847,43892498,66934380
4848,43892498,65421121
4849,43892498,66771583
4850,43892498,67610114
4851,43892498,68158932
4852,43892498,69161179
4853,43892498,68286232
4854,43892498,65604426
4855,43892498,67272594
4856,43892498,67224154
4857,43892498,64252193
4858,43892498,64077209
4859,43892498,66346647
4860,43892498,66622577
4861,43892498,67316095
4862,43892498,66932552
4863,43892498,67041277
4864,43892498,67932845
4865,43892498,67418727
4866,43892498,68308808
4867,43892498,69639118
4868,43892498,67465842
4869,43892498,68083139
4870,43892498,67095455
4871,43892498,67071509
4872,43892498,63597692
4873,43892498,66558111
4874,43892498,66557991
4875,43892498,67353482
4876,43892498,66545868
4877,43892498,66064903
4878,43892498,64674827
4879,43892498,66956713
4880,43892498,67469943
4881,43892498,68338678
4882,43892498,65509954
4883,43892498,67515712
4884,43892498,68411539
4885,43892498,67433433
4886,43892498,66962359
4887,43892498,67686045
4888,43892498,69498797
4889,43892498,65690001
4890,43892498,63821295
4891,43892498,65655065
4892,43892498,66186701
4893,43892498,68040733
4894,43892498,68847780
4895,43892498,68344582
4896,43892498,67772655
4897,43892498,68724898
4898,43892498,69685953
4899,43892498,70458502
4900,43892498,70879297
4901,43892498,68789797
4902,43892498,69837587
4903,43892498,69760679
4904,43892498,68625030
4905,43892498,66382468
4906,43892498,66808010
4907,43892498,68095773
4908,43892498,69504937
4909,43892498,68334716
4910,43892498,71074899
4911,43892498,69923533
4912,43892498,67675558
4913,43892498,68820801
4914,43892498,69986246
4915,43892498,70899972
4916,43892498,71890771
4917,43892498,74495893
4918,43892498,73532144
4919,43892498,67904136
4920,43892498,66279563
4921,43892498,66862338
4922,43892498,67097068
4923,43892498,67600383
4924,43892498,66897770
4925,43892498,67432174
4926,43892498,66712286
4927,43892498,67970283
4928,43892498,69176949
4929,43892498,70658440
4930,43892498,69961346
4931,43892498,68824266
4932,43892498,67390704
4933,43892498,66967526
4934,43892498,66482418
4935,43892498,65702892
4936,43892498,68923347
4937,43892498,67885448
4938,43892498,67791047
4939,43892498,66770193
4940,43892498,67742401
4941,43892498,66190862
4942,43892498,65735127
4943,43892498,66809472
4944,43892498,68015409
4945,43892498,65368221
4946,43892498,67393338
4947,43892498,67540794
4948,43892498,65461422
4949,43892498,67189793
4950,43892498,66510907
4951,43892498,66114639
4952,43892498,65452879
4953,43892498,66607994
4954,43892498,65708228
4955,43892498,65872911
4956,43892498,63844936
4957,43892498,64577637
4958,43892498,66050704
4959,43892498,66111028
4960,43892498,65304808
4961,43892498,67144829
4962,43892498,65608573
4963,43892498,63931962
4964,43892498,65767989
4965,43892498,65279799
4966,43892498,65411599
4967,43892498,66573220
4968,43892498,65712485
4969,43892498,64318155
4970,43892498,62833868
4971,43892498,66004124
4972,43892498,67694141
4973,43892498,67305950
4974,43892498,66812340
4975,43892498,68231484
4976,43892498,66394848
4977,43892498,67491044
4978,43892498,67406428
4979,43892498,67023534
4980,43892498,68160323
4981,43892498,66422038
4982,43892498,68229757
4983,43892498,67816995
4984,43892498,70513652
4985,43892498,68448746
4986,43892498,68752864
4987,43892498,69212193
4988,43892498,69582709
4989,43892498,69229793
4990,43892498,68375768
4991,43892498,65467744
4992,43892498,66693075
4993,43892498,67546872
4994,43892498,66932904
4995,43892498,66198341
4996,43892498,67227163
4997,43892498,67247545
4998,43892498,66505607
4999,43892498,65481640
5000,43892498,66605395
5001,43892498,66302242
5002,43892498,65929680
5003,43892498,69080863
5004,43892498,69149158
5005,43892498,68294174
5006,43892498,69354743
5007,43892498,69771092
5008,43892498,65761625
5009,43892498,66487877
5010,43892498,66798810
5011,43892498,67064937
5012,43892498,68554518
5013,43892498,68080474
5014,43892498,69407922
5015,43892498,69599452
5016,43892498,69326882
5017,43892498,67106681
5018,43892498,67455937
5019,43892498,69591938
5020,43892498,69843933
5021,43892498,67416005
5022,43892498,69274902
5023,43892498,68146905
5024,43892498,65961849
5025,43892498,63310642
5026,43892498,65639676
5027,43892498,69591738
5028,43892498,67726077
5029,43892498,66929736
5030,43892498,69086513
5031,43892498,67677997
5032,43892498,68982242
5033,43892498,67208889
5034,43892498,66999052
5035,43892498,65932512
5036,43892498,66930495
5037,43892498,67894074
5038,43892498,66851426
5039,43892498,67026726
5040,43892498,66106116
5041,43892498,65848792
5042,43892498,65913353
5043,43892498,65478010
5044,43892498,66368103
5045,43892498,65966398
5046,43892498,65861676
5047,43892498,62953531
5048,43892498,62965013
5049,43892498,66130630
5050,43892498,66381169
5051,43892498,67660117
5052,43892498,68933102
5053,43892498,68073205
5054,43892498,64294966
5055,43892498,64435651
5056,43892498,66401671
5057,43892498,65054154
5058,43892498,64414167
5059,43892498,66637123
5060,43892498,66146445
5061,43892498,66533847
5062,43892498,65319566
5063,43892498,64420610
5064,43892498,66222452
5065,43892498,65352496
5066,43892498,67399977
5067,43892498,66797328
5068,43892498,68169566
5069,43892498,68897995
5070,43892498,67177646
5071,43892498,66451535
5072,43892498,69607276
5073,43892498,67296631
5074,43892498,63437065
5075,43892498,64484403
5076,43892498,67754389
5077,43892498,67561617
5078,43892498,66798162
5079,43892498,65648287
5080,43892498,64252103
5081,43892498,66864467
5082,43892498,67120044
5083,43892498,66957067
5084,43892498,67332231
5085,43892498,67992179
5086,43892498,68967985
5087,43892498,67714564
5088,43892498,68596070
5089,43892498,68192070
5090,43892498,67414458
5091,43892498,66174684
5092,43892498,68461393
5093,43892498,68733484
5094,43892498,66713847
5095,43892498,66963467
5096,43892498,67413383
5097,43892498,66205776
5098,43892498,68648811
5099,43892498,67941040
5100,43892498,67628350
5101,43892498,67442116
5102,43892498,65584533
5103,43892498,68012516
5104,43892498,67971615
5105,43892498,67107077
5106,43892498,66284895
5107,43892498,63997263
5108,43892498,65036041
5109,43892498,65813418
5110,43892498,68326736
5111,43892498,66651162
5112,43892498,68796786
5113,43892498,69213195
5114,43892498,69684254
5115,43892498,69226123
5116,43892498,67730354
5117,43892498,68028347
5118,43892498,69995567
5119,43892498,67538868
5120,43892498,66214946
5121,43892498,64879476
5122,43892498,67002633
5123,43892498,65722674
5124,43892498,64791417
5125,43892498,65391245
5126,43892498,66658570
5127,43892498,66953242
5128,43892498,64584133
5129,43892498,64493454
5130,43892498,69742086
5131,43892498,69664584
5132,43892498,69746391
5133,43892498,69189446
5134,43892498,72069079
5135,43892498,68725149
5136,43892498,70112070
5137,43892498,69836042
5138,43892498,70484669
5139,43892498,66629201
5140,43892498,66967290
5141,43892498,69805771
5142,43892498,70378301
5143,43892498,72162855
5144,43892498,72288537
5145,43892498,73076205
5146,43892498,69341945
5147,43892498,69807294
5148,43892498,71832489
5149,43892498,71067545
5150,43892498,71458703
5151,43892498,71555224
5152,43892498,70566381
5153,43892498,72568653
5154,43892498,70672051
5155,43892498,71251980
5156,43892498,70629486
5157,43892498,68985622
5158,43892498,68253302
5159,43892498,69318939
5160,43892498,67718559
5161,43892498,70977146
5162,43892498,69574536
5163,43892498,68686951
5164,43892498,69579434
5165,43892498,68689245
5166,43892498,67269605
5167,43892498,64480488
5168,43892498,65691457
5169,43892498,65381519
5170,43892498,66438492
5171,43892498,66025654
5172,43892498,67181242
5173,43892498,68108961
5174,43892498,68485505
5175,43892498,69143142
5176,43892498,70175962
5177,43892498,70099577
5178,43892498,73500970
5179,43892498,75034277
5180,43892498,72854120
5181,43892498,71567342
5182,43892498,70975428
5183,43892498,72486911
5184,43892498,72484262
5185,43892498,72420300
5186,43892498,70835785
5187,43892498,68680150
5188,43892498,70103006
5189,43892498,68892681
5190,43892498,69009502
5191,43892498,68271238
5192,43892498,69278734
5193,43892498,69995911
5194,43892498,69861296
5195,43892498,68286768
5196,43892498,66533591
5197,43892498,69007717
5198,43892498,68025887
5199,43892498,68589075
5200,43892498,72056064
5201,43892498,71544697
5202,43892498,69874835
5203,43892498,71008425
5204,43892498,71670576
5205,43892498,70620649
5206,43892498,70887252
5207,43892498,69200005
5208,43892498,69308780
5209,43892498,70071792
5210,43892498,66550261
5211,43892498,66208746
5212,43892498,66330926
5213,43892498,67078218
5214,43892498,69176720
5215,43892498,70098669
5216,43892498,67786488
5217,43892498,66735905
5218,43892498,43892498
5219,43892498,43892498
5220,43852558,43852558
5221,43852558,43852558
5222,43852558,43852558
5223,43852558,43852558
5224,43852558,43852558
5225,43852558,43852558
5226,43852558,43852558
5227,43852558,43852558
5228,43852558,43852558
5229,43852558,43852558
5230,43852558,43852558
5231,43852558,43852558
5232,43852558,43852558
5233,43852558,43852558
5234,43844549,43844549
5235,43844549,43844549
5236,43844549,43844549
5237,43844549,43844549
5238,43844549,43844549
5239,43844549,43844549
5240,43844549,43894388
5241,43844549,43894388
5242,43844549,43894388
5243,43844549,43894388
5244,43844549,43860699
5245,43844549,43860699
5246,43844549,43860699
5247,43844549,43860699
5248,43844549,43860699
5249,43844549,43860699
5250,43844549,43860699
5251,43844549,43860699
5252,43844549,43860699
5253,43844549,43860699
5254,43844549,43860699
5255,43844549,43860699
5256,43844549,43860699
5257,43844549,43860699
5258,43844549,43860699
5259,43844549,43860699
5260,43844549,43860699
5261,43844549,43860699
5262,43844549,43860699
5263,43844549,43860699
5264,43844549,43860699
5265,43844549,43860699
5266,43844549,43860699
5267,43844549,43860699
5268,43844549,43860699
5269,43844549,43860699
5270,43844549,43860699
5271,43844549,43860699
5272,43844549,43860699
5273,43832564,43832564
5274,43832564,43832564
5275,43832564,43832564
5276,43832564,43832564
5277,43832564,43832564
5278,43832564,43832564
5279,43832564,43832564
5280,43832564,43832564
5281,43832564,43832564
5282,43832564,43832564
5283,43832564,43832564
5284,43832564,43832564
5285,43832564,43832564
5286,43832564,43832564
5287,43832564,43832564
5288,43832564,43832564
5289,43832564,43832564
5290,43832564,43832564
5291,43832564,43832564
5292,43832564,43832564
5293,43832564,43832564
5294,43832564,43832564
5295,43832564,43832564
5296,43832564,43832564
5297,43832564,43918823
5298,43832564,43918823
5299,43832564,43918823
5300,43832564,43918823
5301,43832564,43918823
5302,43832564,43918823
5303,43832564,43918823
5304,43832564,43918823
5305,43832564,43918823
5306,43832564,43915701
5307,43832564,43915701
5308,43832564,43915701
5309,43832564,43915701
5310,43832564,43915701
5311,43832564,43915701
5312,43832564,43915701
5313,43832564,43915701
5314,43832564,43915701
5315,43832564,43917311
5316,43832564,43917311
5317,43832564,43917311
5318,43832564,43917311
5319,43832564,43917311
5320,43832564,43917311
5321,43832564,43917311
5322,43832564,43917311
5323,43832564,43917311
5324,43832564,43917311
5325,43832564,43917311
5326,43832564,43917311
5327,43832564,43917311
5328,43828330,43828330
5329,43828330,43828330
5330,43828330,43828330
5331,43828330,43828330
5332,43828330,43828330
5333,43828330,43828330
5334,43828330,43828330
5335,43828330,43828330
5336,43828330,43828330
5337,43828330,43828330
5338,43828330,43828330
5339,43828330,43828330
5340,43828330,43828330
5341,43828330,43828330
5342,43828330,43828330
5343,43828330,43828330
5344,43828330,43828330
5345,43822493,43822493
5346,43822493,43822493
5347,43822493,43822493
5348,43822493,43822493
5349,43822493,43822493
5350,43822493,43822493
5351,43822493,43822493
5352,43822493,43822493
5353,43822493,43822493
5354,43822493,43822493
5355,43812126,43812126
5356,43812126,43812126
5357,43812126,43812126
5358,43812126,43812126
5359,43812126,43812126
5360,43812126,43812126
5361,43812126,43814172
5362,43812126,43814172
5363,43812126,43814172
5364,43812126,43814172
5365,43812126,43826275
5366,43770918,43770918
5367,43742948,43742948
5368,43742948,44043716
5369,43742948,44043716
5370,43742948,44043716
5371,43742948,44043716
5372,43742948,44043716
5373,43742948,44043716
5374,43742948,44043716
5375,43742948,44043716
5376,43742948,44043716
5377,43742948,44043716
5378,43742948,44043716
5379,43742948,44105633
5380,43742948,44105633
5381,43742948,44115161
5382,43742948,44115161
5383,43742948,44115161
5384,43742948,44115161
5385,43742948,44098635
5386,43742948,44098635
5387,43742948,44098635
5388,43742948,44098635
5389,43742948,44098635
5390,43742948,44098635
5391,43742948,44098635
5392,43742948,44098635
5393,43742948,44098635
5394,43742948,44098635
5395,43742948,44098635
5396,43742948,44098635
5397,43742948,44097025
5398,43742948,44097025
5399,43742948,44097025
5400,43742948,44096525
5401,43742948,44096525
5402,43742948,44096525
5403,43742948,44096525
5404,43742948,44096525
5405,43742948,44096525
5406,43742948,44096525
5407,43742948,44096525
5408,43742948,44201919
5409,43742948,44201886
5410,43742948,44201886
5411,43742948,44201886
5412,43742948,44201886
5413,43742948,44201886
5414,43742948,44201886
5415,43742948,44201886
5416,43742948,44201886
5417,43742948,44201886
5418,43742948,44192183
5419,43742948,44192183
5420,43742948,44192183
5421,43742948,44192183
5422,43742948,44192183
5423,43742948,44192183
5424,43742948,44192183
5425,43742948,44192183
5426,43742948,44192183
5427,43742948,44192183
5428,43742948,44192183
5429,43742948,44192183
5430,43742948,44232420
5431,43742948,44232420
5432,43742948,44232420
5433,43742948,44283555
5434,43742948,44283555
5435,43742948,44283555
5436,43742948,44283555
5437,43742948,44283555
5438,43742948,44293922
5439,43742948,44293922
5440,43742948,44293922
5441,43742948,44293922
5442,43742948,44293922
5443,43742948,44293922
5444,43742948,44279153
5445,43742948,44279153
5446,43742948,44279153
5447,43742948,44279153
5448,43742948,44279153
5449,43742948,44279153
5450,43742948,44279153
5451,43742948,44279153
5452,43742948,44279153
5453,43742948,44279153
5454,43742948,44279153
5455,43742948,44279153
5456,43742948,44279153
5457,43742948,44279153
5458,43742948,44279153
5459,43742948,44279153
5460,43742948,44279153
5461,43742948,44279153
5462,43742948,44279153
5463,43742948,44279153
5464,43742948,44279153
5465,43742948,44279153
5466,43742948,44279153
5467,43742948,44230306
5468,43742948,44230306
5469,43742948,44230306
5470,43742948,44228484
5471,43742948,44228484
5472,43742948,44228484
5473,43742948,44228484
5474,43742948,44228484
5475,43742948,44228484
5476,43742948,44228484
5477,43742948,44228484
5478,43742948,44228484
5479,43742948,44228484
5480,43742948,44228484
5481,43742948,44228484
5482,43742948,44228484
5483,43742948,44228484
5484,43742948,44228484
5485,43742948,44228483
5486,43742948,44228483
5487,43742948,44348913
5488,43742948,44348913
5489,43742948,44348913
5490,43742948,44316252
5491,43742948,44316252
5492,43742948,44316252
5493,43742948,44316252
5494,43742948,44316252
5495,43742948,44316252
5496,43742948,44316252
5497,43742948,44316252
5498,43742948,44316252
5499,43742948,44318887
5500,43742948,44318887
5501,43742948,44318887
5502,43742948,44318887
5503,43742948,44318887
5504,43742948,44318887
5505,43742948,44318956
5506,43742948,44287768
5507,43742948,44279810
5508,43742948,44279810
5509,43742948,44265587
5510,43742948,44265587
5511,43742948,44265587
5512,43742948,44265587
5513,43742948,44265587
5514,43742948,44265587
5515,43742948,44265587
5516,43742948,44265587
5517,43742948,44265587
5518,43742948,44265587
5519,43742948,44265587
5520,43742948,44265587
5521,43742948,44265587
5522,43742948,44265587
5523,43742948,44265587
5524,43742948,44265587
5525,43742948,44265587
5526,43742948,44265587
5527,43742948,44265587
5528,43742948,44265587
5529,43742948,44265587
5530,43742948,44265587
5531,43742948,44265587
5532,43742948,44265587
5533,43742948,44265587
5534,43742948,44451271
5535,43742948,44451271
5536,43742948,44451271
5537,43742948,44262486
5538,43742948,44252119
5539,43742948,44252119
5540,43742948,44252119
5541,43742948,44252119
5542,43742948,44252119
5543,43742948,44252119
5544,43742948,44252119
5545,43742948,44252119
5546,43742948,44252119
5547,43742948,44279589
5548,43742948,44279589
5549,43742948,44279589
5550,43742948,44279589
5551,43742948,44492520
5552,43742948,44508175
5553,43742948,44508175
5554,43742948,44508175
5555,43742948,44508175
5556,43742948,44534503
5557,43742948,44534503
5558,43742948,44534503
5559,43742948,44534503
5560,43742948,44534503
5561,43742948,44534503
5562,43742948,44528578
5563,43742948,44528578
5564,43742948,44528578
5565,43742948,44528578
5566,43742948,44528578
5567,43742948,62635834
5568,43742948,65927481
5569,43742948,65455462
5570,43742948,68138850
5571,43742948,66075292
5572,43742948,65826138
5573,43742948,65622721
5574,43742948,65818816
5575,43742948,65199109
5576,43742948,65939431
5577,43742948,67022116
5578,43742948,66658165
5579,43742948,66472045
5580,43742948,67817357
5581,43742948,69555165
5582,43742948,68308723
5583,43742948,67668021
5584,43742948,68943294
5585,43742948,68648946
5586,43742948,69107147
5587,43742948,69832993
5588,43742948,69998621
5589,43742948,69230792
5590,43742948,67262034
5591,43742948,69551449
5592,43742948,68959688
5593,43742948,69514207
5594,43742948,71291370
5595,43742948,71166391
5596,43742948,69538904
5597,43742948,70611221
5598,43742948,70199659
5599,43742948,67682995
5600,43742948,67418098
5601,43742948,68624462
5602,43742948,70323195
5603,43742948,69317913
5604,43742948,70257449
5605,43742948,70469503
5606,43742948,69450972
5607,43742948,66664077
5608,43742948,65112350
5609,43742948,66169797
5610,43742948,65982912
5611,43742948,66089654
5612,43742948,65786360
5613,43742948,65725221
5614,43742948,67444751
5615,43742948,66981838
5616,43742948,68618138
5617,43742948,67799983
5618,43742948,67291334
5619,43742948,67073750
5620,43742948,69070498
5621,43742948,70068286
5622,43742948,69909927
5623,43742948,68804645
5624,43742948,69360025
5625,43742948,71302586
5626,43742948,70582800
5627,43742948,69854060
5628,43742948,66434798
5629,43742948,67829218
5630,43742948,69921716
5631,43742948,68176777
5632,43742948,66202293
5633,43742948,64660484
5634,43742948,66825465
5635,43742948,67484734
5636,43742948,66456345
5637,43742948,66738386
5638,43742948,68356008
5639,43742948,65627559
5640,43742948,65510043
5641,43742948,65710059
5642,43742948,64520889
5643,43742948,65237138
5644,43742948,64489723
5645,43742948,62996035
5646,43742948,64456958
5647,43742948,64704925
5648,43742948,62924440
5649,43742948,65566345
5650,43742948,64567534
5651,43742948,64101533
5652,43742948,62893087
5653,43742948,65750018
5654,43742948,68171180
5655,43742948,68381404
5656,43742948,69549100
5657,43742948,69619418
5658,43742948,67069009
5659,43742948,66003407
5660,43742948,65122262
5661,43742948,65960602
5662,43742948,65895145
5663,43742948,67451606
5664,43742948,66040678
5665,43742948,66119530
5666,43742948,68136241
5667,43742948,69828741
5668,43742948,68240840
5669,43742948,65221970
5670,43742948,66046541
5671,43742948,67938377
5672,43742948,67234363
5673,43742948,64512870
5674,43742948,65227435
5675,43742948,68960345
5676,43742948,66357037
5677,43742948,66791666
5678,43742948,66663426
5679,43742948,65331853
5680,43742948,68779665
5681,43742948,68107768
5682,43742948,69467284
5683,43742948,68950173
5684,43742948,69208014
5685,43742948,69763044
5686,43742948,68702479
5687,43742948,66835508
5688,43742948,65928075
5689,43742948,65181844
5690,43742948,66108017
5691,43742948,64902998
5692,43742948,65908478
5693,43742948,66128199
5694,43742948,67633746
5695,43742948,67331092
5696,43742948,66886303
5697,43742948,66189058
5698,43742948,62797340
5699,43742948,62038109
5700,43742948,63803445
5701,43742948,63603535
5702,43742948,65985756
5703,43742948,65039693
5704,43742948,65071942
5705,43742948,65359065
5706,43742948,65575623
5707,43742948,65183282
5708,43742948,64762975
5709,43742948,65597305
5710,43742948,65197149
5711,43742948,65880840
5712,43742948,67458361
5713,43742948,67614885
5714,43742948,69126988
5715,43742948,67937638
5716,43742948,70343331
5717,43742948,67495336
5718,43742948,66763877
5719,43742948,66886075
5720,43742948,67227324
5721,43742948,68112144
5722,43742948,67961892
5723,43742948,68698808
5724,43742948,65764574
5725,43742948,65949313
5726,43742948,69283284
5727,43742948,70421253
5728,43742948,67961494
5729,43742948,66437976
5730,43742948,69111923
5731,43742948,65945565
5732,43742948,65790098
5733,43742948,66104872
5734,43742948,65943440
5735,43742948,67650492
5736,43742948,68092141
5737,43742948,67369413
5738,43742948,66309330
5739,43742948,66301594
5740,43742948,64959683
5741,43742948,65207200
5742,43742948,66814206
5743,43742948,66584107
5744,43742948,65523895
5745,43742948,64094653
5746,43742948,65418885
5747,43742948,67195801
5748,43742948,68860082
5749,43742948,65578344
5750,43742948,66326714
5751,43742948,66124428
5752,43742948,67023948
5753,43742948,64730023
5754,43742948,65257353
5755,43742948,66013825
5756,43742948,67022619
5757,43742948,66825499
5758,43742948,66294694
5759,43742948,65780534
5760,43742948,66636664
5761,43742948,69249438
5762,43742948,67980204
5763,43742948,68320885
5764,43742948,68861909
5765,43742948,67674726
5766,43742948,68675004
5767,43742948,65152985
5768,43742948,65521829
5769,43742948,64770469
5770,43742948,64537770
5771,43742948,64853263
5772,43742948,66798774
5773,43742948,64892992
5774,43742948,66132923
5775,43742948,66180539
5776,43742948,68396577
5777,43742948,67259731
5778,43742948,66557055
5779,43742948,67599027
5780,43742948,67086914
5781,43742948,69196720
5782,43742948,67842012
5783,43742948,68582548
5784,43742948,69893567
5785,43742948,72586008
5786,43742948,68525567
5787,43742948,67453690
5788,43742948,69063374
5789,43742948,68989142
5790,43742948,67640230
5791,43742948,67734937
5792,43742948,70696791
5793,43742948,68692945
5794,43742948,68476389
5795,43742948,66731558
5796,43742948,68348090
5797,43742948,65724681
5798,43742948,68328904
5799,43742948,65824324
5800,43742948,69443693
5801,43742948,67974074
5802,43742948,67168651
5803,43742948,66998576
5804,43742948,64256556
5805,43742948,66762839
5806,43742948,65278727
5807,43742948,68101349
5808,43742948,65829821
5809,43742948,67479346
5810,43742948,68058398
5811,43742948,64463367
5812,43742948,65020757
5813,43742948,66724187
5814,43742948,67497487
5815,43742948,68702424
5816,43742948,70726809
5817,43742948,69033959
5818,43742948,70146969
5819,43742948,67786075
5820,43742948,67614706
5821,43742948,68007741
5822,43742948,67954936
5823,43742948,70400508
5824,43742948,68895698
5825,43742948,68886804
5826,43742948,69489270
5827,43742948,69853352
5828,43742948,68516580
5829,43742948,69241222
5830,43742948,68630489
5831,43742948,68430432
5832,43742948,67253200
5833,43742948,66413055
5834,43742948,65621706
5835,43742948,65338077
5836,43742948,66326614
5837,43742948,67153697
5838,43742948,64676222
5839,43742948,68062077
5840,43742948,66605251
5841,43742948,67489010
5842,43742948,66858287
5843,43742948,68531261
5844,43742948,68687849
5845,43742948,71219380
5846,43742948,70566069
5847,43742948,70362185
5848,43742948,70496204
5849,43742948,70761459
5850,43742948,68448149
5851,43742948,66775117
5852,43742948,67282072
5853,43742948,63584985
5854,43742948,65162529
5855,43742948,66287148
5856,43742948,66947613
5857,43742948,66991616
5858,43742948,68458483
5859,43742948,66665199
5860,43742948,65536749
5861,43742948,65116270
5862,43742948,64134801
5863,43742948,65742886
5864,43742948,64712172
5865,43742948,65003502
5866,43742948,66782198
5867,43742948,68696290
5868,43742948,69413150
5869,43742948,68079942
5870,43742948,67313572
5871,43742948,67285991
5872,43742948,67771954
5873,43742948,68153368
5874,43742948,69281276
5875,43742948,67712710
5876,43742948,68288004
5877,43742948,68520825
5878,43742948,67961423
5879,43742948,70012681
5880,43742948,69163049
5881,43742948,69782190
5882,43742948,69138956
5883,43742948,67919172
5884,43742948,68597696
5885,43742948,70628470
5886,43742948,69728156
5887,43742948,70441089
5888,43742948,71645354
5889,43742948,70352339
5890,43742948,68695277
5891,43742948,68861848
5892,43742948,67818502
5893,43742948,67405170
5894,43742948,65460713
5895,43742948,63302836
5896,43742948,64001156
5897,43742948,65771896
5898,43742948,66715554
5899,43742948,67722357
5900,43742948,68256414
5901,43742948,66869019
5902,43742948,63977275
5903,43742948,63922740
5904,43742948,64556837
5905,43742948,66644777
5906,43742948,68177733
5907,43742948,66186108
5908,43742948,67451252
5909,43742948,68984439
5910,43742948,69735942
5911,43742948,70860768
5912,43742948,69534644
5913,43742948,69547794
5914,43742948,70474325
5915,43742948,69751096
5916,43742948,67907176
5917,43742948,69680558
5918,43742948,70141159
5919,43742948,69404796
5920,43742948,68092828
5921,43742948,69063784
5922,43742948,69074189
5923,43742948,69928433
5924,43742948,72809130
5925,43742948,72205482
5926,43742948,71976020
5927,43742948,73655265
5928,43742948,72901434
5929,43742948,73155459
5930,43742948,70398142
5931,43742948,69558948
5932,43742948,71060242
5933,43742948,71661545
5934,43742948,71195925
5935,43742948,72869369
5936,43742948,72212633
5937,43742948,74584950
5938,43742948,75851326
5939,43742948,73095843
5940,43742948,74374422
5941,43742948,72400520
5942,43742948,72369963
5943,43742948,70014335
5944,43742948,68832855
5945,43742948,68840856
5946,43742948,70514922
5947,43742948,69982642
5948,43742948,69978130
5949,43742948,68305176
5950,43742948,69141438
5951,43742948,68332446
5952,43742948,67288683
5953,43742948,68480287
5954,43742948,69369330
5955,43742948,68741586
5956,43742948,69262139
5957,43742948,68896638
5958,43742948,69414671
5959,43742948,67619395
5960,43742948,67358105
5961,43742948,67510632
5962,43742948,69105840
5963,43742948,66097427
5964,43742948,68455592
5965,43742948,69317283
5966,43742948,70432067
5967,43742948,71683702
5968,43742948,43742948
5969,43742948,43742948
5970,43742948,43742948
5971,43742948,43742948
5972,43742948,43742948
5973,43742948,43742948
5974,43742948,43742948
5975,43742948,43742948
5976,43742948,43742948
5977,43742948,43742948
5978,43713757,43713757
5979,43713757,43742021
5980,43713757,43742021
5981,43713757,43742021
5982,43713757,43742021
5983,43713757,43742021
5984,43713757,43750030
5985,43713757,43750030
5986,43713757,43750030
5987,43713757,43750030
5988,43713757,43750030
5989,43713757,44367701
5990,43713757,44367701
5991,43713757,44367701
5992,43713757,43908501
5993,43713757,43908501
5994,43713757,43942330
5995,43713757,43942330
5996,43713757,43942330
5997,43713757,43942330
5998,43713757,43942330
5999,43713757,43942330
6000,43713757,43942330
6001,43713757,43942330
6002,43713757,43942330
6003,43713757,43942330
6004,43713757,43942330
6005,43713757,43942330
6006,43713757,43942330
6007,43713757,43942330
6008,43713757,43942330
6009,43713757,43942330
6010,43713757,43942330
6011,43713757,43905233
6012,43713757,43905233
6013,43713757,43911318
6014,43713757,43911318
6015,43713757,43911318
6016,43713757,43911318
6017,43713757,43911318
6018,43713757,43911318
6019,43713757,43911318
6020,43713757,43943959
6021,43713757,43943959
6022,43713757,43943959
6023,43713757,43943959
6024,43713757,43943959
6025,43713757,43943959
6026,43713757,43954326
6027,43713757,43954326
6028,43713757,43954326
6029,43713757,43954326
6030,43713757,43954326
6031,43713757,43954326
6032,43713757,43954326
6033,43713757,43954326
6034,43713757,43954326
6035,43713757,43954326
6036,43713757,43954326
6037,43713757,43954326
6038,43713757,43954326
6039,43713757,43997165
6040,43713757,43997165
6041,43713757,43997165
6042,43713757,43997165
6043,43713757,43997165
6044,43713757,43997165
6045,43713757,43997165
6046,43713757,43997165
6047,43713757,43997165
6048,43713757,43997165
6049,43713757,43997165
6050,43713757,43997165
6051,43713757,43997165
6052,43713757,43995399
6053,43713757,43968737
6054,43713757,43968737
6055,43713757,43968737
6056,43713757,43968737
6057,43713757,43968737
6058,43713757,43968737
6059,43713757,43968737
6060,43713757,43968737
6061,43713757,43968737
6062,43713757,43968737
6063,43713757,44034010
6064,43713757,43944074
6065,43713757,43944074
6066,43713757,43944074
6067,43713757,43944074
6068,43713757,43944074
6069,43713757,43944074
6070,43713757,43944074
6071,43713757,43944074
6072,43713757,43944074
6073,43713757,43944074
6074,43713757,43944074
6075,43713757,43944074
6076,43713757,43944074
6077,43713757,43944074
6078,43713757,43944074
6079,43713757,43944074
6080,43713757,43944074
6081,43713757,43944074
6082,43713757,43944074
6083,43713757,43944074
6084,43713757,43870830
6085,43713757,43870830
6086,43713757,43870830
6087,43713757,43870830
6088,43713757,43870830
6089,43713757,43870830
6090,43713757,43870830
6091,43713757,43870830
6092,43713757,43870830
6093,43713757,43870830
6094,43713757,43870830
6095,43713757,43870830
6096,43713757,43870830
6097,43713757,43870830
6098,43713757,43870830
6099,43713757,43792892
6100,43713757,43792892
6101,43713757,43792892
6102,43713757,43792892
6103,43713757,43792892
6104,43713757,43792892
6105,43713757,43792892
6106,43713757,43792892
6107,43713757,43792892
6108,43713757,43792892
6109,43713757,43792892
6110,43713757,43792892
6111,43713757,43792892
6112,43713757,43792892
6113,43713757,43826179
6114,43713757,43803673
6115,43713757,43803673
6116,43713757,43803673
6117,43713757,43803673
6118,43713757,43803673
6119,43713757,43763773
6120,43713757,43732585
6121,43713757,43732585
6122,43713757,43732585
6123,43713757,43732585
6124,43713757,43732585
6125,43713757,43732585
6126,43713757,43732585
6127,43713757,43732585
6128,43713757,43732585
6129,43713757,43732585
6130,43713757,43732585
6131,43713757,43732585
6132,43713757,43732585
6133,43713757,43731631
6134,43713757,43731631
6135,43713757,43731631
6136,43713757,43731631
6137,43713757,43731631
6138,43713757,43731631
6139,43713757,43766282
6140,43713757,43766282
6141,43713757,43766282
6142,43713757,43766282
6143,43713757,43766282
6144,43713757,43766282
6145,43713757,43766282
6146,43713757,43766282
6147,43713757,43766282
6148,43713757,43766282
6149,43713757,43766282
6150,43713757,43766282
6151,43713757,43766282
6152,43713757,43766282
6153,43713757,43766282
6154,43713757,43766282
6155,43713757,43766282
6156,43713757,43761345
6157,43713757,43761345
6158,43713757,43761345
6159,43713757,43761345
6160,43713757,43761345
6161,43713757,43761345
6162,43713757,43761345
6163,43713757,43761345
6164,43713757,43761345
6165,43713757,43761345
6166,43713757,43761345
6167,43713757,43761345
6168,43673860,43673860
6169,43673860,43673860
6170,43673860,43673860
6171,43673860,43673860
6172,43673860,43673860
6173,43673860,43673860
6174,43673860,43673860
6175,43673860,43673860
6176,43673860,43673860
6177,43673860,43673860
6178,43673860,43673860
6179,43673860,43673860
6180,43673860,43673860
6181,43673860,43673860
6182,43673860,43673860
6183,43673860,43673860
6184,43673860,43673860
6185,43673860,43673860
6186,43673860,43673860
6187,43673860,43673860
6188,43673860,43673860
6189,43673860,43673860
6190,43673860,43673860
6191,43673860,43673860
6192,43673860,43673860
6193,43644129,43644129
6194,43644129,43644129
6195,43644129,43644129
6196,43644129,43644129
6197,43644129,43645976
6198,43644129,43645976
6199,43644129,43645976
6200,43644129,43645976
6201,43644129,43645976
6202,43644129,43645976
6203,43644129,43645976
6204,43644129,43645976
6205,43644129,43645976
6206,43644129,43645976
6207,43644129,43645976
6208,43644129,43645976
6209,43644129,43645976
6210,43644129,43645976
6211,43644129,43645976
6212,43644129,43645976
6213,43644129,43645976
6214,43634826,43634826
6215,43634826,43634826
6216,43634826,43634826
6217,43630313,43630313
6218,43630313,43630313
6219,43630313,43630313
6220,43630313,43630313
6221,43630313,43630313
6222,43630313,43630313
6223,43630313,43630313
6224,43630313,43630313
6225,43630313,43630313
6226,43630313,43630313
6227,43630313,43630313
6228,43630313,43630313
6229,43630313,43630313
6230,43630313,43630313
6231,43630313,43630313
6232,43630313,43632829
6233,43630313,43632829
6234,43630313,43632829
6235,43630313,43632829
6236,43630313,43632829
6237,43630313,43632829
6238,43630313,43632829
6239,43630313,43632829
6240,43630313,43632829
6241,43630313,43631564
6242,43630313,43631564
6243,43630313,43631564
6244,43630313,43631564
6245,43630313,43631564
6246,43630313,43631564
6247,43630313,43631564
6248,43568490,43568490
6249,43568490,43568490
6250,43568490,43568490
6251,43568490,43568490
6252,43568490,43568490
6253,43568490,43568490
6254,43568490,43762065
6255,43568490,43888172
6256,43568490,43888172
6257,43568490,43888172
6258,43568490,43888172
6259,43568490,43888172
6260,43568490,43888172
6261,43568490,43888172
6262,43568490,43837278
6263,43568490,43868434
6264,43568490,43868434
6265,43568490,43868434
6266,43568490,43868434
6267,43568490,43868434
6268,43568490,43868434
6269,43568490,43868434
6270,43568490,43868434
6271,43568490,43868434
6272,43568490,43868434
6273,43568490,43868434
6274,43568490,43847804
6275,43568490,43847804
6276,43568490,43847804
6277,43568490,43760038
6278,43568490,43760038
6279,43568490,43751691
6280,43568490,43767149
6281,43568490,43767149
6282,43568490,43767149
6283,43568490,43767149
6284,43568490,43768074
6285,43568490,43768074
6286,43568490,43768074
6287,43568490,43768074
6288,43568490,43768074
6289,43568490,43768074
6290,43568490,43768074
6291,43568490,43768074
6292,43568490,43768074
6293,43568490,43768074
6294,43568490,43768074
6295,43568490,43768074
6296,43568490,43730147
6297,43568490,43730147
6298,43568490,43730147
6299,43568490,43730147
6300,43568490,43730147
6301,43568490,43730147
6302,43568490,43730147
6303,43568490,43730147
6304,43568490,43730147
6305,43568490,43730147
6306,43568490,43730147
6307,43568490,43831628
6308,43568490,43831628
6309,43568490,43831628
6310,43568490,43751419
6311,43568490,43751419
6312,43568490,43751419
6313,43568490,43751419
6314,43568490,43751419
6315,43568490,43751419
6316,43568490,43751419
6317,43568490,43751419
6318,43568490,43751419
6319,43568490,43751419
6320,43568490,43751419
6321,43568490,43751419
6322,43568490,43751419
6323,43568490,43808730
6324,43568490,43808730
6325,43568490,43808730
6326,43568490,43808730
6327,43568490,43768488
6328,43568490,43768488
6329,43568490,43768488
6330,43568490,43768488
6331,43568490,43768488
6332,43568490,43768488
6333,43568490,43768488
6334,43568490,43733149
6335,43568490,43733149
6336,43568490,43733149
6337,43568490,43733149
6338,43568490,43733149
6339,43568490,43733149
6340,43568490,43675838
6341,43568490,43675838
6342,43568490,43675838
6343,43568490,43675838
6344,43568490,43675838
6345,43568490,43675838
6346,43568490,43675838
6347,43568490,43675838
6348,43568490,43675838
6349,43568490,43675838
6350,43568490,43675838
6351,43568490,43675838
6352,43568490,43672825
6353,43568490,43672825
6354,43568490,43672825
6355,43568490,43672825
6356,43568490,43672825
6357,43568490,43672825
6358,43568490,43672825
6359,43568490,43672825
6360,43568490,43672825
6361,43568490,43759324
6362,43568490,43759324
6363,43568490,43759324
6364,43568490,43759324
6365,43568490,43759324
6366,43568490,43759324
6367,43568490,43759324
6368,43568490,43759324
6369,43568490,43759324
6370,43568490,43820749
6371,43568490,43820749
6372,43568490,43820749
6373,43568490,43763890
6374,43568490,43763890
6375,43568490,43763890
6376,43568490,43763890
6377,43568490,43763890
6378,43568490,43763890
6379,43568490,43763890
6380,43568490,43763890
6381,43568490,43763890
6382,43568490,43763890
6383,43568490,43763890
6384,43568490,43763890
6385,43568490,43763890
6386,43568490,43763890
6387,43568490,43763890
6388,43568490,43763890
6389,43568490,43763890
6390,43568490,43763890
6391,43568490,43763890
6392,43568490,43763890
6393,43568490,43763890
6394,43568490,43622806
6395,43568490,43622806
6396,43568490,43744537
6397,43568490,43744537
6398,43568490,43744537
6399,43568490,43744537
6400,43568490,43744537
6401,43568490,43744537
6402,43568490,43744537
6403,43568490,43744537
6404,43568490,43744537
6405,43568490,43744537
6406,43568490,43744537
6407,43568490,43744537
6408,43568490,43744537
6409,43568490,43744537
6410,43568490,43744537
6411,43568490,43744537
6412,43568490,43744537
6413,43568490,43744537
6414,43568490,43744537
6415,43568490,43744537
6416,43568490,43744537
6417,43568490,43744537
6418,43568490,43744537
6419,43568490,43744537
6420,43568490,43744537
6421,43568490,43744537
6422,43568490,43744537
6423,43568490,43744537
6424,43568490,43744537
6425,43568490,43744537
6426,43568490,43744538
6427,43568490,43744538
6428,43568490,43744538
6429,43568490,43744538
6430,43568490,43744538
6431,43568490,43744538
6432,43568490,43744538
6433,43568490,43744539
6434,43568490,43744539
6435,43568490,43744539
6436,43568490,43744539
6437,43568490,43722159
6438,43568490,43722159
6439,43568490,43722159
6440,43568490,43722159
6441,43568490,43722159
6442,43568490,43722159
6443,43568490,43722159
6444,43568490,43722159
6445,43568490,43722159
6446,43568490,43722159
6447,43568490,43722159
6448,43568490,59068015
6449,43568490,63719352
6450,43568490,65361934
6451,43568490,66892508
6452,43568490,66780185
6453,43568490,67774497
6454,43568490,68562957
6455,43568490,69661570
6456,43568490,71299309
6457,43568490,71795110
6458,43568490,70331873
6459,43568490,71727876
6460,43568490,71069254
6461,43568490,70295992
6462,43568490,69469281
6463,43568490,68070131
6464,43568490,69081505
6465,43568490,68915415
6466,43568490,68610318
6467,43568490,69096422
6468,43568490,67427779
6469,43568490,66518048
6470,43568490,69120895
6471,43568490,69812424
6472,43568490,67813191
6473,43568490,66605645
6474,43568490,67048579
6475,43568490,68032605
6476,43568490,68501222
6477,43568490,69329792
6478,43568490,69881313
6479,43568490,66829256
6480,43568490,66541055
6481,43568490,66571327
6482,43568490,67265068
6483,43568490,68175887
6484,43568490,68744718
6485,43568490,67637418
6486,43568490,69134623
6487,43568490,67504206
6488,43568490,69462206
6489,43568490,66339447
6490,43568490,65349643
6491,43568490,66444211
6492,43568490,65149536
6493,43568490,67422555
6494,43568490,69479712
6495,43568490,69543632
6496,43568490,70065415
6497,43568490,69988584
6498,43568490,65169415
6499,43568490,65525170
6500,43568490,66771369
6501,43568490,65442957
6502,43568490,65713288
6503,43568490,66197323
6504,43568490,68013124
6505,43568490,67388358
6506,43568490,65332233
6507,43568490,67699567
6508,43568490,67147020
6509,43568490,67199063
6510,43568490,67480099
6511,43568490,67581719
6512,43568490,68734763
6513,43568490,69781469
6514,43568490,69962245
6515,43568490,70071024
6516,43568490,70943004
6517,43568490,69850730
6518,43568490,69385083
6519,43568490,68836923
6520,43568490,66890794
6521,43568490,68219687
6522,43568490,66368662
6523,43568490,65884852
6524,43568490,67115767
6525,43568490,65118319
6526,43568490,64164001
6527,43568490,65136966
6528,43568490,67465430
6529,43568490,64850633
6530,43568490,65810988
6531,43568490,64854193
6532,43568490,64057345
6533,43568490,64324601
6534,43568490,64654168
6535,43568490,62494116
6536,43568490,64654345
6537,43568490,64981584
6538,43568490,66311607
6539,43568490,70695758
6540,43568490,70318573
6541,43568490,69922997
6542,43568490,71360126
6543,43568490,70540546
6544,43568490,71564129
6545,43568490,68675725
6546,43568490,70761488
6547,43568490,73544847
6548,43568490,72380210
6549,43568490,71504627
6550,43568490,73183431
6551,43568490,69828960
6552,43568490,68439014
6553,43568490,64725129
6554,43568490,69404981
6555,43568490,68289421
6556,43568490,67536039
6557,43568490,67112431
6558,43568490,66548233
6559,43568490,68101068
6560,43568490,66566638
6561,43568490,66278979
6562,43568490,64699271
6563,43568490,67476347
6564,43568490,69588662
6565,43568490,69381112
6566,43568490,68659358
6567,43568490,69358659
6568,43568490,71225604
6569,43568490,70612254
6570,43568490,71326178
6571,43568490,67497841
6572,43568490,70425767
6573,43568490,69653832
6574,43568490,69032312
6575,43568490,68427066
6576,43568490,67970584
6577,43568490,66323281
6578,43568490,64096118
6579,43568490,68072490
6580,43568490,67220939
6581,43568490,70462094
6582,43568490,69257214
6583,43568490,70464338
6584,43568490,67825428
6585,43568490,67294131
6586,43568490,68133571
6587,43568490,67875919
6588,43568490,67327326
6589,43568490,67679384
6590,43568490,68134920
6591,43568490,67329712
6592,43568490,67813956
6593,43568490,67617771
6594,43568490,68685829
6595,43568490,69068479
6596,43568490,67404803
6597,43568490,67268298
6598,43568490,67144663
6599,43568490,65552675
6600,43568490,65241890
6601,43568490,63108035
6602,43568490,65090753
6603,43568490,68167550
6604,43568490,66291064
6605,43568490,65651493
6606,43568490,65053070
6607,43568490,65828884
6608,43568490,66804980
6609,43568490,67454152
6610,43568490,66936105
6611,43568490,64764701
6612,43568490,64442110
6613,43568490,66136346
6614,43568490,66572534
6615,43568490,67576859
6616,43568490,66488258
6617,43568490,65828506
6618,43568490,68179442
6619,43568490,67122575
6620,43568490,68189763
6621,43568490,67079850
6622,43568490,66418794
6623,43568490,69036417
6624,43568490,67060435
6625,43568490,68503899
6626,43568490,68124836
6627,43568490,67489372
6628,43568490,65699012
6629,43568490,66600414
6630,43568490,69686164
6631,43568490,68417484
6632,43568490,68522707
6633,43568490,67123383
6634,43568490,67341715
6635,43568490,68670392
6636,43568490,66543142
6637,43568490,69883271
6638,43568490,69423870
6639,43568490,69782396
6640,43568490,69696724
6641,43568490,69418063
6642,43568490,68519909
6643,43568490,67263261
6644,43568490,66580517
6645,43568490,67244453
6646,43568490,68489278
6647,43568490,65524643
6648,43568490,66850511
6649,43568490,66317761
6650,43568490,66989712
6651,43568490,65486451
6652,43568490,67260434
6653,43568490,67810463
6654,43568490,67295274
6655,43568490,67708890
6656,43568490,64449833
6657,43568490,64742983
6658,43568490,66294185
6659,43568490,67137523
6660,43568490,66763011
6661,43568490,64154141
6662,43568490,65346252
6663,43568490,64106566
6664,43568490,65636349
6665,43568490,66634763
6666,43568490,65984480
6667,43568490,65708023
6668,43568490,63900156
6669,43568490,65278882
6670,43568490,67881550
6671,43568490,68256816
6672,43568490,69599855
6673,43568490,71527864
6674,43568490,69813977
6675,43568490,71487731
6676,43568490,69463399
6677,43568490,68438080
6678,43568490,66514899
6679,43568490,68160478
6680,43568490,70909664
6681,43568490,69761617
6682,43568490,68805011
6683,43568490,66965356
6684,43568490,66857852
6685,43568490,68962148
6686,43568490,66330008
6687,43568490,67047433
6688,43568490,67392489
6689,43568490,67535635
6690,43568490,66706624
6691,43568490,68939596
6692,43568490,65880272
6693,43568490,66413675
6694,43568490,66519028
6695,43568490,67982211
6696,43568490,67620165
6697,43568490,67655080
6698,43568490,66385568
6699,43568490,64737769
6700,43568490,64708370
6701,43568490,66526387
6702,43568490,66598904
6703,43568490,65767555
6704,43568490,67223628
6705,43568490,67742891
6706,43568490,67086721
6707,43568490,65533431
6708,43568490,67262731
6709,43568490,66586176
6710,43568490,65684782
6711,43568490,65155694
6712,43568490,67167071
6713,43568490,67967034
6714,43568490,66398196
6715,43568490,68249692
6716,43568490,67044747
6717,43568490,66592685
6718,43568490,67048504
6719,43568490,64349409
6720,43568490,63049028
6721,43568490,65896302
6722,43568490,67845269
6723,43568490,66839333
6724,43568490,64906412
6725,43568490,66035625
6726,43568490,65993167
6727,43568490,67269192
6728,43568490,67650031
6729,43568490,67514918
6730,43568490,64751325
6731,43568490,65163666
6732,43568490,66372593
6733,43568490,67413927
6734,43568490,66406812
6735,43568490,66148585
6736,43568490,64948121
6737,43568490,67717723
6738,43568490,69208793
6739,43568490,68962704
6740,43568490,67981249
6741,43568490,68262811
6742,43568490,66712059
6743,43568490,66603272
6744,43568490,67811368
6745,43568490,66966986
6746,43568490,66966438
6747,43568490,68215219
6748,43568490,65652226
6749,43568490,66537748
6750,43568490,67366133
6751,43568490,67817971
6752,43568490,64021346
6753,43568490,65508551
6754,43568490,67573115
6755,43568490,69592938
6756,43568490,70408498
6757,43568490,69440834
6758,43568490,67647551
6759,43568490,68813212
6760,43568490,67200341
6761,43568490,64854932
6762,43568490,65446502
6763,43568490,66355118
6764,43568490,67714767
6765,43568490,68299725
6766,43568490,67292969
6767,43568490,64242051
6768,43568490,66041023
6769,43568490,67692708
6770,43568490,65483414
6771,43568490,67062551
6772,43568490,68351421
6773,43568490,67354596
6774,43568490,68253969
6775,43568490,67698638
6776,43568490,69608400
6777,43568490,69721856
6778,43568490,66889416
6779,43568490,69015391
6780,43568490,69767258
6781,43568490,68241127
6782,43568490,71519769
6783,43568490,66437084
6784,43568490,67577013
6785,43568490,66981150
6786,43568490,69107373
6787,43568490,69060661
6788,43568490,69739007
6789,43568490,69073715
6790,43568490,67927566
6791,43568490,69333074
6792,43568490,70536785
6793,43568490,71696337
6794,43568490,68076552
6795,43568490,69474462
6796,43568490,71375415
6797,43568490,70765084
6798,43568490,71770076
6799,43568490,69660812
6800,43568490,68547774
6801,43568490,69371197
6802,43568490,68608167
6803,43568490,67650254
6804,43568490,67353796
6805,43568490,66460944
6806,43568490,67797285
6807,43568490,69983512
6808,43568490,68978234
6809,43568490,68292818
6810,43568490,67413666
6811,43568490,69631590
6812,43568490,70782017
6813,43568490,69526529
6814,43568490,69666328
6815,43568490,69152711
6816,43568490,69941319
6817,43568490,69016974
6818,43568490,67801486
6819,43568490,64816361
6820,43568490,66118360
6821,43568490,67979625
6822,43568490,68037885
6823,43568490,67320467
6824,43568490,68426897
6825,43568490,68040417
6826,43568490,68587355
6827,43568490,68943429
6828,43568490,67014310
6829,43568490,69342789
6830,43568490,68117125
6831,43568490,67585943
6832,43568490,65322725
6833,43568490,67374675
6834,43568490,65694391
6835,43568490,67990063
6836,43568490,67374152
6837,43568490,67653216
6838,43568490,70567269
6839,43568490,72704662
6840,43568490,71018746
6841,43568490,71901685
6842,43568490,72694016
6843,43568490,70635784
6844,43568490,71450681
6845,43568490,70210365
6846,43568490,68919881
6847,43568490,69275461
6848,43568490,67912447
6849,43568490,43568490
6850,43568490,43568490
6851,43568490,43568490
6852,43568490,43568490
6853,43568490,43568490
6854,43568490,43568490
6855,43568490,43568490
6856,43568490,43570395
6857,43568490,43570395
6858,43568490,43570395
6859,43568490,43570395
6860,43568490,43570395
6861,43568490,43570395
6862,43568490,43570395
6863,43568490,43570395
6864,43568490,43570395
6865,43568490,43570395
6866,43568490,43570395
6867,43536672,43536672
6868,43536672,43536672
6869,43536672,43536672
6870,43536672,43536672
6871,43536672,43536672
6872,43536672,43536672
6873,43536672,43536672
6874,43536672,43536672
6875,43536672,43536672
6876,43536672,43536672
6877,43536672,43652515
6878,43536672,43619874
6879,43536672,43619874
6880,43536672,43619874
6881,43536672,43619874
6882,43536672,43619874
6883,43536672,43619874
6884,43536672,43619874
6885,43536672,43619874
6886,43536672,43619874
6887,43536672,43619874
6888,43536672,43619874
6889,43536672,43619874
6890,43536672,43573127
6891,43536672,43615508
6892,43536672,43618898
6893,43536672,43618898
6894,43536672,43618898
6895,43536672,43657332
6896,43536672,43632155
6897,43536672,43632155
6898,43536672,43632155
6899,43536672,43632155
6900,43536672,43632155
6901,43536672,43632155
6902,43536672,43632155
6903,43536672,43632155
6904,43536672,43632155
6905,43536672,43632155
6906,43536672,43632155
6907,43536672,43632155
6908,43536672,43636505
6909,43536672,43636505
6910,43536672,43729818
6911,43536672,43729818
6912,43536672,43729818
6913,43536672,43681158
6914,43536672,43681158
6915,43536672,43630072
6916,43536672,43630072
6917,43536672,43630072
6918,43536672,43630072
6919,43536672,43630072
6920,43536672,43630072
6921,43536672,43719324
6922,43536672,43612167
6923,43536672,43659488
6924,43536672,43659488
6925,43536672,43659488
6926,43536672,43732292
6927,43536672,43732292
6928,43536672,43732292
6929,43536672,43732292
6930,43536672,43732292
6931,43536672,43732292
6932,43536672,43732292
6933,43536672,43732292
6934,43536672,43732292
6935,43536672,43732292
6936,43536672,43732292
6937,43536672,43732292
6938,43536672,43727553
6939,43536672,43727553
6940,43536672,43694939
6941,43536672,43694939
6942,43536672,43694939
6943,43536672,43694939
6944,43536672,43694939
6945,43536672,43694939
6946,43536672,43728704
6947,43536672,43728704
6948,43536672,43728704
6949,43536672,43728704
6950,43536672,43728704
6951,43536672,43728704
6952,43536672,43728704
6953,43536672,43728704
6954,43536672,43728704
6955,43536672,43728704
6956,43536672,43728704
6957,43536672,43728704
6958,43536672,43728704
6959,43536672,43728704
6960,43536672,43728704
6961,43536672,43728704
6962,43536672,43921561
6963,43536672,43921561
6964,43536672,43921561
6965,43536672,43921561
6966,43536672,43921561
6967,43536672,43921561
6968,43536672,43921561
6969,43536672,43921561
6970,43536672,43921561
6971,43536672,43921561
6972,43536672,43921561
6973,43536672,43712178
6974,43536672,43712178
6975,43536672,43712178
6976,43536672,43712178
6977,43536672,43712178
6978,43536672,43712178
6979,43536672,43712178
6980,43536672,43712178
6981,43536672,43712178
6982,43536672,43712178
6983,43536672,43712178
6984,43536672,43712178
6985,43536672,43712178
6986,43536672,43712178
6987,43536672,43708450
6988,43536672,43708450
6989,43536672,43708450
6990,43536672,43708450
6991,43536672,43686732
6992,43536672,43686732
6993,43536672,43686732
6994,43536672,43686732
6995,43536672,43667932
6996,43536672,43667932
6997,43536672,43667932
6998,43536672,43667932
6999,43536672,43667932
7000,43536672,43667932
7001,43536672,43667932
7002,43536672,43667932
7003,43536672,43657026
7004,43536672,43657026
7005,43536672,43657026
7006,43536672,43657026
7007,43536672,43657026
7008,43536672,43657026
7009,43536672,43657026
7010,43536672,43657026
7011,43536672,43657026
7012,43536672,43657026
7013,43536672,43657026
7014,43536672,43657026
7015,43536672,43657026
7016,43536672,43657026
7017,43536672,43657026
7018,43536672,43657026
7019,43536672,43657026
7020,43536672,43657026
7021,43536672,43657026
7022,43536672,43657026
7023,43536672,43657026
7024,43536672,43657026
7025,43536672,43647545
7026,43536672,43647545
7027,43536672,43647545
7028,43536672,43647545
7029,43536672,43647545
7030,43536672,43647545
7031,43536672,43647545
7032,43536672,43602906
7033,43536672,43602906
7034,43536672,43602906
7035,43536672,43602906
7036,43536672,43602906
7037,43536672,43602906
7038,43536672,43602628
7039,43536672,43602628
7040,43536672,43602628
7041,43536672,43604596
7042,43536672,43604596
7043,43536654,43536654
7044,43536654,43536654
7045,43536654,43536654
7046,43536654,43536654
7047,43536654,43536654
7048,43536654,43536654
7049,43536654,43572635
7050,43536654,43572635
7051,43536654,43572635
7052,43536654,43572635
7053,43536654,43572635
7054,43536654,43558206
7055,43505169,43505169
7056,43505169,43505169
7057,43505169,43505169
7058,43505169,43505169
7059,43503403,43503403
7060,43503403,43503403
7061,43503403,43503403
7062,43503403,43503403
7063,43503403,43503403
7064,43503403,43503403
7065,43503403,43503403
7066,43503403,43503403
7067,43470037,43470037
7068,43470037,43470037
7069,43470037,43470037
7070,43448732,43448732
7071,43448732,43448732
7072,43448732,43448732
7073,43448732,43448732
7074,43352349,43352349
7075,43352349,43352349
7076,43176046,43176046
7077,43176046,43176046
7078,43176046,43176046
7079,43176046,43176046
7080,43155168,43155168
7081,43155168,43155168
7082,43155168,43155168
7083,43155168,43155168
7084,43155168,43155168
7085,43155168,43155168
7086,43155168,43155168
7087,43155168,43155168
7088,43155168,43155168
7089,43155168,43155168
7090,43154330,43154330
7091,43154330,43154330
7092,43154330,43154330
7093,43154330,43154330
7094,43154330,43154330
7095,43154330,43154330
7096,43154330,43154330
7097,43154330,43154330
7098,43154330,43154330
7099,43125736,43125736
7100,43106971,43106971
7101,43071745,43071745
7102,43021522,43021522
7103,42984658,42984658
7104,42984658,42984658
7105,42984658,42984658
7106,42984658,42984658
7107,42984658,42984658
7108,42984658,42984658
7109,42984658,43130670
7110,42984658,43085904
7111,42984658,43085904
7112,42984658,43085904
7113,42984658,43085904
7114,42984658,43085904
7115,42984658,43085904
7116,42984658,43085904
7117,42984658,43085904
7118,42984658,43085904
7119,42984658,43085904
7120,42984658,43085904
7121,42984658,43085904
7122,42984658,43085904
7123,42984658,43085904
7124,42984658,43069613
7125,42984658,43069613
7126,42984658,43069613
7127,42984658,43069613
7128,42984658,43069613
7129,42984658,43069613
7130,42984658,43032479
7131,42984658,43032479
7132,42984658,43032479
7133,42984658,43032479
7134,42984658,43032479
7135,42984658,43193626
7136,42984658,43193626
7137,42984658,43193626
7138,42984658,43193626
7139,42984658,43193626
7140,42984658,43193626
7141,42984658,43193626
7142,42984658,43193626
7143,42984658,43181281
7144,42984658,43181281
7145,42984658,43181281
7146,42984658,43181281
7147,42984658,43181281
7148,42984658,43181281
7149,42984658,43181281
7150,42984658,43181281
7151,42984658,43285244
7152,42984658,43285244
7153,42984658,43285244
7154,42984658,43285244
7155,42984658,43285244
7156,42984658,43285244
7157,42984658,43285244
7158,42984658,43285244
7159,42984658,43285244
7160,42984658,43285244
7161,42984658,43285244
7162,42984658,43285244
7163,42984658,43285244
7164,42984658,43285244
7165,42984658,43285244
7166,42984658,43285244
7167,42984658,43285244
7168,42984658,43285244
7169,42984658,43285244
7170,42984658,43285244
7171,42984658,43285244
7172,42984658,43285244
7173,42984658,43285244
7174,42984658,43285244
7175,42984658,43221190
7176,42984658,43221190
7177,42984658,43221190
7178,42984658,43221190
7179,42984658,43221190
7180,42984658,43221190
7181,42984658,43221190
7182,42984658,43221190
7183,42984658,43221190
7184,42984658,43221190
7185,42984658,43221190
7186,42984658,43221190
7187,42984658,43221190
7188,42984658,43186985
7189,42984658,43186985
7190,42984658,43186985
7191,42984658,43186985
7192,42984658,43186985
7193,42984658,43186985
7194,42984658,43186985
7195,42984658,43186985
7196,42984658,43186985
7197,42984658,43186985
7198,42984658,43186985
7199,42984658,43186985
7200,42984658,43210833
7201,42984658,43210833
7202,42984658,43210833
7203,42984658,43210833
7204,42984658,43210833
7205,42984658,43202000
7206,42984658,43202000
7207,42984658,43202000
7208,42984658,43202000
7209,42984658,43010715
7210,42984658,43010715
7211,42984658,43010715
7212,42984658,43010715
7213,42984658,43010715
7214,42984658,43010715
7215,42954536,42954536
7216,42954536,42954536
7217,42954536,42954536
7218,42954536,42954536
7219,42954536,42954536
7220,42954536,42954536
7221,42954536,42954536
7222,42954536,42954536
7223,42954536,42954536
7224,42954536,42954536
7225,42954536,42954536
7226,42954536,42954536
7227,42954536,42954536
7228,42954536,42954536
7229,42954536,42954536
7230,42954536,42954536
7231,42954536,42954536
7232,42954536,42954536
7233,42954536,42954536
7234,42892997,42892997
7235,42892997,42892997
7236,42892997,42892997
7237,42892997,42892997
7238,42892997,42892997
7239,42889041,42889041
7240,42889041,42889041
7241,42850283,42850283
7242,42850283,42850283
7243,42850283,42850283
7244,42850283,42850283
7245,42850283,42850283
7246,42850283,42850283
7247,42850283,42850283
7248,42850283,42850283
7249,42850283,42850283
7250,42850283,42850283
7251,42850283,42850283
7252,42850283,42850283
7253,42850283,42850283
7254,42850283,42850283
7255,42850283,42850283
7256,42850283,42850283
7257,42850283,42850283
7258,42850283,42850283
7259,42850283,42850283
7260,42850283,42850283
7261,42850283,42850283
7262,42850283,42850283
7263,42850283,42850283
7264,42850283,42850283
7265,42850283,42850283
7266,42850283,42850283
7267,42814420,42814420
7268,42814420,42814420
7269,42814420,42952594
7270,42814420,42952594
7271,42814420,42952594
7272,42814420,42952594
7273,42814420,42952594
7274,42814420,42952594
7275,42814420,42952594
7276,42814420,42962457
7277,42814420,42962457
7278,42814420,42962457
7279,42814420,42962457
7280,42814420,42962457
7281,42814420,42932732
7282,42814420,42901206
7283,42814420,42901206
7284,42814420,42901206
7285,42814420,42899648
7286,42814420,42899648
7287,42814420,42899648
7288,42814420,42899648
7289,42814420,42899648
7290,42814420,42899648
7291,42814420,42899648
7292,42814420,42899648
7293,42814420,42899648
7294,42814420,42899648
7295,42814420,42899648
7296,42814420,42899648
7297,42814420,42899648
7298,42814420,42899648
7299,42814420,42899648
7300,42814420,42899648
7301,42814420,42899648
7302,42814420,42899648
7303,42814420,42899648
7304,42814420,42899648
7305,42814420,42899648
7306,42814420,42899648
7307,42814420,42899648
7308,42814420,42899648
7309,42814420,42899648
7310,42814420,42899648
7311,42814420,42899648
7312,42814420,42899648
7313,42814420,42899648
7314,42814420,42899648
7315,42814420,42899648
7316,42814420,42899648
7317,42814420,42899648
7318,42814420,42899648
7319,42814420,42899648
7320,42814420,42899648
7321,42814420,42899648
7322,42814420,42898039
7323,42814420,42898039
7324,42814420,42898039
7325,42814420,42836584
7326,42814420,42836584
7327,42814420,42836584
7328,42814420,42836584
7329,42814420,42836584
7330,42814420,42836584
7331,42814420,42836584
7332,42814420,42836584
7333,42814420,42836584
7334,42803313,42803313
7335,42803313,42803313
7336,42803313,42803313
7337,42797388,42797388
7338,42797388,42797388
7339,42797388,42797388
7340,42797388,42797388
7341,42797388,42797388
7342,42797388,42797388
7343,42797388,42797388
7344,42797388,42797388
7345,42797388,42797388
7346,42797388,42797388
7347,42797388,42857182
7348,42797388,42857182
7349,42797388,42857182
7350,42797388,42874678
7351,42797388,42874678
7352,42797388,42874678
7353,42797388,42874678
7354,42797388,42874678
7355,42797388,42874678
7356,42797388,42874678
7357,42797388,42874678
7358,42797388,42874678
7359,42797388,42874678
7360,42797388,42874678
7361,42797388,42874678
7362,42797388,42874678
7363,42797388,42874678
7364,42797388,42874678
7365,42797388,42892783
7366,42797388,42892783
7367,42797388,42892783
7368,42797388,42892783
7369,42797388,42892783
7370,42797388,42892783
7371,42797388,42892783
7372,42797388,42892783
7373,42797388,42892783
7374,42797388,42892783
7375,42797388,42892783
7376,42797388,42892783
7377,42797388,42890198
7378,42797388,42890198
7379,42797388,42866732
7380,42797388,42866732
7381,42797388,42866732
7382,42797388,42866732
7383,42797388,42866732
7384,42797388,42866732
7385,42797388,42846421
7386,42797388,42846421
7387,42797388,42846421
7388,42797388,42846421
7389,42797388,42846421
7390,42797388,42846421
7391,42797388,42846421
7392,42797388,42846421
7393,42797388,42846421
7394,42797388,42846421
7395,42797388,42846421
7396,42797388,42846421
7397,42797388,42846421
7398,42797388,42846421
7399,42797388,42846421
7400,42797388,42846421
7401,42797388,42846421
7402,42797388,42846421
7403,42797388,42846421
7404,42797388,42846421
7405,42797388,42846421
7406,42797388,42846421
7407,42797388,42846421
7408,42797388,42816940
7409,42797388,42816940
7410,42797388,42816940
7411,42797388,42816940
7412,42797388,42816940
7413,42797388,42816940
7414,42797388,42900655
7415,42797388,42900655
7416,42797388,42900655
7417,42797388,42900655
7418,42797388,42900655
7419,42797388,42900290
7420,42797388,42900290
7421,42797388,42900290
7422,42797388,42900290
7423,42797388,42900290
7424,42797388,42900290
7425,42797388,42900290
7426,42797388,42900290
7427,42797388,42876949
7428,42797388,42876949
7429,42797388,42807382
7430,42797388,42807382
7431,42797388,42807382
7432,42797388,42807382
7433,42797388,42807382
7434,42797388,42807382
7435,42797388,42807382
7436,42797388,42807382
7437,42797388,42807382
7438,42797388,42807382
7439,42797388,42807382
7440,42797388,42807382
7441,42797388,42807382
7442,42797388,42807382
7443,42797388,42807382
7444,42797388,42807980
7445,42797388,42807980
7446,42797388,42807980
7447,42797388,42807980
7448,42797388,42807980
7449,42797388,42807980
7450,42797388,42807980
7451,42797388,42807980
7452,42797388,42807980
7453,42797388,42807980
7454,42797388,42807980
7455,42797388,42807980
7456,42797388,42807980
7457,42797388,42807980
7458,42797388,42807980
7459,42797388,42807980
7460,42797388,42807980
7461,42797388,42807980
7462,42797388,42807980
7463,42797388,42807980
7464,42797388,42807980
7465,42797388,42807980
7466,42797388,42807980
7467,42797388,42807980
7468,42797388,42807980
7469,42797388,42807980
7470,42797388,42807980
7471,42797388,42807980
7472,42797388,42807980
7473,42797388,42807980
7474,42797388,42807980
7475,42797388,42807980
7476,42797388,42807980
7477,42797388,42913045
7478,42797388,42913045
7479,42797388,42913045
7480,42797388,42913045
7481,42797388,42913045
7482,42797388,42913045
7483,42797388,42913045
7484,42797388,42913045
7485,42797388,42913045
7486,42797388,42913045
7487,42797388,42913045
7488,42797388,42913045
7489,42797388,42913045
7490,42797388,42913045
7491,42797388,42913045
7492,42797388,42913045
7493,42797388,42913045
7494,42797388,42913045
7495,42797388,42913045
7496,42797388,42913045
7497,42797388,42913045
7498,42797388,42913045
7499,42797388,42913045
7500,42797388,42913045
7501,42797388,42913045
7502,42797388,42913045
7503,42797388,42913045
7504,42797388,42913045
7505,42797388,42913045
7506,42797388,42913045
7507,42797388,42913045
7508,42797388,42913045
7509,42797388,42913045
7510,42797388,42876921
7511,42797388,42876921
7512,42797388,42876921
7513,42797388,42876921
7514,42797388,42876921
7515,42797388,42876921
7516,42797388,42876921
7517,42797388,42876921
7518,42797388,42876921
7519,42797388,42878531
7520,42797388,42878531
7521,42797388,42878531
7522,42797388,42878531
7523,42797388,42878531
7524,42797388,42878531
7525,42797388,42878531
7526,42797388,42878531
7527,42797388,42878531
7528,42797388,42878531
7529,42797388,42878531
7530,42797388,42878531
7531,42797388,42878531
7532,42797388,42878531
7533,42797388,42878531
7534,42797388,42878531
7535,42797388,42878531
7536,42797388,42861254
7537,42797388,56382506
7538,42797388,62927289
7539,42797388,63609823
7540,42797388,61278809
7541,42797388,65470498
7542,42797388,66665136
7543,42797388,66265300
7544,42797388,68827422
7545,42797388,70427909
7546,42797388,69912557
7547,42797388,69017225
7548,42797388,69229021
7549,42797388,69672773
7550,42797388,67733414
7551,42797388,70091440
7552,42797388,70365467
7553,42797388,71715047
7554,42797388,72068871
7555,42797388,72677373
7556,42797388,73555079
7557,42797388,74584619
7558,42797388,74026293
7559,42797388,75820049
7560,42797388,74605663
7561,42797388,73599051
7562,42797388,70106812
7563,42797388,69951951
7564,42797388,73173542
7565,42797388,72310337
7566,42797388,71967614
7567,42797388,69995643
7568,42797388,69794393
7569,42797388,69861745
7570,42797388,69369677
7571,42797388,66224637
7572,42797388,67040730
7573,42797388,67453740
7574,42797388,66460370
7575,42797388,67402261
7576,42797388,65804619
7577,42797388,66852600
7578,42797388,68024128
7579,42797388,68494240
7580,42797388,68884388
7581,42797388,68394944
7582,42797388,67750202
7583,42797388,69288961
7584,42797388,69206226
7585,42797388,68246987
7586,42797388,66237375
7587,42797388,68218470
7588,42797388,68736789
7589,42797388,67327098
7590,42797388,68754288
7591,42797388,69627358
7592,42797388,69961809
7593,42797388,66218980
7594,42797388,64932036
7595,42797388,66969128
7596,42797388,67434190
7597,42797388,67755356
7598,42797388,69361948
7599,42797388,69754581
7600,42797388,67396632
7601,42797388,66831516
7602,42797388,64897185
7603,42797388,66288652
7604,42797388,67493128
7605,42797388,67714529
7606,42797388,65950767
7607,42797388,67105485
7608,42797388,66325032
7609,42797388,67579320
7610,42797388,68023627
7611,42797388,65995261
7612,42797388,67819361
7613,42797388,65671312
7614,42797388,68590958
7615,42797388,66598961
7616,42797388,65993923
7617,42797388,66636210
7618,42797388,64587398
7619,42797388,66943093
7620,42797388,66086792
7621,42797388,65404673
7622,42797388,70968450
7623,42797388,71174023
7624,42797388,68050615
7625,42797388,68815179
7626,42797388,68091330
7627,42797388,68706862
7628,42797388,67152550
7629,42797388,67814985
7630,42797388,67297268
7631,42797388,68805728
7632,42797388,68005256
7633,42797388,66567024
7634,42797388,65789736
7635,42797388,67195486
7636,42797388,67068867
7637,42797388,67638500
7638,42797388,68746261
7639,42797388,66010095
7640,42797388,68053683
7641,42797388,66454001
7642,42797388,67736147
7643,42797388,66967001
7644,42797388,67312401
7645,42797388,67020713
7646,42797388,65698057
7647,42797388,67192368
7648,42797388,66675835
7649,42797388,67942176
7650,42797388,68297117
7651,42797388,67424338
7652,42797388,69141362
7653,42797388,68951644
7654,42797388,67151998
7655,42797388,67808972
7656,42797388,69135640
7657,42797388,70311843
7658,42797388,73218432
7659,42797388,71186223
7660,42797388,72156647
7661,42797388,70980356
7662,42797388,70519127
7663,42797388,69015978
7664,42797388,70911471
7665,42797388,69834682
7666,42797388,69873444
7667,42797388,68299578
7668,42797388,69702843
7669,42797388,68185700
7670,42797388,66042874
7671,42797388,66247393
7672,42797388,66319065
7673,42797388,65995013
7674,42797388,65895176
7675,42797388,66858025
7676,42797388,66649015
7677,42797388,65196381
7678,42797388,66284418
7679,42797388,64625247
7680,42797388,64613192
7681,42797388,66788908
7682,42797388,65026177
7683,42797388,64193552
7684,42797388,64650932
7685,42797388,64574167
7686,42797388,66975644
7687,42797388,69201979
7688,42797388,68447895
7689,42797388,67929698
7690,42797388,69179720
7691,42797388,69306022
7692,42797388,70599983
7693,42797388,67449873
7694,42797388,68838549
7695,42797388,69261075
7696,42797388,66378981
7697,42797388,69139994
7698,42797388,68452421
7699,42797388,67343671
7700,42797388,68780678
7701,42797388,67428002
7702,42797388,68243820
7703,42797388,64173139
7704,42797388,64532506
7705,42797388,63752520
7706,42797388,64972843
7707,42797388,68035548
7708,42797388,66358563
7709,42797388,67162779
7710,42797388,66206121
7711,42797388,64722548
7712,42797388,67248081
7713,42797388,67390953
7714,42797388,66758739
7715,42797388,66727263
7716,42797388,67702600
7717,42797388,66057210
7718,42797388,67325182
7719,42797388,65937113
7720,42797388,67167158
7721,42797388,66969693
7722,42797388,67795357
7723,42797388,69073027
7724,42797388,67102511
7725,42797388,67209078
7726,42797388,66671922
7727,42797388,67359019
7728,42797388,68022031
7729,42797388,67538806
7730,42797388,69590091
7731,42797388,69199413
7732,42797388,70193617
7733,42797388,70726066
7734,42797388,69325101
7735,42797388,68348729
7736,42797388,69500109
7737,42797388,69943488
7738,42797388,70682576
7739,42797388,70369630
7740,42797388,71317655
7741,42797388,70287569
7742,42797388,71935593
7743,42797388,70737888
7744,42797388,69683263
7745,42797388,69546724
7746,42797388,70309302
7747,42797388,71180632
7748,42797388,70157515
7749,42797388,69069629
7750,42797388,69261787
7751,42797388,67945723
7752,42797388,68925760
7753,42797388,67290506
7754,42797388,68365217
7755,42797388,71808673
7756,42797388,69899872
7757,42797388,70735139
7758,42797388,71095018
7759,42797388,71859429
7760,42797388,72325772
7761,42797388,70874060
7762,42797388,68609670
7763,42797388,68653175
7764,42797388,69311486
7765,42797388,67524181
7766,42797388,67428117
7767,42797388,65362847
7768,42797388,66279645
7769,42797388,67928862
7770,42797388,64769174
7771,42797388,64453058
7772,42797388,65538386
7773,42797388,68037102
7774,42797388,69297713
7775,42797388,66685422
7776,42797388,69020869
7777,42797388,70665991
7778,42797388,71285519
7779,42797388,69525579
7780,42797388,70904946
7781,42797388,66603049
7782,42797388,66753178
7783,42797388,66741359
7784,42797388,66190959
7785,42797388,66910886
7786,42797388,68061629
7787,42797388,68360904
7788,42797388,68920786
7789,42797388,66145319
7790,42797388,66591435
7791,42797388,64567538
7792,42797388,65927323
7793,42797388,64375514
7794,42797388,62183005
7795,42797388,63981473
7796,42797388,65347579
7797,42797388,66563992
7798,42797388,65862224
7799,42797388,63868852
7800,42797388,66362970
7801,42797388,66555087
7802,42797388,67116850
7803,42797388,67707997
7804,42797388,68078913
7805,42797388,70988271
7806,42797388,72987563
7807,42797388,72763025
7808,42797388,71529275
7809,42797388,70766780
7810,42797388,69758961
7811,42797388,71753902
7812,42797388,70500927
7813,42797388,70034840
7814,42797388,70473981
7815,42797388,69851700
7816,42797388,69472192
7817,42797388,70458678
7818,42797388,69984088
7819,42797388,70617728
7820,42797388,70792453
7821,42797388,70605980
7822,42797388,70427650
7823,42797388,67959633
7824,42797388,70547796
7825,42797388,68873906
7826,42797388,69295409
7827,42797388,68101792
7828,42797388,67073035
7829,42797388,68568121
7830,42797388,68408192
7831,42797388,68693262
7832,42797388,67697548
7833,42797388,68062590
7834,42797388,72494278
7835,42797388,69398182
7836,42797388,68347751
7837,42797388,69251532
7838,42797388,65976437
7839,42797388,66867100
7840,42797388,66624922
7841,42797388,66357408
7842,42797388,67483697
7843,42797388,68088067
7844,42797388,70648500
7845,42797388,71825843
7846,42797388,73704318
7847,42797388,72387113
7848,42797388,70882647
7849,42797388,71026098
7850,42797388,69978294
7851,42797388,68996212
7852,42797388,68521595
7853,42797388,67953100
7854,42797388,68073456
7855,42797388,67571975
7856,42797388,69421982
7857,42797388,69871516
7858,42797388,67930011
7859,42797388,67504951
7860,42797388,68201181
7861,42797388,68642964
7862,42797388,69643952
7863,42797388,69403794
7864,42797388,69670744
7865,42797388,69280917
7866,42797388,68328476
7867,42797388,67470973
7868,42797388,67326723
7869,42797388,66618918
7870,42797388,66486684
7871,42797388,66317827
7872,42797388,70372053
7873,42797388,67539501
7874,42797388,67850295
7875,42797388,68139567
7876,42797388,68899492
7877,42797388,69812353
7878,42797388,69424903
7879,42797388,67465996
7880,42797388,68921504
7881,42797388,68378929
7882,42797388,68063201
7883,42797388,69445950
7884,42797388,68129882
7885,42797388,66705711
7886,42797388,67214578
7887,42797388,66841435
7888,42797388,68496481
7889,42797388,68322210
7890,42797388,67471250
7891,42797388,66506909
7892,42797388,66499371
7893,42797388,65219448
7894,42797388,67116885
7895,42797388,66477563
7896,42797388,64907746
7897,42797388,68621199
7898,42797388,70535268
7899,42797388,70746114
7900,42797388,70625111
7901,42797388,70807577
7902,42797388,71161957
7903,42797388,71870902
7904,42797388,71184333
7905,42797388,70049468
7906,42797388,67548185
7907,42797388,68005418
7908,42797388,69006615
7909,42797388,70393457
7910,42797388,71316481
7911,42797388,72336637
7912,42797388,70469354
7913,42797388,70644501
7914,42797388,68834201
7915,42797388,68312089
7916,42797388,68954147
7917,42797388,67702588
7918,42797388,66588802
7919,42797388,67462405
7920,42797388,67625510
7921,42797388,66489501
7922,42797388,63566833
7923,42797388,65021510
7924,42797388,67838125
7925,42797388,66108163
7926,42797388,65903702
7927,42797388,66586933
7928,42797388,67624941
7929,42797388,63859848
7930,42797388,67532863
7931,42797388,65463227
7932,42797388,66513600
7933,42797388,66854209
7934,42797388,67294299
7935,42797388,68673911
7936,42797388,69342315
7937,42797388,71004685
7938,42797388,42797388
7939,42797388,42797388
7940,42797388,42797388
7941,42797388,42797388
7942,42797388,42797388
7943,42797388,42797388
7944,42797388,42797388
7945,42797388,42797388
7946,42797388,42797388
7947,42797388,42797388
7948,42797388,42797388
7949,42797388,42797388
7950,42795483,42795483
7951,42795483,42795483
7952,42795483,42795483
7953,42795483,42795483
7954,42795483,42795483
7955,42795483,42795483
7956,42795483,42795483
7957,42795483,42795483
7958,42795483,42795483
7959,42795483,42795483
7960,42795483,42795483
7961,42795483,42795483
7962,42795483,42795483
7963,42795483,42795483
7964,42795483,42795483
7965,42795483,42795483
7966,42795483,42795483
7967,42795483,42795483
7968,42795483,42821880
7969,42795483,42821880
7970,42795483,42821880
7971,42795483,42846468
7972,42795483,42846468
7973,42795483,42846468
7974,42795483,42846468
7975,42795483,42846468
7976,42795483,42846468
7977,42795483,42846468
7978,42795483,42846468
7979,42795483,42846468
7980,42795483,42846468
7981,42795483,42846468
7982,42795483,42846468
7983,42795483,42846468
7984,42794705,42794705
7985,42794705,42794705
7986,42794705,42794705
7987,42794705,42794705
7988,42794705,42794705
7989,42794705,42794705
7990,42794705,42794705
7991,42634090,42634090
7992,42634090,42634090
7993,42634090,42634090
7994,42634090,42634090
7995,42634090,42634090
7996,42634090,42634090
7997,42634090,42634090
7998,42634090,42634090
7999,42634090,42634090
8000,42634090,42634090
8001,42634090,42634090
8002,42634090,42634090
8003,42634090,42634090
8004,42612223,42612223
8005,42612223,42612223
8006,42612223,42615980
8007,42612223,42615980
8008,42612223,42615980
8009,42612223,42615980
8010,42612223,42615980
8011,42612223,42615980
8012,42612223,42615980
8013,42612223,42615980
8014,42612223,42615980
8015,42612223,42615980
8016,42612223,42615980
8017,42612223,42615980
8018,42611867,42611867
8019,42611867,42611867
8020,42611867,42611867
8021,42611867,42611867
8022,42611867,42611867
8023,42611867,42611867
8024,42611867,42613279
8025,42611867,42613279
8026,42611867,42613279
8027,42611867,42613279
8028,42568347,42568347
8029,42568347,42568347
8030,42568347,42568347
8031,42568347,42568347
8032,42568347,42568347
8033,42568347,42568347
8034,42568347,42568347
8035,42568347,42568347
8036,42568347,42568347
8037,42568347,42568347
8038,42568347,42568347
8039,42568347,42568347
8040,42568347,42568347
8041,42568347,42568347
8042,42568347,42568347
8043,42568347,42568347
8044,42568347,42568347
8045,42568347,42568347
8046,42568347,42568347
8047,42568347,42568347
8048,42568347,42568347
8049,42568347,42568347
8050,42568347,42568347
8051,42566947,42566947
8052,42566947,42566947
8053,42566947,42566947
8054,42566947,42566947
8055,42566947,42566947
8056,42566947,42566947
8057,42566947,42566947
8058,42566947,42566947
8059,42566947,42566947
8060,42566947,42574447
8061,42566947,42574447
8062,42566947,42574447
8063,42566947,42574447
8064,42566947,42574447
8065,42566947,42574447
8066,42566947,42574447
8067,42566947,42574447
8068,42566947,42574447
8069,42566947,42574447
8070,42566947,42574447
8071,42566947,42574447
8072,42566947,42574447
8073,42566947,42574447
8074,42566947,42574447
8075,42566947,42574447
8076,42566947,42574447
8077,42566947,42574447
8078,42566947,42574447
8079,42566947,42574447
8080,42566947,42574447
8081,42566947,42574447
8082,42566947,42574447
8083,42566947,42574447
8084,42566947,42574447
8085,42566947,42574447
8086,42566947,42574447
8087,42566947,42574447
8088,42566947,42574447
8089,42566947,42574447
8090,42566947,42574447
8091,42566947,42574447
8092,42566947,42574447
8093,42563256,42563256
8094,42563256,42571025
8095,42563256,42571025
8096,42543138,42543138
8097,42543138,42582317
8098,42543138,42582317
8099,42543138,42582317
8100,42543138,42582317
8101,42543138,42582317
8102,42543138,42582317
8103,42543138,42582317
8104,42543138,42582317
8105,42543138,42582317
8106,42543138,42582317
8107,42543138,42582317
8108,42543138,42582317
8109,42543138,42582317
8110,42543138,42582317
8111,42543138,42569012
8112,42543138,42569012
8113,42543138,42569012
8114,42543138,42569012
8115,42543138,42569012
8116,42543138,42569012
8117,42543138,42569012
8118,42543138,42569012
8119,42543138,42569012
8120,42543138,42569012
8121,42543138,42569012
8122,42543138,42569012
8123,42543138,42569012
8124,42543138,42569012
8125,42543138,42569012
8126,42543138,42569012
8127,42543138,42569012
8128,42543138,42569012
8129,42543138,42569012
8130,42543138,42569012
8131,42543138,42569012
8132,42543138,42569012
8133,42543138,42569012
8134,42543138,42569012
8135,42543138,42569012
8136,42543138,42569012
8137,42543138,42569012
8138,42543138,42569012
8139,42543138,42569012
8140,42543138,42569012
8141,42543138,42569012
8142,42543138,42569012
8143,42543138,42569012
8144,42543138,42569012
8145,42543138,42569012
8146,42543138,42569012
8147,42504666,42504666
8148,42504666,42504666
8149,42504666,42504666
8150,42504666,42504666
8151,42504666,42504666
8152,42504666,42504666
8153,42504666,42504666
8154,42504666,42507032
8155,42504666,42507032
8156,42504666,42507032
8157,42504666,42507032
8158,42504666,42507032
8159,42504666,42507032
8160,42504666,42507032
8161,42504666,42507032
8162,42504666,42507032
8163,42504666,42507032
8164,42504666,42507032
8165,42504666,42622505
8166,42504666,42622505
8167,42504666,42622505
8168,42504666,42622505
8169,42504666,42622505
8170,42504666,42622505
8171,42504666,42622505
8172,42504666,42622505
8173,42504666,42622505
8174,42504666,42622505
8175,42504666,42622505
8176,42504666,42622505
8177,42504666,42622505
8178,42504666,42622505
8179,42504666,42622505
8180,42504666,42622505
8181,42504666,42622505
8182,42504666,42622505
8183,42504666,42622505
8184,42504666,42622505
8185,42504666,42622505
8186,42504666,42622505
8187,42504666,42622505
8188,42504666,42622505
8189,42504666,42622505
8190,42504666,42622505
8191,42504666,42622505
8192,42504666,42622505
8193,42504666,42622505
8194,42504666,42622505
8195,42504666,42622505
8196,42504666,42622505
8197,42504666,42622505
8198,42504666,42622505
8199,42504666,42622505
8200,42504666,42622505
8201,42504666,42622505
8202,42504666,42622505
8203,42504666,42622505
8204,42504666,42622505
8205,42504666,42622505
8206,42504666,42566122
8207,42504666,42566122
8208,42504666,42566122
8209,42504666,42566122
8210,42504666,42566122
8211,42504666,42566122
8212,42504666,42566122
8213,42504666,42566122
8214,42504666,42566122
8215,42504666,42566122
8216,42504666,42548059
8217,42504666,42548059
8218,42504666,42548059
8219,42504666,42548059
8220,42504666,42548059
8221,42504666,42548059
8222,42504666,42548059
8223,42504666,42548059
8224,42504666,42548059
8225,42504666,42548059
8226,42504666,42548059
8227,42504666,42548059
8228,42504666,42548059
8229,42504666,42548059
8230,42504666,42548059
8231,42504666,42548059
8232,42504666,42548059
8233,42504666,42549206
8234,42504666,42549206
8235,42504666,42549206
8236,42504666,42549206
8237,42504666,42549206
8238,42504666,42549206
8239,42504666,42549206
8240,42494255,42494255
8241,42494255,42494255
8242,42494255,42494255
8243,42494255,42495093
8244,42494255,42495093
8245,42494255,42495093
8246,42494255,42495093
8247,42494255,42495093
8248,42494255,42495093
8249,42494255,42495093
8250,42494255,42495093
8251,42494255,42516467
8252,42494255,42516467
8253,42494255,42516467
8254,42494255,42516467
8255,42494255,42516467
8256,42494255,42516467
8257,42494255,42516467
8258,42494255,42516467
8259,42494255,42516467
8260,42494255,42516467
8261,42494255,42516467
8262,42494255,42516467
8263,42494255,42516467
8264,42494255,42516467
8265,42494255,42516467
8266,42494255,42516467
8267,42494255,42516467
8268,42494255,42516467
8269,42494255,42516467
8270,42466515,42466515
8271,42466515,42466515
8272,42466515,42466515
8273,42460438,42460438
8274,42460438,42460438
8275,42460438,42460438
8276,42460438,42460438
8277,42460438,42460438
8278,42460438,42460438
8279,42460438,42460438
8280,42460438,42460438
8281,42460438,42460438
8282,42460438,42460438
8283,42460438,42460438
8284,42460438,42460438
8285,42460438,42460438
8286,42460438,42460438
8287,42460438,42460438
8288,42460438,42576134
8289,42460438,42576134
8290,42460438,42576134
8291,42460438,42576134
8292,42460438,42576134
8293,42460438,42576134
8294,42460438,42576134
8295,42460438,42576134
8296,42460438,42584435
8297,42460438,42584435
8298,42460438,42584435
8299,42460438,42584435
8300,42460438,42584435
8301,42460438,42584435
8302,42460438,42584435
8303,42460438,42583486
8304,42460438,42586165
8305,42460438,42586165
8306,42460438,42586165
8307,42460438,42563113
8308,42460438,42563113
8309,42460438,42467073
8310,42460438,42467073
8311,42460438,42467073
8312,42460438,42467073
8313,42460438,42467073
8314,42460438,42467073
8315,42460438,42467073
8316,42460438,42467073
8317,42460438,42467073
8318,42460438,42467073
8319,42460438,42467073
8320,42460438,42467073
8321,42460438,42467073
8322,42460438,42467073
8323,42460438,42467073
8324,42460438,42467073
8325,42460438,42467073
8326,42460438,42467073
8327,42460438,42467073
8328,42460438,42467073
8329,42460438,42524445
8330,42460438,42524445
8331,42460438,42524445
8332,42460438,42524445
8333,42460438,42524445
8334,42460438,42524445
8335,42460438,42524445
8336,42460438,42524445
8337,42460438,42524445
8338,42460438,42524445
8339,42460438,42524445
8340,42460438,42524445
8341,42460438,42555115
8342,42460438,42555115
8343,42460438,42555115
8344,42460438,42555115
8345,42460438,42555115
8346,42460438,42555115
8347,42460438,42555115
8348,42460438,42555115
8349,42460438,42555115
8350,42460438,42555115
8351,42460438,42555115
8352,42460438,42555115
8353,42460438,42555115
8354,42460438,42555115
8355,42460438,42555115
8356,42460438,42593873
8357,42460438,42593873
8358,42460438,42593873
8359,42460438,42593873
8360,42460438,42625082
8361,42460438,42625082
8362,42460438,42625082
8363,42460438,42625082
8364,42460438,42625082
8365,42460438,42625082
8366,42460438,42625082
8367,42460438,42625082
8368,42460438,42625082
8369,42460438,42625082
8370,42460438,42625082
8371,42460438,42625082
8372,42460438,42625082
8373,42460438,42625082
8374,42460438,42625082
8375,42460438,42625082
8376,42460438,42625082
8377,42460438,42625082
8378,42460438,42625082
8379,42460438,42625082
8380,42460438,42625082
8381,42460438,42625082
8382,42460438,42625081
8383,42460438,42625081
8384,42460438,42625081
8385,42460438,42625081
8386,42460438,42625081
8387,42460438,42625081
8388,42460438,42625081
8389,42460438,42625081
8390,42460438,42625081
8391,42460438,42625081
8392,42460438,42625081
8393,42460438,42625081
8394,42460438,42625081
8395,42460438,42625081
8396,42460438,42625081
8397,42460438,42625081
8398,42460438,42625081
8399,42460438,42625081
8400,42460438,42625081
8401,42460438,42625081
8402,42460438,42625081
8403,42460438,42625081
8404,42460438,42625081
8405,42460438,42625081
8406,42460438,42625081
8407,42460438,42625081
8408,42460438,42625081
8409,42460438,42625081
8410,42460438,42625081
8411,42460438,42625081
8412,42460438,42625081
8413,42460438,42625081
8414,42460438,42625081
8415,42460438,42625081
8416,42460438,42625081
8417,42460438,42625081
8418,42460438,42625081
8419,42460438,42625081
8420,42460438,42625081
8421,42460438,42625081
8422,42460438,42625081
8423,42460438,42625081
8424,42460438,42625081
8425,42460438,42625081
8426,42460438,42625081
8427,42460438,42625081
8428,42460438,42625081
8429,42460438,42613144
8430,42460438,42613144
8431,42460438,42614117
8432,42460438,42614117
8433,42460438,42614117
8434,42460438,42614117
8435,42460438,42614117
8436,42460438,42614117
8437,42460438,42614117
8438,42460438,42687856
8439,42460438,42687856
8440,42460438,42687856
8441,42460438,42687856
8442,42460438,42687856
8443,42460438,42687856
8444,42460438,42687856
8445,42460438,42687856
8446,42460438,42687856
8447,42460438,42687856
8448,42460438,42687856
8449,42460438,42687856
8450,42460438,42687856
8451,42460438,42687856
8452,42460438,42687856
8453,42460438,42687856
8454,42460438,42687856
8455,42460438,42687856
8456,42460438,42687856
8457,42460438,42687856
8458,42460438,42687856
8459,42460438,42687856
8460,42460438,42687856
8461,42460438,42687856
8462,42460438,42687856
8463,42460438,42687856
8464,42460438,42678430
8465,42460438,42678430
8466,42460438,42705014
8467,42460438,42704334
8468,42460438,42704334
8469,42460438,42704334
8470,42460438,42704334
8471,42460438,42704334
8472,42460438,42704334
8473,42460438,59575855
8474,42460438,62553803
8475,42460438,63634964
8476,42460438,65563262
8477,42460438,68350578
8478,42460438,68483187
8479,42460438,67388570
8480,42460438,69893414
8481,42460438,68292319
8482,42460438,70118735
8483,42460438,68439227
8484,42460438,66502402
8485,42460438,67917476
8486,42460438,67948024
8487,42460438,65537793
8488,42460438,66216712
8489,42460438,66147663
8490,42460438,66218457
8491,42460438,64789890
8492,42460438,65578655
8493,42460438,65404820
8494,42460438,65464881
8495,42460438,68008618
8496,42460438,67310939
8497,42460438,64047675
8498,42460438,65551306
8499,42460438,64232939
8500,42460438,63254232
8501,42460438,64243412
8502,42460438,63930446
8503,42460438,63236163
8504,42460438,66159065
8505,42460438,65234371
8506,42460438,65045684
8507,42460438,68547644
8508,42460438,66778798
8509,42460438,69309036
8510,42460438,68120750
8511,42460438,70278958
8512,42460438,67083002
8513,42460438,69294919
8514,42460438,68017032
8515,42460438,67699461
8516,42460438,65059869
8517,42460438,66659826
8518,42460438,66363958
8519,42460438,64428508
8520,42460438,66668949
8521,42460438,66375518
8522,42460438,66181335
8523,42460438,64883808
8524,42460438,68269122
8525,42460438,68464757
8526,42460438,67528947
8527,42460438,66213509
8528,42460438,67391585
8529,42460438,66326135
8530,42460438,67554856
8531,42460438,66138432
8532,42460438,66147057
8533,42460438,65292317
8534,42460438,63972090
8535,42460438,63078998
8536,42460438,66201561
8537,42460438,63327459
8538,42460438,66026712
8539,42460438,67059771
8540,42460438,67055673
8541,42460438,65911751
8542,42460438,68188120
8543,42460438,68308860
8544,42460438,67530609
8545,42460438,68088603
8546,42460438,65372687
8547,42460438,66738370
8548,42460438,65739566
8549,42460438,62294196
8550,42460438,64016706
8551,42460438,65379217
8552,42460438,66625691
8553,42460438,65311683
8554,42460438,64206304
8555,42460438,64442994
8556,42460438,66448026
8557,42460438,67217262
8558,42460438,65190512
8559,42460438,66021311
8560,42460438,68701646
8561,42460438,70091931
8562,42460438,70575895
8563,42460438,68849699
8564,42460438,69089930
8565,42460438,66752723
8566,42460438,64620685
8567,42460438,65716321
8568,42460438,66092177
8569,42460438,65213638
8570,42460438,66201584
8571,42460438,68561573
8572,42460438,66174499
8573,42460438,64595923
8574,42460438,65678791
8575,42460438,65371908
8576,42460438,65993562
8577,42460438,66106583
8578,42460438,66346546
8579,42460438,67488001
8580,42460438,65657333
8581,42460438,64894734
8582,42460438,65508584
8583,42460438,67302343
8584,42460438,66530698
8585,42460438,66425275
8586,42460438,65775418
8587,42460438,65958161
8588,42460438,66537557
8589,42460438,67470496
8590,42460438,67129930
8591,42460438,66055548
8592,42460438,66684336
8593,42460438,68193435
8594,42460438,68762842
8595,42460438,70352954
8596,42460438,68551299
8597,42460438,69744166
8598,42460438,69709162
8599,42460438,69433520
8600,42460438,69575201
8601,42460438,69195685
8602,42460438,71007077
8603,42460438,70381091
8604,42460438,71186163
8605,42460438,72326780
8606,42460438,72204787
8607,42460438,72177322
8608,42460438,71816791
8609,42460438,71024156
8610,42460438,69773537
8611,42460438,70474619
8612,42460438,67865589
8613,42460438,67072044
8614,42460438,68092081
8615,42460438,70110157
8616,42460438,68262064
8617,42460438,66537836
8618,42460438,68880871
8619,42460438,69375672
8620,42460438,67299434
8621,42460438,70533718
8622,42460438,71101883
8623,42460438,70997654
8624,42460438,69417582
8625,42460438,68779094
8626,42460438,71559241
8627,42460438,72114199
8628,42460438,73380593
8629,42460438,73184531
8630,42460438,71760714
8631,42460438,70515841
8632,42460438,69591233
8633,42460438,71418851
8634,42460438,69983987
8635,42460438,68817406
8636,42460438,70645470
8637,42460438,72051456
8638,42460438,71063363
8639,42460438,69582301
8640,42460438,70378803
8641,42460438,70465035
8642,42460438,69348463
8643,42460438,68492633
8644,42460438,67231126
8645,42460438,67992349
8646,42460438,69541471
8647,42460438,70535179
8648,42460438,73207770
8649,42460438,71887400
8650,42460438,72921073
8651,42460438,72804241
8652,42460438,68554590
8653,42460438,66723679
8654,42460438,66101010
8655,42460438,69632335
8656,42460438,69330100
8657,42460438,69961109
8658,42460438,68670393
8659,42460438,69803309
8660,42460438,69392046
8661,42460438,71653248
8662,42460438,68249421
8663,42460438,69805345
8664,42460438,68384627
8665,42460438,66664465
8666,42460438,66867947
8667,42460438,68477275
8668,42460438,67860043
8669,42460438,68454969
8670,42460438,67322688
8671,42460438,66528709
8672,42460438,69204153
8673,42460438,69806397
8674,42460438,69246704
8675,42460438,67133544
8676,42460438,66108214
8677,42460438,67199581
8678,42460438,65328345
8679,42460438,64869277
8680,42460438,66390876
8681,42460438,66340600
8682,42460438,66597281
8683,42460438,63863049
8684,42460438,66160098
8685,42460438,67049964
8686,42460438,69610694
8687,42460438,69962512
8688,42460438,70769493
8689,42460438,71598162
8690,42460438,71761805
8691,42460438,68600394
8692,42460438,67804295
8693,42460438,66259022
8694,42460438,67726012
8695,42460438,67343710
8696,42460438,66388384
8697,42460438,66423802
8698,42460438,66785655
8699,42460438,70208171
8700,42460438,68914382
8701,42460438,68485560
8702,42460438,70332707
8703,42460438,70926607
8704,42460438,70868666
8705,42460438,72690153
8706,42460438,72305733
8707,42460438,71901207
8708,42460438,71622381
8709,42460438,70418078
8710,42460438,69266892
8711,42460438,69831026
8712,42460438,70661633
8713,42460438,70127983
8714,42460438,70072605
8715,42460438,68381325
8716,42460438,67916360
8717,42460438,68622804
8718,42460438,65567218
8719,42460438,64382092
8720,42460438,65589549
8721,42460438,66589842
8722,42460438,66842585
8723,42460438,68452883
8724,42460438,67593951
8725,42460438,67080856
8726,42460438,69843678
8727,42460438,69258604
8728,42460438,66700118
8729,42460438,65633150
8730,42460438,65288813
8731,42460438,67594072
8732,42460438,67080475
8733,42460438,67318079
8734,42460438,67038204
8735,42460438,68252533
8736,42460438,67108592
8737,42460438,67790504
8738,42460438,67570187
8739,42460438,67618467
8740,42460438,66528136
8741,42460438,64924000
8742,42460438,66266577
8743,42460438,68991776
8744,42460438,69704972
8745,42460438,67349918
8746,42460438,67909204
8747,42460438,66464655
8748,42460438,65014098
8749,42460438,64403417
8750,42460438,65736382
8751,42460438,65616791
8752,42460438,66567100
8753,42460438,67277490
8754,42460438,65455844
8755,42460438,65847972
8756,42460438,65116984
8757,42460438,65359874
8758,42460438,65507913
8759,42460438,63046250
8760,42460438,63432682
8761,42460438,64685402
8762,42460438,66560806
8763,42460438,67240139
8764,42460438,66898290
8765,42460438,68526343
8766,42460438,68700222
8767,42460438,67408957
8768,42460438,64468753
8769,42460438,65104946
8770,42460438,65827792
8771,42460438,67762814
8772,42460438,67840541
8773,42460438,68856013
8774,42460438,65685387
8775,42460438,68211380
8776,42460438,70412566
8777,42460438,68667679
8778,42460438,68511340
8779,42460438,69732076
8780,42460438,71278433
8781,42460438,71031370
8782,42460438,70395670
8783,42460438,69312437
8784,42460438,69811828
8785,42460438,71232913
8786,42460438,70173727
8787,42460438,72599373
8788,42460438,72441267
8789,42460438,67243997
8790,42460438,67308744
8791,42460438,67218327
8792,42460438,67259794
8793,42460438,70349941
8794,42460438,69998291
8795,42460438,68909987
8796,42460438,66858797
8797,42460438,68896263
8798,42460438,68690754
8799,42460438,70701766
8800,42460438,71749242
8801,42460438,70075839
8802,42460438,70477239
8803,42460438,70382205
8804,42460438,68874752
8805,42460438,70520959
8806,42460438,71034347
8807,42460438,70837146
8808,42460438,71621084
8809,42460438,70742666
8810,42460438,69281673
8811,42460438,69190602
8812,42460438,69652071
8813,42460438,70925890
8814,42460438,69438145
8815,42460438,69170898
8816,42460438,69332571
8817,42460438,69505540
8818,42460438,69519533
8819,42460438,69063175
8820,42460438,69577050
8821,42460438,70464038
8822,42460438,71543413
8823,42460438,71577116
8824,42460438,70751196
8825,42460438,69003208
8826,42460438,68138872
8827,42460438,66956968
8828,42460438,68076829
8829,42460438,66781682
8830,42460438,68848627
8831,42460438,69725829
8832,42460438,68185705
8833,42460438,66406063
8834,42460438,69571032
8835,42460438,65612945
8836,42460438,66470340
8837,42460438,62547455
8838,42460438,66724595
8839,42460438,65700449
8840,42460438,68170286
8841,42460438,70108320
8842,42460438,69896761
8843,42460438,70483167
8844,42460438,71116646
8845,42460438,68289378
8846,42460438,67018458
8847,42460438,66799048
8848,42460438,67999656
8849,42460438,66151558
8850,42460438,70518435
8851,42460438,68982290
8852,42460438,69225132
8853,42460438,67571292
8854,42460438,66461244
8855,42460438,67778825
8856,42460438,68555024
8857,42460438,68969994
8858,42460438,70291675
8859,42460438,72730643
8860,42460438,72126109
8861,42460438,69529123
8862,42460438,69104702
8863,42460438,69163666
8864,42460438,69125778
8865,42460438,68318493
8866,42460438,68018960
8867,42460438,68880331
8868,42460438,68089851
8869,42460438,69906631
8870,42460438,70188554
8871,42460438,70674136
8872,42460438,69084520
8873,42460438,69527030
8874,42460438,42460438
8875,42460438,42460438
8876,42460438,42460438
8877,42460438,42460438
8878,42460438,42460438
8879,42460438,42460438
8880,42421259,42421259
8881,42421259,42421259
8882,42421259,42421259
8883,42421259,42421259
8884,42421259,42425783
8885,42421259,42425783
8886,42421259,42425783
8887,42421259,42425783
8888,42421259,42425783
8889,42421259,42463168
8890,42421259,42463168
8891,42421259,42463168
8892,42421259,42463168
8893,42421259,42463168
8894,42421259,42463168
8895,42421259,42463168
8896,42421259,42463168
8897,42421259,42463168
8898,42421259,42463168
8899,42421259,42463168
8900,42421259,42463168
8901,42421259,42463168
8902,42421259,42463168
8903,42421259,42463168
8904,42421259,42463168
8905,42421259,42463168
8906,42421259,42463168
8907,42421259,42463168
8908,42421259,42461508
8909,42421259,42461508
8910,42421259,42461508
8911,42421259,42461508
8912,42421259,42461508
8913,42421259,42461508
8914,42419357,42419357
8915,42419357,42419357
8916,42402080,42402080
8917,42402080,42402080
8918,42402080,42402080
8919,42402080,42402080
8920,42402080,42402080
8921,42402080,42402080
8922,42402080,42403812
8923,42402080,42403812
8924,42402080,42403812
8925,42402080,42403812
8926,42402080,42434482
8927,42402080,42434482
8928,42402080,42434482
8929,42402080,42434482
8930,42402080,42434482
8931,42402080,42434482
8932,42402080,42434482
8933,42402080,42434482
8934,42402080,42434482
8935,42402080,42434482
8936,42402080,42434482
8937,42402080,42434482
8938,42402080,42434482
8939,42402080,42434482
8940,42402080,42434482
8941,42402080,42434482
8942,42402080,42434482
8943,42402080,42434482
8944,42402080,42434482
8945,42402080,42434482
8946,42402080,42434482
8947,42402080,42434482
8948,42402080,42434482
8949,42402080,42434482
8950,42402080,42434482
8951,42402080,42434482
8952,42402080,42434482
8953,42402080,42434482
8954,42402080,42434482
8955,42402080,42434482
8956,42402080,42434482
8957,42402080,42434482
8958,42402080,42434482
8959,42402080,42434482
8960,42402080,42434482
8961,42402080,42423106
8962,42402080,42423106
8963,42402080,42423106
8964,42402080,42423106
8965,42402080,42423106
8966,42402080,42423106
8967,42402080,42423106
8968,42402080,42423106
8969,42402080,42423106
8970,42402080,42423106
8971,42402080,42463344
8972,42402080,42463344
8973,42402080,42463344
8974,42402080,42473498
8975,42402080,42473498
8976,42402080,42491748
8977,42402080,42491748
8978,42402080,42491748
8979,42402080,42491748
8980,42402080,42491748
8981,42402080,42491748
8982,42402080,42491748
8983,42402080,42491748
8984,42402080,42491748
8985,42402080,42492026
8986,42402080,42492026
8987,42402080,42492026
8988,42402080,42409876
8989,42402080,42409876
8990,42359357,42359357
8991,42359357,42359357
8992,42359357,42359357
8993,42359357,42468906
8994,42359357,42468906
8995,42359357,42468906
8996,42359357,42468906
8997,42359357,42468906
8998,42359357,42468906
8999,42359357,42468906
9000,42359357,42468906
9001,42359357,42468906
9002,42359357,42468906
9003,42359357,42468906
9004,42359357,42468906
9005,42359357,42468906
9006,42359357,42468906
9007,42359357,42468906
9008,42359357,42468906
9009,42359357,42468906
9010,42359357,42468906
9011,42359357,42468906
9012,42359357,42480231
9013,42359357,42480231
9014,42359357,42480231
9015,42359357,42480231
9016,42359357,42480231
9017,42359357,42480231
9018,42359357,42480231
9019,42359357,42529421
9020,42359357,42529421
9021,42359357,42529421
9022,42359357,42529421
9023,42359357,42529421
9024,42359357,42529421
9025,42359357,42529421
9026,42359357,42529421
9027,42359357,42529421
9028,42359357,42529421
9029,42359357,42529421
9030,42359357,42529421
9031,42359357,42529421
9032,42359357,42529421
9033,42359357,42529421
9034,42359357,42511898
9035,42359357,42511898
9036,42359357,42511898
9037,42359357,42511898
9038,42359357,42511898
9039,42359357,42511898
9040,42359357,42511898
9041,42359357,42511898
9042,42359357,42401226
9043,42359357,42401226
9044,42359357,42401226
9045,42359357,42401226
9046,42359357,42401226
9047,42359357,42401226
9048,42359357,42403905
9049,42359357,42403905
9050,42359357,42403905
9051,42359357,42403905
9052,42359357,42403905
9053,42359357,42403905
9054,42359357,42403905
9055,42359357,42403905
9056,42359357,42403905
9057,42344281,42344281
9058,42344281,42344281
9059,42344281,42344281
9060,42344281,42344281
9061,42344281,42344281
9062,42344281,42344281
9063,42344281,42351957
9064,42344281,42351957
9065,42344281,42351957
9066,42344281,42351957
9067,42344281,42385804
9068,42344281,42385804
9069,42344281,42385804
9070,42344281,42385804
9071,42344281,42385804
9072,42344281,42385804
9073,42344281,42385804
9074,42344281,42385804
9075,42344281,42385804
9076,42344281,42385804
9077,42344281,42385804
9078,42344281,42385804
9079,42344281,42385804
9080,42344281,42385804
9081,42344281,42385804
9082,42344281,42385804
9083,42344281,42385804
9084,42344281,42385804
9085,42344281,42385804
9086,42344281,42385804
9087,42344281,42385804
9088,42344281,42385804
9089,42344281,42385804
9090,42344281,42385804
9091,42344281,42385804
9092,42344281,42385804
9093,42344281,42385804
9094,42344281,42385804
9095,42344281,42385804
9096,42344281,42385804
9097,42344281,42385804
9098,42344281,42385804
9099,42344281,42385804
9100,42344281,42385804
9101,42344281,42385804
9102,42344281,42385804
9103,42344281,42385804
9104,42344281,42385804
9105,42344281,42385804
9106,42344281,42385804
9107,42344281,42385804
9108,42344281,42385804
9109,42344281,42385804
9110,42344281,42385804
9111,42344281,42385804
9112,42344281,42562954
9113,42344281,42533593
9114,42344281,42533593
9115,42344281,42533593
9116,42344281,42533593
9117,42344281,42533593
9118,42344281,42533593
9119,42344281,42533593
9120,42344281,42528530
9121,42344281,42528530
9122,42344281,42528530
9123,42344281,42653008
9124,42344281,42653008
9125,42344281,42653008
9126,42344281,42653008
9127,42344281,42653008
9128,42344281,42653008
9129,42344281,42653008
9130,42344281,42653008
9131,42344281,42656239
9132,42344281,42656239
9133,42344281,42656239
9134,42344281,42656239
9135,42344281,42656239
9136,42344281,42656239
9137,42344281,42647115
9138,42344281,42647115
9139,42344281,42613472
9140,42344281,42613472
9141,42344281,42613472
9142,42344281,42611410
9143,42344281,42611410
9144,42344281,42611410
9145,42344281,42611410
9146,42344281,42566749
9147,42344281,42566749
9148,42344281,42566749
9149,42344281,42566749
9150,42344281,42566749
9151,42344281,42566749
9152,42344281,42566749
9153,42344281,42566749
9154,42344281,42566749
9155,42344281,42566749
9156,42344281,42566749
9157,42344281,42566749
9158,42344281,42566749
9159,42344281,42566749
9160,42344281,42568811
9161,42344281,42568811
9162,42344281,42622644
9163,42344281,42622644
9164,42344281,42622644
9165,42344281,42622644
9166,42344281,42619470
9167,42344281,42619470
9168,42344281,42619470
9169,42344281,42619470
9170,42344281,42616679
9171,42344281,42489732
9172,42344281,42489732
9173,42344281,42489732
9174,42344281,42489732
9175,42344281,42489732
9176,42344281,42489732
9177,42344281,42489732
9178,42344281,42489732
9179,42344281,42489732
9180,42344281,42489732
9181,42344281,42489732
9182,42344281,42489732
9183,42344281,42489732
9184,42344281,42481754
9185,42344281,42481754
9186,42344281,42481754
9187,42344281,42481754
9188,42344281,42481754
9189,42344281,42481754
9190,42344281,42481754
9191,42344281,42481754
9192,42344281,42481754
9193,42344281,42481754
9194,42344281,42481754
9195,42344281,42481754
9196,42344281,42481754
9197,42344281,42481754
9198,42344281,42481754
9199,42344281,42481754
9200,42344281,42481754
9201,42344281,42481754
9202,42344281,42481754
9203,42344281,42481754
9204,42344281,42481754
9205,42344281,42481754
9206,42344281,42481754
9207,42344281,42481754
9208,42344281,42481754
9209,42344281,42481754
9210,42344281,42481754
9211,42344281,42481754
9212,42344281,42481754
9213,42344281,42481754
9214,42344281,42481754
9215,42344281,42571836
9216,42344281,42571836
9217,42344281,42571836
9218,42344281,42571836
9219,42344281,42571836
9220,42344281,42571836
9221,42344281,42571836
9222,42344281,42571836
9223,42344281,42571836
9224,42344281,42571836
9225,42344281,42571836
9226,42344281,42571836
9227,42344281,42571836
9228,42344281,42571836
9229,42344281,42571836
9230,42344281,42571836
9231,42344281,42571836
9232,42344281,42571836
9233,42344281,42537004
9234,42344281,42544073
9235,42344281,42544073
9236,42344281,42541480
9237,42344281,42541480
9238,42344281,42541480
9239,42344281,42541480
9240,42344281,42541480
9241,42344281,42541480
9242,42344281,42541480
9243,42344281,42541480
9244,42344281,42541480
9245,42344281,42541480
9246,42344281,42541480
9247,42344281,42541480
9248,42344281,42541480
9249,42344281,42660587
9250,42344281,42660587
9251,42344281,42660587
9252,42344281,42660587
9253,42344281,42660587
9254,42344281,42660587
9255,42344281,42660587
9256,42344281,42660587
9257,42344281,57428825
9258,42344281,61416650
9259,42344281,63954230
9260,42344281,64832765
9261,42344281,66759158
9262,42344281,64663455
9263,42344281,64800066
9264,42344281,65821279
9265,42344281,64679101
9266,42344281,64144218
9267,42344281,65856324
9268,42344281,64459299
9269,42344281,67352872
9270,42344281,66540727
9271,42344281,66239479
9272,42344281,69369328
9273,42344281,65022065
9274,42344281,67273880
9275,42344281,66604848
9276,42344281,66230370
9277,42344281,68622827
9278,42344281,65869786
9279,42344281,67129836
9280,42344281,66500024
9281,42344281,65895424
9282,42344281,66480916
9283,42344281,67190485
9284,42344281,68261049
9285,42344281,66492826
9286,42344281,66284898
9287,42344281,68253981
9288,42344281,67657203
9289,42344281,68057168
9290,42344281,66810867
9291,42344281,67995042
9292,42344281,68176288
9293,42344281,68749574
9294,42344281,66672969
9295,42344281,62276727
9296,42344281,65225691
9297,42344281,67149035
9298,42344281,65506758
9299,42344281,65026904
9300,42344281,66257967
9301,42344281,66821990
9302,42344281,65699162
9303,42344281,67175681
9304,42344281,66809894
9305,42344281,66237921
9306,42344281,67564280
9307,42344281,68473497
9308,42344281,69508546
9309,42344281,70088530
9310,42344281,66935863
9311,42344281,69677448
9312,42344281,70048615
9313,42344281,70395341
9314,42344281,67715432
9315,42344281,69595998
9316,42344281,68167957
9317,42344281,70249311
9318,42344281,70509238
9319,42344281,69100590
9320,42344281,71314375
9321,42344281,70252879
9322,42344281,70268474
9323,42344281,66473155
9324,42344281,67963286
9325,42344281,65420308
9326,42344281,66919684
9327,42344281,67567107
9328,42344281,68719483
9329,42344281,68279111
9330,42344281,66130002
9331,42344281,66277503
9332,42344281,67019670
9333,42344281,66682598
9334,42344281,69661250
9335,42344281,68373911
9336,42344281,69646177
9337,42344281,68394729
9338,42344281,69269916
9339,42344281,69756629
9340,42344281,68693287
9341,42344281,69616329
9342,42344281,67811408
9343,42344281,67345116
9344,42344281,67721670
9345,42344281,65055528
9346,42344281,65805813
9347,42344281,66222268
9348,42344281,66951554
9349,42344281,68803293
9350,42344281,67545431
9351,42344281,66748278
9352,42344281,67497750
9353,42344281,65987363
9354,42344281,66883172
9355,42344281,67235238
9356,42344281,64901517
9357,42344281,67567076
9358,42344281,67265086
9359,42344281,68414849
9360,42344281,64439622
9361,42344281,68233691
9362,42344281,67392481
9363,42344281,68053514
9364,42344281,68665433
9365,42344281,68004200
9366,42344281,69423120
9367,42344281,67890394
9368,42344281,66244939
9369,42344281,64490126
9370,42344281,67607888
9371,42344281,70069994
9372,42344281,68025284
9373,42344281,66006056
9374,42344281,67245637
9375,42344281,66756390
9376,42344281,67476474
9377,42344281,68422279
9378,42344281,68835844
9379,42344281,67994427
9380,42344281,65788112
9381,42344281,69068309
9382,42344281,66231412
9383,42344281,65938492
9384,42344281,66692596
9385,42344281,65400869
9386,42344281,64468855
9387,42344281,63183663
9388,42344281,63345474
9389,42344281,66732677
9390,42344281,66612549
9391,42344281,65747396
9392,42344281,65350248
9393,42344281,66215682
9394,42344281,64172601
9395,42344281,66146554
9396,42344281,66329600
9397,42344281,65103461
9398,42344281,64575067
9399,42344281,63826954
9400,42344281,67205866
9401,42344281,67407528
9402,42344281,68561988
9403,42344281,67909752
9404,42344281,68200707
9405,42344281,69746433
9406,42344281,67902021
9407,42344281,67919415
9408,42344281,67012485
9409,42344281,66773513
9410,42344281,67580948
9411,42344281,68206894
9412,42344281,66544155
9413,42344281,65835032
9414,42344281,66182930
9415,42344281,66497366
9416,42344281,66331521
9417,42344281,67983905
9418,42344281,69408228
9419,42344281,69424609
9420,42344281,71174981
9421,42344281,68621244
9422,42344281,69927720
9423,42344281,69159963
9424,42344281,67713912
9425,42344281,67552017
9426,42344281,65689033
9427,42344281,65548949
9428,42344281,67313181
9429,42344281,67208213
9430,42344281,67923991
9431,42344281,69614243
9432,42344281,69643766
9433,42344281,69261526
9434,42344281,71072649
9435,42344281,69887753
9436,42344281,67934902
9437,42344281,67358224
9438,42344281,68743173
9439,42344281,67654005
9440,42344281,67595255
9441,42344281,69265546
9442,42344281,68871996
9443,42344281,67625602
9444,42344281,66460153
9445,42344281,66849723
9446,42344281,66674352
9447,42344281,64654067
9448,42344281,65706584
9449,42344281,65029065
9450,42344281,64252025
9451,42344281,66903572
9452,42344281,66259648
9453,42344281,68758232
9454,42344281,66540152
9455,42344281,68594728
9456,42344281,69255858
9457,42344281,70531036
9458,42344281,71229146
9459,42344281,70528994
9460,42344281,68981499
9461,42344281,68642928
9462,42344281,66551145
9463,42344281,66186359
9464,42344281,68314781
9465,42344281,67455174
9466,42344281,68913030
9467,42344281,67660509
9468,42344281,68654688
9469,42344281,68051353
9470,42344281,69228925
9471,42344281,70833016
9472,42344281,69257457
9473,42344281,69771719
9474,42344281,70383692
9475,42344281,67891549
9476,42344281,67907761
9477,42344281,70175127
9478,42344281,71188293
9479,42344281,71631026
9480,42344281,68694363
9481,42344281,67562079
9482,42344281,70463710
9483,42344281,70078595
9484,42344281,69993782
9485,42344281,69840381
9486,42344281,70115702
9487,42344281,69951619
9488,42344281,67714172
9489,42344281,68558438
9490,42344281,68319520
9491,42344281,71080407
9492,42344281,70542729
9493,42344281,71638835
9494,42344281,70757149
9495,42344281,71908988
9496,42344281,68910521
9497,42344281,69797922
9498,42344281,71002684
9499,42344281,69146025
9500,42344281,68542804
9501,42344281,68266892
9502,42344281,68197249
9503,42344281,69278578
9504,42344281,68317823
9505,42344281,68479573
9506,42344281,70305166
9507,42344281,68686297
9508,42344281,68510749
9509,42344281,69505534
9510,42344281,67730915
9511,42344281,68316808
9512,42344281,65768762
9513,42344281,67827606
9514,42344281,68810275
9515,42344281,68398961
9516,42344281,68949170
9517,42344281,70327854
9518,42344281,70240503
9519,42344281,68328543
9520,42344281,69094833
9521,42344281,68139936
9522,42344281,65712280
9523,42344281,66644320
9524,42344281,66782545
9525,42344281,65943772
9526,42344281,65496182
9527,42344281,67285654
9528,42344281,68743348
9529,42344281,67635817
9530,42344281,66749622
9531,42344281,67006275
9532,42344281,67206677
9533,42344281,68535624
9534,42344281,66548261
9535,42344281,67165969
9536,42344281,67641705
9537,42344281,68951513
9538,42344281,66854157
9539,42344281,65679311
9540,42344281,66320849
9541,42344281,64600890
9542,42344281,65756412
9543,42344281,66689997
9544,42344281,67008954
9545,42344281,65798062
9546,42344281,68153026
9547,42344281,70457464
9548,42344281,68396364
9549,42344281,68480701
9550,42344281,65397618
9551,42344281,64422968
9552,42344281,64726545
9553,42344281,65630652
9554,42344281,68054677
9555,42344281,68720985
9556,42344281,68980067
9557,42344281,65553885
9558,42344281,66120065
9559,42344281,66929381
9560,42344281,68527497
9561,42344281,67090422
9562,42344281,68900025
9563,42344281,69927692
9564,42344281,69709682
9565,42344281,69255735
9566,42344281,70927659
9567,42344281,70606723
9568,42344281,69329610
9569,42344281,70122572
9570,42344281,71131816
9571,42344281,67985620
9572,42344281,68109174
9573,42344281,67591494
9574,42344281,66987498
9575,42344281,67622881
9576,42344281,66764639
9577,42344281,68454646
9578,42344281,65540051
9579,42344281,65559204
9580,42344281,70494057
9581,42344281,70986586
9582,42344281,68895301
9583,42344281,67786948
9584,42344281,68726713
9585,42344281,68213819
9586,42344281,66143068
9587,42344281,67257613
9588,42344281,67226086
9589,42344281,67042291
9590,42344281,66149103
9591,42344281,66910574
9592,42344281,66413488
9593,42344281,65150155
9594,42344281,64233694
9595,42344281,63909151
9596,42344281,63496087
9597,42344281,66552068
9598,42344281,66483613
9599,42344281,66480068
9600,42344281,69290226
9601,42344281,68903451
9602,42344281,68051833
9603,42344281,67226711
9604,42344281,68538133
9605,42344281,68348322
9606,42344281,68435276
9607,42344281,66452013
9608,42344281,65913121
9609,42344281,66992985
9610,42344281,65290231
9611,42344281,64386642
9612,42344281,64840014
9613,42344281,66203592
9614,42344281,66753599
9615,42344281,67078065
9616,42344281,66069083
9617,42344281,67738871
9618,42344281,66544338
9619,42344281,66599268
9620,42344281,67858643
9621,42344281,67297645
9622,42344281,67230354
9623,42344281,66700029
9624,42344281,68291919
9625,42344281,67547366
9626,42344281,65807798
9627,42344281,66640186
9628,42344281,67618202
9629,42344281,68274438
9630,42344281,69861896
9631,42344281,68549305
9632,42344281,66938606
9633,42344281,66507670
9634,42344281,64947063
9635,42344281,66642437
9636,42344281,67085985
9637,42344281,68602785
9638,42344281,67112036
9639,42344281,67117799
9640,42344281,68277843
9641,42344281,66814430
9642,42344281,67643685
9643,42344281,68997519
9644,42344281,69443469
9645,42344281,71017078
9646,42344281,67605171
9647,42344281,67925590
9648,42344281,69903973
9649,42344281,68787331
9650,42344281,67429545
9651,42344281,66704112
9652,42344281,66663845
9653,42344281,63739444
9654,42344281,63539185
9655,42344281,64406923
9656,42344281,65012617
9657,42344281,67957884
9658,42344281,42344281
9659,42344281,42344281
9660,42344281,42344281
9661,42344281,42344281
9662,42344281,42344281
9663,42344281,42344281
9664,42344281,42344281
9665,42344281,42344281
9666,42344281,42344281
9667,42344281,42344281
9668,42344281,42344281
9669,42344281,42344281
9670,42344281,42344281
9671,42344281,42344281
9672,42344281,42344281
9673,42344281,42344281
9674,42344281,42344281
9675,42344281,42344281
9676,42344281,42344281
9677,42344281,42344281
9678,42344281,42344281
9679,42344281,42344281
9680,42344281,42344281
9681,42312519,42312519
9682,42310153,42310153
9683,42310153,42310153
9684,42309219,42309219
9685,42309219,42309219
9686,42309219,42309219
9687,42309219,42309219
9688,42309219,42309219
9689,42309219,42309219
9690,42309219,42309219
9691,42309219,42309219
9692,42309219,42309219
9693,42309219,42309219
9694,42309219,42309219
9695,42309219,42309219
9696,42309219,42309219
9697,42309219,42309219
9698,42309219,42309219
9699,42309219,42309219
9700,42309219,42309219
9701,42309219,42309219
9702,42309219,42309219
9703,42309219,42309219
9704,42309219,42309219
9705,42309219,42309219
9706,42309219,42320046
9707,42309219,42320046
9708,42309219,42320046
9709,42309219,42318314
9710,42309219,42318314
9711,42309219,42318314
9712,42309219,42318314
9713,42309219,42318314
9714,42309219,42318314
9715,42309219,42318314
9716,42309219,42310336
9717,42309219,42310336
9718,42309219,42310336
9719,42309219,42310336
9720,42309219,42310336
9721,42309219,42310336
9722,42309219,42310336
9723,42309219,42314687
9724,42309219,42314687
9725,42309219,42314687
9726,42309219,42314687
9727,42308613,42308613
9728,42308613,42308613
9729,42308613,42308613
9730,42308613,42308613
9731,42308613,42308613
9732,42308613,42308613
9733,42308613,42308613
9734,42308613,42308613
9735,42308613,42308613
9736,42308613,42308613
9737,42308613,42308613
9738,42308613,42308613
9739,42308613,42308613
9740,42308613,42308613
9741,42308613,42308613
9742,42308613,42308613
9743,42308613,42308613
9744,42308613,42308613
9745,42308613,42308613
9746,42308613,42308613
9747,42308613,42308613
9748,42308613,42308613
9749,42308613,42308613
9750,42308613,42308613
9751,42308613,42308613
9752,42308613,42308613
9753,42308613,42308613
9754,42308613,42308613
9755,42263907,42263907
9756,42263907,42356425
9757,42263907,42356425
9758,42263907,42356425
9759,42263907,42356425
9760,42263907,42356425
9761,42263907,42394761
9762,42263907,42394761
9763,42263907,42394761
9764,42263907,42394761
9765,42263907,42394761
9766,42263907,42353253
9767,42263907,42353253
9768,42263907,42353253
9769,42263907,42353253
9770,42263907,42353253
9771,42263907,42353253
9772,42263907,42353253
9773,42263907,42353253
9774,42263907,42353253
9775,42263907,42353253
9776,42263907,42353253
9777,42263907,42353253
9778,42263907,42353253
9779,42263907,42353253
9780,42263907,42353253
9781,42263907,42353253
9782,42263907,42353253
9783,42263907,42353253
9784,42263907,42359327
9785,42263907,42359327
9786,42263907,42359327
9787,42263907,42359327
9788,42263907,42415473
9789,42263907,42415473
9790,42263907,42415473
9791,42263907,42415473
9792,42263907,42415473
9793,42263907,42415473
9794,42263907,42415473
9795,42263907,42415473
9796,42263907,42415473
9797,42263907,42415473
9798,42263907,42415473
9799,42263907,42415473
9800,42263907,42415473
9801,42263907,42415473
9802,42263907,42415473
9803,42263907,42415473
9804,42263907,42415473
9805,42263907,42415473
9806,42263907,42415473
9807,42263907,42415473
9808,42263907,42362095
9809,42263907,42362095
9810,42263907,42362095
9811,42263907,42362095
9812,42263907,42362095
9813,42263907,42362095
9814,42263907,42362095
9815,42263907,42362095
9816,42263907,42423518
9817,42263907,42423518
9818,42263907,42423518
9819,42263907,42423518
9820,42263907,42407069
9821,42263907,42407069
9822,42263907,42407069
9823,42263907,42407069
9824,42263907,42407069
9825,42263907,42407069
9826,42263907,42407069
9827,42263907,42407069
9828,42263907,42407069
9829,42263907,42407069
9830,42263907,42407069
9831,42263907,42407069
9832,42263907,42407069
9833,42263907,42407069
9834,42263907,42407069
9835,42263907,42407069
9836,42263907,42407069
9837,42263907,42407069
9838,42263907,42407069
9839,42263907,42407069
9840,42263907,42364513
9841,42263907,42364513
9842,42263907,42364513
9843,42263907,42364513
9844,42263907,42364513
9845,42263907,42364513
9846,42263907,42364513
9847,42263907,42446291
9848,42263907,42446291
9849,42263907,42446291
9850,42263907,42446291
9851,42263907,42446291
9852,42263907,42406053
9853,42263907,42406053
9854,42263907,42406053
9855,42263907,42406053
9856,42263907,42406053
9857,42263907,42406053
9858,42263907,42406053
9859,42263907,42406053
9860,42263907,42406053
9861,42263907,42399519
9862,42263907,42399519
9863,42263907,42399519
9864,42263907,42399519
9865,42263907,42399519
9866,42263907,42399519
9867,42263907,42399519
9868,42263907,42399519
9869,42263907,42399519
9870,42263907,42399519
9871,42263907,42399519
9872,42263907,42399519
9873,42263907,42399519
9874,42263907,42399519
9875,42263907,42399519
9876,42263907,42399519
9877,42263907,42399519
9878,42263907,42399519
9879,42263907,42399519
9880,42263907,42399519
9881,42263907,42399519
9882,42263907,42399519
9883,42263907,42399519
9884,42263907,42399519
9885,42263907,42399519
9886,42263907,42399519
9887,42263907,42395168
9888,42263907,42395168
9889,42263907,42395168
9890,42263907,42395168
9891,42263907,42395168
9892,42263907,42395168
9893,42263907,42395168
9894,42263907,42395168
9895,42263907,42395168
9896,42263907,42395168
9897,42263907,42395168
9898,42263907,42395168
9899,42263907,42395168
9900,42263907,42395168
9901,42263907,42395168
9902,42263907,42395168
9903,42263907,42395168
9904,42263907,42395168
9905,42263907,42395168
9906,42263907,42395168
9907,42263907,42395168
9908,42263907,42395168
9909,42263907,42395168
9910,42263907,42395168
9911,42263907,42395168
9912,42263907,42395168
9913,42263907,42395168
9914,42263907,42395168
9915,42263907,42395168
9916,42263907,42395168
9917,42263907,42395168
9918,42263907,42395168
9919,42263907,42395168
9920,42263907,42396474
9921,42263907,42396474
9922,42263907,42396474
9923,42263907,42396474
9924,42263907,42396474
9925,42263907,42396474
9926,42263907,42396474
9927,42263907,42396474
9928,42263907,42396474
9929,42263907,42409307
9930,42263907,42409307
9931,42263907,42409307
9932,42263907,42409307
9933,42263907,42409307
9934,42263907,42409307
9935,42263907,42409307
9936,42263907,42409307
9937,42263907,42395666
9938,42263907,42395666
9939,42263907,42395666
9940,42263907,42395666
9941,42263907,42395666
9942,42263907,42395666
9943,42263907,42395666
9944,42263907,42371311
9945,42263907,42371311
9946,42263907,42371311
9947,42263907,42371311
9948,42263907,42371311
9949,42263907,42371311
9950,42263907,42371311
9951,42263907,42338068
9952,42263907,42338068
9953,42263907,42338068
9954,42263907,42338068
9955,42263907,58237768
9956,42263907,61714519
9957,42263907,64378539
9958,42263907,63899671
9959,42263907,67199666
9960,42263907,68051549
9961,42263907,67125204
9962,42263907,70375165
9963,42263907,69774988
9964,42263907,71260842
9965,42263907,70785206
9966,42263907,69870638
9967,42263907,68190139
9968,42263907,70427184
9969,42263907,69198369
9970,42263907,66800045
9971,42263907,68202114
9972,42263907,67760682
9973,42263907,65342617
9974,42263907,64707818
9975,42263907,65404352
9976,42263907,67899170
9977,42263907,67339591
9978,42263907,67018771
9979,42263907,68282332
9980,42263907,66517418
9981,42263907,66076946
9982,42263907,66970811
9983,42263907,67940157
9984,42263907,68318015
9985,42263907,66664748
9986,42263907,63284275
9987,42263907,65005137
9988,42263907,66905379
9989,42263907,66072902
9990,42263907,68204518
9991,42263907,68035470
9992,42263907,67234587
9993,42263907,63437234
9994,42263907,65874366
9995,42263907,65206607
9996,42263907,65767808
9997,42263907,66629125
9998,42263907,67674748
9999,42263907,67393057
10000,42263907,66586126
10001,42263907,65408626
10002,42263907,65998408
10003,42263907,67125282
10004,42263907,64379751
10005,42263907,66148168
10006,42263907,64804460
10007,42263907,65950076
10008,42263907,65427197
10009,42263907,67299873
10010,42263907,66272465
10011,42263907,65396813
10012,42263907,64981166
10013,42263907,65945999
10014,42263907,66605931
10015,42263907,63912659
10016,42263907,64123598
10017,42263907,64228994
10018,42263907,66221159
10019,42263907,65635754
10020,42263907,67343912
10021,42263907,66061679
10022,42263907,68222490
10023,42263907,67626731
10024,42263907,67072390
10025,42263907,67638589
10026,42263907,65714595
10027,42263907,64633200
10028,42263907,65198542
10029,42263907,64456730
10030,42263907,63857561
10031,42263907,64269951
10032,42263907,66270864
10033,42263907,67482516
10034,42263907,66926564
10035,42263907,68068299
10036,42263907,66438828
10037,42263907,65449940
10038,42263907,65441414
10039,42263907,66621916
10040,42263907,65822844
10041,42263907,68021680
10042,42263907,67125019
10043,42263907,66629280
10044,42263907,67384572
10045,42263907,69129109
10046,42263907,69346818
10047,42263907,68607217
10048,42263907,67947006
10049,42263907,68150626
10050,42263907,66246135
10051,42263907,67477125
10052,42263907,68411580
10053,42263907,70242500
10054,42263907,72906143
10055,42263907,71215297
10056,42263907,69516003
10057,42263907,70329376
10058,42263907,71907469
10059,42263907,68281652
10060,42263907,67284929
10061,42263907,64824812
10062,42263907,66423314
10063,42263907,68591332
10064,42263907,67855833
10065,42263907,69008351
10066,42263907,70141820
10067,42263907,67460034
10068,42263907,70696876
10069,42263907,70044618
10070,42263907,67393031
10071,42263907,68177098
10072,42263907,68169567
10073,42263907,67283458
10074,42263907,66604544
10075,42263907,66853042
10076,42263907,67688018
10077,42263907,68392786
10078,42263907,69546907
10079,42263907,68926131
10080,42263907,70927614
10081,42263907,69068538
10082,42263907,69171984
10083,42263907,67032090
10084,42263907,67085371
10085,42263907,67108524
10086,42263907,66218489
10087,42263907,65817385
10088,42263907,64897769
10089,42263907,65927600
10090,42263907,67437673
10091,42263907,68042132
10092,42263907,66255727
10093,42263907,67036899
10094,42263907,68354515
10095,42263907,67962160
10096,42263907,68089684
10097,42263907,70752257
10098,42263907,69662223
10099,42263907,69359501
10100,42263907,67899275
10101,42263907,68511637
10102,42263907,69130569
10103,42263907,67100197
10104,42263907,67639557
10105,42263907,63877285
10106,42263907,67289822
10107,42263907,66031433
10108,42263907,68208969
10109,42263907,66021959
10110,42263907,67532203
10111,42263907,69585700
10112,42263907,69526849
10113,42263907,67996995
10114,42263907,68975663
10115,42263907,67879407
10116,42263907,69071585
10117,42263907,67663497
10118,42263907,65692931
10119,42263907,65860054
10120,42263907,66615299
10121,42263907,68049317
10122,42263907,69607859
10123,42263907,69392350
10124,42263907,68397573
10125,42263907,68477245
10126,42263907,66036233
10127,42263907,68631537
10128,42263907,69056398
10129,42263907,70644851
10130,42263907,68224194
10131,42263907,68585010
10132,42263907,68720848
10133,42263907,66654740
10134,42263907,67148876
10135,42263907,65594205
10136,42263907,66823600
10137,42263907,68552132
10138,42263907,67054590
10139,42263907,67986573
10140,42263907,68971116
10141,42263907,69974147
10142,42263907,67393369
10143,42263907,68097667
10144,42263907,67586145
10145,42263907,66836662
10146,42263907,68225625
10147,42263907,66881734
10148,42263907,67179240
10149,42263907,65666813
10150,42263907,65839028
10151,42263907,68497093
10152,42263907,68558584
10153,42263907,68632004
10154,42263907,66851989
10155,42263907,69487931
10156,42263907,67464365
10157,42263907,69841756
10158,42263907,69832278
10159,42263907,68514910
10160,42263907,68115704
10161,42263907,69750724
10162,42263907,68732442
10163,42263907,66905313
10164,42263907,66510626
10165,42263907,68685904
10166,42263907,67064423
10167,42263907,64994798
10168,42263907,67002538
10169,42263907,64375018
10170,42263907,66728931
10171,42263907,70294385
10172,42263907,67698014
10173,42263907,68341531
10174,42263907,69175973
10175,42263907,68440256
10176,42263907,67479756
10177,42263907,67071733
10178,42263907,68908134
10179,42263907,68137114
10180,42263907,67560870
10181,42263907,69512785
10182,42263907,67957141
10183,42263907,68958703
10184,42263907,67318257
10185,42263907,69456591
10186,42263907,67273491
10187,42263907,66632211
10188,42263907,67961366
10189,42263907,67470104
10190,42263907,69483746
10191,42263907,69437431
10192,42263907,69136097
10193,42263907,69768464
10194,42263907,66587120
10195,42263907,67238494
10196,42263907,67782151
10197,42263907,68175636
10198,42263907,68207834
10199,42263907,67070277
10200,42263907,67297916
10201,42263907,64640939
10202,42263907,65366075
10203,42263907,65116979
10204,42263907,65470905
10205,42263907,63657615
10206,42263907,65578919
10207,42263907,64968776
10208,42263907,63195049
10209,42263907,66869255
10210,42263907,67187173
10211,42263907,66467022
10212,42263907,68255779
10213,42263907,65503525
10214,42263907,65425585
10215,42263907,65292117
10216,42263907,68466640
10217,42263907,69073715
10218,42263907,68513969
10219,42263907,66962953
10220,42263907,66692895
10221,42263907,69360664
10222,42263907,70548583
10223,42263907,68784075
10224,42263907,70365484
10225,42263907,70794195
10226,42263907,72878071
10227,42263907,71924392
10228,42263907,71271224
10229,42263907,67176925
10230,42263907,68564801
10231,42263907,67884154
10232,42263907,67361833
10233,42263907,69328285
10234,42263907,68464189
10235,42263907,71015607
10236,42263907,69103328
10237,42263907,66102627
10238,42263907,68408013
10239,42263907,69537697
10240,42263907,70791686
10241,42263907,68374466
10242,42263907,67522316
10243,42263907,68049053
10244,42263907,68974774
10245,42263907,67444421
10246,42263907,66303720
10247,42263907,66369943
10248,42263907,69286551
10249,42263907,67062531
10250,42263907,67797564
10251,42263907,68458470
10252,42263907,67828387
10253,42263907,67193011
10254,42263907,67229675
10255,42263907,67163865
10256,42263907,68565517
10257,42263907,66784649
10258,42263907,65855525
10259,42263907,65621800
10260,42263907,66069347
10261,42263907,65659275
10262,42263907,65913122
10263,42263907,65339187
10264,42263907,64850057
10265,42263907,65118131
10266,42263907,65793243
10267,42263907,66472593
10268,42263907,68202770
10269,42263907,66993586
10270,42263907,66675187
10271,42263907,66878302
10272,42263907,66499423
10273,42263907,66097885
10274,42263907,65368126
10275,42263907,64468640
10276,42263907,64521940
10277,42263907,65611535
10278,42263907,65672212
10279,42263907,65710120
10280,42263907,66483406
10281,42263907,65498947
10282,42263907,67900703
10283,42263907,67192562
10284,42263907,66516328
10285,42263907,66365495
10286,42263907,66456442
10287,42263907,65222022
10288,42263907,68368615
10289,42263907,67966963
10290,42263907,65241801
10291,42263907,68216582
10292,42263907,68421341
10293,42263907,68094156
10294,42263907,68037409
10295,42263907,66500585
10296,42263907,67662672
10297,42263907,66473818
10298,42263907,68031188
10299,42263907,65357384
10300,42263907,68067929
10301,42263907,68778782
10302,42263907,65232889
10303,42263907,66287643
10304,42263907,67426181
10305,42263907,65661483
10306,42263907,66840299
10307,42263907,66611825
10308,42263907,66813167
10309,42263907,64955492
10310,42263907,64064951
10311,42263907,68285741
10312,42263907,65056215
10313,42263907,64522007
10314,42263907,67143930
10315,42263907,67985258
10316,42263907,68574741
10317,42263907,66456234
10318,42263907,67275436
10319,42263907,68047633
10320,42263907,66435095
10321,42263907,68327819
10322,42263907,66311700
10323,42263907,66294641
10324,42263907,65865765
10325,42263907,67879401
10326,42263907,68443508
10327,42263907,67884799
10328,42263907,68135200
10329,42263907,68639087
10330,42263907,68600397
10331,42263907,66859154
10332,42263907,66588220
10333,42263907,68627181
10334,42263907,68472571
10335,42263907,68521117
10336,42263907,65893690
10337,42263907,66722200
10338,42263907,66037797
10339,42263907,68491244
10340,42263907,68882090
10341,42263907,66753825
10342,42263907,68503065
10343,42263907,69732326
10344,42263907,68655277
10345,42263907,67972750
10346,42263907,66373905
10347,42263907,64812777
10348,42263907,65249953
10349,42263907,68138931
10350,42263907,69449227
10351,42263907,69764686
10352,42263907,68316279
10353,42263907,66946109
10354,42263907,68924613
10355,42263907,68901511
10356,42263907,42263907
10357,42263907,42263907
10358,42263907,42263907
10359,42263907,42263907
10360,42263907,42263907
10361,42263907,42263907
10362,42263907,42263907
10363,42263907,42263907
10364,42263907,42263907
10365,42263907,42263907
10366,42263907,42263907
10367,42263907,42263907
10368,42263907,42263907
10369,42263907,42263907
10370,42263907,42263907
10371,42263907,42263907
10372,42263907,42263907
10373,42263907,42263907
10374,42263907,42263907
10375,42263907,42263907
10376,42263907,42263907
10377,42263907,42263907
10378,42263907,42263907
10379,42263907,42263907
10380,42263907,42263907
10381,42263907,42263907
10382,42263907,42263907
10383,42263907,42263907
10384,42263907,42263907
10385,42263907,42263907
10386,42263907,42263907
10387,42263907,42263907
10388,42263907,42263907
10389,42263907,42263907
10390,42263907,42263907
10391,42263907,42263907
10392,42263907,42263907
10393,42263907,42263907
10394,42250354,42250354
10395,42250354,42250354
10396,42250354,42250354
10397,42250354,42250354
10398,42250354,42250354
10399,42201164,42201164
10400,42201164,42201164
10401,42201164,42201164
10402,42201164,42201164
10403,42201164,42201164
10404,42201164,42201164
10405,42201164,42201164
10406,42189813,42189813
10407,42187134,42187134
10408,42187134,42213692
10409,42187134,42213692
10410,42187134,42213692
10411,42187134,42213692
10412,42187134,42213692
10413,42187134,42213692
10414,42187134,42213692
10415,42187134,42213692
10416,42187134,42213692
10417,42187134,42213692
10418,42187134,42213692
10419,42187134,42213692
10420,42187134,42213692
10421,42187134,42213692
10422,42187134,42213692
10423,42187134,42213692
10424,42187134,42213692
10425,42187134,42213692
10426,42187134,42213692
10427,42187134,42213692
10428,42187134,42213692
10429,42187134,42213692
10430,42187134,42213692
10431,42187134,42213692
10432,42187134,42213692
10433,42187134,42213692
10434,42187134,42213692
10435,42187134,42213692
10436,42187134,42213692
10437,42187134,42213692
10438,42187134,42226037
10439,42187134,42226037
10440,42187134,42226037
10441,42187134,42286046
10442,42187134,42286046
10443,42187134,42286046
10444,42187134,42286046
10445,42187134,42286046
10446,42187134,42305944
10447,42187134,42305944
10448,42187134,42305944
10449,42187134,42305944
10450,42187134,42305944
10451,42187134,42305944
10452,42187134,42305944
10453,42187134,42218167
10454,42187134,42218167
10455,42187134,42218167
10456,42187134,42218167
10457,42187134,42218167
10458,42187134,42218167
10459,42187134,42218167
10460,42187134,42218167
10461,42187134,42218167
10462,42187134,42218167
10463,42187134,42218167
10464,42187134,42218167
10465,42187134,42217407
10466,42187134,42217407
10467,42187134,42217407
10468,42187134,42217407
10469,42187134,42217407
10470,42187134,42217407
10471,42187134,42217407
10472,42187134,42217407
10473,42187134,42217407
10474,42187134,42209327
10475,42187134,42209327
10476,42187134,42209327
10477,42187134,42194346
10478,42187134,42194346
10479,42187134,42194346
10480,42187134,42194346
10481,42187134,42194346
10482,42187134,42194346
10483,42187134,42194346
10484,42187134,42194346
10485,42187134,42194346
10486,42187134,42194346
10487,42187134,42194346
10488,42187134,42194346
10489,42187134,42194346
10490,42187134,42194346
10491,42187134,42194346
10492,42187134,42194346
10493,42187134,42194346
10494,42187134,42194346
10495,42187134,42199375
10496,42187134,42199375
10497,42187134,42199375
10498,42187134,42199375
10499,42187134,42199375
10500,42187134,42199375
10501,42187134,42199375
10502,42187134,42199375
10503,42187134,42199375
10504,42187134,42199375
10505,42187134,42199375
10506,42187134,42199375
10507,42187134,42199375
10508,42187134,42199375
10509,42187134,42199375
10510,42187134,42199375
10511,42187134,42199375
10512,42187134,42199375
10513,42187134,42199375
10514,42187134,42199375
10515,42187134,42199375
10516,42187134,42199375
10517,42187134,42199375
10518,42187134,42199375
10519,42187134,42199375
10520,42187134,42199375
10521,42187134,42199375
10522,42187134,42327171
10523,42187134,42327171
10524,42187134,42328834
10525,42187134,42328834
10526,42187134,42328834
10527,42187134,42316394
10528,42187134,42322397
10529,42187134,42322397
10530,42187134,42322397
10531,42187134,42322397
10532,42187134,42322397
10533,42187134,42346599
10534,42187134,42346599
10535,42187134,42346599
10536,42187134,42346599
10537,42187134,42346599
10538,42187134,42346599
10539,42187134,42346599
10540,42187134,42346599
10541,42187134,42346599
10542,42187134,42346599
10543,42187134,42346599
10544,42187134,42359039
10545,42187134,42359039
10546,42187134,42359039
10547,42187134,42359039
10548,42187134,42359039
10549,42187134,42359039
10550,42187134,42359039
10551,42187134,42359039
10552,42187134,42359039
10553,42187134,42359039
10554,42187134,42359039
10555,42187134,42359039
10556,42187134,42385609
10557,42187134,42385609
10558,42187134,42385609
10559,42187134,42385609
10560,42187134,42385609
10561,42187134,42385609
10562,42187134,42330162
10563,42187134,42330162
10564,42187134,42330162
10565,42187134,42330162
10566,42187134,42330162
10567,42187134,42330162
10568,42187134,42330162
10569,42187134,42330162
10570,42187134,42330162
10571,42187134,42330162
10572,42187134,42330162
10573,42187134,42330162
10574,42187134,42498964
10575,42187134,42498964
10576,42187134,42498964
10577,42187134,42498964
10578,42187134,42498964
10579,42187134,42498964
10580,42187134,42498964
10581,42187134,42498964
10582,42187134,42498964
10583,42187134,42498048
10584,42187134,42498048
10585,42187134,42598635
10586,42187134,42598635
10587,42187134,42597449
10588,42187134,42597449
10589,42187134,42597449
10590,42187134,42632836
10591,42187134,42632836
10592,42187134,42632836
10593,42187134,42632836
10594,42187134,42632836
10595,42187134,42632836
10596,42187134,42632836
10597,42187134,42632836
10598,42187134,42632836
10599,42187134,42632836
10600,42187134,42629267
10601,42187134,42629267
10602,42187134,42629267
10603,42187134,42629267
10604,42187134,42629267
10605,42187134,42629267
10606,42187134,42629267
10607,42187134,57654817
10608,42187134,63270329
10609,42187134,63542460
10610,42187134,63372716
10611,42187134,64463543
10612,42187134,66120670
10613,42187134,65408269
10614,42187134,63945929
10615,42187134,65452128
10616,42187134,66750999
10617,42187134,66574976
10618,42187134,64877668
10619,42187134,64866854
10620,42187134,66518536
10621,42187134,66041740
10622,42187134,66610229
10623,42187134,67828408
10624,42187134,71235417
10625,42187134,66352430
10626,42187134,65265482
10627,42187134,67568308
10628,42187134,66309312
10629,42187134,67214390
10630,42187134,69793411
10631,42187134,68432870
10632,42187134,67683680
10633,42187134,66472491
10634,42187134,66439228
10635,42187134,64469181
10636,42187134,66744501
10637,42187134,65168502
10638,42187134,66866877
10639,42187134,67300836
10640,42187134,66500941
10641,42187134,66542998
10642,42187134,67806072
10643,42187134,66528577
10644,42187134,66605163
10645,42187134,66989324
10646,42187134,66917083
10647,42187134,66916522
10648,42187134,65976602
10649,42187134,68440011
10650,42187134,67064926
10651,42187134,66031556
10652,42187134,66394707
10653,42187134,65685077
10654,42187134,64418840
10655,42187134,65758030
10656,42187134,64359924
10657,42187134,65211693
10658,42187134,64407196
10659,42187134,63479886
10660,42187134,66663550
10661,42187134,67523085
10662,42187134,69513494
10663,42187134,70389077
10664,42187134,69561867
10665,42187134,69085176
10666,42187134,67237478
10667,42187134,66416564
10668,42187134,67629317
10669,42187134,67805771
10670,42187134,68747163
10671,42187134,68073949
10672,42187134,66604987
10673,42187134,67894560
10674,42187134,67072901
10675,42187134,66780680
10676,42187134,65755724
10677,42187134,70090470
10678,42187134,67518334
10679,42187134,67083094
10680,42187134,66317651
10681,42187134,66607740
10682,42187134,69291633
10683,42187134,69420771
10684,42187134,67756440
10685,42187134,66216855
10686,42187134,66208907
10687,42187134,68612944
10688,42187134,67710665
10689,42187134,68284400
10690,42187134,69458049
10691,42187134,69199121
10692,42187134,70260112
10693,42187134,70342493
10694,42187134,66094388
10695,42187134,67377916
10696,42187134,67490132
10697,42187134,66698168
10698,42187134,67673025
10699,42187134,66144549
10700,42187134,67777931
10701,42187134,66850246
10702,42187134,64521606
10703,42187134,64651176
10704,42187134,65576784
10705,42187134,66117315
10706,42187134,64927027
10707,42187134,64793036
10708,42187134,64432234
10709,42187134,66048869
10710,42187134,67939319
10711,42187134,67198398
10712,42187134,65734538
10713,42187134,67449959
10714,42187134,67126653
10715,42187134,67147841
10716,42187134,64607504
10717,42187134,66396402
10718,42187134,63254644
10719,42187134,62777037
10720,42187134,65574874
10721,42187134,63027937
10722,42187134,63636269
10723,42187134,62670213
10724,42187134,63070612
10725,42187134,65714586
10726,42187134,64852609
10727,42187134,65489009
10728,42187134,65208884
10729,42187134,63518892
10730,42187134,64983419
10731,42187134,65217019
10732,42187134,64721043
10733,42187134,64026582
10734,42187134,66856088
10735,42187134,66978413
10736,42187134,68307644
10737,42187134,67614925
10738,42187134,68873314
10739,42187134,69381816
10740,42187134,69600348
10741,42187134,69416213
10742,42187134,68740827
10743,42187134,69046424
10744,42187134,66918967
10745,42187134,67333262
10746,42187134,67393113
10747,42187134,65527116
10748,42187134,68300982
10749,42187134,66373960
10750,42187134,68972407
10751,42187134,68372521
10752,42187134,67276467
10753,42187134,67830574
10754,42187134,68340316
10755,42187134,70598258
10756,42187134,70701400
10757,42187134,69943747
10758,42187134,69533111
10759,42187134,71236952
10760,42187134,69418927
10761,42187134,68956373
10762,42187134,67994876
10763,42187134,68631931
10764,42187134,69664998
10765,42187134,67441765
10766,42187134,67952712
10767,42187134,68651619
10768,42187134,68728119
10769,42187134,69532100
10770,42187134,69798742
10771,42187134,70514222
10772,42187134,70664797
10773,42187134,69852911
10774,42187134,70932412
10775,42187134,71572601
10776,42187134,70692357
10777,42187134,69300027
10778,42187134,70323513
10779,42187134,70123822
10780,42187134,71014561
10781,42187134,72411571
10782,42187134,72550848
10783,42187134,71926652
10784,42187134,70755764
10785,42187134,68724695
10786,42187134,69933515
10787,42187134,65060439
10788,42187134,67527101
10789,42187134,66222949
10790,42187134,66947920
10791,42187134,65514720
10792,42187134,66995551
10793,42187134,68037167
10794,42187134,66214913
10795,42187134,67898013
10796,42187134,69215286
10797,42187134,66578485
10798,42187134,65591333
10799,42187134,68010383
10800,42187134,64630188
10801,42187134,64455642
10802,42187134,65135011
10803,42187134,65827709
10804,42187134,65072574
10805,42187134,64964290
10806,42187134,66453139
10807,42187134,65827353
10808,42187134,65603978
10809,42187134,65703050
10810,42187134,65322123
10811,42187134,64978121
10812,42187134,67311332
10813,42187134,67187765
10814,42187134,70148680
10815,42187134,68724496
10816,42187134,69420308
10817,42187134,69462612
10818,42187134,70091668
10819,42187134,70965082
10820,42187134,70188197
10821,42187134,69307266
10822,42187134,70568518
10823,42187134,72012254
10824,42187134,71861575
10825,42187134,71944685
10826,42187134,70701851
10827,42187134,71069981
10828,42187134,71991647
10829,42187134,69622136
10830,42187134,70181347
10831,42187134,67387038
10832,42187134,67455576
10833,42187134,68280806
10834,42187134,68645420
10835,42187134,67006962
10836,42187134,69011907
10837,42187134,68703691
10838,42187134,66870751
10839,42187134,65592674
10840,42187134,66837621
10841,42187134,68039099
10842,42187134,68807667
10843,42187134,69220435
10844,42187134,69612813
10845,42187134,69339487
10846,42187134,69701496
10847,42187134,72650893
10848,42187134,72380287
10849,42187134,69859915
10850,42187134,70645787
10851,42187134,72418757
10852,42187134,71478912
10853,42187134,72517392
10854,42187134,73498560
10855,42187134,71154658
10856,42187134,71816968
10857,42187134,71571648
10858,42187134,70920942
10859,42187134,71117466
10860,42187134,70721067
10861,42187134,68508206
10862,42187134,69114488
10863,42187134,69344634
10864,42187134,69491585
10865,42187134,70606880
10866,42187134,69344232
10867,42187134,68337923
10868,42187134,69227775
10869,42187134,68908027
10870,42187134,68511625
10871,42187134,67993339
10872,42187134,68768557
10873,42187134,66251291
10874,42187134,66316055
10875,42187134,68966540
10876,42187134,68697040
10877,42187134,67705722
10878,42187134,66628066
10879,42187134,66518012
10880,42187134,66784355
10881,42187134,66671396
10882,42187134,68346638
10883,42187134,67779431
10884,42187134,67033921
10885,42187134,66926036
10886,42187134,65603500
10887,42187134,67351955
10888,42187134,67153121
10889,42187134,69023118
10890,42187134,68887753
10891,42187134,67642498
10892,42187134,70614910
10893,42187134,69536852
10894,42187134,69817594
10895,42187134,65755932
10896,42187134,67220718
10897,42187134,67935642
10898,42187134,69309280
10899,42187134,67562553
10900,42187134,69249901
10901,42187134,69932612
10902,42187134,70399699
10903,42187134,69073283
10904,42187134,68472500
10905,42187134,68572226
10906,42187134,68043075
10907,42187134,68797624
10908,42187134,70205032
10909,42187134,70436103
10910,42187134,69361562
10911,42187134,70735806
10912,42187134,65970164
10913,42187134,67403506
10914,42187134,67246135
10915,42187134,69219118
10916,42187134,68307772
10917,42187134,68073217
10918,42187134,66734091
10919,42187134,66772664
10920,42187134,68625036
10921,42187134,68104033
10922,42187134,67370096
10923,42187134,67831747
10924,42187134,66885471
10925,42187134,68594327
10926,42187134,68482292
10927,42187134,67822471
10928,42187134,70510506
10929,42187134,69721370
10930,42187134,70667209
10931,42187134,67852193
10932,42187134,69860414
10933,42187134,69873634
10934,42187134,71382251
10935,42187134,70829646
10936,42187134,69712315
10937,42187134,68774804
10938,42187134,68498440
10939,42187134,68154139
10940,42187134,67334057
10941,42187134,67592591
10942,42187134,65807996
10943,42187134,65974075
10944,42187134,65714558
10945,42187134,67531540
10946,42187134,65935680
10947,42187134,67205222
10948,42187134,66290428
10949,42187134,66542764
10950,42187134,68230419
10951,42187134,67084404
10952,42187134,69279427
10953,42187134,69317157
10954,42187134,68490213
10955,42187134,68868961
10956,42187134,68199067
10957,42187134,67572152
10958,42187134,67380465
10959,42187134,67393636
10960,42187134,67716275
10961,42187134,69850182
10962,42187134,70165050
10963,42187134,67541168
10964,42187134,67145951
10965,42187134,65415796
10966,42187134,66478717
10967,42187134,65882702
10968,42187134,65199489
10969,42187134,64930956
10970,42187134,66364027
10971,42187134,64674077
10972,42187134,67975319
10973,42187134,66249043
10974,42187134,65902307
10975,42187134,64251349
10976,42187134,64252781
10977,42187134,65944813
10978,42187134,67419582
10979,42187134,68850110
10980,42187134,70858525
10981,42187134,69561800
10982,42187134,70112879
10983,42187134,68235793
10984,42187134,67359172
10985,42187134,67632911
10986,42187134,69078353
10987,42187134,68973080
10988,42187134,64731152
10989,42187134,64413828
10990,42187134,65485155
10991,42187134,66718735
10992,42187134,66778886
10993,42187134,66407465
10994,42187134,67064496
10995,42187134,66153862
10996,42187134,62419411
10997,42187134,63093998
10998,42187134,62687843
10999,42187134,65834030
11000,42187134,63840533
11001,42187134,64733803
11002,42187134,65254167
11003,42187134,67458303
11004,42187134,66247113
11005,42187134,67610230
11006,42187134,68515857
11007,42187134,65541052
11008,42187134,42187134
11009,42187134,42187134
11010,42187134,42187134
11011,42133756,42133756
11012,42133756,42133756
11013,42133756,42133756
11014,42133756,42133756
11015,42133756,42133756
11016,42133756,42133756
11017,42133756,42133756
11018,42133756,42133756
11019,42133756,42133756
11020,42129405,42129405
11021,42129405,42129405
11022,42129405,42129405
11023,42129405,42129405
11024,42129405,42129405
11025,42129405,42129405
11026,42129405,42129405
11027,42129405,42129405
11028,42129405,42129405
11029,42129405,42131679
11030,42129405,42131679
11031,42129405,42131679
11032,42129405,42131679
11033,42129405,42131679
11034,42129405,42131679
11035,42129405,42131678
11036,42129405,42131678
11037,42129405,42131678
11038,42129405,42131678
11039,42129405,42131678
11040,42129405,42131678
11041,42129405,42131678
11042,42119800,42119800
11043,42119800,42119800
11044,42119800,42119800
11045,42119800,42119800
11046,42119800,42119800
11047,42119800,42119800
11048,42119800,42119800
11049,42119800,42119800
11050,42119800,42119800
11051,42119800,42119800
11052,42119800,42119800
11053,42119800,42119800
11054,42119800,42119800
11055,42119800,42119800
11056,42119800,42119800
11057,42119800,42119800
11058,42119800,42119800
11059,42119800,42119800
11060,42119800,42119800
11061,42119800,42119800
11062,42119800,42119800
11063,42119800,42279167
11064,42119800,42279167
11065,42119800,42279167
11066,42119800,42279167
11067,42119800,42279167
11068,42119800,42279167
11069,42119800,42279167
11070,42103806,42103806
11071,42103806,42103806
11072,42103806,42103806
11073,42103806,42103806
11074,42103806,42103806
11075,42103806,42103806
11076,42103806,42103806
11077,42103806,42103806
11078,42103806,42103806
11079,42103806,42103806
11080,42103806,42103806
11081,42103806,42103806
11082,42103806,42103806
11083,42103806,42103806
11084,42103806,42103806
11085,42103806,42103806
11086,42103806,42103806
11087,42103806,42103806
11088,42102342,42102342
11089,42102342,42102342
11090,42102342,42102342
11091,42102342,42102342
11092,42102342,42102342
11093,42102342,42102342
11094,42102342,42102342
11095,42102342,42102342
11096,42102342,42102342
11097,42102342,42102342
11098,42102342,42102342
11099,42102342,42102342
11100,42102342,42102342
11101,42102342,42102342
11102,42102342,42102342
11103,42102342,42102342
11104,42102342,42102342
11105,42102342,42102342
11106,42102342,42102342
11107,42102342,42102342
11108,42102342,42102342
11109,42102342,42102342
11110,42102342,42102342
11111,42102342,42102342
11112,42102342,42102342
11113,42102342,42102342
11114,42102342,42102342
11115,42102342,42102342
11116,42102342,42102342
11117,42102342,42102342
11118,42102342,42102342
11119,42098047,42098047
11120,42098047,42098047
11121,42098047,42098047
11122,42098047,42098047
11123,42098047,42098047
11124,42098047,42098047
11125,42098047,42098047
11126,42098047,42098047
11127,42073508,42073508
11128,42073508,42073508
11129,42073508,42073508
11130,42073508,42073508
11131,42073508,42073508
11132,42073508,42073508
11133,42073508,42073508
11134,42073508,42073508
11135,42073508,42073508
11136,42070717,42070717
11137,42070717,42070717
11138,42070717,42070717
11139,42070717,42070717
11140,42070717,42071460
11141,42070717,42071460
11142,42070717,42071460
11143,42070717,42071460
11144,42070717,42071460
11145,42070717,42071460
11146,42070717,42071460
11147,42070717,42071460
11148,42070717,42071460
11149,42070717,42071460
11150,42070717,42071460
11151,42063691,42063691
11152,42063691,42063691
11153,42063691,42063691
11154,42063691,42063691
11155,42063691,42063691
11156,42063691,42063691
11157,42063691,42063691
11158,42063691,42063691
11159,42063691,42063691
11160,42063691,42063691
11161,42063691,42063691
11162,42063691,42063691
11163,42063691,42063691
11164,42063691,42063691
11165,42063691,42063691
11166,42063691,42063691
11167,42063691,42063691
11168,42063691,42063691
11169,42063691,42248994
11170,42063691,42248994
11171,42063691,42248994
11172,42063691,42248994
11173,42063691,42248994
11174,42063691,42248994
11175,42063691,42248994
11176,42063691,42248994
11177,42063691,42248994
11178,42063691,42248994
11179,42063691,42248994
11180,42063691,42248994
11181,42063691,42248994
11182,42063691,42248994
11183,42063691,42248994
11184,42063691,42248994
11185,42063691,42248994
11186,42063691,42248994
11187,42063691,42248994
11188,42063691,42248994
11189,42063691,42248994
11190,42063691,42248994
11191,42063691,42248994
11192,42063691,42248994
11193,42063691,42248994
11194,42063691,42248994
11195,42063691,42248994
11196,42063691,42248994
11197,42063691,42248994
11198,42063691,42248994
11199,42063691,42248994
11200,42063691,42248994
11201,42063691,42248994
11202,42063691,42239418
11203,42063691,42239418
11204,42063691,42239418
11205,42063691,42239418
11206,42063691,42239418
11207,42063691,42239418
11208,42063691,42239418
11209,42063691,42239418
11210,42063691,42239418
11211,42063691,42239418
11212,42063691,42239418
11213,42063691,42239418
11214,42063691,42239418
11215,42063691,42239418
11216,42063691,42239418
11217,42063691,42239418
11218,42063691,42239418
11219,42063691,42239418
11220,42063691,42239418
11221,42063691,42239418
11222,42063691,42239418
11223,42063691,42239418
11224,42063691,42239418
11225,42063691,42239418
11226,42063691,42239418
11227,42063691,42239418
11228,42063691,42239418
11229,42063691,42239418
11230,42063691,42239418
11231,42063691,42239418
11232,42063691,42239418
11233,42063691,42239418
11234,42063691,42239418
11235,42063691,42239418
11236,42063691,42239418
11237,42063691,42239418
11238,42063691,42239418
11239,42063691,42239418
11240,42063691,42239418
11241,42063691,42242982
11242,42063691,42242982
11243,42063691,42242982
11244,42063691,42242982
11245,42063691,42242982
11246,42063691,42242982
11247,42063691,42242982
11248,42063691,42243916
11249,42063691,42243916
11250,42063691,42243916
11251,42063691,42243916
11252,42063691,42243916
11253,42063691,42243916
11254,42063691,42243916
11255,42063691,42243916
11256,42063691,42243916
11257,42063691,42344857
11258,42063691,42344857
11259,42063691,42344857
11260,42063691,42344857
11261,42063691,42242582
11262,42063691,42242582
11263,42063691,42242582
11264,42063691,42242582
11265,42063691,42242582
11266,42063691,42242582
11267,42063691,42242582
11268,42063691,42242582
11269,42063691,42242582
11270,42063691,42242582
11271,42063691,42242582
11272,42063691,42242582
11273,42063691,42242582
11274,42063691,42242582
11275,42063691,42242582
11276,42063691,42242582
11277,42063691,42242582
11278,42063691,42242582
11279,42063691,42242582
11280,42063691,42242582
11281,42063691,42242582
11282,42063691,42242582
11283,42063691,42242582
11284,42063691,42242582
11285,42063691,42242582
11286,42063691,42242582
11287,42063691,42242582
11288,42063691,42242582
11289,42063691,42242582
11290,42063691,42242582
11291,42063691,42242582
11292,42063691,42242582
11293,42063691,42242582
11294,42063691,42242582
11295,42063691,42242582
11296,42063691,42242582
11297,42063691,42242582
11298,42063691,42242582
11299,42063691,42242582
11300,42063691,42242582
11301,42063691,42242582
11302,42063691,42242582
11303,42063691,42242582
11304,42063691,42182448
11305,42063691,42182448
11306,42063691,42182448
11307,42063691,42182448
11308,42063691,42182448
11309,42063691,42182448
11310,42063691,42182448
11311,42063691,42182448
11312,42063691,42182448
11313,42063691,42182448
11314,42063691,42182448
11315,42063691,42182448
11316,42063691,42182448
11317,42063691,42182448
11318,42063691,42174365
11319,42063691,42174365
11320,42063691,42174365
11321,42063691,42174365
11322,42063691,42174365
11323,42063691,42174365
11324,42063691,42174365
11325,42063691,42210228
11326,42063691,42210228
11327,42063691,42210228
11328,42063691,42235854
11329,42063691,42235854
11330,42063691,42235854
11331,42063691,42235854
11332,42063691,42235854
11333,42063691,42235854
11334,42063691,42235854
11335,42063691,42235854
11336,42063691,42235854
11337,42063691,42235854
11338,42063691,42283690
11339,42063691,42276318
11340,42063691,42276318
11341,42063691,42276318
11342,42063691,42276318
11343,42063691,42276318
11344,42063691,42276318
11345,42063691,42276318
11346,42063691,42276318
11347,42063691,42276318
11348,42063691,42276318
11349,42063691,42276318
11350,42063691,42276318
11351,42063691,55601434
11352,42063691,60617166
11353,42063691,61295262
11354,42063691,64761005
11355,42063691,65261335
11356,42063691,67362003
11357,42063691,68238680
11358,42063691,67595894
11359,42063691,66817783
11360,42063691,69632782
11361,42063691,69887210
11362,42063691,70928321
11363,42063691,69714375
11364,42063691,69276174
11365,42063691,69812522
11366,42063691,67290622
11367,42063691,69647938
11368,42063691,70763295
11369,42063691,68987801
11370,42063691,69801356
11371,42063691,70137391
11372,42063691,69122814
11373,42063691,72246658
11374,42063691,69383238
11375,42063691,68455764
11376,42063691,69388892
11377,42063691,69529560
11378,42063691,68457223
11379,42063691,68239097
11380,42063691,68821511
11381,42063691,68631611
11382,42063691,67133123
11383,42063691,66715138
11384,42063691,67327225
11385,42063691,65374264
11386,42063691,67280209
11387,42063691,66388951
11388,42063691,64918034
11389,42063691,65554616
11390,42063691,64436236
11391,42063691,65646767
11392,42063691,68199664
11393,42063691,67723874
11394,42063691,64741105
11395,42063691,66892525
11396,42063691,67843611
11397,42063691,67033520
11398,42063691,67701041
11399,42063691,69401769
11400,42063691,66385404
11401,42063691,66528661
11402,42063691,66874359
11403,42063691,67311838
11404,42063691,67895505
11405,42063691,69202502
11406,42063691,68159912
11407,42063691,70204725
11408,42063691,68383746
11409,42063691,68453154
11410,42063691,66339752
11411,42063691,68791777
11412,42063691,69394239
11413,42063691,70534968
11414,42063691,69690440
11415,42063691,68537497
11416,42063691,67557728
11417,42063691,70608315
11418,42063691,70171063
11419,42063691,69893030
11420,42063691,70575459
11421,42063691,67773536
11422,42063691,69445183
11423,42063691,69661285
11424,42063691,67712269
11425,42063691,68569657
11426,42063691,70471145
11427,42063691,66792672
11428,42063691,68520948
11429,42063691,67996901
11430,42063691,68198336
11431,42063691,67422392
11432,42063691,66933564
11433,42063691,67820923
11434,42063691,66597128
11435,42063691,67831135
11436,42063691,66505685
11437,42063691,66976286
11438,42063691,67105783
11439,42063691,66934080
11440,42063691,67560913
11441,42063691,68004901
11442,42063691,68508763
11443,42063691,66895531
11444,42063691,67719250
11445,42063691,67775226
11446,42063691,68658858
11447,42063691,65994684
11448,42063691,64560275
11449,42063691,65548434
11450,42063691,67351975
11451,42063691,66466798
11452,42063691,66098196
11453,42063691,67510769
11454,42063691,68531299
11455,42063691,69162324
11456,42063691,68349787
11457,42063691,70040774
11458,42063691,68312925
11459,42063691,69678155
11460,42063691,71257637
11461,42063691,71294181
11462,42063691,69558526
11463,42063691,68537295
11464,42063691,71802505
11465,42063691,70443071
11466,42063691,69512394
11467,42063691,66411031
11468,42063691,67001674
11469,42063691,67579185
11470,42063691,66001242
11471,42063691,67835020
11472,42063691,69651632
11473,42063691,69486046
11474,42063691,68757308
11475,42063691,69637148
11476,42063691,70821424
11477,42063691,70006809
11478,42063691,68639909
11479,42063691,69478821
11480,42063691,68229492
11481,42063691,69896214
11482,42063691,69258493
11483,42063691,68591327
11484,42063691,70095170
11485,42063691,68624960
11486,42063691,70449916
11487,42063691,68692908
11488,42063691,66810325
11489,42063691,67027236
11490,42063691,66323871
11491,42063691,64353399
11492,42063691,64278122
11493,42063691,64623773
11494,42063691,66375271
11495,42063691,69810131
11496,42063691,70905681
11497,42063691,69752403
11498,42063691,72037866
11499,42063691,68265791
11500,42063691,67444214
11501,42063691,67715818
11502,42063691,66795023
11503,42063691,66054547
11504,42063691,64301462
11505,42063691,63963284
11506,42063691,62810769
11507,42063691,65982724
11508,42063691,69889821
11509,42063691,68027043
11510,42063691,69218280
11511,42063691,69047190
11512,42063691,65039084
11513,42063691,64510033
11514,42063691,67134921
11515,42063691,67761439
11516,42063691,67556546
11517,42063691,67390898
11518,42063691,68550860
11519,42063691,68277969
11520,42063691,66962499
11521,42063691,66865513
11522,42063691,66201396
11523,42063691,68113977
11524,42063691,68840538
11525,42063691,67655225
11526,42063691,67643214
11527,42063691,66967844
11528,42063691,69741827
11529,42063691,69088456
11530,42063691,67713154
11531,42063691,67964663
11532,42063691,66959233
11533,42063691,68691329
11534,42063691,66566544
11535,42063691,67168816
11536,42063691,67153686
11537,42063691,68134903
11538,42063691,69202522
11539,42063691,68714424
11540,42063691,70708314
11541,42063691,72729334
11542,42063691,72508752
11543,42063691,70307376
11544,42063691,71377209
11545,42063691,70892068
11546,42063691,66699996
11547,42063691,68546051
11548,42063691,69580611
11549,42063691,70841406
11550,42063691,67762133
11551,42063691,67903737
11552,42063691,65885253
11553,42063691,67472390
11554,42063691,64923309
11555,42063691,65921936
11556,42063691,65659365
11557,42063691,65565538
11558,42063691,66385686
11559,42063691,65141097
11560,42063691,68162839
11561,42063691,69814531
11562,42063691,70639667
11563,42063691,70569924
11564,42063691,69714187
11565,42063691,67715342
11566,42063691,68828961
11567,42063691,69001126
11568,42063691,70419822
11569,42063691,69480427
11570,42063691,68729604
11571,42063691,68865665
11572,42063691,69027442
11573,42063691,67221399
11574,42063691,66679924
11575,42063691,67633470
11576,42063691,65229232
11577,42063691,69427429
11578,42063691,69210303
11579,42063691,67967325
11580,42063691,68008702
11581,42063691,68152900
11582,42063691,68893333
11583,42063691,67192263
11584,42063691,65539257
11585,42063691,68726253
11586,42063691,69116921
11587,42063691,69316879
11588,42063691,68759658
11589,42063691,68430604
11590,42063691,68788246
11591,42063691,67964641
11592,42063691,68251352
11593,42063691,69889021
11594,42063691,70378164
11595,42063691,69879128
11596,42063691,69583732
11597,42063691,69037997
11598,42063691,69364223
11599,42063691,66614105
11600,42063691,67183932
11601,42063691,67286253
11602,42063691,66937882
11603,42063691,70216389
11604,42063691,66521185
11605,42063691,66680600
11606,42063691,67627744
11607,42063691,67533104
11608,42063691,69478160
11609,42063691,68272905
11610,42063691,67496163
11611,42063691,67806422
11612,42063691,67857889
11613,42063691,66923062
11614,42063691,67794974
11615,42063691,66356764
11616,42063691,64325559
11617,42063691,64018860
11618,42063691,64762803
11619,42063691,68268209
11620,42063691,66733167
11621,42063691,67701256
11622,42063691,66059923
11623,42063691,65848833
11624,42063691,65672584
11625,42063691,69357550
11626,42063691,69819747
11627,42063691,67860880
11628,42063691,66262273
11629,42063691,65307836
11630,42063691,65709459
11631,42063691,65482811
11632,42063691,67189386
11633,42063691,66050380
11634,42063691,69331344
11635,42063691,68073746
11636,42063691,67141367
11637,42063691,66722155
11638,42063691,68511888
11639,42063691,68316815
11640,42063691,67215561
11641,42063691,68248640
11642,42063691,66349987
11643,42063691,66076428
11644,42063691,65282246
11645,42063691,63701492
11646,42063691,66513167
11647,42063691,66659501
11648,42063691,67228851
11649,42063691,66801676
11650,42063691,64994003
11651,42063691,64390395
11652,42063691,67377043
11653,42063691,67026118
11654,42063691,64816558
11655,42063691,65408866
11656,42063691,66303021
11657,42063691,64190791
11658,42063691,64064889
11659,42063691,66633670
11660,42063691,67636169
11661,42063691,65722999
11662,42063691,65579476
11663,42063691,63450938
11664,42063691,61996864
11665,42063691,63131361
11666,42063691,65347655
11667,42063691,65927518
11668,42063691,65438516
11669,42063691,64212941
11670,42063691,64146412
11671,42063691,65632598
11672,42063691,65723879
11673,42063691,66611643
11674,42063691,66891082
11675,42063691,67694656
11676,42063691,67603893
11677,42063691,68549766
11678,42063691,64561356
11679,42063691,65136024
11680,42063691,66835214
11681,42063691,69365218
11682,42063691,68251246
11683,42063691,66397859
11684,42063691,69385426
11685,42063691,70634627
11686,42063691,71019174
11687,42063691,71540338
11688,42063691,69349276
11689,42063691,68896640
11690,42063691,70971806
11691,42063691,70879754
11692,42063691,66220191
11693,42063691,68016805
11694,42063691,68379691
11695,42063691,67065988
11696,42063691,67896334
11697,42063691,67707652
11698,42063691,69461835
11699,42063691,68860333
11700,42063691,69240258
11701,42063691,68557297
11702,42063691,67363128
11703,42063691,67294661
11704,42063691,67712179
11705,42063691,69831574
11706,42063691,68646492
11707,42063691,67531211
11708,42063691,67022658
11709,42063691,66826786
11710,42063691,68218725
11711,42063691,68939565
11712,42063691,70549934
11713,42063691,70496653
11714,42063691,70175528
11715,42063691,68905744
11716,42063691,67097428
11717,42063691,65042078
11718,42063691,66707172
11719,42063691,65313059
11720,42063691,63804600
11721,42063691,64688554
11722,42063691,64968039
11723,42063691,66743702
11724,42063691,64523851
11725,42063691,66844826
11726,42063691,65461199
11727,42063691,66056880
11728,42063691,64171457
11729,42063691,68149131
11730,42063691,68525517
11731,42063691,68405367
11732,42063691,69749676
11733,42063691,68188243
11734,42063691,66089837
11735,42063691,67138734
11736,42063691,67057492
11737,42063691,66898421
11738,42063691,67706801
11739,42063691,65167273
11740,42063691,67353697
11741,42063691,66816804
11742,42063691,65460075
11743,42063691,64988314
11744,42063691,66516514
11745,42063691,69512887
11746,42063691,68720585
11747,42063691,68590060
11748,42063691,69090987
11749,42063691,66720967
11750,42063691,69011748
11751,42063691,69686003
11752,42063691,42067439
11753,42063691,42067439
11754,42063691,42067439
11755,42063691,42067439
11756,42063691,42067439
11757,42063691,42067439
11758,42063691,42067439
11759,42063691,42067439
11760,42063691,42175078
11761,42063691,42175078
11762,42063691,42175078
11763,42063691,42175078
11764,42063691,42173312
11765,42063691,42173312
11766,42063691,42173312
11767,42063691,42173312
11768,42063691,42176119
11769,42063691,42176119
11770,42063691,42164926
11771,42063691,42166692
11772,42063691,42166692
11773,42063691,42161603
11774,42063691,42161603
11775,42063691,42161603
11776,42063691,42161603
11777,42063691,42161603
11778,42063691,42161603
11779,42063691,42161603
11780,42063691,42196232
11781,42063691,42196232
11782,42063691,42196232
11783,42063691,42196232
11784,42063691,42196232
11785,42063691,42196232
11786,42063691,42196232
11787,42063691,42196232
11788,42063691,42196232
11789,42063691,42197895
11790,42063691,42197895
11791,42063691,42197135
11792,42063691,42197135
11793,42063691,42197135
11794,42063691,42197135
11795,42063691,42197135
11796,42063691,42197135
11797,42063691,42197135
11798,42063691,42197135
11799,42063691,42197135
11800,42063691,42197135
11801,42063691,42197135
11802,42063691,42197135
11803,42063691,42197135
11804,42063691,42197135
11805,42063691,42197135
11806,42063691,42197135
11807,42063691,42197135
11808,42063691,42118108
11809,42063691,42118108
11810,42063691,42118108
11811,42063691,42118108
11812,42063691,42118108
11813,42063691,42116445
11814,42063691,42116445
11815,42063691,42116445
11816,42063691,42116445
11817,42063691,42116445
11818,42063691,42116445
11819,42063691,42116445
11820,42063691,42116445
11821,42063691,42116445
11822,42063691,42116445
11823,42063691,42144307
11824,42063691,42144307
11825,42063691,42144307
11826,42063691,42144306
11827,42063691,42144306
11828,42063691,42118048
11829,42063691,42118048
11830,42063691,42118048
11831,42063691,42118048
11832,42063691,42118048
11833,42063691,42118048
11834,42063691,42118048
11835,42063691,42118048
11836,42063691,42118048
11837,42063691,42118048
11838,42063691,42118048
11839,42063691,42118048
11840,42063691,42093199
11841,42063691,42093199
11842,42063691,42093199
11843,42063691,42093199
11844,42063691,42093199
11845,42063691,42093199
11846,42063691,42093199
11847,42063691,42093199
11848,42063691,42093199
11849,42063691,42093199
11850,42063691,42093199
11851,42063691,42093199
11852,42063691,42093199
11853,42063691,42093199
11854,42063691,42093199
11855,42063691,42093199
11856,42063691,42093199
11857,42063691,42093199
11858,42063691,42093199
11859,42063691,42093199
11860,42063691,42093199
11861,42063691,42093199
11862,42063691,42093199
11863,42063691,42093199
11864,42063691,42100690
11865,42063691,42100690
11866,42063691,42100690
11867,42063691,42100690
11868,42063691,42100690
11869,42063691,42321233
11870,42063691,42321233
11871,42063691,42321233
11872,42063691,42321233
11873,42063691,42321233
11874,42063691,42321233
11875,42063691,42314803
11876,42063691,42314803
11877,42063691,42314803
11878,42063691,42314803
11879,42063691,42314803
11880,42063691,42314803
11881,42063691,42314803
11882,42063691,42314803
11883,42063691,42314803
11884,42063691,42314803
11885,42063691,42314803
11886,42063691,42314803
11887,42063691,42314803
11888,42063691,42314803
11889,42063691,42314803
11890,42063691,42293640
11891,42063691,42293640
11892,42063691,42293640
11893,42063691,42293640
11894,42063691,42307181
11895,42063691,42307181
11896,42063691,42307181
11897,42063691,42307181
11898,42063691,42307181
11899,42063691,42307181
11900,42063691,42307181
11901,42063691,42307181
11902,42063691,42307181
11903,42063691,42307181
11904,42063691,42307181
11905,42063691,42307181
11906,42063691,42307181
11907,42063691,42307181
11908,42063691,42307181
11909,42063691,42307181
11910,42063691,42307181
11911,42063691,42307181
11912,42063691,42307181
11913,42063691,42307181
11914,42063691,42307181
11915,42063691,42307181
11916,42063691,42307181
11917,42063691,42307181
11918,42063691,42307181
11919,42063691,42307181
11920,42063691,42307181
11921,42063691,42307181
11922,42063691,42307181
11923,42063691,42307181
11924,42063691,42307181
11925,42063691,42307181
11926,42063691,42307181
11927,42063691,42307181
11928,42063691,42307181
11929,42063691,42307181
11930,42063691,42307181
11931,42063691,42364002
11932,42063691,42364002
11933,42063691,42364002
11934,42063691,42364002
11935,42063691,42364002
11936,42063691,42364002
11937,42063691,42364002
11938,42063691,42364002
11939,42063691,42364002
11940,42063691,42364002
11941,42063691,42364002
11942,42063691,42364002
11943,42063691,42364002
11944,42063691,42373018
11945,42063691,42373018
11946,42063691,42373018
11947,42063691,42373018
11948,42063691,42373018
11949,42063691,42373018
11950,42063691,42373018
11951,42063691,42373018
11952,42063691,59003238
11953,42063691,61346626
11954,42063691,62506818
11955,42063691,67284435
11956,42063691,66655025
11957,42063691,68876390
11958,42063691,67257926
11959,42063691,67461337
11960,42063691,68958707
11961,42063691,69264583
11962,42063691,68839589
11963,42063691,69334134
11964,42063691,68159133
11965,42063691,69183560
11966,42063691,68532615
11967,42063691,68405069
11968,42063691,68131308
11969,42063691,67066589
11970,42063691,67147905
11971,42063691,66735614
11972,42063691,65822922
11973,42063691,67284869
11974,42063691,66871198
11975,42063691,66363964
11976,42063691,65728607
11977,42063691,67626962
11978,42063691,67409605
11979,42063691,66844306
11980,42063691,68407827
11981,42063691,67683688
11982,42063691,69195977
11983,42063691,68141451
11984,42063691,67928072
11985,42063691,68620616
11986,42063691,69999031
11987,42063691,70834897
11988,42063691,70556141
11989,42063691,72173564
11990,42063691,70262824
11991,42063691,65906791
11992,42063691,69102234
11993,42063691,69427677
11994,42063691,67861590
11995,42063691,69230224
11996,42063691,68787779
11997,42063691,69980920
11998,42063691,70612725
11999,42063691,69116348
12000,42063691,69698628
12001,42063691,69803977
12002,42063691,68622599
12003,42063691,68856780
12004,42063691,70694911
12005,42063691,70941981
12006,42063691,75485337
12007,42063691,72157249
12008,42063691,72422925
12009,42063691,69411710
12010,42063691,68703460
12011,42063691,71448668
12012,42063691,72636138
12013,42063691,70051970
12014,42063691,68753272
12015,42063691,68582591
12016,42063691,68598063
12017,42063691,67273022
12018,42063691,66709817
12019,42063691,65003348
12020,42063691,66569817
12021,42063691,66781935
12022,42063691,68465460
12023,42063691,67161180
12024,42063691,69871943
12025,42063691,67582301
12026,42063691,68060619
12027,42063691,69412055
12028,42063691,70260273
12029,42063691,69099923
12030,42063691,69685979
12031,42063691,69785122
12032,42063691,68401083
12033,42063691,66212775
12034,42063691,66414387
12035,42063691,67490634
12036,42063691,68127329
12037,42063691,69732722
12038,42063691,67344029
12039,42063691,66527376
12040,42063691,69208708
12041,42063691,69267965
12042,42063691,68771013
12043,42063691,68511156
12044,42063691,67783832
12045,42063691,67743227
12046,42063691,66490400
12047,42063691,67659184
12048,42063691,65808230
12049,42063691,64512567
12050,42063691,67383391
12051,42063691,67805711
12052,42063691,67787150
12053,42063691,67085954
12054,42063691,65021538
12055,42063691,68391098
12056,42063691,71904416
12057,42063691,70075004
12058,42063691,70474869
12059,42063691,68892284
12060,42063691,70229628
12061,42063691,68974594
12062,42063691,65370266
12063,42063691,65609018
12064,42063691,68084660
12065,42063691,66281707
12066,42063691,67209285
12067,42063691,70189860
12068,42063691,68027067
12069,42063691,67903532
12070,42063691,67277665
12071,42063691,66743527
12072,42063691,67582342
12073,42063691,68417960
12074,42063691,68948196
12075,42063691,67077029
12076,42063691,65882779
12077,42063691,66177727
12078,42063691,65540750
12079,42063691,66891136
12080,42063691,67853033
12081,42063691,67944872
12082,42063691,68227708
12083,42063691,65908070
12084,42063691,66143132
12085,42063691,63691497
12086,42063691,66258343
12087,42063691,66334449
12088,42063691,62670910
12089,42063691,67171676
12090,42063691,67732702
12091,42063691,68728465
12092,42063691,70570141
12093,42063691,68263380
12094,42063691,70246706
12095,42063691,74019913
12096,42063691,74026226
12097,42063691,73442704
12098,42063691,75243208
12099,42063691,74454705
12100,42063691,74190572
12101,42063691,70749509
12102,42063691,72647641
12103,42063691,71484701
12104,42063691,72639494
12105,42063691,70766098
12106,42063691,67561080
12107,42063691,67535653
12108,42063691,70287921
12109,42063691,70647119
12110,42063691,70739320
12111,42063691,68231847
12112,42063691,66000929
12113,42063691,66483425
12114,42063691,68357586
12115,42063691,68803331
12116,42063691,68696413
12117,42063691,68913758
12118,42063691,68891611
12119,42063691,67854063
12120,42063691,67924513
12121,42063691,68249062
12122,42063691,66772998
12123,42063691,68297923
12124,42063691,67851856
12125,42063691,67675303
12126,42063691,66410823
12127,42063691,65388358
12128,42063691,64102276
12129,42063691,67897389
12130,42063691,67034411
12131,42063691,65082931
12132,42063691,64801921
12133,42063691,65285859
12134,42063691,66056882
12135,42063691,66715259
12136,42063691,65641612
12137,42063691,67545754
12138,42063691,67616759
12139,42063691,67154017
12140,42063691,66614237
12141,42063691,68320758
12142,42063691,69570256
12143,42063691,68905805
12144,42063691,65418000
12145,42063691,64717054
12146,42063691,66060265
12147,42063691,68672738
12148,42063691,69703715
12149,42063691,70584462
12150,42063691,71625292
12151,42063691,70885791
12152,42063691,70297030
12153,42063691,71235958
12154,42063691,70002352
12155,42063691,72116546
12156,42063691,71510490
12157,42063691,67712042
12158,42063691,69491123
12159,42063691,67339867
12160,42063691,68085364
12161,42063691,67393720
12162,42063691,67648852
12163,42063691,66632022
12164,42063691,68421473
12165,42063691,67578982
12166,42063691,67209106
12167,42063691,68282528
12168,42063691,69685466
12169,42063691,71556774
12170,42063691,70064718
12171,42063691,70006098
12172,42063691,68911557
12173,42063691,67546575
12174,42063691,65630254
12175,42063691,66253577
12176,42063691,66376620
12177,42063691,66580644
12178,42063691,66172330
12179,42063691,70954213
12180,42063691,67358677
12181,42063691,65424825
12182,42063691,66594983
12183,42063691,67525268
12184,42063691,70946165
12185,42063691,68516569
12186,42063691,70235139
12187,42063691,67303553
12188,42063691,67940778
12189,42063691,67843558
12190,42063691,64875232
12191,42063691,64416608
12192,42063691,66028618
12193,42063691,65650686
12194,42063691,68148016
12195,42063691,66976298
12196,42063691,66517716
12197,42063691,67070060
12198,42063691,65914480
12199,42063691,66137298
12200,42063691,67130600
12201,42063691,66940214
12202,42063691,66266157
12203,42063691,67239932
12204,42063691,65676771
12205,42063691,67025191
12206,42063691,66454791
12207,42063691,66220905
12208,42063691,68365195
12209,42063691,66513922
12210,42063691,65808586
12211,42063691,68304478
12212,42063691,66115418
12213,42063691,65836124
12214,42063691,65027490
12215,42063691,65938760
12216,42063691,66303543
12217,42063691,64827794
12218,42063691,66633823
12219,42063691,65982564
12220,42063691,66317394
12221,42063691,66366518
12222,42063691,66362258
12223,42063691,65800083
12224,42063691,65944854
12225,42063691,65876373
12226,42063691,67177057
12227,42063691,67560348
12228,42063691,66699617
12229,42063691,66586464
12230,42063691,64681056
12231,42063691,64019666
12232,42063691,66690400
12233,42063691,66722930
12234,42063691,68827360
12235,42063691,68683848
12236,42063691,70892204
12237,42063691,67508762
12238,42063691,66410892
12239,42063691,64994381
12240,42063691,66945059
12241,42063691,67930134
12242,42063691,68016308
12243,42063691,67284777
12244,42063691,66927260
12245,42063691,68211386
12246,42063691,69057765
12247,42063691,68869513
12248,42063691,69597548
12249,42063691,68276689
12250,42063691,65650825
12251,42063691,65677135
12252,42063691,65094754
12253,42063691,66622130
12254,42063691,66493519
12255,42063691,68067608
12256,42063691,66014659
12257,42063691,65598544
12258,42063691,69399501
12259,42063691,68328969
12260,42063691,67414839
12261,42063691,70484212
12262,42063691,70771526
12263,42063691,71328314
12264,42063691,69472474
12265,42063691,70952098
12266,42063691,67049143
12267,42063691,68105704
12268,42063691,69314333
12269,42063691,69984226
12270,42063691,64476442
12271,42063691,65380085
12272,42063691,66079069
12273,42063691,66368777
12274,42063691,65513499
12275,42063691,66989658
12276,42063691,66239434
12277,42063691,65565816
12278,42063691,65516435
12279,42063691,65227686
12280,42063691,65825732
12281,42063691,65009270
12282,42063691,67144069
12283,42063691,66095293
12284,42063691,67179466
12285,42063691,66991001
12286,42063691,66788031
12287,42063691,64029774
12288,42063691,65839984
12289,42063691,65129024
12290,42063691,66816326
12291,42063691,67612411
12292,42063691,68228408
12293,42063691,67009001
12294,42063691,69281456
12295,42063691,69112561
12296,42063691,68639212
12297,42063691,68063143
12298,42063691,69013711
12299,42063691,70016655
12300,42063691,71587792
12301,42063691,70180427
12302,42063691,71529770
12303,42063691,69292639
12304,42063691,68733248
12305,42063691,69154524
12306,42063691,68435051
12307,42063691,68589841
12308,42063691,68290817
12309,42063691,67485803
12310,42063691,67388136
12311,42063691,69648992
12312,42063691,66486992
12313,42063691,68269716
12314,42063691,69407690
12315,42063691,67112015
12316,42063691,67510931
12317,42063691,67122405
12318,42063691,65153657
12319,42063691,64932554
12320,42063691,65931056
12321,42063691,68436386
12322,42063691,69279053
12323,42063691,66662846
12324,42063691,67620206
12325,42063691,68485529
12326,42063691,70326712
12327,42063691,70431413
12328,42063691,70528812
12329,42063691,69877812
12330,42063691,68040442
12331,42063691,67216660
12332,42063691,67583703
12333,42063691,67958946
12334,42063691,67795265
12335,42063691,67229413
12336,42063691,67431934
12337,42063691,67297018
12338,42063691,66540619
12339,42063691,67310289
12340,42063691,66225384
12341,42063691,67862520
12342,42063691,68030557
12343,42063691,66515247
12344,42063691,69343100
12345,42063691,69878523
12346,42063691,69413145
12347,42063691,69759451
12348,42063691,70626659
12349,42063691,68561767
12350,42063691,69271060
12351,42063691,68896171
12352,42063691,68815505
12353,42063691,42063691
12354,42063691,42063691
12355,42063691,42063691
12356,42063691,42063691
12357,42063691,42063691
12358,42063691,42063691
12359,42063691,42063691
12360,42063691,42063691
12361,42063691,42063691
12362,42058602,42058602
12363,42058602,42058602
12364,42058602,42058602
12365,42058602,42058602
12366,42058602,42058602
12367,42058602,42058602
12368,42058602,42058602
12369,42058602,42058602
12370,42058602,42058602
12371,42058602,42058602
12372,42058602,42058602
12373,42058602,42058602
12374,42058602,42058602
12375,42058602,42058602
12376,42058602,42058602
12377,42058602,42058602
12378,42058602,42058602
12379,42058602,42058602
12380,42058602,42058602
12381,42058602,42058602
12382,42058602,42058602
12383,42058602,42058602
12384,42058602,42058602
12385,42058602,42058602
12386,42058602,42058602
12387,42058602,42058602
12388,42058602,42058602
12389,42058602,42076307
12390,42058602,42076307
12391,42058602,42076307
12392,42058602,42076307
12393,42058602,42076307
12394,42058602,42122269
12395,42058602,42122269
12396,42058602,42122269
12397,42058602,42122269
12398,42058602,42122269
12399,42058602,42122269
12400,42058602,42122269
12401,42058602,42122269
12402,42058602,42122269
12403,42058602,42122269
12404,42058602,42122269
12405,42058602,42122269
12406,42058602,42122269
12407,42058602,42087183
12408,42058602,42087183
12409,42058602,42087183
12410,42058602,42087183
12411,42058602,42087183
12412,42058602,42087183
12413,42058602,42087183
12414,42058602,42087183
12415,42058602,42087183
12416,42058602,42087183
12417,42058602,42087183
12418,42058602,42087183
12419,42058602,42087183
12420,42058602,42087183
12421,42058602,42087183
12422,42058602,42087183
12423,42058602,42087183
12424,42058602,42087183
12425,42058602,42087183
12426,42058602,42087183
12427,42058602,42087183
12428,42058602,42087183
12429,42058602,42087183
12430,42058602,42087183
12431,42058602,42087183
12432,42058602,42087183
12433,42058602,42087183
12434,42058602,42087183
12435,42058602,42087183
12436,42058602,42087183
12437,42058602,42087183
12438,42058602,42087183
12439,42058602,42087183
12440,42058602,42087183
12441,42058602,42087183
12442,42058602,42087183
12443,42058602,42087183
12444,42058602,42087183
12445,42058602,42087183
12446,42058602,42087183
12447,42058602,42087183
12448,42058602,42087183
12449,42058602,42087183
12450,42058602,42087183
12451,42058602,42084261
12452,42058602,42084261
12453,42058602,42084261
12454,42058602,42084261
12455,42058602,42084261
12456,42058602,42084261
12457,42058602,42084261
12458,42058602,42084261
12459,42058602,42084261
12460,42058602,42084261
12461,42058602,42084261
12462,42058602,42084261
12463,42058602,42084261
12464,42058602,42084261
12465,42058602,42084261
12466,42058602,42084261
12467,42058602,42084261
12468,42058602,42084261
12469,42058602,42084261
12470,42058602,42084261
12471,42058602,42084261
12472,42058602,42084261
12473,42058602,42131089
12474,42058602,42196143
12475,42058602,42196143
12476,42058602,42196143
12477,42058602,42196143
12478,42058602,42196143
12479,42058602,42196143
12480,42058602,42196143
12481,42058602,42196143
12482,42058602,42196143
12483,42058602,42196143
12484,42058602,42196143
12485,42058602,42196143
12486,42058602,42196143
12487,42058602,42196143
12488,42058602,42196143
12489,42058602,42196143
12490,42058602,42196143
12491,42058602,42196143
12492,42058602,42196143
12493,42058602,42196143
12494,42058602,42196143
12495,42058602,42196143
12496,42058602,42196143
12497,42058602,42196143
12498,42058602,42196143
12499,42058602,42196143
12500,42058602,42196143
12501,42058602,42196143
12502,42058602,42196143
12503,42058602,42196143
12504,42058602,42196143
12505,42058602,42196143
12506,42058602,42196143
12507,42058602,42196143
12508,42058602,42196143
12509,42058602,42196143
12510,42058602,42196143
12511,42058602,42196143
12512,42058602,42196143
12513,42058602,42196143
12514,42058602,42196143
12515,42058602,42196143
12516,42058602,42208341
12517,42058602,42208341
12518,42058602,42208341
12519,42058602,42208341
12520,42058602,42208341
12521,42058602,42208341
12522,42058602,42208341
12523,42058602,42208341
12524,42058602,42208341
12525,42058602,42208341
12526,42058602,42208341
12527,42058602,42201523
12528,42058602,42201523
12529,42058602,42201523
12530,42058602,42201523
12531,42058602,42201523
12532,42058602,42201523
12533,42058602,42201523
12534,42058602,42201523
12535,42058602,42201523
12536,42058602,42201523
12537,42058602,42201523
12538,42058602,42201523
12539,42058602,42201523
12540,42058602,42201523
12541,42058602,42201523
12542,42058602,42201523
12543,42058602,42201523
12544,42058602,42201523
12545,42058602,42201523
12546,42058602,42201523
12547,42058602,42201523
12548,42058602,42201523
12549,42058602,42201523
12550,42058602,42201523
12551,42058602,42201523
12552,42058602,42172941
12553,42058602,42172941
12554,42058602,42172941
12555,42058602,42172941
12556,42058602,42172941
12557,42058602,42172941
12558,42058602,42172941
12559,42058602,42172941
12560,42058602,42172941
12561,42058602,42172941
12562,42058602,61454951
12563,42058602,65126218
12564,42058602,66656789
12565,42058602,68139420
12566,42058602,65562156
12567,42058602,65545482
12568,42058602,68537175
12569,42058602,66310479
12570,42058602,67246052
12571,42058602,68851526
12572,42058602,66982813
12573,42058602,68064571
12574,42058602,69202982
12575,42058602,67324244
12576,42058602,68668976
12577,42058602,67722360
12578,42058602,67890479
12579,42058602,67613073
12580,42058602,68559904
12581,42058602,68457702
12582,42058602,68439335
12583,42058602,66185079
12584,42058602,69251744
12585,42058602,67230895
12586,42058602,67378034
12587,42058602,67376984
12588,42058602,70340556
12589,42058602,70554959
12590,42058602,71141904
12591,42058602,70117788
12592,42058602,67773759
12593,42058602,67848295
12594,42058602,67624037
12595,42058602,68006431
12596,42058602,68100909
12597,42058602,67216271
12598,42058602,68983433
12599,42058602,67448022
12600,42058602,68236714
12601,42058602,66229063
12602,42058602,67973796
12603,42058602,64610886
12604,42058602,64914862
12605,42058602,65059822
12606,42058602,66197824
12607,42058602,64973706
12608,42058602,66350935
12609,42058602,65878306
12610,42058602,65001255
12611,42058602,67490356
12612,42058602,69237327
12613,42058602,66059438
12614,42058602,67640455
12615,42058602,64781982
12616,42058602,67542360
12617,42058602,65588365
12618,42058602,68170642
12619,42058602,68385568
12620,42058602,67763506
12621,42058602,66854682
12622,42058602,69078461
12623,42058602,67668911
12624,42058602,67704530
12625,42058602,67442049
12626,42058602,64587057
12627,42058602,65090049
12628,42058602,67215798
12629,42058602,67935490
12630,42058602,66868906
12631,42058602,64677864
12632,42058602,66685513
12633,42058602,69346902
12634,42058602,68857949
12635,42058602,65793612
12636,42058602,65544470
12637,42058602,66940225
12638,42058602,67753545
12639,42058602,65910895
12640,42058602,66707649
12641,42058602,67045158
12642,42058602,69197283
12643,42058602,68674359
12644,42058602,67830619
12645,42058602,68035548
12646,42058602,67923810
12647,42058602,67718804
12648,42058602,66879117
12649,42058602,67431326
12650,42058602,65737380
12651,42058602,63612343
12652,42058602,63112775
12653,42058602,63892716
12654,42058602,65129242
12655,42058602,66998411
12656,42058602,66257359
12657,42058602,64892190
12658,42058602,66527542
12659,42058602,66667897
12660,42058602,68325870
12661,42058602,67086824
12662,42058602,68633576
12663,42058602,67799237
12664,42058602,65512105
12665,42058602,66920813
12666,42058602,67265313
12667,42058602,68252057
12668,42058602,68405588
12669,42058602,68087367
12670,42058602,68048857
12671,42058602,67946112
12672,42058602,68642558
12673,42058602,69386946
12674,42058602,69467383
12675,42058602,71972679
12676,42058602,70563770
12677,42058602,70263427
12678,42058602,69220838
12679,42058602,68570395
12680,42058602,69141151
12681,42058602,67924389
12682,42058602,67428175
12683,42058602,68722343
12684,42058602,66958259
12685,42058602,69734916
12686,42058602,68102945
12687,42058602,67996681
12688,42058602,68193979
12689,42058602,68857401
12690,42058602,67603471
12691,42058602,67177421
12692,42058602,65605054
12693,42058602,67116609
12694,42058602,65405381
12695,42058602,65063249
12696,42058602,65167229
12697,42058602,65074273
12698,42058602,65397831
12699,42058602,69150490
12700,42058602,67733874
12701,42058602,65960988
12702,42058602,69229517
12703,42058602,69467363
12704,42058602,69608567
12705,42058602,66494530
12706,42058602,66848961
12707,42058602,67501978
12708,42058602,68247149
12709,42058602,69266350
12710,42058602,70061006
12711,42058602,68576553
12712,42058602,67477346
12713,42058602,67010088
12714,42058602,66679988
12715,42058602,69207017
12716,42058602,68182014
12717,42058602,67570443
12718,42058602,65711512
12719,42058602,65641326
12720,42058602,65343595
12721,42058602,67592102
12722,42058602,66886241
12723,42058602,65811901
12724,42058602,66543249
12725,42058602,67696514
12726,42058602,65654981
12727,42058602,67290347
12728,42058602,66198527
12729,42058602,66132363
12730,42058602,66627210
12731,42058602,67892310
12732,42058602,67710221
12733,42058602,68804930
12734,42058602,68868036
12735,42058602,65752070
12736,42058602,62890147
12737,42058602,65175783
12738,42058602,64479644
12739,42058602,66018221
12740,42058602,66818753
12741,42058602,67581162
12742,42058602,68292518
12743,42058602,65320473
12744,42058602,67494317
12745,42058602,67722188
12746,42058602,67038953
12747,42058602,64561148
12748,42058602,68444264
12749,42058602,69362944
12750,42058602,67038259
12751,42058602,67109688
12752,42058602,67319131
12753,42058602,66566970
12754,42058602,66886010
12755,42058602,66530723
12756,42058602,65991995
12757,42058602,65035145
12758,42058602,65302798
12759,42058602,66494281
12760,42058602,65864478
12761,42058602,67426624
12762,42058602,68760723
12763,42058602,67915374
12764,42058602,66689419
12765,42058602,63881456
12766,42058602,64823705
12767,42058602,65756108
12768,42058602,65043737
12769,42058602,67653936
12770,42058602,68244662
12771,42058602,67699754
12772,42058602,67124430
12773,42058602,67241106
12774,42058602,67836422
12775,42058602,66692002
12776,42058602,67515513
12777,42058602,68141953
12778,42058602,67881965
12779,42058602,67376583
12780,42058602,67439249
12781,42058602,67776785
12782,42058602,68582387
12783,42058602,67103345
12784,42058602,67534176
12785,42058602,67536896
12786,42058602,68224207
12787,42058602,67021626
12788,42058602,66894681
12789,42058602,66807379
12790,42058602,67809754
12791,42058602,69721548
12792,42058602,67267361
12793,42058602,67178960
12794,42058602,66621658
12795,42058602,66889051
12796,42058602,67677065
12797,42058602,66204370
12798,42058602,67705553
12799,42058602,66519014
12800,42058602,66875693
12801,42058602,65831353
12802,42058602,65036893
12803,42058602,64342788
12804,42058602,64011273
12805,42058602,67526115
12806,42058602,68696891
12807,42058602,71102798
12808,42058602,71113816
12809,42058602,72014272
12810,42058602,72404322
12811,42058602,70055139
12812,42058602,68833529
12813,42058602,68627077
12814,42058602,68880718
12815,42058602,69628531
12816,42058602,70667808
12817,42058602,69554402
12818,42058602,71417573
12819,42058602,72947715
12820,42058602,69804087
12821,42058602,68631635
12822,42058602,69944512
12823,42058602,69042385
12824,42058602,69057454
12825,42058602,68324665
12826,42058602,68491006
12827,42058602,68737590
12828,42058602,68012307
12829,42058602,68787397
12830,42058602,65059233
12831,42058602,67341816
12832,42058602,65430814
12833,42058602,67123963
12834,42058602,65872179
12835,42058602,66763368
12836,42058602,67531220
12837,42058602,66155655
12838,42058602,66963579
12839,42058602,65651827
12840,42058602,63637572
12841,42058602,64171265
12842,42058602,65543896
12843,42058602,67820992
12844,42058602,69724602
12845,42058602,68480574
12846,42058602,68940716
12847,42058602,69554062
12848,42058602,70252786
12849,42058602,70984401
12850,42058602,66000686
12851,42058602,69791390
12852,42058602,67348183
12853,42058602,66608389
12854,42058602,68664904
12855,42058602,66323309
12856,42058602,66685918
12857,42058602,65511648
12858,42058602,65323452
12859,42058602,64933806
12860,42058602,66997398
12861,42058602,65053539
12862,42058602,64544009
12863,42058602,65554041
12864,42058602,68044895
12865,42058602,67069699
12866,42058602,69427810
12867,42058602,66545023
12868,42058602,64215690
12869,42058602,64680110
12870,42058602,65000653
12871,42058602,66087731
12872,42058602,65907491
12873,42058602,67694443
12874,42058602,67695730
12875,42058602,67343649
12876,42058602,65464656
12877,42058602,66879359
12878,42058602,67584893
12879,42058602,66853024
12880,42058602,64176032
12881,42058602,65052785
12882,42058602,67039505
12883,42058602,67974283
12884,42058602,68023310
12885,42058602,67826698
12886,42058602,67071540
12887,42058602,68634289
12888,42058602,68389683
12889,42058602,68415569
12890,42058602,66631155
12891,42058602,66776502
12892,42058602,67903411
12893,42058602,67345828
12894,42058602,68499288
12895,42058602,71360767
12896,42058602,69741952
12897,42058602,71395942
12898,42058602,71232601
12899,42058602,68658353
12900,42058602,68819274
12901,42058602,70247880
12902,42058602,68822137
12903,42058602,67967782
12904,42058602,67755083
12905,42058602,69084901
12906,42058602,68933561
12907,42058602,69012155
12908,42058602,68185948
12909,42058602,68450148
12910,42058602,68814866
12911,42058602,67427917
12912,42058602,66911400
12913,42058602,68816830
12914,42058602,69421229
12915,42058602,69218883
12916,42058602,66603890
12917,42058602,66625459
12918,42058602,66759825
12919,42058602,67494836
12920,42058602,67381241
12921,42058602,67369746
12922,42058602,67815069
12923,42058602,70545246
12924,42058602,66962150
12925,42058602,70144631
12926,42058602,69775880
12927,42058602,70229867
12928,42058602,68292424
12929,42058602,69292325
12930,42058602,67290366
12931,42058602,65731133
12932,42058602,66618117
12933,42058602,67100445
12934,42058602,65851983
12935,42058602,67755670
12936,42058602,66970049
12937,42058602,67661181
12938,42058602,66894045
12939,42058602,68807694
12940,42058602,67610439
12941,42058602,66596198
12942,42058602,68146977
12943,42058602,66477561
12944,42058602,66844682
12945,42058602,66466269
12946,42058602,66522157
12947,42058602,66723785
12948,42058602,70101944
12949,42058602,69994348
12950,42058602,69867693
12951,42058602,65472562
12952,42058602,65144866
12953,42058602,65144766
12954,42058602,65281549
12955,42058602,65905612
12956,42058602,66036165
12957,42058602,68067130
12958,42058602,66286500
12959,42058602,64632202
12960,42058602,64263607
12961,42058602,67773721
12962,42058602,67235013
12963,42058602,42058602
12964,42058602,42058602
12965,42058602,42058602
12966,42058602,42058602
12967,42058602,42058602
12968,42058602,42058602
12969,42058602,42058602
12970,42058602,42058602
12971,42058602,42058602
12972,42058602,42075128
12973,42058602,42075128
12974,42058602,42075128
12975,42058602,42075128
12976,42058602,42075128
12977,42058602,42075128
12978,42058602,42075128
12979,42058602,42059098
12980,42058602,42059098
12981,42058602,42059098
12982,42058602,42059098
12983,42058602,42059098
12984,42058602,42059098
12985,42058602,42059098
12986,42058602,42059098
12987,42058602,42059098
12988,42058602,42059098
12989,42032961,42032961
12990,42032961,42032961
12991,42032961,42032961
12992,42032961,42032961
12993,42007600,42007600
12994,42007600,42007600
12995,42007600,42007600
12996,42007600,42007600
12997,42007600,42007600
12998,42007600,42007600
12999,42007600,42007600
13000,42007600,42007600
13001,42007600,42007600
13002,42007600,42007600
13003,42007600,42007600
13004,42007600,42007600
13005,42007600,42007600
13006,42007600,42007600
13007,42000782,42000782
13008,41969964,41969964
13009,41969964,41969964
13010,41969964,41969964
13011,41969964,41969964
13012,41969964,41969964
13013,41969964,41969964
13014,41969964,41969964
13015,41969964,41969964
13016,41969964,41969964
13017,41969964,41969964
13018,41969964,41969964
13019,41928337,41928337
13020,41928337,41928337
13021,41928337,41928337
13022,41928337,41928337
13023,41928337,41928337
13024,41928337,41928337
13025,41928337,41928337
13026,41928337,41928337
13027,41928337,41928337
13028,41928337,41928337
13029,41928337,41928337
13030,41928337,41928337
13031,41927349,41927349
13032,41927349,41927349
13033,41927349,41927349
13034,41927349,41927349
13035,41927349,41927349
13036,41927349,41927349
13037,41927349,41927349
13038,41927349,41927349
13039,41927349,41927349
13040,41927349,41927349
13041,41927349,41927349
13042,41927349,41927349
13043,41927349,41927349
13044,41927349,41927349
13045,41927349,41927349
13046,41927349,41927349
13047,41927349,41927349
13048,41927349,41927349
13049,41927349,41927349
13050,41927349,41927349
13051,41927349,41927349
13052,41927349,41927349
13053,41927349,41927349
13054,41927349,41927349
13055,41927349,41927349
13056,41927349,41927349
13057,41927349,41927349
13058,41927349,41927349
13059,41927349,41927349
13060,41927349,41927349
13061,41927349,41927349
13062,41927349,41927349
13063,41927349,41927349
13064,41927349,41927349
13065,41927349,41927349
13066,41927349,41927349
13067,41927349,41927349
13068,41914102,41914102
13069,41914102,41914102
13070,41914102,41914102
13071,41914102,41918453
13072,41914102,41918453
13073,41914102,41918453
13074,41914102,41918453
13075,41914102,41918453
13076,41914102,41918453
13077,41914102,41918453
13078,41914102,41918453
13079,41914102,41918453
13080,41914102,41918453
13081,41914102,41918453
13082,41914102,41918453
13083,41914102,41918453
13084,41914102,41918453
13085,41904644,41904644
13086,41904644,41904644
13087,41904644,41906376
13088,41904644,41906376
13089,41904644,41906376
13090,41904644,41906376
13091,41904644,41906376
13092,41904644,41906376
13093,41904644,41906376
13094,41904644,41906376
13095,41904644,41906376
13096,41904644,41906376
13097,41894262,41894262
13098,41894262,41894262
13099,41894262,41894262
13100,41894262,41894262
13101,41894262,41894262
13102,41894262,41894262
13103,41894262,41894262
13104,41894262,41901753
13105,41894262,41901753
13106,41894262,41901753
13107,41894262,42009392
13108,41894262,42009392
13109,41894262,42009392
13110,41894262,42009475
13111,41894262,42009475
13112,41894262,42009475
13113,41894262,42009475
13114,41894262,42009475
13115,41894262,42009475
13116,41894262,42009475
13117,41894262,42009475
13118,41894262,42009475
13119,41894262,42009475
13120,41894262,42009475
13121,41894262,42009475
13122,41894262,42009475
13123,41894262,42009475
13124,41894262,42009475
13125,41894262,42009475
13126,41894262,42009475
13127,41894262,42009475
13128,41894262,42009475
13129,41894262,42009475
13130,41894262,42009475
13131,41894262,42000929
13132,41894262,42000929
13133,41894262,42000929
13134,41894262,42000929
13135,41894262,42000929
13136,41894262,42000929
13137,41894262,42000929
13138,41894262,42000929
13139,41894262,42022464
13140,41894262,42022464
13141,41894262,42022464
13142,41894262,42022464
13143,41894262,42022464
13144,41894262,42022464
13145,41894262,42022464
13146,41894262,42022464
13147,41894262,42022464
13148,41894262,42001806
13149,41894262,42001806
13150,41894262,42001806
13151,41894262,42001806
13152,41894262,42001806
13153,41894262,42001806
13154,41894262,42001806
13155,41894262,42001806
13156,41894262,42001806
13157,41894262,42001806
13158,41894262,42001806
13159,41894262,42001806
13160,41894262,42001806
13161,41894262,42001806
13162,41894262,42001806
13163,41894262,41992230
13164,41894262,41992230
13165,41894262,41992230
13166,41894262,41992230
13167,41894262,41992230
13168,41894262,41992230
13169,41894262,41992230
13170,41894262,41992230
13171,41894262,41992230
13172,41894262,41899494
13173,41894262,41899494
13174,41894262,41899494
13175,41894262,41899494
13176,41894262,41899494
13177,41894262,41899494
13178,41894262,41899494
13179,41894262,41899494
13180,41894262,41899494
13181,41894262,41899494
13182,41894262,41899494
13183,41894262,41899494
13184,41894262,41899494
13185,41894262,41895265
13186,41894262,41895265
13187,41894262,41895265
13188,41893499,41893499
13189,41893499,41893499
13190,41893499,41893499
13191,41893499,41893499
13192,41876196,41876196
13193,41876196,41911032
13194,41876196,41906681
13195,41876196,41906681
13196,41876196,41906681
13197,41876196,41906681
13198,41876196,41906681
13199,41876196,41906681
13200,41876196,41906681
13201,41843249,41843249
13202,41843249,41843249
13203,41843249,41843249
13204,41843249,41843249
13205,41843249,41843249
13206,41843249,41843249
13207,41843249,41843249
13208,41843249,41843249
13209,41843249,41843249
13210,41843249,41843249
13211,41843249,41843249
13212,41839718,41839718
13213,41839718,41839718
13214,41839718,41839718
13215,41819792,41819792
13216,41819792,41819792
13217,41819792,41819792
13218,41819792,41819792
13219,41819792,41819792
13220,41819792,41819792
13221,41819792,41819792
13222,41819792,41819792
13223,41819792,41819792
13224,41819792,41819792
13225,41819792,41819792
13226,41819792,41819792
13227,41819792,41819792
13228,41812325,41812325
13229,41812325,41812325
13230,41812325,41812325
13231,41812325,41812325
13232,41812325,41812325
13233,41812325,41812325
13234,41812325,41812325
13235,41812325,41812325
13236,41812325,41812325
13237,41812325,41812325
13238,41812325,41812325
13239,41811619,41811619
13240,41811619,41811619
13241,41811619,41811619
13242,41811619,41811619
13243,41811619,41811619
13244,41811619,41811619
13245,41811619,41811619
13246,41811619,41811619
13247,41811619,41811619
13248,41811619,41811619
13249,41811619,41811619
13250,41811619,41811619
13251,41811619,41811619
13252,41811619,41811619
13253,41811619,41811619
13254,41811619,41811619
13255,41811619,41811619
13256,41811619,41811619
13257,41811619,41811619
13258,41811619,41811619
13259,41811619,41811619
13260,41811619,41811619
13261,41811619,41811619
13262,41811619,41811619
13263,41811619,41811619
13264,41811619,41811619
13265,41811619,41811619
13266,41811619,41811619
13267,41811619,41811619
13268,41811619,41821946
13269,41811619,41821946
13270,41811619,41821946
13271,41811619,41821946
13272,41811619,41821946
13273,41811619,41821946
13274,41811619,41821946
13275,41811619,41821946
13276,41811619,41821946
13277,41811619,41821946
13278,41811619,41821946
13279,41811619,41821946
13280,41811619,41821946
13281,41811619,41821946
13282,41811619,41821946
13283,41811619,41821946
13284,41811619,41821946
13285,41811619,41871703
13286,41811619,41871703
13287,41811619,41871703
13288,41811619,41871703
13289,41811619,41871703
13290,41811619,41871703
13291,41811619,41871703
13292,41811619,41871703
13293,41811619,41871703
13294,41811619,41871703
13295,41811619,41871703
13296,41811619,41871703
13297,41811619,41871703
13298,41811619,41871703
13299,41811619,41871703
13300,41811619,41871703
13301,41811619,41871703
13302,41811619,41871703
13303,41811619,41871703
13304,41811619,41871703
13305,41811619,41871703
13306,41811619,41871703
13307,41811619,41871703
13308,41811619,41871703
13309,41811619,41871703
13310,41811619,41867921
13311,41811619,41867921
13312,41811619,41867921
13313,41811619,41867921
13314,41811619,41867921
13315,41811619,41862512
13316,41811619,41862512
13317,41811619,41862512
13318,41811619,41862512
13319,41811619,41862512
13320,41811619,41862512
13321,41811619,41862512
13322,41811619,41862512
13323,41811619,41862512
13324,41811619,41833737
13325,41811619,41833737
13326,41811619,41833737
13327,41811619,41833737
13328,41811619,41833737
13329,41811619,41833737
13330,41811619,41833737
13331,41811619,41833737
13332,41811619,41833737
13333,41811619,41833737
13334,41811619,41833737
13335,41811619,41833737
13336,41811619,41833737
13337,41811619,41887329
13338,41811619,41887329
13339,41811619,41887329
13340,41811619,41887329
13341,41811619,41887329
13342,41811619,41887329
13343,41811619,41887329
13344,41811619,41887329
13345,41811619,41881681
13346,41811619,41881681
13347,41811619,41881681
13348,41811619,41881681
13349,41811619,41881681
13350,41811619,41881681
13351,41811619,41889268
13352,41811619,41889268
13353,41811619,41889268
13354,41811619,41889268
13355,41811619,41888803
13356,41811619,41888803
13357,41811619,41887028
13358,41811619,41887028
13359,41811619,41887028
13360,41811619,41887028
13361,41811619,41887028
13362,41811619,41887028
13363,41811619,41887028
13364,41811619,41887028
13365,41811619,41887028
13366,41811619,41887028
13367,41811619,41887028
13368,41811619,41887028
13369,41811619,41887028
13370,41811619,41907996
13371,41811619,41907996
13372,41811619,41907996
13373,41811619,41909031
13374,41811619,41909031
13375,41811619,41909031
13376,41811619,41909031
13377,41811619,41909031
13378,41811619,41909031
13379,41811619,41909031
13380,41811619,41889516
13381,41811619,41880969
13382,41811619,41880969
13383,41811619,41880969
13384,41811619,41880969
13385,41811619,41880969
13386,41811619,41880969
13387,41811619,41880969
13388,41811619,41880969
13389,41811619,41880969
13390,41811619,41881432
13391,41811619,41881432
13392,41811619,41881432
13393,41811619,41881432
13394,41811619,41881432
13395,41811619,41881432
13396,41811619,41903645
13397,41811619,41903645
13398,41811619,41903645
13399,41811619,41903645
13400,41811619,41903645
13401,41811619,41903645
13402,41811619,41903645
13403,41811619,41903645
13404,41811619,41903645
13405,41811619,41903645
13406,41811619,41903645
13407,41811619,41903645
13408,41811619,41903645
13409,41811619,41903645
13410,41811619,41903645
13411,41811619,41903645
13412,41811619,41903645
13413,41811619,41903645
13414,41811619,41903645
13415,41811619,41903645
13416,41811619,41903645
13417,41811619,41903645
13418,41811619,41903645
13419,41811619,41903645
13420,41811619,41903645
13421,41811619,41889362
13422,41811619,41927837
13423,41811619,41927837
13424,41811619,41927837
13425,41811619,41900040
13426,41811619,41900040
13427,41811619,41900040
13428,41811619,41900040
13429,41811619,41900040
13430,41811619,41900040
13431,41811619,41900040
13432,41811619,41900040
13433,41811619,41900040
13434,41811619,41900040
13435,41811619,41900040
13436,41811619,41900040
13437,41811619,41900040
13438,41811619,41900040
13439,41811619,60968268
13440,41811619,63192539
13441,41811619,65506742
13442,41811619,67906650
13443,41811619,65787893
13444,41811619,67907910
13445,41811619,68726818
13446,41811619,69154026
13447,41811619,71961905
13448,41811619,68929468
13449,41811619,69698394
13450,41811619,69164981
13451,41811619,68149330
13452,41811619,70806582
13453,41811619,70098871
13454,41811619,68600170
13455,41811619,66260874
13456,41811619,66989784
13457,41811619,65796634
13458,41811619,63774180
13459,41811619,67818914
13460,41811619,65936303
13461,41811619,64914780
13462,41811619,65403592
13463,41811619,66588190
13464,41811619,66423710
13465,41811619,66702240
13466,41811619,66686129
13467,41811619,68996036
13468,41811619,67724902
13469,41811619,67560423
13470,41811619,68126424
13471,41811619,66321359
13472,41811619,66734617
13473,41811619,67347949
13474,41811619,69377947
13475,41811619,67071750
13476,41811619,68478235
13477,41811619,66296700
13478,41811619,65345185
13479,41811619,65613716
13480,41811619,66523696
13481,41811619,66004539
13482,41811619,67693676
13483,41811619,67564541
13484,41811619,68604918
13485,41811619,68203505
13486,41811619,67958107
13487,41811619,67444352
13488,41811619,65564331
13489,41811619,66585237
13490,41811619,66214719
13491,41811619,67488716
13492,41811619,68434663
13493,41811619,68251304
13494,41811619,69693564
13495,41811619,66230167
13496,41811619,67483252
13497,41811619,66726798
13498,41811619,66471619
13499,41811619,63900937
13500,41811619,66958080
13501,41811619,69571054
13502,41811619,69001345
13503,41811619,70185895
13504,41811619,69070324
13505,41811619,68206245
13506,41811619,66756910
13507,41811619,64160764
13508,41811619,65139612
13509,41811619,64359293
13510,41811619,65645222
13511,41811619,66295595
13512,41811619,66001450
13513,41811619,63840610
13514,41811619,65253246
13515,41811619,68922675
13516,41811619,66384851
13517,41811619,67034088
13518,41811619,67891734
13519,41811619,66495083
13520,41811619,69444583
13521,41811619,67825816
13522,41811619,71101140
13523,41811619,72265764
13524,41811619,69345470
13525,41811619,67679655
13526,41811619,66647550
13527,41811619,67471773
13528,41811619,67097569
13529,41811619,65638385
13530,41811619,65490401
13531,41811619,69300793
13532,41811619,66276492
13533,41811619,64482345
13534,41811619,66595869
13535,41811619,67571271
13536,41811619,68583442
13537,41811619,68322333
13538,41811619,68031645
13539,41811619,66307711
13540,41811619,67943440
13541,41811619,66572150
13542,41811619,67918399
13543,41811619,69147682
13544,41811619,69100385
13545,41811619,65858131
13546,41811619,66150840
13547,41811619,63961429
13548,41811619,65869186
13549,41811619,66251564
13550,41811619,68406977
13551,41811619,70844532
13552,41811619,71475767
13553,41811619,70226288
13554,41811619,68609576
13555,41811619,67265804
13556,41811619,68564190
13557,41811619,68851530
13558,41811619,70530795
13559,41811619,69398172
13560,41811619,68957104
13561,41811619,69612529
13562,41811619,69661551
13563,41811619,68926778
13564,41811619,68959465
13565,41811619,68494302
13566,41811619,70029876
13567,41811619,72747372
13568,41811619,71097990
13569,41811619,70978341
13570,41811619,69627837
13571,41811619,71472231
13572,41811619,70669965
13573,41811619,71219268
13574,41811619,69439950
13575,41811619,69279934
13576,41811619,67612623
13577,41811619,68431990
13578,41811619,65748631
13579,41811619,65792429
13580,41811619,64276658
13581,41811619,66394140
13582,41811619,67559692
13583,41811619,68067469
13584,41811619,67095109
13585,41811619,67622483
13586,41811619,69724966
13587,41811619,69866072
13588,41811619,68357010
13589,41811619,70620584
13590,41811619,69649143
13591,41811619,70008128
13592,41811619,69684139
13593,41811619,68802006
13594,41811619,68096661
13595,41811619,69713240
13596,41811619,70584783
13597,41811619,70235469
13598,41811619,72276248
13599,41811619,69211840
13600,41811619,70185292
13601,41811619,71263541
13602,41811619,72041742
13603,41811619,71404132
13604,41811619,67023360
13605,41811619,69943064
13606,41811619,67783505
13607,41811619,64999782
13608,41811619,66583746
13609,41811619,65584549
13610,41811619,66190990
13611,41811619,64240875
13612,41811619,66108815
13613,41811619,67388627
13614,41811619,65492521
13615,41811619,67377360
13616,41811619,65479834
13617,41811619,68365524
13618,41811619,70008333
13619,41811619,67884494
13620,41811619,68280776
13621,41811619,69793532
13622,41811619,68786990
13623,41811619,64682200
13624,41811619,64604497
13625,41811619,67574753
13626,41811619,66144142
13627,41811619,64648430
13628,41811619,64047506
13629,41811619,66946682
13630,41811619,66800461
13631,41811619,70132378
13632,41811619,70014622
13633,41811619,71452211
13634,41811619,70598278
13635,41811619,70421595
13636,41811619,69465820
13637,41811619,69814262
13638,41811619,69938784
13639,41811619,69319676
13640,41811619,68355386
13641,41811619,67187751
13642,41811619,67102367
13643,41811619,68060680
13644,41811619,65719012
13645,41811619,64038983
13646,41811619,64703471
13647,41811619,64160855
13648,41811619,66369791
13649,41811619,67840465
13650,41811619,67382235
13651,41811619,67841180
13652,41811619,68543426
13653,41811619,67650347
13654,41811619,69234355
13655,41811619,70623295
13656,41811619,69079147
13657,41811619,68710767
13658,41811619,66237768
13659,41811619,66182754
13660,41811619,65767892
13661,41811619,67074146
13662,41811619,66958500
13663,41811619,67037870
13664,41811619,65402365
13665,41811619,64172927
13666,41811619,67386523
13667,41811619,67188850
13668,41811619,68394935
13669,41811619,68474807
13670,41811619,67382044
13671,41811619,67904157
13672,41811619,66281019
13673,41811619,66121419
13674,41811619,68997028
13675,41811619,68696068
13676,41811619,69185688
13677,41811619,71482023
13678,41811619,69627471
13679,41811619,67300701
13680,41811619,68151465
13681,41811619,70896256
13682,41811619,68733202
13683,41811619,67200678
13684,41811619,65830549
13685,41811619,68241574
13686,41811619,69005180
13687,41811619,68074417
13688,41811619,70710205
13689,41811619,71808554
13690,41811619,70650134
13691,41811619,70503934
13692,41811619,70583432
13693,41811619,68685819
13694,41811619,70867658
13695,41811619,68400956
13696,41811619,70121290
13697,41811619,72585449
13698,41811619,71345400
13699,41811619,71975121
13700,41811619,71833873
13701,41811619,68201123
13702,41811619,68442190
13703,41811619,68755493
13704,41811619,69509558
13705,41811619,67545724
13706,41811619,71320905
13707,41811619,70985643
13708,41811619,68340256
13709,41811619,70241095
13710,41811619,71270816
13711,41811619,69299773
13712,41811619,69526284
13713,41811619,69028012
13714,41811619,71415967
13715,41811619,71193635
13716,41811619,67057645
13717,41811619,66173971
13718,41811619,68527571
13719,41811619,68668357
13720,41811619,68127265
13721,41811619,68966099
13722,41811619,68211675
13723,41811619,66802568
13724,41811619,67508663
13725,41811619,69630102
13726,41811619,67883771
13727,41811619,68844328
13728,41811619,69732030
13729,41811619,69793609
13730,41811619,68734370
13731,41811619,68093193
13732,41811619,70827426
13733,41811619,67273030
13734,41811619,66911367
13735,41811619,68714168
13736,41811619,69704237
13737,41811619,69463157
13738,41811619,68350054
13739,41811619,66100676
13740,41811619,66448426
13741,41811619,65138322
13742,41811619,65067686
13743,41811619,66166719
13744,41811619,69092764
13745,41811619,69996884
13746,41811619,69192564
13747,41811619,70275653
13748,41811619,68467603
13749,41811619,70192091
13750,41811619,68397294
13751,41811619,67562843
13752,41811619,67114000
13753,41811619,69476490
13754,41811619,66189428
13755,41811619,65831626
13756,41811619,68665820
13757,41811619,66836357
13758,41811619,64999879
13759,41811619,66773540
13760,41811619,66382909
13761,41811619,64599668
13762,41811619,64501479
13763,41811619,66619101
13764,41811619,68032095
13765,41811619,69232478
13766,41811619,70637109
13767,41811619,70244750
13768,41811619,70379223
13769,41811619,71254935
13770,41811619,69933244
13771,41811619,68499114
13772,41811619,67285661
13773,41811619,69075909
13774,41811619,68412870
13775,41811619,68853156
13776,41811619,64863196
13777,41811619,67237368
13778,41811619,66183533
13779,41811619,67218745
13780,41811619,68861180
13781,41811619,69268809
13782,41811619,65555469
13783,41811619,67704052
13784,41811619,66481153
13785,41811619,66847137
13786,41811619,64611027
13787,41811619,66671778
13788,41811619,68691399
13789,41811619,69730385
13790,41811619,69795665
13791,41811619,70833022
13792,41811619,69297646
13793,41811619,67947880
13794,41811619,67546771
13795,41811619,67445564
13796,41811619,66047393
13797,41811619,66243964
13798,41811619,69556523
13799,41811619,69075110
13800,41811619,70020869
13801,41811619,68638235
13802,41811619,67720981
13803,41811619,68473577
13804,41811619,66316830
13805,41811619,65413847
13806,41811619,65501430
13807,41811619,63724728
13808,41811619,65830299
13809,41811619,66404762
13810,41811619,69134972
13811,41811619,69345857
13812,41811619,68917105
13813,41811619,67914357
13814,41811619,66828911
13815,41811619,66542066
13816,41811619,66461259
13817,41811619,64665711
13818,41811619,64454899
13819,41811619,64672667
13820,41811619,64159172
13821,41811619,63637290
13822,41811619,66313629
13823,41811619,65151561
13824,41811619,65654829
13825,41811619,67677155
13826,41811619,65614038
13827,41811619,67214829
13828,41811619,68988634
13829,41811619,65745327
13830,41811619,66504118
13831,41811619,66758286
13832,41811619,67680646
13833,41811619,65794993
13834,41811619,68320512
13835,41811619,67057576
13836,41811619,66927422
13837,41811619,67190470
13838,41811619,66506083
13839,41811619,65647967
13840,41811619,41845983
13841,41811619,41845983
13842,41811619,41845983
13843,41811619,41845983
13844,41811619,41845983
13845,41811619,41845983
13846,41811619,41845983
13847,41811619,41845983
13848,41811619,41849214
13849,41811619,41849214
13850,41811619,41849214
13851,41811619,41849214
13852,41811619,41849214
13853,41811619,41849214
13854,41811619,41849214
13855,41811619,41849214
13856,41811619,41849214
13857,41811619,41849214
13858,41811619,41849214
13859,41811619,41849214
13860,41811619,41849214
13861,41811619,41849214
13862,41811619,41849214
13863,41811619,41849214
13864,41811619,41849214
13865,41811619,41849214
13866,41811619,41849214
13867,41811619,41849214
13868,41811619,41849214
13869,41811619,41849214
13870,41811619,41849214
13871,41811619,41849214
13872,41811619,41849214
13873,41811619,41849214
13874,41811619,41849214
13875,41811619,41849214
13876,41811619,41849214
13877,41811619,41849214
13878,41811619,41849214
13879,41811619,41849214
13880,41811619,41849214
13881,41811619,41849214
13882,41811619,41862480
13883,41811619,41862480
13884,41811619,41862480
13885,41811619,41862480
13886,41811619,41862480
13887,41811619,41862480
13888,41811619,41862480
13889,41811619,41862480
13890,41811619,41862480
13891,41811619,41862602
13892,41811619,41862602
13893,41811619,41862602
13894,41811619,41862602
13895,41811619,41862602
13896,41811619,41862602
13897,41811619,41862602
13898,41811619,41862602
13899,41811619,41862602
13900,41811619,41862602
13901,41811619,41862602
13902,41811619,41862602
13903,41811619,41862602
13904,41811619,41862602
13905,41811619,41862602
13906,41811619,41862602
13907,41811619,41862602
13908,41811619,41862602
13909,41811619,41862602
13910,41811619,41862602
13911,41811619,41862602
13912,41811619,41862602
13913,41811619,41862602
13914,41811619,41862602
13915,41811619,41862602
13916,41811619,41862602
13917,41811619,41862602
13918,41811619,41862602
13919,41811619,41862602
13920,41811619,41862602
13921,41811619,41862602
13922,41811619,41862602
13923,41811619,41862602
13924,41811619,41862602
13925,41811619,41862602
13926,41811619,41862602
13927,41811619,41862602
13928,41811619,41862602
13929,41811619,41862602
13930,41811619,41862602
13931,41811619,41862602
13932,41811619,41862602
13933,41811619,41862602
13934,41811619,41862602
13935,41811619,41862602
13936,41811619,41862602
13937,41811619,41862602
13938,41811619,41862602
13939,41811619,41862602
13940,41811619,41862602
13941,41811619,41862602
13942,41811619,41862602
13943,41811619,41862602
13944,41811619,41862602
13945,41811619,41862602
13946,41811619,41856725
13947,41811619,41856725
13948,41811619,41856725
13949,41811619,41856725
13950,41811619,41856725
13951,41811619,41856725
13952,41811619,41856260
13953,41811619,41856260
13954,41811619,41856260
13955,41811619,41856260
13956,41811619,41856260
13957,41811619,41856260
13958,41811619,41856260
13959,41811619,41856260
13960,41811619,41856260
13961,41811619,41856260
13962,41811619,41875278
13963,41811619,41875278
13964,41811619,41875278
13965,41811619,41875278
13966,41811619,41875278
13967,41811619,41875278
13968,41811619,41875278
13969,41811619,41875278
13970,41811619,41875278
13971,41811619,41875278
13972,41811619,41875278
13973,41811619,41875278
13974,41811619,41875278
13975,41811619,41875278
13976,41811619,41875278
13977,41811619,41875278
13978,41811619,41875278
13979,41811619,41875278
13980,41811619,41875278
13981,41811619,41875278
13982,41811619,41875278
13983,41811619,41875278
13984,41811619,41875278
13985,41811619,41875278
13986,41811619,41875278
13987,41811619,41875278
13988,41811619,41875278
13989,41811619,41875278
13990,41811619,41875278
13991,41811619,41875278
13992,41811619,41858752
13993,41811619,41858752
13994,41811619,41858752
13995,41811619,41858752
13996,41811619,41858752
13997,41811619,41858752
13998,41811619,41858752
13999,41811619,41858752
14000,41811619,41858752
14001,41811619,41858752
14002,41811619,41858752
14003,41811619,41858752
14004,41811619,41858752
14005,41811619,41858752
14006,41811619,41858752
14007,41811619,41858752
14008,41811619,41858296
14009,41811619,41858296
14010,41811619,41858296
14011,41811619,41858296
14012,41811619,41858296
14013,41811619,41858296
14014,41811619,41858296
14015,41811619,41858296
14016,41811619,41858296
14017,41811619,41858296
14018,41811619,41857065
14019,41811619,41857065
14020,41811619,41857065
14021,41811619,41857065
14022,41811619,41857065
14023,41811619,41857065
14024,41811619,41857065
14025,41811619,41857065
14026,41811619,41857065
14027,41811619,41857065
14028,41811619,41857065
14029,41811619,41857065
14030,41811619,41857065
14031,41811619,41857065
14032,41811619,41857065
14033,41811619,41873486
14034,41811619,41873486
14035,41811619,41873486
14036,41811619,41873486
14037,41811619,41873486
14038,41811619,41873486
14039,41811619,41873486
14040,41811619,60092063
14041,41811619,61444336
14042,41811619,65090905
14043,41811619,65652881
14044,41811619,68125585
14045,41811619,66956481
14046,41811619,67705973
14047,41811619,67764400
14048,41811619,66926929
14049,41811619,70874289
14050,41811619,69480430
14051,41811619,68565757
14052,41811619,68898205
14053,41811619,68390890
14054,41811619,68700025
14055,41811619,68932382
14056,41811619,68855363
14057,41811619,69386150
14058,41811619,71396604
14059,41811619,71301893
14060,41811619,67305304
14061,41811619,69182023
14062,41811619,66480673
14063,41811619,68911413
14064,41811619,69726617
14065,41811619,67232384
14066,41811619,68397970
14067,41811619,66363276
14068,41811619,64963652
14069,41811619,66055696
14070,41811619,64436130
14071,41811619,65344528
14072,41811619,64620592
14073,41811619,66330835
14074,41811619,66614361
14075,41811619,64999394
14076,41811619,65029887
14077,41811619,63973493
14078,41811619,66715679
14079,41811619,69282859
14080,41811619,67123530
14081,41811619,69171150
14082,41811619,68933191
14083,41811619,69321360
14084,41811619,69664033
14085,41811619,69604110
14086,41811619,69181056
14087,41811619,68904039
14088,41811619,66068803
14089,41811619,66502884
14090,41811619,67019088
14091,41811619,65529348
14092,41811619,64138055
14093,41811619,66436605
14094,41811619,67401056
14095,41811619,68657663
14096,41811619,69138549
14097,41811619,68914827
14098,41811619,68303269
14099,41811619,68941398
14100,41811619,70473417
14101,41811619,70969225
14102,41811619,71871426
14103,41811619,72426044
14104,41811619,68614280
14105,41811619,67470755
14106,41811619,64910009
14107,41811619,63743301
14108,41811619,64694050
14109,41811619,66215610
14110,41811619,65591200
14111,41811619,66031991
14112,41811619,67145292
14113,41811619,68683255
14114,41811619,66675071
14115,41811619,64440585
14116,41811619,66970071
14117,41811619,67353669
14118,41811619,66791793
14119,41811619,66877758
14120,41811619,66074616
14121,41811619,66468628
14122,41811619,62883808
14123,41811619,62526287
14124,41811619,67555296
14125,41811619,65189587
14126,41811619,67034964
14127,41811619,66999038
14128,41811619,68061664
14129,41811619,67767216
14130,41811619,69419551
14131,41811619,66886725
14132,41811619,65398196
14133,41811619,66600538
14134,41811619,66813096
14135,41811619,66764491
14136,41811619,63264522
14137,41811619,63722669
14138,41811619,66472422
14139,41811619,65735118
14140,41811619,61819299
14141,41811619,64221626
14142,41811619,64316760
14143,41811619,66046463
14144,41811619,65437906
14145,41811619,63491767
14146,41811619,65925724
14147,41811619,66899862
14148,41811619,67110279
14149,41811619,66444187
14150,41811619,68180414
14151,41811619,67903681
14152,41811619,65814470
14153,41811619,64088570
14154,41811619,65018786
14155,41811619,63827204
14156,41811619,64843165
14157,41811619,66147448
14158,41811619,68920784
14159,41811619,69617606
14160,41811619,68800276
14161,41811619,67692442
14162,41811619,67333724
14163,41811619,67885367
14164,41811619,65933105
14165,41811619,65665744
14166,41811619,65675353
14167,41811619,65384709
14168,41811619,65095223
14169,41811619,65367216
14170,41811619,65209864
14171,41811619,65378328
14172,41811619,63475794
14173,41811619,66007249
14174,41811619,63557704
14175,41811619,61649364
14176,41811619,64882604
14177,41811619,63477310
14178,41811619,64603764
14179,41811619,64065400
14180,41811619,64480424
14181,41811619,66074688
14182,41811619,64428130
14183,41811619,63783338
14184,41811619,62145145
14185,41811619,63527115
14186,41811619,63210706
14187,41811619,65673356
14188,41811619,67034193
14189,41811619,65093401
14190,41811619,66489158
14191,41811619,66912346
14192,41811619,66401117
14193,41811619,67253364
14194,41811619,68985298
14195,41811619,67322126
14196,41811619,65889391
14197,41811619,65222690
14198,41811619,65419057
14199,41811619,67044563
14200,41811619,68089261
14201,41811619,67931781
14202,41811619,68594767
14203,41811619,68368004
14204,41811619,67395082
14205,41811619,66345557
14206,41811619,65199490
14207,41811619,66096103
14208,41811619,67385870
14209,41811619,66004452
14210,41811619,67191362
14211,41811619,65764982
14212,41811619,66382755
14213,41811619,64770766
14214,41811619,66510949
14215,41811619,66445703
14216,41811619,65856524
14217,41811619,66053189
14218,41811619,65527388
14219,41811619,67800468
14220,41811619,68262206
14221,41811619,67907304
14222,41811619,63869010
14223,41811619,65666776
14224,41811619,66480837
14225,41811619,65945169
14226,41811619,65101812
14227,41811619,64855671
14228,41811619,67097733
14229,41811619,66903669
14230,41811619,65370710
14231,41811619,66885644
14232,41811619,67298392
14233,41811619,64920608
14234,41811619,65646342
14235,41811619,62580357
14236,41811619,64555201
14237,41811619,62497611
14238,41811619,65884255
14239,41811619,66441927
14240,41811619,65351633
14241,41811619,64747972
14242,41811619,65109702
14243,41811619,65034800
14244,41811619,66213420
14245,41811619,68875789
14246,41811619,67959418
14247,41811619,68950614
14248,41811619,69462246
14249,41811619,68840611
14250,41811619,67902095
14251,41811619,66482013
14252,41811619,66550433
14253,41811619,66874120
14254,41811619,66000721
14255,41811619,69603663
14256,41811619,67735464
14257,41811619,65985463
14258,41811619,64903662
14259,41811619,65193924
14260,41811619,67331793
14261,41811619,66837082
14262,41811619,67160954
14263,41811619,65944445
14264,41811619,65996409
14265,41811619,66036923
14266,41811619,69916887
14267,41811619,69288017
14268,41811619,67235275
14269,41811619,68050112
14270,41811619,68079724
14271,41811619,68345614
14272,41811619,66911993
14273,41811619,67860447
14274,41811619,68993281
14275,41811619,66848864
14276,41811619,66678718
14277,41811619,69009387
14278,41811619,68608143
14279,41811619,69264405
14280,41811619,69008215
14281,41811619,70634656
14282,41811619,68893832
14283,41811619,67614313
14284,41811619,70271775
14285,41811619,69322505
14286,41811619,67667541
14287,41811619,67938880
14288,41811619,70008017
14289,41811619,69942307
14290,41811619,67276118
14291,41811619,69201834
14292,41811619,68053054
14293,41811619,68008904
14294,41811619,66665478
14295,41811619,67184177
14296,41811619,68148776
14297,41811619,66918074
14298,41811619,66624388
14299,41811619,66346969
14300,41811619,66923205
14301,41811619,65836079
14302,41811619,64804690
14303,41811619,66119551
14304,41811619,63591685
14305,41811619,65210289
14306,41811619,67833609
14307,41811619,67947686
14308,41811619,65817732
14309,41811619,65628037
14310,41811619,66120122
14311,41811619,70058944
14312,41811619,67660825
14313,41811619,69157166
14314,41811619,68572905
14315,41811619,68602900
14316,41811619,67568134
14317,41811619,71321234
14318,41811619,70525397
14319,41811619,71688420
14320,41811619,72000266
14321,41811619,70501194
14322,41811619,69237481
14323,41811619,70644367
14324,41811619,70958882
14325,41811619,69854284
14326,41811619,68885741
14327,41811619,69679925
14328,41811619,67880551
14329,41811619,66376653
14330,41811619,66454353
14331,41811619,68238015
14332,41811619,67920679
14333,41811619,69304496
14334,41811619,69470149
14335,41811619,70907701
14336,41811619,68146595
14337,41811619,67339892
14338,41811619,68202077
14339,41811619,68379447
14340,41811619,67705023
14341,41811619,67566650
14342,41811619,66195858
14343,41811619,67111753
14344,41811619,68497765
14345,41811619,69527296
14346,41811619,67381052
14347,41811619,69658860
14348,41811619,70020325
14349,41811619,68032436
14350,41811619,67601012
14351,41811619,68935049
14352,41811619,69053112
14353,41811619,70944397
14354,41811619,70051117
14355,41811619,69139660
14356,41811619,69096509
14357,41811619,69565834
14358,41811619,67584245
14359,41811619,69708560
14360,41811619,68249667
14361,41811619,67570754
14362,41811619,69625509
14363,41811619,68375924
14364,41811619,65874309
14365,41811619,67855526
14366,41811619,68949025
14367,41811619,67157585
14368,41811619,67195965
14369,41811619,66203951
14370,41811619,66298784
14371,41811619,66268907
14372,41811619,64164829
14373,41811619,67338572
14374,41811619,67469471
14375,41811619,66204941
14376,41811619,68777290
14377,41811619,68721511
14378,41811619,65821892
14379,41811619,63486123
14380,41811619,65890112
14381,41811619,67491432
14382,41811619,67002864
14383,41811619,65855400
14384,41811619,64799650
14385,41811619,65432433
14386,41811619,65680932
14387,41811619,63982709
14388,41811619,63947951
14389,41811619,64044223
14390,41811619,66174950
14391,41811619,63951639
14392,41811619,67720738
14393,41811619,67393582
14394,41811619,69399525
14395,41811619,70012408
14396,41811619,68039455
14397,41811619,70057628
14398,41811619,70564997
14399,41811619,69966948
14400,41811619,69008912
14401,41811619,69453170
14402,41811619,67909876
14403,41811619,67717088
14404,41811619,67144927
14405,41811619,66616026
14406,41811619,70508583
14407,41811619,70631868
14408,41811619,70528036
14409,41811619,69783512
14410,41811619,68072979
14411,41811619,66275030
14412,41811619,67091828
14413,41811619,67559391
14414,41811619,69259991
14415,41811619,69611211
14416,41811619,67963140
14417,41811619,68443469
14418,41811619,65929823
14419,41811619,67478818
14420,41811619,67112431
14421,41811619,66420782
14422,41811619,69620329
14423,41811619,69071956
14424,41811619,69562631
14425,41811619,69214349
14426,41811619,70153159
14427,41811619,69530298
14428,41811619,66932055
14429,41811619,66948315
14430,41811619,66312146
14431,41811619,69357564
14432,41811619,69321977
14433,41811619,69649366
14434,41811619,67075268
14435,41811619,68752558
14436,41811619,67734392
14437,41811619,67160252
14438,41811619,64760966
14439,41811619,66381802
14440,41811619,67496085
14441,41811619,41811619
14442,41811619,41811619
14443,41811619,41811619
14444,41811619,41811619
14445,41811619,41811619
14446,41811619,41811619
14447,41811619,41811619
14448,41811619,41811619
14449,41811619,41811619
14450,41811619,41811619
14451,41811619,41811619
14452,41811619,41811619
14453,41811619,41811619
14454,41811619,41811619
14455,41811619,41811619
14456,41811619,41811619
14457,41795741,41795741
14458,41793248,41793248
14459,41793248,41793248
14460,41783619,41783619
14461,41783619,41783619
14462,41783619,41783619
14463,41783619,41783619
14464,41783619,41783619
14465,41783619,41783619
14466,41783619,41783619
14467,41783619,41783619
14468,41783619,41783619
14469,41783619,41783619
14470,41783619,41783619
14471,41783619,41783619
14472,41783619,41783619
14473,41783619,41783619
14474,41783619,41783619
14475,41783619,41783619
14476,41783619,41783619
14477,41783619,41783619
14478,41783619,41783619
14479,41783619,41783619
14480,41783619,41783619
14481,41783619,41783619
14482,41783619,41783619
14483,41783619,41783619
14484,41783619,41783619
14485,41783619,41783619
14486,41783619,41783619
14487,41783619,41783619
14488,41783619,41783619
14489,41783619,41783619
14490,41783619,41783619
14491,41783619,41783619
14492,41749866,41749866
14493,41749866,41749866
14494,41749866,41749866
14495,41749866,41749866
14496,41749866,41749866
14497,41749866,41749866
14498,41749866,41749866
14499,41749866,41749866
14500,41749866,41749866
14501,41748709,41748709
14502,41748709,41748709
14503,41745423,41745423
14504,41745423,41745423
14505,41745423,41745423
14506,41745423,41745423
14507,41745423,41745423
14508,41745423,41745423
14509,41745423,41745423
14510,41745423,41745423
14511,41745423,41745423
14512,41745423,41745423
14513,41745423,41745423
14514,41745423,41764441
14515,41745423,41764441
14516,41745423,41764441
14517,41745423,41764441
14518,41745423,41793235
14519,41745423,41793235
14520,41745423,41793235
14521,41745423,41793235
14522,41745423,41793235
14523,41745423,41793235
14524,41745423,41793235
14525,41745423,41793235
14526,41745423,41793235
14527,41745423,41793235
14528,41745423,41793235
14529,41745423,41793235
14530,41745423,41793235
14531,41745423,41791460
14532,41745423,41791460
14533,41745423,41791460
14534,41745423,41791460
14535,41745423,41791460
14536,41745423,41791460
14537,41745423,41791460
14538,41745423,41791460
14539,41745423,41791460
14540,41745423,41791460
14541,41745423,41791460
14542,41745423,41791460
14543,41745423,41808669
14544,41745423,41808669
14545,41745423,41808669
14546,41745423,41808669
14547,41745423,41808669
14548,41745423,41808669
14549,41745423,41808669
14550,41745423,41808669
14551,41745423,41808669
14552,41745423,41808669
14553,41745423,41808669
14554,41745423,41808669
14555,41745423,41808669
14556,41745423,41808669
14557,41745423,41808669
14558,41745423,41808669
14559,41745423,41808669
14560,41745423,41808669
14561,41745423,41808669
14562,41745423,41808669
14563,41745423,41808669
14564,41745423,41808669
14565,41745423,41808669
14566,41745423,41808669
14567,41745423,41816334
14568,41745423,41816334
14569,41745423,41816334
14570,41745423,41816334
14571,41745423,41816334
14572,41745423,41816334
14573,41745423,41816334
14574,41745423,41816334
14575,41745423,41816334
14576,41745423,41816334
14577,41745423,41816334
14578,41745423,41816334
14579,41745423,41816334
14580,41745423,41816334
14581,41745423,41816334
14582,41745423,41816334
14583,41745423,41816334
14584,41745423,41816334
14585,41745423,41816334
14586,41745423,41816334
14587,41745423,41816334
14588,41745423,41838618
14589,41745423,41838618
14590,41745423,41838618
14591,41745423,41838618
14592,41745423,41838618
14593,41745423,41838618
14594,41745423,41859276
14595,41745423,41859276
14596,41745423,41850865
14597,41745423,41850865
14598,41745423,41850865
14599,41745423,41850865
14600,41745423,41850865
14601,41745423,41850865
14602,41745423,41850865
14603,41745423,41850865
14604,41745423,41850865
14605,41745423,41850865
14606,41745423,41850865
14607,41745423,41850865
14608,41745423,41850865
14609,41745423,41850865
14610,41745423,41850865
14611,41745423,41850865
14612,41745423,41850865
14613,41745423,41850865
14614,41745423,41850865
14615,41745423,41801026
14616,41745423,41801026
14617,41745423,41792967
14618,41745423,41792967
14619,41745423,41792967
14620,41745423,41792967
14621,41745423,41792967
14622,41745423,41792967
14623,41745423,41792967
14624,41745423,41792967
14625,41745423,41792967
14626,41745423,41792967
14627,41745423,41792967
14628,41745423,41792967
14629,41745423,41792967
14630,41745423,41792967
14631,41745423,41792967
14632,41745423,41792967
14633,41745423,41792967
14634,41745423,41792967
14635,41745423,41792967
14636,41745423,41792967
14637,41745423,41792967
14638,41745423,41792967
14639,41745423,41792967
14640,41745423,41792967
14641,41745423,41792967
14642,41745423,41792967
14643,41745423,41792967
14644,41745423,41792967
14645,41745423,41792967
14646,41745423,41792967
14647,41745423,41792967
14648,41745423,41792967
14649,41745423,41792967
14650,41745423,41792967
14651,41745423,41792967
14652,41745423,41792967
14653,41745423,41792967
14654,41745423,41792967
14655,41745423,41792967
14656,41745423,41792967
14657,41745423,41792967
14658,41745423,41792967
14659,41745423,41792967
14660,41745423,41792967
14661,41745423,41792967
14662,41745423,41792967
14663,41745423,41792967
14664,41745423,41792967
14665,41745423,41792967
14666,41745423,41792967
14667,41745423,41792967
14668,41745423,41792807
14669,41745423,41792807
14670,41745423,41792807
14671,41745423,41792807
14672,41745423,41792807
14673,41745423,41792807
14674,41745423,41792807
14675,41745423,41792807
14676,41745423,41767108
14677,41745423,41787362
14678,41745423,41787362
14679,41745423,41787362
14680,41745423,41787362
14681,41745423,41787362
14682,41727228,41727228
14683,41727228,41727228
14684,41727228,41727228
14685,41727228,41727228
14686,41727228,41727228
14687,41727228,41727228
14688,41727228,41727228
14689,41727228,41727228
14690,41727228,41727228
14691,41727228,41727228
14692,41727228,41727228
14693,41727228,41727228
14694,41727228,41727228
14695,41727228,41727228
14696,41727228,41727228
14697,41727228,41727228
14698,41727228,41727228
14699,41704944,41704944
14700,41704944,41704944
14701,41704944,41704944
14702,41704944,41704944
14703,41704944,41704944
14704,41704944,41704944
14705,41704944,41704944
14706,41704944,41704944
14707,41704944,41704944
14708,41704944,41704944
14709,41704944,41704944
14710,41704944,41704944
14711,41704944,41704944
14712,41704944,41704944
14713,41704944,41704944
14714,41704944,41704944
14715,41704944,41704944
14716,41704944,41704944
14717,41704944,41704944
14718,41704944,41704944
14719,41704944,41704944
14720,41704944,41704944
14721,41704944,41704944
14722,41704944,41704944
14723,41704944,41704944
14724,41704944,41704944
14725,41704944,41704944
14726,41704944,41704944
14727,41704944,41704944
14728,41704944,41704944
14729,41704944,41704944
14730,41704944,41704944
14731,41704944,41704944
14732,41704944,41704944
14733,41704944,41704944
14734,41704944,41704944
14735,41704944,41704944
14736,41704944,41704944
14737,41704944,41704944
14738,41697392,41697392
14739,41697392,41697392
14740,41696435,41696435
14741,41696435,41696435
14742,41696435,41696435
14743,41696435,41696435
14744,41696435,41696435
14745,41696435,41696435
14746,41696435,41696435
14747,41696435,41696435
14748,41696435,41696435
14749,41696435,41696435
14750,41696435,41696435
14751,41696435,41696435
14752,41696435,41696435
14753,41696435,41696435
14754,41696435,41696435
14755,41696435,41696435
14756,41696435,41696435
14757,41696435,41696435
14758,41696435,41696435
14759,41696435,41696435
14760,41696435,41696435
14761,41696435,41696435
14762,41696435,41696435
14763,41696435,41696435
14764,41696435,41696435
14765,41696435,41696435
14766,41696435,41696435
14767,41696435,41696435
14768,41696435,41696435
14769,41696435,41696435
14770,41696435,41696435
14771,41696435,41696435
14772,41696435,41696435
14773,41696435,41696435
14774,41696435,41696435
14775,41696435,41696435
14776,41696435,41696435
14777,41696435,41696435
14778,41696435,41696435
14779,41696435,41696435
14780,41696435,41696435
14781,41696435,41696435
14782,41696435,41696435
14783,41682626,41682626
14784,41682626,41682626
14785,41682626,41682626
14786,41682626,41682626
14787,41682626,41682626
14788,41682626,41682626
14789,41682626,41682626
14790,41682626,41682626
14791,41682626,41682626
14792,41682626,41682626
14793,41682626,41682626
14794,41682626,41682626
14795,41682626,41682626
14796,41682626,41682626
14797,41682626,41682626
14798,41682626,41682626
14799,41682626,41682626
14800,41682626,41682626
14801,41682626,41682626
14802,41678693,41678693
14803,41678693,41678693
14804,41678693,41678693
14805,41678693,41678693
14806,41678693,41678693
14807,41678693,41678693
14808,41678693,41678693
14809,41678693,41678693
14810,41678693,41678693
14811,41678693,41678693
14812,41660087,41660087
14813,41660087,41660087
14814,41660087,41660087
14815,41660087,41660087
14816,41660087,41660087
14817,41660087,41660087
14818,41660087,41660087
14819,41660087,41660087
14820,41660087,41660087
14821,41660087,41660087
14822,41660087,41660087
14823,41660087,41660087
14824,41660087,41660087
14825,41660087,41660087
14826,41660087,41660087
14827,41660087,41660087
14828,41660087,41660087
14829,41660087,41660087
14830,41660087,41660087
14831,41660087,41660087
14832,41660087,41660087
14833,41660087,41660087
14834,41660087,41660087
14835,41660087,41660087
14836,41660087,41660087
14837,41660087,41660087
14838,41660087,41694451
14839,41660087,41694451
14840,41660087,41694451
14841,41660087,41694451
14842,41660087,41694451
14843,41660087,41694451
14844,41660087,41694451
14845,41660087,41694451
14846,41660087,41694451
14847,41660087,41694451
14848,41660087,41694451
14849,41660087,41694451
14850,41660087,41694451
14851,41660087,41694451
14852,41660087,41694451
14853,41660087,41694451
14854,41660087,41694451
14855,41660087,41694485
14856,41660087,41694485
14857,41660087,41694485
14858,41660087,41694485
14859,41660087,41694485
14860,41660087,41668064
14861,41660087,41668064
14862,41660087,41668064
14863,41660087,41668064
14864,41660087,41668064
14865,41660087,41668064
14866,41660087,41668064
14867,41660087,41668064
14868,41660087,41668064
14869,41660087,41668064
14870,41660087,41668064
14871,41660087,41668064
14872,41660087,41668064
14873,41660087,41668064
14874,41660087,41668064
14875,41660087,41668064
14876,41660087,41668064
14877,41660087,41668064
14878,41660087,41668064
14879,41660087,41668064
14880,41660087,41668064
14881,41660087,41668064
14882,41660087,41668064
14883,41660087,41668064
14884,41660087,41668064
14885,41660087,41668064
14886,41660087,41668064
14887,41660087,41668064
14888,41660087,41668064
14889,41660087,41668064
14890,41660087,41668064
14891,41660087,41668064
14892,41660087,41668064
14893,41660087,41668064
14894,41660087,41668064
14895,41660087,41668064
14896,41660087,41668064
14897,41660087,41668064
14898,41660087,41668064
14899,41660087,41668064
14900,41660087,41668064
14901,41660087,41668064
14902,41660087,41668064
14903,41660087,41668064
14904,41646342,41646342
14905,41646342,41646342
14906,41646342,41646342
14907,41646342,41646342
14908,41646342,41646342
14909,41646342,41646342
14910,41646342,41646342
14911,41646342,41646342
14912,41646342,41646342
14913,41646342,41646342
14914,41646342,41646342
14915,41646342,41646342
14916,41646342,41646342
14917,41646342,41646342
14918,41646342,41646342
14919,41646342,41646342
14920,41646342,41646342
14921,41646342,41646342
14922,41646342,41646342
14923,41646342,41646342
14924,41646342,41646342
14925,41646342,41646342
14926,41646342,41646342
14927,41646342,41646342
14928,41646342,41646342
14929,41646342,41646342
14930,41646342,41646342
14931,41646342,41646342
14932,41646342,41646342
14933,41646342,41646342
14934,41646342,41646342
14935,41646342,41646342
14936,41646341,41646341
14937,41646341,41646341
14938,41646341,41646341
14939,41646341,41646341
14940,41646341,41646341
14941,41646341,41646341
14942,41646341,41646341
14943,41646341,41646341
14944,41646341,41646341
14945,41646341,41646341
14946,41646341,41646341
14947,41646341,41646341
14948,41606103,41606103
14949,41606103,41606103
14950,41606103,41606103
14951,41606103,41606103
14952,41606103,41606103
14953,41606103,41606103
14954,41606103,41606103
14955,41606103,41606103
14956,41587267,41587267
14957,41587267,41587267
14958,41587267,41587267
14959,41587267,41587267
14960,41587267,41587267
14961,41587267,41587267
14962,41587267,41587267
14963,41587267,41587267
14964,41587267,41587267
14965,41587267,41587267
14966,41587267,41587267
14967,41587267,41587267
14968,41587267,41588026
14969,41587267,41588026
14970,41587267,41588026
14971,41587267,41588026
14972,41587267,41588026
14973,41587267,41588026
14974,41587267,41588026
14975,41587267,41588026
14976,41587267,41588026
14977,41587267,41588026
14978,41587267,41588026
14979,41587267,41588026
14980,41587267,41588026
14981,41587267,41588026
14982,41587267,41588026
14983,41587267,41588026
14984,41587267,41588026
14985,41587267,41588026
14986,41587267,41588026
14987,41587267,41588026
14988,41587267,41588026
14989,41587267,41588026
14990,41587267,41588026
14991,41587267,41588026
14992,41587267,41588026
14993,41587267,41588026
14994,41587267,41588026
14995,41587267,41588026
14996,41587267,41588026
14997,41587267,41588026
14998,41587267,41588026
14999,41587267,41588026
15000,41587267,41588026
15001,41587267,41588026
15002,41587267,41588026
15003,41587267,41588026
15004,41587267,41588026
15005,41587267,41588026
15006,41587267,41588026
15007,41587267,41588026
15008,41587267,41588026
15009,41587267,41588026
15010,41587267,41588026
15011,41587267,41588026
15012,41587267,41588026
15013,41587267,41607729
15014,41587267,41607729
15015,41587267,41607729
15016,41587267,41588909
15017,41587267,41588909
15018,41587267,41588909
15019,41587267,41588909
15020,41587267,41588909
15021,41587267,41588909
15022,41587267,41588909
15023,41587267,41588909
15024,41587267,41588909
15025,41587267,41588909
15026,41587267,41588909
15027,41587267,41588909
15028,41587267,41588909
15029,41587267,41588909
15030,41587267,41588909
15031,41587267,41588909
15032,41587267,41629917
15033,41587267,41629917
15034,41587267,41629917
15035,41587267,41629917
15036,41587267,41629917
15037,41587267,41629917
15038,41587267,41629917
15039,41587267,41629917
15040,41587267,41629917
15041,41587267,41629917
15042,41587267,41629917
15043,41587267,41629260
15044,41587267,41629260
15045,41587267,41622008
15046,41587267,41622008
15047,41587267,41622008
15048,41587267,41622008
15049,41581271,41581271
15050,41581271,41581271
15051,41581271,41581271
15052,41581271,41581271
15053,41581271,41581271
15054,41581271,41581271
15055,41581271,41581271
15056,41581271,41581271
15057,41581271,41581271
15058,41581271,41581271
15059,41581271,41581271
15060,41581271,41589238
15061,41581271,41589238
15062,41581271,41589238
15063,41581271,41589238
15064,41581271,41589238
15065,41581271,41589238
15066,41581271,41589238
15067,41581271,41589238
15068,41581271,41589238
15069,41581271,41589238
15070,41581271,41589238
15071,41581271,41589238
15072,41581271,41589238
15073,41581271,41620442
15074,41571813,41571813
15075,41571813,41571813
15076,41571813,41571813
15077,41571813,41571813
15078,41571813,41571813
15079,41571813,41571813
15080,41571813,41571813
15081,41571813,41571813
15082,41571813,41571813
15083,41571813,41571813
15084,41571813,41571813
15085,41571813,41571813
15086,41571813,41571813
15087,41571813,41571813
15088,41571813,41571813
15089,41571813,41571813
15090,41571813,41571813
15091,41571813,41571813
15092,41571813,41571813
15093,41571813,41571813
15094,41567518,41567518
15095,41567518,41567518
15096,41555255,41555255
15097,41555255,41555255
15098,41555255,41555255
15099,41555255,41555255
15100,41528456,41528456
15101,41528456,41528456
15102,41528456,41528456
15103,41528456,41528456
15104,41528456,41528456
15105,41528456,41528456
15106,41528456,41528456
15107,41528456,41528456
15108,41528456,41528456
15109,41528456,41528456
15110,41528456,41528456
15111,41528456,41528456
15112,41528456,41528456
15113,41528456,41528456
15114,41528456,41528456
15115,41528456,41528456
15116,41528456,41528456
15117,41528456,41528456
15118,41528456,41528456
15119,41528456,41528456
15120,41528456,41528456
15121,41528456,41528456
15122,41528456,41528456
15123,41528456,41528456
15124,41528456,41534530
15125,41528456,41534530
15126,41528456,41534530
15127,41528456,41534530
15128,41528456,41534530
15129,41528456,41534530
15130,41528456,41534530
15131,41528456,41534530
15132,41528456,41534530
15133,41528456,41534530
15134,41528456,41534530
15135,41528456,41534530
15136,41528456,41534530
15137,41528456,41534530
15138,41528456,41534530
15139,41528456,41544857
15140,41528456,41543710
15141,41528456,41543710
15142,41528456,41543710
15143,41528456,41543710
15144,41528456,41543710
15145,41526536,41526536
15146,41526536,41526536
15147,41526536,41526536
15148,41526536,41526536
15149,41526536,41526536
15150,41526536,41526536
15151,41526536,41526536
15152,41526536,41526536
15153,41526536,41526536
15154,41526536,41526536
15155,41526536,41526536
15156,41526536,41526536
15157,41526536,41526536
15158,41526536,41526536
15159,41526536,41529734
15160,41526536,41529734
15161,41526536,41529734
15162,41526536,41529734
15163,41526536,41529734
15164,41526536,41529734
15165,41526536,41529734
15166,41526536,41529734
15167,41526536,41529734
15168,41526536,41529734
15169,41526536,41529734
15170,41526536,41529734
15171,41526536,41529734
15172,41526536,41529734
15173,41526536,41529734
15174,41526536,41529734
15175,41526536,41546155
15176,41526536,41546155
15177,41526536,41546155
15178,41526536,41546155
15179,41526536,41546155
15180,41526536,41546155
15181,41526536,41546155
15182,41526536,41546155
15183,41526536,41546155
15184,41526536,41546155
15185,41526536,41546155
15186,41526536,41546155
15187,41526536,41546155
15188,41526536,41546155
15189,41517569,41517569
15190,41517569,41517569
15191,41517569,41517569
15192,41517569,41517569
15193,41517569,41517569
15194,41517569,41517569
15195,41517569,41517569
15196,41517569,41517569
15197,41517569,41517569
15198,41517569,41517569
15199,41517569,41517569
15200,41517569,41517569
15201,41517569,41517569
15202,41517569,41517569
15203,41517569,41517569
15204,41517569,41517569
15205,41517569,41517569
15206,41517569,41517569
15207,41517569,41517569
15208,41517569,41517569
15209,41517569,41517569
15210,41517569,41517569
15211,41517569,41517569
15212,41517569,41517569
15213,41517569,41517569
15214,41517569,41517569
15215,41517569,41517569
15216,41517569,41517569
15217,41517569,41517569
15218,41517569,41517569
15219,41517569,41517569
15220,41517569,41517569
15221,41517569,41517569
15222,41517569,41517569
15223,41517569,41517569
15224,41517569,41517569
15225,41517569,41517569
15226,41517569,41517569
15227,41517569,41517569
15228,41517569,41517569
15229,41517569,41517569
15230,41517569,41517569
15231,41517569,41517569
15232,41517569,41517569
15233,41517569,41517569
15234,41517569,41517569
15235,41517569,41517569
15236,41517569,41517569
15237,41517569,41517569
15238,41516731,41516731
15239,41516731,41516731
15240,41516731,41540280
15241,41516731,41540280
15242,41516731,41540280
15243,41516731,41540280
15244,41516731,41540280
15245,41516731,41540280
15246,41516731,41540280
15247,41516731,41540280
15248,41516731,41540280
15249,41516731,41540280
15250,41516731,41540280
15251,41516731,41540280
15252,41516731,41540280
15253,41516731,41540280
15254,41516731,41540280
15255,41516731,41540280
15256,41516731,41540280
15257,41516731,41540280
15258,41516731,41540280
15259,41516731,41540280
15260,41516731,41540280
15261,41516731,41540280
15262,41516731,41540280
15263,41516731,41540280
15264,41516731,41540280
15265,41516731,41540280
15266,41516731,41540280
15267,41516731,41540280
15268,41516731,41540280
15269,41516731,41540280
15270,41516731,41540280
15271,41516731,41540280
15272,41516731,41540280
15273,41516731,41540280
15274,41516731,41540280
15275,41516731,41540280
15276,41516731,41540280
15277,41516731,41540280
15278,41516731,41540280
15279,41516731,41540280
15280,41516731,41540280
15281,41516731,41540280
15282,41516731,41540280
15283,41516731,41540280
15284,41516731,41540280
15285,41516731,41540280
15286,41516731,41540280
15287,41516731,41540280
15288,41516731,41540280
15289,41516731,41540280
15290,41516731,41540280
15291,41516731,41540280
15292,41516731,41540280
15293,41516731,41540280
15294,41516731,41540280
15295,41516731,41540280
15296,41516731,41540280
15297,41516731,41540280
15298,41516731,41540280
15299,41516731,41540280
15300,41516731,41541427
15301,41516731,41541427
15302,41516731,41541427
15303,41516731,41541427
15304,41516731,41541427
15305,41516731,41541427
15306,41516731,41541427
15307,41516731,41541427
15308,41516731,41541427
15309,41516731,41541427
15310,41516731,41541427
15311,41516731,41541427
15312,41516731,41541427
15313,41516731,41541427
15314,41516731,41541427
15315,41516731,41541427
15316,41516731,41543047
15317,41516731,41543047
15318,41516731,41543047
15319,41516731,41544039
15320,41516731,41544039
15321,41516731,41544039
15322,41516731,41544039
15323,41516731,41544039
15324,41516731,41544039
15325,41516731,41544039
15326,41516731,41544039
15327,41516731,41544039
15328,41516731,41544039
15329,41516731,41544039
15330,41516731,41544039
15331,41516731,41544039
15332,41516731,41544039
15333,41516731,41544039
15334,41516731,41544039
15335,41516731,41544039
15336,41516731,41544039
15337,41516731,41544039
15338,41516731,41544039
15339,41516731,41544039
15340,41516731,41544039
15341,41516731,41544039
15342,41516731,41544039
15343,41507952,41507952
15344,41507952,41507952
15345,41507952,41507952
15346,41507952,41507952
15347,41507952,41507952
15348,41507952,41507952
15349,41507952,41507952
15350,41507952,41507952
15351,41507952,41507952
15352,41507952,41507952
15353,41507952,41507952
15354,41507952,41507952
15355,41507952,41507952
15356,41507952,41507952
15357,41507952,41507952
15358,41507952,41507952
15359,41507952,41507952
15360,41507952,41507952
15361,41507952,41507952
15362,41507952,41507952
15363,41507952,41507952
15364,41507952,41507952
15365,41507952,41507952
15366,41507952,41507952
15367,41507952,41507952
15368,41507952,41507952
15369,41507952,41507952
15370,41507952,41507952
15371,41507952,41507952
15372,41507952,41507952
15373,41507952,41507952
15374,41507952,41507952
15375,41507952,41507952
15376,41507952,41507952
15377,41507952,41507952
15378,41507952,41507952
15379,41507952,41507952
15380,41507952,41507952
15381,41507952,41507952
15382,41499951,41499951
15383,41499951,41499951
15384,41499951,41499951
15385,41499951,41499951
15386,41499951,41499951
15387,41499951,41499951
15388,41499951,41499951
15389,41499951,41499951
15390,41499951,41499951
15391,41499951,41499951
15392,41499951,41499951
15393,41499951,41499951
15394,41499951,41499951
15395,41499951,41499951
15396,41499951,41499951
15397,41499951,41499951
15398,41499951,41499951
15399,41499951,41499951
15400,41499951,41499951
15401,41499951,41499951
15402,41499951,41499951
15403,41499951,41499951
15404,41499951,41499951
15405,41499951,41499951
15406,41499951,41499951
15407,41499951,41499951
15408,41499951,41499951
15409,41499951,41499951
15410,41499951,41499951
15411,41499951,41499951
15412,41499951,41499951
15413,41499951,41499951
15414,41499951,41499951
15415,41499951,41499951
15416,41499951,41499951
15417,41499951,41499951
15418,41499951,41499951
15419,41499951,41499951
15420,41499951,41499951
15421,41499951,41499951
15422,41499951,41499951
15423,41499951,41499951
15424,41499951,41516453
15425,41499951,41516453
15426,41499951,41516453
15427,41499951,41516453
15428,41499951,41516453
15429,41499951,41516453
15430,41499951,41516453
15431,41499951,41516453
15432,41499951,41516453
15433,41499951,41516453
15434,41499951,41516453
15435,41499951,41633758
15436,41499951,41633758
15437,41499951,41633758
15438,41499951,41633758
15439,41499951,41633758
15440,41499951,41633758
15441,41499951,41632119
15442,41499951,41632119
15443,41499951,41632119
15444,41499951,41632119
15445,41499951,41632119
15446,41499951,41632119
15447,41499951,41632119
15448,41499951,41632119
15449,41499951,41632119
15450,41499951,41632118
15451,41499951,41632118
15452,41499951,41632118
15453,41499951,41632118
15454,41499951,41632118
15455,41499951,41632118
15456,41499951,41632118
15457,41499951,41632118
15458,41499951,41627374
15459,41499951,41627374
15460,41499951,41627374
15461,41499951,41627374
15462,41499951,41627374
15463,41499951,41627374
15464,41499951,41627374
15465,41499951,41627374
15466,41499951,41627374
15467,41499951,41627374
15468,41499951,41627374
15469,41499951,41627374
15470,41499951,41627374
15471,41499951,41627374
15472,41499951,41627374
15473,41499951,41627374
15474,41499951,41627374
15475,41499951,41627374
15476,41499951,41627374
15477,41499951,41627374
15478,41499951,41627374
15479,41499951,41625642
15480,41499951,41625642
15481,41499951,41625642
15482,41499951,41625642
15483,41499951,41625642
15484,41499951,41625642
15485,41499951,41625642
15486,41499951,41625642
15487,41499951,41625642
15488,41499951,41625642
15489,41499951,41625642
15490,41499951,41625642
15491,41499951,41625642
15492,41499951,41625642
15493,41499951,41625642
15494,41499951,41638908
15495,41499951,41589712
15496,41499951,41589712
15497,41499951,41587666
15498,41499951,41587666
15499,41499951,41587666
15500,41499951,41587666
15501,41499951,41587666
15502,41499951,41587666
15503,41499951,41587666
15504,41499951,41587666
15505,41499951,41587666
15506,41499951,41587666
15507,41499951,41587666
15508,41499951,41604025
15509,41499951,41626690
15510,41499951,41626690
15511,41499951,41626690
15512,41499951,41626690
15513,41499951,41626690
15514,41499951,41626690
15515,41499951,41626690
15516,41499951,41626690
15517,41499951,41626690
15518,41499951,41626690
15519,41499951,41626690
15520,41499951,41626690
15521,41499951,41626690
15522,41499951,41626690
15523,41499951,41626690
15524,41499951,41626690
15525,41499951,41626690
15526,41499951,41626690
15527,41499951,41626690
15528,41499951,41626690
15529,41499951,41626690
15530,41499951,41626690
15531,41499951,41626690
15532,41499951,41626690
15533,41499951,41636639
15534,41499951,41636639
15535,41499951,41636639
15536,41499951,41636639
15537,41499951,41636639
15538,41499951,41636639
15539,41499951,41636639
15540,41499951,41636639
15541,41499951,41636639
15542,41499951,41636639
15543,41499951,41636639
15544,41499951,41590500
15545,41499951,41590500
15546,41499951,41590500
15547,41499951,41590500
15548,41499951,41590500
15549,41499951,41590500
15550,41499951,41590500
15551,41499951,41590500
15552,41499951,41590500
15553,41499951,41590500
15554,41499951,41590500
15555,41499951,41590500
15556,41499951,41590500
15557,41499951,41590500
15558,41499951,41590500
15559,41499951,41590500
15560,41499951,41590500
15561,41499951,41590500
15562,41499951,41590500
15563,41499951,41566951
15564,41499951,41566951
15565,41499951,41566951
15566,41499951,41566951
15567,41499951,41566951
15568,41499951,41566951
15569,41499951,41566951
15570,41499951,41566951
15571,41499951,41566951
15572,41499951,41566951
15573,41499951,41566951
15574,41499951,41566951
15575,41499951,41566951
15576,41499951,41566951
15577,41499951,41566951
15578,41499951,41566951
15579,41499951,41566951
15580,41499951,41566951
15581,41499951,41566951
15582,41499951,59525600
15583,41499951,62453920
15584,41499951,63288957
15585,41499951,63271650
15586,41499951,62506237
15587,41499951,63738080
15588,41499951,64421617
15589,41499951,65014327
15590,41499951,64255192
15591,41499951,66665202
15592,41499951,66622685
15593,41499951,66696083
15594,41499951,68824816
15595,41499951,67198796
15596,41499951,69079014
15597,41499951,68687363
15598,41499951,67954021
15599,41499951,67497687
15600,41499951,66908838
15601,41499951,66119800
15602,41499951,67660805
15603,41499951,66771263
15604,41499951,67104037
15605,41499951,69723901
15606,41499951,68818958
15607,41499951,68867860
15608,41499951,69160572
15609,41499951,70279003
15610,41499951,69831403
15611,41499951,71231218
15612,41499951,69455912
15613,41499951,69575349
15614,41499951,70807396
15615,41499951,69681470
15616,41499951,71696081
15617,41499951,73622253
15618,41499951,71788189
15619,41499951,71650759
15620,41499951,72539151
15621,41499951,74056655
15622,41499951,73803367
15623,41499951,74474098
15624,41499951,73495109
15625,41499951,72731906
15626,41499951,72442537
15627,41499951,70793852
15628,41499951,69998220
15629,41499951,70617015
15630,41499951,70611003
15631,41499951,72098609
15632,41499951,69953548
15633,41499951,71924345
15634,41499951,70479705
15635,41499951,71129828
15636,41499951,69934699
15637,41499951,70855541
15638,41499951,72756555
15639,41499951,72789718
15640,41499951,73468935
15641,41499951,70717535
15642,41499951,70930614
15643,41499951,70170640
15644,41499951,69303774
15645,41499951,67951586
15646,41499951,67059007
15647,41499951,68307775
15648,41499951,66913740
15649,41499951,66541972
15650,41499951,65947909
15651,41499951,65502338
15652,41499951,64248320
15653,41499951,65566834
15654,41499951,66420064
15655,41499951,67327970
15656,41499951,63663394
15657,41499951,67221222
15658,41499951,68462102
15659,41499951,66434415
15660,41499951,65133937
15661,41499951,65122073
15662,41499951,66851412
15663,41499951,66905175
15664,41499951,66581736
15665,41499951,64491509
15666,41499951,64528979
15667,41499951,64976127
15668,41499951,67962252
15669,41499951,65060030
15670,41499951,66546254
15671,41499951,66143753
15672,41499951,66792357
15673,41499951,65558933
15674,41499951,64243993
15675,41499951,62889463
15676,41499951,63351416
15677,41499951,65008635
15678,41499951,65916566
15679,41499951,62988096
15680,41499951,63658906
15681,41499951,62477679
15682,41499951,63032733
15683,41499951,62260483
15684,41499951,64462317
15685,41499951,67131820
15686,41499951,68448505
15687,41499951,67660006
15688,41499951,68331526
15689,41499951,69600758
15690,41499951,69155083
15691,41499951,68477653
15692,41499951,68071872
15693,41499951,69108439
15694,41499951,68904541
15695,41499951,66845682
15696,41499951,67636161
15697,41499951,66750373
15698,41499951,66120749
15699,41499951,67688596
15700,41499951,67040731
15701,41499951,65965896
15702,41499951,67018052
15703,41499951,67339755
15704,41499951,67025670
15705,41499951,68054867
15706,41499951,67526736
15707,41499951,67116859
15708,41499951,64736306
15709,41499951,65583871
15710,41499951,69207734
15711,41499951,68618339
15712,41499951,68603569
15713,41499951,67611342
15714,41499951,68498225
15715,41499951,66614186
15716,41499951,67883965
15717,41499951,69548105
15718,41499951,67385813
15719,41499951,65120713
15720,41499951,65710341
15721,41499951,65930789
15722,41499951,62497493
15723,41499951,64274864
15724,41499951,61878966
15725,41499951,65182543
15726,41499951,65640512
15727,41499951,65957146
15728,41499951,67787062
15729,41499951,66430511
15730,41499951,67699798
15731,41499951,68041122
15732,41499951,67894210
15733,41499951,65914468
15734,41499951,68013928
15735,41499951,67545885
15736,41499951,69931295
15737,41499951,69772548
15738,41499951,71401170
15739,41499951,70619865
15740,41499951,69412185
15741,41499951,67890939
15742,41499951,69594592
15743,41499951,67258013
15744,41499951,68491685
15745,41499951,68778275
15746,41499951,70000127
15747,41499951,71218684
15748,41499951,69537906
15749,41499951,69421873
15750,41499951,66390792
15751,41499951,66362821
15752,41499951,68448763
15753,41499951,67134557
15754,41499951,67864512
15755,41499951,67842769
15756,41499951,67427782
15757,41499951,66350226
15758,41499951,65025893
15759,41499951,67318168
15760,41499951,67872638
15761,41499951,66423962
15762,41499951,64930163
15763,41499951,67398074
15764,41499951,62781222
15765,41499951,64994912
15766,41499951,66014835
15767,41499951,67418370
15768,41499951,68646435
15769,41499951,67752400
15770,41499951,67587371
15771,41499951,65926950
15772,41499951,68382230
15773,41499951,67352773
15774,41499951,66110524
15775,41499951,67729458
15776,41499951,68848639
15777,41499951,68180827
15778,41499951,68830582
15779,41499951,68409664
15780,41499951,69552589
15781,41499951,69291179
15782,41499951,67322992
15783,41499951,67741192
15784,41499951,68053435
15785,41499951,66442875
15786,41499951,65245288
15787,41499951,66068849
15788,41499951,66118454
15789,41499951,65161801
15790,41499951,67837551
15791,41499951,70633656
15792,41499951,68887666
15793,41499951,69081229
15794,41499951,69962206
15795,41499951,68274136
15796,41499951,69742260
15797,41499951,68733551
15798,41499951,68728743
15799,41499951,70786739
15800,41499951,68132861
15801,41499951,67017325
15802,41499951,68082654
15803,41499951,69055970
15804,41499951,68190084
15805,41499951,69304178
15806,41499951,72622173
15807,41499951,70559064
15808,41499951,68919247
15809,41499951,66325109
15810,41499951,66408089
15811,41499951,65621874
15812,41499951,65154820
15813,41499951,68372294
15814,41499951,70211460
15815,41499951,70810600
15816,41499951,70931161
15817,41499951,72515554
15818,41499951,70330588
15819,41499951,71078591
15820,41499951,70470250
15821,41499951,70335371
15822,41499951,71884696
15823,41499951,68473526
15824,41499951,67164434
15825,41499951,69128297
15826,41499951,70461332
15827,41499951,71552303
15828,41499951,70944486
15829,41499951,71312671
15830,41499951,73408061
15831,41499951,74036022
15832,41499951,73962076
15833,41499951,73842512
15834,41499951,72196268
15835,41499951,72154592
15836,41499951,72000650
15837,41499951,71229783
15838,41499951,73477125
15839,41499951,73281691
15840,41499951,73435901
15841,41499951,71121100
15842,41499951,70140618
15843,41499951,67868859
15844,41499951,67415580
15845,41499951,63415633
15846,41499951,63753711
15847,41499951,64455188
15848,41499951,65807028
15849,41499951,66260429
15850,41499951,66941760
15851,41499951,69506700
15852,41499951,69211116
15853,41499951,68316401
15854,41499951,68588557
15855,41499951,68280822
15856,41499951,66593637
15857,41499951,68532482
15858,41499951,67259751
15859,41499951,68599830
15860,41499951,68449220
15861,41499951,67016716
15862,41499951,64982404
15863,41499951,65892975
15864,41499951,66724746
15865,41499951,63215510
15866,41499951,67700387
15867,41499951,68440917
15868,41499951,67612102
15869,41499951,68914864
15870,41499951,69920311
15871,41499951,69314127
15872,41499951,67283194
15873,41499951,65804010
15874,41499951,63195736
15875,41499951,65060128
15876,41499951,68039613
15877,41499951,69371527
15878,41499951,70135013
15879,41499951,70841827
15880,41499951,71983638
15881,41499951,71100651
15882,41499951,70073541
15883,41499951,66405670
15884,41499951,69224711
15885,41499951,66689712
15886,41499951,65636430
15887,41499951,67979462
15888,41499951,70868370
15889,41499951,70946617
15890,41499951,68626259
15891,41499951,70230863
15892,41499951,68063668
15893,41499951,66114064
15894,41499951,68073996
15895,41499951,69293023
15896,41499951,67158253
15897,41499951,69365525
15898,41499951,67205981
15899,41499951,67301855
15900,41499951,67623282
15901,41499951,68621054
15902,41499951,70002934
15903,41499951,69327451
15904,41499951,68928914
15905,41499951,70571558
15906,41499951,70325249
15907,41499951,68667253
15908,41499951,68310799
15909,41499951,69642242
15910,41499951,68341620
15911,41499951,67538993
15912,41499951,66696093
15913,41499951,68184049
15914,41499951,68110493
15915,41499951,67490201
15916,41499951,66468014
15917,41499951,66802318
15918,41499951,66001856
15919,41499951,67611082
15920,41499951,65991072
15921,41499951,66231322
15922,41499951,67080010
15923,41499951,67650025
15924,41499951,64145668
15925,41499951,68478506
15926,41499951,67197554
15927,41499951,66793197
15928,41499951,67794430
15929,41499951,67657790
15930,41499951,68791947
15931,41499951,68809856
15932,41499951,68521719
15933,41499951,68970022
15934,41499951,69276108
15935,41499951,67132179
15936,41499951,64808092
15937,41499951,65371965
15938,41499951,65189758
15939,41499951,64282011
15940,41499951,67938162
15941,41499951,66739574
15942,41499951,64833840
15943,41499951,64370377
15944,41499951,66392048
15945,41499951,68233833
15946,41499951,68719668
15947,41499951,67202390
15948,41499951,63520586
15949,41499951,65299921
15950,41499951,68950963
15951,41499951,66424361
15952,41499951,64276070
15953,41499951,66414047
15954,41499951,69062784
15955,41499951,64757704
15956,41499951,66060264
15957,41499951,67253183
15958,41499951,65481347
15959,41499951,64634279
15960,41499951,64145576
15961,41499951,63840166
15962,41499951,63734222
15963,41499951,63488652
15964,41499951,64850948
15965,41499951,66916258
15966,41499951,66627136
15967,41499951,67154187
15968,41499951,67034096
15969,41499951,68359877
15970,41499951,66312621
15971,41499951,69268806
15972,41499951,69011246
15973,41499951,69284083
15974,41499951,68877995
15975,41499951,68474712
15976,41499951,67112368
15977,41499951,67094770
15978,41499951,67484934
15979,41499951,69132473
15980,41499951,69004632
15981,41499951,67967092
15982,41499951,68722224
15983,41499951,41499951
15984,41499951,41499951
15985,41499951,41499951
15986,41499951,41499951
15987,41499951,41499951
15988,41499951,41499951
15989,41499951,41499951
15990,41499951,41499951
15991,41499951,41499951
15992,41499951,41499951
15993,41499951,41499951
15994,41499951,41499951
15995,41499951,41499951
15996,41499951,41499951
15997,41499951,41499951
15998,41499951,41499951
15999,41499951,41499951
16000,41499951,41499951
16001,41499951,41499951
16002,41499951,41499951
16003,41499951,41499951
16004,41499951,41499951
16005,41499951,41499951
16006,41499951,41499951
16007,41499951,41499951
16008,41499951,41499951
16009,41499951,41499951
16010,41499951,41499951
16011,41499951,41499951
16012,41499951,41499951
16013,41499951,41499951
16014,41499951,41499951
16015,41499951,41499951
16016,41499951,41499951
16017,41499951,41499951
16018,41499951,41499951
16019,41499951,41499951
16020,41499951,41499951
16021,41499951,41499951
16022,41499951,41499951
16023,41499951,41499951
16024,41499951,41499951
16025,41499951,41499951
16026,41499951,41499951
16027,41499951,41499951
16028,41499951,41499951
16029,41499951,41499951
16030,41499951,41499951
16031,41499951,41499951
16032,41499951,41499951
16033,41499951,41499951
16034,41499951,41499951
16035,41469319,41469319
16036,41469319,41469319
16037,41469319,41469319
16038,41469319,41469319
16039,41469319,41469319
16040,41469319,41469319
16041,41469319,41469319
16042,41469319,41477320
16043,41469319,41477320
16044,41469319,41477320
16045,41469319,41477320
16046,41469319,41477320
16047,41469319,41477320
16048,41469319,41477320
16049,41469319,41477320
16050,41469319,41477320
16051,41469319,41477320
16052,41469319,41477320
16053,41469319,41477320
16054,41469319,41473948
16055,41469319,41473948
16056,41469319,41473948
16057,41469319,41473948
16058,41429975,41429975
16059,41429975,41429975
16060,41429975,41429975
16061,41429975,41429975
16062,41429975,41429975
16063,41429975,41429975
16064,41429975,41429975
16065,41429975,41429975
16066,41429975,41429975
16067,41429975,41429976
16068,41429975,41429976
16069,41429975,41429976
16070,41429975,41429976
16071,41429975,41429976
16072,41429975,41429976
16073,41429975,41429976
16074,41429975,41429976
16075,41429975,41429976
16076,41429975,41429976
16077,41429975,41429976
16078,41429975,41429976
16079,41429975,41429976
16080,41429698,41429698
16081,41429698,41429698
16082,41429698,41429698
16083,41429698,41429698
16084,41429698,41429698
16085,41429698,41429698
16086,41429698,41429698
16087,41429698,41429698
16088,41429698,41429698
16089,41429698,41429698
16090,41429698,41429698
16091,41429698,41429698
16092,41429698,41429698
16093,41429698,41429698
16094,41429698,41429698
16095,41429698,41434378
16096,41429698,41434378
16097,41429698,41434378
16098,41429698,41438056
16099,41429698,41438056
16100,41429698,41438056
16101,41429698,41438056
16102,41429698,41438056
16103,41429698,41438056
16104,41429698,41438056
16105,41429698,41438056
16106,41429698,41438056
16107,41429698,41438056
16108,41429698,41438056
16109,41429698,41438056
16110,41429698,41438056
16111,41429698,41438056
16112,41429698,41434378
16113,41429698,41434378
16114,41429698,41434378
16115,41429698,41434378
16116,41429698,41434377
16117,41429698,41434377
16118,41429698,41434377
16119,41429698,41434377
16120,41429698,41434377
16121,41429698,41434377
16122,41429698,41434377
16123,41429698,41434377
16124,41429698,41434377
16125,41429698,41434377
16126,41429698,41434377
16127,41429698,41434377
16128,41429698,41434377
16129,41429698,41434377
16130,41429698,41434377
16131,41429698,41434377
16132,41429698,41437168
16133,41429698,41437168
16134,41429698,41437168
16135,41429698,41437168
16136,41429698,41437168
16137,41429698,41444754
16138,41429698,41444754
16139,41429698,41444754
16140,41429698,41444754
16141,41429698,41444754
16142,41429698,41444754
16143,41429698,41444754
16144,41429698,41430724
16145,41429698,41435985
16146,41429698,41435985
16147,41429698,41435985
16148,41429698,41435985
16149,41429698,41443237
16150,41429698,41443237
16151,41429698,41443237
16152,41429698,41443237
16153,41429698,41443237
16154,41429698,41443237
16155,41429698,41443237
16156,41429698,41443237
16157,41429698,41443237
16158,41429698,41443237
16159,41429698,41443237
16160,41424277,41424277
16161,41423814,41423814
16162,41423814,41423814
16163,41423814,41423814
16164,41423814,41423814
16165,41423814,41423814
16166,41423814,41423814
16167,41423814,41423814
16168,41423814,41423814
16169,41423814,41423814
16170,41423814,41423814
16171,41423814,41423814
16172,41423814,41423814
16173,41423814,41423814
16174,41423814,41423814
16175,41423814,41423814
16176,41423814,41423814
16177,41423814,41423814
16178,41423814,41423814
16179,41423814,41423814
16180,41416562,41416562
16181,41416562,41416562
16182,41416562,41416562
16183,41416562,41416562
16184,41416562,41416562
16185,41416562,41416562
16186,41416562,41416562
16187,41413771,41413771
16188,41413771,41413771
16189,41413771,41413771
16190,41413771,41413771
16191,41405976,41405976
16192,41405976,41405976
16193,41405976,41405976
16194,41405976,41405976
16195,41405976,41405976
16196,41405976,41405976
16197,41405976,41405976
16198,41405976,41405976
16199,41405976,41405976
16200,41405976,41405976
16201,41405976,41405976
16202,41405976,41405976
16203,41405976,41405976
16204,41405976,41405976
16205,41405976,41405976
16206,41405976,41405976
16207,41405976,41405976
16208,41405976,41405976
16209,41405976,41405976
16210,41405976,41405976
16211,41405976,41405976
16212,41405976,41405976
16213,41405976,41405976
16214,41405976,41405976
16215,41405976,41405976
16216,41405976,41405976
16217,41405976,41405976
16218,41405976,41405976
16219,41405976,41405976
16220,41405976,41405976
16221,41405976,41405976
16222,41405976,41405976
16223,41405976,41405976
16224,41405976,41405976
16225,41405976,41405976
16226,41405976,41405976
16227,41405976,41405976
16228,41405976,41405976
16229,41405976,41405976
16230,41405976,41405976
16231,41405976,41405976
16232,41405976,41408753
16233,41405976,41408753
16234,41405976,41408753
16235,41405976,41408753
16236,41405976,41408753
16237,41405976,41408753
16238,41405976,41408753
16239,41405976,41408753
16240,41405976,41408753
16241,41405976,41408753
16242,41405976,41408753
16243,41405976,41408753
16244,41405976,41408753
16245,41405976,41408753
16246,41405976,41408753
16247,41405976,41408753
16248,41405976,41408753
16249,41405976,41408753
16250,41405976,41417522
16251,41405976,41417522
16252,41405976,41417522
16253,41405976,41417522
16254,41405976,41417522
16255,41405976,41417522
16256,41405976,41417522
16257,41405976,41417522
16258,41405976,41417522
16259,41405976,41417522
16260,41405976,41417522
16261,41405976,41417522
16262,41405976,41417522
16263,41405976,41417522
16264,41405976,41417522
16265,41405976,41417522
16266,41405976,41417522
16267,41405976,41417522
16268,41405976,41417522
16269,41405976,41417522
16270,41405976,41417522
16271,41405976,41417522
16272,41405976,41417522
16273,41405976,41417522
16274,41405976,41417522
16275,41405976,41417522
16276,41405976,41417522
16277,41405976,41417522
16278,41405976,41417522
16279,41405976,41417522
16280,41405976,41417522
16281,41405976,41417522
16282,41405976,41417522
16283,41405976,41417522
16284,41405976,41417522
16285,41405976,41417522
16286,41405976,41417522
16287,41405976,41417522
16288,41405976,41417522
16289,41405976,41417522
16290,41405976,41417522
16291,41405976,41417522
16292,41405976,41417522
16293,41405976,41417522
16294,41405976,41417522
16295,41405976,41417522
16296,41405976,41417522
16297,41405976,41415440
16298,41405976,41415440
16299,41405976,41412366
16300,41405976,41412366
16301,41405976,41412366
16302,41405976,41412366
16303,41405976,41412366
16304,41405976,41412366
16305,41405976,41412366
16306,41405976,41412366
16307,41405976,41412366
16308,41405976,41412366
16309,41405976,41434573
16310,41405976,41434573
16311,41405976,41434573
16312,41405976,41423220
16313,41405976,41423220
16314,41405976,41423220
16315,41405976,41423220
16316,41405976,41423220
16317,41405976,41423220
16318,41405976,41423220
16319,41405976,41423220
16320,41405976,41414889
16321,41029432,41029432
16322,41029432,41029432
16323,41029432,41029432
16324,41029432,41039986
16325,41029432,41039986
16326,41029432,41039986
16327,41029432,41039986
16328,41029432,41039986
16329,41029432,41039986
16330,41029432,41039987
16331,41029432,41039987
16332,41029432,41039987
16333,41029432,41039987
16334,41029432,41039987
16335,41029432,41039987
16336,41029432,41039987
16337,41029432,41039987
16338,41029432,41039987
16339,41029432,41039987
16340,41029432,41039987
16341,41029432,41039987
16342,41029432,41039987
16343,41027492,41027492
16344,41027492,41027492
16345,41027492,41027492
16346,41027492,41027492
16347,41027492,41027492
16348,41027492,41027492
16349,41027492,41027492
16350,41027492,41027492
16351,41027492,41027492
16352,41027492,41027492
16353,41027492,41027492
16354,41027492,41027492
16355,41027492,41027492
16356,41024304,41024304
16357,41024304,41024304
16358,41024304,41024304
16359,41024304,41024304
16360,41024304,41024304
16361,41024304,41024304
16362,41024304,41024304
16363,41024304,41024304
16364,41024304,41024304
16365,41024304,41024304
16366,41024304,41024304
16367,41024304,41024304
16368,41024304,41024304
16369,41024304,41024304
16370,41024304,41024304
16371,41024304,41024304
16372,41024304,41026739
16373,41024304,41026739
16374,41024304,41026739
16375,41024304,41026739
16376,41024304,41026739
16377,41024304,41026739
16378,41024304,41031406
16379,41024304,41031406
16380,41024304,41026726
16381,41024304,41026726
16382,41024304,41026726
16383,41024304,41026726
16384,41024304,41026726
16385,41024304,41026726
16386,41024304,41026726
16387,41024304,41026726
16388,41024304,41026726
16389,41024304,41026726
16390,41024304,41028568
16391,41024304,41028568
16392,41024304,41028568
16393,41024304,41028568
16394,41024304,41028568
16395,41024304,41028568
16396,41024304,41028568
16397,41024304,41028568
16398,41024304,41028568
16399,41024304,41028568
16400,41024304,41028568
16401,41024304,41028568
16402,41024304,41028568
16403,41024304,41028568
16404,41024304,41028568
16405,41024304,41028568
16406,41024304,41028568
16407,41024304,41028568
16408,41024304,41028568
16409,41024304,41028568
16410,41024304,41028568
16411,41024304,41028568
16412,41024304,41028568
16413,41024304,41028568
16414,41024304,41028568
16415,41024304,41028568
16416,41024304,41028568
16417,41024304,41028568
16418,41024304,41028568
16419,41024304,41028568
16420,41024304,41028568
16421,41024304,41028568
16422,41024304,41028568
16423,41024304,41028568
16424,41024304,41028568
16425,41024304,41028568
16426,41024304,41028568
16427,41024304,41028568
16428,41024304,41028568
16429,41024304,41028568
16430,41024304,41028568
16431,41024304,41028568
16432,41024304,41028568
16433,41024304,41028568
16434,41024304,41028568
16435,41024304,41028568
16436,41024304,41028568
16437,41024304,41028568
16438,41024304,41028568
16439,41024304,41028568
16440,41024304,41028568
16441,41024304,41028568
16442,41024304,41028568
16443,41024304,41028568
16444,41024304,41028568
16445,41024304,41028568
16446,41024304,41028568
16447,41024304,41028568
16448,41024304,41028568
16449,41024304,41028568
16450,41024304,41028568
16451,41024304,41028568
16452,41024304,41028568
16453,41024304,41028568
16454,41024304,41028568
16455,41024304,41028568
16456,41024304,41028568
16457,41024304,41028568
16458,41024304,41028568
16459,41024304,41028568
16460,41024304,41028568
16461,41024304,41028568
16462,41024304,41028568
16463,41024304,41028568
16464,41024304,41028568
16465,41024304,41028568
16466,41024304,41028568
16467,41024304,41028568
16468,41024304,41028568
16469,41024304,41028568
16470,41024304,41028568
16471,41024304,41028568
16472,41024304,41028568
16473,41024304,41028568
16474,41024304,41028568
16475,41024304,41028568
16476,41024304,41028568
16477,41024304,41028568
16478,41024304,41028568
16479,41024304,41028568
16480,41024304,41028568
16481,41024304,41028568
16482,41024304,41028568
16483,41024304,41028568
16484,41024304,41028568
16485,41024304,41028568
16486,41024304,41028568
16487,41024304,41028568
16488,41024304,41028568
16489,41024304,41028568
16490,41024304,41028569
16491,41024304,41028569
16492,41024304,41028569
16493,41024304,41028569
16494,41024304,41028569
16495,41024304,41028569
16496,41024304,41028569
16497,41024304,41028569
16498,41024304,41028569
16499,41024304,41028569
16500,41024304,41028569
16501,41024304,41028569
16502,41024304,41028569
16503,41024304,41028569
16504,41024304,41028569
16505,41024304,41028569
16506,41024304,41028569
16507,41024304,41028569
16508,41024304,41028569
16509,41024304,41028569
16510,41024304,41041835
16511,41024304,41041835
16512,41024304,41041835
16513,41024304,41041835
16514,41024304,41041835
16515,41024304,41041835
16516,41024304,41041835
16517,41024304,41041835
16518,41024304,41041835
16519,41024304,41041835
16520,41024304,41041835
16521,41024304,41041835
16522,41024304,41041835
16523,41024304,41041835
16524,41024304,41041835
16525,41024304,41041835
16526,41024304,41041835
16527,41024304,41041835
16528,41024304,41041835
16529,41024304,41041835
16530,41024304,41041835
16531,41024304,41041835
16532,41024304,41041835
16533,41024304,41041835
16534,41024304,41041835
16535,41024304,41041835
16536,41024304,41041835
16537,41024304,41041835
16538,41024304,41041835
16539,41024304,41041835
16540,41024304,41041835
16541,41024304,41041835
16542,41024304,41041835
16543,41024304,41041835
16544,41024304,41041835
16545,41024304,41041835
16546,41024304,41041835
16547,41024304,41041835
16548,41024304,41041835
16549,41024304,41041835
16550,41024304,41041835
16551,41024304,41041835
16552,41024304,41041835
16553,41024304,41041835
16554,41024304,41041835
16555,41024304,41041835
16556,41024304,56764143
16557,41024304,60023383
16558,41024304,62705875
16559,41024304,65460413
16560,41024304,68183767
16561,41024304,64284589
16562,41024304,64297533
16563,41024304,65764338
16564,41024304,65407914
16565,41024304,67402258
16566,41024304,67297974
16567,41024304,65602838
16568,41024304,66813089
16569,41024304,66621505
16570,41024304,68266096
16571,41024304,68579053
16572,41024304,68721460
16573,41024304,70473107
16574,41024304,68234041
16575,41024304,66392662
16576,41024304,68000832
16577,41024304,65683837
16578,41024304,67525569
16579,41024304,66199218
16580,41024304,65701032
16581,41024304,65310482
16582,41024304,67317991
16583,41024304,63560536
16584,41024304,64786614
16585,41024304,62854493
16586,41024304,61601763
16587,41024304,64854377
16588,41024304,66621629
16589,41024304,68662922
16590,41024304,66823599
16591,41024304,66386017
16592,41024304,66941579
16593,41024304,65249206
16594,41024304,65222163
16595,41024304,65530709
16596,41024304,63163064
16597,41024304,65311597
16598,41024304,66832866
16599,41024304,65931482
16600,41024304,64530239
16601,41024304,65151341
16602,41024304,65401467
16603,41024304,65179704
16604,41024304,66636495
16605,41024304,67998671
16606,41024304,68144430
16607,41024304,66869618
16608,41024304,65818251
16609,41024304,65220634
16610,41024304,64471185
16611,41024304,62638923
16612,41024304,65450134
16613,41024304,65930747
16614,41024304,65493528
16615,41024304,65600356
16616,41024304,66228825
16617,41024304,66771863
16618,41024304,65461111
16619,41024304,65919714
16620,41024304,67962782
16621,41024304,66962342
16622,41024304,67383821
16623,41024304,67177829
16624,41024304,67711974
16625,41024304,67466380
16626,41024304,66065453
16627,41024304,66445725
16628,41024304,67098253
16629,41024304,67370618
16630,41024304,71331159
16631,41024304,68962454
16632,41024304,69346684
16633,41024304,71115051
16634,41024304,69912189
16635,41024304,69915399
16636,41024304,68911385
16637,41024304,69263312
16638,41024304,69873853
16639,41024304,68767388
16640,41024304,68017724
16641,41024304,68778273
16642,41024304,68379619
16643,41024304,67138084
16644,41024304,67346096
16645,41024304,65076577
16646,41024304,66472637
16647,41024304,67461663
16648,41024304,69612477
16649,41024304,68771242
16650,41024304,70174716
16651,41024304,71675164
16652,41024304,73563789
16653,41024304,72087780
16654,41024304,70688164
16655,41024304,68971447
16656,41024304,66268310
16657,41024304,67204857
16658,41024304,66090090
16659,41024304,64612567
16660,41024304,67363375
16661,41024304,67212466
16662,41024304,68747015
16663,41024304,66346570
16664,41024304,67299750
16665,41024304,69153888
16666,41024304,70102170
16667,41024304,69750456
16668,41024304,71090358
16669,41024304,69056518
16670,41024304,69251313
16671,41024304,68580323
16672,41024304,70768599
16673,41024304,70688216
16674,41024304,68463881
16675,41024304,68357221
16676,41024304,67952574
16677,41024304,69300472
16678,41024304,70785729
16679,41024304,71887822
16680,41024304,69261172
16681,41024304,72110809
16682,41024304,73617346
16683,41024304,74943628
16684,41024304,72960517
16685,41024304,72914280
16686,41024304,74627718
16687,41024304,72905880
16688,41024304,72449776
16689,41024304,71546242
16690,41024304,70114370
16691,41024304,70510183
16692,41024304,70229513
16693,41024304,67438699
16694,41024304,69615201
16695,41024304,70455511
16696,41024304,67852266
16697,41024304,69153738
16698,41024304,68268309
16699,41024304,68881803
16700,41024304,70551640
16701,41024304,69619203
16702,41024304,67403298
16703,41024304,68145937
16704,41024304,65675920
16705,41024304,65922941
16706,41024304,65499879
16707,41024304,67920185
16708,41024304,67716207
16709,41024304,67987998
16710,41024304,66123982
16711,41024304,68602635
16712,41024304,65333579
16713,41024304,65925465
16714,41024304,67170909
16715,41024304,65454428
16716,41024304,65438425
16717,41024304,65617130
16718,41024304,65253188
16719,41024304,64813488
16720,41024304,66449395
16721,41024304,65695624
16722,41024304,65675760
16723,41024304,66318076
16724,41024304,66089215
16725,41024304,65184688
16726,41024304,64631977
16727,41024304,64199890
16728,41024304,64712739
16729,41024304,65907341
16730,41024304,68330786
16731,41024304,66524792
16732,41024304,67091676
16733,41024304,68450242
16734,41024304,66572999
16735,41024304,66220774
16736,41024304,66101342
16737,41024304,67099786
16738,41024304,67388347
16739,41024304,69818368
16740,41024304,67592303
16741,41024304,67134616
16742,41024304,68404084
16743,41024304,67135845
16744,41024304,68025956
16745,41024304,67969567
16746,41024304,67946180
16747,41024304,68031151
16748,41024304,64570322
16749,41024304,65039675
16750,41024304,65688741
16751,41024304,67296034
16752,41024304,68894355
16753,41024304,66210516
16754,41024304,65643493
16755,41024304,68203337
16756,41024304,67818039
16757,41024304,65742618
16758,41024304,67113203
16759,41024304,67471338
16760,41024304,66486065
16761,41024304,67542111
16762,41024304,68144175
16763,41024304,70564944
16764,41024304,68477812
16765,41024304,67456974
16766,41024304,68964220
16767,41024304,67041816
16768,41024304,66088340
16769,41024304,64772980
16770,41024304,66177335
16771,41024304,65343701
16772,41024304,66989967
16773,41024304,67513154
16774,41024304,63905330
16775,41024304,64064373
16776,41024304,66794792
16777,41024304,67616766
16778,41024304,66433364
16779,41024304,64798715
16780,41024304,65293747
16781,41024304,65559876
16782,41024304,67011408
16783,41024304,65467680
16784,41024304,67444841
16785,41024304,67641803
16786,41024304,64682920
16787,41024304,63654506
16788,41024304,61749271
16789,41024304,62449431
16790,41024304,64911595
16791,41024304,66179943
16792,41024304,66213075
16793,41024304,66362299
16794,41024304,67262591
16795,41024304,70013920
16796,41024304,67709957
16797,41024304,67945542
16798,41024304,66114523
16799,41024304,69243125
16800,41024304,70812161
16801,41024304,70945970
16802,41024304,72174478
16803,41024304,70868461
16804,41024304,69066995
16805,41024304,70361349
16806,41024304,67958279
16807,41024304,67872798
16808,41024304,70876226
16809,41024304,69014257
16810,41024304,66519246
16811,41024304,65443077
16812,41024304,67352402
16813,41024304,67552702
16814,41024304,65009909
16815,41024304,66077290
16816,41024304,67228430
16817,41024304,67616908
16818,41024304,68507113
16819,41024304,69852293
16820,41024304,68813116
16821,41024304,67854293
16822,41024304,67487868
16823,41024304,67225416
16824,41024304,67038002
16825,41024304,65726968
16826,41024304,65252711
16827,41024304,66137526
16828,41024304,66383501
16829,41024304,67398256
16830,41024304,67418465
16831,41024304,68830815
16832,41024304,68199955
16833,41024304,64938679
16834,41024304,65265113
16835,41024304,68298080
16836,41024304,65859590
16837,41024304,64322909
16838,41024304,64241689
16839,41024304,68084268
16840,41024304,67436892
16841,41024304,68396492
16842,41024304,67921996
16843,41024304,66202017
16844,41024304,66412484
16845,41024304,66674897
16846,41024304,67076620
16847,41024304,66052922
16848,41024304,65792310
16849,41024304,68046621
16850,41024304,66067601
16851,41024304,66059851
16852,41024304,67857663
16853,41024304,67124217
16854,41024304,66125640
16855,41024304,67074593
16856,41024304,67181719
16857,41024304,65468256
16858,41024304,64970157
16859,41024304,69021218
16860,41024304,68256259
16861,41024304,66734522
16862,41024304,65761789
16863,41024304,67490419
16864,41024304,67241801
16865,41024304,67923310
16866,41024304,70998517
16867,41024304,71147847
16868,41024304,69666433
16869,41024304,71142778
16870,41024304,71846254
16871,41024304,70408071
16872,41024304,68708514
16873,41024304,70324421
16874,41024304,69369527
16875,41024304,71141093
16876,41024304,69901645
16877,41024304,70572744
16878,41024304,67752545
16879,41024304,68748015
16880,41024304,69773056
16881,41024304,70409077
16882,41024304,70473560
16883,41024304,67744898
16884,41024304,68378066
16885,41024304,66684872
16886,41024304,68327167
16887,41024304,67411109
16888,41024304,69704504
16889,41024304,65291353
16890,41024304,66955056
16891,41024304,65803126
16892,41024304,66582730
16893,41024304,64691471
16894,41024304,67700961
16895,41024304,66441202
16896,41024304,65767571
16897,41024304,65170069
16898,41024304,66993303
16899,41024304,66159405
16900,41024304,67400008
16901,41024304,69534591
16902,41024304,68947353
16903,41024304,69985570
16904,41024304,68809241
16905,41024304,67798915
16906,41024304,66982084
16907,41024304,69160441
16908,41024304,67830149
16909,41024304,66600481
16910,41024304,64406328
16911,41024304,66148744
16912,41024304,65340377
16913,41024304,66346502
16914,41024304,68138043
16915,41024304,66451181
16916,41024304,66743010
16917,41024304,65548209
16918,41024304,67279481
16919,41024304,68660490
16920,41024304,70623922
16921,41024304,70571792
16922,41024304,72717392
16923,41024304,71012900
16924,41024304,70964880
16925,41024304,68137529
16926,41024304,67696537
16927,41024304,69238954
16928,41024304,68765109
16929,41024304,68811299
16930,41024304,70564003
16931,41024304,68973095
16932,41024304,69057965
16933,41024304,70867538
16934,41024304,71380061
16935,41024304,69080081
16936,41024304,69055890
16937,41024304,66931679
16938,41024304,67358250
16939,41024304,66319236
16940,41024304,68470130
16941,41024304,69368673
16942,41024304,68773012
16943,41024304,68818977
16944,41024304,68087401
16945,41024304,68775532
16946,41024304,69047237
16947,41024304,68972362
16948,41024304,70420631
16949,41024304,70940037
16950,41024304,69790192
16951,41024304,69406276
16952,41024304,69242937
16953,41024304,66917947
16954,41024304,65222998
16955,41024304,65344762
16956,41024304,67478232
16957,41024304,41024304
16958,41024304,41024304
16959,41024304,41024304
16960,41024304,41024304
16961,41024304,41024304
16962,41024304,41024304
16963,41024304,41024304
16964,41024304,41024304
16965,41024304,41024304
16966,41024304,41024304
16967,41024304,41024304
16968,41024304,41024304
16969,41024304,41024304
16970,41024304,41024304
16971,41024304,41024304
16972,41024304,41024304
16973,41024304,41024304
16974,41024304,41024304
16975,41024304,41024304
16976,41024304,41024304
16977,41024304,41024304
16978,41024304,41024304
16979,41024304,41024304
16980,41024304,41024304
16981,41024304,41024304
16982,41024304,41024304
16983,41024304,41024304
16984,41024304,41024304
16985,41024304,41024304
16986,41024304,41024304
16987,41024304,41024304
16988,41024304,41024304
16989,41024304,41024304
16990,41024304,41024304
16991,41024304,41024304
16992,41024304,41024304
16993,41024304,41024304
16994,41024304,41024304
16995,41024304,41024304
16996,41024304,41024304
16997,41024304,41024304
16998,41024304,41024304
16999,41024304,41024304
17000,41024304,41024304
17001,41024304,41024304
17002,41024304,41024304
17003,41024304,41024304
17004,41024304,41024304
17005,41024304,41024304
17006,41024304,41024304
17007,41024304,41024304
17008,41024304,41024304
17009,41024304,41024304
17010,41024304,41024304
17011,41024304,41024304
17012,41024304,41024304
17013,41024304,41024304
17014,41024304,41024304
17015,41024304,41024304
17016,41024304,41024304
17017,41024304,41024304
17018,41024304,41024304
17019,41024304,41024304
17020,41024304,41024304
17021,41024304,41024304
17022,41024304,41024304
17023,40976457,40976457
17024,40976457,40976457
17025,40976457,40976457
17026,40976457,40976457
17027,40976457,40976457
17028,40976457,40976457
17029,40976457,40976457
17030,40976457,40976457
17031,40976457,40976457
17032,40976457,40976457
17033,40976457,40976457
17034,40976457,40976457
17035,40976457,40976457
17036,40976457,40976457
17037,40976457,40976457
17038,40976457,40976457
17039,40976457,40976457
17040,40976457,40976457
17041,40976457,40976457
17042,40976457,40976457
17043,40976457,40976457
17044,40976457,40976457
17045,40976457,40976457
17046,40976457,40976457
17047,40976457,40976457
17048,40976457,40976457
17049,40976457,40976457
17050,40976457,40976457
17051,40976457,40976457
17052,40976457,40976457
17053,40976457,40976457
17054,40976457,40976457
17055,40976457,40976457
17056,40976457,40976457
17057,40976457,40991213
17058,40976457,40991213
17059,40976457,40991213
17060,40976457,40991213
17061,40976457,40991213
17062,40976457,40991213
17063,40976457,40991213
17064,40976457,40991213
17065,40976457,40991213
17066,40976457,40991213
17067,40976457,40991213
17068,40976457,40991213
17069,40976457,40991213
17070,40976457,40991213
17071,40976457,40991213
17072,40976457,40991213
17073,40976457,40991213
17074,40976457,40991213
17075,40976457,40991213
17076,40976457,40991213
17077,40976457,40991213
17078,40976457,40991213
17079,40976457,40991213
17080,40976457,40991213
17081,40976457,40991213
17082,40976457,40991213
17083,40976457,40991213
17084,40976457,40991213
17085,40976457,40991213
17086,40976457,40991213
17087,40976457,40991213
17088,40976457,40991213
17089,40976457,40991213
17090,40976457,40991213
17091,40976457,40991213
17092,40976457,40991213
17093,40976457,40991214
17094,40976457,40991214
17095,40976457,40991214
17096,40976457,40991214
17097,40976457,40991214
17098,40976457,40991214
17099,40976457,40991214
17100,40976457,40991214
17101,40950726,40950726
17102,40950726,40950726
17103,40950726,40950726
17104,40950726,40950726
17105,40950726,40950726
17106,40950726,40950726
17107,40950726,40950726
17108,40950726,40950726
17109,40950261,40950261
17110,40950261,40950261
17111,40950261,40950261
17112,40950261,40950261
17113,40950261,40950261
17114,40950261,40950261
17115,40950261,40950261
17116,40950261,40950261
17117,40950261,40950261
17118,40950261,40950261
17119,40950261,40950261
17120,40950261,40950261
17121,40950261,40950261
17122,40950261,40950261
17123,40950261,40950261
17124,40950261,40950261
17125,40950261,40950261
17126,40950261,40950261
17127,40949104,40949104
17128,40949104,40949104
17129,40949104,40949104
17130,40949104,40949104
17131,40949104,40949104
17132,40949104,40949104
17133,40949104,40949104
17134,40949104,40949104
17135,40949104,40949227
17136,40949104,40949227
17137,40937921,40937921
17138,40937921,40937921
17139,40937921,40937921
17140,40937921,40937921
17141,40937921,40937921
17142,40937921,40937921
17143,40937921,40937921
17144,40937921,40937921
17145,40937921,40937921
17146,40937921,40937921
17147,40937921,40937921
17148,40937921,40937921
17149,40937921,40937921
17150,40937921,40937921
17151,40937921,40937921
17152,40937921,40937921
17153,40937921,40937921
17154,40937921,40937921
17155,40923172,40923172
17156,40923172,40923172
17157,40923172,40923172
17158,40923172,40923172
17159,40923172,40923172
17160,40923172,40923172
17161,40923172,40923172
17162,40923172,40923172
17163,40923172,40923172
17164,40923172,40923172
17165,40923172,40923172
17166,40923172,40923172
17167,40923172,40923172
17168,40923172,40923172
17169,40923172,40923172
17170,40923172,40923172
17171,40923172,40923172
17172,40923172,40923172
17173,40923172,40923172
17174,40923172,40923172
17175,40923172,40923172
17176,40923172,40923172
17177,40923172,40923172
17178,40923172,40923172
17179,40923172,40923172
17180,40923172,40923172
17181,40923172,40923172
17182,40923172,40923172
17183,40923172,40923172
17184,40923172,40923172
17185,40923172,40923172
17186,40923172,40923172
17187,40923172,40923172
17188,40923172,40923172
17189,40923172,40923172
17190,40923172,40923172
17191,40923172,40923172
17192,40923172,40923172
17193,40923172,40923172
17194,40923172,40923172
17195,40923172,40923172
17196,40923172,40923172
17197,40923172,40923172
17198,40923172,40923172
17199,40923172,40923172
17200,40923172,40923172
17201,40923172,40923172
17202,40923172,40923172
17203,40923172,40923172
17204,40923172,40923172
17205,40923172,40923172
17206,40923172,40923172
17207,40923172,40923172
17208,40923172,40923172
17209,40923172,40923172
17210,40923172,40923172
17211,40923172,40923172
17212,40923172,40923172
17213,40923172,40923172
17214,40923172,40923172
17215,40923172,40923172
17216,40923172,40923172
17217,40923172,40923172
17218,40923172,40923172
17219,40923172,40923172
17220,40923172,40923172
17221,40923172,40923172
17222,40923172,40923172
17223,40923172,40923172
17224,40923172,40923172
17225,40923172,40923172
17226,40923172,40923172
17227,40923172,40923172
17228,40923172,40923172
17229,40923172,40923172
17230,40923172,40923172
17231,40923172,40923172
17232,40923172,40923172
17233,40923172,40923172
17234,40923172,40923172
17235,40923172,40923172
17236,40923172,40923172
17237,40923172,40923172
17238,40923172,40931742
17239,40923172,40931742
17240,40923172,40931742
17241,40923172,40931742
17242,40923172,40931742
17243,40923172,40931742
17244,40923172,40931742
17245,40923172,40931742
17246,40923172,40931742
17247,40923172,40931742
17248,40921299,40921299
17249,40921299,40921299
17250,40921299,40921299
17251,40921299,40921299
17252,40921299,40921299
17253,40921299,40921299
17254,40921299,40921299
17255,40921299,40921299
17256,40921299,40921299
17257,40921299,40921299
17258,40921299,40921299
17259,40921299,40921299
17260,40921299,40921299
17261,40921299,40921299
17262,40921299,40921299
17263,40921299,40921299
17264,40921299,40921299
17265,40921299,40921299
17266,40921299,40921299
17267,40921299,40921299
17268,40921299,40921299
17269,40921299,40921299
17270,40921299,40921299
17271,40921299,40921299
17272,40921299,40921299
17273,40921299,40921299
17274,40921299,40921299
17275,40921299,40921299
17276,40921299,40921299
17277,40921299,40921299
17278,40921299,40921299
17279,40921299,40921299
17280,40921299,40921299
17281,40921299,40921299
17282,40921299,40921299
17283,40921299,40921299
17284,40879066,40879066
17285,40879066,40879066
17286,40826320,40826320
17287,40826320,40826320
17288,40826320,40826320
17289,40826320,40826320
17290,40826320,40826320
17291,40826320,40826320
17292,40826320,40826320
17293,40826320,40826320
17294,40826320,40826320
17295,40826320,40826320
17296,40826320,40826320
17297,40826320,40826320
17298,40826320,40826320
17299,40826320,40826320
17300,40826320,40826320
17301,40826320,40826320
17302,40826320,40826320
17303,40826320,40826320
17304,40826320,40826320
17305,40826320,40833609
17306,40826320,40833609
17307,40826320,40833609
17308,40826320,40833609
17309,40826320,40833609
17310,40823559,40823559
17311,40823559,40823559
17312,40823559,40823559
17313,40823559,40823559
17314,40823559,40823559
17315,40823559,40823559
17316,40823559,40823559
17317,40823559,40823559
17318,40823559,40823559
17319,40823559,40823559
17320,40823559,40823559
17321,40823559,40823559
17322,40823559,40823559
17323,40823559,40823559
17324,40823559,40823559
17325,40823559,40823559
17326,40823559,40823559
17327,40823559,40823559
17328,40823559,40823559
17329,40823559,40823559
17330,40823559,40823559
17331,40823559,40823559
17332,40823559,40825046
17333,40823559,40825046
17334,40823559,40825046
17335,40823559,40825046
17336,40823559,40825046
17337,40823559,40825046
17338,40823559,40825046
17339,40823559,40825046
17340,40823559,40825046
17341,40823559,40825046
17342,40823559,40825046
17343,40823559,40825046
17344,40823559,40823559
17345,40823559,40823559
17346,40823559,40823559
17347,40823559,40823559
17348,40823559,40823559
17349,40823559,40823559
17350,40823559,40823559
17351,40823559,40823559
17352,40823559,40823559
17353,40823559,40823559
17354,40823559,40823559
17355,40823559,40823559
17356,40823559,40823559
17357,40823559,40823559
17358,40823559,40823559
17359,40823559,40823559
17360,40823559,40823559
17361,40823559,40823559
17362,40823559,40823559
17363,40823559,40823559
17364,40823559,40823559
17365,40823559,40823559
17366,40823559,40823559
17367,40823559,40823559
17368,40823559,40823559
17369,40823559,40823559
17370,40823559,40823559
17371,40823559,40823559
17372,40823559,40823559
17373,40823559,40823559
17374,40823559,40823559
17375,40823559,40823559
17376,40823559,40823559
17377,40823559,40823559
17378,40823559,40823559
17379,40823559,40823559
17380,40823559,40823559
17381,40823559,40823559
17382,40823559,40823559
17383,40823559,40823559
17384,40823559,40823559
17385,40823559,40823559
17386,40823559,40823559
17387,40823559,40823559
17388,40823559,40823559
17389,40823559,40823559
17390,40823559,40823559
17391,40823559,40823559
17392,40823559,40828839
17393,40823559,40828839
17394,40823559,40828839
17395,40823559,40828839
17396,40823559,40828839
17397,40823559,40828839
17398,40823559,40828839
17399,40823559,40828839
17400,40823559,40828839
17401,40823559,40828839
17402,40823559,40828839
17403,40823559,40828839
17404,40823559,40828839
17405,40823559,40828839
17406,40823559,40828839
17407,40823559,40828839
17408,40823559,40828839
17409,40823559,40828839
17410,40823559,40828839
17411,40823559,40828839
17412,40823559,40828839
17413,40823559,40828839
17414,40823559,40828839
17415,40823559,40828839
17416,40823559,40828839
17417,40823559,40828839
17418,40823559,40828839
17419,40823559,40828839
17420,40823559,40829611
17421,40823559,40829611
17422,40823559,40829611
17423,40823559,40829611
17424,40823559,40829611
17425,40823559,40829611
17426,40823559,40829611
17427,40823559,40829611
17428,40823559,40829611
17429,40823559,40829611
17430,40823559,40829611
17431,40823559,40829611
17432,40823559,40829611
17433,40823559,40829611
17434,40823559,40829611
17435,40823559,40829611
17436,40823559,40829611
17437,40823559,40829611
17438,40823559,40829611
17439,40823559,40829611
17440,40823559,40829611
17441,40823559,40829611
17442,40823559,40829611
17443,40823559,40829611
17444,40823559,40829611
17445,40823559,40829611
17446,40823559,40828606
17447,40823559,40828606
17448,40823559,40828606
17449,40823559,40828606
17450,40823559,40828606
17451,40823559,40828606
17452,40819837,40819837
17453,40819837,40819837
17454,40819837,40819837
17455,40819837,40819837
17456,40819837,40819837
17457,40819837,40819837
17458,40819837,40819837
17459,40819837,40819837
17460,40819837,40819837
17461,40819837,40819837
17462,40819837,40819837
17463,40819837,40819837
17464,40819837,40819837
17465,40819837,40819837
17466,40819837,40819837
17467,40819837,40819837
17468,40819837,40819837
17469,40819837,40819837
17470,40819837,40819837
17471,40819837,40819837
17472,40819837,40819837
17473,40819837,40819837
17474,40819837,40819837
17475,40819837,40819837
17476,40819837,40819837
17477,40819837,40819837
17478,40819837,40819837
17479,40819837,40819837
17480,40819837,40819837
17481,40819837,40819837
17482,40819837,40819837
17483,40819837,40819837
17484,40819837,40819837
17485,40819837,40819837
17486,40819837,40819837
17487,40819837,40819837
17488,40819837,40819837
17489,40819837,40819837
17490,40819837,40819837
17491,40819837,40819837
17492,40819837,40819837
17493,40819837,40819837
17494,40819837,40819837
17495,40819837,40819837
17496,40819837,40819837
17497,40819837,40819837
17498,40819837,40819837
17499,40819837,40819837
17500,40819837,40819837
17501,40819837,40819837
17502,40819837,40819837
17503,40819837,40819837
17504,40819837,40819837
17505,40819837,40819979
17506,40819837,40819979
17507,40819837,40819979
17508,40819837,40819979
17509,40819837,40819979
17510,40819837,40819979
17511,40819837,40819979
17512,40819837,40819979
17513,40819837,40819979
17514,40819837,40819979
17515,40819837,40819979
17516,40819837,40819979
17517,40819837,40819979
17518,40819837,40819979
17519,40819837,40819979
17520,40819837,40819979
17521,40819837,40819979
17522,40819837,40819979
17523,40819837,40819979
17524,40819837,40819979
17525,40819837,40819979
17526,40819837,40819979
17527,40819837,40819979
17528,40819837,40819979
17529,40819837,40819979
17530,40819837,40819979
17531,40819837,40819979
17532,40819837,40819979
17533,40819837,40819979
17534,40819837,40819979
17535,40819837,40819979
17536,40819837,40819979
17537,40819837,40819979
17538,40819837,40819979
17539,40819837,40819979
17540,40819837,40819979
17541,40819837,40819979
17542,40819837,40819979
17543,40819837,40819979
17544,40819837,40819979
17545,40819837,40819979
17546,40819837,40819979
17547,40819837,40819979
17548,40819837,40819979
17549,40819837,40819979
17550,40819837,40819979
17551,40819837,40819979
17552,40819837,40819979
17553,40819837,40819979
17554,40819837,40819979
17555,40819837,40819979
17556,40819837,40819979
17557,40809807,40809807
17558,40809807,40809807
17559,40809807,40809807
17560,40809807,40809807
17561,40809807,40809807
17562,40809807,40809807
17563,40809807,40809807
17564,40809807,40809807
17565,40809807,40809807
17566,40809807,40809807
17567,40809807,40809807
17568,40809807,40809807
17569,40809807,40809807
17570,40809807,40809807
17571,40809807,40809807
17572,40809807,40809807
17573,40809807,40809807
17574,40809807,40809807
17575,40809807,40809807
17576,40809807,40809807
17577,40809807,40809807
17578,40809807,40809807
17579,40809807,40809807
17580,40809807,40809807
17581,40809807,40809807
17582,40809807,40809807
17583,40809807,40809807
17584,40809807,40809807
17585,40809807,40809807
17586,40809807,40809807
17587,40809807,40809807
17588,40809807,40809807
17589,40809807,40809807
17590,40809807,40809807
17591,40809807,40809807
17592,40809807,40809807
17593,40809807,40809807
17594,40809807,40809807
17595,40809807,40809807
17596,40809807,40809807
17597,40809807,40809807
17598,40809807,40809807
17599,40809807,40809807
17600,40809807,40809807
17601,40809807,40809807
17602,40809807,40809807
17603,40809807,40809807
17604,40809807,40809807
17605,40809807,40809807
17606,40809807,40809807
17607,40809807,40809807
17608,40809807,40809807
17609,40809807,40809807
17610,40809807,40809807
17611,40809807,40809807
17612,40809807,40809807
17613,40809807,40809807
17614,40809807,40809807
17615,40809807,40809807
17616,40809807,40809807
17617,40809807,40809807
17618,40809807,40809807
17619,40809807,40809807
17620,40809807,40809807
17621,40809807,40809807
17622,40809807,40809807
17623,40809807,40809807
17624,40809807,40809807
17625,40809807,40809807
17626,40809807,40809807
17627,40809807,40809807
17628,40809807,40809807
17629,40809807,40809807
17630,40809807,40809807
17631,40809807,40809807
17632,40809807,40809807
17633,40809807,40809807
17634,40809807,40809807
17635,40809807,40809807
17636,40809807,40809807
17637,40809807,40809807
17638,40809807,40809807
17639,40809807,40809807
17640,40809807,40809807
17641,40809807,40809807
17642,40809807,40809807
17643,40809807,40809807
17644,40809807,40809807
17645,40809807,40809807
17646,40809807,40812598
17647,40809807,40812598
17648,40809807,40812598
17649,40809807,40812598
17650,40809807,40812598
17651,40809807,40812598
17652,40809807,40812598
17653,40809807,40812598
17654,40809807,40812598
17655,40809807,40812598
17656,40809807,40812598
17657,40809807,40812598
17658,40809807,40812598
17659,40809807,40812598
17660,40809807,40812598
17661,40809807,40812598
17662,40809807,40812598
17663,40809807,40812598
17664,40809807,40812598
17665,40809807,40812598
17666,40809807,40812598
17667,40809807,40812598
17668,40809807,40812598
17669,40809807,40812598
17670,40809807,40812598
17671,40809807,40812598
17672,40809807,40812598
17673,40809807,40812598
17674,40809807,40812598
17675,40809807,40812598
17676,40809807,40812598
17677,40809807,40812598
17678,40809807,40812598
17679,40809807,40812598
17680,40809807,40812598
17681,40809807,40812598
17682,40809807,40812598
17683,40809807,40812598
17684,40809807,40812598
17685,40809807,40812598
17686,40809807,40812598
17687,40809807,40812598
17688,40809807,40812598
17689,40809807,40812598
17690,40809807,40812598
17691,40809807,40812598
17692,40809807,40812598
17693,40809807,40812598
17694,40809807,40812598
17695,40809807,40812598
17696,40809807,40812598
17697,40809807,40812598
17698,40809807,40812598
17699,40809807,40812598
17700,40790476,40790476
17701,40790476,40790476
17702,40790476,40790476
17703,40790476,40790476
17704,40790476,40790476
17705,40790476,40790476
17706,40790476,40790476
17707,40790476,40790476
17708,40790476,40790476
17709,40790476,40790476
17710,40790476,40790476
17711,40790476,40790476
17712,40790476,40790476
17713,40790476,40790476
17714,40790476,40790476
17715,40790476,40790476
17716,40790476,40790476
17717,40790476,40790476
17718,40790476,40790476
17719,40790476,40790476
17720,40790476,40790476
17721,40790476,40790476
17722,40790476,40790476
17723,40790476,40790476
17724,40790476,40790476
17725,40790476,40790476
17726,40790476,40790476
17727,40790476,40790476
17728,40790476,40790476
17729,40790476,40790476
17730,40790476,40790476
17731,40790476,40790476
17732,40790476,40790476
17733,40767881,40767881
17734,40767881,40767881
17735,40767881,40767881
17736,40767881,40767881
17737,40767881,40767881
17738,40758628,40758628
17739,40758628,40758628
17740,40758628,40758628
17741,40758628,40758628
17742,40758628,40758628
17743,40758628,40758628
17744,40758628,40758628
17745,40758628,40758628
17746,40758628,40758628
17747,40758628,40758628
17748,40758628,40758628
17749,40758628,40758628
17750,40758628,40758628
17751,40758628,40758628
17752,40758628,40758628
17753,40758628,40758628
17754,40758628,40758628
17755,40758628,40758628
17756,40758628,40758628
17757,40758628,40758628
17758,40758628,40758628
17759,40758628,40758628
17760,40757856,40757856
17761,40757856,40757856
17762,40757856,40757856
17763,40757856,40757856
17764,40757856,40757856
17765,40757856,40757856
17766,40757856,40757856
17767,40757856,40757856
17768,40757856,40757856
17769,40757856,40757856
17770,40757856,40757856
17771,40757856,40757856
17772,40757856,40757856
17773,40757856,40757856
17774,40757856,40757856
17775,40757856,40757856
17776,40757856,40757856
17777,40757856,40757856
17778,40757856,40757856
17779,40757856,40757856
17780,40757856,40757856
17781,40757856,40757856
17782,40757856,40757856
17783,40757856,40757856
17784,40757856,40757856
17785,40757856,40757856
17786,40757856,40757856
17787,40757856,40757856
17788,40757856,40757856
17789,40757856,40757856
17790,40757856,40757856
17791,40757856,40757856
17792,40757856,40757856
17793,40757856,40757856
17794,40757856,40757856
17795,40757856,40757856
17796,40757856,40757856
17797,40757856,40757856
17798,40757856,40757856
17799,40757856,40757856
17800,40757856,40757856
17801,40757856,40757856
17802,40757856,40757856
17803,40757856,40757856
17804,40757856,40757856
17805,40757856,40757856
17806,40757856,40757856
17807,40757856,40757856
17808,40757856,40757856
17809,40757856,40757856
17810,40757856,40757856
17811,40757856,40757856
17812,40757856,40757856
17813,40757856,40757856
17814,40757856,40757856
17815,40757856,40757856
17816,40757856,40757856
17817,40757856,40757856
17818,40757856,40757856
17819,40757856,40757856
17820,40757856,40757856
17821,40757856,40757856
17822,40757856,40757856
17823,40757856,40757856
17824,40757856,40757856
17825,40757856,40757856
17826,40756901,40756901
17827,40756901,40756901
17828,40756901,40756901
17829,40756901,40756901
17830,40756901,40756901
17831,40756901,40756901
17832,40756901,40756901
17833,40756901,40756901
17834,40756901,40756901
17835,40756901,40756901
17836,40756901,40756901
17837,40756901,40756901
17838,40756901,40756901
17839,40756901,40756901
17840,40756901,40756901
17841,40756901,40756901
17842,40756901,40756901
17843,40756901,40756901
17844,40756901,40756901
17845,40756901,40756901
17846,40756901,40756901
17847,40756901,40756901
17848,40756901,40756901
17849,40756901,40756901
17850,40756901,40756901
17851,40756901,40756901
17852,40756901,40756901
17853,40756901,40756901
17854,40756901,40756901
17855,40756901,40756901
17856,40756901,40756901
17857,40756901,40756901
17858,40756901,40756901
17859,40756901,40756901
17860,40756901,40756901
17861,40756901,40756901
17862,40756901,40756901
17863,40756901,40756901
17864,40756901,40756901
17865,40756901,40756901
17866,40756901,40756901
17867,40756901,40756901
17868,40756901,40756901
17869,40756901,40756901
17870,40756901,40756901
17871,40756901,40756901
17872,40756901,40756901
17873,40756901,40756901
17874,40756901,40756901
17875,40756901,40756901
17876,40756901,40756901
17877,40756901,40756901
17878,40756901,40756901
17879,40756901,40756901
17880,40756901,40756901
17881,40756901,40756901
17882,40756901,40756901
17883,40756901,40756901
17884,40756901,40756901
17885,40756901,40756901
17886,40756901,40756901
17887,40756901,40756901
17888,40756901,40756901
17889,40756901,40756901
17890,40756901,40756901
17891,40756901,40756901
17892,40756901,40756901
17893,40756901,40756901
17894,40756901,40756901
17895,40756901,40756901
17896,40756901,40756901
17897,40756901,40756901
17898,40756901,40756901
17899,40756901,40756901
17900,40756901,40756901
17901,40756901,40756901
17902,40756901,40756901
17903,40756901,40756901
17904,40756901,40756901
17905,40756901,40756901
17906,40756901,40756901
17907,40756901,40756901
17908,40756901,40756901
17909,40756901,40756901
17910,40756901,40756901
17911,40756901,40756901
17912,40756901,40756901
17913,40756901,40756901
17914,40756901,40756901
17915,40756901,40756901
17916,40756901,40756901
17917,40756901,40756901
17918,40756901,40756901
17919,40756901,40756901
17920,40756901,40756901
17921,40756901,40756901
17922,40756901,40756901
17923,40756901,40756901
17924,40756901,40756901
17925,40756901,40756901
17926,40756901,40756901
17927,40756901,40756901
17928,40756901,40756901
17929,40756901,40756901
17930,40756901,40756901
17931,40756901,40761251
17932,40756901,40761251
17933,40756901,40761251
17934,40756901,40761251
17935,40756901,40761251
17936,40756901,40761251
17937,40756901,40761251
17938,40756901,40761251
17939,40756901,40761251
17940,40756901,40761251
17941,40756901,40761251
17942,40756901,40761251
17943,40756901,40761251
17944,40756901,40761251
17945,40756901,40761251
17946,40756901,40761251
17947,40756901,40761251
17948,40756901,40761251
17949,40756901,40761251
17950,40756901,40761251
17951,40756901,40761251
17952,40756901,40761251
17953,40756901,40761251
17954,40756901,40761251
17955,40756901,40761251
17956,40756901,40761251
17957,40756901,40761251
17958,40756901,40761251
17959,40756901,40761251
17960,40756901,40761251
17961,40702886,40702886
17962,40702886,40702886
17963,40702886,40702886
17964,40702886,40702886
17965,40702886,40702886
17966,40702886,40702886
17967,40702886,40702886
17968,40702886,40702886
17969,40702886,40702886
17970,40702886,40702886
17971,40702886,40702886
17972,40702886,40702886
17973,40702886,40702886
17974,40702886,40702886
17975,40702886,40702886
17976,40702886,40702886
17977,40702886,40702886
17978,40702886,40702886
17979,40702886,40702886
17980,40702886,40702886
17981,40702886,40702886
17982,40702886,40702886
17983,40702886,40702886
17984,40702886,40702886
17985,40702886,40702886
17986,40702886,40702886
17987,40702886,40702886
17988,40702886,40702886
17989,40702886,40702886
17990,40702886,40702886
17991,40702886,40702886
17992,40702886,40702886
17993,40702886,40702886
17994,40702886,40702886
17995,40702886,40702886
17996,40702886,40702886
17997,40702886,40702886
17998,40702886,40702886
17999,40702886,40702886
18000,40702886,40702886
18001,40702763,40702763
18002,40702763,40702763
18003,40702763,40702763
18004,40702763,40702763
18005,40701634,40701634
18006,40701634,40701634
18007,40701634,40701634
18008,40701634,40701634
18009,40701634,40701634
18010,40701634,40701634
18011,40701634,40701634
18012,40701634,40701634
18013,40701634,40701634
18014,40701634,40701634
18015,40701634,40701634
18016,40701634,40701634
18017,40701634,40701634
18018,40701634,40701634
18019,40701634,40701634
18020,40701634,40701634
18021,40701634,40701634
18022,40701634,40701634
18023,40701634,40701634
18024,40701634,40701634
18025,40701634,40701634
18026,40701634,40701634
18027,40701634,40701634
18028,40701634,40701634
18029,40701634,40701634
18030,40701634,40701634
18031,40701634,40701634
18032,40701634,40701634
18033,40701634,40701634
18034,40701634,40701634
18035,40701634,40701634
18036,40701634,40701634
18037,40701634,40701634
18038,40701634,40701634
18039,40681639,40681639
18040,40681639,40681639
18041,40681639,40681639
18042,40681639,40681639
18043,40681639,40681639
18044,40681639,40681639
18045,40681639,40681639
18046,40681639,40681639
18047,40681639,40681639
18048,40681639,40681639
18049,40681639,40681639
18050,40681639,40681639
18051,40681639,40681639
18052,40681639,40681639
18053,40681639,40681639
18054,40681639,40681639
18055,40681639,40681639
18056,40681639,40681639
18057,40681639,40681639
18058,40681639,40681639
18059,40681639,40681639
18060,40681639,40681639
18061,40681639,40681639
18062,40681639,40681639
18063,40681639,40681639
18064,40681639,40681639
18065,40681639,40681639
18066,40681639,40681639
18067,40681639,40681639
18068,40681639,40681639
18069,40681639,40681639
18070,40681639,40681639
18071,40681639,40681639
18072,40681639,40681639
18073,40681639,40681639
18074,40681639,40681639
18075,40681639,40681639
18076,40681639,40681639
18077,40681639,40681639
18078,40681639,40681639
18079,40681639,40681639
18080,40681639,40681639
18081,40681639,40681639
18082,40681639,40681639
18083,40681639,40681639
18084,40681639,40681639
18085,40681639,40681639
18086,40681639,40681639
18087,40681639,40681639
18088,40675831,40675831
18089,40675831,40675831
18090,40675831,40675831
18091,40675831,40675831
18092,40675831,40675831
18093,40675831,40675831
18094,40675831,40675831
18095,40675831,40675831
18096,40675831,40675831
18097,40674684,40674684
18098,40674684,40674684
18099,40674684,40674684
18100,40674684,40674684
18101,40674684,40674684
18102,40674684,40674684
18103,40674684,40674684
18104,40674684,40674684
18105,40674684,40674684
18106,40674684,40674684
18107,40674684,40674684
18108,40674684,40674684
18109,40674684,40674684
18110,40674684,40674684
18111,40674684,40674684
18112,40674684,40674684
18113,40674684,40674684
18114,40674684,40674684
18115,40674684,40674684
18116,40674684,40674684
18117,40674684,40674684
18118,40674684,40674684
18119,40674684,40674684
18120,40674684,40674684
18121,40674684,40674684
18122,40674684,40674684
18123,40674684,40674684
18124,40674684,40674684
18125,40674684,40674684
18126,40674684,40674684
18127,40674684,40674684
18128,40674684,40674684
18129,40674684,40674684
18130,40674684,40674684
18131,40674684,40674684
18132,40674684,40674684
18133,40674684,40674684
18134,40674684,40674684
18135,40674684,40674684
18136,40674684,40674684
18137,40674684,40674684
18138,40674684,40674684
18139,40674684,40674684
18140,40674684,40674684
18141,40674684,40674684
18142,40674684,40674684
18143,40674684,40674684
18144,40674684,40674684
18145,40674684,40674684
18146,40674684,40674684
18147,40674684,40674684
18148,40674684,40674684
18149,40674684,40674684
18150,40674684,40674684
18151,40674684,40674684
18152,40674684,40674684
18153,40674684,40674684
18154,40674684,40674684
18155,40674684,40674684
18156,40674684,40674684
18157,40674684,40674684
18158,40674684,40674684
18159,40674684,40674684
18160,40674684,40674684
18161,40674684,40674684
18162,40674684,40674684
18163,40674684,40674684
18164,40674684,40674684
18165,40674684,40674684
18166,40674684,40674684
18167,40674684,40674684
18168,40674684,40674684
18169,40674684,40674684
18170,40674684,40674684
18171,40674684,40674684
18172,40674684,40674684
18173,40674684,40674684
18174,40674684,40674684
18175,40674684,40674684
18176,40674684,40674684
18177,40674684,40674684
18178,40674684,40674684
18179,40674684,40674684
18180,40674684,40674684
18181,40674684,40674684
18182,40674684,40674684
18183,40674684,40674684
18184,40674684,40674684
18185,40674684,40674684
18186,40674684,40674684
18187,40674684,40674684
18188,40674684,40674684
18189,40674684,40674684
18190,40674684,40674684
18191,40674684,40674684
18192,40674684,40674684
18193,40674684,40674684
18194,40674684,40674684
18195,40674684,40674684
18196,40674684,40674684
18197,40674684,40674684
18198,40674684,40674684
18199,40674684,40674684
18200,40674684,40674684
18201,40674684,40674684
18202,40674684,40674684
18203,40674684,40674684
18204,40674684,40674684
18205,40674684,40674684
18206,40674684,40674684
18207,40674684,40674684
18208,40674684,40674684
18209,40674684,40674684
18210,40674684,40674684
18211,40674684,40674684
18212,40674684,40674684
18213,40674684,40674684
18214,40674684,40674684
18215,40674684,40674684
18216,40674684,40674684
18217,40674684,40674684
18218,40674684,40674684
18219,40674684,40674684
18220,40667570,40667570
18221,40667570,40667570
18222,40667570,40667570
18223,40645391,40645391
18224,40645391,40645391
18225,40645391,40645391
18226,40645391,40645391
18227,40645391,40645391
18228,40645391,40645391
18229,40645391,40645391
18230,40645391,40645391
18231,40645391,40645391
18232,40645391,40645391
18233,40645391,40645391
18234,40645391,40645391
18235,40645391,40645391
18236,40645391,40645391
18237,40645391,40645391
18238,40645391,40645391
18239,40645391,40645391
18240,40645391,40645391
18241,40645391,40645391
18242,40645391,40645391
18243,40645391,40645391
18244,40645391,40645391
18245,40645391,40645391
18246,40645391,40645391
18247,40645391,40645391
18248,40645391,40645391
18249,40645391,40645391
18250,40645391,40645391
18251,40645391,40645391
18252,40645391,40645391
18253,40645391,40645391
18254,40645391,40645391
18255,40645391,40646697
18256,40645391,40646697
18257,40645391,40646697
18258,40645391,40646697
18259,40645391,40646697
18260,40645391,40646697
18261,40645391,40646697
18262,40645391,40646697
18263,40645391,40646697
18264,40645391,40646697
18265,40645391,40647703
18266,40645391,40647703
18267,40645391,40647703
18268,40645391,40647703
18269,40645391,40647703
18270,40645391,40647703
18271,40645391,40647703
18272,40645391,40647703
18273,40645391,40647703
18274,40645391,40647703
18275,40645391,40647703
18276,40645391,40647703
18277,40645391,40647703
18278,40645391,40647703
18279,40645391,40647703
18280,40645391,40647703
18281,40645391,40647703
18282,40645391,40647703
18283,40645391,40647703
18284,40645391,40647703
18285,40645391,40647703
18286,40645391,40647703
18287,40645391,40647703
18288,40645391,40647703
18289,40645391,40647703
18290,40645391,40647703
18291,40645391,40647703
18292,40645391,40647703
18293,40645391,40647703
18294,40645391,40647703
18295,40645391,40647703
18296,40645391,40647703
18297,40645391,40647703
18298,40645391,40647703
18299,40645391,40647703
18300,40645391,40647703
18301,40645391,40647703
18302,40645391,40647703
18303,40645391,40647703
18304,40645391,40647703
18305,40645391,40647703
18306,40645391,40647703
18307,40645391,40647703
18308,40645391,40647703
18309,40645391,40647703
18310,40645391,40647703
18311,40645391,40647703
18312,40645391,40647703
18313,40645391,40647703
18314,40645391,40647703
18315,40645391,40647703
18316,40645391,40647703
18317,40645391,40647703
18318,40645391,40647703
18319,40645391,40647703
18320,40645391,40647703
18321,40645391,40647703
18322,40645391,40647703
18323,40645391,40647703
18324,40645391,40647703
18325,40645391,40646715
18326,40645391,40646715
18327,40645391,40646715
18328,40645391,40646715
18329,40645391,40646715
18330,40645391,40646715
18331,40645391,40646715
18332,40645391,40646715
18333,40642034,40642034
18334,40642034,40642034
18335,40642034,40642034
18336,40642034,40642034
18337,40642034,40642034
18338,40642034,40642034
18339,40642034,40642034
18340,40642034,40642034
18341,40642034,40642034
18342,40642034,40642034
18343,40642034,40642034
18344,40642034,40642034
18345,40642034,40642034
18346,40642034,40642034
18347,40642034,40642034
18348,40642034,40642034
18349,40642034,40642034
18350,40642034,40642034
18351,40642034,40642034
18352,40642034,40642034
18353,40642034,40642034
18354,40642034,40642034
18355,40642034,40642034
18356,40642034,40642034
18357,40642034,40642034
18358,40642034,40642034
18359,40634609,40634609
18360,40634609,40634609
18361,40634609,40634609
18362,40634609,40634609
18363,40634609,40634609
18364,40634609,40634609
18365,40634609,40634609
18366,40634609,40634609
18367,40634609,40634609
18368,40634609,40634609
18369,40634609,40634609
18370,40634609,40634609
18371,40614401,40614401
18372,40614401,40614401
18373,40614401,40614401
18374,40614401,40614401
18375,40614401,40614401
18376,40614401,40614401
18377,40614401,40614401
18378,40614401,40614401
18379,40614401,40614401
18380,40614401,40614401
18381,40614401,40614401
18382,40614401,40614401
18383,40614401,40614401
18384,40614401,40614401
18385,40614401,40614401
18386,40614401,40614401
18387,40614401,40614401
18388,40614401,40614401
18389,40614401,40614401
18390,40614401,40614401
18391,40614401,40614401
18392,40614401,40614401
18393,40614401,40614401
18394,40614401,40614401
18395,40614401,40614401
18396,40614401,40614401
18397,40614401,40614401
18398,40614401,40614401
18399,40614401,40614401
18400,40614401,40614401
18401,40614401,40614401
18402,40614401,40614401
18403,40614401,40614401
18404,40614401,40614401
18405,40614401,40614401
18406,40614401,40614401
18407,40614401,40614401
18408,40614401,40614401
18409,40614401,40614401
18410,40614401,40614401
18411,40614401,40614401
18412,40614401,40614401
18413,40614401,40614401
18414,40614401,40614401
18415,40614401,40614401
18416,40614401,40614401
18417,40614401,40614401
18418,40614401,40614401
18419,40614401,40614401
18420,40614401,40614401
18421,40614401,40614401
18422,40614401,40614401
18423,40614401,40614401
18424,40614401,40614401
18425,40614401,40614401
18426,40614401,40614401
18427,40614401,40614401
18428,40614401,40614401
18429,40614401,40614401
18430,40614401,40614401
18431,40614401,40614401
18432,40614401,40614401
18433,40614401,40614401
18434,40614401,40614401
18435,40614401,40614401
18436,40614401,40614401
18437,40614401,40614401
18438,40614401,40614401
18439,40614401,40614401
18440,40614401,40614401
18441,40614401,40614401
18442,40614401,40614401
18443,40614401,40614401
18444,40614401,40614401
18445,40614401,40614401
18446,40614401,40614401
18447,40614401,40614401
18448,40614401,40614401
18449,40614401,40614401
18450,40614401,40614401
18451,40614401,40614401
18452,40614401,40614401
18453,40614401,40614401
18454,40614401,40614401
18455,40614401,40614401
18456,40614401,40614401
18457,40614401,40614401
18458,40614401,40614401
18459,40603242,40603242
18460,40603242,40603242
18461,40603242,40603242
18462,40603242,40603242
18463,40603242,40603242
18464,40603242,40603242
18465,40603242,40603242
18466,40603242,40603242
18467,40603242,40603242
18468,40603242,40603242
18469,40603242,40603242
18470,40603242,40603242
18471,40603242,40603242
18472,40603242,40603242
18473,40603242,40603242
18474,40603242,40603242
18475,40603242,40603242
18476,40603242,40603242
18477,40603242,40603242
18478,40603242,40603242
18479,40603242,40603242
18480,40603242,40603242
18481,40603242,40603242
18482,40603242,40603242
18483,40603242,40603242
18484,40603242,40603242
18485,40603242,40603242
18486,40603242,40603242
18487,40603242,40603242
18488,40603242,40603242
18489,40603242,40603242
18490,40603242,40603242
18491,40603242,40603242
18492,40603242,40603242
18493,40603242,40603242
18494,40603242,40603242
18495,40603242,40603242
18496,40603242,40603242
18497,40603242,40603242
18498,40603242,40603242
18499,40603242,40603242
18500,40603242,40603242
18501,40603242,40603242
18502,40603242,40603242
18503,40584475,40584475
18504,40584475,40584475
18505,40584475,40584475
18506,40584475,40584475
18507,40584475,40584475
18508,40584475,40584475
18509,40584475,40584475
18510,40584475,40584475
18511,40584475,40584475
18512,40584475,40584475
18513,40584475,40584475
18514,40584475,40584475
18515,40584475,40584475
18516,40584475,40584475
18517,40584475,40584475
18518,40584475,40584475
18519,40584475,40584475
18520,40584475,40584475
18521,40584475,40584475
18522,40584475,40584475
18523,40584475,40584475
18524,40584475,40584475
18525,40584475,40584475
18526,40584475,40584475
18527,40575343,40575343
18528,40575343,40575343
18529,40575343,40575343
18530,40575343,40575343
18531,40575343,40575343
18532,40575343,40575343
18533,40575343,40575343
18534,40575343,40575343
18535,40575343,40575343
18536,40575343,40575343
18537,40575343,40575343
18538,40575343,40575343
18539,40575343,40575343
18540,40575343,40575343
18541,40575343,40575343
18542,40575343,40575343
18543,40575343,40575343
18544,40575343,40575343
18545,40575343,40575343
18546,40575343,40575343
18547,40575343,40575343
18548,40575343,40575343
18549,40575343,40575343
18550,40575343,40575343
18551,40575343,40575343
18552,40575343,40575343
18553,40575343,40575343
18554,40551156,40551156
18555,40551156,40551156
18556,40551156,40551156
18557,40551156,40551156
18558,40551156,40551156
18559,40551156,40551156
18560,40551156,40551156
18561,40551156,40551156
18562,40551156,40551156
18563,40551156,40551156
18564,40551156,40551156
18565,40551156,40551156
18566,40551156,40551156
18567,40551156,40551156
18568,40551156,40551156
18569,40551156,40551156
18570,40551156,40551156
18571,40551156,40551156
18572,40551156,40551156
18573,40551156,40551156
18574,40551156,40551156
18575,40551156,40551156
18576,40551156,40551156
18577,40551156,40551156
18578,40551156,40551156
18579,40551156,40551156
18580,40551156,40551156
18581,40551156,40551156
18582,40551156,40551156
18583,40551156,40551156
18584,40551156,40551156
18585,40551156,40551156
18586,40551156,40551156
18587,40551156,40551156
18588,40551156,40551156
18589,40551156,40551156
18590,40551156,40551156
18591,40525898,40525898
18592,40525898,40525898
18593,40525898,40525898
18594,40525898,40525898
18595,40525898,40525898
18596,40525898,40525898
18597,40525898,40525898
18598,40525898,40525898
18599,40525898,40525898
18600,40525898,40525898
18601,40525898,40529339
18602,40525898,40529339
18603,40525898,40529339
18604,40525898,40529339
18605,40525898,40529339
18606,40525898,40529339
18607,40525898,40529339
18608,40525898,40529339
18609,40525898,40529339
18610,40525898,40529339
18611,40525898,40529339
18612,40525898,40529339
18613,40525898,40529339
18614,40525898,40529339
18615,40525898,40529339
18616,40525898,40529339
18617,40525898,40529339
18618,40525898,40529339
18619,40525898,40529339
18620,40525898,40529339
18621,40525898,40529339
18622,40525898,40529339
18623,40525898,40529339
18624,40525898,40529339
18625,40525898,40529339
18626,40525898,40529339
18627,40525898,40529339
18628,40525898,40529339
18629,40525898,40529339
18630,40525898,40529339
18631,40525898,40529339
18632,40525898,40529339
18633,40525898,40529339
18634,40525898,40529339
18635,40525898,40529339
18636,40525898,40529339
18637,40525898,40529339
18638,40525898,40529339
18639,40525898,40529339
18640,40525898,40529339
18641,40525898,40529339
18642,40525898,40529339
18643,40525898,40529339
18644,40525898,40529338
18645,40525898,40529338
18646,40525898,40529338
18647,40525898,40529338
18648,40525898,40529338
18649,40525898,40529338
18650,40525898,40529338
18651,40525898,40529338
18652,40525898,40529338
18653,40525898,40529338
18654,40525898,40529338
18655,40525898,40529338
18656,40525898,40529338
18657,40525898,40529338
18658,40525898,40529338
18659,40525898,40529338
18660,40524988,40524988
18661,40524988,40524988
18662,40524988,40524988
18663,40524988,40524988
18664,40524988,40524988
18665,40524988,40524988
18666,40524988,40524988
18667,40524988,40524988
18668,40524988,40524988
18669,40524988,40524988
18670,40524988,40524988
18671,40524988,40524988
18672,40524988,40524988
18673,40524988,40524988
18674,40524988,40524988
18675,40524988,40524988
18676,40524988,40524988
18677,40524988,40524988
18678,40524988,40524988
18679,40524988,40524988
18680,40524988,40524988
18681,40524988,40524988
18682,40524988,40524988
18683,40524988,40524988
18684,40524988,40524988
18685,40524988,40524988
18686,40524988,40524988
18687,40524988,40524988
18688,40524988,40524988
18689,40524988,40524988
18690,40524988,40524988
18691,40524988,40524988
18692,40524988,40524988
18693,40524988,40524988
18694,40524988,40524988
18695,40524988,40524988
18696,40524988,40524988
18697,40524988,40524988
18698,40524988,40524988
18699,40524988,40524988
18700,40524988,40524988
18701,40524988,40524988
18702,40524988,40524988
18703,40524988,40524988
18704,40524988,40524988
18705,40524988,40524988
18706,40524988,40524988
18707,40524988,40524988
18708,40524988,40524988
18709,40524988,40524988
18710,40524988,40524988
18711,40524988,40524988
18712,40524988,40524988
18713,40524988,40524988
18714,40524988,40524988
18715,40524988,40524988
18716,40524988,40524988
18717,40523788,40523788
18718,40523788,40523788
18719,40523788,40523788
18720,40523788,40523788
18721,40523788,40523788
18722,40523788,40523788
18723,40523788,40524066
18724,40523788,40524066
18725,40523788,40524066
18726,40523788,40524066
18727,40523788,40524066
18728,40523788,40524066
18729,40523788,40524066
18730,40523788,40524066
18731,40523788,40524066
18732,40523788,40524066
18733,40523788,40524066
18734,40523788,40524066
18735,40523788,40524066
18736,40523788,40524066
18737,40523788,40524066
18738,40523788,40524066
18739,40523788,40524066
18740,40523788,40524066
18741,40523788,40524066
18742,40523788,40524066
18743,40523788,40524066
18744,40523788,40524066
18745,40523788,40524066
18746,40523788,40524066
18747,40523788,40524066
18748,40523788,40524066
18749,40523788,40524066
18750,40523788,40524066
18751,40523788,40524066
18752,40523788,40524066
18753,40523788,40524066
18754,40523788,40524066
18755,40523788,40524066
18756,40523788,40524066
18757,40523788,40524066
18758,40523788,40524066
18759,40523788,40524066
18760,40523788,40528417
18761,40523788,40528417
18762,40523788,40528417
18763,40523788,40528417
18764,40523788,40528417
18765,40523788,40528417
18766,40523788,40528417
18767,40523788,40528417
18768,40523788,40528417
18769,40523788,40528417
18770,40523788,40528417
18771,40523788,40528417
18772,40523788,40528417
18773,40523788,40528417
18774,40523788,40528417
18775,40523788,40528417
18776,40523788,40528417
18777,40523788,40528417
18778,40523788,40528466
18779,40523788,40528466
18780,40523788,40528466
18781,40523788,40528466
18782,40523788,40528466
18783,40523788,40528466
18784,40523788,40528466
18785,40523788,40528466
18786,40523788,40528466
18787,40523788,40528466
18788,40523788,40528466
18789,40523788,40528466
18790,40523788,40542496
18791,40523788,40542496
18792,40523788,40542496
18793,40523788,40542496
18794,40523788,40542496
18795,40523788,40542496
18796,40523788,40542496
18797,40523788,40542496
18798,40523788,40542496
18799,40523788,40542496
18800,40523788,40542496
18801,40523788,40542496
18802,40523788,40542496
18803,40523788,40542496
18804,40523788,40542496
18805,40523788,40542496
18806,40523788,40542496
18807,40523788,40542496
18808,40523788,40542496
18809,40523788,40542496
18810,40523788,40542496
18811,40523788,40542496
18812,40523788,40542496
18813,40523788,40542496
18814,40523788,40549748
18815,40523788,40549748
18816,40523788,40543847
18817,40523788,40543847
18818,40523788,40543847
18819,40523788,40543847
18820,40523788,40543847
18821,40523788,40543847
18822,40523788,40543847
18823,40523788,40543847
18824,40523788,40543847
18825,40523788,40543847
18826,40523788,40543847
18827,40523788,40543847
18828,40523788,40543847
18829,40523788,40543847
18830,40523788,40543847
18831,40523788,40543847
18832,40523788,40543847
18833,40523788,40543847
18834,40523788,40543847
18835,40523788,40543847
18836,40523788,40543847
18837,40523788,40543569
18838,40523788,40543569
18839,40523788,40543569
18840,40523788,40543569
18841,40523788,40543569
18842,40523788,40543569
18843,40523788,40543569
18844,40523788,40543569
18845,40523788,40543569
18846,40523788,40543569
18847,40523788,40543569
18848,40523788,40536280
18849,40523788,40536280
18850,40523788,40536280
18851,40523788,40536280
18852,40523788,40536280
18853,40523788,40536280
18854,40523788,40536280
18855,40523788,40536280
18856,40523788,40536280
18857,40523788,40536280
18858,40523788,40536280
18859,40523788,40536280
18860,40523788,40536280
18861,40523788,40536280
18862,40523788,40536280
18863,40523788,40536280
18864,40523788,40536280
18865,40523788,40536280
18866,40523788,40536280
18867,40523788,40536280
18868,40523788,40536280
18869,40523788,40536280
18870,40523788,40536280
18871,40523788,40536280
18872,40523788,40536280
18873,40523788,40536280
18874,40523788,40536280
18875,40523788,40536280
18876,40523788,40536280
18877,40523788,40536280
18878,40523788,40536280
18879,40523788,40536280
18880,40523788,40536280
18881,40523788,40536280
18882,40523788,40536280
18883,40523788,40536280
18884,40523788,40536280
18885,40523788,40536280
18886,40523788,40536280
18887,40523788,40536280
18888,40523788,40536280
18889,40523788,40536280
18890,40523788,40536280
18891,40523788,40536280
18892,40523788,40536280
18893,40523788,40536280
18894,40523788,40536280
18895,40523788,40536280
18896,40523788,40536280
18897,40523788,40536280
18898,40523788,40536280
18899,40523788,40536280
18900,40523788,40536280
18901,40523788,40536280
18902,40523788,40536280
18903,40523788,40536280
18904,40523788,40536280
18905,40523788,40536280
18906,40523788,40536280
18907,40523788,40536280
18908,40523788,40531929
18909,40523788,40531929
18910,40523788,40531929
18911,40523788,40531929
18912,40523788,40531929
18913,40523788,40531929
18914,40523788,40531929
18915,40523788,40531929
18916,40523788,40531929
18917,40523788,58699963
18918,40523788,62241359
18919,40523788,61611530
18920,40523788,64574539
18921,40523788,66111597
18922,40523788,62893186
18923,40523788,65714071
18924,40523788,65889597
18925,40523788,66783398
18926,40523788,66488021
18927,40523788,67233758
18928,40523788,70268471
18929,40523788,66834468
18930,40523788,66818835
18931,40523788,64955233
18932,40523788,66447864
18933,40523788,64812198
18934,40523788,67771913
18935,40523788,65912159
18936,40523788,66308401
18937,40523788,65861067
18938,40523788,66504211
18939,40523788,69385168
18940,40523788,70955363
18941,40523788,68635289
18942,40523788,67213731
18943,40523788,68669994
18944,40523788,69433719
18945,40523788,68846526
18946,40523788,68731483
18947,40523788,68106304
18948,40523788,69452115
18949,40523788,69197284
18950,40523788,68182637
18951,40523788,68310241
18952,40523788,71111939
18953,40523788,71950593
18954,40523788,69276858
18955,40523788,70339936
18956,40523788,69459037
18957,40523788,66378207
18958,40523788,67459462
18959,40523788,68669822
18960,40523788,67314308
18961,40523788,68357481
18962,40523788,67575538
18963,40523788,65391521
18964,40523788,65765670
18965,40523788,65669569
18966,40523788,69473905
18967,40523788,67467669
18968,40523788,68476606
18969,40523788,65964803
18970,40523788,65929295
18971,40523788,67965940
18972,40523788,69269303
18973,40523788,68407621
18974,40523788,68680611
18975,40523788,65275439
18976,40523788,65119856
18977,40523788,65489351
18978,40523788,67486050
18979,40523788,69040908
18980,40523788,69290133
18981,40523788,69862478
18982,40523788,70596422
18983,40523788,69938484
18984,40523788,69067659
18985,40523788,70671393
18986,40523788,68426911
18987,40523788,66282250
18988,40523788,66279945
18989,40523788,64110438
18990,40523788,65977038
18991,40523788,67646255
18992,40523788,69002483
18993,40523788,70675965
18994,40523788,67114934
18995,40523788,65780519
18996,40523788,63825154
18997,40523788,65283082
18998,40523788,64143467
18999,40523788,64580565
19000,40523788,65780011
19001,40523788,65032277
19002,40523788,65996931
19003,40523788,66974542
19004,40523788,68217189
19005,40523788,69457049
19006,40523788,66915298
19007,40523788,68710406
19008,40523788,66465900
19009,40523788,65658947
19010,40523788,68272796
19011,40523788,67411720
19012,40523788,69425705
19013,40523788,66231687
19014,40523788,67290527
19015,40523788,67996968
19016,40523788,66283235
19017,40523788,65844221
19018,40523788,65762706
19019,40523788,65765405
19020,40523788,66550610
19021,40523788,65692205
19022,40523788,66202758
19023,40523788,66765990
19024,40523788,68884682
19025,40523788,69289266
19026,40523788,67658310
19027,40523788,69528736
19028,40523788,66170976
19029,40523788,67701265
19030,40523788,67865281
19031,40523788,66038436
19032,40523788,67146800
19033,40523788,65742381
19034,40523788,68697439
19035,40523788,67887403
19036,40523788,68906876
19037,40523788,68946455
19038,40523788,69289879
19039,40523788,69828157
19040,40523788,66890484
19041,40523788,66566272
19042,40523788,66970639
19043,40523788,67767222
19044,40523788,67888025
19045,40523788,68338851
19046,40523788,69301281
19047,40523788,67385689
19048,40523788,69285483
19049,40523788,68180917
19050,40523788,65087409
19051,40523788,66409569
19052,40523788,68589775
19053,40523788,67977759
19054,40523788,67716633
19055,40523788,63692194
19056,40523788,65657761
19057,40523788,65348947
19058,40523788,65131784
19059,40523788,68951653
19060,40523788,68956596
19061,40523788,69540945
19062,40523788,71211583
19063,40523788,67918532
19064,40523788,67874034
19065,40523788,68201860
19066,40523788,67337112
19067,40523788,67680536
19068,40523788,67716312
19069,40523788,69087824
19070,40523788,68144841
19071,40523788,69120035
19072,40523788,69330751
19073,40523788,68564307
19074,40523788,71229943
19075,40523788,67820558
19076,40523788,66491341
19077,40523788,67844827
19078,40523788,67940908
19079,40523788,66867850
19080,40523788,67998881
19081,40523788,70041556
19082,40523788,68894361
19083,40523788,70686874
19084,40523788,69786173
19085,40523788,70474924
19086,40523788,70180551
19087,40523788,69032757
19088,40523788,68486880
19089,40523788,69229954
19090,40523788,70663413
19091,40523788,70725345
19092,40523788,69809909
19093,40523788,68208510
19094,40523788,67249169
19095,40523788,67351205
19096,40523788,67079215
19097,40523788,70940585
19098,40523788,71442306
19099,40523788,71662336
19100,40523788,72096042
19101,40523788,67811316
19102,40523788,66912072
19103,40523788,65981230
19104,40523788,67696816
19105,40523788,67582484
19106,40523788,67856408
19107,40523788,68519277
19108,40523788,69120147
19109,40523788,70460199
19110,40523788,69935111
19111,40523788,68612560
19112,40523788,69666522
19113,40523788,68863803
19114,40523788,65798515
19115,40523788,63616242
19116,40523788,65108542
19117,40523788,65801493
19118,40523788,64848333
19119,40523788,65891346
19120,40523788,65298386
19121,40523788,63327566
19122,40523788,64557572
19123,40523788,65549729
19124,40523788,64567781
19125,40523788,67436020
19126,40523788,67537968
19127,40523788,69245576
19128,40523788,66818510
19129,40523788,65335785
19130,40523788,66408811
19131,40523788,64222870
19132,40523788,65757232
19133,40523788,67100190
19134,40523788,69710815
19135,40523788,70043634
19136,40523788,67538918
19137,40523788,67515687
19138,40523788,67303809
19139,40523788,68482531
19140,40523788,65660178
19141,40523788,66562173
19142,40523788,66722032
19143,40523788,66355080
19144,40523788,65530874
19145,40523788,68765818
19146,40523788,67083458
19147,40523788,65296855
19148,40523788,63925227
19149,40523788,64540826
19150,40523788,65178275
19151,40523788,66491372
19152,40523788,67414844
19153,40523788,68865268
19154,40523788,67200796
19155,40523788,67894273
19156,40523788,66480852
19157,40523788,67100256
19158,40523788,69392249
19159,40523788,71264594
19160,40523788,69565670
19161,40523788,70644594
19162,40523788,70896520
19163,40523788,69483880
19164,40523788,70629416
19165,40523788,69695474
19166,40523788,71120560
19167,40523788,68535545
19168,40523788,70004934
19169,40523788,67456941
19170,40523788,66858096
19171,40523788,66851713
19172,40523788,66507642
19173,40523788,64452132
19174,40523788,67026733
19175,40523788,67847689
19176,40523788,64314402
19177,40523788,64686810
19178,40523788,66584869
19179,40523788,66574461
19180,40523788,65257348
19181,40523788,65715827
19182,40523788,65270679
19183,40523788,64957656
19184,40523788,66155707
19185,40523788,64947582
19186,40523788,65394255
19187,40523788,65654124
19188,40523788,63774082
19189,40523788,63926988
19190,40523788,64612401
19191,40523788,68127845
19192,40523788,68550893
19193,40523788,66036344
19194,40523788,65896714
19195,40523788,68197747
19196,40523788,66997767
19197,40523788,65626588
19198,40523788,66537233
19199,40523788,69061291
19200,40523788,66127930
19201,40523788,63668042
19202,40523788,64702161
19203,40523788,63666767
19204,40523788,63905481
19205,40523788,66663338
19206,40523788,64990569
19207,40523788,67981422
19208,40523788,67209484
19209,40523788,65717012
19210,40523788,66093585
19211,40523788,68630518
19212,40523788,65837937
19213,40523788,66782475
19214,40523788,66287324
19215,40523788,65930143
19216,40523788,67063926
19217,40523788,66833006
19218,40523788,65205986
19219,40523788,65877214
19220,40523788,66699798
19221,40523788,66461587
19222,40523788,65390718
19223,40523788,63193738
19224,40523788,65738377
19225,40523788,65873778
19226,40523788,66397133
19227,40523788,68339079
19228,40523788,66566177
19229,40523788,67793636
19230,40523788,69673241
19231,40523788,68219187
19232,40523788,69348018
19233,40523788,69250845
19234,40523788,67763726
19235,40523788,69502595
19236,40523788,68489036
19237,40523788,66031833
19238,40523788,66557109
19239,40523788,65127417
19240,40523788,67466132
19241,40523788,67628494
19242,40523788,66943352
19243,40523788,65416328
19244,40523788,65254236
19245,40523788,65927014
19246,40523788,64494299
19247,40523788,65250955
19248,40523788,64404669
19249,40523788,64770349
19250,40523788,65452199
19251,40523788,64798366
19252,40523788,64592204
19253,40523788,65375431
19254,40523788,67896376
19255,40523788,67369541
19256,40523788,68023454
19257,40523788,69643950
19258,40523788,69412643
19259,40523788,69899949
19260,40523788,68871753
19261,40523788,67502099
19262,40523788,65067819
19263,40523788,67130012
19264,40523788,65668336
19265,40523788,66955631
19266,40523788,67895879
19267,40523788,67395512
19268,40523788,67222805
19269,40523788,67700539
19270,40523788,65999457
19271,40523788,65490263
19272,40523788,64436356
19273,40523788,67310186
19274,40523788,64535221
19275,40523788,68550053
19276,40523788,69125484
19277,40523788,67890885
19278,40523788,68835115
19279,40523788,68162444
19280,40523788,66843611
19281,40523788,67814321
19282,40523788,68849109
19283,40523788,68307335
19284,40523788,68415537
19285,40523788,71101126
19286,40523788,71078805
19287,40523788,69679567
19288,40523788,68419431
19289,40523788,68993888
19290,40523788,67954219
19291,40523788,68171583
19292,40523788,66373353
19293,40523788,68329481
19294,40523788,67152864
19295,40523788,65102726
19296,40523788,64382742
19297,40523788,65705520
19298,40523788,67473013
19299,40523788,66175934
19300,40523788,67177367
19301,40523788,66689658
19302,40523788,69725667
19303,40523788,67526092
19304,40523788,67031255
19305,40523788,68148663
19306,40523788,69537354
19307,40523788,69033474
19308,40523788,65816211
19309,40523788,67666776
19310,40523788,64462017
19311,40523788,65662198
19312,40523788,66198558
19313,40523788,65399065
19314,40523788,64082170
19315,40523788,66627108
19316,40523788,64951517
19317,40523788,65951527
19318,40523788,40523788
19319,40523788,40523788
19320,40523788,40523788
19321,40523788,40523788
19322,40523788,40534464
19323,40523788,40534464
19324,40523788,40534464
19325,40523788,40534464
19326,40523788,40534464
19327,40523788,40534464
19328,40523788,40534464
19329,40523788,40534464
19330,40523788,40534464
19331,40523788,40534464
19332,40523788,40534464
19333,40523788,40534464
19334,40523788,40534464
19335,40523788,40534464
19336,40523788,40534464
19337,40523788,40534464
19338,40523788,40531673
19339,40523788,40531673
19340,40523788,40531673
19341,40523788,40531673
19342,40523788,40531673
19343,40523788,40531673
19344,40523788,40531673
19345,40523788,40531673
19346,40523788,40531673
19347,40523788,40531673
19348,40523788,40531673
19349,40523788,40531673
19350,40523788,40531673
19351,40523788,40531673
19352,40523788,40531673
19353,40523788,40531673
19354,40523788,40531673
19355,40523788,40531673
19356,40523788,40533879
19357,40523788,40533879
19358,40523788,40533879
19359,40523788,40533879
19360,40523788,40533879
19361,40523788,40533879
19362,40523788,40533879
19363,40523788,40529127
19364,40523788,40529127
19365,40523788,40529127
19366,40523788,40529127
19367,40523788,40529127
19368,40523788,40529127
19369,40523788,40529127
19370,40523788,40529127
19371,40523788,40529127
19372,40523788,40529127
19373,40523788,40529127
19374,40523788,40529127
19375,40523788,40529127
19376,40523788,40529127
19377,40523788,40529127
19378,40523788,40529127
19379,40523788,40529127
19380,40523788,40529127
19381,40523788,40529127
19382,40523788,40529127
19383,40523788,40529127
19384,40523788,40529127
19385,40523788,40529127
19386,40523788,40529127
19387,40523788,40529127
19388,40523788,40529127
19389,40523788,40529127
19390,40523788,40529127
19391,40523788,40529127
19392,40523788,40529127
19393,40523788,40526921
19394,40523788,40526921
19395,40523788,40526921
19396,40523788,40526921
19397,40523788,40526921
19398,40523788,40526921
19399,40523788,40526921
19400,40523788,40526921
19401,40523788,40526921
19402,40523788,40526921
19403,40523788,40526921
19404,40523788,40526921
19405,40523788,40526921
19406,40523788,40526921
19407,40523788,40526921
19408,40523788,40526921
19409,40523788,40526921
19410,40523788,40526921
19411,40523788,40526921
19412,40523788,40526921
19413,40523788,40526921
19414,40523788,40526921
19415,40523788,40526921
19416,40523788,40526922
19417,40523788,40526922
19418,40523788,40526922
19419,40523788,40526922
19420,40523788,40526922
19421,40523788,40526922
19422,40523788,40526922
19423,40523788,40526922
19424,40523788,40526922
19425,40523788,40526922
19426,40523788,40526922
19427,40523788,40526922
19428,40523788,40526922
19429,40523788,40526922
19430,40523788,40526922
19431,40523788,40526922
19432,40523788,40526922
19433,40523788,40526922
19434,40523788,40526922
19435,40523788,40526922
19436,40523788,40526922
19437,40523788,40526922
19438,40523788,40526922
19439,40523788,40526922
19440,40523788,40526922
19441,40523788,40526922
19442,40523788,40526922
19443,40523788,40526922
19444,40523788,40526922
19445,40523788,40526922
19446,40523788,40526922
19447,40523788,40526922
19448,40523788,40526922
19449,40523788,40526922
19450,40523788,40526922
19451,40523788,40526922
19452,40523788,40526922
19453,40523788,40526922
19454,40523788,40526922
19455,40523788,40526922
19456,40523788,40526922
19457,40523788,40526922
19458,40523788,40526922
19459,40523788,40526922
19460,40523788,40526922
19461,40523788,40526922
19462,40523788,40526922
19463,40523788,40526922
19464,40523788,40526922
19465,40523788,40526922
19466,40523788,40526922
19467,40523788,40526922
19468,40523788,40526922
19469,40523788,40535938
19470,40523788,40535938
19471,40523788,40535938
19472,40523788,40535938
19473,40523788,40535938
19474,40523788,40535938
19475,40523788,40535938
19476,40523788,40535938
19477,40523788,40535938
19478,40523788,40535937
19479,40523788,40535937
19480,40523788,40535937
19481,40523788,40535937
19482,40523788,40535937
19483,40523788,40535937
19484,40523788,40535937
19485,40523788,40535937
19486,40523788,40535937
19487,40523788,40535937
19488,40523788,40535937
19489,40523788,40535937
19490,40523788,40535937
19491,40523788,40535937
19492,40449273,40449273
19493,40449273,40449273
19494,40449273,40449273
19495,40447663,40447663
19496,40447663,40447663
19497,40447663,40447663
19498,40447663,40447663
19499,40447663,40447663
19500,40447663,40447663
19501,40447663,40447663
19502,40447663,40447663
19503,40447663,40447663
19504,40447663,40447663
19505,40447663,40447663
19506,40447663,40447663
19507,40447663,40447663
19508,40447663,40447663
19509,40447663,40447663
19510,40447663,40447663
19511,40447663,40447663
19512,40447663,40447663
19513,40447663,40447663
19514,40447663,40447663
19515,40447663,40447663
19516,40441419,40441419
19517,40441419,40441419
19518,40441419,40441419
19519,40441419,40441419
19520,40441419,40441419
19521,40441419,40441419
19522,40441419,40441419
19523,40441419,40441419
19524,40441419,40441419
19525,40441419,40441419
19526,40441419,40441419
19527,40441419,40452578
19528,40441419,40444354
19529,40441419,40444354
19530,40441419,40444354
19531,40441419,40444354
19532,40441419,40444354
19533,40441419,40444354
19534,40441419,40444354
19535,40441419,40444354
19536,40441419,40444354
19537,40441419,40444354
19538,40441419,40444354
19539,40441419,40444354
19540,40441419,40444354
19541,40441419,40444354
19542,40441419,40444354
19543,40441419,40444354
19544,40441419,40444354
19545,40441419,40444354
19546,40441419,40444354
19547,40441419,40444354
19548,40441419,40444354
19549,40441419,40444354
19550,40441419,40444354
19551,40437761,40437761
19552,40437761,40437761
19553,40437761,40437761
19554,40437761,40437761
19555,40437761,40437761
19556,40437761,40437761
19557,40437761,40437761
19558,40437761,40437761
19559,40437761,40437761
19560,40437761,40437761
19561,40437761,40437761
19562,40437761,40437761
19563,40437761,40437761
19564,40437761,40437761
19565,40437761,40437761
19566,40437761,40437761
19567,40437761,40437761
19568,40437761,40437761
19569,40437761,40437761
19570,40437761,40437761
19571,40437761,40437761
19572,40437761,40437761
19573,40437761,40437761
19574,40437761,40437761
19575,40437761,40437761
19576,40437761,40437761
19577,40437761,40437761
19578,40437761,40437761
19579,40437761,40437761
19580,40437761,40437761
19581,40437761,40437761
19582,40437761,40437761
19583,40437761,40437761
19584,40437761,40437761
19585,40437761,40437761
19586,40437761,40437761
19587,40437761,40437761
19588,40437761,40437761
19589,40437761,40437761
19590,40437761,40437761
19591,40437761,40437761
19592,40437761,40437761
19593,40437761,40437761
19594,40437761,40437761
19595,40437761,40437761
19596,40437761,40437761
19597,40437761,40437761
19598,40437761,40437761
19599,40437761,40437761
19600,40437761,40437761
19601,40437761,40437761
19602,40437761,40437761
19603,40437761,40437761
19604,40437761,40437761
19605,40437761,40437761
19606,40437761,40437761
19607,40437761,40437761
19608,40437761,40437761
19609,40437761,40437761
19610,40437761,40437761
19611,40437761,40437761
19612,40437761,40437761
19613,40437761,40437761
19614,40437761,40437761
19615,40437761,40437761
19616,40437761,40437761
19617,40437761,40437761
19618,40437761,40437761
19619,40437761,40437761
19620,40437761,40437761
19621,40437761,40437761
19622,40437761,40437761
19623,40437761,40437761
19624,40437761,40437761
19625,40437761,40437761
19626,40437761,40437761
19627,40437761,40437761
19628,40437761,40437761
19629,40437761,40437761
19630,40437761,40437761
19631,40437761,40437761
19632,40437761,40437761
19633,40437761,40437761
19634,40437761,40437761
19635,40437761,40437761
19636,40437761,40437761
19637,40437761,40437761
19638,40437761,40437761
19639,40437761,40437761
19640,40437761,40437761
19641,40437761,40437761
19642,40437761,40437761
19643,40437761,40437761
19644,40437761,40437761
19645,40437761,40437761
19646,40437761,40437761
19647,40437761,40437761
19648,40437761,40437761
19649,40437761,40437761
19650,40437761,40437761
19651,40437761,40437761
19652,40437761,40437761
19653,40437761,40437761
19654,40437761,40437761
19655,40437761,40437761
19656,40437761,40437761
19657,40437761,40437761
19658,40437761,40437761
19659,40437761,40437761
19660,40437761,40437761
19661,40437761,40437761
19662,40437761,40437761
19663,40437761,40437761
19664,40437761,40437761
19665,40437761,40437761
19666,40437761,40437761
19667,40437761,40437761
19668,40437761,40437761
19669,40437761,40437761
19670,40437761,40437761
19671,40437761,40437761
19672,40437761,40437761
19673,40437761,40437761
19674,40437761,40437761
19675,40437761,40437761
19676,40437761,40437761
19677,40437761,40437761
19678,40437761,40437761
19679,40437761,40437761
19680,40437761,40437761
19681,40437710,40437710
19682,40437710,40437710
19683,40437710,40437710
19684,40437710,40437710
19685,40437710,40437710
19686,40437710,40437710
19687,40437710,40437710
19688,40437710,40437710
19689,40437710,40437710
19690,40437710,40437710
19691,40437710,40437710
19692,40437710,40437710
19693,40437710,40437710
19694,40437710,40437710
19695,40437710,40437710
19696,40437710,40437710
19697,40437710,40437710
19698,40437710,40437710
19699,40437710,40437710
19700,40437710,40437710
19701,40437710,40437710
19702,40437710,40437710
19703,40437710,40437710
19704,40437710,40437710
19705,40437710,40437710
19706,40437710,40437710
19707,40436688,40436688
19708,40436688,40436688
19709,40436688,40436688
19710,40436688,40436688
19711,40436688,40436688
19712,40436688,40436688
19713,40436688,40436688
19714,40436688,40436688
19715,40436688,40436688
19716,40436688,40436688
19717,40436688,40436688
19718,40436688,40436688
19719,40436688,40436688
19720,40436688,40436688
19721,40436688,40436688
19722,40436688,40436688
19723,40436688,40436688
19724,40436688,40436688
19725,40436688,40436688
19726,40436688,40436688
19727,40436688,40436688
19728,40436688,40436688
19729,40436688,40436688
19730,40436688,40436688
19731,40436688,40436688
19732,40436688,40436688
19733,40436688,40436688
19734,40436688,40436688
19735,40436688,40436688
19736,40436688,40436688
19737,40436688,40436688
19738,40436688,40436688
19739,40436688,40436688
19740,40436688,40436688
19741,40413139,40413139
19742,40413139,40413139
19743,40413139,40413139
19744,40413139,40413139
19745,40413139,40413139
19746,40413139,40413139
19747,40413139,40413139
19748,40413139,40413139
19749,40413139,40413139
19750,40413139,40413139
19751,40413139,40413139
19752,40413139,40413139
19753,40413139,40413139
19754,40413139,40413139
19755,40413139,40413139
19756,40413139,40413139
19757,40413139,40413139
19758,40413139,40413139
19759,40413139,40413139
19760,40413139,40413139
19761,40413139,40413139
19762,40413139,40413139
19763,40413139,40413139
19764,40413139,40413139
19765,40413139,40413139
19766,40413139,40413139
19767,40413139,40413139
19768,40413139,40413139
19769,40413139,40413139
19770,40413139,40413139
19771,40413139,40413139
19772,40413139,40413139
19773,40413139,40413139
19774,40413139,40413139
19775,40413139,40413139
19776,40413139,40413139
19777,40413139,40413139
19778,40413139,40413139
19779,40413139,40413139
19780,40413139,40413139
19781,40413139,40413139
19782,40413139,40413139
19783,40413139,40413139
19784,40413139,40413139
19785,40413139,40413139
19786,40413139,40413139
19787,40413139,40413139
19788,40413139,40413139
19789,40413139,40413139
19790,40413139,40413139
19791,40413139,40413139
19792,40413139,40413139
19793,40413139,40413139
19794,40413139,40413139
19795,40413139,40413139
19796,40413139,40413139
19797,40413139,40413139
19798,40413139,40413139
19799,40413139,40413139
19800,40413139,40413139
19801,40347185,40347185
19802,40347185,40347185
19803,40347185,40347185
19804,40347185,40347185
19805,40347185,40347185
19806,40347185,40347185
19807,40347185,40347185
19808,40347185,40347185
19809,40347185,40347185
19810,40347185,40347185
19811,40347185,40347185
19812,40347185,40347185
19813,40347185,40347185
19814,40347185,40347185
19815,40347185,40347185
19816,40347185,40347185
19817,40347185,40347185
19818,40347185,40347185
19819,40347185,40347185
19820,40347185,40347185
19821,40347185,40347185
19822,40347185,40347185
19823,40347185,40347185
19824,40347185,40347185
19825,40347185,40347185
19826,40347185,40347185
19827,40347185,40347185
19828,40347185,40347185
19829,40347185,40347185
19830,40347185,40347185
19831,40347185,40347185
19832,40347185,40347185
19833,40347185,40347185
19834,40347185,40347185
19835,40347185,40347185
19836,40347185,40347185
19837,40347185,40347185
19838,40347185,40347185
19839,40347185,40347185
19840,40347185,40347185
19841,40347185,40347185
19842,40347185,40347185
19843,40347185,40347185
19844,40347185,40347185
19845,40347185,40347185
19846,40347185,40347185
19847,40347185,40347185
19848,40347185,40347185
19849,40347185,40347185
19850,40347185,40347185
19851,40347185,40347185
19852,40347185,40347185
19853,40347185,40347185
19854,40347185,40347185
19855,40347185,40347185
19856,40347185,40347185
19857,40347185,40347185
19858,40347185,40347185
19859,40347185,40347185
19860,40309520,40309520
19861,40309520,40309520
19862,40309520,40309520
19863,40309520,40309520
19864,40309520,40309520
19865,40309520,40309520
19866,40309520,40309520
19867,40309520,40309520
19868,40309520,40309520
19869,40309520,40309520
19870,40309520,40309520
19871,40309520,40309520
19872,40309520,40309520
19873,40309520,40309520
19874,40309520,40309520
19875,40309520,40309520
19876,40309520,40309520
19877,40309520,40309520
19878,40309520,40309520
19879,40309520,40309520
19880,40309520,40309520
19881,40309520,40309520
19882,40309520,40309520
19883,40309520,40309520
19884,40309520,40309520
19885,40309520,40309520
19886,40309520,40309520
19887,40309520,40309520
19888,40309520,40309520
19889,40309520,40309520
19890,40309520,40309520
19891,40308571,40308571
19892,40308571,40308571
19893,40308571,40308571
19894,40308571,40308571
19895,40308571,40308571
19896,40308571,40308571
19897,40308571,40308571
19898,40308571,40308571
19899,40308571,40308571
19900,40308553,40308553
19901,40308553,40308553
19902,40308553,40308553
19903,40308553,40308553
19904,40308553,40308553
19905,40308553,40308553
19906,40308553,40308553
19907,40308553,40308553
19908,40308553,40308553
19909,40308553,40308553
19910,40308553,40308553
19911,40308553,40308553
19912,40308553,40308553
19913,40308553,40308553
19914,40308553,40308553
19915,40308553,40308553
19916,40308553,40308553
19917,40308553,40308553
19918,40308553,40308553
19919,40308553,40308553
19920,40308553,40308553
19921,40308553,40308553
19922,40308553,40308553
19923,40308553,40308553
19924,40308553,40308553
19925,40308553,40308553
19926,40308553,40308553
19927,40308553,40308553
19928,40308553,40308553
19929,40308553,40308553
19930,40308553,40308553
19931,40308553,40308553
19932,40308553,40308553
19933,40308553,40308553
19934,40308553,40308553
19935,40308553,40308553
19936,40308553,40308553
19937,40308553,40308553
19938,40308553,40308553
19939,40308553,40308553
19940,40308553,40308553
19941,40308553,40308553
19942,40308553,40308553
19943,40308553,40308553
19944,40308553,40308553
19945,40308553,40308553
19946,40308553,40308553
19947,40308553,40308553
19948,40308553,40308553
19949,40308553,40308553
19950,40308553,40308553
19951,40308553,40308553
19952,40308553,40308553
19953,40308553,40308553
19954,40308553,40308553
19955,40308553,40308553
19956,40308553,40308553
19957,40308553,40308553
19958,40308553,40308553
19959,40308553,40308553
19960,40308553,40308553
19961,40308553,40308553
19962,40308553,40308553
19963,40308553,40308553
19964,40308553,40308553
19965,40308553,40308553
19966,40308553,40308553
19967,40308553,40308553
19968,40308553,40308553
19969,40308553,40308553
19970,40308553,40308553
19971,40308553,40308553
19972,40308553,40308553
19973,40308553,40308553
19974,40308553,40308553
19975,40308553,40308553
19976,40308553,40308553
19977,40308553,40308553
19978,40308553,40308553
19979,40308553,40308553
19980,40308553,40308553
19981,40308553,40308553
19982,40308553,40308553
19983,40308553,40308553
19984,40308553,40308553
19985,40308553,40308553
19986,40308553,40308553
19987,40308553,40308553
19988,40308553,40308553
19989,40308553,40308553
19990,40308553,40308553
19991,40308553,40308553
19992,40308553,40308553
19993,40308553,40308553
19994,40308553,40308553
19995,40308553,40308553
19996,40308553,40308553
19997,40308553,40308553
19998,40308553,40308553
19999,40308553,40308553
20000,40308553,40308553
20001,40308553,40308553
20002,40308553,40308553
20003,40308553,40308553
20004,40308553,40308553
20005,40308553,40308553
20006,40308553,40308553
20007,40308553,40308553
20008,40308553,40308553
20009,40308553,40308553
20010,40308553,40308553
20011,40308553,40308553
20012,40308553,40308553
20013,40308553,40308553
20014,40308553,40308553
20015,40308553,40308553
20016,40308553,40308553
20017,40308553,40308553
20018,40308553,40308553
20019,40308553,40308553
20020,40308553,40308553
20021,40308553,40308553
20022,40308553,40308553
20023,40308553,40308553
20024,40308553,40308553
20025,40308553,40308553
20026,40308553,40308553
20027,40308553,40308553
20028,40308553,40308553
20029,40308553,40308553
20030,40308553,40308553
20031,40308553,40308553
20032,40308553,40308553
20033,40308553,40308553
20034,40308553,40308553
20035,40308553,40308553
20036,40308553,40308553
20037,40308553,40308553
20038,40308553,40308553
20039,40308553,40308553
20040,40308553,40308553
20041,40308553,40308553
20042,40308553,40308553
20043,40308553,40308553
20044,40308553,40308553
20045,40308553,40308553
20046,40308553,40308553
20047,40308553,40308553
20048,40308553,40308553
20049,40308553,40308553
20050,40308553,40308553
20051,40308553,40308553
20052,40308553,40308553
20053,40308553,40308553
20054,40308553,40308553
20055,40308553,40308553
20056,40308553,40308553
20057,40308553,40308553
20058,40308553,40308553
20059,40308553,40308553
20060,40308553,40308553
20061,40308553,40308553
20062,40308553,40308553
20063,40308553,40308553
20064,40308553,40308553
20065,40308553,40308553
20066,40308553,40308553
20067,40308553,40308553
20068,40308553,40308553
20069,40308553,40308553
20070,40308553,40308553
20071,40308553,40308553
20072,40308553,40308553
20073,40308553,40308553
20074,40308553,40308553
20075,40308553,40308553
20076,40308553,40308553
20077,40308553,40308553
20078,40308553,40308553
20079,40308553,40308553
20080,40308553,40308553
20081,40308553,40308553
20082,40308553,40308553
20083,40308553,40308553
20084,40308553,40308553
20085,40308553,40308553
20086,40308553,40308553
20087,40308553,40308553
20088,40308553,40308553
20089,40308553,40308553
20090,40308553,40308553
20091,40308553,40308553
20092,40308553,40308553
20093,40308553,40308553
20094,40308553,40308553
20095,40308553,40308553
20096,40308553,40308553
20097,40308553,40308553
20098,40308553,40308553
20099,40308553,40308553
20100,40308553,57551558
20101,40308553,63064111
20102,40308553,64372544
20103,40308553,65277766
20104,40308553,65258538
20105,40308553,64781768
20106,40308553,66019198
20107,40308553,65947301
20108,40308553,65089798
20109,40308553,65630329
20110,40308553,66409261
20111,40308553,65836974
20112,40308553,65705888
20113,40308553,62761100
20114,40308553,64950529
20115,40308553,66134602
20116,40308553,68976913
20117,40308553,68073599
20118,40308553,66480893
20119,40308553,70107344
20120,40308553,67970732
20121,40308553,71104419
20122,40308553,69402425
20123,40308553,67651437
20124,40308553,68533903
20125,40308553,66445713
20126,40308553,66744427
20127,40308553,67234558
20128,40308553,66984076
20129,40308553,68035145
20130,40308553,68545203
20131,40308553,70000193
20132,40308553,72923829
20133,40308553,70728880
20134,40308553,70414525
20135,40308553,69967425
20136,40308553,70771305
20137,40308553,69460741
20138,40308553,69126318
20139,40308553,67992344
20140,40308553,69189176
20141,40308553,69625237
20142,40308553,71226550
20143,40308553,69574395
20144,40308553,69622296
20145,40308553,69920294
20146,40308553,68322134
20147,40308553,68915844
20148,40308553,68860493
20149,40308553,68001082
20150,40308553,69472211
20151,40308553,66793688
20152,40308553,66843932
20153,40308553,68356415
20154,40308553,67080180
20155,40308553,67407446
20156,40308553,64255628
20157,40308553,65880198
20158,40308553,66861230
20159,40308553,65742623
20160,40308553,66773631
20161,40308553,67506240
20162,40308553,66952102
20163,40308553,67446300
20164,40308553,64183702
20165,40308553,67278537
20166,40308553,68478745
20167,40308553,67855458
20168,40308553,68422174
20169,40308553,70442782
20170,40308553,68902566
20171,40308553,66712574
20172,40308553,67332578
20173,40308553,67711192
20174,40308553,65811368
20175,40308553,65769652
20176,40308553,65537460
20177,40308553,64911407
20178,40308553,65547048
20179,40308553,68106693
20180,40308553,65283897
20181,40308553,68485532
20182,40308553,69346538
20183,40308553,67959142
20184,40308553,70329682
20185,40308553,69262325
20186,40308553,68776598
20187,40308553,66991100
20188,40308553,69023527
20189,40308553,67816530
20190,40308553,66526100
20191,40308553,68199226
20192,40308553,68127556
20193,40308553,69734705
20194,40308553,68213161
20195,40308553,65855971
20196,40308553,66313386
20197,40308553,65077093
20198,40308553,65312716
20199,40308553,66103879
20200,40308553,65283171
20201,40308553,64521861
20202,40308553,65259158
20203,40308553,65811532
20204,40308553,65825838
20205,40308553,67309573
20206,40308553,67608954
20207,40308553,65601866
20208,40308553,67824901
20209,40308553,65312725
20210,40308553,67183647
20211,40308553,68445193
20212,40308553,66888266
20213,40308553,66813754
20214,40308553,65757192
20215,40308553,65270845
20216,40308553,64748810
20217,40308553,66550403
20218,40308553,67143861
20219,40308553,66416258
20220,40308553,64964454
20221,40308553,66395914
20222,40308553,68292996
20223,40308553,68352805
20224,40308553,70254978
20225,40308553,69707393
20226,40308553,68721817
20227,40308553,67806489
20228,40308553,67678049
20229,40308553,68089723
20230,40308553,66731758
20231,40308553,67696883
20232,40308553,68576922
20233,40308553,66599227
20234,40308553,66018562
20235,40308553,66162045
20236,40308553,67215147
20237,40308553,66401515
20238,40308553,65010137
20239,40308553,67763938
20240,40308553,64992944
20241,40308553,65272724
20242,40308553,64823236
20243,40308553,66111036
20244,40308553,67558487
20245,40308553,67707083
20246,40308553,68529468
20247,40308553,67303851
20248,40308553,68260696
20249,40308553,66752110
20250,40308553,68930122
20251,40308553,67691093
20252,40308553,67372030
20253,40308553,67571419
20254,40308553,68369546
20255,40308553,67145869
20256,40308553,67467215
20257,40308553,66559445
20258,40308553,69415471
20259,40308553,69952721
20260,40308553,70394585
20261,40308553,69415059
20262,40308553,69675110
20263,40308553,69177349
20264,40308553,66309507
20265,40308553,64586251
20266,40308553,65739372
20267,40308553,66114211
20268,40308553,65836460
20269,40308553,68503905
20270,40308553,66521093
20271,40308553,66052388
20272,40308553,67233046
20273,40308553,66012384
20274,40308553,68478775
20275,40308553,67575388
20276,40308553,66542434
20277,40308553,67938359
20278,40308553,66916360
20279,40308553,68580124
20280,40308553,65976845
20281,40308553,66144683
20282,40308553,66992665
20283,40308553,70253668
20284,40308553,69228519
20285,40308553,69179106
20286,40308553,68762534
20287,40308553,68222380
20288,40308553,66979431
20289,40308553,66960432
20290,40308553,67611819
20291,40308553,70027421
20292,40308553,68863129
20293,40308553,70157072
20294,40308553,66509529
20295,40308553,68649297
20296,40308553,68922301
20297,40308553,68475622
20298,40308553,71204813
20299,40308553,70586385
20300,40308553,69277686
20301,40308553,69487825
20302,40308553,68049728
20303,40308553,65020567
20304,40308553,65280417
20305,40308553,67985510
20306,40308553,66810949
20307,40308553,67012033
20308,40308553,68182093
20309,40308553,67011409
20310,40308553,66680211
20311,40308553,66535570
20312,40308553,65079622
20313,40308553,66900335
20314,40308553,63369071
20315,40308553,63259903
20316,40308553,65583928
20317,40308553,65489493
20318,40308553,65988257
20319,40308553,67043303
20320,40308553,66658905
20321,40308553,67236353
20322,40308553,63670766
20323,40308553,64096871
20324,40308553,65596973
20325,40308553,65360770
20326,40308553,65168658
20327,40308553,67758807
20328,40308553,66668752
20329,40308553,68887615
20330,40308553,67211322
20331,40308553,67315093
20332,40308553,65847489
20333,40308553,67081932
20334,40308553,67557503
20335,40308553,64971449
20336,40308553,64417752
20337,40308553,64989028
20338,40308553,69602028
20339,40308553,67319662
20340,40308553,67098494
20341,40308553,69073826
20342,40308553,69122129
20343,40308553,66775782
20344,40308553,66649057
20345,40308553,67042451
20346,40308553,67796031
20347,40308553,69217135
20348,40308553,67924160
20349,40308553,68079615
20350,40308553,68172577
20351,40308553,68172516
20352,40308553,67689217
20353,40308553,67629487
20354,40308553,67543778
20355,40308553,67384066
20356,40308553,67552813
20357,40308553,69024849
20358,40308553,66019091
20359,40308553,67255829
20360,40308553,68102941
20361,40308553,69396748
20362,40308553,69127576
20363,40308553,68611904
20364,40308553,70029803
20365,40308553,70551652
20366,40308553,69681764
20367,40308553,70898287
20368,40308553,67061501
20369,40308553,67969768
20370,40308553,65669135
20371,40308553,65183737
20372,40308553,67376768
20373,40308553,68857913
20374,40308553,68173656
20375,40308553,66514127
20376,40308553,67428019
20377,40308553,68917825
20378,40308553,67930731
20379,40308553,67682687
20380,40308553,66957562
20381,40308553,67223485
20382,40308553,67352075
20383,40308553,67382489
20384,40308553,71620567
20385,40308553,72248434
20386,40308553,69947238
20387,40308553,71415061
20388,40308553,70091173
20389,40308553,67899598
20390,40308553,66974938
20391,40308553,68767807
20392,40308553,69231824
20393,40308553,69731824
20394,40308553,67928244
20395,40308553,67370977
20396,40308553,65749796
20397,40308553,64447852
20398,40308553,66491374
20399,40308553,69230379
20400,40308553,69257703
20401,40308553,67955071
20402,40308553,68003067
20403,40308553,67062272
20404,40308553,66398395
20405,40308553,67694970
20406,40308553,67204894
20407,40308553,68611798
20408,40308553,67451252
20409,40308553,67944538
20410,40308553,68572460
20411,40308553,69190014
20412,40308553,70145794
20413,40308553,66612103
20414,40308553,66494727
20415,40308553,65208853
20416,40308553,63705308
20417,40308553,64507923
20418,40308553,68069010
20419,40308553,67747432
20420,40308553,69660011
20421,40308553,70076706
20422,40308553,68603009
20423,40308553,67576911
20424,40308553,68000326
20425,40308553,67834564
20426,40308553,65921073
20427,40308553,69078418
20428,40308553,69671009
20429,40308553,69430711
20430,40308553,70549135
20431,40308553,69629125
20432,40308553,68240153
20433,40308553,68346803
20434,40308553,68730931
20435,40308553,69092448
20436,40308553,70042058
20437,40308553,67808028
20438,40308553,66867584
20439,40308553,68462072
20440,40308553,66424122
20441,40308553,65984396
20442,40308553,67582264
20443,40308553,67830364
20444,40308553,68712521
20445,40308553,65650758
20446,40308553,66475037
20447,40308553,65458811
20448,40308553,68404364
20449,40308553,67419583
20450,40308553,68127230
20451,40308553,67707025
20452,40308553,68381171
20453,40308553,65340368
20454,40308553,66835533
20455,40308553,69309989
20456,40308553,68045670
20457,40308553,68981994
20458,40308553,68271834
20459,40308553,69831723
20460,40308553,67621992
20461,40308553,65991829
20462,40308553,68453670
20463,40308553,68499563
20464,40308553,68433471
20465,40308553,68894934
20466,40308553,69448641
20467,40308553,69085393
20468,40308553,68961400
20469,40308553,69961103
20470,40308553,70101329
20471,40308553,67390580
20472,40308553,69655345
20473,40308553,70352527
20474,40308553,69397025
20475,40308553,70094664
20476,40308553,69353859
20477,40308553,69639013
20478,40308553,68582568
20479,40308553,67962358
20480,40308553,67418755
20481,40308553,65231964
20482,40308553,67605818
20483,40308553,66617045
20484,40308553,66575953
20485,40308553,65955942
20486,40308553,65424123
20487,40308553,65259268
20488,40308553,64708192
20489,40308553,65232227
20490,40308553,64382081
20491,40308553,68017879
20492,40308553,66898096
20493,40308553,65090615
20494,40308553,66070790
20495,40308553,65089514
20496,40308553,66156734
20497,40308553,66753729
20498,40308553,65918332
20499,40308553,65219096
20500,40308553,62571162
20501,40308553,40308553
20502,40308553,40308553
20503,40308553,40308553
20504,40308553,40308553
20505,40308553,40308553
20506,40308553,40308553
20507,40308553,40308553
20508,40308553,40308553
20509,40308553,40308553
20510,40308553,40308553
20511,40308553,40308553
20512,40308553,40308553
20513,40308553,40308553
20514,40308553,40308553
20515,40308553,40308553
20516,40308553,40308553
20517,40308553,40308553
20518,40308553,40308553
20519,40308553,40308553
20520,40308553,40308553
20521,40308553,40308553
20522,40308553,40308553
20523,40308553,40308553
20524,40308553,40308553
20525,40308553,40308553
20526,40308553,40308553
20527,40308553,40308553
20528,40308553,40308553
20529,40308553,40308553
20530,40306481,40306481
20531,40306481,40306481
20532,40306481,40306481
20533,40306481,40306481
20534,40306481,40306481
20535,40306481,40306481
20536,40306481,40306481
20537,40306481,40306481
20538,40306481,40306481
20539,40306481,40306481
20540,40306481,40306481
20541,40306481,40306481
20542,40306481,40306481
20543,40306481,40306481
20544,40306481,40306481
20545,40306481,40306481
20546,40306481,40306481
20547,40306481,40306481
20548,40306481,40306481
20549,40306481,40306481
20550,40306481,40306481
20551,40306481,40306481
20552,40306481,40306481
20553,40306481,40306481
20554,40306481,40306481
20555,40306481,40306481
20556,40306481,40306481
20557,40306481,40306481
20558,40306481,40306481
20559,40306481,40306481
20560,40306481,40306481
20561,40306481,40306481
20562,40306481,40306481
20563,40306481,40306481
20564,40306481,40306481
20565,40306481,40306481
20566,40306481,40306481
20567,40306481,40306481
20568,40306481,40306481
20569,40306481,40306481
20570,40306481,40306481
20571,40306481,40306481
20572,40306481,40306481
20573,40306481,40306481
20574,40306481,40306481
20575,40306481,40306481
20576,40306481,40306481
20577,40306481,40306481
20578,40306481,40306481
20579,40306481,40306481
20580,40306481,40306481
20581,40306481,40306481
20582,40306481,40306481
20583,40306481,40306481
20584,40306481,40306481
20585,40306481,40306481
20586,40306481,40306481
20587,40306481,40306481
20588,40306481,40306481
20589,40306481,40306481
20590,40306481,40306481
20591,40306481,40306481
20592,40306481,40306481
20593,40306481,40310831
20594,40306481,40310831
20595,40306481,40310831
20596,40306481,40310831
20597,40306481,40310831
20598,40306481,40310831
20599,40306481,40310831
20600,40306481,40310831
20601,40306481,40310831
20602,40306481,40310831
20603,40306481,40310831
20604,40306481,40310831
20605,40306481,40310831
20606,40306481,40310831
20607,40306481,40310831
20608,40306481,40310831
20609,40306481,40310831
20610,40306481,40310831
20611,40306481,40310831
20612,40306481,40310831
20613,40306481,40310831
20614,40306481,40310831
20615,40306481,40310831
20616,40306481,40310831
20617,40306481,40310831
20618,40306481,40310831
20619,40306481,40310831
20620,40306481,40310831
20621,40306481,40310831
20622,40306481,40310831
20623,40306481,40310831
20624,40306481,40310831
20625,40306481,40310831
20626,40306481,40310831
20627,40306481,40310831
20628,40306481,40310831
20629,40306481,40310831
20630,40306481,40310831
20631,40306481,40310831
20632,40306481,40310831
20633,40306481,40310831
20634,40306481,40310831
20635,40306481,40310831
20636,40306481,40310831
20637,40306481,40310831
20638,40306481,40310831
20639,40306481,40310831
20640,40306481,40310831
20641,40306481,40310831
20642,40306481,40310831
20643,40306481,40310831
20644,40306481,40310831
20645,40306481,40310831
20646,40306481,40310831
20647,40306481,40310831
20648,40306481,40310831
20649,40306481,40310831
20650,40306481,40310831
20651,40306481,40310831
20652,40306481,40310831
20653,40306481,40310831
20654,40306481,40310831
20655,40306481,40310831
20656,40306481,40310831
20657,40306481,40310831
20658,40306481,40310831
20659,40306481,40310831
20660,40306481,40310831
20661,40306481,40310831
20662,40306481,40310831
20663,40306481,40310831
20664,40306481,40310831
20665,40306481,40310831
20666,40306481,40310831
20667,40306481,40310831
20668,40306481,40310831
20669,40306481,40310831
20670,40306481,40310831
20671,40306481,40310831
20672,40306481,40310831
20673,40306481,40310831
20674,40306481,40310831
20675,40306481,40310831
20676,40306481,40310831
20677,40306481,40310831
20678,40306481,40310831
20679,40306481,40310831
20680,40306481,40310831
20681,40306481,40310831
20682,40306481,40310831
20683,40306481,40310831
20684,40306481,40310831
20685,40306481,40310831
20686,40306481,40310831
20687,40306481,40310831
20688,40306481,40310831
20689,40306481,40310831
20690,40306481,40310831
20691,40306481,40310831
20692,40306481,40310831
20693,40306481,40310831
20694,40306481,40310831
20695,40306481,40310831
20696,40306481,40310831
20697,40306481,40310831
20698,40306481,40310831
20699,40306481,40310831
20700,40306481,40310831
20701,40306481,40308515
20702,40306481,40308515
20703,40306481,40308515
20704,40306481,40308515
20705,40306481,40308515
20706,40306481,40308515
20707,40306481,40308515
20708,40306481,40308515
20709,40306481,40308515
20710,40306481,40308515
20711,40306481,40308515
20712,40306481,40308515
20713,40306481,40308515
20714,40306481,40308515
20715,40306481,40308515
20716,40306481,40308515
20717,40306481,40308515
20718,40306481,40308515
20719,40306481,40308515
20720,40306481,40308515
20721,40306481,40308515
20722,40306481,40308515
20723,40306481,40308515
20724,40306481,40308515
20725,40306481,40308515
20726,40306481,40308515
20727,40306481,40308515
20728,40306481,40308515
20729,40306481,40308515
20730,40306481,58983036
20731,40306481,61847867
20732,40306481,63800416
20733,40306481,65768388
20734,40306481,66652725
20735,40306481,67666074
20736,40306481,70283281
20737,40306481,69191783
20738,40306481,67665731
20739,40306481,68741993
20740,40306481,67779438
20741,40306481,65592953
20742,40306481,66204856
20743,40306481,67924390
20744,40306481,69777685
20745,40306481,70147972
20746,40306481,69451885
20747,40306481,67839889
20748,40306481,69905060
20749,40306481,69598043
20750,40306481,69295027
20751,40306481,67207438
20752,40306481,65605899
20753,40306481,67136549
20754,40306481,66357824
20755,40306481,66841559
20756,40306481,68367508
20757,40306481,66634333
20758,40306481,68313135
20759,40306481,69484200
20760,40306481,69402552
20761,40306481,65735983
20762,40306481,67163077
20763,40306481,66420521
20764,40306481,66565816
20765,40306481,66632688
20766,40306481,66724748
20767,40306481,65203264
20768,40306481,66916596
20769,40306481,66282339
20770,40306481,66728957
20771,40306481,65650501
20772,40306481,66375452
20773,40306481,65357493
20774,40306481,65404188
20775,40306481,65664642
20776,40306481,66050959
20777,40306481,68490915
20778,40306481,70769140
20779,40306481,69792053
20780,40306481,70124578
20781,40306481,69234588
20782,40306481,71033308
20783,40306481,67356578
20784,40306481,69131693
20785,40306481,66837364
20786,40306481,67547481
20787,40306481,65992922
20788,40306481,65450537
20789,40306481,64910853
20790,40306481,65364914
20791,40306481,63946797
20792,40306481,65342370
20793,40306481,62807188
20794,40306481,64752917
20795,40306481,64679445
20796,40306481,63538378
20797,40306481,62159690
20798,40306481,65099698
20799,40306481,64553659
20800,40306481,66121003
20801,40306481,66338780
20802,40306481,67176512
20803,40306481,66858754
20804,40306481,67274218
20805,40306481,65513492
20806,40306481,66468104
20807,40306481,65515367
20808,40306481,66317020
20809,40306481,68109004
20810,40306481,67796713
20811,40306481,69844031
20812,40306481,69847637
20813,40306481,73758500
20814,40306481,70824613
20815,40306481,72000635
20816,40306481,68120409
20817,40306481,64560412
20818,40306481,68443496
20819,40306481,70056018
20820,40306481,67898390
20821,40306481,70324202
20822,40306481,68571753
20823,40306481,69378444
20824,40306481,67397246
20825,40306481,65615686
20826,40306481,66462025
20827,40306481,65961523
20828,40306481,65686771
20829,40306481,68135989
20830,40306481,68110429
20831,40306481,68457777
20832,40306481,68626492
20833,40306481,67174004
20834,40306481,68205280
20835,40306481,67920207
20836,40306481,68594323
20837,40306481,65370013
20838,40306481,66273291
20839,40306481,64904106
20840,40306481,65770426
20841,40306481,65662958
20842,40306481,66740495
20843,40306481,67245927
20844,40306481,67979043
20845,40306481,66902326
20846,40306481,64839320
20847,40306481,66943421
20848,40306481,65320816
20849,40306481,67608061
20850,40306481,66454078
20851,40306481,67449310
20852,40306481,70214137
20853,40306481,69090830
20854,40306481,72075629
20855,40306481,68710389
20856,40306481,68336625
20857,40306481,68362470
20858,40306481,70613347
20859,40306481,70027989
20860,40306481,69687937
20861,40306481,66568095
20862,40306481,71402447
20863,40306481,70171387
20864,40306481,68410786
20865,40306481,65859333
20866,40306481,65232487
20867,40306481,65181669
20868,40306481,65600959
20869,40306481,66136017
20870,40306481,65347294
20871,40306481,64518810
20872,40306481,65616971
20873,40306481,65815619
20874,40306481,65904079
20875,40306481,66051603
20876,40306481,66469657
20877,40306481,65325712
20878,40306481,64588177
20879,40306481,66607269
20880,40306481,64178033
20881,40306481,64895119
20882,40306481,64447983
20883,40306481,67532475
20884,40306481,69185344
20885,40306481,70146132
20886,40306481,71113959
20887,40306481,68175949
20888,40306481,66189820
20889,40306481,67564650
20890,40306481,67455440
20891,40306481,69136410
20892,40306481,67963696
20893,40306481,68314396
20894,40306481,68107835
20895,40306481,65831327
20896,40306481,66498711
20897,40306481,67291373
20898,40306481,64926213
20899,40306481,65541240
20900,40306481,66416348
20901,40306481,65548756
20902,40306481,67434073
20903,40306481,66248534
20904,40306481,67099298
20905,40306481,65637613
20906,40306481,66603022
20907,40306481,65078641
20908,40306481,65421621
20909,40306481,66320808
20910,40306481,63716081
20911,40306481,64803280
20912,40306481,63952327
20913,40306481,64121184
20914,40306481,64945163
20915,40306481,66723336
20916,40306481,67587229
20917,40306481,65673824
20918,40306481,66570969
20919,40306481,68680479
20920,40306481,68338889
20921,40306481,68353522
20922,40306481,66673373
20923,40306481,64510365
20924,40306481,67345551
20925,40306481,68626837
20926,40306481,67749854
20927,40306481,65552962
20928,40306481,69947793
20929,40306481,67139685
20930,40306481,66075618
20931,40306481,64198969
20932,40306481,67349157
20933,40306481,66555195
20934,40306481,68866381
20935,40306481,66639469
20936,40306481,68321965
20937,40306481,68178374
20938,40306481,68614393
20939,40306481,67777746
20940,40306481,70809496
20941,40306481,71382430
20942,40306481,72206139
20943,40306481,71397745
20944,40306481,72557198
20945,40306481,70443466
20946,40306481,67265663
20947,40306481,66611870
20948,40306481,65928137
20949,40306481,68298320
20950,40306481,67651444
20951,40306481,66019155
20952,40306481,66451384
20953,40306481,68150084
20954,40306481,68906566
20955,40306481,69204910
20956,40306481,66290002
20957,40306481,66397391
20958,40306481,66074253
20959,40306481,68015852
20960,40306481,67392139
20961,40306481,65529730
20962,40306481,66726409
20963,40306481,65525810
20964,40306481,65441273
20965,40306481,65272552
20966,40306481,65304899
20967,40306481,67396389
20968,40306481,65866622
20969,40306481,66977700
20970,40306481,68118314
20971,40306481,68884252
20972,40306481,69305049
20973,40306481,68050360
20974,40306481,68491335
20975,40306481,67372538
20976,40306481,67908729
20977,40306481,69078893
20978,40306481,67739426
20979,40306481,66141851
20980,40306481,66628497
20981,40306481,64952127
20982,40306481,67760258
20983,40306481,67625865
20984,40306481,67976225
20985,40306481,66115774
20986,40306481,64870380
20987,40306481,65653302
20988,40306481,67002207
20989,40306481,69303942
20990,40306481,66559556
20991,40306481,67650620
20992,40306481,68632700
20993,40306481,66577101
20994,40306481,64016170
20995,40306481,66685185
20996,40306481,67802153
20997,40306481,65714422
20998,40306481,64809682
20999,40306481,66642527
21000,40306481,66796165
21001,40306481,68017933
21002,40306481,65111791
21003,40306481,65577719
21004,40306481,65245043
21005,40306481,67879207
21006,40306481,67674018
21007,40306481,69685838
21008,40306481,69215570
21009,40306481,68225612
21010,40306481,69093199
21011,40306481,68531574
21012,40306481,66666118
21013,40306481,66874027
21014,40306481,68984896
21015,40306481,68648146
21016,40306481,70805097
21017,40306481,67393733
21018,40306481,67294961
21019,40306481,67729070
21020,40306481,68428860
21021,40306481,68216138
21022,40306481,68080869
21023,40306481,66722314
21024,40306481,65892190
21025,40306481,67393573
21026,40306481,67738866
21027,40306481,65244839
21028,40306481,67839075
21029,40306481,66090370
21030,40306481,67929712
21031,40306481,66626593
21032,40306481,68375116
21033,40306481,68154223
21034,40306481,62749122
21035,40306481,65076482
21036,40306481,65245968
21037,40306481,64922464
21038,40306481,66119201
21039,40306481,64404953
21040,40306481,66550178
21041,40306481,67066664
21042,40306481,67299892
21043,40306481,63726480
21044,40306481,65559480
21045,40306481,66218505
21046,40306481,67200910
21047,40306481,67233789
21048,40306481,69400063
21049,40306481,68374824
21050,40306481,66726211
21051,40306481,65822705
21052,40306481,68240944
21053,40306481,67618909
21054,40306481,64995521
21055,40306481,65985572
21056,40306481,65006855
21057,40306481,69568468
21058,40306481,66038565
21059,40306481,67845231
21060,40306481,68408208
21061,40306481,67926564
21062,40306481,67558930
21063,40306481,66616680
21064,40306481,67462189
21065,40306481,65720737
21066,40306481,67329714
21067,40306481,69148400
21068,40306481,70276353
21069,40306481,69848000
21070,40306481,67382574
21071,40306481,67862286
21072,40306481,68236671
21073,40306481,68806105
21074,40306481,67252593
21075,40306481,68522629
21076,40306481,68570313
21077,40306481,70608764
21078,40306481,69420526
21079,40306481,70502136
21080,40306481,68885678
21081,40306481,71724637
21082,40306481,70119367
21083,40306481,70302986
21084,40306481,70895640
21085,40306481,71824331
21086,40306481,72231580
21087,40306481,71002714
21088,40306481,70426005
21089,40306481,69135051
21090,40306481,70899951
21091,40306481,68712837
21092,40306481,65700241
21093,40306481,65759447
21094,40306481,64804656
21095,40306481,66251161
21096,40306481,66488618
21097,40306481,66913024
21098,40306481,64815141
21099,40306481,61959234
21100,40306481,65294762
21101,40306481,62622084
21102,40306481,64426255
21103,40306481,62542980
21104,40306481,63981521
21105,40306481,65295237
21106,40306481,67206020
21107,40306481,63426992
21108,40306481,64492521
21109,40306481,65710758
21110,40306481,66538997
21111,40306481,67159066
21112,40306481,67590590
21113,40306481,68422981
21114,40306481,67842668
21115,40306481,65729693
21116,40306481,66981774
21117,40306481,66730161
21118,40306481,67474397
21119,40306481,67243211
21120,40306481,66043893
21121,40306481,68452394
21122,40306481,69285097
21123,40306481,67648124
21124,40306481,68348522
21125,40306481,71231041
21126,40306481,71142139
21127,40306481,72332757
21128,40306481,73065154
21129,40306481,71624087
21130,40306481,71445574
21131,40306481,40306481
21132,40306481,40306481
21133,40306481,40306481
21134,40306481,40306481
21135,40306481,40306481
21136,40306481,40306481
21137,40306481,40306481
21138,40306481,40306481
21139,40306481,40306481
21140,40306481,40306481
21141,40306481,40306481
21142,40306481,40306481
21143,40306481,40306481
21144,40306481,40306481
21145,40306481,40306481
21146,40306481,40306481
21147,40306481,40306481
21148,40306481,40306481
21149,40306481,40306481
21150,40306481,40306481
21151,40306481,40306481
21152,40306481,40306481
21153,40306481,40306481
21154,40306481,40315969
21155,40306481,40315969
21156,40306481,40315969
21157,40306481,40315969
21158,40306481,40315969
21159,40306481,40315969
21160,40306481,40315969
21161,40306481,40315969
21162,40306481,40315969
21163,40306481,40315969
21164,40306481,40315969
21165,40306481,40315969
21166,40306481,40315969
21167,40306481,40315969
21168,40306481,40315969
21169,40306481,40315969
21170,40306481,40315969
21171,40306481,40315969
21172,40306481,40315969
21173,40306481,40315969
21174,40306481,40315969
21175,40306481,40315969
21176,40306481,40315969
21177,40306481,40315969
21178,40306481,40315003
21179,40306481,40315003
21180,40306481,40315002
21181,40306481,40315002
21182,40306481,40315002
21183,40306481,40315002
21184,40306481,40311518
21185,40306481,40312302
21186,40306481,40312302
21187,40306481,40312302
21188,40306481,40312302
21189,40306481,40312302
21190,40306481,40312302
21191,40306481,40312302
21192,40306481,40312302
21193,40306481,40312302
21194,40306481,40312302
21195,40306481,40312302
21196,40306481,40312302
21197,40306481,40312302
21198,40306481,40312302
21199,40306481,40312302
21200,40306481,40312302
21201,40306481,40312302
21202,40306481,40312302
21203,40306481,40312302
21204,40306481,40312302
21205,40306481,40312302
21206,40306481,40312302
21207,40306481,40312302
21208,40306481,40312302
21209,40306481,40312302
21210,40306481,40312302
21211,40306481,40312302
21212,40306481,40312302
21213,40306481,40312302
21214,40306481,40312302
21215,40306481,40312302
21216,40306481,40312302
21217,40306481,40312302
21218,40306481,40312302
21219,40306481,40312302
21220,40306481,40310692
21221,40306481,40310692
21222,40306481,40310692
21223,40306481,40310692
21224,40306481,40310692
21225,40306481,40310692
21226,40306481,40310692
21227,40306481,40310692
21228,40306481,40310692
21229,40306481,40310692
21230,40306481,40310692
21231,40306481,40310692
21232,40306481,40310692
21233,40306481,40310692
21234,40306481,40310692
21235,40306481,40310692
21236,40306481,40310692
21237,40306481,40310692
21238,40306481,40310692
21239,40306481,40310692
21240,40306481,40310692
21241,40306481,40310692
21242,40306481,40310692
21243,40306481,40310692
21244,40306481,40310692
21245,40306481,40310692
21246,40306481,40310692
21247,40306481,40310692
21248,40306481,40310692
21249,40306481,40310692
21250,40306481,40310692
21251,40306481,40310692
21252,40306481,40310692
21253,40306481,40310692
21254,40306481,40310692
21255,40306481,40310692
21256,40306481,40310692
21257,40306481,40310692
21258,40306481,40310692
21259,40306481,40310692
21260,40306481,40310692
21261,40306481,40310692
21262,40306481,40310692
21263,40306481,40310692
21264,40306481,40310692
21265,40306481,40310692
21266,40306481,40310692
21267,40306481,40310692
21268,40306481,40310692
21269,40306481,40310692
21270,40306481,40310692
21271,40306481,40310692
21272,40306481,40310692
21273,40306481,40310692
21274,40306481,40310692
21275,40306481,40310692
21276,40306481,40310692
21277,40306481,40310692
21278,40300325,40300325
21279,40300325,40300325
21280,40300325,40300325
21281,40300325,40304181
21282,40300325,40304181
21283,40300325,40304181
21284,40300325,40304181
21285,40300325,40304181
21286,40300325,40304181
21287,40300325,40304181
21288,40300325,40304181
21289,40300325,40304181
21290,40300325,40304181
21291,40300325,40304181
21292,40300325,40304181
21293,40300325,40304181
21294,40300325,40304181
21295,40300325,40304181
21296,40300325,40304181
21297,40300325,40304181
21298,40300325,40304181
21299,40300325,40304181
21300,40300325,40304181
21301,40300325,40304181
21302,40300325,40304181
21303,40300325,40304181
21304,40300325,40304181
21305,40300325,40304181
21306,40300325,40304181
21307,40300325,40304181
21308,40300325,40304181
21309,40300325,40304181
21310,40300325,40304181
21311,40300325,40304181
21312,40300325,40304181
21313,40300325,40304181
21314,40300325,40304304
21315,40300325,40304304
21316,40300325,40304304
21317,40300325,40304304
21318,40300325,40304304
21319,40300325,40304304
21320,40300325,40304304
21321,40300325,40304304
21322,40300325,40304304
21323,40300325,40304304
21324,40300325,40304304
21325,40300325,40304304
21326,40300325,40304304
21327,40300325,40304304
21328,40300325,40304304
21329,40300325,40304304
21330,40300325,40304304
21331,40300325,40304304
21332,40300325,40304304
21333,40300325,40304304
21334,40300325,40304304
21335,40300325,40304304
21336,40300325,40304304
21337,40300325,40304304
21338,40300325,40304304
21339,40300325,40304304
21340,40300325,40304304
21341,40300325,40304304
21342,40300325,40304304
21343,40300325,40304304
21344,40300325,40304304
21345,40300325,40304304
21346,40300325,40304304
21347,40300325,40304304
21348,40300325,40304304
21349,40300325,40304304
21350,40300325,40304304
21351,40300325,40304304
21352,40300325,40304304
21353,40300325,40304304
21354,40300325,40304304
21355,40300325,40304304
21356,40300325,40304304
21357,40300325,40304304
21358,40300325,40304304
21359,40300325,40304304
21360,40300325,40304304
21361,40300325,40304304
21362,40300325,40304304
21363,40300325,40304304
21364,40300325,40304304
21365,40300325,40304304
21366,40300325,40304304
21367,40300325,40304304
21368,40300325,40304304
21369,40300325,40304304
21370,40300325,40304304
21371,40300325,40304304
21372,40300325,40304304
21373,40300325,40304304
21374,40300325,40304304
21375,40300325,40304304
21376,40300325,40304304
21377,40300325,40304304
21378,40300325,40304304
21379,40300325,40304304
21380,40300325,40304304
21381,40300325,40304304
21382,40300325,40304304
21383,40300325,40304304
21384,40300325,40304304
21385,40300325,40304304
21386,40300325,40304304
21387,40300325,40304304
21388,40300325,40304304
21389,40300325,40304304
21390,40300325,40304304
21391,40300325,40304304
21392,40300325,40304304
21393,40300325,40304304
21394,40300325,40304304
21395,40296813,40296813
21396,40296813,40296813
21397,40296813,40296813
21398,40296813,40296813
21399,40296813,40296813
21400,40296813,40296813
21401,40296813,40296813
21402,40296813,40296813
21403,40296813,40296813
21404,40296813,40296813
21405,40296813,40296813
21406,40296813,40296813
21407,40296813,40296813
21408,40296813,40296813
21409,40296813,40296813
21410,40296813,40296813
21411,40296813,40296813
21412,40296813,40296813
21413,40296813,40296813
21414,40296813,40296813
21415,40296813,40296813
21416,40296813,40296813
21417,40296813,40296813
21418,40296813,40296813
21419,40296813,40296813
21420,40296813,40296813
21421,40296813,40296813
21422,40296813,40296813
21423,40296813,40296813
21424,40296813,40296813
21425,40296813,40296813
21426,40296813,40296813
21427,40296813,40296813
21428,40296813,40296813
21429,40296813,40296813
21430,40296813,40296813
21431,40296813,40296813
21432,40296813,40296813
21433,40296813,40296813
21434,40296813,40296813
21435,40296813,40296813
21436,40296813,40296813
21437,40296813,40296813
21438,40296813,40296813
21439,40296813,40296813
21440,40296813,40296813
21441,40296813,40296813
21442,40296813,40296813
21443,40295615,40295615
21444,40295615,40295615
21445,40295615,40295615
21446,40295615,40295615
21447,40295615,40295615
21448,40295615,40295615
21449,40295615,40295615
21450,40295615,40295615
21451,40295615,40295615
21452,40295615,40295615
21453,40291383,40291383
21454,40291383,40291383
21455,40291383,40291383
21456,40291383,40291383
21457,40291383,40291383
21458,40291383,40291383
21459,40291383,40291383
21460,40291383,40291383
21461,40291383,40291383
21462,40291383,40291383
21463,40291383,40291383
21464,40291383,40291383
21465,40291383,40291383
21466,40291383,40291383
21467,40291383,40291383
21468,40291383,40291383
21469,40291383,40291383
21470,40291383,40291383
21471,40291383,40291383
21472,40291383,40291383
21473,40291383,40291383
21474,40291383,40291383
21475,40291383,40291383
21476,40291383,40291383
21477,40291383,40291383
21478,40291383,40291383
21479,40291383,40291383
21480,40291383,40291383
21481,40291383,40291383
21482,40291383,40291383
21483,40291383,40291383
21484,40291383,40291383
21485,40291383,40291383
21486,40291383,40291383
21487,40291383,40291383
21488,40291383,40291383
21489,40291383,40291383
21490,40291383,40291383
21491,40291383,40291383
21492,40291383,40291383
21493,40291383,40291383
21494,40291383,40291383
21495,40291383,40291383
21496,40291383,40291383
21497,40291383,40291383
21498,40291383,40291383
21499,40291383,40291383
21500,40291383,40291383
21501,40291383,40291383
21502,40279575,40279575
21503,40279575,40279575
21504,40279575,40279575
21505,40279575,40279575
21506,40279575,40279575
21507,40279575,40279575
21508,40279575,40279575
21509,40279575,40279575
21510,40279575,40279575
21511,40279575,40279575
21512,40279575,40279575
21513,40279575,40279575
21514,40279575,40279575
21515,40279575,40279575
21516,40279575,40279575
21517,40279575,40279575
21518,40279575,40279575
21519,40279575,40279575
21520,40279575,40279575
21521,40279575,40279575
21522,40279575,40279575
21523,40278354,40278354
21524,40278354,40278354
21525,40278354,40278354
21526,40278354,40278354
21527,40278354,40278354
21528,40278354,40278354
21529,40278354,40278354
21530,40278354,40278354
21531,40278354,40278354
21532,40278354,40278354
21533,40278354,40278354
21534,40278354,40278354
21535,40278354,40278354
21536,40278354,40278354
21537,40278354,40278354
21538,40278354,40278354
21539,40278354,40278354
21540,40278354,40278354
21541,40278354,40278354
21542,40278354,40278354
21543,40278354,40278354
21544,40278354,40278354
21545,40278354,40278354
21546,40278354,40278354
21547,40278354,40278354
21548,40278354,40278354
21549,40278354,40278354
21550,40278354,40278354
21551,40278354,40278354
21552,40278354,40278354
21553,40278354,40278354
21554,40278354,40278354
21555,40278354,40278354
21556,40278354,40278354
21557,40278354,40278354
21558,40278354,40278354
21559,40278354,40278354
21560,40278354,40278354
21561,40278354,40278354
21562,40278354,40278354
21563,40278354,40278354
21564,40278354,40278354
21565,40278354,40278354
21566,40278354,40278354
21567,40278354,40279389
21568,40278354,40279389
21569,40278354,40279389
21570,40278354,40279389
21571,40278354,40279389
21572,40278354,40279389
21573,40278354,40279389
21574,40278354,40279389
21575,40278354,40279389
21576,40278354,40279389
21577,40278354,40279389
21578,40278354,40279389
21579,40278354,40279389
21580,40278354,40279389
21581,40278354,40279389
21582,40278354,40279389
21583,40278354,40279389
21584,40278354,40279389
21585,40278354,40279389
21586,40278354,40279389
21587,40278354,40279389
21588,40278354,40279389
21589,40278354,40279389
21590,40278354,40279389
21591,40278354,40279389
21592,40278354,40279389
21593,40278354,40279389
21594,40278354,40279389
21595,40278354,40279389
21596,40278354,40279389
21597,40278354,40279389
21598,40278354,40279389
21599,40278354,40279389
21600,40278354,40279389
21601,40278354,40279389
21602,40278354,40279389
21603,40278354,40279389
21604,40278354,40279389
21605,40278354,40279389
21606,40278354,40279389
21607,40278354,40279389
21608,40278354,40279389
21609,40278354,40279389
21610,40278354,40279389
21611,40278354,40279389
21612,40278354,40279389
21613,40278354,40279389
21614,40278354,40279389
21615,40278354,40279389
21616,40278354,40279389
21617,40278354,40279389
21618,40278354,40279389
21619,40278354,40279389
21620,40278354,40279389
21621,40278354,40279389
21622,40278354,40279389
21623,40278354,40279389
21624,40278354,40279389
21625,40278354,40279389
21626,40278354,40279389
21627,40278354,40279389
21628,40278354,40279389
21629,40278354,40279389
21630,40278354,40279389
21631,40278354,40279389
21632,40278354,40279389
21633,40278354,40279389
21634,40278354,40279389
21635,40278354,40279389
21636,40278354,40279389
21637,40278354,40279389
21638,40278354,40279389
21639,40278354,40279389
21640,40278354,40279389
21641,40278354,40279389
21642,40278354,40279389
21643,40278354,40279389
21644,40278354,40279389
21645,40278354,40279389
21646,40278354,40279389
21647,40278354,40279389
21648,40278354,40279389
21649,40278354,40279389
21650,40278354,40279389
21651,40278354,40279389
21652,40278354,40279389
21653,40278354,40279389
21654,40278354,40279389
21655,40278354,40279389
21656,40278354,40279389
21657,40278354,40279389
21658,40278354,40279389
21659,40278354,40279389
21660,40278354,40279389
21661,40278354,40279389
21662,40278354,40279389
21663,40278354,40279389
21664,40278354,40279389
21665,40278354,40279389
21666,40278354,40279389
21667,40278354,40279389
21668,40278354,40279389
21669,40278354,40279389
21670,40278354,40279389
21671,40278354,40279389
21672,40278354,40279389
21673,40278354,40279389
21674,40278354,40279389
21675,40278354,40279389
21676,40278354,40279389
21677,40278354,40279389
21678,40278354,40279389
21679,40278354,40279389
21680,40278354,40279389
21681,40278354,40279389
21682,40278354,40279389
21683,40278354,40279389
21684,40278354,40279389
21685,40278354,40279389
21686,40278354,40279389
21687,40278354,40279389
21688,40278354,40279389
21689,40278354,40279389
21690,40278354,40279389
21691,40278354,40279389
21692,40278354,40279389
21693,40278354,40279389
21694,40278354,40279389
21695,40278354,40279389
21696,40278354,40279389
21697,40278354,40279389
21698,40278354,40280804
21699,40278354,40280804
21700,40278354,40280804
21701,40278354,40280804
21702,40278354,40280804
21703,40278354,40280804
21704,40278354,40280804
21705,40278354,40280804
21706,40278354,40280804
21707,40278354,40280804
21708,40278354,40280804
21709,40278354,40280804
21710,40278354,40280804
21711,40278354,40280804
21712,40278354,40280804
21713,40278354,40280804
21714,40278354,40280804
21715,40278354,40280804
21716,40278354,40280804
21717,40278354,40280804
21718,40278354,40280804
21719,40278354,40280804
21720,40270250,40270250
21721,40270250,40270250
21722,40270250,40270250
21723,40270250,40270250
21724,40270250,40270250
21725,40270250,40270250
21726,40270250,40270250
21727,40270250,40270250
21728,40270250,40270250
21729,40270250,40270250
21730,40270250,40270250
21731,40270250,40270250
21732,40270250,40270250
21733,40270250,40270250
21734,40270250,40270250
21735,40270250,40270250
21736,40270250,40270250
21737,40270250,40270250
21738,40270250,40270250
21739,40270250,40270250
21740,40270250,40270250
21741,40270250,40270250
21742,40269466,40269466
21743,40269466,40269466
21744,40269466,40269466
21745,40269466,40269466
21746,40269466,40269466
21747,40269466,40269466
21748,40269466,40269466
21749,40269466,40269466
21750,40269466,40269466
21751,40269466,40269466
21752,40269466,40269466
21753,40269466,40269466
21754,40269466,40269466
21755,40269466,40269466
21756,40269466,40269466
21757,40269466,40269466
21758,40269466,40269466
21759,40269466,40269466
21760,40269466,40269466
21761,40269466,40269466
21762,40269466,40269466
21763,40269466,40269466
21764,40269466,40269466
21765,40269466,40269466
21766,40269466,40269466
21767,40269466,40269466
21768,40269466,40269466
21769,40269466,40269466
21770,40269466,40269466
21771,40269466,40269466
21772,40269466,40269466
21773,40269466,40269466
21774,40269466,40269466
21775,40269466,40269466
21776,40269466,40269466
21777,40269466,40269466
21778,40269466,40269466
21779,40269466,40269466
21780,40269466,40269466
21781,40269466,40269466
21782,40269466,40269466
21783,40269466,40269466
21784,40269466,40269466
21785,40269466,40269466
21786,40269466,40269466
21787,40269466,40269466
21788,40269466,40269466
21789,40269466,40269466
21790,40269466,40269466
21791,40269466,40269466
21792,40269466,40269466
21793,40269466,40269466
21794,40269466,40269466
21795,40269466,40269466
21796,40269466,40269466
21797,40269466,40269466
21798,40269466,40269466
21799,40269466,40269466
21800,40269466,40269466
21801,40269466,40269466
21802,40269466,40269466
21803,40269466,40269466
21804,40269466,40269466
21805,40269466,40269466
21806,40269466,40269466
21807,40269466,40269466
21808,40269466,40269466
21809,40269466,40269466
21810,40269466,40269466
21811,40269466,40269466
21812,40269466,40269466
21813,40269466,40269466
21814,40269466,40269466
21815,40269466,40269466
21816,40269466,40269466
21817,40269466,40269466
21818,40269466,40269466
21819,40269466,40269466
21820,40269466,40269466
21821,40269466,40269466
21822,40269466,40269466
21823,40269466,40269466
21824,40269466,40269466
21825,40269466,40269466
21826,40269466,40269466
21827,40269466,40269466
21828,40269466,40269466
21829,40269466,40269466
21830,40269466,40269466
21831,40269466,40269466
21832,40269466,40269466
21833,40269466,40269466
21834,40269466,40269466
21835,40269466,40269466
21836,40269466,40269466
21837,40269466,40269466
21838,40269466,40269466
21839,40269466,40269466
21840,40269466,40269466
21841,40269466,40269466
21842,40269466,40269466
21843,40269466,40269466
21844,40269466,40269466
21845,40269466,40269466
21846,40269466,40269466
21847,40269466,40269466
21848,40269466,40269466
21849,40269466,40269466
21850,40269466,40269466
21851,40269466,40269466
21852,40269466,40269466
21853,40269466,40269466
21854,40269466,40269466
21855,40269466,40269466
21856,40269466,40269466
21857,40269466,40269466
21858,40269466,40269466
21859,40269466,40269466
21860,40269466,40269466
21861,40269466,40269466
21862,40269466,40269466
21863,40269466,40269466
21864,40269466,40269466
21865,40269466,40269466
21866,40269466,40269466
21867,40269466,40269466
21868,40269466,40269466
21869,40269466,40269466
21870,40269466,40269466
21871,40269466,40269466
21872,40269466,40269466
21873,40269466,40269466
21874,40269466,40269466
21875,40269466,40269466
21876,40269466,40269466
21877,40269466,40269466
21878,40269466,40269466
21879,40269466,40269466
21880,40269466,40269466
21881,40269466,40269466
21882,40269466,40269466
21883,40269466,40269466
21884,40269466,40269466
21885,40269466,40269466
21886,40269466,40269466
21887,40269466,40269466
21888,40269466,40269466
21889,40269466,40269466
21890,40269466,40269466
21891,40269466,40269466
21892,40269466,40269466
21893,40269466,40269466
21894,40269466,40269466
21895,40269466,40269466
21896,40269466,40269466
21897,40269466,40269466
21898,40269466,40269466
21899,40269466,40269466
21900,40269466,40269466
21901,40269466,40269466
21902,40269466,40269466
21903,40269466,40269466
21904,40269466,40269466
21905,40269466,40269466
21906,40269466,40269466
21907,40269466,40269466
21908,40269466,40269466
21909,40269466,40269466
21910,40269466,40269466
21911,40269466,40269466
21912,40269466,40269466
21913,40269466,40269466
21914,40269466,40269466
21915,40269466,40269466
21916,40269466,40269466
21917,40269466,40269466
21918,40269466,40269466
21919,40269466,40274727
21920,40269466,40274727
21921,40269466,40274727
21922,40269466,40274727
21923,40269466,40274727
21924,40269466,40274727
21925,40269466,40274727
21926,40269466,40274727
21927,40269466,40274727
21928,40269466,40274727
21929,40269466,40274727
21930,40269466,40274727
21931,40269466,40274727
21932,40269466,40274727
21933,40269466,40274727
21934,40269466,40274727
21935,40269466,40274727
21936,40269466,40274727
21937,40269466,40274727
21938,40269466,40274727
21939,40269466,40274727
21940,40269466,40274727
21941,40269466,40274727
21942,40269466,57578860
21943,40269466,64166112
21944,40269466,66329629
21945,40269466,67218080
21946,40269466,67116969
21947,40269466,66573242
21948,40269466,63388018
21949,40269466,65888489
21950,40269466,65595002
21951,40269466,66781182
21952,40269466,67529662
21953,40269466,66490179
21954,40269466,66821020
21955,40269466,67107970
21956,40269466,67835830
21957,40269466,68646508
21958,40269466,67368497
21959,40269466,69335906
21960,40269466,67407493
21961,40269466,68384947
21962,40269466,66595154
21963,40269466,68505727
21964,40269466,68825584
21965,40269466,68622043
21966,40269466,70268364
21967,40269466,72086126
21968,40269466,72865224
21969,40269466,69880755
21970,40269466,70303348
21971,40269466,68695771
21972,40269466,69569095
21973,40269466,70051054
21974,40269466,69896190
21975,40269466,70279748
21976,40269466,69942902
21977,40269466,68130618
21978,40269466,68795215
21979,40269466,69711279
21980,40269466,68995088
21981,40269466,69004466
21982,40269466,68277439
21983,40269466,68718874
21984,40269466,69541829
21985,40269466,69669581
21986,40269466,70424007
21987,40269466,69818846
21988,40269466,68282724
21989,40269466,69031029
21990,40269466,68459882
21991,40269466,67055507
21992,40269466,68908504
21993,40269466,66457537
21994,40269466,65551782
21995,40269466,66782138
21996,40269466,67707173
21997,40269466,69246641
21998,40269466,69439424
21999,40269466,69720599
22000,40269466,71196493
22001,40269466,70722607
22002,40269466,71394082
22003,40269466,67742262
22004,40269466,68140517
22005,40269466,69307471
22006,40269466,67377938
22007,40269466,69112687
22008,40269466,70053497
22009,40269466,69545311
22010,40269466,72184583
22011,40269466,70854771
22012,40269466,70154794
22013,40269466,66563819
22014,40269466,68071595
22015,40269466,68254758
22016,40269466,67772748
22017,40269466,69527791
22018,40269466,66542273
22019,40269466,69071773
22020,40269466,69006334
22021,40269466,68749697
22022,40269466,67881024
22023,40269466,68861850
22024,40269466,68868327
22025,40269466,69706017
22026,40269466,66820409
22027,40269466,68527516
22028,40269466,66441083
22029,40269466,69584293
22030,40269466,70249352
22031,40269466,68332183
22032,40269466,67109862
22033,40269466,70509831
22034,40269466,67347788
22035,40269466,69690271
22036,40269466,67625321
22037,40269466,66758007
22038,40269466,69008159
22039,40269466,68054051
22040,40269466,70631471
22041,40269466,71116975
22042,40269466,70802788
22043,40269466,67812003
22044,40269466,66817826
22045,40269466,67596048
22046,40269466,67641628
22047,40269466,65074765
22048,40269466,66562917
22049,40269466,67609731
22050,40269466,65937469
22051,40269466,64357937
22052,40269466,66180397
22053,40269466,65164170
22054,40269466,66949520
22055,40269466,66142962
22056,40269466,65917055
22057,40269466,66528924
22058,40269466,66739289
22059,40269466,67355984
22060,40269466,68097089
22061,40269466,67790564
22062,40269466,70966713
22063,40269466,70342031
22064,40269466,68534131
22065,40269466,68245214
22066,40269466,68169489
22067,40269466,65545896
22068,40269466,67694936
22069,40269466,66965402
22070,40269466,67926438
22071,40269466,64845629
22072,40269466,69318927
22073,40269466,68843742
22074,40269466,69196804
22075,40269466,70646141
22076,40269466,69083124
22077,40269466,67908459
22078,40269466,66048869
22079,40269466,65834674
22080,40269466,66790318
22081,40269466,68360660
22082,40269466,69102691
22083,40269466,69964205
22084,40269466,66790768
22085,40269466,67779949
22086,40269466,69289020
22087,40269466,67824124
22088,40269466,68328048
22089,40269466,68044560
22090,40269466,66908050
22091,40269466,68926154
22092,40269466,68041715
22093,40269466,67301713
22094,40269466,68232724
22095,40269466,69143328
22096,40269466,70813442
22097,40269466,68867306
22098,40269466,67820818
22099,40269466,68471236
22100,40269466,70105313
22101,40269466,69087675
22102,40269466,68248275
22103,40269466,67673249
22104,40269466,68111563
22105,40269466,66686786
22106,40269466,67401778
22107,40269466,68860797
22108,40269466,68525831
22109,40269466,70221516
22110,40269466,68505425
22111,40269466,68352801
22112,40269466,68836142
22113,40269466,68583730
22114,40269466,65925074
22115,40269466,67792339
22116,40269466,67994097
22117,40269466,67473637
22118,40269466,66634636
22119,40269466,67622351
22120,40269466,69064796
22121,40269466,68323927
22122,40269466,66061016
22123,40269466,68021749
22124,40269466,67798244
22125,40269466,70237107
22126,40269466,71194020
22127,40269466,72659516
22128,40269466,70442228
22129,40269466,69338528
22130,40269466,68466836
22131,40269466,70627634
22132,40269466,67112896
22133,40269466,66953044
22134,40269466,66923086
22135,40269466,62865118
22136,40269466,68461612
22137,40269466,71453019
22138,40269466,70982865
22139,40269466,71828786
22140,40269466,70109667
22141,40269466,70243398
22142,40269466,71298099
22143,40269466,69821370
22144,40269466,68167612
22145,40269466,67567817
22146,40269466,66662821
22147,40269466,66767773
22148,40269466,65575478
22149,40269466,64169918
22150,40269466,67247430
22151,40269466,66601907
22152,40269466,66409698
22153,40269466,66849673
22154,40269466,63751984
22155,40269466,64816612
22156,40269466,62363677
22157,40269466,65875138
22158,40269466,63860281
22159,40269466,64520138
22160,40269466,66543899
22161,40269466,67095588
22162,40269466,69362796
22163,40269466,69645271
22164,40269466,68177654
22165,40269466,69450201
22166,40269466,67172671
22167,40269466,65897589
22168,40269466,65395606
22169,40269466,64984041
22170,40269466,64802861
22171,40269466,67362557
22172,40269466,67720825
22173,40269466,67292861
22174,40269466,66971613
22175,40269466,67578602
22176,40269466,67389332
22177,40269466,66966642
22178,40269466,66255276
22179,40269466,67516090
22180,40269466,66931493
22181,40269466,68900997
22182,40269466,69759068
22183,40269466,71027404
22184,40269466,67645066
22185,40269466,69629362
22186,40269466,68610032
22187,40269466,67716670
22188,40269466,68129893
22189,40269466,65227280
22190,40269466,68107242
22191,40269466,67693961
22192,40269466,67300860
22193,40269466,67019160
22194,40269466,66919562
22195,40269466,65248877
22196,40269466,65107437
22197,40269466,66799463
22198,40269466,68045768
22199,40269466,70138421
22200,40269466,67322545
22201,40269466,64190694
22202,40269466,68094489
22203,40269466,65523065
22204,40269466,64990927
22205,40269466,63724496
22206,40269466,63911196
22207,40269466,64033179
22208,40269466,65737908
22209,40269466,67091603
22210,40269466,68140210
22211,40269466,65462049
22212,40269466,66133445
22213,40269466,67086186
22214,40269466,69271429
22215,40269466,67557362
22216,40269466,69923033
22217,40269466,70000877
22218,40269466,69661455
22219,40269466,68531002
22220,40269466,70959828
22221,40269466,68033706
22222,40269466,70090669
22223,40269466,68575750
22224,40269466,67667282
22225,40269466,66459972
22226,40269466,67098101
22227,40269466,66078694
22228,40269466,66849651
22229,40269466,68194538
22230,40269466,68629501
22231,40269466,67978006
22232,40269466,69870786
22233,40269466,70001575
22234,40269466,68649880
22235,40269466,67691882
22236,40269466,71009544
22237,40269466,70049210
22238,40269466,69298581
22239,40269466,69746871
22240,40269466,71142916
22241,40269466,70279897
22242,40269466,71359314
22243,40269466,74009784
22244,40269466,72220172
22245,40269466,70850188
22246,40269466,68524506
22247,40269466,69206049
22248,40269466,65929966
22249,40269466,66946022
22250,40269466,64472171
22251,40269466,67720951
22252,40269466,64578610
22253,40269466,66743641
22254,40269466,64903046
22255,40269466,66103256
22256,40269466,65001952
22257,40269466,66826450
22258,40269466,68884297
22259,40269466,69857970
22260,40269466,69752426
22261,40269466,69748945
22262,40269466,70059862
22263,40269466,70141161
22264,40269466,70217470
22265,40269466,70313134
22266,40269466,69118188
22267,40269466,71381064
22268,40269466,71785675
22269,40269466,70396959
22270,40269466,69453262
22271,40269466,68726938
22272,40269466,70417757
22273,40269466,68941503
22274,40269466,69477490
22275,40269466,69659781
22276,40269466,68093719
22277,40269466,67519865
22278,40269466,66922540
22279,40269466,66347097
22280,40269466,66898685
22281,40269466,69006513
22282,40269466,68647307
22283,40269466,69529865
22284,40269466,70220476
22285,40269466,68822708
22286,40269466,69836478
22287,40269466,68090565
22288,40269466,69624203
22289,40269466,69275432
22290,40269466,69577092
22291,40269466,65728914
22292,40269466,67718221
22293,40269466,67830355
22294,40269466,65299154
22295,40269466,67752653
22296,40269466,67440157
22297,40269466,68132292
22298,40269466,67741716
22299,40269466,68489101
22300,40269466,69737508
22301,40269466,67924023
22302,40269466,67661725
22303,40269466,67002038
22304,40269466,65542375
22305,40269466,66831624
22306,40269466,66007433
22307,40269466,68202936
22308,40269466,68109950
22309,40269466,68595207
22310,40269466,68171399
22311,40269466,69654647
22312,40269466,68091182
22313,40269466,68672114
22314,40269466,69320566
22315,40269466,67688646
22316,40269466,65902772
22317,40269466,66963675
22318,40269466,67378134
22319,40269466,67555333
22320,40269466,68470475
22321,40269466,69182622
22322,40269466,69321600
22323,40269466,69311662
22324,40269466,70165649
22325,40269466,68859517
22326,40269466,66962926
22327,40269466,68484002
22328,40269466,67127170
22329,40269466,67316786
22330,40269466,67661813
22331,40269466,67283155
22332,40269466,68557673
22333,40269466,69451385
22334,40269466,69399614
22335,40269466,69386915
22336,40269466,68139082
22337,40269466,67287688
22338,40269466,67044338
22339,40269466,65483390
22340,40269466,66545805
22341,40269466,67293630
22342,40269466,69615235
22343,40269466,40269466
22344,40269466,40269466
22345,40269466,40269466
22346,40269466,40269466
22347,40269466,40269466
22348,40269466,40269466
22349,40269466,40269466
22350,40269466,40269466
22351,40269466,40269466
22352,40269466,40269466
22353,40269466,40269466
22354,40269466,40269466
22355,40269466,40269466
22356,40269466,40269466
22357,40269466,40269466
22358,40269466,40269466
22359,40269466,40269466
22360,40269466,40269466
22361,40269466,40269466
22362,40269466,40269466
22363,40269466,40269466
22364,40269466,40269466
22365,40269466,40269466
22366,40269466,40269466
22367,40269466,40269466
22368,40269466,40269466
22369,40269466,40269466
22370,40269466,40269466
22371,40269466,40269466
22372,40269466,40269466
22373,40269466,40269466
22374,40269466,40269466
22375,40269466,40269466
22376,40269466,40269466
22377,40269466,40269466
22378,40269466,40269466
22379,40267734,40267734
22380,40267734,40267734
22381,40267734,40267734
22382,40267734,40267734
22383,40267734,40267734
22384,40267734,40267734
22385,40267734,40267734
22386,40267734,40267734
22387,40267734,40267734
22388,40267734,40267734
22389,40267734,40267734
22390,40267734,40267734
22391,40267734,40267734
22392,40267734,40267734
22393,40267734,40267734
22394,40267734,40267734
22395,40267734,40267734
22396,40267734,40267734
22397,40267734,40267734
22398,40267734,40267734
22399,40267734,40267734
22400,40267734,40267734
22401,40267734,40267734
22402,40267734,40267734
22403,40267734,40267734
22404,40267734,40267734
22405,40267734,40267734
22406,40267734,40267734
22407,40267734,40267734
22408,40267734,40267734
22409,40267734,40267734
22410,40267734,40267734
22411,40267734,40267734
22412,40267734,40267734
22413,40267734,40267734
22414,40267734,40267734
22415,40267734,40267734
22416,40267734,40267734
22417,40267734,40267734
22418,40267734,40267734
22419,40267734,40267734
22420,40260445,40260445
22421,40260445,40260445
22422,40260445,40260445
22423,40260445,40260445
22424,40260445,40260445
22425,40260445,40260445
22426,40260445,40260445
22427,40260445,40260445
22428,40260445,40260445
22429,40260445,40260445
22430,40260445,40260445
22431,40260445,40260445
22432,40260445,40260445
22433,40260445,40260445
22434,40260445,40260445
22435,40260445,40260445
22436,40260445,40260445
22437,40260445,40260445
22438,40260445,40260445
22439,40260445,40260445
22440,40260445,40260445
22441,40260445,40260445
22442,40260445,40260445
22443,40260445,40260445
22444,40260445,40260445
22445,40260445,40260445
22446,40260445,40263049
22447,40260445,40263049
22448,40260445,40263049
22449,40260445,40263049
22450,40260445,40263049
22451,40260445,40263049
22452,40260445,40263049
22453,40260445,40263049
22454,40260445,40263049
22455,40260445,40263049
22456,40260445,40263049
22457,40260445,40263049
22458,40260445,40263049
22459,40260445,40263049
22460,40260445,40263049
22461,40260445,40263049
22462,40260445,40263049
22463,40260445,40263049
22464,40260445,40263049
22465,40260445,40263049
22466,40260445,40263049
22467,40260445,40263049
22468,40260445,40263049
22469,40260445,40263049
22470,40260445,40263049
22471,40260445,40263049
22472,40260445,40263049
22473,40260445,40263049
22474,40260445,40263049
22475,40260445,40263049
22476,40260445,40263049
22477,40260445,40261410
22478,40260445,40261410
22479,40260445,40261410
22480,40260445,40261410
22481,40260445,40261410
22482,40260445,40261410
22483,40260445,40261410
22484,40260445,40261410
22485,40260445,40261410
22486,40260445,40261410
22487,40260445,40261410
22488,40260445,40261410
22489,40260445,40261410
22490,40260445,40261410
22491,40260445,40261410
22492,40260445,40261410
22493,40224824,40224824
22494,40224824,40224824
22495,40224824,40224824
22496,40224824,40224824
22497,40224824,40224824
22498,40224824,40224824
22499,40224824,40224824
22500,40224824,40224824
22501,40224824,40224824
22502,40224824,40224824
22503,40224824,40224824
22504,40224824,40224824
22505,40224824,40224824
22506,40224824,40224824
22507,40224824,40224824
22508,40224824,40224824
22509,40224824,40224824
22510,40224824,40224824
22511,40224824,40224824
22512,40224824,40224824
22513,40224824,40224824
22514,40224824,40224824
22515,40224824,40224824
22516,40224824,40224824
22517,40224824,40224824
22518,40224824,40224824
22519,40224824,40224824
22520,40224824,40224824
22521,40224824,40224824
22522,40224824,40224824
22523,40224824,40224824
22524,40224824,40224824
22525,40224824,40224824
22526,40224824,40224824
22527,40224824,40224824
22528,40224824,40224824
22529,40224824,40224824
22530,40224824,40224824
22531,40224824,40224824
22532,40224824,40224824
22533,40224824,40224824
22534,40224824,40224824
22535,40224824,40224824
22536,40224824,40224824
22537,40224824,40224824
22538,40224824,40224824
22539,40224824,40224824
22540,40224824,40224824
22541,40224824,40224824
22542,40224824,40224824
22543,40224824,40224824
22544,40211632,40211632
22545,40211632,40211632
22546,40211632,40211632
22547,40211632,40211632
22548,40211632,40211632
22549,40211632,40211632
22550,40211632,40211632
22551,40211632,40211632
22552,40211632,40211632
22553,40211632,40211632
22554,40211632,40211632
22555,40211632,40211632
22556,40211632,40211632
22557,40211632,40211632
22558,40211632,40211632
22559,40211632,40211632
22560,40211632,40211632
22561,40211632,40211632
22562,40211632,40211632
22563,40211632,40211632
22564,40211632,40211632
22565,40211632,40211632
22566,40211632,40211632
22567,40211632,40211632
22568,40211632,40211632
22569,40211632,40211632
22570,40211632,40211632
22571,40211632,40211632
22572,40211632,40211632
22573,40211632,40211632
22574,40211632,40211632
22575,40211632,40211632
22576,40211632,40211632
22577,40211632,40211632
22578,40211632,40211632
22579,40211632,40211632
22580,40211632,40211632
22581,40211632,40211632
22582,40211632,40211632
22583,40211632,40211632
22584,40211632,40211632
22585,40211632,40211632
22586,40211632,40211632
22587,40211632,40211632
22588,40211632,40211632
22589,40211632,40211632
22590,40211632,40211632
22591,40211632,40211632
22592,40211632,40211632
22593,40211632,40211632
22594,40211632,40211632
22595,40211632,40211632
22596,40211632,40211632
22597,40211632,40223106
22598,40211632,40223106
22599,40211632,40223106
22600,40211632,40223106
22601,40211632,40223106
22602,40211632,40223106
22603,40211632,40223106
22604,40211632,40223106
22605,40211632,40223106
22606,40211632,40223106
22607,40211632,40223106
22608,40211632,40223106
22609,40211632,40223106
22610,40211632,40223106
22611,40211632,40223106
22612,40211632,40223106
22613,40211632,40223106
22614,40211632,40223106
22615,40211632,40223106
22616,40211632,40223106
22617,40211632,40222071
22618,40211632,40222071
22619,40211632,40222071
22620,40211632,40222071
22621,40211632,40222071
22622,40211632,40222071
22623,40211632,40222071
22624,40211632,40222071
22625,40211632,40222071
22626,40211632,40222071
22627,40211632,40222071
22628,40211632,40222071
22629,40211632,40222071
22630,40211632,40222071
22631,40211632,40222071
22632,40211632,40222071
22633,40211632,40222071
22634,40211632,40222071
22635,40211632,40222071
22636,40211632,40222071
22637,40211632,40222071
22638,40211632,40222071
22639,40211632,40222071
22640,40211632,40222071
22641,40211632,40222071
22642,40211632,40222071
22643,40211632,40222071
22644,40211632,40222071
22645,40211632,40222071
22646,40211632,40222071
22647,40211632,40222071
22648,40211632,40222071
22649,40211632,40222071
22650,40211632,40222071
22651,40211632,40222071
22652,40211632,40222071
22653,40211632,40222071
22654,40211632,40222071
22655,40211632,40222071
22656,40211632,40222071
22657,40211632,40222071
22658,40211632,40222071
22659,40211632,40222071
22660,40211632,40222071
22661,40211632,40222071
22662,40211632,40222071
22663,40211632,40222071
22664,40211632,40222071
22665,40211632,40222071
22666,40211632,40222071
22667,40211632,40222071
22668,40211632,40222071
22669,40211632,40222071
22670,40211632,40222071
22671,40211632,40222071
22672,40211632,40222071
22673,40211632,40222071
22674,40211632,40222071
22675,40211632,40222071
22676,40211632,40222071
22677,40211632,40222071
22678,40211632,40222071
22679,40211632,40222071
22680,40211632,40222071
22681,40211632,40222071
22682,40211632,40222071
22683,40211632,40222071
22684,40211632,40222071
22685,40211632,40222071
22686,40211632,40222071
22687,40211632,40222071
22688,40211632,40222071
22689,40211632,40222071
22690,40211632,40222071
22691,40211632,40222071
22692,40211632,40222071
22693,40211632,40222071
22694,40211632,40222071
22695,40211632,40222071
22696,40211632,40222071
22697,40211632,40222071
22698,40211632,40222071
22699,40211632,40222071
22700,40211632,40222071
22701,40204216,40204216
22702,40204216,40204216
22703,40204216,40204216
22704,40204216,40204216
22705,40204216,40204216
22706,40204216,40204216
22707,40204216,40204216
22708,40204216,40204216
22709,40204216,40204216
22710,40204216,40204216
22711,40204216,40204216
22712,40204216,40204216
22713,40204216,40204216
22714,40204216,40204216
22715,40204216,40204216
22716,40204216,40204216
22717,40204216,40204216
22718,40204216,40204216
22719,40204216,40204216
22720,40204216,40204216
22721,40204216,40204216
22722,40204216,40204216
22723,40204216,40204216
22724,40204216,40204216
22725,40204216,40204216
22726,40204216,40204216
22727,40204216,40204216
22728,40204216,40204216
22729,40204216,40204216
22730,40204216,40204216
22731,40204216,40204216
22732,40204216,40204216
22733,40204216,40204216
22734,40204216,40204216
22735,40204216,40204216
22736,40204216,40204216
22737,40204216,40204216
22738,40204216,40204216
22739,40204216,40204216
22740,40204216,40204216
22741,40204216,40204216
22742,40204216,40204216
22743,40204216,40204216
22744,40204216,40204216
22745,40204216,40204216
22746,40204216,40204216
22747,40204216,40204216
22748,40204216,40204216
22749,40204216,40204216
22750,40204216,40204216
22751,40204216,40204216
22752,40204216,40204216
22753,40149622,40149622
22754,40149622,40149622
22755,40149622,40149622
22756,40149622,40149622
22757,40149622,40149622
22758,40149622,40149622
22759,40149622,40149622
22760,40149622,40149622
22761,40149622,40149622
22762,40149622,40149622
22763,40149622,40149622
22764,40149622,40149622
22765,40149622,40149622
22766,40149622,40149622
22767,40149622,40149622
22768,40149622,40149622
22769,40149622,40149622
22770,40149622,40149622
22771,40149622,40149622
22772,40149622,40149622
22773,40149622,40149622
22774,40149622,40149622
22775,40149622,40149622
22776,40149622,40149622
22777,40149377,40149377
22778,40149377,40149377
22779,40149377,40149377
22780,40149377,40149377
22781,40149377,40149377
22782,40149377,40149377
22783,40149377,40149377
22784,40149377,40149377
22785,40149377,40149377
22786,40149377,40149377
22787,40149377,40149377
22788,40149377,40149377
22789,40149377,40149377
22790,40149377,40149377
22791,40149377,40149377
22792,40149377,40149377
22793,40149377,40149377
22794,40149377,40149377
22795,40149377,40149377
22796,40149377,40149377
22797,40149377,40149377
22798,40149377,40149377
22799,40149377,40149377
22800,40149377,40149377
22801,40149377,40149377
22802,40149377,40149377
22803,40149377,40149377
22804,40146581,40146581
22805,40146581,40146581
22806,40146581,40146581
22807,40146581,40146581
22808,40146581,40146581
22809,40146581,40146581
22810,40146581,40146581
22811,40146581,40146581
22812,40146581,40146581
22813,40146581,40146581
22814,40146581,40146581
22815,40146581,40146581
22816,40146581,40146581
22817,40146581,40146581
22818,40146581,40146581
22819,40146581,40146581
22820,40146581,40146581
22821,40146581,40146581
22822,40146581,40146581
22823,40146581,40146581
22824,40146581,40146581
22825,40146581,40146581
22826,40146581,40146581
22827,40146581,40146581
22828,40146581,40146581
22829,40146581,40146581
22830,40144815,40144815
22831,40144815,40144815
22832,40144815,40144815
22833,40144815,40144815
22834,40144815,40144815
22835,40144815,40144815
22836,40144815,40144815
22837,40144815,40144815
22838,40144815,40144815
22839,40144815,40144815
22840,40144815,40144815
22841,40144815,40144815
22842,40144815,40144815
22843,40144815,40144815
22844,40144815,40144815
22845,40144815,40144815
22846,40144815,40144815
22847,40144815,40144815
22848,40144815,40144815
22849,40144815,40144815
22850,40144815,40144815
22851,40144815,40144815
22852,40144815,40144815
22853,40144815,40144815
22854,40144815,40144815
22855,40144815,40144815
22856,40144815,40144815
22857,40144815,40144815
22858,40144815,40144815
22859,40144815,40144815
22860,40144815,40144815
22861,40144815,40144815
22862,40144815,40144815
22863,40144815,40144815
22864,40144815,40144815
22865,40144815,40144815
22866,40144815,40144815
22867,40144815,40144815
22868,40144815,40144815
22869,40144815,40144815
22870,40144815,40144815
22871,40144815,40144815
22872,40144815,40144815
22873,40144815,40144815
22874,40144815,40144815
22875,40144815,40144815
22876,40144815,40144815
22877,40144815,40144815
22878,40144815,40144815
22879,40144815,40144815
22880,40144815,40144815
22881,40144815,40144815
22882,40144815,40144815
22883,40144815,40144815
22884,40144815,40144815
22885,40144815,40144815
22886,40144815,40144815
22887,40144815,40144815
22888,40144815,40144815
22889,40144815,40144815
22890,40144815,40144815
22891,40144815,40144815
22892,40144815,40144815
22893,40144815,40144815
22894,40144815,40144815
22895,40144815,40144815
22896,40144815,40144815
22897,40144815,40144815
22898,40144815,40144815
22899,40144815,40144815
22900,40144815,40144815
22901,40144815,40144815
22902,40144815,40144815
22903,40144815,40144815
22904,40144815,40144815
22905,40144815,40144815
22906,40144815,40144815
22907,40118383,40118383
22908,40118383,40118383
22909,40118383,40118383
22910,40118383,40118383
22911,40118383,40118383
22912,40118383,40118383
22913,40118383,40118383
22914,40117611,40117611
22915,40117611,40117611
22916,40117611,40117611
22917,40117611,40117611
22918,40117611,40117611
22919,40117611,40117611
22920,40117611,40117611
22921,40117611,40117611
22922,40117611,40117611
22923,40117611,40117611
22924,40117611,40117611
22925,40117611,40117611
22926,40117611,40117611
22927,40117611,40117611
22928,40117611,40117611
22929,40117611,40117611
22930,40117611,40117611
22931,40117611,40117611
22932,40117611,40117611
22933,40117611,40117611
22934,40117611,40117611
22935,40117611,40117611
22936,40117611,40117611
22937,40117611,40117611
22938,40117611,40117611
22939,40117611,40117611
22940,40117611,40117611
22941,40117611,40117611
22942,40117611,40117611
22943,40117611,40117611
22944,40117611,40117611
22945,40117611,40117611
22946,40117611,40117611
22947,40117611,40117611
22948,40117611,40117611
22949,40117611,40117611
22950,40117611,40117611
22951,40117611,40117611
22952,40117611,40117611
22953,40117611,40117611
22954,40117611,40117611
22955,40117611,40117611
22956,40117611,40117611
22957,40117611,40117611
22958,40117611,40117611
22959,40117611,40117611
22960,40117611,40117611
22961,40117611,40117611
22962,40117611,40117611
22963,40117611,40117611
22964,40117611,40117611
22965,40117611,40117611
22966,40117611,40117611
22967,40117611,40117611
22968,40117611,40117611
22969,40117611,40117611
22970,40109888,40109888
22971,40109888,40109888
22972,40109888,40109888
22973,40109888,40109888
22974,40109888,40109888
22975,40109888,40109888
22976,40109888,40109888
22977,40109888,40109888
22978,40109888,40109888
22979,40109888,40109888
22980,40109888,40109888
22981,40109888,40109888
22982,40109888,40109888
22983,40109888,40109888
22984,40109888,40109888
22985,40109888,40109888
22986,40109888,40109888
22987,40109888,40109888
22988,40109888,40109888
22989,40109888,40109888
22990,40109888,40109888
22991,40109888,40109888
22992,40076421,40076421
22993,40076421,40076421
22994,40076421,40076421
22995,40076421,40076421
22996,40076421,40076421
22997,40076421,40076421
22998,40076421,40076421
22999,40076421,40076421
23000,40076421,40076421
23001,40076421,40076421
23002,40076421,40076421
23003,40076421,40076421
23004,40076421,40076421
23005,40076421,40076421
23006,40076421,40076421
23007,40076421,40076421
23008,40076421,40076421
23009,40076421,40076421
23010,40076421,40076421
23011,40076421,40076421
23012,40076421,40076421
23013,40076421,40076421
23014,40076421,40076421
23015,40076421,40076421
23016,40076421,40076421
23017,40076421,40076421
23018,40076421,40076421
23019,40076421,40076421
23020,40076421,40076421
23021,40076421,40076421
23022,40076421,40076421
23023,40076421,40076421
23024,40076421,40076421
23025,40076421,40076421
23026,40076421,40076421
23027,40076421,40076421
23028,40076421,40076421
23029,40076421,40076421
23030,40076421,40076421
23031,40076421,40076421
23032,40076421,40076421
23033,40076421,40076421
23034,40076421,40076421
23035,40076421,40076421
23036,40076421,40076421
23037,40076421,40076421
23038,40076421,40076421
23039,40076421,40076421
23040,40076421,40076421
23041,40076421,40076421
23042,40076421,40076421
23043,40076421,40076421
23044,40076421,40076421
23045,40076421,40076421
23046,40076421,40076421
23047,40076421,40076421
23048,40076421,40076421
23049,40076421,40076421
23050,40076421,40076421
23051,40076421,40076421
23052,40076421,40076421
23053,40076421,40076421
23054,40076421,40076421
23055,40076421,40076421
23056,40076421,40076421
23057,40076421,40076421
23058,40076421,40076421
23059,40076421,40076421
23060,40076421,40076421
23061,40076421,40076421
23062,40076421,40076421
23063,40076421,40076421
23064,40076421,40076421
23065,40076421,40076421
23066,40076421,40076421
23067,40076421,40076421
23068,40076421,40076421
23069,40076421,40076421
23070,40076421,40076421
23071,40076421,40076421
23072,40076421,40076421
23073,40076421,40076421
23074,40076421,40076421
23075,40076421,40076421
23076,40076421,40076421
23077,40076421,40076421
23078,40076421,40076421
23079,40076421,40076421
23080,40076421,40076421
23081,40076421,40076421
23082,40076421,40076421
23083,40076421,40076421
23084,40076421,40076421
23085,40076421,40076421
23086,40076421,40076421
23087,40076421,40076421
23088,40076421,40076421
23089,40076421,40076421
23090,40076421,40076421
23091,40076421,40076421
23092,40076421,40076421
23093,40076421,40076421
23094,40076421,40076421
23095,40076421,40076421
23096,40076421,40076421
23097,40076421,40076421
23098,40076421,40076421
23099,40076421,40076421
23100,40076421,40076421
23101,40076421,40076421
23102,40076421,40076421
23103,40076421,40076421
23104,40076421,40076421
23105,40076421,40076421
23106,40076421,40076421
23107,40076421,40076421
23108,40076421,40076421
23109,40076421,40076421
23110,40076421,40076421
23111,40076421,40076421
23112,40076421,40076421
23113,40076421,40076421
23114,40076421,40076421
23115,40076421,40076421
23116,40076421,40076421
23117,40076421,40076421
23118,40076421,40076421
23119,40076421,40076421
23120,40076421,40076421
23121,40076421,40076421
23122,40076421,40076421
23123,40076421,40076421
23124,40076421,40076421
23125,40076421,40076421
23126,40076421,40076421
23127,40076421,40076421
23128,40076421,40076421
23129,40076421,40076421
23130,40076421,40076421
23131,40076421,40076421
23132,40076421,40076421
23133,40076421,40076421
23134,40076421,40076421
23135,40076421,40076421
23136,40076421,40076421
23137,40076421,40076421
23138,40076421,40076421
23139,40076421,40076421
23140,40076421,40076421
23141,40076421,40076421
23142,40076421,40076421
23143,40076421,40076421
23144,40076421,40076421
23145,40076421,40076421
23146,40076421,40076421
23147,40076421,40076421
23148,40076421,40076421
23149,40076421,40076421
23150,40076421,40076421
23151,40076421,40076421
23152,40076421,40076421
23153,40076421,40076421
23154,40076421,40076421
23155,40076421,40076421
23156,40076421,40076421
23157,40076421,40076421
23158,40076421,40076421
23159,40076421,40076421
23160,40076421,40076421
23161,40076421,40076421
23162,40076421,40076421
23163,40076421,40076421
23164,40076421,40076421
23165,40076421,40076421
23166,40076421,40076421
23167,40076421,40076421
23168,40076421,40076421
23169,40076421,40076421
23170,40076421,40076421
23171,40076421,40076421
23172,40076421,40076421
23173,40076421,40076421
23174,40076421,40076421
23175,40076421,40076421
23176,40076421,40076421
23177,40076421,40076421
23178,40076421,40076421
23179,40076421,40076421
23180,40076421,40076421
23181,40076421,40076421
23182,40076421,40076421
23183,40076421,40076421
23184,40076421,40076421
23185,40076421,40076421
23186,40076421,40076421
23187,40076421,40076421
23188,40076421,40076421
23189,40076421,40076421
23190,40076421,40076421
23191,40076421,40076421
23192,40076421,56459430
23193,40076421,61157541
23194,40076421,63135128
23195,40076421,62790475
23196,40076421,66448109
23197,40076421,63938878
23198,40076421,63524827
23199,40076421,65474819
23200,40076421,67043546
23201,40076421,65876861
23202,40076421,67160009
23203,40076421,66184361
23204,40076421,66039120
23205,40076421,63038186
23206,40076421,65870387
23207,40076421,66959569
23208,40076421,65767151
23209,40076421,66216237
23210,40076421,67291448
23211,40076421,67339451
23212,40076421,67373595
23213,40076421,70275787
23214,40076421,69762157
23215,40076421,70262119
23216,40076421,69339656
23217,40076421,68654890
23218,40076421,70282429
23219,40076421,70083624
23220,40076421,70922060
23221,40076421,70697152
23222,40076421,69754882
23223,40076421,69662771
23224,40076421,71278134
23225,40076421,68605942
23226,40076421,68673780
23227,40076421,70094042
23228,40076421,69547287
23229,40076421,70284701
23230,40076421,71712499
23231,40076421,73264992
23232,40076421,70343895
23233,40076421,69055727
23234,40076421,68971822
23235,40076421,68086132
23236,40076421,69997961
23237,40076421,70094060
23238,40076421,70413751
23239,40076421,67365875
23240,40076421,64984124
23241,40076421,67201764
23242,40076421,66237074
23243,40076421,64180990
23244,40076421,64653007
23245,40076421,66062724
23246,40076421,66709413
23247,40076421,66611811
23248,40076421,66763615
23249,40076421,69123833
23250,40076421,67713184
23251,40076421,66393162
23252,40076421,67508943
23253,40076421,67976499
23254,40076421,68323915
23255,40076421,70261063
23256,40076421,71798729
23257,40076421,70492365
23258,40076421,70676038
23259,40076421,69103414
23260,40076421,69772520
23261,40076421,67447003
23262,40076421,66208919
23263,40076421,66830040
23264,40076421,66082294
23265,40076421,65312609
23266,40076421,64859261
23267,40076421,64831088
23268,40076421,64699145
23269,40076421,65192009
23270,40076421,64120142
23271,40076421,64973427
23272,40076421,65659545
23273,40076421,66074261
23274,40076421,66076521
23275,40076421,66395051
23276,40076421,69690312
23277,40076421,70301003
23278,40076421,67821681
23279,40076421,65667604
23280,40076421,64875538
23281,40076421,65794656
23282,40076421,67464339
23283,40076421,66778621
23284,40076421,66225403
23285,40076421,66208187
23286,40076421,65410142
23287,40076421,66909694
23288,40076421,66688995
23289,40076421,67615168
23290,40076421,66327637
23291,40076421,67791914
23292,40076421,64728279
23293,40076421,68242872
23294,40076421,68533596
23295,40076421,69456978
23296,40076421,69368576
23297,40076421,66917752
23298,40076421,70537831
23299,40076421,70603446
23300,40076421,66643999
23301,40076421,64356618
23302,40076421,61928142
23303,40076421,63310324
23304,40076421,65774937
23305,40076421,63645664
23306,40076421,66272404
23307,40076421,69473083
23308,40076421,67109313
23309,40076421,65666931
23310,40076421,65217499
23311,40076421,67862494
23312,40076421,67218451
23313,40076421,68232874
23314,40076421,69093866
23315,40076421,68503015
23316,40076421,67470817
23317,40076421,68679637
23318,40076421,65947112
23319,40076421,66318775
23320,40076421,66518160
23321,40076421,64296240
23322,40076421,67631279
23323,40076421,67251425
23324,40076421,66083934
23325,40076421,68922805
23326,40076421,68946057
23327,40076421,67974308
23328,40076421,67479894
23329,40076421,65005733
23330,40076421,64913804
23331,40076421,65737279
23332,40076421,67467823
23333,40076421,64077840
23334,40076421,63910829
23335,40076421,65260505
23336,40076421,64851626
23337,40076421,66039700
23338,40076421,64479073
23339,40076421,65997735
23340,40076421,66475689
23341,40076421,65940050
23342,40076421,67311017
23343,40076421,68187013
23344,40076421,70960391
23345,40076421,70776118
23346,40076421,69205990
23347,40076421,69956014
23348,40076421,69667603
23349,40076421,68735700
23350,40076421,68376592
23351,40076421,70580854
23352,40076421,69076329
23353,40076421,69974406
23354,40076421,72673417
23355,40076421,71643897
23356,40076421,70848967
23357,40076421,69907678
23358,40076421,69451173
23359,40076421,68526371
23360,40076421,67564129
23361,40076421,68282331
23362,40076421,68815089
23363,40076421,68835503
23364,40076421,67413297
23365,40076421,67972870
23366,40076421,68092373
23367,40076421,66333630
23368,40076421,65859143
23369,40076421,67874100
23370,40076421,69148018
23371,40076421,70296300
23372,40076421,68942347
23373,40076421,71365017
23374,40076421,72401429
23375,40076421,70997291
23376,40076421,69932941
23377,40076421,70955260
23378,40076421,72192174
23379,40076421,71051431
23380,40076421,71261879
23381,40076421,71959262
23382,40076421,72991224
23383,40076421,72755450
23384,40076421,70391111
23385,40076421,69696159
23386,40076421,68281661
23387,40076421,69542687
23388,40076421,71119216
23389,40076421,72346845
23390,40076421,71453656
23391,40076421,69962759
23392,40076421,70217669
23393,40076421,68689512
23394,40076421,68502809
23395,40076421,71173097
23396,40076421,69962015
23397,40076421,68865031
23398,40076421,68323347
23399,40076421,66635786
23400,40076421,66117124
23401,40076421,67859072
23402,40076421,66214222
23403,40076421,67070855
23404,40076421,69987900
23405,40076421,69230265
23406,40076421,67180727
23407,40076421,68491477
23408,40076421,69383139
23409,40076421,69088715
23410,40076421,66846562
23411,40076421,66865322
23412,40076421,66339327
23413,40076421,70002451
23414,40076421,68407097
23415,40076421,68105320
23416,40076421,68339603
23417,40076421,65900175
23418,40076421,67197136
23419,40076421,69696993
23420,40076421,67865378
23421,40076421,68865609
23422,40076421,69372018
23423,40076421,68249365
23424,40076421,69582476
23425,40076421,69218734
23426,40076421,70146473
23427,40076421,67493486
23428,40076421,66480535
23429,40076421,66303041
23430,40076421,66463016
23431,40076421,67756378
23432,40076421,69573845
23433,40076421,68801161
23434,40076421,69984411
23435,40076421,69509849
23436,40076421,68884071
23437,40076421,70944799
23438,40076421,71358365
23439,40076421,68764858
23440,40076421,67902750
23441,40076421,69124481
23442,40076421,68447571
23443,40076421,68215450
23444,40076421,68143692
23445,40076421,67703827
23446,40076421,66814712
23447,40076421,66170218
23448,40076421,65162092
23449,40076421,66229084
23450,40076421,67351201
23451,40076421,67944885
23452,40076421,67566165
23453,40076421,69293699
23454,40076421,69451060
23455,40076421,72943836
23456,40076421,70771385
23457,40076421,68264666
23458,40076421,67889330
23459,40076421,67071656
23460,40076421,67150449
23461,40076421,69811906
23462,40076421,68664861
23463,40076421,66869616
23464,40076421,67832533
23465,40076421,64096627
23466,40076421,63940084
23467,40076421,66831732
23468,40076421,68419545
23469,40076421,70134282
23470,40076421,69626389
23471,40076421,68742702
23472,40076421,72203311
23473,40076421,70313098
23474,40076421,69161449
23475,40076421,67015127
23476,40076421,69497569
23477,40076421,69948915
23478,40076421,67931284
23479,40076421,68535037
23480,40076421,68280638
23481,40076421,69911258
23482,40076421,68433047
23483,40076421,69046911
23484,40076421,71658508
23485,40076421,74275085
23486,40076421,71809928
23487,40076421,68546631
23488,40076421,66915119
23489,40076421,65515243
23490,40076421,64157937
23491,40076421,66503193
23492,40076421,66697998
23493,40076421,65714403
23494,40076421,64400819
23495,40076421,65479495
23496,40076421,66967869
23497,40076421,66936833
23498,40076421,69001232
23499,40076421,69217351
23500,40076421,66290513
23501,40076421,66415998
23502,40076421,67390155
23503,40076421,68367226
23504,40076421,68558260
23505,40076421,69242733
23506,40076421,66563250
23507,40076421,65603369
23508,40076421,65344338
23509,40076421,65027782
23510,40076421,67654754
23511,40076421,66686511
23512,40076421,67328416
23513,40076421,69019249
23514,40076421,64190161
23515,40076421,64961963
23516,40076421,66662192
23517,40076421,65533570
23518,40076421,65442058
23519,40076421,66662583
23520,40076421,66403403
23521,40076421,67886404
23522,40076421,65783165
23523,40076421,66220002
23524,40076421,66407707
23525,40076421,66163642
23526,40076421,67742885
23527,40076421,67928740
23528,40076421,66241709
23529,40076421,63610435
23530,40076421,64848530
23531,40076421,67278332
23532,40076421,65598593
23533,40076421,67045231
23534,40076421,67329320
23535,40076421,68190680
23536,40076421,66323010
23537,40076421,66660145
23538,40076421,68443934
23539,40076421,67965234
23540,40076421,68107204
23541,40076421,68122190
23542,40076421,70219513
23543,40076421,70244777
23544,40076421,71751095
23545,40076421,70165443
23546,40076421,70595575
23547,40076421,70237339
23548,40076421,71490281
23549,40076421,70020595
23550,40076421,68473181
23551,40076421,68145150
23552,40076421,67779541
23553,40076421,66067813
23554,40076421,64391193
23555,40076421,65151011
23556,40076421,65200364
23557,40076421,66439154
23558,40076421,66380310
23559,40076421,67040378
23560,40076421,64591451
23561,40076421,64580206
23562,40076421,67226553
23563,40076421,66648331
23564,40076421,67959858
23565,40076421,65732417
23566,40076421,64787984
23567,40076421,64760645
23568,40076421,64192710
23569,40076421,68111229
23570,40076421,68791159
23571,40076421,70694256
23572,40076421,70057173
23573,40076421,67848592
23574,40076421,69501922
23575,40076421,69654538
23576,40076421,69282492
23577,40076421,71639062
23578,40076421,72556688
23579,40076421,71408961
23580,40076421,68307162
23581,40076421,67103140
23582,40076421,66605974
23583,40076421,66785569
23584,40076421,64485263
23585,40076421,68028835
23586,40076421,67583530
23587,40076421,69706980
23588,40076421,70932625
23589,40076421,68208036
23590,40076421,67968968
23591,40076421,67176374
23592,40076421,65734637
23593,40076421,40076421
23594,40076421,40076421
23595,40076421,40076421
23596,40076421,40076421
23597,40076421,40076421
23598,40076421,40076421
23599,40076421,40076421
23600,40076421,40076421
23601,40076421,40076421
23602,40076421,40076421
23603,40076421,40076421
23604,40076421,40076421
23605,40076421,40076421
23606,40076421,40076421
23607,40076421,40076421
23608,40076421,40076421
23609,40076421,40076421
23610,40076421,40076421
23611,40076421,40076421
23612,40076421,40076421
23613,40076421,40076423
23614,40076421,40076423
23615,40076421,40076423
23616,40076421,40076423
23617,40076421,40076423
23618,40076421,40076423
23619,40076421,40076423
23620,40076421,40076423
23621,40076421,40076423
23622,40076421,40076423
23623,40076421,40076423
23624,40076421,40076423
23625,40076421,40076423
23626,40076421,40076423
23627,40076421,40076423
23628,40076421,40076423
23629,40076421,40076423
23630,40076421,40076423
23631,40076421,40076423
23632,40076421,40076423
23633,40076421,40076423
23634,40076421,40076423
23635,40076421,40076423
23636,40076421,40076423
23637,40076421,40076423
23638,40076421,40077429
23639,40076421,40077429
23640,40076421,40077429
23641,40076421,40077429
23642,40076421,40077429
23643,40076421,40077429
23644,40076421,40077429
23645,40076421,40077429
23646,40076421,40077429
23647,40076421,40077429
23648,40076421,40077429
23649,40076421,40077429
23650,40076421,40077429
23651,40076421,40077429
23652,40076421,40077429
23653,40076421,40077429
23654,40076421,40077429
23655,40076421,40077429
23656,40076421,40077429
23657,40076421,40077429
23658,40076421,40077429
23659,40076421,40077429
23660,40076421,40077429
23661,40076421,40077429
23662,40076421,40077429
23663,40076421,40077429
23664,40076421,40077429
23665,40076421,40077429
23666,40076421,40077429
23667,40076421,40077429
23668,40076421,40077429
23669,40076421,40077429
23670,40076421,40077429
23671,40076421,40077429
23672,40076421,40077429
23673,40076421,40077429
23674,40076421,40077429
23675,40076421,40077429
23676,40076421,40077429
23677,40076421,40077429
23678,40076421,40077429
23679,40076421,40077429
23680,40076421,40077429
23681,40076421,40077429
23682,40076421,40077429
23683,40076421,40077429
23684,40076421,40077429
23685,40076421,40077429
23686,40076421,40077429
23687,40076421,40077429
23688,40076421,40077429
23689,40076421,40077429
23690,40076421,40077429
23691,40076421,40077429
23692,40076421,40077429
23693,40076421,40077429
23694,40076421,40077429
23695,40076421,40077429
23696,40076421,40077429
23697,40076421,40077429
23698,40069555,40069555
23699,40069555,40069555
23700,40069555,40069555
23701,40069555,40073905
23702,40069555,40073905
23703,40069555,40073905
23704,40069555,40073905
23705,40069555,40073905
23706,40069555,40073905
23707,40069555,40073905
23708,40069555,40073905
23709,40069555,40073905
23710,40069555,40073905
23711,40069555,40073905
23712,40069555,40073905
23713,40069555,40073905
23714,40069555,40073905
23715,40069555,40073905
23716,40069555,40073905
23717,40069555,40073905
23718,40069555,40073905
23719,40069555,40073905
23720,40069555,40073905
23721,40069555,40073905
23722,40069555,40073905
23723,40069555,40073905
23724,40069555,40073905
23725,40069555,40073905
23726,40069555,40073905
23727,40069555,40073905
23728,40069555,40073905
23729,40069555,40073905
23730,40069555,40073905
23731,40069555,40073905
23732,40069555,40073905
23733,40069555,40073905
23734,40069555,40073905
23735,40069555,40073905
23736,40069555,40073905
23737,40069555,40073905
23738,40069555,40073905
23739,40069555,40073905
23740,40069555,40073905
23741,40069555,40073905
23742,40069555,40073905
23743,40069555,40073905
23744,40069555,40073905
23745,40069555,40073905
23746,40069555,40073905
23747,40069555,40073905
23748,40063774,40063774
23749,40063774,40063774
23750,40063774,40063774
23751,40063774,40063774
23752,40063774,40063774
23753,40063774,40063774
23754,40063774,40063774
23755,40063774,40063774
23756,40063774,40063774
23757,40063774,40063774
23758,40063774,40063774
23759,40063774,40063774
23760,40063774,40063774
23761,40063774,40063774
23762,40063774,40063774
23763,40063774,40063774
23764,40063774,40063774
23765,40063774,40063774
23766,40063774,40063774
23767,40063774,40063774
23768,40063774,40063774
23769,40063774,40063774
23770,40063774,40063774
23771,40063774,40063774
23772,40063774,40063774
23773,40063774,40063774
23774,40063774,40063774
23775,40063774,40063774
23776,40063774,40063774
23777,40063774,40063774
23778,40063774,40063774
23779,40063774,40063774
23780,40063774,40063774
23781,40063774,40063774
23782,40063774,40063774
23783,40063774,40063774
23784,40063774,40063774
23785,40063774,40063774
23786,40063774,40063774
23787,40063774,40063774
23788,40063774,40063774
23789,40063774,40063774
23790,40063774,40063774
23791,40063774,40063774
23792,40063774,40063774
23793,40063774,40063774
23794,40063774,40063774
23795,40063774,40063774
23796,40063774,40063774
23797,40063774,40063774
23798,40063774,40063774
23799,40063774,40063774
23800,40063774,40063774
23801,40047071,40047071
23802,40047071,40047071
23803,40047071,40047071
23804,40047071,40047071
23805,40047071,40047071
23806,40047071,40047071
23807,40047071,40047071
23808,40047071,40047071
23809,40047071,40047071
23810,40047071,40047071
23811,40047071,40047071
23812,40047071,40047071
23813,40047071,40047071
23814,40047071,40047071
23815,40047071,40047071
23816,40047071,40047071
23817,40047071,40047071
23818,40047071,40047071
23819,40047071,40047071
23820,40047071,40047071
23821,40047071,40047071
23822,40047071,40047071
23823,40047071,40047071
23824,40047071,40047071
23825,40047071,40047071
23826,40047071,40047071
23827,40047071,40047071
23828,40047071,40047071
23829,40047071,40047071
23830,40047071,40047071
23831,40047071,40047071
23832,40047071,40047071
23833,40047071,40047071
23834,40047071,40047071
23835,40047071,40047071
23836,40047071,40047071
23837,40047071,40047071
23838,40047071,40047071
23839,40047071,40047071
23840,40047071,40047071
23841,40047071,40047071
23842,40047071,40047071
23843,40047071,40047071
23844,40047071,40047071
23845,40047071,40047071
23846,40047071,40047071
23847,40047071,40047071
23848,40047071,40047071
23849,40047071,40047071
23850,40047071,40047071
23851,40047071,40047071
23852,40047071,40047071
23853,40047071,40047071
23854,40047071,40047071
23855,40047071,40047071
23856,40047071,40047071
23857,40047071,40047071
23858,40047071,40047071
23859,40047071,40047071
23860,40047071,40047071
23861,40047071,40047071
23862,40047071,40047071
23863,40047071,40047071
23864,40047071,40047071
23865,40047071,40047071
23866,40047071,40047071
23867,40047071,40047071
23868,40047071,40047071
23869,40047071,40047071
23870,40047071,40047071
23871,40047071,40047071
23872,40047071,40047071
23873,40047071,40047071
23874,40047071,40047071
23875,40047071,40047071
23876,40047071,40047071
23877,40047071,40047071
23878,40047071,40047071
23879,40047071,40047071
23880,40047071,40047071
23881,40047071,40047071
23882,40047071,40047071
23883,40047071,40047071
23884,40047071,40047071
23885,40047071,40047071
23886,40047071,40047071
23887,40047071,40047071
23888,40047071,40047071
23889,40047071,40047071
23890,40047071,40047071
23891,40047071,40047071
23892,40047071,40047071
23893,40047071,40047071
23894,40047071,40047071
23895,40047071,40047071
23896,40047071,40047071
23897,40047071,40047071
23898,40047071,40047071
23899,40047071,40047071
23900,40047071,40047071
23901,40047071,40047071
23902,40047071,40047071
23903,40047071,40047071
23904,40047071,40047071
23905,40047071,40047071
23906,40047071,40047071
23907,40047071,40047071
23908,40047071,40047071
23909,40047071,40047071
23910,40047071,40047071
23911,40047071,40047071
23912,40047071,40047071
23913,40047071,40047071
23914,40047071,40048106
23915,40047071,40048106
23916,40047071,40048106
23917,40047071,40048106
23918,40047071,40048106
23919,40047071,40048106
23920,40047071,40048106
23921,40047071,40048106
23922,40047071,40048106
23923,40047071,40048106
23924,40047071,40048106
23925,40047071,40048106
23926,40047071,40048106
23927,40047071,40048106
23928,40047071,40048106
23929,40047071,40048106
23930,40047071,40048106
23931,40047071,40048106
23932,40047071,40048106
23933,40047071,40048106
23934,40047071,40048106
23935,40047071,40048106
23936,40047071,40049055
23937,40047071,40049055
23938,40047071,40049055
23939,40047071,40049055
23940,40047071,40049055
23941,40047071,40049055
23942,40047071,40049055
23943,40047071,40049055
23944,40047071,40049055
23945,40047071,40049055
23946,40047071,40049055
23947,40047071,40049055
23948,40047071,40049055
23949,40047071,40049055
23950,40047071,40049055
23951,40047071,40049055
23952,40047071,40049055
23953,40047071,40049055
23954,40047071,40049055
23955,40047071,40049055
23956,40047071,40049055
23957,40047071,40049055
23958,40047071,40049055
23959,40047071,40049055
23960,40047071,40049055
23961,40047071,40049055
23962,40047071,40049055
23963,40047071,40049055
23964,40047071,40049055
23965,40047071,40049055
23966,40047071,40049055
23967,40047071,40049055
23968,40047071,40049055
23969,40047071,40049055
23970,40047071,40049055
23971,40047071,40049055
23972,40047071,40049055
23973,40047071,40049055
23974,40047071,40049055
23975,40047071,40049055
23976,40047071,40049055
23977,40047071,40049055
23978,40047071,40049055
23979,40047071,40049055
23980,40047071,40049055
23981,40047071,40049055
23982,40047071,40049055
23983,40047071,40047270
23984,40047071,40047270
23985,40047071,40047270
23986,40047071,40047270
23987,40047071,40047270
23988,40047071,40047270
23989,40047071,40047270
23990,40047071,40047270
23991,40047071,40047270
23992,40047071,40047270
23993,40047071,40047270
23994,40047071,40047270
23995,40047071,40047270
23996,40047071,40047270
23997,40047071,40047270
23998,40047071,40047270
23999,40040594,40040594
24000,40040594,40040594
24001,40040594,40040594
24002,40040594,40040594
24003,40040594,40040594
24004,40040594,40040594
24005,40040594,40040594
24006,40040594,40040594
24007,40040594,40040594
24008,40040594,40040594
24009,40040594,40040594
24010,40040594,40040594
24011,40040594,40040594
24012,40040594,40040594
24013,40040594,40040594
24014,40040594,40040594
24015,40040594,40040594
24016,40040594,40040594
24017,40040594,40040594
24018,40040594,40040594
24019,40040594,40040594
24020,40040594,40040594
24021,40040594,40040594
24022,40040594,40040594
24023,40040594,40040594
24024,40040594,40040594
24025,40040594,40040594
24026,40040594,40040594
24027,40040594,40040594
24028,40040594,40040594
24029,40040594,40040594
24030,40040594,40040594
24031,40040594,40040594
24032,40040594,40040594
24033,40040594,40040594
24034,40040594,40040594
24035,40040594,40040594
24036,40040594,40040594
24037,40040594,40040594
24038,40040594,40040594
24039,40040594,40040594
24040,40040594,40040594
24041,40040594,40040594
24042,40040594,40040594
24043,40040594,40040594
24044,40040594,40040594
24045,40040594,40040594
24046,40040594,40040594
24047,40040594,40040594
24048,40040594,40040594
24049,40040594,40040594
24050,40040594,40040594
24051,40040594,40040594
24052,40040594,40040594
24053,40040594,40040594
24054,40040594,40040594
24055,40040594,40040594
24056,40040594,40040594
24057,40040594,40040594
24058,40040594,40040594
24059,40040594,40040594
24060,40040594,40040594
24061,40040594,40040594
24062,40040594,40040594
24063,40040594,40040594
24064,40040594,40040594
24065,40040594,40040594
24066,40040594,40040594
24067,40040594,40040594
24068,40040594,40040594
24069,40040594,40040594
24070,40040594,40040594
24071,40040594,40040594
24072,40040594,40040594
24073,40040594,40040594
24074,40040594,40040594
24075,40040594,40040594
24076,40040594,40040594
24077,40040594,40040594
24078,40040594,40040594
24079,40040594,40040594
24080,40040594,40040594
24081,40040594,40040594
24082,40040594,40040594
24083,40040594,40040594
24084,40040594,40040594
24085,40040594,40040594
24086,40040594,40040594
24087,40040594,40040594
24088,40040594,40040594
24089,40040594,40040594
24090,40040594,40040594
24091,40040594,40040594
24092,40040594,40040594
24093,40040594,40040594
24094,40040594,40040594
24095,40040594,40040594
24096,40040594,40040594
24097,40040594,40040594
24098,40040594,40040594
24099,40040594,40040594
24100,40040594,40040594
24101,40040594,40040594
24102,40040594,40040594
24103,40040594,40040594
24104,40040594,40040594
24105,40040594,40040594
24106,40040594,40040594
24107,40040594,40040594
24108,40040594,40040594
24109,40040594,40040594
24110,40040594,40040594
24111,40040594,40053089
24112,40040594,40053089
24113,40040594,40053089
24114,40040594,40053089
24115,40040594,40053089
24116,40040594,40053089
24117,40040594,40053089
24118,40040594,40053322
24119,40040594,40053322
24120,40040594,40053322
24121,40040594,40058583
24122,40040594,40058583
24123,40040594,40058583
24124,40040594,40058583
24125,40040594,40058583
24126,40040594,40058583
24127,40040594,40058583
24128,40040594,40058583
24129,40040594,40058583
24130,40040594,40058583
24131,40040594,40058583
24132,40040594,40058583
24133,40040594,40058583
24134,40040594,40058583
24135,40040594,40058583
24136,40040594,40058583
24137,40040594,40058583
24138,40040594,40058583
24139,40040594,40058583
24140,40040594,40058583
24141,40040594,40058583
24142,40040594,40058583
24143,40040594,40058583
24144,40040594,40058583
24145,40040594,40058583
24146,40040594,40058583
24147,40040594,40058583
24148,40040594,40058583
24149,40040594,40058583
24150,40040594,40058583
24151,40040594,40058583
24152,40040594,40058583
24153,40040594,40058583
24154,40040594,40058583
24155,40040594,40060822
24156,40040594,40060822
24157,40040594,40060822
24158,40040594,40060822
24159,40040594,40060822
24160,40040594,40060822
24161,40040594,40060822
24162,40040594,40060822
24163,40040594,40060822
24164,40040594,40060822
24165,40040594,40060822
24166,40040594,40060822
24167,40040594,40060822
24168,40040594,40060822
24169,40040594,40060822
24170,40040594,40060822
24171,40040594,40060822
24172,40040594,40060822
24173,40040594,40060822
24174,40040594,40060822
24175,40040594,40060822
24176,40040594,40060822
24177,40040594,40060822
24178,40040594,40060822
24179,40040594,40060822
24180,40040594,40060822
24181,40040594,40060822
24182,40040594,40060822
24183,40040594,40062607
24184,40040594,40062607
24185,40040594,40062607
24186,40040594,40062607
24187,40040594,40062607
24188,40040594,40062607
24189,40040594,40062607
24190,40040594,40062607
24191,40040594,40062607
24192,40040594,40062607
24193,40040594,40062607
24194,40040594,40062607
24195,40040594,40062607
24196,40040594,40062607
24197,40040594,40062607
24198,40040594,40062607
24199,40040594,60260311
24200,40040594,63166139
24201,40040594,64317538
24202,40040594,64503250
24203,40040594,65085815
24204,40040594,64649577
24205,40040594,65089556
24206,40040594,65353359
24207,40040594,64457681
24208,40040594,65576146
24209,40040594,65040298
24210,40040594,66314100
24211,40040594,67633817
24212,40040594,64413384
24213,40040594,66066914
24214,40040594,67560313
24215,40040594,65099796
24216,40040594,65722001
24217,40040594,66331819
24218,40040594,69122646
24219,40040594,68198769
24220,40040594,67851786
24221,40040594,66444487
24222,40040594,67775389
24223,40040594,67966069
24224,40040594,69913266
24225,40040594,68083527
24226,40040594,70678545
24227,40040594,69324665
24228,40040594,70052589
24229,40040594,70212783
24230,40040594,70577534
24231,40040594,70896406
24232,40040594,70762197
24233,40040594,70013772
24234,40040594,70496994
24235,40040594,71454461
24236,40040594,69819383
24237,40040594,70274359
24238,40040594,70484041
24239,40040594,71503957
24240,40040594,71872043
24241,40040594,70546901
24242,40040594,70122131
24243,40040594,66219370
24244,40040594,67761965
24245,40040594,66918848
24246,40040594,69790130
24247,40040594,69812983
24248,40040594,70603729
24249,40040594,69318242
24250,40040594,72244608
24251,40040594,69089265
24252,40040594,70265810
24253,40040594,68903365
24254,40040594,67386066
24255,40040594,68269383
24256,40040594,67930470
24257,40040594,69300973
24258,40040594,68677765
24259,40040594,71244533
24260,40040594,70421757
24261,40040594,70420495
24262,40040594,70144887
24263,40040594,72750872
24264,40040594,69590332
24265,40040594,69641767
24266,40040594,66721848
24267,40040594,66884134
24268,40040594,70557805
24269,40040594,70514634
24270,40040594,70933789
24271,40040594,70328466
24272,40040594,69181891
24273,40040594,72220417
24274,40040594,69019104
24275,40040594,70612916
24276,40040594,69182550
24277,40040594,68800326
24278,40040594,71298137
24279,40040594,70069023
24280,40040594,68522475
24281,40040594,68201850
24282,40040594,67366845
24283,40040594,68763366
24284,40040594,69615107
24285,40040594,68222011
24286,40040594,67900829
24287,40040594,69504629
24288,40040594,69622431
24289,40040594,67534720
24290,40040594,66888123
24291,40040594,64792957
24292,40040594,68348016
24293,40040594,69145137
24294,40040594,68127342
24295,40040594,69194262
24296,40040594,67618491
24297,40040594,70210087
24298,40040594,68586291
24299,40040594,69843189
24300,40040594,72046883
24301,40040594,71446478
24302,40040594,68624595
24303,40040594,71487837
24304,40040594,69563413
24305,40040594,68344909
24306,40040594,68266387
24307,40040594,70073371
24308,40040594,68484119
24309,40040594,69469811
24310,40040594,68131696
24311,40040594,68942165
24312,40040594,68745719
24313,40040594,68179308
24314,40040594,68702009
24315,40040594,66293839
24316,40040594,66250614
24317,40040594,65579760
24318,40040594,64591064
24319,40040594,65426653
24320,40040594,67798014
24321,40040594,63306436
24322,40040594,63591855
24323,40040594,63269005
24324,40040594,66456685
24325,40040594,66278286
24326,40040594,69108754
24327,40040594,68171433
24328,40040594,68678530
24329,40040594,66094217
24330,40040594,67860691
24331,40040594,67491227
24332,40040594,65079213
24333,40040594,66396399
24334,40040594,71935541
24335,40040594,69086191
24336,40040594,67790135
24337,40040594,69461557
24338,40040594,66188763
24339,40040594,65956109
24340,40040594,67297820
24341,40040594,65807977
24342,40040594,65623917
24343,40040594,69794735
24344,40040594,71922310
24345,40040594,71000849
24346,40040594,71038780
24347,40040594,69519108
24348,40040594,70266567
24349,40040594,70457092
24350,40040594,69465721
24351,40040594,69798333
24352,40040594,65667794
24353,40040594,68096527
24354,40040594,68217005
24355,40040594,68250528
24356,40040594,70127095
24357,40040594,66027619
24358,40040594,66768563
24359,40040594,65863780
24360,40040594,68176084
24361,40040594,68098631
24362,40040594,68995243
24363,40040594,66135054
24364,40040594,64447162
24365,40040594,66549726
24366,40040594,64773217
24367,40040594,65909188
24368,40040594,64684893
24369,40040594,66235061
24370,40040594,66553709
24371,40040594,69261499
24372,40040594,69407279
24373,40040594,70196219
24374,40040594,67492950
24375,40040594,68653226
24376,40040594,69709601
24377,40040594,68513027
24378,40040594,68671501
24379,40040594,70765755
24380,40040594,68719973
24381,40040594,68128526
24382,40040594,68347334
24383,40040594,70028789
24384,40040594,71015336
24385,40040594,65633561
24386,40040594,69810580
24387,40040594,68660670
24388,40040594,70485970
24389,40040594,70339282
24390,40040594,70429980
24391,40040594,68506648
24392,40040594,72401719
24393,40040594,72298199
24394,40040594,70909538
24395,40040594,70234219
24396,40040594,68290366
24397,40040594,69295643
24398,40040594,65742010
24399,40040594,67762102
24400,40040594,69757965
24401,40040594,70979641
24402,40040594,69205461
24403,40040594,67580855
24404,40040594,68585273
24405,40040594,67848982
24406,40040594,67524999
24407,40040594,67683877
24408,40040594,64924525
24409,40040594,65975514
24410,40040594,66299089
24411,40040594,66642955
24412,40040594,68306463
24413,40040594,66733694
24414,40040594,66825340
24415,40040594,68173953
24416,40040594,68777412
24417,40040594,67742850
24418,40040594,68033380
24419,40040594,70844527
24420,40040594,71694371
24421,40040594,71332809
24422,40040594,70673044
24423,40040594,67754909
24424,40040594,67503681
24425,40040594,68837815
24426,40040594,67310016
24427,40040594,69222576
24428,40040594,67838620
24429,40040594,69137070
24430,40040594,68447771
24431,40040594,69386365
24432,40040594,69717508
24433,40040594,70494076
24434,40040594,69683514
24435,40040594,68814331
24436,40040594,68025739
24437,40040594,66779129
24438,40040594,66056688
24439,40040594,68046314
24440,40040594,66154655
24441,40040594,66578950
24442,40040594,68484326
24443,40040594,68574059
24444,40040594,67101957
24445,40040594,66336098
24446,40040594,63276495
24447,40040594,66606962
24448,40040594,65123152
24449,40040594,67107464
24450,40040594,66657544
24451,40040594,66701629
24452,40040594,65712417
24453,40040594,65011920
24454,40040594,65942881
24455,40040594,62881690
24456,40040594,66590494
24457,40040594,65112096
24458,40040594,64606292
24459,40040594,65627538
24460,40040594,66140406
24461,40040594,65033224
24462,40040594,66545756
24463,40040594,66168829
24464,40040594,67275179
24465,40040594,66174588
24466,40040594,65663538
24467,40040594,68298265
24468,40040594,69295830
24469,40040594,69425472
24470,40040594,70861267
24471,40040594,68758252
24472,40040594,68870965
24473,40040594,72258322
24474,40040594,73602399
24475,40040594,74132049
24476,40040594,74458548
24477,40040594,73879666
24478,40040594,73864855
24479,40040594,70955138
24480,40040594,69465474
24481,40040594,68862053
24482,40040594,68541967
24483,40040594,68608891
24484,40040594,67311345
24485,40040594,68800352
24486,40040594,67129924
24487,40040594,68186346
24488,40040594,68430095
24489,40040594,68376811
24490,40040594,68314496
24491,40040594,68560568
24492,40040594,68836682
24493,40040594,70604471
24494,40040594,68987603
24495,40040594,69453636
24496,40040594,68731651
24497,40040594,67960473
24498,40040594,68192807
24499,40040594,68528933
24500,40040594,69623767
24501,40040594,69770881
24502,40040594,71641015
24503,40040594,70267937
24504,40040594,71378994
24505,40040594,69435471
24506,40040594,68900174
24507,40040594,69712378
24508,40040594,70239197
24509,40040594,67255007
24510,40040594,68499629
24511,40040594,65211858
24512,40040594,62880560
24513,40040594,62624175
24514,40040594,66130601
24515,40040594,68941703
24516,40040594,67051046
24517,40040594,66498255
24518,40040594,66223119
24519,40040594,69203299
24520,40040594,68416152
24521,40040594,69768164
24522,40040594,70048163
24523,40040594,68951312
24524,40040594,67847104
24525,40040594,67099736
24526,40040594,68812989
24527,40040594,69635181
24528,40040594,69869933
24529,40040594,69652709
24530,40040594,67158068
24531,40040594,68000697
24532,40040594,66663378
24533,40040594,65688854
24534,40040594,67621425
24535,40040594,67656020
24536,40040594,70426945
24537,40040594,70204347
24538,40040594,67559570
24539,40040594,64773300
24540,40040594,64632076
24541,40040594,66623906
24542,40040594,64695539
24543,40040594,65630998
24544,40040594,66659722
24545,40040594,66479364
24546,40040594,66942218
24547,40040594,65311611
24548,40040594,65458369
24549,40040594,64649445
24550,40040594,68195378
24551,40040594,67986755
24552,40040594,67471635
24553,40040594,68797596
24554,40040594,69077878
24555,40040594,68954078
24556,40040594,71310276
24557,40040594,71523191
24558,40040594,70137820
24559,40040594,71524176
24560,40040594,72504883
24561,40040594,69838308
24562,40040594,71133056
24563,40040594,70699738
24564,40040594,69094096
24565,40040594,68766393
24566,40040594,68280849
24567,40040594,71250972
24568,40040594,69745737
24569,40040594,68795341
24570,40040594,69670272
24571,40040594,69026901
24572,40040594,64834889
24573,40040594,66277546
24574,40040594,71647734
24575,40040594,69240896
24576,40040594,70894222
24577,40040594,67835830
24578,40040594,68868452
24579,40040594,65860824
24580,40040594,66139267
24581,40040594,64960228
24582,40040594,64914372
24583,40040594,66029643
24584,40040594,67752507
24585,40040594,67386685
24586,40040594,68464627
24587,40040594,69597989
24588,40040594,72525678
24589,40040594,72115109
24590,40040594,68721356
24591,40040594,70237797
24592,40040594,69716318
24593,40040594,68468021
24594,40040594,67523660
24595,40040594,66063431
24596,40040594,66129947
24597,40040594,67634348
24598,40040594,66773911
24599,40040594,66117846
24600,40040594,40040594
24601,40040594,40040594
24602,40040594,40040594
24603,40040594,40040594
24604,40040594,40040594
24605,40040594,40040594
24606,40040594,40040594
24607,40040594,40040594
24608,40040594,40040594
24609,40040594,40040594
24610,40040594,40040594
24611,40040594,40040594
24612,40040594,40040594
24613,40040594,40040594
24614,40040594,40040594
24615,40040594,40040594
24616,40040594,40040594
24617,40040594,40040594
24618,40040594,40040594
24619,40040594,40040594
24620,40040594,40040594
24621,40040594,40040594
24622,40040594,40040594
24623,40040594,40040594
24624,40040594,40040594
24625,40040594,40040594
24626,40040594,40040594
24627,40040594,40040594
24628,40040594,40040594
24629,40040594,40040594
24630,40040594,40040594
24631,40040594,40040594
24632,40040594,40040594
24633,40040594,40040594
24634,40040594,40040594
24635,40040594,40040594
24636,40040594,40040594
24637,40040594,40040594
24638,40040594,40040594
24639,40040594,40040594
24640,40040594,40040594
24641,40040594,40040594
24642,40040594,40040594
24643,40040594,40040594
24644,40040594,40040594
24645,40040594,40040594
24646,40040594,40040594
24647,40040594,40040594
24648,40040594,40040594
24649,40040594,40040594
24650,40040594,40040594
24651,40040594,40040594
24652,40040594,40040594
24653,40040594,40040594
24654,40040594,40040594
24655,40025375,40025375
24656,40025375,40025375
24657,40024340,40024340
24658,40024340,40024340
24659,40024340,40024340
24660,40024340,40024340
24661,40024340,40024340
24662,40024340,40024340
24663,40024340,40024340
24664,40024340,40024340
24665,40024340,40024340
24666,40024340,40024340
24667,40024340,40024340
24668,40024340,40024340
24669,40024340,40024340
24670,40024340,40024340
24671,40024340,40024340
24672,40024340,40024340
24673,40024340,40024340
24674,40024340,40024340
24675,40024340,40024340
24676,40024340,40024340
24677,40024340,40024340
24678,40024340,40024340
24679,40024340,40024340
24680,40024340,40024340
24681,40024340,40024340
24682,40024340,40024340
24683,40024340,40024340
24684,40024340,40024340
24685,40024340,40024340
24686,40024340,40024340
24687,40024340,40024340
24688,40024340,40024340
24689,40024340,40024340
24690,40024340,40024340
24691,40024340,40024340
24692,40024340,40024340
24693,40024340,40024340
24694,40024340,40024340
24695,40024340,40024340
24696,40024340,40024340
24697,40024340,40024340
24698,40024340,40024340
24699,40024340,40024340
24700,40024340,40024340
24701,40024340,40024340
24702,40024340,40024340
24703,40024340,40024340
24704,40024340,40024340
24705,40024340,40024340
24706,40024340,40024340
24707,40024340,40024340
24708,40024340,40024340
24709,40024340,40024340
24710,40024340,40024340
24711,40024340,40024340
24712,40024340,40024340
24713,40024340,40024340
24714,40024340,40024340
24715,40024340,40024340
24716,40024340,40024340
24717,40024340,40024340
24718,40024340,40024340
24719,40024340,40024340
24720,40024340,40024340
24721,40024340,40024340
24722,40024340,40024340
24723,40024340,40024340
24724,40024340,40024340
24725,40024340,40024340
24726,40024340,40024340
24727,40024340,40024340
24728,40024340,40024340
24729,40024340,40024340
24730,40024340,40024340
24731,40024340,40024340
24732,40024340,40024340
24733,40024340,40024340
24734,40024340,40024340
24735,40024340,40024340
24736,40024340,40024340
24737,40024340,40024340
24738,40024340,40024340
24739,40024340,40024340
24740,40024340,40024340
24741,40024340,40024340
24742,40024340,40024340
24743,40024340,40024340
24744,40024340,40024340
24745,40024340,40024340
24746,40024340,40024340
24747,40024340,40024340
24748,40024340,40024340
24749,40024340,40024340
24750,40024340,40024340
24751,40024340,40024340
24752,40024340,40024340
24753,40024340,40024340
24754,40024340,40024340
24755,40024340,40024340
24756,40024340,40024340
24757,40024340,40024340
24758,40024340,40024340
24759,40024340,40024340
24760,40024340,40024340
24761,40024340,40024340
24762,40024340,40024340
24763,40024340,40024340
24764,40024340,40024340
24765,40024340,40024340
24766,40024340,40024340
24767,40024340,40024340
24768,40024340,40024340
24769,40024340,40024340
24770,40024340,40024340
24771,40024340,40024340
24772,40024340,40024340
24773,40024340,40024340
24774,40024340,40024340
24775,40024340,40024340
24776,40024340,40024340
24777,40024340,40024340
24778,40024340,40024340
24779,40024340,40024340
24780,40024340,40024340
24781,40024340,40024340
24782,40024340,40024340
24783,40024340,40024340
24784,40024340,40024340
24785,40024340,40024340
24786,40024340,40024340
24787,40024340,40024340
24788,40024340,40024340
24789,40024340,40024340
24790,40024340,40024340
24791,40024340,40024340
24792,40024340,40024340
24793,40024340,40024340
24794,40024340,40024340
24795,40024340,40024340
24796,40024340,40024340
24797,40024340,40024340
24798,40024340,40024340
24799,40024340,40024340
24800,40024340,40024340
24801,40024340,40024340
24802,40024340,40024340
24803,40024340,40024340
24804,40019990,40019990
24805,40019990,40019990
24806,40019990,40019990
24807,40019990,40019990
24808,40019990,40019990
24809,40019990,40019990
24810,40019990,40019990
24811,40019990,40019990
24812,40019990,40019990
24813,40019990,40019990
24814,40019990,40019990
24815,40019990,40019990
24816,40019990,40019990
24817,40019990,40019990
24818,40019990,40019990
24819,40019990,40019990
24820,40019990,40019990
24821,40019990,40019990
24822,40019990,40019990
24823,40019990,40019990
24824,40019990,40019990
24825,40019990,40019990
24826,40019990,40019990
24827,40019990,40019990
24828,40019990,40019990
24829,40019990,40019990
24830,40019990,40019990
24831,40019990,40019990
24832,40019990,40019990
24833,40019990,40019990
24834,40019990,40019990
24835,40019990,40019990
24836,40019990,40019990
24837,40019990,40019990
24838,40019990,40019990
24839,40019990,40019990
24840,40019990,40019990
24841,40019990,40019990
24842,40019990,40019990
24843,40019990,40019990
24844,40019990,40019990
24845,40019990,40019990
24846,40019990,40019990
24847,40019990,40019990
24848,40019990,40019990
24849,40019990,40019990
24850,40019990,40019990
24851,40019990,40019990
24852,40019990,40019990
24853,40019990,40019990
24854,40019990,40019990
24855,40019990,40019990
24856,40019990,40019990
24857,40019990,40019990
24858,40019990,40019990
24859,40019990,40019990
24860,40019990,40019990
24861,40019990,40019990
24862,40019990,40019990
24863,40019990,40019990
24864,40019990,40019990
24865,40019990,40019990
24866,40019990,40019990
24867,40019990,40019990
24868,40019990,40019990
24869,40019990,40019990
24870,40019990,40019990
24871,40019990,40019990
24872,40019990,40019990
24873,40019990,40019990
24874,40019990,40019990
24875,40019990,40019990
24876,40019990,40019990
24877,40019990,40019990
24878,40019990,40019990
24879,40019990,40019990
24880,40019990,40019990
24881,40019990,40019990
24882,40019990,40019990
24883,40019990,40019990
24884,40019990,40019990
24885,40019990,40019990
24886,40019990,40019990
24887,40019990,40019990
24888,40019990,40019990
24889,40019990,40019990
24890,40019990,40019990
24891,40019990,40019990
24892,40019990,40019990
24893,40019990,40019990
24894,40019990,40019990
24895,40019990,40019990
24896,40019990,40019990
24897,40019990,40019990
24898,40019990,40019990
24899,40019990,40019990
